date,units_sold,inventory_level,unit_price,warehouse_dispatch_rate,promotion_flag,product_category
2020-01-01,453.9,719.0,168.09,426.4,False,Apparel
2020-01-02,445.1,716.9,171.46,69.9,False,Apparel
2020-01-03,483.4,711.2,167.15,463.2,False,Apparel
2020-01-04,600.6,712.1,172.11,557.1,True,Apparel
2020-01-05,407.2,1216.3,171.24,422.8,False,Apparel
2020-01-06,428.5,1212.2,169.72,409.7,False,Apparel
2020-01-07,463.79999999999995,1268.05,169.6,444.0,False,Apparel
2020-01-08,393.1,1279.4,169.7,406.5,False,Apparel
2020-01-09,424.70000000000005,1233.5500000000002,168.26999999999998,427.4,False,Apparel
2020-01-10,456.3,1187.7,166.84,448.3,False,Apparel
2020-01-11,456.0,779.1,174.53,420.0,False,Apparel
2020-01-12,439.1,783.4,171.85,412.7,False,Apparel
2020-01-13,447.0,784.8,162.92,59.0,False,Apparel
2020-01-14,361.8,801.4,166.79,352.3,False,Apparel
2020-01-15,415.85,999.7,168.105,408.15,False,Apparel
2020-01-16,469.9,1198.0,169.42,464.0,False,Apparel
2020-01-17,486.4,1186.5,168.7,467.9,False,Apparel
2020-01-18,484.9,1191.7,166.63,487.3,False,Apparel
2020-01-19,424.7,1219.4,169.25,425.7,False,Apparel
2020-01-20,400.2,1230.6,164.31,376.7,False,Apparel
2020-01-21,428.7,1226.6,175.51,446.7,False,Apparel
2020-01-22,464.6,1223.6,168.48,483.2,False,Apparel
2020-01-23,422.3,1239.3,171.18,394.1,False,Apparel
2020-01-24,737.4,1212.4,172.63,736.0,True,Apparel
2020-01-25,422.6,1230.1,170.27,428.7,False,Apparel
2020-01-26,432.08000000000004,1225.06,169.81400000000002,437.98,False,Apparel
2020-01-27,441.56,1220.02,169.358,447.26,False,Apparel
2020-01-28,451.04,1214.98,168.90200000000002,456.54,False,Apparel
2020-01-29,460.52,1209.94,168.446,465.82,False,Apparel
2020-01-30,470.0,1204.9,167.99,475.1,False,Apparel
2020-01-31,457.65,1212.5,169.525,466.9,False,Apparel
2020-02-01,445.3,1220.1,171.06,458.7,False,Apparel
2020-02-02,409.2,1229.8,172.05,382.8,False,Apparel
2020-02-03,407.57500000000005,1128.5,171.3725,306.975,False,Apparel
2020-02-04,405.95000000000005,1027.2,170.695,231.15,False,Apparel
2020-02-05,437.6,1230.9,173.12,408.9,False,Apparel
2020-02-06,430.1,1233.4,167.03,446.8,False,Apparel
2020-02-07,458.8,1224.6,173.91,413.2,False,Apparel
2020-02-08,442.70000000000005,1224.65,172.005,421.29999999999995,False,Apparel
2020-02-09,426.6,1224.7,170.1,429.4,False,Apparel
2020-02-10,375.7,1240.9,167.72,378.1,False,Apparel
2020-02-11,393.3,1240.075,169.76,386.52500000000003,False,Apparel
2020-02-12,410.9,1239.25,171.8,394.95000000000005,False,Apparel
2020-02-13,428.5,1238.425,173.84,403.375,False,Apparel
2020-02-14,446.1,1237.6,175.88,411.8,False,Apparel
2020-02-15,431.0,1235.0,166.85,450.8,False,Apparel
2020-02-16,632.5,1236.5,167.36,581.6,True,Apparel
2020-02-17,384.9,1237.2,168.73,387.3,False,Apparel
2020-02-18,401.25,1230.625,168.5325,401.8,False,Apparel
2020-02-19,417.6,1224.0500000000002,168.33499999999998,416.3,False,Apparel
2020-02-20,433.95,1217.4750000000001,168.1375,430.8,False,Apparel
2020-02-21,450.3,1210.9,167.94,445.3,False,Apparel
2020-02-22,428.5,1214.1,169.29500000000002,418.15,False,Apparel
2020-02-23,406.7,1217.3,170.65,391.0,False,Apparel
2020-02-24,430.6,1211.1,167.3,391.8,False,Apparel
2020-02-25,395.0,1228.3,166.47,371.0,False,Apparel
2020-02-26,406.6,1218.8,172.85,370.4,False,Apparel
2020-02-27,411.25,1220.05,173.49,390.7,False,Apparel
2020-02-28,415.9,1221.3,174.13,411.0,False,Apparel
2020-02-29,400.775,1228.6,172.8825,398.725,False,Apparel
2020-03-01,385.65,1235.9,171.635,386.45,False,Apparel
2020-03-02,370.525,1243.2,170.3875,374.17499999999995,False,Apparel
2020-03-03,355.4,1250.5,169.14,361.9,False,Apparel
2020-03-04,388.2,1249.1,170.17,404.9,False,Apparel
2020-03-05,365.0,1321.7,169.7,360.4,False,Apparel
2020-03-06,463.6,1223.8,170.12,428.1,False,Apparel
2020-03-07,440.75,1229.9,169.685,403.1,False,Apparel
2020-03-08,417.9,1236.0,169.25,378.1,False,Apparel
2020-03-09,340.3,1258.9,168.22,346.3,False,Apparel
2020-03-10,439.3,1245.2,169.15,448.1,False,Apparel
2020-03-11,461.5,1220.2,169.75,483.6,False,Apparel
2020-03-12,456.0,1230.1,167.19,452.4,False,Apparel
2020-03-13,441.1666666666667,1236.9333333333332,168.40666666666667,429.56666666666666,False,Apparel
2020-03-14,426.3333333333333,1243.7666666666667,169.62333333333333,406.7333333333333,False,Apparel
2020-03-15,411.5,1250.6,170.84,383.9,False,Apparel
2020-03-16,413.4,1249.725,169.98000000000002,386.09999999999997,False,Apparel
2020-03-17,415.3,1248.85,169.12,388.29999999999995,False,Apparel
2020-03-18,417.20000000000005,1247.975,168.26,390.5,False,Apparel
2020-03-19,419.1,1247.1,167.4,392.7,False,Apparel
2020-03-20,444.8,1244.2,165.96,451.1,False,Apparel
2020-03-21,436.6,1248.3,173.4,403.1,False,Apparel
2020-03-22,412.0,1256.1333333333332,171.33333333333334,394.0,False,Apparel
2020-03-23,387.40000000000003,1263.9666666666667,169.26666666666665,384.90000000000003,False,Apparel
2020-03-24,362.8,1271.8,167.2,375.8,False,Apparel
2020-03-25,382.2,1267.5,172.04,380.8,False,Apparel
2020-03-26,397.4,1266.5,168.87,377.5,False,Apparel
2020-03-27,412.6,1265.5,165.7,374.2,False,Apparel
2020-03-28,399.3,1278.9,167.195,389.45,False,Apparel
2020-03-29,386.0,1292.3,168.69,404.7,False,Apparel
2020-03-30,384.8,1295.5,164.92,367.5,False,Apparel
2020-03-31,381.0,1060.95,170.2,358.8,False,Apparel
2020-04-01,377.2,826.4,175.48,350.1,False,Apparel
2020-04-02,379.7375,943.7624999999999,173.9625,361.4125,False,Apparel
2020-04-03,382.275,1061.125,172.445,372.725,False,Apparel
2020-04-04,384.8125,1178.4875,170.9275,384.0375,False,Apparel
2020-04-05,387.35,1295.85,169.41000000000003,395.35,False,Apparel
2020-04-06,398.0375,1287.5,169.52125,403.4375,False,Apparel
2020-04-07,408.725,1279.1499999999999,169.63250000000002,411.525,False,Apparel
2020-04-08,419.4125,1270.7999999999997,169.74375000000003,419.6125,False,Apparel
2020-04-09,430.1,1262.4499999999998,169.85500000000002,427.7,False,Apparel
2020-04-10,428.65,1274.425,171.2525,407.54999999999995,False,Apparel
2020-04-11,427.2,1286.4,172.65,387.4,False,Apparel
2020-04-12,386.0,1288.7,170.01,402.3,False,Apparel
2020-04-13,405.3,1280.3,170.19333333333333,415.43333333333334,False,Apparel
2020-04-14,424.59999999999997,1271.9,170.37666666666667,428.56666666666666,False,Apparel
2020-04-15,443.9,1263.5,170.56,441.7,False,Apparel
2020-04-16,412.8,1266.1,172.31,394.6,False,Apparel
2020-04-17,439.1,1260.9,165.06,453.8,False,Apparel
2020-04-18,410.82500000000005,1272.45,165.9925,423.5,False,Apparel
2020-04-19,382.55,1284.0,166.925,393.20000000000005,False,Apparel
2020-04-20,354.275,1295.55,167.8575,362.90000000000003,False,Apparel
2020-04-21,326.0,1307.1,168.79,332.6,False,Apparel
2020-04-22,342.85,1303.0749999999998,169.925,344.95000000000005,False,Apparel
2020-04-23,359.7,1299.05,171.06,357.3,False,Apparel
2020-04-24,376.54999999999995,1295.025,172.195,369.65,False,Apparel
2020-04-25,393.4,1291.0,173.33,382.0,False,Apparel
2020-04-26,406.4,1294.7,170.74,391.0,False,Apparel
2020-04-27,350.1,1314.7,173.6,343.8,False,Apparel
2020-04-28,358.1,1312.3,163.24,327.6,False,Apparel
2020-04-29,384.85,1304.9,166.46,375.9,False,Apparel
2020-04-30,411.6,1297.5,169.68,424.2,False,Apparel
2020-05-01,401.74,1300.8,170.412,414.52,False,Apparel
2020-05-02,391.88,1304.1,171.144,404.84,False,Apparel
2020-05-03,382.02000000000004,1307.4,171.876,395.16,False,Apparel
2020-05-04,372.16,1310.7,172.608,385.48,False,Apparel
2020-05-05,362.3,1314.0,173.34,375.8,False,Apparel
2020-05-06,395.9,1304.3,170.78,375.5,False,Apparel
2020-05-07,665.8,1301.3,169.57,624.1,True,Apparel
2020-05-08,380.0,1309.5,170.51,360.5,False,Apparel
2020-05-09,421.9,1291.7,170.86,410.0,False,Apparel
2020-05-10,427.9,1296.4,172.15,398.1,False,Apparel
2020-05-11,364.2,1312.9,171.67,328.6,False,Apparel
2020-05-12,466.95000000000005,1314.0,168.14499999999998,427.1,False,Apparel
2020-05-13,569.7,1315.1,164.62,525.6,True,Apparel
2020-05-14,489.05,1307.8,163.775,467.15,False,Apparel
2020-05-15,408.4,1300.5,162.93,408.7,False,Apparel
2020-05-16,365.5,1304.8,171.61,330.0,False,Apparel
2020-05-17,334.3,1321.9,165.52,305.9,False,Apparel
2020-05-18,352.1,1314.0,168.87,328.75,False,Apparel
2020-05-19,369.9,1306.1,172.22,351.6,False,Apparel
2020-05-20,385.0333333333333,1305.2,172.22,373.6666666666667,False,Apparel
2020-05-21,400.1666666666667,1304.3,172.22,395.73333333333335,False,Apparel
2020-05-22,415.3,1303.4,172.22,417.8,False,Apparel
2020-05-23,358.0,1326.2,160.37,355.8,False,Apparel
2020-05-24,362.4,1322.4,162.65,353.8666666666667,False,Apparel
2020-05-25,366.8,1318.6,164.93,351.93333333333334,False,Apparel
2020-05-26,371.2,1314.8,167.21,350.0,False,Apparel
2020-05-27,572.3,1319.1,167.15,584.5,True,Apparel
2020-05-28,414.1,1304.8,168.47,405.5,False,Apparel
2020-05-29,379.3,1312.6,168.28,341.9,False,Apparel
2020-05-30,359.6333333333333,1322.1333333333332,169.85666666666665,330.76666666666665,False,Apparel
2020-05-31,339.9666666666667,1331.6666666666667,171.43333333333334,319.6333333333333,False,Apparel
2020-06-01,320.3,1341.2,173.01,308.5,False,Apparel
2020-06-02,357.6,1325.45,170.42000000000002,350.45,False,Apparel
2020-06-03,394.9,1309.7,167.83,392.4,False,Apparel
2020-06-04,393.7,1310.6,173.55,381.0,False,Apparel
2020-06-05,391.29999999999995,1314.0,170.695,383.75,False,Apparel
2020-06-06,388.9,1317.4,167.84,386.5,False,Apparel
2020-06-07,376.8,1318.2,168.54,394.5,False,Apparel
2020-06-08,391.05,1284.5,168.655,376.70000000000005,False,Apparel
2020-06-09,464.6666666666667,1289.8666666666666,169.89000000000001,456.6666666666667,False,Apparel
2020-06-10,538.2833333333333,1295.2333333333333,171.125,536.6333333333333,False,Apparel
2020-06-11,611.9,1300.6,172.36,616.6,True,Apparel
2020-06-12,520.05,1292.1,171.71,507.1,False,Apparel
2020-06-13,428.2,1283.6,171.06,397.6,False,Apparel
2020-06-14,392.7,1287.9,165.33,362.0,False,Apparel
2020-06-15,353.3,1299.8,171.33,330.7,False,Apparel
2020-06-16,370.1,1288.6,170.16,361.9,False,Apparel
2020-06-17,438.2,1271.3,172.32,425.5,False,Apparel
2020-06-18,414.6,1280.8,170.24,431.2,False,Apparel
2020-06-19,387.15,1295.25,169.575,395.75,False,Apparel
2020-06-20,359.7,1309.7,168.91,360.3,False,Apparel
2020-06-21,356.2,1313.6,176.26,349.4,False,Apparel
2020-06-22,352.3,1315.7,170.66,324.9,False,Apparel
2020-06-23,370.6,1315.85,171.745,357.0,False,Apparel
2020-06-24,388.9,1316.0,172.83,389.1,False,Apparel
2020-06-25,372.025,1321.175,171.67000000000002,373.625,False,Apparel
2020-06-26,355.15,1326.35,170.51,358.15,False,Apparel
2020-06-27,338.275,1331.525,169.35,342.675,False,Apparel
2020-06-28,321.4,1336.7,168.19,327.2,False,Apparel
2020-06-29,352.9,1328.2,172.55,330.5,False,Apparel
2020-06-30,361.94,1324.44,171.99200000000002,345.52,False,Apparel
2020-07-01,370.98,1320.68,171.434,360.54,False,Apparel
2020-07-02,380.02,1316.92,170.876,375.56,False,Apparel
2020-07-03,389.06,1313.16,170.31799999999998,390.58000000000004,False,Apparel
2020-07-04,398.1,1309.4,169.76,405.6,False,Apparel
2020-07-05,391.9,1313.8,170.24,405.5,False,Apparel
2020-07-06,376.15,1314.5,170.735,386.65,False,Apparel
2020-07-07,360.4,1315.2,171.23,367.8,False,Apparel
2020-07-08,561.0,1311.1,161.74,530.5,True,Apparel
2020-07-09,383.8,1312.8,167.43,347.3,False,Apparel
2020-07-10,408.0,1309.6,169.62,379.5,False,Apparel
2020-07-11,435.0,1312.8333333333333,170.04666666666668,417.23333333333335,False,Apparel
2020-07-12,462.0,1316.0666666666666,170.47333333333333,454.96666666666664,False,Apparel
2020-07-13,489.0,1319.3,170.9,492.7,True,Apparel
2020-07-14,372.4,1310.0,170.84,336.9,False,Apparel
2020-07-15,390.0,1304.5666666666666,172.90333333333334,362.5333333333333,False,Apparel
2020-07-16,407.59999999999997,1299.1333333333334,174.96666666666667,388.1666666666667,False,Apparel
2020-07-17,425.2,1293.7,177.03,413.8,False,Apparel
2020-07-18,400.59999999999997,1297.8,173.90666666666667,393.8,False,Apparel
2020-07-19,376.0,1301.9,170.78333333333333,373.8,False,Apparel
2020-07-20,351.4,1306.0,167.66,353.8,False,Apparel
2020-07-21,364.4,1304.2,166.35,344.0,False,Apparel
2020-07-22,373.275,1300.75,167.995,362.675,False,Apparel
2020-07-23,382.15,1297.3000000000002,169.64,381.35,False,Apparel
2020-07-24,391.025,1293.8500000000001,171.285,400.025,False,Apparel
2020-07-25,399.9,1290.4,172.93,418.7,False,Apparel
2020-07-26,360.8,1294.2,173.65,357.4,False,Apparel
2020-07-27,344.8,1297.0,166.84,313.3,False,Apparel
2020-07-28,361.85,1292.1,166.25,341.45000000000005,False,Apparel
2020-07-29,378.9,1287.2,165.66,369.6,False,Apparel
2020-07-30,408.95,1278.85,169.28,382.65,False,Apparel
2020-07-31,439.0,1270.5,172.9,395.7,False,Apparel
2020-08-01,420.1,1271.9,170.97,405.04999999999995,False,Apparel
2020-08-02,401.2,1273.3,169.04,414.4,False,Apparel
2020-08-03,394.45,1284.1,166.8,410.04999999999995,False,Apparel
2020-08-04,387.7,1294.9,164.56,405.7,False,Apparel
2020-08-05,414.7,1275.7333333333333,167.79666666666668,416.8333333333333,False,Apparel
2020-08-06,441.7,1256.5666666666668,171.03333333333333,427.9666666666667,False,Apparel
2020-08-07,468.7,1237.4,174.27,439.1,False,Apparel
2020-08-08,423.5,1245.0,170.09,434.8,False,Apparel
2020-08-09,1007.6,1244.3,168.32,387.4,False,Apparel
2020-08-10,371.9,1257.5,167.77,389.9,False,Apparel
2020-08-11,419.2,1241.9,166.97,426.6,False,Apparel
2020-08-12,440.6,1006.35,167.445,410.35,False,Apparel
2020-08-13,441.6,1235.1,168.14,411.7,False,Apparel
2020-08-14,424.4,1243.8,168.65,444.8,False,Apparel
2020-08-15,400.4,1248.5,168.8,406.5,False,Apparel
2020-08-16,524.2,1237.6,166.67,511.6,True,Apparel
2020-08-17,504.1,1239.3666666666666,167.68333333333334,487.95000000000005,False,Apparel
2020-08-18,484.00000000000006,1241.1333333333332,168.69666666666666,464.3,False,Apparel
2020-08-19,463.90000000000003,1242.9,169.70999999999998,440.65,False,Apparel
2020-08-20,443.8,1244.6666666666667,170.72333333333333,417.0,False,Apparel
2020-08-21,423.70000000000005,1246.4333333333334,171.73666666666668,393.35,False,Apparel
2020-08-22,403.6,1248.2,172.75,369.7,False,Apparel
2020-08-23,465.9,1255.4,166.22,477.0,True,Apparel
2020-08-24,430.2,1255.5,170.26,435.45,False,Apparel
2020-08-25,394.5,1255.6,174.3,393.9,False,Apparel
2020-08-26,471.4,1222.3,169.07,456.3,False,Apparel
2020-08-27,469.1,1214.4,171.36,429.9,False,Apparel
2020-08-28,456.5,1220.0,170.37,421.0333333333333,False,Apparel
2020-08-29,443.90000000000003,1225.6000000000001,169.38,412.1666666666667,False,Apparel
2020-08-30,431.3,1231.2,168.39,403.3,False,Apparel
2020-08-31,429.23333333333335,1234.7333333333333,168.68666666666667,415.03333333333336,False,Apparel
2020-09-01,427.1666666666667,1238.2666666666667,168.98333333333332,426.76666666666665,False,Apparel
2020-09-02,425.1,1241.8,169.28,438.5,False,Apparel
2020-09-03,474.6,1228.5,172.11,435.2,False,Apparel
2020-09-04,465.3,1231.45,168.01,450.5,False,Apparel
2020-09-05,456.0,1234.4,163.91,465.8,False,Apparel
2020-09-06,438.15,1241.9,165.515,443.075,False,Apparel
2020-09-07,420.3,1249.4,167.12,420.35,False,Apparel
2020-09-08,402.45000000000005,1256.9,168.72500000000002,397.625,False,Apparel
2020-09-09,384.6,1264.4,170.33,374.9,False,Apparel
2020-09-10,401.0,1263.8,170.4,397.3,False,Apparel
2020-09-11,468.1,1242.7,165.94,474.8,False,Apparel
2020-09-12,470.4,1238.4,171.24,450.0,False,Apparel
2020-09-13,365.1,1264.3,165.2,339.0,False,Apparel
2020-09-14,374.7,1259.5,164.68,366.0,False,Apparel
2020-09-15,498.4,1244.6,167.18,497.2,False,Apparel
2020-09-16,622.1,1229.7,169.68,628.4,True,Apparel
2020-09-17,456.2,1232.3,173.39,410.7,False,Apparel
2020-09-18,441.7,1229.2,173.8,400.6,False,Apparel
2020-09-19,489.9,1215.1,173.24,466.2,False,Apparel
2020-09-20,400.0,1239.1,169.02,373.6,False,Apparel
2020-09-21,408.5,1232.15,171.835,388.1,False,Apparel
2020-09-22,417.0,1225.2,174.65,402.6,False,Apparel
2020-09-23,449.6,1217.5,173.18,425.1,False,Apparel
2020-09-24,455.85,1210.35,172.245,452.70000000000005,False,Apparel
2020-09-25,462.1,1203.2,171.31,480.3,False,Apparel
2020-09-26,424.55,1217.0,171.07999999999998,438.75,False,Apparel
2020-09-27,387.0,1230.8,170.85,397.2,False,Apparel
2020-09-28,423.1,1226.5,163.65,412.5,False,Apparel
2020-09-29,582.8,1236.6,169.26,539.5,True,Apparel
2020-09-30,498.15,1242.35,167.265,458.5,False,Apparel
2020-10-01,413.5,1248.1,165.27,377.5,False,Apparel
2020-10-02,415.9,1246.5,166.74,387.6,False,Apparel
2020-10-03,418.3,1244.8999999999999,168.21,397.7,False,Apparel
2020-10-04,420.7,1243.3,169.68,407.8,False,Apparel
2020-10-05,431.06666666666666,1239.1333333333332,167.95333333333335,419.26666666666665,False,Apparel
2020-10-06,441.43333333333334,1234.9666666666667,166.22666666666666,430.73333333333335,False,Apparel
2020-10-07,451.8,1230.8,164.5,442.2,False,Apparel
2020-10-08,465.2,1226.2,165.38,479.6,False,Apparel
2020-10-09,443.79999999999995,1231.3000000000002,168.89999999999998,439.45000000000005,False,Apparel
2020-10-10,422.4,1236.4,172.42,399.3,False,Apparel
2020-10-11,466.3,1221.2,167.46,468.0,False,Apparel
2020-10-12,446.7,1221.9,165.7,457.9,False,Apparel
2020-10-13,442.54999999999995,1226.65,167.82999999999998,453.04999999999995,False,Apparel
2020-10-14,438.4,1231.4,169.96,448.2,False,Apparel
2020-10-15,451.6,1228.3,166.82,440.4,False,Apparel
2020-10-16,447.6,1233.3,166.8,404.6,False,Apparel
2020-10-17,422.53333333333336,1244.1,169.08666666666667,396.90000000000003,False,Apparel
2020-10-18,397.46666666666664,1254.9,171.37333333333333,389.2,False,Apparel
2020-10-19,372.4,1265.7,173.66,381.5,False,Apparel
2020-10-20,786.3666666666667,1256.2,172.52,397.6333333333333,False,Apparel
2020-10-21,1200.3333333333335,1246.7,171.38,413.76666666666665,False,Apparel
2020-10-22,1614.3,1237.2,170.24,429.9,False,Apparel
2020-10-23,1224.0666666666666,1237.5,170.17333333333335,433.8333333333333,False,Apparel
2020-10-24,833.8333333333334,1237.8,170.10666666666665,437.76666666666665,False,Apparel
2020-10-25,443.6,1238.1,170.04,441.7,False,Apparel
2020-10-26,434.95000000000005,1235.15,170.73,421.65,False,Apparel
2020-10-27,426.3,1232.2,171.42,401.6,False,Apparel
2020-10-28,448.3,1228.5,173.31,447.0,False,Apparel
2020-10-29,455.90000000000003,1228.4666666666667,171.67333333333335,460.93333333333334,False,Apparel
2020-10-30,463.5,1228.4333333333334,170.03666666666666,474.8666666666667,False,Apparel
2020-10-31,471.1,1228.4,168.4,488.8,False,Apparel
2020-11-01,480.74,1175.04,167.44400000000002,404.92,False,Apparel
2020-11-02,490.38,1121.68,166.488,321.04,False,Apparel
2020-11-03,500.02,1068.3200000000002,165.532,237.16000000000003,False,Apparel
2020-11-04,509.65999999999997,1014.96,164.576,153.28000000000003,False,Apparel
2020-11-05,519.3,961.6,163.62,69.4,False,Apparel
2020-11-06,484.4,973.6,171.18,452.0,False,Apparel
2020-11-07,457.3,984.9,169.15,425.9,False,Apparel
2020-11-08,410.1,1262.4,164.95,411.3,False,Apparel
2020-11-09,389.6,1268.9,167.28,398.7,False,Apparel
2020-11-10,443.8,1253.9,165.03,450.5,False,Apparel
2020-11-11,460.5,1249.5666666666668,166.74,467.73333333333335,False,Apparel
2020-11-12,477.2,1245.2333333333333,168.45,484.96666666666664,False,Apparel
2020-11-13,493.9,1240.9,170.16,502.2,False,Apparel
2020-11-14,955.5333333333333,1251.6000000000001,170.48333333333332,471.0333333333333,False,Apparel
2020-11-15,1417.1666666666667,1262.3,170.80666666666667,439.8666666666667,False,Apparel
2020-11-16,1878.8,1273.0,171.13,408.7,False,Apparel
2020-11-17,1177.85,1264.6,171.70999999999998,442.35,False,Apparel
2020-11-18,476.9,1256.2,172.29,476.0,False,Apparel
2020-11-19,486.6,1252.95,169.67000000000002,469.25,False,Apparel
2020-11-20,496.3,1249.7,167.05,462.5,False,Apparel
2020-11-21,476.4666666666667,1254.9333333333334,168.12333333333333,458.0,False,Apparel
2020-11-22,456.6333333333333,1260.1666666666667,169.1966666666667,453.5,False,Apparel
2020-11-23,436.8,1265.4,170.27,449.0,False,Apparel
2020-11-24,461.3,1255.8,172.2,443.2,False,Apparel
2020-11-25,486.4,1253.55,167.43,483.35,False,Apparel
2020-11-26,511.5,1251.3,162.66,523.5,False,Apparel
2020-11-27,759.8,1236.1,173.53,692.9,True,Apparel
2020-11-28,483.2,1240.3,174.94,435.4,False,Apparel
2020-11-29,433.7,1253.5,172.39,426.4,False,Apparel
2020-11-30,500.9,1232.7,172.01,460.2,False,Apparel
2020-12-01,583.4,1257.2,166.2,587.8,True,Apparel
2020-12-02,441.6,1251.2,171.29,420.7,False,Apparel
2020-12-03,503.8,1227.9,166.98,520.1,False,Apparel
2020-12-04,489.5,764.7,169.02,513.4,False,Apparel
2020-12-05,508.9,760.2,172.73,466.2,False,Apparel
2020-12-06,455.85,1034.9,169.79,440.65,False,Apparel
2020-12-07,402.8,1309.6,166.85,415.1,False,Apparel
2020-12-08,514.15,1280.9499999999998,170.515,529.55,False,Apparel
2020-12-09,625.5,1252.3,174.18,644.0,True,Apparel
2020-12-10,482.3,1241.1,171.99,460.7,False,Apparel
2020-12-11,521.7,1232.7,172.1,495.5,False,Apparel
2020-12-12,493.40000000000003,1242.0,170.12666666666667,482.3666666666667,False,Apparel
2020-12-13,465.1,1251.3,168.15333333333334,469.23333333333335,False,Apparel
2020-12-14,436.8,1260.6,166.18,456.1,False,Apparel
2020-12-15,456.25,1255.5,167.405,469.0,False,Apparel
2020-12-16,475.7,1250.4,168.63,481.9,False,Apparel
2020-12-17,472.0,1252.0,170.425,467.4,False,Apparel
2020-12-18,468.3,1253.6,172.22,452.9,False,Apparel
2020-12-19,475.6,1250.6,171.77,494.0,False,Apparel
2020-12-20,463.9,1261.4,172.62,442.7,False,Apparel
2020-12-21,443.45,1272.2,170.065,423.7,False,Apparel
2020-12-22,423.0,1283.0,167.51,404.7,False,Apparel
2020-12-23,456.35,1273.6,168.26999999999998,451.79999999999995,False,Apparel
2020-12-24,489.7,1264.2,169.03,498.9,False,Apparel
2020-12-25,515.1,1256.8,167.97,4889.0,False,Apparel
2020-12-26,443.6,1274.8,169.59,425.9,False,Apparel
2020-12-27,418.5,1280.1,170.72,377.4,False,Apparel
2020-12-28,471.8,1252.2,168.57,479.4,False,Apparel
2020-12-29,469.55,1254.5,169.265,477.15,False,Apparel
2020-12-30,467.3,1256.8000000000002,169.95999999999998,474.9,False,Apparel
2020-12-31,465.05,1259.1000000000001,170.655,472.65,False,Apparel
2021-01-01,462.8,1261.4,171.35,470.4,False,Apparel
2021-01-02,442.15,1275.65,165.92000000000002,437.4,False,Apparel
2021-01-03,444.825,1276.75,166.5275,441.025,False,Apparel
2021-01-04,447.5,1277.85,167.135,444.65,False,Apparel
2021-01-05,434.45,1280.025,168.39749999999998,436.625,False,Apparel
2021-01-06,421.4,1282.2,169.66,428.6,False,Apparel
2021-01-07,423.59999999999997,1282.3333333333335,170.08166666666665,426.20000000000005,False,Apparel
2021-01-08,425.8,1282.4666666666667,170.50333333333333,423.8,False,Apparel
2021-01-09,428.0,1282.6,170.925,421.4,False,Apparel
2021-01-10,430.2,1282.7333333333333,171.34666666666666,419.0,False,Apparel
2021-01-11,432.40000000000003,1282.8666666666668,171.76833333333332,416.6,False,Apparel
2021-01-12,434.6,1283.0,172.19,414.2,False,Apparel
2021-01-13,451.4,1284.6,166.55,469.7,False,Apparel
2021-01-14,477.3,1274.3,168.52,490.8,False,Apparel
2021-01-15,429.6,1292.3,178.17,411.9,False,Apparel
2021-01-16,480.2,1281.5,181.23,504.1,False,Apparel
2021-01-17,433.0,1295.7,174.62,406.0,False,Apparel
2021-01-18,434.6,1200.2333333333333,171.89000000000001,416.93333333333334,False,Apparel
2021-01-19,436.2,1104.7666666666667,169.16,427.8666666666667,False,Apparel
2021-01-20,437.8,1009.3,166.43,438.8,False,Apparel
2021-01-21,509.3,994.4,169.59,529.7,False,Apparel
2021-01-22,491.1,999.5,167.33,98.2,False,Apparel
2021-01-23,467.83333333333337,1099.1333333333334,169.52,201.46666666666667,False,Apparel
2021-01-24,444.56666666666666,1198.7666666666667,171.71,304.73333333333335,False,Apparel
2021-01-25,421.3,1298.4,173.9,408.0,False,Apparel
2021-01-26,438.43333333333334,1293.3,174.24333333333334,429.8666666666667,False,Apparel
2021-01-27,455.56666666666666,1288.2,174.58666666666667,451.73333333333335,False,Apparel
2021-01-28,472.7,1283.1,174.93,473.6,False,Apparel
2021-01-29,602.5,1276.1,164.41,603.0,True,Apparel
2021-01-30,436.7,1292.6,171.68,450.5,False,Apparel
2021-01-31,428.8,1289.4333333333332,171.29666666666668,440.3666666666667,False,Apparel
2021-02-01,420.9,1286.2666666666667,170.91333333333333,430.23333333333335,False,Apparel
2021-02-02,413.0,1283.1,170.53,420.1,False,Apparel
2021-02-03,443.74,1283.4199999999998,170.798,452.82000000000005,False,Apparel
2021-02-04,474.48,1283.74,171.066,485.54,False,Apparel
2021-02-05,505.22,1284.06,171.334,518.26,False,Apparel
2021-02-06,535.96,1284.38,171.602,550.98,False,Apparel
2021-02-07,566.7,1284.7,171.87,583.7,True,Apparel
2021-02-08,374.7,1292.8,169.24,391.5,False,Apparel
2021-02-09,403.26666666666665,1301.2666666666667,168.73333333333335,421.5,False,Apparel
2021-02-10,431.8333333333333,1309.7333333333333,168.22666666666666,451.5,False,Apparel
2021-02-11,460.4,1318.2,167.72,481.5,False,Apparel
2021-02-12,498.7,1243.1,169.52,469.4,False,Apparel
2021-02-13,491.2,1243.5,172.58,449.3,False,Apparel
2021-02-14,459.1,1245.8,165.11,432.1,False,Apparel
2021-02-15,452.70000000000005,1251.1999999999998,167.97000000000003,417.3,False,Apparel
2021-02-16,446.3,1256.6,170.83,402.5,False,Apparel
2021-02-17,482.5,1249.2,171.3,444.1,False,Apparel
2021-02-18,469.6,1260.5,172.14,427.4,False,Apparel
2021-02-19,490.2,1253.3,172.99,510.4,False,Apparel
2021-02-20,471.45,1257.65,171.20499999999998,466.35,False,Apparel
2021-02-21,452.7,1262.0,169.42,422.3,False,Apparel
2021-02-22,461.2,1264.2,170.75,452.1,False,Apparel
2021-02-23,444.2,1270.75,169.26999999999998,424.05,False,Apparel
2021-02-24,427.2,1277.3,167.79,396.0,False,Apparel
2021-02-25,435.5,1279.4,170.74,403.5,False,Apparel
2021-02-26,433.0125,1279.775,169.5675,413.525,False,Apparel
2021-02-27,430.525,1280.15,168.395,423.55,False,Apparel
2021-02-28,428.03749999999997,1280.525,167.22250000000003,433.57500000000005,False,Apparel
2021-03-01,425.54999999999995,1280.9,166.05,443.6,False,Apparel
2021-03-02,420.8,1282.3,166.6,419.1,False,Apparel
2021-03-03,435.4,1274.65,169.41,430.75,False,Apparel
2021-03-04,450.0,1267.0,172.22,442.4,False,Apparel
2021-03-05,361.2,1320.6,168.47,347.4,False,Apparel
2021-03-06,463.5,1269.4,164.34,461.1,False,Apparel
2021-03-07,413.0,1286.5,169.26,382.8,False,Apparel
2021-03-08,391.0,1288.2,173.31,383.8,False,Apparel
2021-03-09,432.5,1277.5,165.99,449.4,False,Apparel
2021-03-10,438.5,1278.2,169.24,409.3,False,Apparel
2021-03-11,496.3,1265.0,165.09,513.5,False,Apparel
2021-03-12,548.8,1266.1666666666667,168.23,560.4666666666667,False,Apparel
2021-03-13,601.3,1267.3333333333333,171.37,607.4333333333333,False,Apparel
2021-03-14,653.8,1268.5,174.51,654.4,True,Apparel
2021-03-15,419.1,1278.4,171.77,388.3,False,Apparel
2021-03-16,430.6,1277.7666666666667,170.90333333333334,397.6,False,Apparel
2021-03-17,442.1,1277.1333333333334,170.03666666666666,406.9,False,Apparel
2021-03-18,453.6,1276.5,169.17,416.2,False,Apparel
2021-03-19,432.6,1286.2,171.83,403.3,False,Apparel
2021-03-20,434.75,1284.0500000000002,172.76,413.05,False,Apparel
2021-03-21,436.9,1281.9,173.69,422.8,False,Apparel
2021-03-22,401.8,1300.1,173.69,372.7,False,Apparel
2021-03-23,389.6,1300.9,175.51,369.7,False,Apparel
2021-03-24,424.1,1284.5,168.67,412.9,False,Apparel
2021-03-25,436.83333333333337,1281.7333333333333,167.85666666666665,431.16666666666663,False,Apparel
2021-03-26,449.56666666666666,1278.9666666666667,167.04333333333332,449.43333333333334,False,Apparel
2021-03-27,462.3,1276.2,166.23,467.7,False,Apparel
2021-03-28,399.5,1293.7,175.76,378.6,False,Apparel
2021-03-29,393.0,1294.9,167.77,377.8,False,Apparel
2021-03-30,396.4,1293.8,174.55,373.2,False,Apparel
2021-03-31,424.8333333333333,1283.8999999999999,172.62333333333333,394.76666666666665,False,Apparel
2021-04-01,453.26666666666665,1274.0,170.6966666666667,416.3333333333333,False,Apparel
2021-04-02,481.7,1264.1,168.77,437.9,False,Apparel
2021-04-03,452.73333333333335,1275.9666666666667,168.50333333333333,422.9,False,Apparel
2021-04-04,423.76666666666665,1287.8333333333333,168.23666666666668,407.9,False,Apparel
2021-04-05,394.8,1299.7,167.97,392.9,False,Apparel
2021-04-06,453.9,1285.5500000000002,171.51999999999998,442.9,False,Apparel
2021-04-07,469.3333333333333,1279.9333333333334,169.98333333333332,453.9,False,Apparel
2021-04-08,484.76666666666665,1274.3166666666668,168.44666666666666,464.9,False,Apparel
2021-04-09,500.2,1268.7,166.91,475.9,False,Apparel
2021-04-10,638.9,1299.1,171.02,669.8,True,Apparel
2021-04-11,469.6,1299.9,172.885,460.45,False,Apparel
2021-04-12,421.9,1306.4,167.14,392.7,False,Apparel
2021-04-13,382.5,1324.8,167.26,374.0,False,Apparel
2021-04-14,510.6,1316.15,168.39499999999998,505.05,False,Apparel
2021-04-15,638.7,1307.5,169.53,636.1,True,Apparel
2021-04-16,564.7333333333333,1307.6333333333334,168.02,565.6666666666667,False,Apparel
2021-04-17,490.76666666666665,1307.7666666666667,166.51,495.23333333333335,False,Apparel
2021-04-18,416.8,1307.9,165.0,424.8,False,Apparel
2021-04-19,399.5,1311.35,170.92000000000002,409.1,False,Apparel
2021-04-20,382.2,1314.8,176.84,393.4,False,Apparel
2021-04-21,441.3,1294.2,166.25,400.9,False,Apparel
2021-04-22,523.3,1312.7,164.32,547.7,True,Apparel
2021-04-23,427.9,1311.9,170.37,402.2,False,Apparel
2021-04-24,449.2,1293.7,171.95,454.5,False,Apparel
2021-04-25,423.1,1297.0,168.7,385.7,False,Apparel
2021-04-26,387.9,1296.8,166.88,357.0,False,Apparel
2021-04-27,413.7,1286.1,172.08,375.2,False,Apparel
2021-04-28,423.35,1285.1,172.36,397.4,False,Apparel
2021-04-29,433.0,1284.1,172.64,419.6,False,Apparel
2021-04-30,431.7,1285.8,164.36,433.1,False,Apparel
2021-05-01,462.72499999999997,1291.925,166.0075,459.35,False,Apparel
2021-05-02,493.75,1298.05,167.655,485.6,False,Apparel
2021-05-03,524.775,1304.175,169.3025,511.85,False,Apparel
2021-05-04,555.8,1310.3,170.95,538.1,True,Apparel
2021-05-05,614.9,1303.75,170.785,618.45,False,Apparel
2021-05-06,674.0,1297.2,170.62,698.8,True,Apparel
2021-05-07,459.6,1300.8,171.91,450.9,False,Apparel
2021-05-08,432.325,1308.0,170.9325,412.6,False,Apparel
2021-05-09,405.04999999999995,1315.2,169.95499999999998,374.3,False,Apparel
2021-05-10,379.9,1327.6,169.8,386.9,False,Apparel
2021-05-11,380.8,1321.7,172.74,347.0,False,Apparel
2021-05-12,383.8,1320.2,164.56,351.2,False,Apparel
2021-05-13,408.8,1311.1,168.01999999999998,372.1,False,Apparel
2021-05-14,433.8,1302.0,171.48,393.0,False,Apparel
2021-05-15,416.3,1306.3,161.67,428.2,False,Apparel
2021-05-16,430.7,1308.5,168.08,425.4,False,Apparel
2021-05-17,410.7,1318.15,167.78,388.54999999999995,False,Apparel
2021-05-18,390.7,1327.8,167.48,351.7,False,Apparel
2021-05-19,417.3,1320.4,171.35,381.2,False,Apparel
2021-05-20,438.3,1317.9,171.0,398.6,False,Apparel
2021-05-21,434.6,1313.1,171.67000000000002,400.70000000000005,False,Apparel
2021-05-22,430.9,1308.3,172.34,402.8,False,Apparel
2021-05-23,382.4,1320.1,174.49,368.4,False,Apparel
2021-05-24,373.35,1325.4499999999998,173.515,365.45,False,Apparel
2021-05-25,364.3,1330.8,172.54,362.5,False,Apparel
2021-05-26,443.7,1301.5,168.05,458.8,False,Apparel
2021-05-27,445.9,1295.2,167.12,406.9,False,Apparel
2021-05-28,453.0,1290.4,169.27,440.7,False,Apparel
2021-05-29,397.2,1310.2,170.85,378.8,False,Apparel
2021-05-30,358.8,1317.2,166.35,359.7,False,Apparel
2021-05-31,390.5833333333333,1306.9166666666667,167.38833333333332,379.26666666666665,False,Apparel
2021-06-01,422.3666666666667,1296.6333333333332,168.42666666666665,398.8333333333333,False,Apparel
2021-06-02,454.15,1286.35,169.46499999999997,418.4,False,Apparel
2021-06-03,452.8666666666667,1287.8999999999999,169.00666666666666,432.66666666666663,False,Apparel
2021-06-04,451.5833333333333,1289.45,168.54833333333332,446.93333333333334,False,Apparel
2021-06-05,450.3,1291.0,168.09,461.2,False,Apparel
2021-06-06,413.5,1300.1,166.44,399.1,False,Apparel
2021-06-07,419.05,1296.725,167.23,411.55,False,Apparel
2021-06-08,424.6,1293.35,168.01999999999998,424.0,False,Apparel
2021-06-09,430.15,1289.975,168.81,436.45,False,Apparel
2021-06-10,435.7,1286.6,169.6,448.9,False,Apparel
2021-06-11,455.3,1281.2,174.79,429.0,False,Apparel
2021-06-12,373.7,1315.8,165.03,383.8,False,Apparel
2021-06-13,379.9,1309.0,168.54,375.4,False,Apparel
2021-06-14,339.3,1310.9,168.47,326.1,False,Apparel
2021-06-15,362.70000000000005,1301.25,167.98000000000002,343.20000000000005,False,Apparel
2021-06-16,386.1,1291.6,167.49,360.3,False,Apparel
2021-06-17,388.6,1283.3,174.49,372.0,False,Apparel
2021-06-18,454.0,1260.8,170.83,437.7,False,Apparel
2021-06-19,423.5,1271.3,171.23,390.8,False,Apparel
2021-06-20,416.4,1272.6,171.99,418.6,False,Apparel
2021-06-21,406.4,1277.4,168.515,396.20000000000005,False,Apparel
2021-06-22,396.4,1282.2,165.04,373.8,False,Apparel
2021-06-23,422.0,1268.8,168.98,384.8,False,Apparel
2021-06-24,407.55,1277.0,168.1975,377.8,False,Apparel
2021-06-25,393.1,1285.1999999999998,167.415,370.8,False,Apparel
2021-06-26,378.65,1293.3999999999999,166.6325,363.8,False,Apparel
2021-06-27,364.2,1301.6,165.85,356.8,False,Apparel
2021-06-28,337.5,1310.3,169.99,307.5,False,Apparel
2021-06-29,386.6,1292.0,169.46,373.4,False,Apparel
2021-06-30,397.4,1293.8,168.94,3610.0,False,Apparel
2021-07-01,418.04999999999995,1289.0,168.57,2014.95,False,Apparel
2021-07-02,438.7,1284.2,168.2,419.9,False,Apparel
2021-07-03,460.1,1278.9,166.29,419.6,False,Apparel
2021-07-04,420.5,1298.1,167.37,420.2,False,Apparel
2021-07-05,428.93333333333334,1296.2666666666667,168.85666666666668,421.1666666666667,False,Apparel
2021-07-06,437.3666666666667,1294.4333333333332,170.34333333333333,422.1333333333333,False,Apparel
2021-07-07,445.8,1292.6,171.83,423.1,False,Apparel
2021-07-08,450.0,1289.2,167.26,445.2,False,Apparel
2021-07-09,445.25,1293.25,170.5,2323.6,False,Apparel
2021-07-10,440.5,1297.3,173.74,4202.0,False,Apparel
2021-07-11,427.2,1299.8,167.38,443.2,False,Apparel
2021-07-12,420.75,1299.9499999999998,170.70499999999998,416.04999999999995,False,Apparel
2021-07-13,414.3,1300.1,174.03,388.9,False,Apparel
2021-07-14,417.7,1292.8,168.28,433.1,False,Apparel
2021-07-15,459.2,1280.6,171.6,431.7,False,Apparel
2021-07-16,424.5,1289.2,172.50333333333333,400.8,False,Apparel
2021-07-17,389.8,1297.8,173.40666666666667,369.9,False,Apparel
2021-07-18,355.1,1306.4,174.31,339.0,False,Apparel
2021-07-19,386.05,1299.0500000000002,169.64499999999998,2160.0,False,Apparel
2021-07-20,417.0,1291.7,164.98,3981.0,False,Apparel
2021-07-21,418.675,1290.65,166.62,3081.75,False,Apparel
2021-07-22,420.35,1289.6,168.26,2182.5,False,Apparel
2021-07-23,422.025,1288.55,169.89999999999998,1283.25,False,Apparel
2021-07-24,423.7,1287.5,171.54,384.0,False,Apparel
2021-07-25,421.9,1286.9,173.15,414.5,False,Apparel
2021-07-26,410.5,1287.4,175.44,401.2,False,Apparel
2021-07-27,409.5,1288.3,175.92,390.8,False,Apparel
2021-07-28,444.3,1288.4,172.9,447.5,False,Apparel
2021-07-29,485.75,1288.9,172.54000000000002,495.8,False,Apparel
2021-07-30,527.2,1289.4,172.18,544.1,True,Apparel
2021-07-31,478.2666666666667,1289.2333333333333,170.73000000000002,489.7666666666667,False,Apparel
2021-08-01,429.3333333333333,1289.0666666666668,169.28,435.43333333333334,False,Apparel
2021-08-02,380.4,1288.9,167.83,381.1,False,Apparel
2021-08-03,362.3,1297.5,167.42,357.0,False,Apparel
2021-08-04,452.5,1264.5,168.93,432.6,False,Apparel
2021-08-05,410.3,1313.2,173.97,412.4,False,Apparel
2021-08-06,402.85,1300.5500000000002,171.44,391.7,False,Apparel
2021-08-07,395.4,1287.9,168.91,371.0,False,Apparel
2021-08-08,435.5,1280.0,167.62,450.4,False,Apparel
2021-08-09,447.46,1275.5,167.90800000000002,455.64,False,Apparel
2021-08-10,459.42,1271.0,168.196,460.88,False,Apparel
2021-08-11,471.38,1266.5,168.484,466.12,False,Apparel
2021-08-12,483.34000000000003,1262.0,168.772,471.36,False,Apparel
2021-08-13,495.3,1257.5,169.06,476.6,False,Apparel
2021-08-14,445.2,1271.2,171.43,411.4,False,Apparel
2021-08-15,452.45,1264.15,169.52,445.5,False,Apparel
2021-08-16,459.7,1257.1,167.61,479.6,False,Apparel
2021-08-17,399.1,1277.7,168.69,411.5,False,Apparel
2021-08-18,422.7,1278.6,168.68,422.5,False,Apparel
2021-08-19,446.4,1278.5,167.68,428.6,False,Apparel
2021-08-20,443.825,1278.0,169.6975,420.625,False,Apparel
2021-08-21,441.25,1277.5,171.715,412.65,False,Apparel
2021-08-22,438.675,1277.0,173.73250000000002,404.675,False,Apparel
2021-08-23,436.1,1276.5,175.75,396.7,False,Apparel
2021-08-24,435.6333333333333,1279.5333333333333,173.26666666666668,413.0333333333333,False,Apparel
2021-08-25,435.1666666666667,1282.5666666666666,170.78333333333333,429.3666666666667,False,Apparel
2021-08-26,434.7,1285.6,168.3,445.7,False,Apparel
2021-08-27,453.0,1273.5,173.06,444.8,False,Apparel
2021-08-28,433.7,1277.7,168.19,398.8,False,Apparel
2021-08-29,434.3,1278.5,168.48,424.5,False,Apparel
2021-08-30,428.0,1284.7,168.37,429.1,False,Apparel
2021-08-31,435.96666666666664,1287.3,167.79666666666668,431.8666666666667,False,Apparel
2021-09-01,443.93333333333334,1289.9,167.22333333333333,434.6333333333333,False,Apparel
2021-09-02,451.9,1292.5,166.65,437.4,False,Apparel
2021-09-03,473.5,1281.1,169.32,460.3,False,Apparel
2021-09-04,452.6666666666667,1288.1666666666665,170.22666666666666,442.5,False,Apparel
2021-09-05,431.8333333333333,1295.2333333333333,171.13333333333333,424.7,False,Apparel
2021-09-06,411.0,1302.3,172.04,406.9,False,Apparel
2021-09-07,422.9,1309.0,176.52,424.4,False,Apparel
2021-09-08,442.8,1312.2,166.83,430.3,False,Apparel
2021-09-09,468.6,1310.3,169.47,436.4,False,Apparel
2021-09-10,669.6,1305.7,170.15,670.4,True,Apparel
2021-09-11,470.5,1317.0,175.29,428.8,False,Apparel
2021-09-12,456.85,1322.65,171.28,440.3,False,Apparel
2021-09-13,443.2,1328.3,167.27,451.8,False,Apparel
2021-09-14,416.2,1331.8,165.38,401.6,False,Apparel
2021-09-15,478.1,1313.8,177.19,463.0,False,Apparel
2021-09-16,512.2,1309.6,170.13,492.3,False,Apparel
2021-09-17,493.8666666666667,1314.8999999999999,170.46666666666667,473.8666666666667,False,Apparel
2021-09-18,475.53333333333336,1320.2,170.8033333333333,455.43333333333334,False,Apparel
2021-09-19,457.2,1325.5,171.14,437.0,False,Apparel
2021-09-20,439.54999999999995,1333.0,169.235,413.3,False,Apparel
2021-09-21,421.9,1340.5,167.33,389.6,False,Apparel
2021-09-22,645.4,1338.3,171.76,608.6,True,Apparel
2021-09-23,485.6,1330.0,173.99,477.9,False,Apparel
2021-09-24,453.4,1348.0,165.34,446.8,False,Apparel
2021-09-25,466.0333333333333,1342.05,166.13166666666666,461.8666666666667,False,Apparel
2021-09-26,478.6666666666667,1336.1,166.92333333333335,476.93333333333334,False,Apparel
2021-09-27,491.3,1330.15,167.715,492.0,False,Apparel
2021-09-28,503.93333333333334,1324.2,168.50666666666666,507.0666666666667,False,Apparel
2021-09-29,516.5666666666667,1318.25,169.29833333333335,522.1333333333333,False,Apparel
2021-09-30,529.2,1312.3,170.09,537.2,False,Apparel
2021-10-01,518.6,1315.3799999999999,169.074,519.1800000000001,False,Apparel
2021-10-02,508.0,1318.46,168.058,501.16,False,Apparel
2021-10-03,497.40000000000003,1321.54,167.042,483.14000000000004,False,Apparel
2021-10-04,486.8,1324.6200000000001,166.02599999999998,465.12,False,Apparel
2021-10-05,476.2,1327.7,165.01,447.1,False,Apparel
2021-10-06,3255.4,1324.8,174.39,740.1,True,Apparel
2021-10-07,540.8,1310.2,169.34,515.1,False,Apparel
2021-10-08,485.55,1291.55,169.77,470.75,False,Apparel
2021-10-09,513.4,1309.7,166.66,482.9,False,Apparel
2021-10-10,485.85,1309.3000000000002,166.64499999999998,457.29999999999995,False,Apparel
2021-10-11,458.3,1308.9,166.63,431.7,False,Apparel
2021-10-12,448.6,1335.5,172.27,413.2,False,Apparel
2021-10-13,464.0,1327.0,170.23,425.2,False,Apparel
2021-10-14,615.7,1323.0,171.99,607.8,True,Apparel
2021-10-15,540.2,1328.15,169.60000000000002,515.3499999999999,False,Apparel
2021-10-16,464.7,1333.3,167.21,422.9,False,Apparel
2021-10-17,444.7,1333.9,172.13,430.0,False,Apparel
2021-10-18,464.825,1326.2250000000001,172.5425,447.1,False,Apparel
2021-10-19,484.95000000000005,1318.5500000000002,172.95499999999998,464.2,False,Apparel
2021-10-20,505.07500000000005,1310.875,173.3675,481.29999999999995,False,Apparel
2021-10-21,525.2,1303.2,173.78,498.4,False,Apparel
2021-10-22,504.6,1304.8,173.41,4952.0,False,Apparel
2021-10-23,467.8,1317.0,169.94,430.1,False,Apparel
2021-10-24,504.5,1305.4,173.93,472.9,False,Apparel
2021-10-25,478.2,1322.25,170.16,446.9,False,Apparel
2021-10-26,451.9,1339.1,166.39,420.9,False,Apparel
2021-10-27,476.29999999999995,1329.35,166.82,440.79999999999995,False,Apparel
2021-10-28,500.7,1319.6,167.25,460.7,False,Apparel
2021-10-29,494.875,1319.975,169.42000000000002,456.0,False,Apparel
2021-10-30,489.04999999999995,1320.35,171.59,451.29999999999995,False,Apparel
2021-10-31,483.22499999999997,1320.725,173.76,446.59999999999997,False,Apparel
2021-11-01,477.4,1321.1,175.93,441.9,False,Apparel
2021-11-02,443.1,1264.3,172.66,450.6,False,Apparel
2021-11-03,582.8,1315.3,164.74,565.7,True,Apparel
2021-11-04,533.0,1308.9499999999998,168.53,507.8,False,Apparel
2021-11-05,483.2,1302.6,172.32,449.9,False,Apparel
2021-11-06,518.2,1297.7666666666667,171.60999999999999,500.0833333333333,False,Apparel
2021-11-07,553.2,1292.9333333333332,170.9,550.2666666666667,False,Apparel
2021-11-08,588.2,1288.1,170.19,600.45,False,Apparel
2021-11-09,450.4,1314.8,166.69,462.4,False,Apparel
2021-11-10,453.9,1333.8,165.58,474.2,False,Apparel
2021-11-11,461.9,1319.7666666666667,166.5066666666667,476.43333333333334,False,Apparel
2021-11-12,469.9,1305.7333333333333,167.43333333333334,478.66666666666663,False,Apparel
2021-11-13,477.9,1291.7,168.36,480.9,False,Apparel
2021-11-14,481.8333333333333,1288.3666666666668,168.89000000000001,479.76666666666665,False,Apparel
2021-11-15,485.76666666666665,1285.0333333333333,169.42,478.6333333333333,False,Apparel
2021-11-16,489.7,1281.7,169.95,477.5,False,Apparel
2021-11-17,582.3,1291.8,177.03,575.0,True,Apparel
2021-11-18,512.5,1275.7,163.83,510.4,False,Apparel
2021-11-19,536.0,1271.6,167.9,537.4,False,Apparel
2021-11-20,514.7,1271.3,166.95499999999998,520.0,False,Apparel
2021-11-21,493.4,1271.0,166.01,502.6,False,Apparel
2021-11-22,457.6,1278.6,173.02,469.6,False,Apparel
2021-11-23,464.9,1275.8,168.46,426.4,False,Apparel
2021-11-24,492.2,1266.0,168.23,463.2,False,Apparel
2021-11-25,522.3,1260.4,170.59,538.2,False,Apparel
2021-11-26,505.1,1271.2,176.7,496.6,False,Apparel
2021-11-27,471.3666666666667,1284.0666666666666,173.78333333333333,464.3,False,Apparel
2021-11-28,437.6333333333333,1296.9333333333334,170.86666666666665,432.0,False,Apparel
2021-11-29,403.9,1309.8,167.95,399.7,False,Apparel
2021-11-30,653.5,1298.2,165.11,660.1,True,Apparel
2021-12-01,525.1,1270.7,173.98,533.6,False,Apparel
2021-12-02,499.1,1275.2,170.41,520.6,False,Apparel
2021-12-03,505.90000000000003,1275.6333333333334,168.43666666666667,505.73333333333335,False,Apparel
2021-12-04,512.7,1276.0666666666666,166.46333333333334,490.8666666666667,False,Apparel
2021-12-05,519.5,1276.5,164.49,476.0,False,Apparel
2021-12-06,480.1,1292.3,172.49,464.6,False,Apparel
2021-12-07,450.8,1320.0,167.73,424.7,True,Apparel
2021-12-08,457.65,1313.65,167.7,422.9,False,Apparel
2021-12-09,464.5,1307.3,167.67,421.1,False,Apparel
2021-12-10,534.0,1290.6,172.18,551.9,False,Apparel
2021-12-11,525.55,1295.85,172.555,531.75,False,Apparel
2021-12-12,517.1,1301.1,172.93,511.6,False,Apparel
2021-12-13,449.7,1319.3,167.35,413.5,False,Apparel
2021-12-14,469.8333333333333,1313.5666666666666,169.14333333333332,442.3666666666667,False,Apparel
2021-12-15,489.9666666666667,1307.8333333333333,170.93666666666667,471.23333333333335,False,Apparel
2021-12-16,510.1,1302.1,172.73,500.1,False,Apparel
2021-12-17,508.2666666666667,1306.0333333333333,175.5,488.4666666666667,False,Apparel
2021-12-18,506.43333333333334,1309.9666666666667,178.26999999999998,476.8333333333333,False,Apparel
2021-12-19,504.6,1313.9,181.04,465.2,False,Apparel
2021-12-20,457.85,1333.5500000000002,172.76,444.29999999999995,False,Apparel
2021-12-21,411.1,1353.2,164.48,423.4,False,Apparel
2021-12-22,476.4,1328.8,169.41,464.3,False,Apparel
2021-12-23,491.15,1318.4,170.825,487.4,False,Apparel
2021-12-24,505.9,1308.0,172.24,510.5,False,Apparel
2021-12-25,520.6,1300.3,166.73,508.3,False,Apparel
2021-12-26,459.9,1311.5,177.0,448.6,False,Apparel
2021-12-27,445.0,1321.5,172.62,412.1,False,Apparel
2021-12-28,492.15,1306.8,171.085,473.5,False,Apparel
2021-12-29,539.3,1292.1,169.55,534.9,False,Apparel
2021-12-30,521.9,1301.1,166.86,501.2,False,Apparel
2021-12-31,520.5666666666666,1305.8999999999999,169.49333333333334,511.46666666666664,False,Apparel
2022-01-01,519.2333333333333,1310.7,172.12666666666667,521.7333333333333,False,Apparel
2022-01-02,517.9,1315.5,174.76,532.0,False,Apparel
2022-01-03,507.46666666666664,1324.4,174.03333333333333,502.6,False,Apparel
2022-01-04,497.03333333333336,1333.3,173.30666666666667,473.2,False,Apparel
2022-01-05,486.6,1342.2,172.58,443.8,False,Apparel
2022-01-06,505.05,1338.5500000000002,170.695,462.70000000000005,False,Apparel
2022-01-07,523.5,1334.9,168.81,481.6,False,Apparel
2022-01-08,520.6833333333334,1334.6833333333334,167.96333333333334,489.85,False,Apparel
2022-01-09,517.8666666666667,1334.4666666666667,167.11666666666667,498.1,False,Apparel
2022-01-10,515.05,1334.25,166.26999999999998,506.35,False,Apparel
2022-01-11,512.2333333333333,1334.0333333333333,165.42333333333332,514.6,False,Apparel
2022-01-12,509.4166666666667,1333.8166666666666,164.57666666666665,522.85,False,Apparel
2022-01-13,506.6,1333.6,163.73,531.1,False,Apparel
2022-01-14,539.0,1319.4,177.86,564.6,False,Apparel
2022-01-15,474.9,1338.9,164.11,474.5,False,Apparel
2022-01-16,456.75,1345.3000000000002,169.83,445.4,False,Apparel
2022-01-17,438.6,1351.7,175.55,416.3,False,Apparel
2022-01-18,442.8,1347.0,173.69,406.2,False,Apparel
2022-01-19,482.15,1332.8,175.115,444.15,False,Apparel
2022-01-20,521.5,1318.6,176.54,482.1,False,Apparel
2022-01-21,514.5,1326.2,164.56,535.3,False,Apparel
2022-01-22,483.9,1334.6,176.7,440.6,False,Apparel
2022-01-23,485.3,1332.8,169.33,455.9,False,Apparel
2022-01-24,463.45000000000005,1338.35,169.58,447.75,False,Apparel
2022-01-25,441.6,1343.9,169.83,439.6,False,Apparel
2022-01-26,481.7,1334.4,164.97,480.3,False,Apparel
2022-01-27,526.3,1314.7,171.96,511.4,False,Apparel
2022-01-28,482.6,1343.0,170.34,478.0,False,Apparel
2022-01-29,480.52000000000004,1342.7,169.904,480.82,False,Apparel
2022-01-30,478.44,1342.4,169.468,483.64,False,Apparel
2022-01-31,476.36,1342.1,169.032,486.46000000000004,False,Apparel
2022-02-01,474.28,1341.8,168.596,489.28000000000003,False,Apparel
2022-02-02,472.2,1341.5,168.16,492.1,False,Apparel
2022-02-03,465.95,1347.65,170.19,471.20000000000005,False,Apparel
2022-02-04,459.7,1353.8,172.22,450.3,False,Apparel
2022-02-05,448.75,1374.4,169.645,408.9,False,Apparel
2022-02-06,424.625,1370.6,168.51749999999998,406.85,False,Apparel
2022-02-07,400.5,1366.8,167.39,404.8,False,Apparel
2022-02-08,444.29999999999995,1380.2,170.64,444.45000000000005,False,Apparel
2022-02-09,473.0,1340.6,173.86,472.9,False,Apparel
2022-02-10,472.3,1336.2,166.54,491.9,False,Apparel
2022-02-11,505.7,1322.3,170.55,493.6,False,Apparel
2022-02-12,482.9,1324.1333333333332,166.57000000000002,471.6333333333333,False,Apparel
2022-02-13,460.1,1325.9666666666667,162.59,449.6666666666667,False,Apparel
2022-02-14,437.3,1327.8,158.61,427.7,False,Apparel
2022-02-15,443.4,1323.1999999999998,160.675,416.29999999999995,False,Apparel
2022-02-16,449.5,1318.6,162.74,404.9,False,Apparel
2022-02-17,485.0,1307.35,165.215,454.2,False,Apparel
2022-02-18,520.5,1296.1,167.69,503.5,False,Apparel
2022-02-19,534.55,1304.65,165.76,514.3,False,Apparel
2022-02-20,548.6,1313.2,163.83,525.1,True,Apparel
2022-02-21,561.5666666666667,1310.3333333333333,166.69333333333333,542.3333333333334,False,Apparel
2022-02-22,574.5333333333333,1307.4666666666667,169.55666666666667,559.5666666666666,False,Apparel
2022-02-23,587.5,1304.6,172.42,576.8,True,Apparel
2022-02-24,724.7,1295.0,165.47,716.8,True,Apparel
2022-02-25,468.9,1310.6,165.07,472.3,False,Apparel
2022-02-26,453.9,1314.15,167.555,465.65,False,Apparel
2022-02-27,438.9,1317.7,170.04,459.0,False,Apparel
2022-02-28,445.62,1320.16,170.579,458.9,False,Apparel
2022-03-01,452.34,1322.6200000000001,171.118,458.8,False,Apparel
2022-03-02,459.06,1325.08,171.657,458.7,False,Apparel
2022-03-03,465.78,1327.54,172.196,458.6,False,Apparel
2022-03-04,472.5,1330.0,172.735,458.5,False,Apparel
2022-03-05,473.0,1324.3,173.5875,457.7,False,Apparel
2022-03-06,473.5,1318.6,174.44,456.9,False,Apparel
2022-03-07,464.7,1334.7,171.17,434.2,False,Apparel
2022-03-08,436.8,1337.8,175.67,412.1,False,Apparel
2022-03-09,448.3,1336.6,168.46,440.0,False,Apparel
2022-03-10,451.5,1334.9499999999998,168.02,438.225,False,Apparel
2022-03-11,454.70000000000005,1333.3,167.57999999999998,436.45,False,Apparel
2022-03-12,457.90000000000003,1331.65,167.14,434.67499999999995,False,Apparel
2022-03-13,461.1,1330.0,166.7,432.9,False,Apparel
2022-03-14,464.98,1330.16,168.16,446.09999999999997,False,Apparel
2022-03-15,468.86,1330.32,169.62,459.29999999999995,False,Apparel
2022-03-16,472.74,1330.48,171.07999999999998,472.5,False,Apparel
2022-03-17,476.62,1330.6399999999999,172.54,485.7,False,Apparel
2022-03-18,480.5,1330.8,174.0,498.9,False,Apparel
2022-03-19,470.5,1331.35,170.445,480.75,False,Apparel
2022-03-20,460.5,1331.9,166.89,462.6,False,Apparel
2022-03-21,448.5,1337.35,166.92,430.55,False,Apparel
2022-03-22,436.5,1342.8,166.95,398.5,False,Apparel
2022-03-23,458.3,1329.2,171.85,429.9,False,Apparel
2022-03-24,472.7,1327.6,171.6,491.7,False,Apparel
2022-03-25,489.0,1323.8,163.81,482.1,False,Apparel
2022-03-26,465.45,1332.05,165.725,467.0,False,Apparel
2022-03-27,441.9,1340.3,167.64,451.9,False,Apparel
2022-03-28,430.8,1344.5666666666666,168.46333333333334,439.76666666666665,False,Apparel
2022-03-29,419.7,1348.8333333333333,169.28666666666666,427.6333333333333,False,Apparel
2022-03-30,408.6,1353.1,170.11,415.5,False,Apparel
2022-03-31,490.1,1329.0,173.53,486.2,False,Apparel
2022-04-01,454.3,1347.3,172.49,460.6,False,Apparel
2022-04-02,539.0,1324.3,167.67,539.9,False,Apparel
2022-04-03,481.3,1341.4,171.91,470.1,False,Apparel
2022-04-04,423.6,1358.5,176.15,400.3,False,Apparel
2022-04-05,405.0,1373.1,167.79,422.6,False,Apparel
2022-04-06,413.75,1403.75,167.82,419.8,False,Apparel
2022-04-07,422.5,1434.4,167.85,417.0,False,Apparel
2022-04-08,429.1,1409.1000000000001,170.04666666666665,428.43333333333334,False,Apparel
2022-04-09,435.7,1383.8,172.24333333333334,439.8666666666667,False,Apparel
2022-04-10,442.3,1358.5,174.44,451.3,False,Apparel
2022-04-11,2668.6,805.6,171.49,781.9,True,Apparel
2022-04-12,538.0,1380.3,169.0,491.4,False,Apparel
2022-04-13,409.4,1377.2,166.61,428.9,False,Apparel
2022-04-14,453.4,1368.7,171.9,468.5,False,Apparel
2022-04-15,498.1,1355.9,165.08,467.7,False,Apparel
2022-04-16,483.05,1358.9,166.905,463.04999999999995,False,Apparel
2022-04-17,468.0,1361.9,168.73,458.4,False,Apparel
2022-04-18,439.9,1375.2,174.52,437.6,False,Apparel
2022-04-19,450.2,1371.2,167.01,409.8,False,Apparel
2022-04-20,453.4,1375.1,170.31,456.1,False,Apparel
2022-04-21,475.04999999999995,1372.3,167.365,483.85,False,Apparel
2022-04-22,496.7,1369.5,164.42,511.6,False,Apparel
2022-04-23,429.4,1390.5,165.93,399.7,False,Apparel
2022-04-24,436.7,1391.3,170.38,446.0,False,Apparel
2022-04-25,442.6666666666667,1391.6666666666667,170.44666666666666,450.46666666666664,False,Apparel
2022-04-26,448.6333333333333,1392.0333333333333,170.51333333333335,454.93333333333334,False,Apparel
2022-04-27,454.6,1392.4,170.58,459.4,False,Apparel
2022-04-28,469.3666666666667,1391.6333333333334,172.10333333333335,468.4,False,Apparel
2022-04-29,484.1333333333333,1390.8666666666666,173.62666666666667,477.4,False,Apparel
2022-04-30,498.9,1390.1,175.15,486.4,False,Apparel
2022-05-01,477.3666666666667,1396.7333333333333,173.51333333333335,469.7333333333333,False,Apparel
2022-05-02,455.8333333333333,1403.3666666666666,171.87666666666667,453.06666666666666,False,Apparel
2022-05-03,434.3,1410.0,170.24,436.4,False,Apparel
2022-05-04,441.675,1409.35,170.64000000000001,435.4,False,Apparel
2022-05-05,449.05,1408.7,171.04000000000002,434.4,False,Apparel
2022-05-06,456.425,1408.0500000000002,171.44,433.4,False,Apparel
2022-05-07,463.8,1407.4,171.84,432.4,False,Apparel
2022-05-08,441.54999999999995,1408.2,169.3775,420.625,False,Apparel
2022-05-09,419.29999999999995,1409.0,166.91500000000002,408.85,False,Apparel
2022-05-10,541.0,1422.0,170.48,512.8,True,Apparel
2022-05-11,472.7,1407.2,167.63,484.2,False,Apparel
2022-05-12,450.56666666666666,1418.9333333333334,168.32999999999998,450.5333333333333,False,Apparel
2022-05-13,428.43333333333334,1430.6666666666667,169.03,416.8666666666667,False,Apparel
2022-05-14,406.3,1442.4,169.73,383.2,False,Apparel
2022-05-15,412.20000000000005,1435.6,169.76999999999998,385.6,False,Apparel
2022-05-16,418.1,1428.8,169.81,388.0,False,Apparel
2022-05-17,425.35,1428.65,169.425,390.4,False,Apparel
2022-05-18,432.6,1428.5,169.04,392.8,False,Apparel
2022-05-19,655.5,1425.1,168.72,615.4,True,Apparel
2022-05-20,456.6,1417.5,170.2,416.9,False,Apparel
2022-05-21,441.4,1421.0,168.02,417.4,False,Apparel
2022-05-22,413.5,1429.0,168.43,424.4,False,Apparel
2022-05-23,350.5,1445.9,169.82,359.2,False,Apparel
2022-05-24,375.3666666666667,1441.0333333333333,170.65,369.06666666666666,False,Apparel
2022-05-25,400.23333333333335,1436.1666666666667,171.48,378.93333333333334,False,Apparel
2022-05-26,425.1,1431.3,172.31,388.8,False,Apparel
2022-05-27,460.8,1418.9,170.88,457.2,False,Apparel
2022-05-28,461.7,1417.3,160.98,434.9,False,Apparel
2022-05-29,429.4,1419.3,166.86,433.4,False,Apparel
2022-05-30,444.95,1415.35,170.26,437.75,False,Apparel
2022-05-31,460.5,1411.4,173.66,442.1,False,Apparel
2022-06-01,453.9,1386.4,166.48,436.25,False,Apparel
2022-06-02,463.7,1392.85,166.37,447.125,False,Apparel
2022-06-03,473.5,1399.3,166.26,458.0,False,Apparel
2022-06-04,442.73333333333335,1410.2,167.45666666666665,438.0,False,Apparel
2022-06-05,411.96666666666664,1421.1,168.65333333333334,418.0,False,Apparel
2022-06-06,381.2,1432.0,169.85,398.0,False,Apparel
2022-06-07,409.375,1424.85,167.5975,423.35,False,Apparel
2022-06-08,437.55,1417.7,165.345,448.7,False,Apparel
2022-06-09,452.275,1416.9,166.1325,467.2,False,Apparel
2022-06-10,467.0,1416.1,166.92,485.7,False,Apparel
2022-06-11,432.15,1422.5,167.755,447.9,False,Apparel
2022-06-12,397.3,1428.9,168.59,410.1,False,Apparel
2022-06-13,418.0,1426.9,171.56,4273.0,False,Apparel
2022-06-14,408.0,1432.1,169.01,403.6,False,Apparel
2022-06-15,435.2,1424.25,170.04,443.4,False,Apparel
2022-06-16,462.4,1416.4,171.07,483.2,False,Apparel
2022-06-17,466.65,1418.25,172.965,473.0,False,Apparel
2022-06-18,470.9,1420.1,174.86,462.8,False,Apparel
2022-06-19,458.0,1424.9,173.56,477.5,False,Apparel
2022-06-20,445.4,1427.25,172.675,451.5,False,Apparel
2022-06-21,432.8,1429.6,171.79,425.5,False,Apparel
2022-06-22,442.55,1419.1,171.96499999999997,424.7,False,Apparel
2022-06-23,452.3,1408.6,172.14,423.9,False,Apparel
2022-06-24,460.9,1401.6,169.2,464.4,False,Apparel
2022-06-25,471.04999999999995,1395.25,168.63,470.65,False,Apparel
2022-06-26,481.2,1388.9,168.06,476.9,False,Apparel
2022-06-27,417.0,1417.0,171.41,393.8,False,Apparel
2022-06-28,580.2,1424.8,175.58,532.1,True,Apparel
2022-06-29,418.7,1418.2,169.55,418.6,False,Apparel
2022-06-30,430.06666666666666,1419.6666666666667,169.92666666666668,427.03333333333336,False,Apparel
2022-07-01,441.43333333333334,1421.1333333333332,170.30333333333334,435.46666666666664,False,Apparel
2022-07-02,452.8,1422.6,170.68,443.9,False,Apparel
2022-07-03,445.3,1430.5,168.36,452.0,False,Apparel
2022-07-04,454.6,1430.3666666666666,166.98333333333335,443.8,False,Apparel
2022-07-05,463.9,1430.2333333333333,165.60666666666665,435.59999999999997,False,Apparel
2022-07-06,473.2,1430.1,164.23,427.4,False,Apparel
2022-07-07,482.4,1418.7,172.04,461.5,False,Apparel
2022-07-08,479.8,1424.9,169.87,456.0,False,Apparel
2022-07-09,457.65,1429.95,170.72500000000002,440.0,False,Apparel
2022-07-10,435.5,1435.0,171.58,424.0,False,Apparel
2022-07-11,478.8,1378.1,175.49,479.1,False,Apparel
2022-07-12,394.6,1461.4,169.79,361.6,False,Apparel
2022-07-13,453.8,1443.1,166.75,446.6,False,Apparel
2022-07-14,454.45000000000005,1440.65,168.75,430.6,False,Apparel
2022-07-15,455.1,1438.2,170.75,414.6,False,Apparel
2022-07-16,463.3,1439.8,169.12,435.7,False,Apparel
2022-07-17,454.15,1440.25,168.35000000000002,418.35,False,Apparel
2022-07-18,445.0,1440.7,167.58,401.0,False,Apparel
2022-07-19,453.7,1443.8,166.66,442.8,False,Apparel
2022-07-20,446.7,1435.9,174.6,437.8,False,Apparel
2022-07-21,468.45,1426.0500000000002,172.28,454.0,False,Apparel
2022-07-22,490.2,1416.2,169.96,470.2,False,Apparel
2022-07-23,461.96666666666664,1258.9666666666667,170.90333333333334,453.56666666666666,False,Apparel
2022-07-24,433.73333333333335,1101.7333333333333,171.84666666666666,436.93333333333334,False,Apparel
2022-07-25,405.5,944.5,172.79,420.3,False,Apparel
2022-07-26,504.4,940.0,165.33,43.9,True,Apparel
2022-07-27,488.25,931.75,167.60500000000002,259.3,False,Apparel
2022-07-28,472.1,923.5,169.88,474.7,False,Apparel
2022-07-29,462.3,1418.2,163.54,454.7,False,Apparel
2022-07-30,435.95000000000005,1419.85,167.72,420.54999999999995,False,Apparel
2022-07-31,409.6,1421.5,171.9,386.4,False,Apparel
2022-08-01,422.25,1411.9625,170.97375,406.65,False,Apparel
2022-08-02,434.90000000000003,1402.425,170.0475,426.9,False,Apparel
2022-08-03,447.55000000000007,1392.8874999999998,169.12125,447.15,False,Apparel
2022-08-04,460.20000000000005,1383.35,168.195,467.4,False,Apparel
2022-08-05,472.4,1402.5,172.66,443.9,False,Apparel
2022-08-06,961.4000000000001,1193.5,173.28,458.1,False,Apparel
2022-08-07,1450.4,984.5,173.9,472.3,False,Apparel
2022-08-08,426.7,993.0,172.61,391.1,False,Apparel
2022-08-09,479.7,1362.1,165.44,470.2,False,Apparel
2022-08-10,487.725,1373.3249999999998,165.6825,471.8,False,Apparel
2022-08-11,495.75,1384.55,165.925,473.4,False,Apparel
2022-08-12,503.775,1395.775,166.1675,475.0,False,Apparel
2022-08-13,511.8,1407.0,166.41,476.6,False,Apparel
2022-08-14,494.95000000000005,1414.25,167.51,484.4,False,Apparel
2022-08-15,478.1,1421.5,168.61,492.2,False,Apparel
2022-08-16,424.8,1441.1,167.97,437.9,False,Apparel
2022-08-17,452.65,1434.6,166.675,468.45,False,Apparel
2022-08-18,480.5,1428.1,165.38,499.0,False,Apparel
2022-08-19,510.1,1410.1,170.41,494.5,False,Apparel
2022-08-20,472.3,1420.4,168.01,434.7,False,Apparel
2022-08-21,451.8,1429.4,171.04,433.54999999999995,False,Apparel
2022-08-22,431.3,1438.4,174.07,432.4,False,Apparel
2022-08-23,461.9,1427.0,172.41,432.7,False,Apparel
2022-08-24,523.5,1432.8,174.94,521.4,True,Apparel
2022-08-25,513.7,1414.9,172.42000000000002,494.79999999999995,False,Apparel
2022-08-26,503.9,1397.0,169.9,468.2,False,Apparel
2022-08-27,467.0,1409.0,165.52,4634.0,False,Apparel
2022-08-28,456.15,1410.25,168.41500000000002,2533.65,False,Apparel
2022-08-29,445.3,1411.5,171.31,433.3,False,Apparel
2022-08-30,447.95,1411.95,171.02125,438.7625,False,Apparel
2022-08-31,450.6,1412.4,170.73250000000002,444.225,False,Apparel
2022-09-01,453.25,1412.85,170.44375,449.6875,False,Apparel
2022-09-02,455.9,1413.3,170.155,455.15,False,Apparel
2022-09-03,458.55,1413.75,169.86625,460.6125,False,Apparel
2022-09-04,461.2,1414.1999999999998,169.5775,466.075,False,Apparel
2022-09-05,463.85,1414.6499999999999,169.28875,471.5375,False,Apparel
2022-09-06,466.5,1415.1,169.0,477.0,False,Apparel
2022-09-07,506.8,1352.5,167.5,499.6,False,Apparel
2022-09-08,518.2,1349.8,168.625,511.7,False,Apparel
2022-09-09,529.6,1347.1,169.75,523.8,False,Apparel
2022-09-10,517.05,1350.6999999999998,170.04,502.65,False,Apparel
2022-09-11,504.5,1354.3,170.32999999999998,481.5,False,Apparel
2022-09-12,491.95,1357.9,170.62,460.34999999999997,False,Apparel
2022-09-13,479.4,1361.5,170.91,439.2,False,Apparel
2022-09-14,503.09999999999997,1356.7,168.07,479.25,False,Apparel
2022-09-15,526.8,1351.9,165.23,519.3,False,Apparel
2022-09-16,546.6,1335.7,165.79,563.5,False,Apparel
2022-09-17,528.85,1338.7,169.07,529.3,False,Apparel
2022-09-18,511.1,1341.7,172.35,495.1,False,Apparel
2022-09-19,478.15,1353.75,170.125,469.4,False,Apparel
2022-09-20,445.2,1365.8,167.9,443.7,False,Apparel
2022-09-21,492.1,1350.1,168.45,483.25,False,Apparel
2022-09-22,539.0,1334.4,169.0,522.8,False,Apparel
2022-09-23,686.55,1334.6,168.0,684.45,False,Apparel
2022-09-24,834.1,1334.8,167.0,846.1,True,Apparel
2022-09-25,477.8,1356.9,167.88,444.2,False,Apparel
2022-09-26,461.6,1357.4,166.76,476.1,False,Apparel
2022-09-27,452.1,1361.1,169.34,457.2,False,Apparel
2022-09-28,455.0714285714286,1360.9285714285713,169.25857142857143,462.1428571428571,False,Apparel
2022-09-29,458.04285714285714,1360.7571428571428,169.17714285714285,467.0857142857143,False,Apparel
2022-09-30,461.01428571428573,1360.5857142857142,169.09571428571428,472.0285714285714,False,Apparel
2022-10-01,463.98571428571427,1360.4142857142858,169.01428571428573,476.9714285714286,False,Apparel
2022-10-02,466.95714285714286,1360.2428571428572,168.93285714285716,481.9142857142857,False,Apparel
2022-10-03,469.9285714285714,1360.0714285714287,168.85142857142858,486.8571428571429,False,Apparel
2022-10-04,472.9,1359.9,168.77,491.8,False,Apparel
2022-10-05,506.9,1354.9,167.945,512.35,False,Apparel
2022-10-06,540.9,1349.9,167.12,532.9,False,Apparel
2022-10-07,521.65,1349.2,168.785,498.15,False,Apparel
2022-10-08,502.4,1348.5,170.45,463.4,False,Apparel
2022-10-09,490.35,1350.9,171.065,452.45,False,Apparel
2022-10-10,478.3,1353.3,171.68,441.5,False,Apparel
2022-10-11,498.0,1343.1,169.15,463.5,False,Apparel
2022-10-12,493.7,1344.24,168.24,470.32,False,Apparel
2022-10-13,489.4,1345.3799999999999,167.33,477.14,False,Apparel
2022-10-14,485.1,1346.52,166.42,483.96000000000004,False,Apparel
2022-10-15,480.8,1347.6599999999999,165.51,490.78000000000003,False,Apparel
2022-10-16,476.5,1348.8,164.6,497.6,False,Apparel
2022-10-17,469.7,1353.0,172.65,473.4,False,Apparel
2022-10-18,463.6,1340.2,174.45,469.7,False,Apparel
2022-10-19,513.2,1326.9,164.41,515.6,False,Apparel
2022-10-20,498.9,1327.9,169.09,512.5,False,Apparel
2022-10-21,496.65,1331.1000000000001,169.335,495.45,False,Apparel
2022-10-22,494.4,1334.3000000000002,169.57999999999998,478.4,False,Apparel
2022-10-23,492.15,1337.5,169.825,461.35,False,Apparel
2022-10-24,489.9,1340.7,170.07,444.3,False,Apparel
2022-10-25,450.7,1357.9,172.17,428.8,False,Apparel
2022-10-26,487.5,1351.7,170.92,458.15,False,Apparel
2022-10-27,524.3,1345.5,169.67,487.5,False,Apparel
2022-10-28,872.1,1340.7,166.32,870.9,True,Apparel
2022-10-29,511.6,1351.2,175.87,488.6,False,Apparel
2022-10-30,491.1,1356.7,173.52,484.6,False,Apparel
2022-10-31,506.6,809.8,168.68,482.3,False,Apparel
2022-11-01,511.4,807.8,163.27,489.8,False,Apparel
2022-11-02,534.5,807.0,165.22,33.8,False,Apparel
2022-11-03,535.5,1302.1,165.19,538.7,False,Apparel
2022-11-04,524.6666666666666,1324.6333333333332,166.62,534.9666666666667,False,Apparel
2022-11-05,513.8333333333334,1347.1666666666667,168.04999999999998,531.2333333333333,False,Apparel
2022-11-06,503.0,1369.7,169.48,527.5,False,Apparel
2022-11-07,428.7,1440.5,174.8,419.4,False,Apparel
2022-11-08,469.7,1389.7,172.16,459.2,False,Apparel
2022-11-09,491.6333333333333,1386.6333333333334,171.17,478.6333333333333,False,Apparel
2022-11-10,513.5666666666666,1383.5666666666666,170.18,498.06666666666666,False,Apparel
2022-11-11,535.5,1380.5,169.19,517.5,False,Apparel
2022-11-12,526.0666666666666,1384.2333333333333,169.83666666666667,512.8666666666667,False,Apparel
2022-11-13,516.6333333333333,1387.9666666666667,170.48333333333332,508.23333333333335,False,Apparel
2022-11-14,507.2,1391.7,171.13,503.6,False,Apparel
2022-11-15,541.0,1382.45,172.965,548.3,False,Apparel
2022-11-16,574.8,1373.2,174.8,593.0,False,Apparel
2022-11-17,556.5,1377.9,168.72,567.3,False,Apparel
2022-11-18,543.0,1381.8,167.05,491.0,False,Apparel
2022-11-19,471.7,1412.7,169.23,442.8,False,Apparel
2022-11-20,632.8,1411.2,167.96,600.6,True,Apparel
2022-11-21,1423.3,1435.6,167.38,390.2,False,Apparel
2022-11-22,1273.1166666666666,1428.6166666666666,168.30166666666668,412.8333333333333,False,Apparel
2022-11-23,1122.9333333333334,1421.6333333333332,169.22333333333333,435.46666666666664,False,Apparel
2022-11-24,972.75,1414.65,170.14499999999998,458.1,False,Apparel
2022-11-25,822.5666666666667,1407.6666666666667,171.06666666666666,480.73333333333335,False,Apparel
2022-11-26,672.3833333333334,1400.6833333333334,171.98833333333334,503.3666666666667,False,Apparel
2022-11-27,522.2,1393.7,172.91,526.0,False,Apparel
2022-11-28,465.4,1411.0,164.58,434.3,False,Apparel
2022-11-29,500.6,1408.5,167.37,505.8,False,Apparel
2022-11-30,552.4,1389.6,172.24,510.7,False,Apparel
2022-12-01,549.3499999999999,1387.65,171.38,536.1,False,Apparel
2022-12-02,546.3,1385.7,170.52,561.5,False,Apparel
2022-12-03,491.3,1399.9,166.32,446.0,False,Apparel
2022-12-04,404.5,1373.9,165.7,406.7,False,Apparel
2022-12-05,504.9,1388.2,168.34,502.5,False,Apparel
2022-12-06,520.7,1383.65,169.84,507.75,False,Apparel
2022-12-07,536.5,1379.1,171.34,513.0,False,Apparel
2022-12-08,495.45,1372.6999999999998,171.315,470.3,False,Apparel
2022-12-09,454.4,1366.3,171.29,427.6,False,Apparel
2022-12-10,479.85,1380.9,172.06,456.3,False,Apparel
2022-12-11,505.3,1395.5,172.83,485.0,False,Apparel
2022-12-12,674.5,1399.4,167.45,702.0,True,Apparel
2022-12-13,508.7,1395.2,172.55,477.6,False,Apparel
2022-12-14,556.8,1377.4,172.79,559.7,False,Apparel
2022-12-15,531.1,1383.0,169.9,524.2,False,Apparel
2022-12-16,569.6,1362.8,168.2,551.0,False,Apparel
2022-12-17,529.8,1364.4,165.18,488.3,False,Apparel
2022-12-18,683.5,1365.6,170.12,674.8,True,Apparel
2022-12-19,469.8,1375.1,172.82,483.2,False,Apparel
2022-12-20,464.1,1377.3,175.62,484.6,False,Apparel
2022-12-21,497.2,1357.0,168.68,517.5,False,Apparel
2022-12-22,549.5,1336.1,161.17,5593.0,False,Apparel
2022-12-23,586.7,1327.2,166.6,582.1,False,Apparel
2022-12-24,601.9333333333334,1337.7666666666667,166.64,593.1,False,Apparel
2022-12-25,617.1666666666666,1348.3333333333335,166.68,604.1,False,Apparel
2022-12-26,632.4,1358.9,166.72,615.1,True,Apparel
2022-12-27,591.05,1352.3000000000002,168.985,578.1,False,Apparel
2022-12-28,549.7,1345.7,171.25,541.1,False,Apparel
2022-12-29,560.1,1340.8,183.12,576.5,False,Apparel
2022-12-30,530.0,1350.9,178.275,520.55,False,Apparel
2022-12-31,499.9,1361.0,173.43,464.6,False,Apparel
2023-01-01,491.1,1364.5,172.35,478.5,False,Apparel
2023-01-02,563.5,1373.35,172.70499999999998,536.5,False,Apparel
2023-01-03,635.9,1382.2,173.06,594.5,True,Apparel
2023-01-04,543.9,1369.4,165.04,535.4,False,Apparel
2020-01-02,343.20000000000005,803.0,216.32999999999998,331.9,False,Automotive Parts
2020-01-03,308.2,835.1,217.96,287.5,False,Automotive Parts
2020-01-04,313.5,835.5,212.92,315.3,False,Automotive Parts
2020-01-05,308.3,838.7,214.16,309.1,False,Automotive Parts
2020-01-06,271.4,844.2,223.34,247.1,False,Automotive Parts
2020-01-07,296.4,839.7,217.75,286.8,False,Automotive Parts
2020-01-08,314.7,833.4,212.43,284.5,False,Automotive Parts
2020-01-09,227.9,764.9,220.75,228.5,False,Automotive Parts
2020-01-10,288.0,791.65,218.91500000000002,279.55,False,Automotive Parts
2020-01-11,348.1,818.4,217.08,330.6,False,Automotive Parts
2020-01-12,358.75,828.4,214.265,343.3,False,Automotive Parts
2020-01-13,369.4,838.4,211.45,356.0,True,Automotive Parts
2020-01-14,299.6,844.2,217.32,308.9,False,Automotive Parts
2020-01-15,310.25,837.8,218.935,318.7,False,Automotive Parts
2020-01-16,320.9,831.4,220.55,328.5,False,Automotive Parts
2020-01-17,331.96666666666664,824.7333333333333,218.70666666666668,338.6666666666667,False,Automotive Parts
2020-01-18,343.03333333333336,818.0666666666666,216.86333333333334,348.8333333333333,False,Automotive Parts
2020-01-19,354.1,811.4,215.02,359.0,False,Automotive Parts
2020-01-20,342.6,808.2,212.755,346.8,False,Automotive Parts
2020-01-21,331.1,805.0,210.49,334.6,False,Automotive Parts
2020-01-22,303.8,819.2,221.51,310.3,False,Automotive Parts
2020-01-23,358.3,810.0,227.83,346.8,False,Automotive Parts
2020-01-24,348.2,810.0,220.09,318.7,False,Automotive Parts
2020-01-25,328.5,812.5,218.18,298.85,False,Automotive Parts
2020-01-26,308.8,815.0,216.27,279.0,False,Automotive Parts
2020-01-27,352.3,795.0,218.99,344.2,False,Automotive Parts
2020-01-28,343.8,794.5,216.76,328.75,False,Automotive Parts
2020-01-29,335.3,794.0,214.53,313.3,False,Automotive Parts
2020-01-30,354.6,787.0,215.26,348.8,False,Automotive Parts
2020-01-31,356.7,787.6,218.52,352.9,False,Automotive Parts
2020-02-01,347.95,788.6,218.79000000000002,331.1,False,Automotive Parts
2020-02-02,339.2,789.6,219.06,309.3,False,Automotive Parts
2020-02-03,300.15,678.45,216.625,166.04999999999998,False,Automotive Parts
2020-02-04,307.5,796.7,218.05,301.7,False,Automotive Parts
2020-02-05,364.6,777.7,213.88,333.0,False,Automotive Parts
2020-02-06,350.2,784.3,212.92,327.3,False,Automotive Parts
2020-02-07,354.9,772.2,217.94,327.0,False,Automotive Parts
2020-02-08,335.9,789.4,218.72,304.9,False,Automotive Parts
2020-02-09,322.95,795.15,219.32999999999998,310.0,False,Automotive Parts
2020-02-10,310.0,800.9,219.94,315.1,False,Automotive Parts
2020-02-11,266.6,676.0,210.93,271.3,False,Automotive Parts
2020-02-12,328.1,801.3,227.6,298.5,False,Automotive Parts
2020-02-13,340.3,795.2,219.975,308.8,False,Automotive Parts
2020-02-14,352.5,789.1,212.35,319.1,False,Automotive Parts
2020-02-15,342.84,790.6,214.894,313.5,False,Automotive Parts
2020-02-16,333.18,792.1,217.438,307.90000000000003,False,Automotive Parts
2020-02-17,323.52,793.6,219.982,302.3,False,Automotive Parts
2020-02-18,313.86,795.1,222.52599999999998,296.70000000000005,False,Automotive Parts
2020-02-19,304.2,796.6,225.07,291.1,False,Automotive Parts
2020-02-20,363.8,783.1,218.64,366.7,False,Automotive Parts
2020-02-21,355.1,786.05,220.2,351.2,False,Automotive Parts
2020-02-22,346.4,789.0,221.76,335.7,False,Automotive Parts
2020-02-23,313.7,794.1,218.34,285.3,False,Automotive Parts
2020-02-24,354.6,788.6,220.61,337.8,False,Automotive Parts
2020-02-25,302.4,809.2,222.09,312.0,False,Automotive Parts
2020-02-26,321.5333333333333,797.3666666666667,219.54,333.3333333333333,False,Automotive Parts
2020-02-27,340.6666666666667,785.5333333333334,216.99,354.6666666666667,False,Automotive Parts
2020-02-28,359.8,773.7,214.44,376.0,False,Automotive Parts
2020-02-29,392.2,536.3,220.38,361.8,False,Automotive Parts
2020-03-01,368.73333333333335,540.6333333333333,219.24333333333334,340.3666666666667,False,Automotive Parts
2020-03-02,345.26666666666665,544.9666666666666,218.10666666666665,318.93333333333334,False,Automotive Parts
2020-03-03,321.8,549.3,216.97,297.5,False,Automotive Parts
2020-03-04,327.85,667.4,217.68,304.75,False,Automotive Parts
2020-03-05,333.9,785.5,218.39,312.0,False,Automotive Parts
2020-03-06,360.1,777.7,213.97,334.3,False,Automotive Parts
2020-03-07,265.6,807.0,216.77,244.4,False,Automotive Parts
2020-03-08,342.0,777.8,219.9,336.7,False,Automotive Parts
2020-03-09,346.25,686.175,218.095,337.375,False,Automotive Parts
2020-03-10,350.5,594.55,216.29000000000002,338.04999999999995,False,Automotive Parts
2020-03-11,354.75,502.925,214.485,338.72499999999997,False,Automotive Parts
2020-03-12,359.0,411.3,212.68,339.4,False,Automotive Parts
2020-03-13,352.26666666666665,529.6666666666666,216.05333333333334,339.56666666666666,False,Automotive Parts
2020-03-14,345.53333333333336,648.0333333333333,219.42666666666668,339.7333333333333,False,Automotive Parts
2020-03-15,338.8,766.4,222.8,339.9,False,Automotive Parts
2020-03-16,327.75,768.25,222.65,325.85,False,Automotive Parts
2020-03-17,316.7,770.1,222.5,311.8,False,Automotive Parts
2020-03-18,325.25,771.25,220.07999999999998,320.35,False,Automotive Parts
2020-03-19,333.8,772.4,217.66,328.9,False,Automotive Parts
2020-03-20,390.2,759.2,217.07,359.6,False,Automotive Parts
2020-03-21,309.1,788.6,217.37,321.5,False,Automotive Parts
2020-03-22,348.7,774.9,212.4,351.0,False,Automotive Parts
2020-03-23,308.1,786.6,220.43,292.1,False,Automotive Parts
2020-03-24,324.5,791.3,223.88,315.55,False,Automotive Parts
2020-03-25,340.9,796.0,227.33,339.0,False,Automotive Parts
2020-03-26,348.0,798.0,218.17,338.6,False,Automotive Parts
2020-03-27,361.4,783.2,227.55,334.5,False,Automotive Parts
2020-03-28,339.7333333333333,790.9333333333334,223.35666666666668,313.1666666666667,False,Automotive Parts
2020-03-29,318.06666666666666,798.6666666666666,219.16333333333333,291.8333333333333,False,Automotive Parts
2020-03-30,296.4,806.4,214.97,270.5,False,Automotive Parts
2020-03-31,295.3,810.5,216.68,267.9,False,Automotive Parts
2020-04-01,319.70000000000005,799.2,218.745,312.4,False,Automotive Parts
2020-04-02,344.1,787.9,220.81,356.9,False,Automotive Parts
2020-04-03,342.6,786.3,211.46,319.3,False,Automotive Parts
2020-04-04,312.6,794.8,219.11,327.4,False,Automotive Parts
2020-04-05,320.7,787.5,208.8,303.5,False,Automotive Parts
2020-04-06,317.04166666666663,776.9583333333334,210.38916666666668,304.35,False,Automotive Parts
2020-04-07,313.3833333333333,766.4166666666666,211.97833333333332,305.2,False,Automotive Parts
2020-04-08,309.725,755.875,213.5675,306.05,False,Automotive Parts
2020-04-09,306.06666666666666,745.3333333333334,215.15666666666667,306.90000000000003,False,Automotive Parts
2020-04-10,302.4083333333333,734.7916666666666,216.7458333333333,307.75,False,Automotive Parts
2020-04-11,298.75,724.25,218.33499999999998,308.6,False,Automotive Parts
2020-04-12,309.0,786.3,222.08,303.4,False,Automotive Parts
2020-04-13,300.4,783.4,216.64,312.6,False,Automotive Parts
2020-04-14,305.4,787.4,215.77,275.2,False,Automotive Parts
2020-04-15,293.3,799.5,222.9,296.4,False,Automotive Parts
2020-04-16,343.2,791.6,220.09,350.7,False,Automotive Parts
2020-04-17,344.9,794.4,214.75,336.1,False,Automotive Parts
2020-04-18,326.9,801.05,213.75,322.9,False,Automotive Parts
2020-04-19,308.9,807.7,212.75,309.7,False,Automotive Parts
2020-04-20,306.4,807.4333333333334,211.88666666666666,305.5,False,Automotive Parts
2020-04-21,303.9,807.1666666666666,211.02333333333334,301.3,False,Automotive Parts
2020-04-22,301.4,806.9,210.16,297.1,False,Automotive Parts
2020-04-23,330.3,800.8,222.14,326.3,False,Automotive Parts
2020-04-24,323.9,805.6,225.21,324.3,False,Automotive Parts
2020-04-25,321.5,810.05,219.70499999999998,328.75,False,Automotive Parts
2020-04-26,319.1,814.5,214.2,333.2,False,Automotive Parts
2020-04-27,291.4,818.8,221.78,282.0,False,Automotive Parts
2020-04-28,293.2,824.7,209.98,303.5,False,Automotive Parts
2020-04-29,324.0,816.3,212.94,311.4,False,Automotive Parts
2020-04-30,311.6,828.2,217.0,296.7,False,Automotive Parts
2020-05-01,472.4,813.8,219.42,438.1,True,Automotive Parts
2020-05-02,431.2,817.15,219.07,417.8,False,Automotive Parts
2020-05-03,390.0,820.5,218.72,397.5,True,Automotive Parts
2020-05-04,327.25,830.95,215.175,320.75,False,Automotive Parts
2020-05-05,264.5,841.4,211.63,244.0,False,Automotive Parts
2020-05-06,303.3,831.1,215.72,283.2,False,Automotive Parts
2020-05-07,322.0,833.0,222.66,321.6,False,Automotive Parts
2020-05-08,408.7,832.7,219.04,409.2,True,Automotive Parts
2020-05-09,368.1666666666667,835.7333333333333,218.34,361.8666666666667,False,Automotive Parts
2020-05-10,327.6333333333333,838.7666666666667,217.64,314.5333333333333,False,Automotive Parts
2020-05-11,287.1,841.8,216.94,267.2,False,Automotive Parts
2020-05-12,297.4,622.7,209.82,307.0,False,Automotive Parts
2020-05-13,279.9,839.8,207.66,271.0,False,Automotive Parts
2020-05-14,322.8,822.4,218.3,317.6,False,Automotive Parts
2020-05-15,297.1,434.2,213.76,276.4,False,Automotive Parts
2020-05-16,306.7,435.1,223.12,278.1,False,Automotive Parts
2020-05-17,302.6333333333333,437.43333333333334,221.51333333333335,279.03333333333336,False,Automotive Parts
2020-05-18,298.56666666666666,439.7666666666667,219.90666666666667,279.96666666666664,False,Automotive Parts
2020-05-19,294.5,442.1,218.3,280.9,False,Automotive Parts
2020-05-20,283.3,853.5,218.49,287.8,False,Automotive Parts
2020-05-21,285.5,846.35,219.26,279.65,False,Automotive Parts
2020-05-22,287.7,839.2,220.03,271.5,False,Automotive Parts
2020-05-23,299.1,844.3,215.07,282.4,False,Automotive Parts
2020-05-24,281.3,852.7,215.81,262.3,False,Automotive Parts
2020-05-25,275.3,855.4,212.32,276.4,False,Automotive Parts
2020-05-26,294.5,846.25,214.325,289.29999999999995,False,Automotive Parts
2020-05-27,313.7,837.1,216.33,302.2,False,Automotive Parts
2020-05-28,280.3,840.8,214.04,264.5,False,Automotive Parts
2020-05-29,328.5,825.4,214.88,337.0,False,Automotive Parts
2020-05-30,299.55,843.55,219.05,304.95,False,Automotive Parts
2020-05-31,270.6,861.7,223.22,272.9,False,Automotive Parts
2020-06-01,239.4,875.8,222.31,222.8,False,Automotive Parts
2020-06-02,264.8,873.6,224.93,268.3,False,Automotive Parts
2020-06-03,284.9,866.3,220.04,277.5,False,Automotive Parts
2020-06-04,295.0,833.45,218.95499999999998,292.3,False,Automotive Parts
2020-06-05,291.95,857.375,215.5975,278.6,False,Automotive Parts
2020-06-06,288.9,881.3,212.24,264.9,False,Automotive Parts
2020-06-07,254.3,893.3,220.82,258.9,False,Automotive Parts
2020-06-08,253.55,892.95,218.37,248.85,False,Automotive Parts
2020-06-09,252.8,892.6,215.92,238.8,False,Automotive Parts
2020-06-10,280.2,884.1,217.8,253.7,False,Automotive Parts
2020-06-11,303.5,875.4,217.33,299.0,False,Automotive Parts
2020-06-12,373.6,870.4,214.13,337.7,True,Automotive Parts
2020-06-13,268.4,876.2,215.93,269.5,False,Automotive Parts
2020-06-14,250.89999999999998,875.85,217.985,249.65,False,Automotive Parts
2020-06-15,233.4,875.5,220.04,229.8,False,Automotive Parts
2020-06-16,273.65,871.925,220.755,268.0,False,Automotive Parts
2020-06-17,313.9,868.35,221.47,306.20000000000005,False,Automotive Parts
2020-06-18,354.15,864.7750000000001,222.185,344.40000000000003,False,Automotive Parts
2020-06-19,394.4,861.2,222.9,382.6,True,Automotive Parts
2020-06-20,339.04999999999995,864.9000000000001,222.085,322.05,False,Automotive Parts
2020-06-21,283.7,868.6,221.27,261.5,True,Automotive Parts
2020-06-22,300.54999999999995,861.7,218.115,293.5,False,Automotive Parts
2020-06-23,317.4,854.8,214.96,325.5,True,Automotive Parts
2020-06-24,282.2,837.0,219.77,255.4,False,Automotive Parts
2020-06-25,293.85,827.2,218.375,268.6,False,Automotive Parts
2020-06-26,305.5,817.4,216.98,281.8,False,Automotive Parts
2020-06-27,270.5,820.9,214.9,245.0,False,Automotive Parts
2020-06-28,236.4,822.4,219.45,224.8,False,Automotive Parts
2020-06-29,213.8,834.7,214.92,216.8,False,Automotive Parts
2020-06-30,241.5,827.55,216.18,236.70000000000002,False,Automotive Parts
2020-07-01,269.2,820.4,217.44,256.6,False,Automotive Parts
2020-07-02,261.9,813.2,223.29,242.3,False,Automotive Parts
2020-07-03,344.7,780.5,220.33,320.6,False,Automotive Parts
2020-07-04,335.6428571428571,781.3857142857142,220.2557142857143,312.01428571428573,False,Automotive Parts
2020-07-05,326.5857142857143,782.2714285714286,220.18142857142857,303.42857142857144,False,Automotive Parts
2020-07-06,317.5285714285714,783.1571428571428,220.10714285714286,294.84285714285716,False,Automotive Parts
2020-07-07,308.4714285714286,784.0428571428572,220.03285714285715,286.25714285714287,False,Automotive Parts
2020-07-08,299.4142857142857,784.9285714285714,219.95857142857145,277.6714285714286,False,Automotive Parts
2020-07-09,290.3571428571429,785.8142857142858,219.8842857142857,269.0857142857143,False,Automotive Parts
2020-07-10,281.3,786.7,219.81,260.5,False,Automotive Parts
2020-07-11,276.8,786.2,221.76,260.5,False,Automotive Parts
2020-07-12,251.8,793.7,218.48,240.3,False,Automotive Parts
2020-07-13,230.5,797.2,218.49,227.8,False,Automotive Parts
2020-07-14,228.9,801.2,219.47,222.1,False,Automotive Parts
2020-07-15,255.5,792.5,224.22,2334.0,False,Automotive Parts
2020-07-16,257.4,787.0,212.08,248.1,False,Automotive Parts
2020-07-17,293.5,779.1,213.07,276.7,False,Automotive Parts
2020-07-18,252.85,783.2,214.665,240.45,False,Automotive Parts
2020-07-19,212.2,787.3,216.26,204.2,False,Automotive Parts
2020-07-20,256.3,766.0,222.48,232.5,False,Automotive Parts
2020-07-21,262.90000000000003,760.8,220.94333333333333,243.5,False,Automotive Parts
2020-07-22,269.5,755.6,219.40666666666667,254.5,False,Automotive Parts
2020-07-23,276.1,750.4,217.87,265.5,False,Automotive Parts
2020-07-24,269.3,749.4,223.01,267.5,False,Automotive Parts
2020-07-25,268.6,757.6,212.23,257.1,False,Automotive Parts
2020-07-26,282.90000000000003,762.1,216.97333333333333,270.56666666666666,False,Automotive Parts
2020-07-27,297.2,766.6,221.71666666666667,284.03333333333336,False,Automotive Parts
2020-07-28,311.5,771.1,226.46,297.5,True,Automotive Parts
2020-07-29,267.3,762.0,217.41,278.0,False,Automotive Parts
2020-07-30,258.55,766.35,217.19,262.1,False,Automotive Parts
2020-07-31,249.8,770.7,216.97,246.2,False,Automotive Parts
2020-08-01,259.4,768.6,223.53,256.4,False,Automotive Parts
2020-08-02,244.5,773.3,222.285,243.75,False,Automotive Parts
2020-08-03,229.6,778.0,221.04,231.1,False,Automotive Parts
2020-08-04,284.3,771.25,219.02999999999997,288.75,False,Automotive Parts
2020-08-05,230.2,756.6,214.41,214.4,False,Automotive Parts
2020-08-06,274.4,744.1,225.36,277.1,False,Automotive Parts
2020-08-07,251.4,780.15,221.825,230.3,False,Automotive Parts
2020-08-08,245.2,757.6,215.76,245.3,False,Automotive Parts
2020-08-09,188.1,773.7,215.62,185.3,False,Automotive Parts
2020-08-10,215.7,764.9,211.45,204.5,False,Automotive Parts
2020-08-11,214.4,758.1,222.34,197.9,False,Automotive Parts
2020-08-12,233.36666666666667,749.7,217.91,220.46666666666667,False,Automotive Parts
2020-08-13,252.33333333333334,741.3,213.48000000000002,243.03333333333336,False,Automotive Parts
2020-08-14,271.3,732.9,209.05,265.6,False,Automotive Parts
2020-08-15,254.2,738.6,219.3,255.3,False,Automotive Parts
2020-08-16,237.6,756.9,218.04,227.8,False,Automotive Parts
2020-08-17,228.4,757.5,222.78,214.7,False,Automotive Parts
2020-08-18,220.8,762.2,216.05,222.2,False,Automotive Parts
2020-08-19,246.2,511.7,217.28,235.4,False,Automotive Parts
2020-08-20,267.1,510.9,215.27,278.6,False,Automotive Parts
2020-08-21,247.55,514.8,217.645,251.4,False,Automotive Parts
2020-08-22,228.0,518.7,220.02,224.2,False,Automotive Parts
2020-08-23,226.8,636.05,217.91500000000002,218.14999999999998,False,Automotive Parts
2020-08-24,225.6,753.4,215.81,212.1,False,Automotive Parts
2020-08-25,236.9,745.8,222.22,243.8,False,Automotive Parts
2020-08-26,264.3,741.6,222.49,248.5,False,Automotive Parts
2020-08-27,269.15,743.95,220.82,264.1,False,Automotive Parts
2020-08-28,274.0,746.3,219.15,279.7,False,Automotive Parts
2020-08-29,245.1,756.9,226.45,256.0,False,Automotive Parts
2020-08-30,260.1,750.1,219.13,246.5,False,Automotive Parts
2020-08-31,240.7,758.8,215.0,223.4,False,Automotive Parts
2020-09-01,336.79999999999995,771.8499999999999,217.01,322.0,False,Automotive Parts
2020-09-02,432.9,784.9,219.02,420.6,True,Automotive Parts
2020-09-03,358.75,773.45,218.39249999999998,344.95000000000005,False,Automotive Parts
2020-09-04,284.6,762.0,217.765,269.3,False,Automotive Parts
2020-09-05,301.2,790.75,217.28,311.9,False,Automotive Parts
2020-09-06,258.3,771.025,214.56,268.7,False,Automotive Parts
2020-09-07,215.4,751.3,211.84,225.5,False,Automotive Parts
2020-09-08,248.8,745.2,214.55,261.1,False,Automotive Parts
2020-09-09,243.5,748.4,225.09,232.7,False,Automotive Parts
2020-09-10,246.8,746.25,219.95,230.3,False,Automotive Parts
2020-09-11,250.1,744.1,214.81,227.9,False,Automotive Parts
2020-09-12,258.2,747.2,212.57,255.2,False,Automotive Parts
2020-09-13,244.46666666666667,752.2,211.98666666666665,239.4,False,Automotive Parts
2020-09-14,230.73333333333332,757.2,211.40333333333334,223.6,False,Automotive Parts
2020-09-15,217.0,762.2,210.82,207.8,False,Automotive Parts
2020-09-16,245.1,756.5,220.86,224.8,False,Automotive Parts
2020-09-17,313.6,735.2,216.73,326.3,False,Automotive Parts
2020-09-18,285.9,733.0,219.38,284.7,False,Automotive Parts
2020-09-19,266.96666666666664,737.5666666666667,217.88,262.26666666666665,False,Automotive Parts
2020-09-20,248.03333333333333,742.1333333333333,216.38,239.83333333333334,False,Automotive Parts
2020-09-21,229.1,746.7,214.88,217.4,False,Automotive Parts
2020-09-22,262.9,736.8,219.17,260.5,False,Automotive Parts
2020-09-23,265.7,740.65,223.925,255.2,False,Automotive Parts
2020-09-24,268.5,744.5,228.68,249.9,False,Automotive Parts
2020-09-25,278.5,730.5,222.81,277.4,False,Automotive Parts
2020-09-26,261.3,732.1,217.46,258.45,False,Automotive Parts
2020-09-27,244.1,733.7,212.11,239.5,False,Automotive Parts
2020-09-28,228.0,741.7,213.47,214.5,False,Automotive Parts
2020-09-29,282.23333333333335,736.4333333333334,215.03333333333333,262.8333333333333,False,Automotive Parts
2020-09-30,336.46666666666664,731.1666666666666,216.59666666666666,311.1666666666667,False,Automotive Parts
2020-10-01,390.7,725.9,218.16,359.5,True,Automotive Parts
2020-10-02,269.0,740.0,216.35,252.2,False,Automotive Parts
2020-10-03,267.6,740.1,219.32,270.6,False,Automotive Parts
2020-10-04,296.6,757.9,218.805,293.8,False,Automotive Parts
2020-10-05,298.95,795.55,219.745,295.65,False,Automotive Parts
2020-10-06,280.975,770.025,217.64249999999998,266.325,False,Automotive Parts
2020-10-07,263.0,744.5,215.54,237.0,False,Automotive Parts
2020-10-08,343.2,725.9,223.98,326.0,True,Automotive Parts
2020-10-09,287.9,724.3,216.7,264.2,False,Automotive Parts
2020-10-10,284.54999999999995,723.0999999999999,214.345,268.45,False,Automotive Parts
2020-10-11,281.2,721.9,211.99,272.7,False,Automotive Parts
2020-10-12,330.2,605.8,217.19,328.0,False,Automotive Parts
2020-10-13,257.6,728.9,216.0,242.9,False,Automotive Parts
2020-10-14,279.75,720.5999999999999,214.195,271.85,False,Automotive Parts
2020-10-15,301.9,712.3,212.39,300.8,False,Automotive Parts
2020-10-16,301.0,708.7,218.95,291.7,False,Automotive Parts
2020-10-17,264.9,716.7,217.9,270.3,False,Automotive Parts
2020-10-18,255.0,719.5,219.125,258.0,False,Automotive Parts
2020-10-19,245.1,722.3,220.35,245.7,False,Automotive Parts
2020-10-20,323.2,722.8,216.91,2990.0,True,Automotive Parts
2020-10-21,285.3,711.2,217.67,292.7,False,Automotive Parts
2020-10-22,322.1,706.5,212.33,325.8,False,Automotive Parts
2020-10-23,297.6,706.5,214.75,302.6,False,Automotive Parts
2020-10-24,278.9,710.1,219.09,276.6,False,Automotive Parts
2020-10-25,275.9,717.9,218.97,287.2,False,Automotive Parts
2020-10-26,287.0,707.2,221.93,291.4,False,Automotive Parts
2020-10-27,264.3,704.0,211.59,270.7,False,Automotive Parts
2020-10-28,292.2,679.4,221.53,299.4,False,Automotive Parts
2020-10-29,289.4,679.9,217.28,299.9,False,Automotive Parts
2020-10-30,289.04999999999995,676.45,216.35500000000002,291.35,False,Automotive Parts
2020-10-31,288.7,673.0,215.43,282.8,False,Automotive Parts
2020-11-01,270.6,673.7,218.91,283.8,False,Automotive Parts
2020-11-02,282.6,670.825,218.8375,294.475,False,Automotive Parts
2020-11-03,294.6,667.95,218.765,305.15,False,Automotive Parts
2020-11-04,306.6,665.075,218.6925,315.825,False,Automotive Parts
2020-11-05,318.6,662.2,218.62,326.5,False,Automotive Parts
2020-11-06,273.9,674.0,219.92,271.9,False,Automotive Parts
2020-11-07,286.3,664.2,221.77,284.2,False,Automotive Parts
2020-11-08,278.03333333333336,665.3333333333334,221.11333333333334,275.7,False,Automotive Parts
2020-11-09,269.76666666666665,666.4666666666667,220.45666666666668,267.2,False,Automotive Parts
2020-11-10,261.5,667.6,219.8,258.7,False,Automotive Parts
2020-11-11,265.68,665.76,218.648,259.46,False,Automotive Parts
2020-11-12,269.86,663.92,217.496,260.21999999999997,False,Automotive Parts
2020-11-13,274.03999999999996,662.08,216.344,260.98,False,Automotive Parts
2020-11-14,278.21999999999997,660.24,215.192,261.74,False,Automotive Parts
2020-11-15,282.4,658.4,214.04,262.5,False,Automotive Parts
2020-11-16,278.75,662.5,217.375,255.95,False,Automotive Parts
2020-11-17,275.1,666.6,220.71,249.4,False,Automotive Parts
2020-11-18,336.9,642.7,222.82,351.9,False,Automotive Parts
2020-11-19,332.09999999999997,640.1666666666667,218.88,332.3333333333333,False,Automotive Parts
2020-11-20,327.3,637.6333333333333,214.94,312.76666666666665,False,Automotive Parts
2020-11-21,322.5,635.1,211.0,293.2,False,Automotive Parts
2020-11-22,322.6,631.5,217.87,319.0,False,Automotive Parts
2020-11-23,359.2,651.1,222.25,337.7,True,Automotive Parts
2020-11-24,289.3,638.9,211.62,298.6,False,Automotive Parts
2020-11-25,306.03333333333336,637.9,214.75666666666666,316.53333333333336,False,Automotive Parts
2020-11-26,322.76666666666665,636.9,217.89333333333335,334.46666666666664,False,Automotive Parts
2020-11-27,339.5,635.9,221.03,352.4,False,Automotive Parts
2020-11-28,344.0,627.2,223.58,341.4,False,Automotive Parts
2020-11-29,334.78333333333336,626.8666666666667,220.10833333333335,283.43333333333334,False,Automotive Parts
2020-11-30,325.56666666666666,626.5333333333334,216.63666666666666,225.46666666666664,False,Automotive Parts
2020-12-01,316.35,626.2,213.165,167.5,False,Automotive Parts
2020-12-02,288.2,421.5,219.08,289.5,False,Automotive Parts
2020-12-03,293.6,468.85,219.01250000000002,293.825,False,Automotive Parts
2020-12-04,299.0,516.2,218.945,298.15,False,Automotive Parts
2020-12-05,304.4,563.55,218.8775,302.475,False,Automotive Parts
2020-12-06,309.8,610.9,218.81,306.8,False,Automotive Parts
2020-12-07,285.1,615.1,213.97,278.1,False,Automotive Parts
2020-12-08,305.35,612.1500000000001,217.475,296.25,False,Automotive Parts
2020-12-09,325.6,609.2,220.98,314.4,False,Automotive Parts
2020-12-10,242.6,739.2,214.21,249.2,False,Automotive Parts
2020-12-11,424.2,626.0,215.98000000000002,426.0,False,Automotive Parts
2020-12-12,344.3,598.9,226.33,324.3,False,Automotive Parts
2020-12-13,334.55,598.0,223.60500000000002,319.3,False,Automotive Parts
2020-12-14,324.8,597.1,220.88,314.3,False,Automotive Parts
2020-12-15,321.7,590.1,220.24,301.5,False,Automotive Parts
2020-12-16,484.1,591.4,215.45,491.5,True,Automotive Parts
2020-12-17,360.6,586.0,224.99,370.4,False,Automotive Parts
2020-12-18,352.4,581.6,214.05,324.9,False,Automotive Parts
2020-12-19,363.2,572.6,210.76,351.9,False,Automotive Parts
2020-12-20,350.7,583.7,213.72,346.45,False,Automotive Parts
2020-12-21,338.2,594.8,216.68,341.0,False,Automotive Parts
2020-12-22,310.9,594.9,225.41,282.9,False,Automotive Parts
2020-12-23,342.95,585.65,223.72,330.2,False,Automotive Parts
2020-12-24,375.0,576.4,222.03,377.5,False,Automotive Parts
2020-12-25,366.9,579.4,222.095,368.2,False,Automotive Parts
2020-12-26,358.8,582.4,222.16,358.9,False,Automotive Parts
2020-12-27,341.9,586.2,219.42,315.9,False,Automotive Parts
2020-12-28,338.7,590.1,223.54,312.9,False,Automotive Parts
2020-12-29,351.75,480.15,220.1,332.75,False,Automotive Parts
2020-12-30,364.8,370.2,216.66,352.6,False,Automotive Parts
2020-12-31,359.3,379.4,218.49,336.9,False,Automotive Parts
2021-01-01,375.2,382.9,224.88,43.9,False,Automotive Parts
2021-01-02,366.95,384.75,221.72,189.05,False,Automotive Parts
2021-01-03,358.7,386.6,218.56,334.2,False,Automotive Parts
2021-01-04,303.8,616.5,226.95,310.6,False,Automotive Parts
2021-01-05,342.9,605.4,212.97,309.6,False,Automotive Parts
2021-01-06,333.2,614.1,219.63,314.6,False,Automotive Parts
2021-01-07,483.9,607.3,218.84,484.2,True,Automotive Parts
2021-01-08,492.43333333333334,603.2333333333333,219.13,495.7333333333333,False,Automotive Parts
2021-01-09,500.96666666666664,599.1666666666666,219.42000000000002,507.26666666666665,False,Automotive Parts
2021-01-10,509.5,595.1,219.71,518.8,True,Automotive Parts
2021-01-11,462.53333333333336,595.3000000000001,218.54666666666668,472.7333333333333,False,Automotive Parts
2021-01-12,415.56666666666666,595.5,217.38333333333333,426.6666666666667,False,Automotive Parts
2021-01-13,368.6,595.7,216.22,380.6,False,Automotive Parts
2021-01-14,370.2,595.4666666666667,216.56,366.43333333333334,False,Automotive Parts
2021-01-15,371.8,595.2333333333333,216.9,352.2666666666667,False,Automotive Parts
2021-01-16,373.4,595.0,217.24,338.1,False,Automotive Parts
2021-01-17,325.6,606.3,219.05,322.4,False,Automotive Parts
2021-01-18,339.6,596.2,221.39,347.6,False,Automotive Parts
2021-01-19,464.4,591.0,221.95,425.0,True,Automotive Parts
2021-01-20,478.6,581.1,219.63,474.9,True,Automotive Parts
2021-01-21,366.7,590.1,211.5,355.8,False,Automotive Parts
2021-01-22,559.8,581.4,211.45,559.0,True,Automotive Parts
2021-01-23,378.3,583.3,215.98,363.3,False,Automotive Parts
2021-01-24,365.05,587.25,214.12,360.1,False,Automotive Parts
2021-01-25,351.8,591.2,212.26,356.9,False,Automotive Parts
2021-01-26,393.15,595.4000000000001,216.985,388.4,False,Automotive Parts
2021-01-27,434.5,599.6,221.71,419.9,True,Automotive Parts
2021-01-28,376.9,591.3,218.63,394.0,False,Automotive Parts
2021-01-29,1065.1,590.6,221.3,389.6,False,Automotive Parts
2021-01-30,712.5,597.25,221.93,371.9,False,Automotive Parts
2021-01-31,359.9,603.9,222.56,354.2,False,Automotive Parts
2021-02-01,422.8,503.75,221.435,395.79999999999995,False,Automotive Parts
2021-02-02,367.6,599.9,222.86,351.4,False,Automotive Parts
2021-02-03,370.85,604.5,223.54000000000002,371.45,False,Automotive Parts
2021-02-04,374.1,609.1,224.22,391.5,False,Automotive Parts
2021-02-05,338.4,650.6,212.44,342.5,False,Automotive Parts
2021-02-06,361.5,617.8,211.28,370.9,False,Automotive Parts
2021-02-07,392.1,617.1,226.66,401.3,False,Automotive Parts
2021-02-08,326.9,643.5,220.04,316.0,False,Automotive Parts
2021-02-09,325.675,654.55,219.515,306.475,False,Automotive Parts
2021-02-10,324.45000000000005,665.6,218.99,296.95000000000005,False,Automotive Parts
2021-02-11,395.7,630.6,224.34,412.5,False,Automotive Parts
2021-02-12,384.1,633.5,217.6,358.9,False,Automotive Parts
2021-02-13,381.0,632.0,214.94,373.54999999999995,False,Automotive Parts
2021-02-14,377.9,630.5,212.28,388.2,False,Automotive Parts
2021-02-15,343.0,640.0,217.94,339.8,False,Automotive Parts
2021-02-16,354.1,639.6,216.975,355.9,False,Automotive Parts
2021-02-17,365.2,639.2,216.01,372.0,False,Automotive Parts
2021-02-18,383.8,635.2,225.82,388.0,False,Automotive Parts
2021-02-19,375.7,633.6666666666667,222.35,373.46666666666664,False,Automotive Parts
2021-02-20,367.6,632.1333333333333,218.88,358.93333333333334,False,Automotive Parts
2021-02-21,359.5,630.6,215.41,344.4,False,Automotive Parts
2021-02-22,345.7,637.1,213.73,332.4,False,Automotive Parts
2021-02-23,435.6,642.7,218.96,423.4,True,Automotive Parts
2021-02-24,386.2,624.3,215.17,391.9,False,Automotive Parts
2021-02-25,388.7,625.8,228.98,390.1,False,Automotive Parts
2021-02-26,354.5,632.1,218.64,340.2,False,Automotive Parts
2021-02-27,348.9,637.6500000000001,221.07999999999998,330.4,False,Automotive Parts
2021-02-28,343.3,643.2,223.52,320.6,False,Automotive Parts
2021-03-01,325.5,642.4,211.5,331.7,False,Automotive Parts
2021-03-02,355.6,630.6,215.18,339.0,False,Automotive Parts
2021-03-03,363.3,632.2,219.57,368.8,False,Automotive Parts
2021-03-04,365.6,640.1,211.53,370.7,False,Automotive Parts
2021-03-05,354.2,637.8,219.61,355.6,False,Automotive Parts
2021-03-06,353.1333333333333,631.5,219.50333333333333,342.56666666666666,False,Automotive Parts
2021-03-07,352.06666666666666,625.1999999999999,219.39666666666668,329.53333333333336,False,Automotive Parts
2021-03-08,351.0,618.9,219.29,316.5,False,Automotive Parts
2021-03-09,398.65,616.45,217.305,379.1,False,Automotive Parts
2021-03-10,446.3,614.0,215.32,441.7,True,Automotive Parts
2021-03-11,412.55,528.1,218.785,416.29999999999995,False,Automotive Parts
2021-03-12,378.8,442.2,222.25,390.9,False,Automotive Parts
2021-03-13,337.9,449.2,213.91,21.7,False,Automotive Parts
2021-03-14,338.7,450.65,218.16,189.04999999999998,False,Automotive Parts
2021-03-15,339.5,452.1,222.41,356.4,False,Automotive Parts
2021-03-16,354.43333333333334,498.2,219.09666666666666,356.4,False,Automotive Parts
2021-03-17,369.3666666666667,544.3,215.78333333333333,356.4,False,Automotive Parts
2021-03-18,384.3,590.4,212.47,356.4,False,Automotive Parts
2021-03-19,390.15,589.5,213.39,364.79999999999995,False,Automotive Parts
2021-03-20,396.0,588.6,214.31,373.2,False,Automotive Parts
2021-03-21,390.325,589.425,214.05,369.55,False,Automotive Parts
2021-03-22,384.65,590.25,213.79000000000002,365.9,False,Automotive Parts
2021-03-23,378.975,591.075,213.53,362.25,False,Automotive Parts
2021-03-24,373.3,591.9,213.27,358.6,False,Automotive Parts
2021-03-25,359.7,598.8,215.12,351.8,False,Automotive Parts
2021-03-26,395.6,588.9,215.96,384.9,False,Automotive Parts
2021-03-27,377.75,589.0999999999999,216.305,360.85,False,Automotive Parts
2021-03-28,359.9,589.3,216.65,336.8,False,Automotive Parts
2021-03-29,372.26666666666665,588.3666666666667,218.04,346.76666666666665,False,Automotive Parts
2021-03-30,384.6333333333333,587.4333333333333,219.43,356.73333333333335,False,Automotive Parts
2021-03-31,397.0,586.5,220.82,366.7,False,Automotive Parts
2021-04-01,393.1,587.7,220.105,362.7,False,Automotive Parts
2021-04-02,389.2,588.9,219.39,358.7,False,Automotive Parts
2021-04-03,377.8,597.2,210.96,392.3,False,Automotive Parts
2021-04-04,342.1,608.1,211.78,358.2,False,Automotive Parts
2021-04-05,332.9,618.5,213.03,317.3,False,Automotive Parts
2021-04-06,342.7333333333333,615.2,213.60666666666665,337.8333333333333,False,Automotive Parts
2021-04-07,352.56666666666666,611.9,214.18333333333334,358.3666666666667,False,Automotive Parts
2021-04-08,362.4,608.6,214.76,378.9,False,Automotive Parts
2021-04-09,377.8,608.9,211.04,363.9,False,Automotive Parts
2021-04-10,345.6,613.0,216.78,316.3,False,Automotive Parts
2021-04-11,298.6,621.4,223.13,288.7,False,Automotive Parts
2021-04-12,302.7,619.5,216.73,273.9,False,Automotive Parts
2021-04-13,328.29999999999995,604.8,220.35,314.04999999999995,False,Automotive Parts
2021-04-14,353.9,590.1,223.97,354.2,False,Automotive Parts
2021-04-15,360.7,585.6,215.28,338.9,False,Automotive Parts
2021-04-16,355.79999999999995,595.5,216.33499999999998,345.75,False,Automotive Parts
2021-04-17,350.9,605.4,217.39,352.6,False,Automotive Parts
2021-04-18,305.1,617.2,213.75,274.7,False,Automotive Parts
2021-04-19,315.4,618.75,216.14499999999998,285.29999999999995,False,Automotive Parts
2021-04-20,325.7,620.3,218.54,295.9,False,Automotive Parts
2021-04-21,353.9,611.6,215.09,365.8,False,Automotive Parts
2021-04-22,352.4,609.6,216.86,366.4,False,Automotive Parts
2021-04-23,346.35,611.2,216.47000000000003,361.15,False,Automotive Parts
2021-04-24,340.3,612.8,216.08,355.9,False,Automotive Parts
2021-04-25,334.8,617.3,219.47,317.3,False,Automotive Parts
2021-04-26,355.3,626.4,219.78,347.5,False,Automotive Parts
2021-04-27,314.9,632.4,211.6,315.8,False,Automotive Parts
2021-04-28,347.9,632.2,221.86,364.4,False,Automotive Parts
2021-04-29,348.85,638.6,221.93,353.4,False,Automotive Parts
2021-04-30,349.8,645.0,222.0,342.4,False,Automotive Parts
2021-05-01,353.1,645.3,214.76,368.3,False,Automotive Parts
2021-05-02,391.1,610.2,226.58,391.8,False,Automotive Parts
2021-05-03,297.8,668.4,209.6,293.8,False,Automotive Parts
2021-05-04,312.75,666.325,212.9125,307.55,False,Automotive Parts
2021-05-05,327.70000000000005,664.25,216.225,321.3,False,Automotive Parts
2021-05-06,342.65000000000003,662.175,219.5375,335.05,False,Automotive Parts
2021-05-07,357.6,660.1,222.85,348.8,False,Automotive Parts
2021-05-08,282.5,668.1,218.4,284.3,False,Automotive Parts
2021-05-09,321.6,677.4,221.54,336.6,False,Automotive Parts
2021-05-10,274.6,691.9,218.92,248.8,False,Automotive Parts
2021-05-11,349.4,672.7,219.18,363.2,False,Automotive Parts
2021-05-12,341.0,675.7333333333333,218.90166666666667,352.7833333333333,False,Automotive Parts
2021-05-13,332.59999999999997,678.7666666666667,218.62333333333333,342.3666666666667,False,Automotive Parts
2021-05-14,324.2,681.8,218.345,331.95,False,Automotive Parts
2021-05-15,315.8,684.8333333333334,218.06666666666666,321.5333333333333,False,Automotive Parts
2021-05-16,307.4,687.8666666666667,217.78833333333333,311.1166666666667,False,Automotive Parts
2021-05-17,299.0,690.9,217.51,300.7,False,Automotive Parts
2021-05-18,301.0,693.4,216.46,312.2,False,Automotive Parts
2021-05-19,329.0,689.6,216.24,340.4,False,Automotive Parts
2021-05-20,441.0,680.8,219.57,424.6,True,Automotive Parts
2021-05-21,338.3,687.1,222.87,308.3,False,Automotive Parts
2021-05-22,325.9,694.2,217.72,313.35,False,Automotive Parts
2021-05-23,313.5,701.3,212.57,318.4,False,Automotive Parts
2021-05-24,263.5,708.8,222.97,261.2,False,Automotive Parts
2021-05-25,275.8,702.2,218.025,269.35,False,Automotive Parts
2021-05-26,288.1,695.6,213.08,277.5,False,Automotive Parts
2021-05-27,314.85,688.05,214.35500000000002,314.2,False,Automotive Parts
2021-05-28,341.6,680.5,215.63,350.9,False,Automotive Parts
2021-05-29,322.35,684.65,214.72,333.35,False,Automotive Parts
2021-05-30,303.1,688.8,213.81,315.8,False,Automotive Parts
2021-05-31,296.6,696.8,222.18,294.8,False,Automotive Parts
2021-06-01,287.3,700.1,209.3,300.2,False,Automotive Parts
2021-06-02,288.5,691.8,219.06,288.4,False,Automotive Parts
2021-06-03,352.9,651.8499999999999,218.185,354.65,False,Automotive Parts
2021-06-04,400.7,642.9000000000001,214.79000000000002,372.0,False,Automotive Parts
2021-06-05,369.3,658.2,216.38,356.6,False,Automotive Parts
2021-06-06,268.1,705.7,216.57,258.7,False,Automotive Parts
2021-06-07,297.4,696.3,219.59,277.54999999999995,False,Automotive Parts
2021-06-08,326.7,686.9,222.61,296.4,False,Automotive Parts
2021-06-09,316.8,690.3,218.06,298.6,False,Automotive Parts
2021-06-10,330.6,685.2,217.01,303.6,False,Automotive Parts
2021-06-11,325.9,663.0,216.41,327.4,False,Automotive Parts
2021-06-12,319.1,689.8,215.82,312.7,False,Automotive Parts
2021-06-13,334.8,700.5,226.5,339.6,True,Automotive Parts
2021-06-14,276.2,703.3,211.49,277.2,False,Automotive Parts
2021-06-15,308.4,692.6,216.44,297.6,False,Automotive Parts
2021-06-16,313.9,686.9,218.67,310.1333333333333,False,Automotive Parts
2021-06-17,319.4,681.2,220.9,322.6666666666667,False,Automotive Parts
2021-06-18,324.9,675.5,223.13,335.2,False,Automotive Parts
2021-06-19,303.8,674.5,217.43,306.2,False,Automotive Parts
2021-06-20,256.5,686.5,221.99,246.6,False,Automotive Parts
2021-06-21,270.9,687.0,216.5,268.2,False,Automotive Parts
2021-06-22,285.2,679.3,218.0,279.6,False,Automotive Parts
2021-06-23,299.5,671.6,219.5,291.0,False,Automotive Parts
2021-06-24,297.5,673.3,219.42,284.8,False,Automotive Parts
2021-06-25,320.5,665.9,218.68,313.3,False,Automotive Parts
2021-06-26,315.0,677.6,212.52,297.6,False,Automotive Parts
2021-06-27,283.0,685.0,213.58,255.6,False,Automotive Parts
2021-06-28,280.7,684.4,223.75,289.9,False,Automotive Parts
2021-06-29,299.5,677.5,215.61,295.2,False,Automotive Parts
2021-06-30,258.9,696.3,221.05,254.5,False,Automotive Parts
2021-07-01,272.75,684.15,220.16375,265.05,False,Automotive Parts
2021-07-02,286.6,672.0,219.2775,275.6,False,Automotive Parts
2021-07-03,300.45,659.85,218.39125,286.15,False,Automotive Parts
2021-07-04,314.3,647.7,217.505,296.7,False,Automotive Parts
2021-07-05,258.7,693.7,219.37,251.4,False,Automotive Parts
2021-07-06,279.55,694.45,222.405,266.15,False,Automotive Parts
2021-07-07,393.4,680.6,213.46,410.2,True,Automotive Parts
2021-07-08,308.6,671.0,221.13,317.1,False,Automotive Parts
2021-07-09,250.8,711.1,217.67,248.9,False,Automotive Parts
2021-07-10,283.0,696.5,215.2,276.6,False,Automotive Parts
2021-07-11,272.4,692.8,223.84,246.4,False,Automotive Parts
2021-07-12,330.1,656.9,211.15,343.8,False,Automotive Parts
2021-07-13,243.0,688.6,228.95,225.2,False,Automotive Parts
2021-07-14,286.5,672.1,213.05,263.2,False,Automotive Parts
2021-07-15,319.1,661.5,220.92,334.6,False,Automotive Parts
2021-07-16,302.3,659.0,216.53,304.9,False,Automotive Parts
2021-07-17,266.4,669.3,216.65,268.9,False,Automotive Parts
2021-07-18,329.9,670.0,209.51,337.4,True,Automotive Parts
2021-07-19,297.35,672.7,210.695,291.79999999999995,False,Automotive Parts
2021-07-20,264.8,675.4,211.88,246.2,False,Automotive Parts
2021-07-21,275.5,672.7,218.51,255.9,False,Automotive Parts
2021-07-22,258.9,678.1,213.5,264.4,False,Automotive Parts
2021-07-23,255.06666666666666,675.5333333333333,214.24333333333334,255.16666666666666,False,Automotive Parts
2021-07-24,251.23333333333332,672.9666666666667,214.98666666666665,245.9333333333333,False,Automotive Parts
2021-07-25,247.4,670.4,215.73,236.7,False,Automotive Parts
2021-07-26,240.0,673.4,215.87,232.0,False,Automotive Parts
2021-07-27,264.55,665.0,214.115,257.0,False,Automotive Parts
2021-07-28,289.1,656.6,212.36,282.0,False,Automotive Parts
2021-07-29,327.8,642.5,225.43,302.1,False,Automotive Parts
2021-07-30,280.2,660.9,207.36,263.4,False,Automotive Parts
2021-07-31,408.20000000000005,629.45,213.59500000000003,385.75,False,Automotive Parts
2021-08-01,536.2,598.0,219.83,508.1,True,Automotive Parts
2021-08-02,269.3,670.4,216.71,254.0,False,Automotive Parts
2021-08-03,291.8,672.9,218.59,280.55,False,Automotive Parts
2021-08-04,314.3,675.4,220.47,307.1,True,Automotive Parts
2021-08-05,308.95000000000005,671.15,216.45999999999998,290.9,False,Automotive Parts
2021-08-06,303.6,666.9,212.45,274.7,False,Automotive Parts
2021-08-07,260.6,682.8,219.17,260.0,False,Automotive Parts
2021-08-08,283.3,673.7,217.57,279.5,False,Automotive Parts
2021-08-09,377.8,682.3,215.52,395.2,True,Automotive Parts
2021-08-10,329.6,676.8499999999999,217.22,336.65,False,Automotive Parts
2021-08-11,281.4,671.4,218.92,278.1,False,Automotive Parts
2021-08-12,254.4,681.5,222.27,260.2,False,Automotive Parts
2021-08-13,258.3333333333333,684.5666666666667,220.4,264.3666666666667,False,Automotive Parts
2021-08-14,262.26666666666665,687.6333333333333,218.53,268.5333333333333,False,Automotive Parts
2021-08-15,266.2,690.7,216.66,272.7,False,Automotive Parts
2021-08-16,239.7,693.1,218.03,247.8,False,Automotive Parts
2021-08-17,244.9,684.4,208.35,225.0,False,Automotive Parts
2021-08-18,299.2,669.6,225.2,269.5,False,Automotive Parts
2021-08-19,263.9,681.9,220.65,238.4,False,Automotive Parts
2021-08-20,285.6,675.9,207.73,266.2,False,Automotive Parts
2021-08-21,333.6,682.3,215.79,307.1,True,Automotive Parts
2021-08-22,278.1,677.0,223.45,283.1,False,Automotive Parts
2021-08-23,203.5,699.5,224.2,199.7,False,Automotive Parts
2021-08-24,236.8,691.6,220.11,233.6,False,Automotive Parts
2021-08-25,269.7,690.6,217.31,252.5,False,Automotive Parts
2021-08-26,305.2,690.5,219.47,288.0,False,Automotive Parts
2021-08-27,265.5,706.6,220.47,254.7,False,Automotive Parts
2021-08-28,291.0,692.3,218.23,266.7,False,Automotive Parts
2021-08-29,265.3,702.3,218.53,261.3,False,Automotive Parts
2021-08-30,251.0,698.8,213.84,236.8,False,Automotive Parts
2021-08-31,267.3,693.8,222.07,277.4,False,Automotive Parts
2021-09-01,254.2,705.0,215.96,238.3,False,Automotive Parts
2021-09-02,320.4,648.0,223.64,312.8,False,Automotive Parts
2021-09-03,319.3,683.0,216.21,299.5,False,Automotive Parts
2021-09-04,296.0,691.9,216.55,275.0,False,Automotive Parts
2021-09-05,272.7,700.8,216.89,250.5,False,Automotive Parts
2021-09-06,268.8,706.3,219.84,251.8,False,Automotive Parts
2021-09-07,261.8,707.45,219.995,257.85,False,Automotive Parts
2021-09-08,254.8,708.6,220.15,263.9,False,Automotive Parts
2021-09-09,273.7,702.9,217.53,279.9,False,Automotive Parts
2021-09-10,284.65,689.3,219.475,289.2,False,Automotive Parts
2021-09-11,307.1,673.1,214.19,288.85,False,Automotive Parts
2021-09-12,267.3,697.0,216.06,244.2,False,Automotive Parts
2021-09-13,251.6,696.4,223.85,236.8,False,Automotive Parts
2021-09-14,326.5,694.5,214.1,326.5,True,Automotive Parts
2021-09-15,311.4,689.2,217.99,309.2,False,Automotive Parts
2021-09-16,305.6,692.2,218.16,287.9,False,Automotive Parts
2021-09-17,280.7,701.0,216.83,294.4,False,Automotive Parts
2021-09-18,279.15,706.3,216.075,276.6,False,Automotive Parts
2021-09-19,277.6,711.6,215.32,258.8,False,Automotive Parts
2021-09-20,227.9,727.3,216.02,225.0,False,Automotive Parts
2021-09-21,249.60000000000002,717.7,216.61,240.1,False,Automotive Parts
2021-09-22,271.3,708.1,217.2,255.2,False,Automotive Parts
2021-09-23,312.1,697.3,206.59,288.5,False,Automotive Parts
2021-09-24,295.9,701.55,215.18,281.3,False,Automotive Parts
2021-09-25,279.7,705.8,223.77,274.1,False,Automotive Parts
2021-09-26,282.3,702.2,211.06,267.3,False,Automotive Parts
2021-09-27,243.0,717.3,211.52,220.0,False,Automotive Parts
2021-09-28,284.0,703.2,211.49,294.0,False,Automotive Parts
2021-09-29,285.8,700.3,216.92,283.3,False,Automotive Parts
2021-09-30,285.3,696.8,225.56,273.4,False,Automotive Parts
2021-10-01,280.225,697.8249999999999,222.8375,267.575,False,Automotive Parts
2021-10-02,275.15,698.8499999999999,220.115,261.75,False,Automotive Parts
2021-10-03,270.075,699.875,217.39249999999998,255.92499999999998,False,Automotive Parts
2021-10-04,265.0,700.9,214.67,250.1,False,Automotive Parts
2021-10-05,285.9,694.8,212.71,297.6,False,Automotive Parts
2021-10-06,315.4,686.2,222.27,303.7,False,Automotive Parts
2021-10-07,312.0,686.5,220.825,300.2,False,Automotive Parts
2021-10-08,308.6,686.8,219.38,296.7,False,Automotive Parts
2021-10-09,302.375,690.5,219.27249999999998,291.9,False,Automotive Parts
2021-10-10,296.15,694.2,219.165,287.1,False,Automotive Parts
2021-10-11,289.925,697.9,219.0575,282.3,False,Automotive Parts
2021-10-12,283.7,701.6,218.95,277.5,False,Automotive Parts
2021-10-13,292.4,693.5,222.13,273.5,False,Automotive Parts
2021-10-14,298.7,687.2,214.67,305.5,False,Automotive Parts
2021-10-15,314.3,680.4,217.12,288.1,False,Automotive Parts
2021-10-16,293.55,679.05,217.965,274.15,False,Automotive Parts
2021-10-17,272.8,677.7,218.81,260.2,False,Automotive Parts
2021-10-18,277.2,681.7,222.68,249.9,False,Automotive Parts
2021-10-19,279.2,681.4,217.93,257.8,False,Automotive Parts
2021-10-20,324.5,676.1,215.0,338.2,False,Automotive Parts
2021-10-21,312.0,673.8,217.91,289.4,False,Automotive Parts
2021-10-22,326.4,678.8,212.23,326.8,False,Automotive Parts
2021-10-23,282.4,686.6,221.48,258.6,False,Automotive Parts
2021-10-24,295.09999999999997,681.1,220.14,272.6,False,Automotive Parts
2021-10-25,307.79999999999995,675.6,218.8,286.6,False,Automotive Parts
2021-10-26,320.5,670.1,217.46,300.6,False,Automotive Parts
2021-10-27,333.2,664.6,216.12,314.6,False,Automotive Parts
2021-10-28,333.06666666666666,665.5,215.40333333333334,318.06666666666666,False,Automotive Parts
2021-10-29,332.93333333333334,666.4,214.68666666666667,321.53333333333336,False,Automotive Parts
2021-10-30,332.8,667.3,213.97,325.0,False,Automotive Parts
2021-10-31,327.95000000000005,670.7,213.81,317.8,False,Automotive Parts
2021-11-01,323.1,674.1,213.65,310.6,False,Automotive Parts
2021-11-02,333.8,674.6,221.53,304.5,False,Automotive Parts
2021-11-03,345.1,663.85,217.67000000000002,329.95,False,Automotive Parts
2021-11-04,356.4,653.1,213.81,355.4,False,Automotive Parts
2021-11-05,343.0333333333333,656.6,217.28,333.46666666666664,False,Automotive Parts
2021-11-06,329.6666666666667,660.1,220.75,311.53333333333336,False,Automotive Parts
2021-11-07,316.3,663.6,224.22,289.6,False,Automotive Parts
2021-11-08,443.0,659.3,217.77,427.2,True,Automotive Parts
2021-11-09,451.8333333333333,654.2333333333333,215.25,429.8666666666667,False,Automotive Parts
2021-11-10,460.6666666666667,649.1666666666666,212.73000000000002,432.5333333333333,False,Automotive Parts
2021-11-11,469.5,644.1,210.21,435.2,True,Automotive Parts
2021-11-12,389.6,657.45,216.79000000000002,367.29999999999995,False,Automotive Parts
2021-11-13,309.7,670.8,223.37,299.4,False,Automotive Parts
2021-11-14,333.3,660.7,228.48,342.1,False,Automotive Parts
2021-11-15,320.8,662.2,221.12,316.4,False,Automotive Parts
2021-11-16,308.3,663.7,213.76,290.7,False,Automotive Parts
2021-11-17,350.4,646.9,217.3,352.7,False,Automotive Parts
2021-11-18,382.5,630.8,219.74,350.6,False,Automotive Parts
2021-11-19,365.55,643.55,217.055,346.15,False,Automotive Parts
2021-11-20,348.6,656.3,214.37,341.7,False,Automotive Parts
2021-11-21,327.8,658.6,209.97,334.1,False,Automotive Parts
2021-11-22,310.9,666.8,213.12,307.6,False,Automotive Parts
2021-11-23,293.8,671.3,217.29,274.1,False,Automotive Parts
2021-11-24,359.9,656.2,219.75,350.0,False,Automotive Parts
2021-11-25,358.9,657.4000000000001,220.73000000000002,345.0,False,Automotive Parts
2021-11-26,357.9,658.6,221.71,340.0,False,Automotive Parts
2021-11-27,372.7,649.6,216.9,382.6,False,Automotive Parts
2021-11-28,346.75,657.95,220.37,340.20000000000005,False,Automotive Parts
2021-11-29,320.8,666.3,223.84,297.8,False,Automotive Parts
2021-11-30,316.9,666.4,215.27,319.6,False,Automotive Parts
2021-12-01,372.0,655.1,220.2,342.0,False,Automotive Parts
2021-12-02,364.175,655.35,218.855,337.95,False,Automotive Parts
2021-12-03,356.35,655.6,217.51,333.9,False,Automotive Parts
2021-12-04,348.525,655.85,216.165,329.85,False,Automotive Parts
2021-12-05,340.7,656.1,214.82,325.8,False,Automotive Parts
2021-12-06,371.95,671.75,216.01,365.15,False,Automotive Parts
2021-12-07,403.2,687.4,217.2,404.5,True,Automotive Parts
2021-12-08,388.9,667.2,219.67,374.95,False,Automotive Parts
2021-12-09,374.6,647.0,222.14,345.4,False,Automotive Parts
2021-12-10,371.6333333333333,650.6,222.70999999999998,358.09999999999997,False,Automotive Parts
2021-12-11,368.6666666666667,654.1999999999999,223.28,370.8,False,Automotive Parts
2021-12-12,365.7,657.8,223.85,383.5,False,Automotive Parts
2021-12-13,508.2,663.3,220.9,466.0,True,Automotive Parts
2021-12-14,344.5,646.5,213.48,339.1,False,Automotive Parts
2021-12-15,361.3,656.1,218.45,357.7,False,Automotive Parts
2021-12-16,366.7,659.0,223.42,374.5,False,Automotive Parts
2021-12-17,383.7,656.8,220.14,3789.0,False,Automotive Parts
2021-12-18,335.7,672.7,226.19,322.5,False,Automotive Parts
2021-12-19,336.1,668.0,216.82,304.9,False,Automotive Parts
2021-12-20,329.6,675.2,221.66,315.5,False,Automotive Parts
2021-12-21,350.9,666.0,226.38,316.7,False,Automotive Parts
2021-12-22,355.6,664.2,217.1,355.0,False,Automotive Parts
2021-12-23,361.0,662.9,220.0,364.1,False,Automotive Parts
2021-12-24,396.3,658.5,217.27,396.0,False,Automotive Parts
2021-12-25,380.2,493.2,225.04,393.9,False,Automotive Parts
2021-12-26,360.9,500.7,219.21,378.0,False,Automotive Parts
2021-12-27,339.9,503.6,220.52,23.1,False,Automotive Parts
2021-12-28,354.8,502.2,218.21,360.9,False,Automotive Parts
2021-12-29,366.0,496.0,213.65,351.6,False,Automotive Parts
2021-12-30,578.5,660.5,210.61,603.3,True,Automotive Parts
2021-12-31,390.1,665.0,218.04,374.0,False,Automotive Parts
2022-01-01,384.1,673.25,218.54500000000002,383.0,False,Automotive Parts
2022-01-02,378.1,681.5,219.05,392.0,False,Automotive Parts
2022-01-03,330.3,688.0,215.08,332.8,False,Automotive Parts
2022-01-04,374.6,673.8,218.13,339.7,False,Automotive Parts
2022-01-05,359.79999999999995,614.9,220.245,370.2,False,Automotive Parts
2022-01-06,358.8,688.8,219.73,367.8,False,Automotive Parts
2022-01-07,314.55,626.4,215.82,323.9,False,Automotive Parts
2022-01-08,270.3,564.0,211.91,280.0,False,Automotive Parts
2022-01-09,367.6,353.4,216.76,91.3,False,Automotive Parts
2022-01-10,405.1,357.4,217.28,254.09999999999997,False,Automotive Parts
2022-01-11,442.6,361.4,217.8,416.9,True,Automotive Parts
2022-01-12,418.25,518.55,218.825,397.79999999999995,False,Automotive Parts
2022-01-13,393.9,675.7,219.85,378.7,False,Automotive Parts
2022-01-14,408.6,668.1,212.15,378.0,False,Automotive Parts
2022-01-15,370.7,686.5,221.12,3731.0,False,Automotive Parts
2022-01-16,363.4,691.9,223.65,361.9,False,Automotive Parts
2022-01-17,358.15,690.9,221.305,342.1,False,Automotive Parts
2022-01-18,352.9,689.9,218.96,322.3,False,Automotive Parts
2022-01-19,349.9,693.3,221.46,347.9,False,Automotive Parts
2022-01-20,384.1,682.4,221.15,389.7,False,Automotive Parts
2022-01-21,417.3,668.6,219.53,419.3,False,Automotive Parts
2022-01-22,409.15,669.4000000000001,218.33499999999998,404.05,False,Automotive Parts
2022-01-23,401.0,670.2,217.14,388.8,False,Automotive Parts
2022-01-24,355.3,676.9,219.63,349.4,False,Automotive Parts
2022-01-25,389.2,660.6,216.07,387.7,False,Automotive Parts
2022-01-26,383.71999999999997,657.64,217.54999999999998,376.58,False,Automotive Parts
2022-01-27,378.24,654.68,219.03,365.46,False,Automotive Parts
2022-01-28,372.76,651.72,220.51,354.34000000000003,False,Automotive Parts
2022-01-29,367.28000000000003,648.76,221.99,343.22,False,Automotive Parts
2022-01-30,361.8,645.8,223.47,332.1,False,Automotive Parts
2022-01-31,346.8,649.7,214.15,323.4,False,Automotive Parts
2022-02-01,372.9,648.6,214.3,342.9,False,Automotive Parts
2022-02-02,385.6,650.0,215.0,386.2,False,Automotive Parts
2022-02-03,392.93333333333334,647.0333333333333,216.08333333333334,398.3,False,Automotive Parts
2022-02-04,400.2666666666667,644.0666666666667,217.16666666666666,410.4,False,Automotive Parts
2022-02-05,407.6,641.1,218.25,422.5,False,Automotive Parts
2022-02-06,368.0,649.0,208.44,343.4,False,Automotive Parts
2022-02-07,377.4,635.6,214.37,353.5,False,Automotive Parts
2022-02-08,355.6,640.1,222.53,323.2,False,Automotive Parts
2022-02-09,372.40000000000003,634.4333333333334,221.09333333333333,349.23333333333335,False,Automotive Parts
2022-02-10,389.2,628.7666666666667,219.65666666666667,375.26666666666665,False,Automotive Parts
2022-02-11,406.0,623.1,218.22,401.3,False,Automotive Parts
2022-02-12,394.225,624.1,220.70749999999998,386.45,False,Automotive Parts
2022-02-13,382.45,625.1,223.195,371.6,False,Automotive Parts
2022-02-14,370.67499999999995,626.1,225.6825,356.75,False,Automotive Parts
2022-02-15,358.9,627.1,228.17,341.9,False,Automotive Parts
2022-02-16,392.8,615.9,219.67,398.1,False,Automotive Parts
2022-02-17,607.0,599.9,219.26,620.3,True,Automotive Parts
2022-02-18,401.3,601.1,216.56,414.3,False,Automotive Parts
2022-02-19,369.7,612.0,219.05,386.6,False,Automotive Parts
2022-02-20,368.9,617.0,214.18,367.5,False,Automotive Parts
2022-02-21,372.2,615.65,214.05,366.2,False,Automotive Parts
2022-02-22,375.5,614.3,213.92,364.9,False,Automotive Parts
2022-02-23,380.2,610.3,216.36,395.1,False,Automotive Parts
2022-02-24,409.7,605.1,217.11,406.5,False,Automotive Parts
2022-02-25,404.5,606.2,216.23,418.2,False,Automotive Parts
2022-02-26,401.9,612.5,212.75,398.6,False,Automotive Parts
2022-02-27,361.4,627.9,220.41,326.8,False,Automotive Parts
2022-02-28,391.4,619.9,225.26,387.9,False,Automotive Parts
2022-03-01,361.9,623.7,221.62,345.8,False,Automotive Parts
2022-03-02,390.5,612.45,219.87,380.8,False,Automotive Parts
2022-03-03,419.1,601.2,218.12,415.8,False,Automotive Parts
2022-03-04,375.5,591.3,214.14,367.4,False,Automotive Parts
2022-03-05,460.0,541.7,216.52,462.5,True,Automotive Parts
2022-03-06,405.8,598.5,216.9,395.1,False,Automotive Parts
2022-03-07,377.725,584.8,218.34,374.975,False,Automotive Parts
2022-03-08,349.65,571.1,219.78,354.85,False,Automotive Parts
2022-03-09,400.8,592.7,220.69,391.4,False,Automotive Parts
2022-03-10,563.6,593.1,218.25,547.1,True,Automotive Parts
2022-03-11,409.4,591.7,208.96,395.9,False,Automotive Parts
2022-03-12,381.6,467.1,211.01,379.8,False,Automotive Parts
2022-03-13,406.2,599.0,213.64,372.9,False,Automotive Parts
2022-03-14,371.7,603.3,209.52,370.8,False,Automotive Parts
2022-03-15,400.8,599.4,217.2,400.9,False,Automotive Parts
2022-03-16,421.2,592.5,219.75,4418.0,False,Automotive Parts
2022-03-17,384.5,602.4,219.33,351.4,False,Automotive Parts
2022-03-18,383.7,602.55,218.42000000000002,351.2,False,Automotive Parts
2022-03-19,382.9,602.7,217.51,351.0,False,Automotive Parts
2022-03-20,382.1,602.85,216.6,350.8,False,Automotive Parts
2022-03-21,381.3,603.0,215.69,350.6,False,Automotive Parts
2022-03-22,334.9,609.1,220.33,332.1,False,Automotive Parts
2022-03-23,389.6,588.9,223.55,382.5,False,Automotive Parts
2022-03-24,437.5,570.2,217.74,395.1,False,Automotive Parts
2022-03-25,395.4,582.5,221.8,392.8,False,Automotive Parts
2022-03-26,409.8,575.2,216.84,373.0,False,Automotive Parts
2022-03-27,458.4,577.2,215.93,424.35,False,Automotive Parts
2022-03-28,507.0,579.2,215.02,475.7,True,Automotive Parts
2022-03-29,385.0,580.0,215.41,399.8,False,Automotive Parts
2022-03-30,403.45,569.95,219.005,409.8,False,Automotive Parts
2022-03-31,421.9,559.9,222.6,419.8,False,Automotive Parts
2022-04-01,401.2,572.1,221.5,410.7,False,Automotive Parts
2022-04-02,399.5,641.9,214.2,384.5,False,Automotive Parts
2022-04-03,420.4,602.4,221.1,410.5,False,Automotive Parts
2022-04-04,393.29999999999995,600.25,222.14499999999998,392.15,False,Automotive Parts
2022-04-05,366.2,598.1,223.19,373.8,False,Automotive Parts
2022-04-06,354.0,519.5,219.35,332.6,False,Automotive Parts
2022-04-07,408.6,580.0,221.48,423.4,False,Automotive Parts
2022-04-08,333.2,543.1,217.97,314.0,False,Automotive Parts
2022-04-09,367.25,564.75,215.055,349.95,False,Automotive Parts
2022-04-10,401.3,586.4,212.14,385.9,False,Automotive Parts
2022-04-11,370.6,602.8,220.35,387.6,False,Automotive Parts
2022-04-12,374.03333333333336,599.6999999999999,217.91333333333333,374.2666666666667,False,Automotive Parts
2022-04-13,377.46666666666664,596.6,215.47666666666666,360.93333333333334,False,Automotive Parts
2022-04-14,380.9,593.5,213.04,347.6,False,Automotive Parts
2022-04-15,369.1,597.4,220.88,348.7,False,Automotive Parts
2022-04-16,393.9,588.1,219.9,361.0,False,Automotive Parts
2022-04-17,378.3,588.9,220.64,385.1,False,Automotive Parts
2022-04-18,359.7,595.9,218.86,334.0,False,Automotive Parts
2022-04-19,380.4,580.5,210.69,356.8,False,Automotive Parts
2022-04-20,378.6,572.9,222.31,397.0,False,Automotive Parts
2022-04-21,390.5,565.3,216.28,404.5,False,Automotive Parts
2022-04-22,377.25,565.2,217.065,381.55,False,Automotive Parts
2022-04-23,364.0,565.1,217.85,358.6,False,Automotive Parts
2022-04-24,361.95,496.25,218.03,359.6,False,Automotive Parts
2022-04-25,359.9,427.4,218.21,360.6,False,Automotive Parts
2022-04-26,522.3,417.1,214.64,61.4,True,Automotive Parts
2022-04-27,455.84999999999997,409.95000000000005,216.58999999999997,223.85000000000002,False,Automotive Parts
2022-04-28,389.4,402.8,218.54,386.3,False,Automotive Parts
2022-04-29,407.4,528.0,218.87,388.6,False,Automotive Parts
2022-04-30,381.0,534.7,224.18,350.7,False,Automotive Parts
2022-05-01,370.15,536.875,222.4225,343.275,False,Automotive Parts
2022-05-02,359.3,539.05,220.66500000000002,335.85,False,Automotive Parts
2022-05-03,348.45000000000005,541.225,218.9075,328.425,False,Automotive Parts
2022-05-04,337.6,543.4,217.15,321.0,False,Automotive Parts
2022-05-05,380.3,539.1,212.69,353.2,False,Automotive Parts
2022-05-06,406.2,525.3,218.71,377.7,False,Automotive Parts
2022-05-07,365.8,541.3,217.6,338.0,False,Automotive Parts
2022-05-08,353.8666666666667,541.8,217.51666666666665,329.6,False,Automotive Parts
2022-05-09,341.93333333333334,542.3,217.43333333333334,321.2,False,Automotive Parts
2022-05-10,330.0,542.8,217.35,312.8,False,Automotive Parts
2022-05-11,337.46666666666664,536.8666666666667,218.61666666666667,327.90000000000003,False,Automotive Parts
2022-05-12,344.93333333333334,530.9333333333333,219.88333333333333,343.0,False,Automotive Parts
2022-05-13,352.4,525.0,221.15,358.1,False,Automotive Parts
2022-05-14,378.6,521.0,214.33,387.1,False,Automotive Parts
2022-05-15,335.05,532.6,213.98000000000002,333.85,False,Automotive Parts
2022-05-16,291.5,544.2,213.63,280.6,False,Automotive Parts
2022-05-17,322.7,533.7,218.34,295.1,False,Automotive Parts
2022-05-18,351.9,523.7,218.7,329.1,False,Automotive Parts
2022-05-19,372.6,512.0,220.72,368.6,False,Automotive Parts
2022-05-20,378.2,506.5,216.87,361.6,False,Automotive Parts
2022-05-21,357.5,509.4,214.55,345.6,False,Automotive Parts
2022-05-22,347.85,514.65,217.755,337.75,False,Automotive Parts
2022-05-23,338.2,519.9,220.96,329.9,False,Automotive Parts
2022-05-24,335.5,521.7,217.85500000000002,333.15,False,Automotive Parts
2022-05-25,332.8,523.5,214.75,336.4,False,Automotive Parts
2022-05-26,355.3,518.5,215.75,330.3,False,Automotive Parts
2022-05-27,362.8,509.3,213.67,354.7,False,Automotive Parts
2022-05-28,346.8,511.5,211.16,312.8,False,Automotive Parts
2022-05-29,293.5,520.0,219.54,292.9,False,Automotive Parts
2022-05-30,308.15,518.35,217.83499999999998,307.7,False,Automotive Parts
2022-05-31,322.8,516.7,216.13,322.5,False,Automotive Parts
2022-06-01,409.9,516.6,217.0,426.7,True,Automotive Parts
2022-06-02,361.6,514.8,217.32,369.4,False,Automotive Parts
2022-06-03,358.3,519.2,220.31,352.4,False,Automotive Parts
2022-06-04,336.35,526.0,219.31,319.79999999999995,False,Automotive Parts
2022-06-05,314.4,532.8,218.31,287.2,False,Automotive Parts
2022-06-06,285.5,541.6,217.11,281.4,False,Automotive Parts
2022-06-07,288.1166666666667,547.3166666666667,217.05,287.16666666666663,False,Automotive Parts
2022-06-08,290.73333333333335,553.0333333333333,216.99,292.93333333333334,False,Automotive Parts
2022-06-09,293.35,558.75,216.93,298.7,False,Automotive Parts
2022-06-10,295.96666666666664,564.4666666666667,216.87,304.46666666666664,False,Automotive Parts
2022-06-11,298.5833333333333,570.1833333333333,216.81,310.23333333333335,False,Automotive Parts
2022-06-12,301.2,575.9,216.75,316.0,False,Automotive Parts
2022-06-13,301.79999999999995,574.45,216.325,309.15,False,Automotive Parts
2022-06-14,302.4,573.0,215.9,302.3,False,Automotive Parts
2022-06-15,315.3,569.4,218.27,289.5,False,Automotive Parts
2022-06-16,468.8,555.6,221.99,443.5,True,Automotive Parts
2022-06-17,358.5,554.9,213.23,369.4,False,Automotive Parts
2022-06-18,336.9,557.9,219.7,318.3,False,Automotive Parts
2022-06-19,324.6,568.7,218.14,312.9,False,Automotive Parts
2022-06-20,312.7,572.3,214.09,309.8,False,Automotive Parts
2022-06-21,295.0,578.2,211.3,286.7,False,Automotive Parts
2022-06-22,324.4,557.3,210.65,317.6,False,Automotive Parts
2022-06-23,507.5,553.0,215.7,501.7,True,Automotive Parts
2022-06-24,332.0,549.9,216.93,334.3,False,Automotive Parts
2022-06-25,319.43333333333334,553.3333333333334,216.68666666666667,325.6333333333333,False,Automotive Parts
2022-06-26,306.8666666666667,556.7666666666667,216.44333333333333,316.9666666666667,False,Automotive Parts
2022-06-27,294.3,560.2,216.2,308.3,False,Automotive Parts
2022-06-28,330.1,545.2,214.9,299.3,False,Automotive Parts
2022-06-29,328.1,546.7,214.66,309.6,False,Automotive Parts
2022-06-30,332.5,549.3333333333334,216.05333333333334,320.8,False,Automotive Parts
2022-07-01,336.90000000000003,551.9666666666667,217.44666666666666,332.0,False,Automotive Parts
2022-07-02,341.3,554.6,218.84,343.2,False,Automotive Parts
2022-07-03,312.3,567.3,220.62,318.5,False,Automotive Parts
2022-07-04,272.8,585.2,215.69,267.2,False,Automotive Parts
2022-07-05,340.9,568.0,218.68,351.1,False,Automotive Parts
2022-07-06,296.0,573.9,218.26,283.6,False,Automotive Parts
2022-07-07,303.15,571.25,213.14,284.15,False,Automotive Parts
2022-07-08,310.3,568.6,208.02,284.7,False,Automotive Parts
2022-07-09,321.9,536.55,219.38,313.85,False,Automotive Parts
2022-07-10,309.1,562.7,214.58,302.6,False,Automotive Parts
2022-07-11,308.9,570.9,223.56,320.7,False,Automotive Parts
2022-07-12,287.2,584.0,219.45,268.6,False,Automotive Parts
2022-07-13,305.4,580.5,215.41,284.4,False,Automotive Parts
2022-07-14,332.9,572.4,214.23,332.4,False,Automotive Parts
2022-07-15,322.4,575.0,220.29,319.6,False,Automotive Parts
2022-07-16,266.8,592.8,220.52,253.5,False,Automotive Parts
2022-07-17,284.95000000000005,589.4,224.075,273.85,False,Automotive Parts
2022-07-18,303.1,586.0,227.63,294.2,False,Automotive Parts
2022-07-19,310.05,580.7,219.095,305.85,False,Automotive Parts
2022-07-20,317.0,575.4,210.56,317.5,False,Automotive Parts
2022-07-21,298.3,580.3,217.41,304.2,False,Automotive Parts
2022-07-22,322.1,565.3,212.03,293.1,False,Automotive Parts
2022-07-23,313.75,568.75,215.37,292.15,False,Automotive Parts
2022-07-24,305.4,572.2,218.71,291.2,False,Automotive Parts
2022-07-25,288.3,573.7,219.56,288.1,False,Automotive Parts
2022-07-26,297.9666666666667,567.4,219.02,300.2666666666667,False,Automotive Parts
2022-07-27,307.6333333333333,561.1,218.48,312.43333333333334,False,Automotive Parts
2022-07-28,317.3,554.8,217.94,324.6,False,Automotive Parts
2022-07-29,340.2,547.5,221.44,311.4,False,Automotive Parts
2022-07-30,307.15,551.55,217.175,292.1,False,Automotive Parts
2022-07-31,274.1,555.6,212.91,272.8,False,Automotive Parts
2022-08-01,274.95000000000005,556.95,212.76999999999998,273.95000000000005,False,Automotive Parts
2022-08-02,275.8,558.3,212.63,275.1,False,Automotive Parts
2022-08-03,275.5,558.7666666666667,213.26333333333332,271.90000000000003,False,Automotive Parts
2022-08-04,275.2,559.2333333333333,213.89666666666668,268.7,False,Automotive Parts
2022-08-05,274.9,559.7,214.53,265.5,False,Automotive Parts
2022-08-06,396.3,545.8,215.97,394.1,False,Automotive Parts
2022-08-07,295.7,562.9,212.93,294.3,False,Automotive Parts
2022-08-08,268.5,570.2,226.6,258.8,False,Automotive Parts
2022-08-09,280.7,563.2,225.81,267.85,False,Automotive Parts
2022-08-10,292.9,556.2,225.02,276.9,False,Automotive Parts
2022-08-11,292.075,555.625,225.06,276.825,False,Automotive Parts
2022-08-12,291.25,555.05,225.10000000000002,276.75,False,Automotive Parts
2022-08-13,290.425,554.475,225.14000000000001,276.675,False,Automotive Parts
2022-08-14,289.6,553.9,225.18,276.6,False,Automotive Parts
2022-08-15,284.5,561.0666666666666,222.13666666666668,273.2666666666667,False,Automotive Parts
2022-08-16,279.40000000000003,568.2333333333333,219.09333333333333,269.93333333333334,False,Automotive Parts
2022-08-17,274.3,575.4,216.05,266.6,False,Automotive Parts
2022-08-18,319.3,555.6,217.49,301.5,False,Automotive Parts
2022-08-19,316.20000000000005,557.2,222.45,308.0,False,Automotive Parts
2022-08-20,313.1,558.8,227.41,314.5,False,Automotive Parts
2022-08-21,264.3,573.1,226.29,274.4,False,Automotive Parts
2022-08-22,397.3,566.2,212.71,374.2,True,Automotive Parts
2022-08-23,258.1,576.2,221.46,267.1,False,Automotive Parts
2022-08-24,407.8,562.7,219.13,402.7,True,Automotive Parts
2022-08-25,313.4,549.4,213.67,290.9,False,Automotive Parts
2022-08-26,311.5,547.9,223.21,296.3,False,Automotive Parts
2022-08-27,298.5,549.2333333333333,222.40666666666667,288.6,False,Automotive Parts
2022-08-28,285.5,550.5666666666666,221.60333333333335,280.9,False,Automotive Parts
2022-08-29,272.5,551.9,220.8,273.2,False,Automotive Parts
2022-08-30,241.9,560.0,214.49,253.3,False,Automotive Parts
2022-08-31,320.1,536.4,228.16,297.0,False,Automotive Parts
2022-09-01,315.3,535.0,212.69,316.7,False,Automotive Parts
2022-09-02,331.9,523.1,212.42,326.6,False,Automotive Parts
2022-09-03,310.7,531.9,218.87,282.7,False,Automotive Parts
2022-09-04,298.1,532.0,221.83,293.1,False,Automotive Parts
2022-09-05,310.25,529.95,220.085,293.475,False,Automotive Parts
2022-09-06,322.4,527.9000000000001,218.34,293.85,False,Automotive Parts
2022-09-07,311.79999999999995,539.8000000000001,218.405,289.025,False,Automotive Parts
2022-09-08,301.2,551.7,218.47,284.2,False,Automotive Parts
2022-09-09,304.09999999999997,544.3857142857144,218.77285714285713,284.95714285714286,False,Automotive Parts
2022-09-10,307.0,537.0714285714286,219.0757142857143,285.7142857142857,False,Automotive Parts
2022-09-11,309.9,529.7571428571429,219.37857142857143,286.4714285714286,False,Automotive Parts
2022-09-12,312.8,522.4428571428572,219.68142857142857,287.2285714285714,False,Automotive Parts
2022-09-13,315.7,515.1285714285715,219.9842857142857,287.98571428571427,False,Automotive Parts
2022-09-14,318.6,507.8142857142857,220.28714285714287,288.74285714285713,False,Automotive Parts
2022-09-15,321.5,500.5,220.59,289.5,False,Automotive Parts
2022-09-16,318.1,507.5,216.36,289.1,False,Automotive Parts
2022-09-17,303.1,505.6,213.97,296.7,False,Automotive Parts
2022-09-18,297.53333333333336,503.3666666666667,215.38666666666666,290.93333333333334,False,Automotive Parts
2022-09-19,291.96666666666664,501.1333333333333,216.80333333333334,285.16666666666663,False,Automotive Parts
2022-09-20,286.4,498.9,218.22,279.4,False,Automotive Parts
2022-09-21,315.6,488.7,217.68,296.7,False,Automotive Parts
2022-09-22,309.03333333333336,493.3333333333333,218.54333333333335,296.76666666666665,False,Automotive Parts
2022-09-23,302.46666666666664,497.9666666666667,219.40666666666667,296.8333333333333,False,Automotive Parts
2022-09-24,295.9,502.6,220.27,296.9,False,Automotive Parts
2022-09-25,296.0,501.1,212.99,303.1,False,Automotive Parts
2022-09-26,290.85,503.85,213.72500000000002,299.1,False,Automotive Parts
2022-09-27,285.7,506.6,214.46,295.1,False,Automotive Parts
2022-09-28,303.0,500.25,212.54000000000002,297.75,False,Automotive Parts
2022-09-29,320.3,493.9,210.62,300.4,False,Automotive Parts
2022-09-30,318.06,495.5,212.496,299.64,False,Automotive Parts
2022-10-01,315.82,497.09999999999997,214.372,298.88,False,Automotive Parts
2022-10-02,313.58000000000004,498.7,216.248,298.12,False,Automotive Parts
2022-10-03,311.34000000000003,500.29999999999995,218.124,297.36,False,Automotive Parts
2022-10-04,309.1,501.9,220.0,296.6,False,Automotive Parts
2022-10-05,317.82500000000005,515.275,217.5875,316.975,False,Automotive Parts
2022-10-06,326.55,528.65,215.175,337.35,False,Automotive Parts
2022-10-07,322.2,511.0,218.3,291.0,False,Automotive Parts
2022-10-08,318.54999999999995,517.15,220.005,1784.5,False,Automotive Parts
2022-10-09,314.9,523.3,221.71,3278.0,False,Automotive Parts
2022-10-10,285.3,526.3,225.73,297.4,False,Automotive Parts
2022-10-11,333.7,515.7,217.01,322.45,False,Automotive Parts
2022-10-12,341.0,507.4666666666667,217.60999999999999,336.5333333333333,False,Automotive Parts
2022-10-13,348.3,499.23333333333335,218.21,350.6166666666667,False,Automotive Parts
2022-10-14,355.6,491.0,218.81,364.7,False,Automotive Parts
2022-10-15,324.9,502.05,217.865,325.5,False,Automotive Parts
2022-10-16,294.2,513.1,216.92,286.3,False,Automotive Parts
2022-10-17,296.8,515.7,221.25,271.2,False,Automotive Parts
2022-10-18,346.6,508.1,225.01,334.6,False,Automotive Parts
2022-10-19,342.8,508.25,226.535,330.4,False,Automotive Parts
2022-10-20,339.0,508.4,228.06,326.2,False,Automotive Parts
2022-10-21,429.4,505.9,222.16500000000002,397.79999999999995,False,Automotive Parts
2022-10-22,519.8,503.4,216.27,469.4,True,Automotive Parts
2022-10-23,311.2,512.4,215.29,288.0,False,Automotive Parts
2022-10-24,292.7,512.0,221.75,287.7,False,Automotive Parts
2022-10-25,318.2,501.5,213.22,297.3,False,Automotive Parts
2022-10-26,333.3,495.8,214.16,322.5,False,Automotive Parts
2022-10-27,365.7,494.0,216.62,359.1,False,Automotive Parts
2022-10-28,356.3666666666667,496.3666666666667,218.18333333333334,341.33333333333337,False,Automotive Parts
2022-10-29,347.0333333333333,498.73333333333335,219.74666666666667,323.56666666666666,False,Automotive Parts
2022-10-30,337.7,501.1,221.31,305.8,False,Automotive Parts
2022-10-31,340.4,501.1,215.1,312.8,False,Automotive Parts
2022-11-01,342.79999999999995,513.0,217.45999999999998,327.3,False,Automotive Parts
2022-11-02,345.2,524.9,219.82,341.8,False,Automotive Parts
2022-11-03,372.4,510.6,220.36,343.4,False,Automotive Parts
2022-11-04,391.3,507.2,219.4,377.5,False,Automotive Parts
2022-11-05,352.6,518.2,217.34,357.1,False,Automotive Parts
2022-11-06,363.0,508.8,218.17,330.6,False,Automotive Parts
2022-11-07,336.7,517.4,217.0,343.1,False,Automotive Parts
2022-11-08,1366.0,546.5,215.1,302.0,False,Automotive Parts
2022-11-09,348.5,511.95000000000005,219.405,356.25,False,Automotive Parts
2022-11-10,348.1,510.975,217.77249999999998,335.725,False,Automotive Parts
2022-11-11,347.7,510.0,216.14,315.2,False,Automotive Parts
2022-11-12,397.3,503.8,223.08499999999998,392.05,False,Automotive Parts
2022-11-13,1451.8,513.1,217.99,300.3,False,Automotive Parts
2022-11-14,333.0,513.5,215.89,342.6,False,Automotive Parts
2022-11-15,994.7,511.6,220.67,321.6,False,Automotive Parts
2022-11-16,797.7,496.0,218.98,339.43333333333334,False,Automotive Parts
2022-11-17,600.7,480.40000000000003,217.29,357.2666666666667,False,Automotive Parts
2022-11-18,403.7,464.8,215.6,375.1,False,Automotive Parts
2022-11-19,369.4,476.5,225.14,384.2,False,Automotive Parts
2022-11-20,349.0,493.3,215.79,339.6,False,Automotive Parts
2022-11-21,346.3,494.0,221.67,327.7,False,Automotive Parts
2022-11-22,431.2,500.3,230.16,390.5,True,Automotive Parts
2022-11-23,367.6,478.3,207.23,381.8,False,Automotive Parts
2022-11-24,391.5,474.5,220.7,369.3,False,Automotive Parts
2022-11-25,399.6,467.4,216.56,3777.0,False,Automotive Parts
2022-11-26,411.8,470.2,218.91,391.3,False,Automotive Parts
2022-11-27,351.0,487.7,218.43,366.7,False,Automotive Parts
2022-11-28,332.5,487.0,214.22,317.0,False,Automotive Parts
2022-11-29,383.8,476.1,218.97,391.2,False,Automotive Parts
2022-11-30,402.6,467.2,211.14,408.6,False,Automotive Parts
2022-12-01,378.3,476.5,212.0,348.2,False,Automotive Parts
2022-12-02,507.1,541.7,218.23000000000002,493.55,False,Automotive Parts
2022-12-03,464.9166666666667,528.8166666666667,219.42666666666668,452.0833333333333,False,Automotive Parts
2022-12-04,422.73333333333335,515.9333333333334,220.62333333333333,410.6166666666667,False,Automotive Parts
2022-12-05,380.55,503.05,221.82,369.15,False,Automotive Parts
2022-12-06,375.275,497.07500000000005,220.695,359.92499999999995,False,Automotive Parts
2022-12-07,370.0,491.1,219.57,350.7,False,Automotive Parts
2022-12-08,385.1,496.4,213.66,361.5,False,Automotive Parts
2022-12-09,416.45,505.29999999999995,220.85,404.3,False,Automotive Parts
2022-12-10,402.23333333333335,504.0333333333333,221.09,397.8666666666667,False,Automotive Parts
2022-12-11,388.01666666666665,502.76666666666665,221.32999999999998,391.43333333333334,False,Automotive Parts
2022-12-12,373.8,501.5,221.57,385.0,False,Automotive Parts
2022-12-13,386.05,494.95,218.405,383.45,False,Automotive Parts
2022-12-14,398.3,488.4,215.24,381.9,False,Automotive Parts
2022-12-15,405.3,486.9,221.66,386.4,False,Automotive Parts
2022-12-16,378.3,492.3,219.21,359.0,False,Automotive Parts
2022-12-17,382.6,491.55,225.75,355.3,False,Automotive Parts
2022-12-18,386.9,490.8,232.29,351.6,False,Automotive Parts
2022-12-19,369.3,496.6,223.07,354.7,False,Automotive Parts
2022-12-20,402.0,486.8,221.49,414.3,False,Automotive Parts
2022-12-21,388.95,485.95000000000005,216.52,395.05,False,Automotive Parts
2022-12-22,375.9,485.1,211.55,375.8,False,Automotive Parts
2022-12-23,415.0,472.1,218.61,381.3,False,Automotive Parts
2022-12-24,394.35,481.4,216.11,368.55,False,Automotive Parts
2022-12-25,373.7,490.7,213.61,355.8,False,Automotive Parts
2022-12-26,376.3,500.4,213.58,344.5,False,Automotive Parts
2022-12-27,349.9,505.9,218.02,323.1,False,Automotive Parts
2022-12-28,390.04999999999995,498.65,217.07999999999998,376.45000000000005,False,Automotive Parts
2022-12-29,430.2,491.4,216.14,429.8,False,Automotive Parts
2022-12-30,452.7,478.1,208.93,417.6,False,Automotive Parts
2022-12-31,441.9,483.4,219.46,455.2,False,Automotive Parts
2023-01-01,375.8,505.0,219.97,357.2,False,Automotive Parts
2023-01-02,370.2,509.4,211.43,386.5,False,Automotive Parts
2023-01-03,384.4,504.6,216.23,363.2,False,Automotive Parts
2023-01-04,384.72272727272724,504.39886363636367,216.17238636363635,363.8522727272727,False,Automotive Parts
2023-01-05,385.0454545454545,504.1977272727273,216.1147727272727,364.50454545454545,False,Automotive Parts
2023-01-06,385.3681818181818,503.9965909090909,216.05715909090907,365.15681818181815,False,Automotive Parts
2023-01-07,385.6909090909091,503.79545454545456,215.99954545454545,365.8090909090909,False,Automotive Parts
2023-01-08,386.01363636363635,503.5943181818182,215.9419318181818,366.4613636363636,False,Automotive Parts
2023-01-09,386.3363636363636,503.39318181818186,215.88431818181817,367.1136363636364,False,Automotive Parts
2023-01-10,386.6590909090909,503.19204545454545,215.82670454545453,367.7659090909091,False,Automotive Parts
2023-01-11,386.98181818181814,502.9909090909091,215.7690909090909,368.41818181818184,False,Automotive Parts
2023-01-12,387.30454545454546,502.78977272727275,215.71147727272725,369.07045454545454,False,Automotive Parts
2023-01-13,387.6272727272727,502.5886363636364,215.65386363636364,369.72272727272724,False,Automotive Parts
2023-01-14,387.95,502.38750000000005,215.59625,370.375,False,Automotive Parts
2023-01-15,388.27272727272725,502.18636363636364,215.53863636363636,371.0272727272727,False,Automotive Parts
2023-01-16,388.5954545454545,501.9852272727273,215.48102272727272,371.67954545454546,False,Automotive Parts
2023-01-17,388.9181818181818,501.78409090909093,215.42340909090908,372.33181818181816,False,Automotive Parts
2023-01-18,389.2409090909091,501.5829545454546,215.36579545454543,372.9840909090909,False,Automotive Parts
2023-01-19,389.56363636363636,501.3818181818182,215.30818181818182,373.6363636363636,False,Automotive Parts
2023-01-20,389.8863636363636,501.1806818181818,215.25056818181818,374.2886363636364,False,Automotive Parts
2023-01-21,390.2090909090909,500.9795454545455,215.19295454545454,374.9409090909091,False,Automotive Parts
2023-01-22,390.53181818181815,500.7784090909091,215.1353409090909,375.5931818181818,False,Automotive Parts
2023-01-23,390.8545454545454,500.5772727272727,215.07772727272726,376.24545454545455,False,Automotive Parts
2023-01-24,391.17727272727274,500.37613636363636,215.02011363636362,376.89772727272725,False,Automotive Parts
2023-01-25,391.5,500.175,214.96249999999998,377.55,False,Automotive Parts
2023-01-26,391.82272727272726,499.97386363636366,214.90488636363636,378.2022727272727,False,Automotive Parts
2023-01-27,392.1454545454545,499.7727272727273,214.84727272727272,378.8545454545455,False,Automotive Parts
2023-01-28,392.4681818181818,499.5715909090909,214.78965909090908,379.5068181818182,False,Automotive Parts
2023-01-29,392.79090909090905,499.37045454545455,214.73204545454544,380.1590909090909,False,Automotive Parts
2023-01-30,393.1136363636364,499.1693181818182,214.6744318181818,380.81136363636364,False,Automotive Parts
2023-01-31,393.43636363636364,498.96818181818185,214.61681818181816,381.46363636363634,False,Automotive Parts
2023-02-01,393.7590909090909,498.76704545454544,214.55920454545455,382.1159090909091,False,Automotive Parts
2023-02-02,394.08181818181816,498.5659090909091,214.5015909090909,382.7681818181818,False,Automotive Parts
2023-02-03,394.4045454545454,498.36477272727274,214.44397727272727,383.42045454545456,False,Automotive Parts
2023-02-04,394.7272727272727,498.1636363636364,214.38636363636363,384.07272727272726,False,Automotive Parts
2023-02-05,395.05,497.9625,214.32874999999999,384.725,False,Automotive Parts
2023-02-06,395.3727272727273,497.7613636363636,214.27113636363634,385.3772727272727,False,Automotive Parts
2023-02-07,395.69545454545454,497.5602272727273,214.21352272727273,386.0295454545454,False,Automotive Parts
2023-02-08,396.0181818181818,497.3590909090909,214.1559090909091,386.6818181818182,False,Automotive Parts
2023-02-09,396.34090909090907,497.1579545454546,214.09829545454545,387.3340909090909,False,Automotive Parts
2023-02-10,396.66363636363633,496.95681818181816,214.0406818181818,387.98636363636365,False,Automotive Parts
2023-02-11,396.98636363636365,496.7556818181818,213.98306818181817,388.63863636363635,False,Automotive Parts
2023-02-12,397.3090909090909,496.55454545454546,213.92545454545453,389.2909090909091,False,Automotive Parts
2023-02-13,397.6318181818182,496.3534090909091,213.86784090909092,389.9431818181818,False,Automotive Parts
2023-02-14,397.95454545454544,496.1522727272727,213.81022727272727,390.5954545454546,False,Automotive Parts
2023-02-15,398.2772727272727,495.95113636363635,213.75261363636363,391.2477272727273,False,Automotive Parts
2023-02-16,398.6,495.75,213.695,391.9,False,Automotive Parts
2023-02-17,398.9227272727273,495.54886363636365,213.63738636363635,392.55227272727274,False,Automotive Parts
2023-02-18,399.24545454545455,495.3477272727273,213.5797727272727,393.20454545454544,False,Automotive Parts
2023-02-19,399.5681818181818,495.1465909090909,213.52215909090907,393.8568181818182,False,Automotive Parts
2023-02-20,399.8909090909091,494.94545454545454,213.46454545454546,394.5090909090909,False,Automotive Parts
2023-02-21,400.21363636363634,494.7443181818182,213.40693181818182,395.16136363636366,False,Automotive Parts
2023-02-22,400.53636363636366,494.54318181818184,213.34931818181818,395.81363636363636,False,Automotive Parts
2023-02-23,400.8590909090909,494.3420454545454,213.29170454545454,396.4659090909091,False,Automotive Parts
2023-02-24,401.1818181818182,494.1409090909091,213.2340909090909,397.1181818181818,False,Automotive Parts
2023-02-25,401.50454545454545,493.9397727272727,213.17647727272725,397.7704545454545,False,Automotive Parts
2023-02-26,401.8272727272727,493.7386363636364,213.11886363636364,398.4227272727273,False,Automotive Parts
2023-02-27,402.15,493.5375,213.06125,399.075,False,Automotive Parts
2023-02-28,402.4727272727273,493.3363636363636,213.00363636363636,399.72727272727275,False,Automotive Parts
2023-03-01,402.79545454545456,493.13522727272726,212.94602272727272,400.37954545454545,False,Automotive Parts
2023-03-02,403.1181818181818,492.9340909090909,212.88840909090908,401.0318181818182,False,Automotive Parts
2023-03-03,403.4409090909091,492.73295454545456,212.83079545454544,401.6840909090909,False,Automotive Parts
2023-03-04,403.76363636363635,492.53181818181815,212.77318181818183,402.33636363636367,False,Automotive Parts
2023-03-05,404.0863636363636,492.3306818181818,212.71556818181818,402.9886363636364,False,Automotive Parts
2023-03-06,404.40909090909093,492.12954545454545,212.65795454545454,403.6409090909091,False,Automotive Parts
2023-03-07,404.7318181818182,491.9284090909091,212.6003409090909,404.29318181818184,False,Automotive Parts
2023-03-08,405.05454545454546,491.7272727272727,212.54272727272726,404.94545454545454,False,Automotive Parts
2023-03-09,405.3772727272727,491.52613636363634,212.48511363636362,405.5977272727273,False,Automotive Parts
2023-03-10,405.7,491.325,212.4275,406.25,False,Automotive Parts
2023-03-11,406.02272727272725,491.12386363636364,212.36988636363637,406.90227272727276,False,Automotive Parts
2023-03-12,406.3454545454546,490.9227272727273,212.31227272727273,407.55454545454546,False,Automotive Parts
2023-03-13,406.66818181818184,490.7215909090909,212.2546590909091,408.2068181818182,False,Automotive Parts
2023-03-14,406.9909090909091,490.5204545454545,212.19704545454545,408.8590909090909,False,Automotive Parts
2023-03-15,407.31363636363636,490.3193181818182,212.1394318181818,409.5113636363636,False,Automotive Parts
2023-03-16,407.6363636363636,490.1181818181818,212.08181818181816,410.1636363636364,False,Automotive Parts
2023-03-17,407.95909090909095,489.9170454545454,212.02420454545455,410.8159090909091,False,Automotive Parts
2023-03-18,408.2818181818182,489.71590909090907,211.9665909090909,411.46818181818185,False,Automotive Parts
2023-03-19,408.6045454545455,489.5147727272727,211.90897727272727,412.12045454545455,False,Automotive Parts
2023-03-20,408.92727272727274,489.31363636363636,211.85136363636363,412.7727272727273,False,Automotive Parts
2023-03-21,409.25,489.1125,211.79375,413.425,False,Automotive Parts
2023-03-22,409.57272727272726,488.9113636363636,211.73613636363635,414.07727272727277,False,Automotive Parts
2023-03-23,409.8954545454545,488.71022727272725,211.67852272727274,414.7295454545455,False,Automotive Parts
2023-03-24,410.21818181818185,488.5090909090909,211.6209090909091,415.3818181818182,False,Automotive Parts
2023-03-25,410.5409090909091,488.30795454545455,211.56329545454545,416.03409090909093,False,Automotive Parts
2023-03-26,410.8636363636364,488.10681818181814,211.5056818181818,416.68636363636364,False,Automotive Parts
2023-03-27,411.18636363636364,487.9056818181818,211.44806818181817,417.3386363636364,False,Automotive Parts
2023-03-28,411.5090909090909,487.70454545454544,211.39045454545453,417.9909090909091,False,Automotive Parts
2023-03-29,411.8318181818182,487.5034090909091,211.33284090909092,418.64318181818186,False,Automotive Parts
2023-03-30,412.1545454545455,487.3022727272727,211.27522727272728,419.29545454545456,False,Automotive Parts
2023-03-31,412.47727272727275,487.10113636363633,211.21761363636364,419.9477272727273,False,Automotive Parts
2023-04-01,412.8,486.9,211.16,420.6,False,Automotive Parts
2020-01-01,292.3,1029.7,165.15,305.7,False,Beauty
2020-01-02,301.6,1023.4,161.52,300.4,False,Beauty
2020-01-03,293.6,1026.8,163.76,285.2,False,Beauty
2020-01-04,285.6,1030.2,166.0,270.0,False,Beauty
2020-01-05,335.05,1051.55,167.905,316.25,False,Beauty
2020-01-06,309.05,1079.8000000000002,160.685,1329.05,False,Beauty
2020-01-07,270.0,1047.0,160.06,265.2,False,Beauty
2020-01-08,405.5,1080.9,167.97,393.4,False,Beauty
2020-01-09,337.8,1068.5,164.22,334.7,False,Beauty
2020-01-10,290.7,1032.3,163.62,304.9,False,Beauty
2020-01-11,294.2,1032.5,169.26,302.0,False,Beauty
2020-01-12,251.0,1045.3,166.93,246.4,False,Beauty
2020-01-13,265.1,1044.3,161.84,272.4,False,Beauty
2020-01-14,292.65,1031.75,160.72,288.7,False,Beauty
2020-01-15,320.2,1019.2,159.6,305.0,False,Beauty
2020-01-16,325.29999999999995,1015.3,158.82999999999998,319.95,False,Beauty
2020-01-17,330.4,1011.4,158.06,334.9,False,Beauty
2020-01-18,309.29999999999995,1015.3499999999999,162.055,318.6,False,Beauty
2020-01-19,288.2,1019.3,166.05,302.3,False,Beauty
2020-01-20,277.0,1032.7,163.17,268.5,False,Beauty
2020-01-21,292.3666666666667,868.3666666666667,163.57999999999998,281.7,False,Beauty
2020-01-22,307.73333333333335,704.0333333333333,163.99,294.90000000000003,False,Beauty
2020-01-23,323.1,539.7,164.4,308.1,False,Beauty
2020-01-24,305.3,543.9666666666667,163.39000000000001,292.8666666666667,False,Beauty
2020-01-25,287.5,548.2333333333333,162.38,277.6333333333333,False,Beauty
2020-01-26,269.7,552.5,161.37,262.4,False,Beauty
2020-01-27,283.7,787.15,161.945,278.9,False,Beauty
2020-01-28,297.7,1021.8,162.52,295.4,False,Beauty
2020-01-29,287.3,1027.7,164.84,285.5,False,Beauty
2020-01-30,349.3,1012.3,166.33,345.5,False,Beauty
2020-01-31,330.075,1018.25,163.99,327.575,False,Beauty
2020-02-01,310.85,1024.1999999999998,161.65,309.65,False,Beauty
2020-02-02,291.625,1030.1499999999999,159.31,291.725,False,Beauty
2020-02-03,272.4,1036.1,156.97,273.8,False,Beauty
2020-02-04,294.15,1029.3,159.615,297.15,False,Beauty
2020-02-05,315.9,1022.5,162.26,320.5,False,Beauty
2020-02-06,360.0,1055.85,161.44,350.3,False,Beauty
2020-02-07,309.0,1030.6,171.4,292.6,False,Beauty
2020-02-08,313.1,1044.875,165.34,299.675,False,Beauty
2020-02-09,317.2,1059.15,159.28,306.75,False,Beauty
2020-02-10,318.85,1047.775,162.615,312.325,False,Beauty
2020-02-11,320.5,1036.4,165.95,317.9,False,Beauty
2020-02-12,432.35,1064.9,164.41,419.5,True,Beauty
2020-02-13,382.725,1056.95,163.435,379.35,False,Beauty
2020-02-14,333.1,1049.0,162.46,339.2,False,Beauty
2020-02-15,341.7,1051.4,159.3,339.2,False,Beauty
2020-02-16,321.73333333333335,1055.4,161.1966666666667,318.76666666666665,False,Beauty
2020-02-17,301.76666666666665,1059.4,163.09333333333333,298.3333333333333,False,Beauty
2020-02-18,281.8,1063.4,164.99,277.9,False,Beauty
2020-02-19,297.6,1062.325,164.84,291.625,False,Beauty
2020-02-20,313.4,1061.25,164.69,305.35,False,Beauty
2020-02-21,329.2,1060.175,164.54,319.075,False,Beauty
2020-02-22,345.0,1059.1,164.39,332.8,False,Beauty
2020-02-23,307.9,1083.8,160.54,314.6,False,Beauty
2020-02-24,302.75,1086.9,162.26999999999998,301.35,False,Beauty
2020-02-25,297.6,1090.0,164.0,288.1,False,Beauty
2020-02-26,308.8,1087.9,168.84,306.2,False,Beauty
2020-02-27,356.1,1078.3,163.98,358.2,False,Beauty
2020-02-28,379.1,1074.3,166.35,385.8,False,Beauty
2020-02-29,355.57500000000005,1063.55,165.0525,348.57500000000005,False,Beauty
2020-03-01,332.05,1052.8,163.755,311.35,False,Beauty
2020-03-02,276.5,1117.6,162.54,288.4,False,Beauty
2020-03-03,348.06666666666666,1112.0666666666666,162.4,348.06666666666666,False,Beauty
2020-03-04,419.6333333333333,1106.5333333333333,162.26,407.7333333333333,False,Beauty
2020-03-05,491.2,1101.0,162.12,467.4,True,Beauty
2020-03-06,437.70000000000005,1104.1,164.2225,419.6,False,Beauty
2020-03-07,384.20000000000005,1107.2,166.325,371.8,False,Beauty
2020-03-08,866.2,1126.9,157.31,329.9,False,Beauty
2020-03-09,352.1,1119.7,166.48,331.6,False,Beauty
2020-03-10,412.4,1129.8,164.61,413.1,True,Beauty
2020-03-11,392.35,1121.75,163.91000000000003,381.65,False,Beauty
2020-03-12,372.3,1113.7,163.21,350.2,False,Beauty
2020-03-13,352.1,1119.75,164.645,334.65,False,Beauty
2020-03-14,331.9,1125.8,166.08,319.1,False,Beauty
2020-03-15,339.9,1127.0,168.03,307.8,False,Beauty
2020-03-16,328.5,1132.0,160.29,307.5,False,Beauty
2020-03-17,265.5,1154.4,161.16,269.3,False,Beauty
2020-03-18,329.5,1137.6,161.32,322.8,False,Beauty
2020-03-19,393.5,1120.8,161.48,376.3,False,Beauty
2020-03-20,322.5,1138.8,164.62,335.3,False,Beauty
2020-03-21,317.95,1137.35,164.3975,329.075,False,Beauty
2020-03-22,313.4,1135.9,164.175,322.85,False,Beauty
2020-03-23,308.85,1134.45,163.9525,316.625,False,Beauty
2020-03-24,304.3,1133.0,163.73,310.4,False,Beauty
2020-03-25,349.7,1112.1,163.4,338.0,False,Beauty
2020-03-26,363.85,1107.1,165.67000000000002,341.5,False,Beauty
2020-03-27,378.0,1102.1,167.94,345.0,False,Beauty
2020-03-28,358.1,1113.5,163.52,338.2,False,Beauty
2020-03-29,344.20000000000005,1116.55,165.06,337.54999999999995,False,Beauty
2020-03-30,330.3,1119.6,166.6,336.9,False,Beauty
2020-03-31,321.5,1123.8,167.92,295.0,False,Beauty
2020-04-01,368.9,1104.4,161.32,344.9,False,Beauty
2020-04-02,278.5,1036.2,162.37,260.0,False,Beauty
2020-04-03,329.4,1069.4,162.115,305.9,False,Beauty
2020-04-04,380.3,1102.6,161.86,351.8,False,Beauty
2020-04-05,330.8,1120.4,165.94,336.8,False,Beauty
2020-04-06,445.8,1094.2,166.23,420.5,False,Beauty
2020-04-07,400.95000000000005,1091.95,169.51999999999998,376.2,False,Beauty
2020-04-08,356.1,1089.7,172.81,331.9,False,Beauty
2020-04-09,366.5,1109.8,167.22,342.3,False,Beauty
2020-04-10,1477.15,1107.8,166.06,447.29999999999995,False,Beauty
2020-04-11,2587.8,1105.8,164.9,552.3,True,Beauty
2020-04-12,1452.8500000000001,1120.05,165.51,431.5,False,Beauty
2020-04-13,317.9,1134.3,166.12,310.7,False,Beauty
2020-04-14,353.7,1116.6,164.05,347.2,False,Beauty
2020-04-15,366.4,1106.2666666666667,164.29000000000002,362.2,False,Beauty
2020-04-16,379.1,1095.9333333333332,164.53,377.2,False,Beauty
2020-04-17,391.8,1085.6,164.77,392.2,False,Beauty
2020-04-18,387.8,1090.3,158.88,354.3,False,Beauty
2020-04-19,476.4,1089.5,159.765,457.25,False,Beauty
2020-04-20,565.0,1088.7,160.65,560.2,True,Beauty
2020-04-21,468.4,1085.9,161.445,465.85,False,Beauty
2020-04-22,371.8,1083.1,162.24,371.5,False,Beauty
2020-04-23,615.3,1077.7,163.54,587.5,True,Beauty
2020-04-24,561.0,1067.4,163.37,555.75,False,Beauty
2020-04-25,506.7,1057.1,163.2,524.0,True,Beauty
2020-04-26,531.4,1064.2,164.45,482.8,True,Beauty
2020-04-27,329.7,1082.7,159.62,324.1,False,Beauty
2020-04-28,393.6,1062.8,165.65,365.7,False,Beauty
2020-04-29,388.4,1060.1,159.35,396.3,False,Beauty
2020-04-30,396.5,1061.4,163.46,379.1,False,Beauty
2020-05-01,412.35,1065.5,165.905,407.25,False,Beauty
2020-05-02,428.2,1069.6,168.35,435.4,False,Beauty
2020-05-03,390.3,1087.9,165.9,396.9,False,Beauty
2020-05-04,355.9,1096.1,164.29,359.0,False,Beauty
2020-05-05,532.2,1094.7,165.05,558.7,True,Beauty
2020-05-06,493.2666666666667,1084.1000000000001,166.16666666666669,508.0666666666667,False,Beauty
2020-05-07,454.3333333333333,1073.5,167.28333333333333,457.43333333333334,False,Beauty
2020-05-08,415.4,1062.9,168.4,406.8,False,Beauty
2020-05-09,393.8,1094.7,166.27,373.5,False,Beauty
2020-05-10,380.0,1105.4,168.24,353.25,False,Beauty
2020-05-11,366.2,1116.1,170.21,333.0,False,Beauty
2020-05-12,364.1,1115.9,167.03500000000003,352.6,False,Beauty
2020-05-13,362.0,1115.7,163.86,372.2,False,Beauty
2020-05-14,413.7,1104.4,167.01,424.7,False,Beauty
2020-05-15,400.35,1108.0,167.45,412.45,False,Beauty
2020-05-16,387.0,1111.6,167.89,400.2,False,Beauty
2020-05-17,379.8,1119.2,160.85,342.0,False,Beauty
2020-05-18,368.6,1118.8,163.86,363.6,False,Beauty
2020-05-19,386.5,1114.3,163.37,374.1,False,Beauty
2020-05-20,403.85,1110.15,166.28,380.15,False,Beauty
2020-05-21,421.2,1106.0,169.19,386.2,False,Beauty
2020-05-22,423.35,1104.35,166.805,402.4,False,Beauty
2020-05-23,425.5,1102.7,164.42,418.6,False,Beauty
2020-05-24,444.8,1116.8000000000002,163.12,451.3,False,Beauty
2020-05-25,464.1,1130.9,161.82,484.0,True,Beauty
2020-05-26,360.7,1133.5,166.08,337.9,False,Beauty
2020-05-27,423.3,1109.0,165.12,414.5,False,Beauty
2020-05-28,1250.4,1113.3,162.83,370.9,False,Beauty
2020-05-29,468.7,1089.8,166.54,472.4,False,Beauty
2020-05-30,420.1,1102.55,166.92000000000002,428.54999999999995,False,Beauty
2020-05-31,371.5,1115.3,167.3,384.7,False,Beauty
2020-06-01,378.93,1111.74,167.60000000000002,391.9,False,Beauty
2020-06-02,386.36,1108.18,167.9,399.1,False,Beauty
2020-06-03,393.78999999999996,1104.62,168.20000000000002,406.3,False,Beauty
2020-06-04,401.21999999999997,1101.06,168.5,413.50000000000006,False,Beauty
2020-06-05,408.65,1097.5,168.8,420.70000000000005,False,Beauty
2020-06-06,395.875,1108.0,165.38,394.8,False,Beauty
2020-06-07,383.1,1118.5,161.96,368.9,False,Beauty
2020-06-08,390.90000000000003,1116.625,162.87,373.325,False,Beauty
2020-06-09,398.70000000000005,1114.75,163.78,377.75,False,Beauty
2020-06-10,406.5,1112.875,164.69,382.175,False,Beauty
2020-06-11,414.3,1111.0,165.6,386.6,False,Beauty
2020-06-12,357.0,1094.0500000000002,166.58,341.65,False,Beauty
2020-06-13,415.6,1112.7,166.33,386.3,False,Beauty
2020-06-14,524.8,1115.9,165.22,483.4,True,Beauty
2020-06-15,371.0,1134.3,166.97,335.4,False,Beauty
2020-06-16,407.7,1126.3,171.01,428.0,False,Beauty
2020-06-17,417.79999999999995,1122.3,166.31,429.95,False,Beauty
2020-06-18,427.9,1118.3,161.61,431.9,False,Beauty
2020-06-19,611.9,1123.6,158.88,611.7,True,Beauty
2020-06-20,382.8,1131.7,164.99,365.4,False,Beauty
2020-06-21,372.6,1135.7,159.89,364.5,False,Beauty
2020-06-22,387.5,1129.8000000000002,162.51,388.8,False,Beauty
2020-06-23,402.4,1123.9,165.13,413.1,False,Beauty
2020-06-24,394.74,1011.2400000000001,164.64,403.42,False,Beauty
2020-06-25,387.08,898.58,164.15,393.74,False,Beauty
2020-06-26,379.42,785.9200000000001,163.66,384.06,False,Beauty
2020-06-27,371.76,673.26,163.17000000000002,374.38,False,Beauty
2020-06-28,364.1,560.6,162.68,364.7,False,Beauty
2020-06-29,394.8,558.8,166.09,84.6,False,Beauty
2020-06-30,382.4,556.8,163.83,391.6,False,Beauty
2020-07-01,402.6,552.8,168.35,396.9,False,Beauty
2020-07-02,418.8,1095.7,163.6,418.5,False,Beauty
2020-07-03,377.35,1107.85,166.175,369.0,False,Beauty
2020-07-04,335.9,1120.0,168.75,319.5,False,Beauty
2020-07-05,407.1,1095.85,165.515,393.79999999999995,False,Beauty
2020-07-06,391.05,1097.425,161.1025,370.09999999999997,False,Beauty
2020-07-07,375.0,1099.0,156.69,346.4,False,Beauty
2020-07-08,357.6,1100.1,167.08,329.2,False,Beauty
2020-07-09,388.15,1095.15,167.12,354.6,False,Beauty
2020-07-10,418.7,1090.2,167.16,380.0,False,Beauty
2020-07-11,468.22499999999997,1092.35,166.485,443.2,False,Beauty
2020-07-12,517.75,1094.5,165.81,506.4,False,Beauty
2020-07-13,567.275,1096.65,165.135,569.5999999999999,False,Beauty
2020-07-14,616.8,1098.8,164.46,632.8,True,Beauty
2020-07-15,392.0,1093.6,169.2,407.7,False,Beauty
2020-07-16,436.6,1079.2,164.82,443.9,False,Beauty
2020-07-17,440.2,1077.1,160.36,408.7,False,Beauty
2020-07-18,421.3333333333333,1082.1666666666665,162.2266666666667,404.8333333333333,False,Beauty
2020-07-19,402.4666666666667,1087.2333333333333,164.09333333333333,400.9666666666667,False,Beauty
2020-07-20,383.6,1092.3,165.96,397.1,False,Beauty
2020-07-21,343.2,1104.5,164.87,340.2,False,Beauty
2020-07-22,406.9,1077.2,159.69,402.9,False,Beauty
2020-07-23,426.2,1078.8,171.49,446.9,False,Beauty
2020-07-24,424.6,1085.6,163.01,403.2,False,Beauty
2020-07-25,402.1,1097.35,163.605,377.85,False,Beauty
2020-07-26,379.6,1109.1,164.2,352.5,False,Beauty
2020-07-27,366.0,1112.8,168.23,341.7,False,Beauty
2020-07-28,353.4,1117.1,168.21,339.0,False,Beauty
2020-07-29,376.9,1102.5,167.94,376.0,False,Beauty
2020-07-30,424.0,1090.3,162.82,428.3,False,Beauty
2020-07-31,425.1,1085.3,160.38,403.9,False,Beauty
2020-08-01,298.6,1035.6,159.43,300.4,False,Beauty
2020-08-02,367.29999999999995,1056.9,160.52,361.85,False,Beauty
2020-08-03,433.4,1084.65,165.715,407.525,False,Beauty
2020-08-04,499.5,1112.4,170.91,453.2,True,Beauty
2020-08-05,544.95,1089.5500000000002,168.31,522.7,False,Beauty
2020-08-06,590.4,1066.7,165.71,592.2,True,Beauty
2020-08-07,495.79999999999995,1071.7,164.37,490.20000000000005,False,Beauty
2020-08-08,401.2,1076.7,163.03,388.2,False,Beauty
2020-08-09,367.3,1082.1,157.95,372.6,False,Beauty
2020-08-10,362.1,1085.8,158.24,333.8,False,Beauty
2020-08-11,337.1,1086.7,165.55,304.6,False,Beauty
2020-08-12,387.8,1078.7,167.8,378.7,False,Beauty
2020-08-13,387.5,1079.4333333333334,167.38,384.6666666666667,False,Beauty
2020-08-14,387.2,1080.1666666666667,166.96,390.6333333333333,False,Beauty
2020-08-15,386.9,1080.9,166.54,396.6,False,Beauty
2020-08-16,348.1,1095.3,168.19,356.3,False,Beauty
2020-08-17,355.5,1089.9,166.24,372.0,False,Beauty
2020-08-18,381.8,1091.9,172.97,396.3,False,Beauty
2020-08-19,353.5,1097.7,164.02,360.0,False,Beauty
2020-08-20,403.3,1084.0,159.25,407.0,False,Beauty
2020-08-21,409.0,1079.5,165.29,416.4,False,Beauty
2020-08-22,422.9,1065.4,161.41,407.7,False,Beauty
2020-08-23,358.0,1084.0,159.56,355.3,False,Beauty
2020-08-24,351.7,1078.4,164.42,342.8,False,Beauty
2020-08-25,375.8666666666667,1069.9666666666667,165.84,375.8333333333333,False,Beauty
2020-08-26,400.0333333333333,1061.5333333333333,167.26,408.8666666666667,False,Beauty
2020-08-27,424.2,1053.1,168.68,441.9,False,Beauty
2020-08-28,404.9,1059.7,167.44,374.6,False,Beauty
2020-08-29,389.6,1058.8,168.1,354.9,False,Beauty
2020-08-30,351.6,1056.9,165.31,367.4,False,Beauty
2020-08-31,345.85,1037.3000000000002,167.265,361.79999999999995,False,Beauty
2020-09-01,340.1,1017.7,169.22,356.2,False,Beauty
2020-09-02,378.20000000000005,1038.3000000000002,161.79000000000002,387.9,False,Beauty
2020-09-03,416.3,1058.9,154.36,419.6,False,Beauty
2020-09-04,400.3,1061.8,169.08,413.8,False,Beauty
2020-09-05,349.3,1076.5,167.76,350.8,False,Beauty
2020-09-06,346.6,1072.0,164.7,359.8,False,Beauty
2020-09-07,333.2,1063.5,168.45,304.4,False,Beauty
2020-09-08,448.7,1064.7,160.03,438.3,True,Beauty
2020-09-09,490.3,1054.0,165.76,451.8,True,Beauty
2020-09-10,461.05,1051.525,165.3825,436.1,False,Beauty
2020-09-11,431.8,1049.05,165.005,420.4,False,Beauty
2020-09-12,402.55,1046.5749999999998,164.6275,404.7,False,Beauty
2020-09-13,373.3,1044.1,164.25,389.0,False,Beauty
2020-09-14,355.5,1059.6,158.62,361.5,False,Beauty
2020-09-15,336.1,1065.2,168.68,331.5,False,Beauty
2020-09-16,357.4,1061.4,162.07,3523.0,False,Beauty
2020-09-17,409.4,1051.7,172.02,377.4,False,Beauty
2020-09-18,388.2,1052.6,166.82,396.6,False,Beauty
2020-09-19,368.8333333333333,1057.0666666666666,169.36333333333332,377.73333333333335,False,Beauty
2020-09-20,349.4666666666667,1061.5333333333333,171.90666666666667,358.8666666666667,False,Beauty
2020-09-21,330.1,1066.0,174.45,340.0,False,Beauty
2020-09-22,338.1,1060.8,165.31,326.4,False,Beauty
2020-09-23,371.7,1048.1,165.22,361.2,False,Beauty
2020-09-24,343.5,1065.2,166.57,332.9,False,Beauty
2020-09-25,357.05,1066.9,166.5,352.79999999999995,False,Beauty
2020-09-26,370.6,1068.6,166.43,372.7,False,Beauty
2020-09-27,338.2,1080.0,170.82,322.1,False,Beauty
2020-09-28,400.9,1089.2,169.17,416.8,True,Beauty
2020-09-29,317.7,1085.9,165.4,325.1,False,Beauty
2020-09-30,336.1,1077.7,162.37,328.0,False,Beauty
2020-10-01,365.0,1067.9,162.21,357.3,False,Beauty
2020-10-02,329.5,1058.35,161.70499999999998,329.0,False,Beauty
2020-10-03,343.9,1077.6,170.24,330.6,False,Beauty
2020-10-04,454.2,1092.3,167.89,456.7,True,Beauty
2020-10-05,323.1,1090.9,168.23,333.5,False,Beauty
2020-10-06,329.7,1093.2,167.1,322.3,False,Beauty
2020-10-07,348.54999999999995,1081.35,164.265,329.1,False,Beauty
2020-10-08,367.4,1069.5,161.43,335.9,False,Beauty
2020-10-09,344.09999999999997,1078.2666666666667,162.38333333333333,319.66666666666663,False,Beauty
2020-10-10,320.8,1087.0333333333333,163.33666666666667,303.43333333333334,False,Beauty
2020-10-11,297.5,1095.8,164.29,287.2,False,Beauty
2020-10-12,287.9,1101.0,164.75,294.4,False,Beauty
2020-10-13,309.1,1092.1,159.81,300.6,False,Beauty
2020-10-14,335.5,1077.5,170.48,350.8,False,Beauty
2020-10-15,408.2,1059.1,166.05,422.3,False,Beauty
2020-10-16,387.35,1066.9,167.995,399.85,False,Beauty
2020-10-17,366.5,1074.7,169.94,377.4,False,Beauty
2020-10-18,317.3,1085.3,166.68,331.5,False,Beauty
2020-10-19,320.5,1086.35,164.125,321.7,False,Beauty
2020-10-20,323.7,1087.4,161.57,311.9,False,Beauty
2020-10-21,369.8,1070.4,168.71,363.7,False,Beauty
2020-10-22,366.9,1061.0,155.3,385.1,False,Beauty
2020-10-23,388.2,1068.2,167.94,356.1,False,Beauty
2020-10-24,377.7,1069.2,169.73,380.9,False,Beauty
2020-10-25,337.15,1082.6,167.915,330.4,False,Beauty
2020-10-26,296.6,1096.0,166.1,279.9,False,Beauty
2020-10-27,319.95000000000005,958.9,162.305,303.65,False,Beauty
2020-10-28,343.3,821.8,158.51,327.4,False,Beauty
2020-10-29,378.7,817.8,161.47,78.9,False,Beauty
2020-10-30,365.4,823.9,163.86,337.2,False,Beauty
2020-10-31,333.8,832.2,166.21,310.5,False,Beauty
2020-11-01,318.8,967.0,166.01,304.2,False,Beauty
2020-11-02,303.8,1101.8,165.81,297.9,False,Beauty
2020-11-03,322.2,1097.1,163.35,308.2,False,Beauty
2020-11-04,360.0,1092.0,162.06,346.3,False,Beauty
2020-11-05,346.5,1106.5,160.82,312.2,False,Beauty
2020-11-06,381.35,1097.8,161.55,366.85,False,Beauty
2020-11-07,416.2,1089.1,162.28,421.5,False,Beauty
2020-11-08,409.34,1088.8,162.632,413.34,False,Beauty
2020-11-09,402.47999999999996,1088.5,162.984,405.18,False,Beauty
2020-11-10,395.62,1088.1999999999998,163.33599999999998,397.02,False,Beauty
2020-11-11,388.76,1087.8999999999999,163.688,388.86,False,Beauty
2020-11-12,381.9,1087.6,164.04,380.7,False,Beauty
2020-11-13,521.2,1095.2,169.31,479.4,True,Beauty
2020-11-14,395.8,1088.8,166.91,372.0,False,Beauty
2020-11-15,400.0,1095.9499999999998,167.47,375.8,False,Beauty
2020-11-16,404.2,1103.1,168.03,379.6,True,Beauty
2020-11-17,302.6,1115.4,163.39,305.9,False,Beauty
2020-11-18,310.2,1115.7,164.6,282.6,False,Beauty
2020-11-19,341.8,1100.9,165.48,332.3,False,Beauty
2020-11-20,374.4,1081.3,165.24,338.2,False,Beauty
2020-11-21,379.5,1072.5,169.8,392.5,False,Beauty
2020-11-22,301.6,1097.1,166.08,285.5,False,Beauty
2020-11-23,282.25,1103.65,166.325,278.9,False,Beauty
2020-11-24,262.9,1110.2,166.57,272.3,False,Beauty
2020-11-25,320.5,1098.2,166.1,290.5,False,Beauty
2020-11-26,355.7,1076.1,160.9,335.5,False,Beauty
2020-11-27,359.3,1073.1,166.69,372.1,False,Beauty
2020-11-28,336.8,1081.9,164.4,336.5,False,Beauty
2020-11-29,270.5,1092.7,163.17,249.7,False,Beauty
2020-11-30,398.9,1094.5,169.02,387.4,True,Beauty
2020-12-01,315.0,1080.6,162.96,315.6,False,Beauty
2020-12-02,344.5,1067.1999999999998,163.435,334.6,False,Beauty
2020-12-03,374.0,1053.8,163.91,353.6,False,Beauty
2020-12-04,393.3,1049.3,157.98,411.2,False,Beauty
2020-12-05,339.9,1061.4,161.98,313.4,False,Beauty
2020-12-06,332.7,1062.8,164.06,310.3666666666667,False,Beauty
2020-12-07,325.5,1064.2,166.14,307.3333333333333,False,Beauty
2020-12-08,318.3,1065.6,168.22,304.3,False,Beauty
2020-12-09,337.79999999999995,1052.25,165.8,349.75,False,Beauty
2020-12-10,374.3,1043.8,159.05,377.7,False,Beauty
2020-12-11,351.2,1059.8,169.03,360.8,False,Beauty
2020-12-12,363.6,1057.2,167.72,352.7,False,Beauty
2020-12-13,320.5,1064.3,170.35,291.4,False,Beauty
2020-12-14,265.8,1083.4,163.01,258.1,False,Beauty
2020-12-15,315.7,1060.9,160.6,329.0,False,Beauty
2020-12-16,335.8,1055.9,165.79,329.1,False,Beauty
2020-12-17,345.8,1053.2,165.055,342.0,False,Beauty
2020-12-18,355.8,1050.5,164.32,354.9,False,Beauty
2020-12-19,325.3,1053.1333333333334,163.72,317.26666666666665,False,Beauty
2020-12-20,294.8,1055.7666666666667,163.12,279.6333333333333,False,Beauty
2020-12-21,264.3,1058.4,162.52,242.0,False,Beauty
2020-12-22,436.2,1041.0,163.74,401.5,True,Beauty
2020-12-23,387.45,1038.8,165.18,368.5,False,Beauty
2020-12-24,338.7,1036.6,166.62,335.5,False,Beauty
2020-12-25,381.95,1033.55,165.24,378.45,False,Beauty
2020-12-26,425.2,1030.5,163.86,421.4,True,Beauty
2020-12-27,300.7,1047.4,159.77,273.8,False,Beauty
2020-12-28,445.7,1046.0,164.3,431.6,True,Beauty
2020-12-29,407.68,1040.5,164.244,396.28000000000003,False,Beauty
2020-12-30,369.65999999999997,1035.0,164.18800000000002,360.96000000000004,False,Beauty
2020-12-31,331.64,1029.5,164.132,325.64,False,Beauty
2021-01-01,293.62,1024.0,164.07600000000002,290.32,False,Beauty
2021-01-02,255.6,1018.5,164.02,255.0,False,Beauty
2021-01-03,279.45,1028.55,165.375,280.45,False,Beauty
2021-01-04,303.3,1038.6,166.73,305.9,False,Beauty
2021-01-05,406.0,1030.6,164.49,382.7,True,Beauty
2021-01-06,325.8,1029.4,163.86,330.9,False,Beauty
2021-01-07,483.9,965.5,165.26,467.9,False,Beauty
2021-01-08,360.6,1031.4,164.73,335.7,False,Beauty
2021-01-09,366.1,1037.4,162.7,337.1,False,Beauty
2021-01-10,360.9,1041.0,162.99,350.0,False,Beauty
2021-01-11,355.7,1044.6,163.28,362.9,True,Beauty
2021-01-12,309.2,1042.2,158.76,319.7,False,Beauty
2021-01-13,332.8,1037.8,172.1,300.0,False,Beauty
2021-01-14,362.4,1025.3,168.74,338.4,False,Beauty
2021-01-15,343.3,1024.5333333333333,165.99,322.76666666666665,False,Beauty
2021-01-16,324.2,1023.7666666666667,163.24,307.1333333333333,False,Beauty
2021-01-17,305.1,1023.0,160.49,291.5,False,Beauty
2021-01-18,322.5,1020.2,164.12,304.2,False,Beauty
2021-01-19,356.85,1006.8,166.765,335.79999999999995,False,Beauty
2021-01-20,391.2,993.4,169.41,367.4,False,Beauty
2021-01-21,326.7,1006.9,166.74,296.3,False,Beauty
2021-01-22,360.0,987.1,161.26,373.2,False,Beauty
2021-01-23,344.75,1000.1,166.595,342.2,False,Beauty
2021-01-24,329.5,1013.1,171.93,311.2,False,Beauty
2021-01-25,335.15,1010.1166666666667,170.26333333333335,322.81666666666666,False,Beauty
2021-01-26,340.8,1007.1333333333333,168.59666666666666,334.43333333333334,False,Beauty
2021-01-27,346.45,1004.1500000000001,166.93,346.04999999999995,False,Beauty
2021-01-28,352.09999999999997,1001.1666666666667,165.26333333333335,357.66666666666663,False,Beauty
2021-01-29,357.75,998.1833333333334,163.59666666666666,369.2833333333333,False,Beauty
2021-01-30,363.4,995.2,161.93,380.9,False,Beauty
2021-01-31,359.2333333333333,990.5666666666667,162.42333333333335,373.56666666666666,False,Beauty
2021-02-01,355.06666666666666,985.9333333333333,162.91666666666666,366.2333333333333,False,Beauty
2021-02-02,350.9,981.3,163.41,358.9,False,Beauty
2021-02-03,384.95,981.0,166.0025,384.2,False,Beauty
2021-02-04,419.0,980.7,168.595,409.5,False,Beauty
2021-02-05,453.05,980.4,171.1875,434.8,False,Beauty
2021-02-06,487.1,980.1,173.78,460.1,True,Beauty
2021-02-07,332.8,977.2,164.39,308.4,False,Beauty
2021-02-08,347.20000000000005,992.65,165.8225,327.95,False,Beauty
2021-02-09,361.6,1008.0999999999999,167.255,347.5,False,Beauty
2021-02-10,333.0,975.5,167.19,345.8,False,Beauty
2021-02-11,375.9,961.7,164.62,376.1,False,Beauty
2021-02-12,408.1,953.9,163.46,423.1,False,Beauty
2021-02-13,343.2,966.6,168.87,314.6,False,Beauty
2021-02-14,1116.3,968.5,163.71,337.6,False,Beauty
2021-02-15,332.8,966.0,162.41,312.6,False,Beauty
2021-02-16,296.3,966.1,163.54,274.4,False,Beauty
2021-02-17,380.0,948.3,158.63,364.1,False,Beauty
2021-02-18,381.8666666666667,947.9666666666666,159.63,362.7,False,Beauty
2021-02-19,383.73333333333335,947.6333333333333,160.63,361.3,False,Beauty
2021-02-20,385.6,947.3,161.63,359.9,False,Beauty
2021-02-21,345.0,960.2,164.1,335.7,False,Beauty
2021-02-22,310.0,976.7,169.59,322.3,False,Beauty
2021-02-23,332.625,970.375,168.69,346.425,False,Beauty
2021-02-24,355.25,964.05,167.79000000000002,370.55,False,Beauty
2021-02-25,377.875,957.725,166.89000000000001,394.675,False,Beauty
2021-02-26,400.5,951.4,165.99,418.8,False,Beauty
2021-02-27,384.6,962.8,166.67,395.9,False,Beauty
2021-02-28,368.15,989.575,164.5675,370.72499999999997,False,Beauty
2021-03-01,351.7,1016.35,162.465,345.54999999999995,False,Beauty
2021-03-02,337.9,993.4,165.97,328.6,False,Beauty
2021-03-03,371.7,981.6,170.25,345.5,False,Beauty
2021-03-04,403.2,969.5,169.20499999999998,383.55,False,Beauty
2021-03-05,434.7,957.4,168.16,421.6,False,Beauty
2021-03-06,371.2,979.7,165.66,365.0,False,Beauty
2021-03-07,353.75,980.5,163.95,355.75,False,Beauty
2021-03-08,336.3,981.3,162.24,346.5,False,Beauty
2021-03-09,371.1333333333333,974.9333333333333,162.80333333333334,373.56666666666666,False,Beauty
2021-03-10,405.9666666666667,968.5666666666667,163.36666666666667,400.6333333333333,False,Beauty
2021-03-11,440.8,962.2,163.93,427.7,False,Beauty
2021-03-12,1016.3,965.85,165.91,2275.35,False,Beauty
2021-03-13,1591.8,969.5,167.89,4123.0,False,Beauty
2021-03-14,373.4,984.0,163.74,345.0,False,Beauty
2021-03-15,343.3,992.9,168.42,320.4,False,Beauty
2021-03-16,320.2,1015.6,161.78,293.2,False,Beauty
2021-03-17,359.29999999999995,1008.1,162.065,336.9,False,Beauty
2021-03-18,398.4,1000.6,162.35,380.6,False,Beauty
2021-03-19,393.29999999999995,997.3,164.3,387.75,False,Beauty
2021-03-20,388.2,994.0,166.25,394.9,False,Beauty
2021-03-21,374.1,986.9,170.62,365.7,False,Beauty
2021-03-22,371.85,989.95,169.495,371.29999999999995,False,Beauty
2021-03-23,369.6,993.0,168.37,376.9,False,Beauty
2021-03-24,391.4,984.8,168.26,395.9,False,Beauty
2021-03-25,414.35,975.5,162.905,421.9,False,Beauty
2021-03-26,437.3,966.2,157.55,447.9,False,Beauty
2021-03-27,415.0,971.8,169.71,384.2,False,Beauty
2021-03-28,371.1,988.1,163.87,369.2,False,Beauty
2021-03-29,457.2,990.3,162.1,437.9,True,Beauty
2021-03-30,356.0,987.3,166.06,354.4,False,Beauty
2021-03-31,397.4,978.0,165.5,391.6,False,Beauty
2021-04-01,388.7,982.1,164.56,392.5,False,Beauty
2021-04-02,380.0,986.2,163.62,393.4,False,Beauty
2021-04-03,402.05,977.25,163.095,395.75,False,Beauty
2021-04-04,400.025,992.375,164.6325,399.7,False,Beauty
2021-04-05,398.0,1007.5,166.17000000000002,403.65,False,Beauty
2021-04-06,408.5,1001.05,164.775,400.325,False,Beauty
2021-04-07,419.0,994.6,163.38,397.0,False,Beauty
2021-04-08,405.525,994.075,164.2125,388.9,False,Beauty
2021-04-09,392.05,993.55,165.04500000000002,380.8,False,Beauty
2021-04-10,378.57500000000005,993.025,165.8775,372.70000000000005,False,Beauty
2021-04-11,365.1,992.5,166.71,364.6,False,Beauty
2021-04-12,378.70000000000005,1001.0,167.745,379.45000000000005,False,Beauty
2021-04-13,392.3,1009.5,168.78,394.3,False,Beauty
2021-04-14,404.9,1001.3,167.55,394.1,False,Beauty
2021-04-15,446.9,996.5,172.01,444.2,False,Beauty
2021-04-16,414.7,1008.0,165.24,384.0,False,Beauty
2021-04-17,416.04999999999995,1008.0,164.925,382.05,False,Beauty
2021-04-18,417.4,1008.0,164.61,380.1,False,Beauty
2021-04-19,416.3,1005.6333333333333,165.54000000000002,382.7666666666667,False,Beauty
2021-04-20,415.2,1003.2666666666667,166.47,385.43333333333334,False,Beauty
2021-04-21,414.1,1000.9,167.4,388.1,False,Beauty
2021-04-22,512.4,969.6,164.98,526.9,False,Beauty
2021-04-23,441.95,996.1,164.31,431.95,False,Beauty
2021-04-24,371.5,1022.6,163.64,337.0,False,Beauty
2021-04-25,408.4,1013.4,166.43,409.1,False,Beauty
2021-04-26,373.9,1024.2,162.12,338.0,False,Beauty
2021-04-27,405.8,1016.9,161.91,386.0,False,Beauty
2021-04-28,429.05,1012.4,163.67000000000002,402.95,False,Beauty
2021-04-29,452.3,1007.9,165.43,419.9,False,Beauty
2021-04-30,436.8,1011.15,164.735,413.29999999999995,False,Beauty
2021-05-01,421.3,1014.4,164.04,406.7,False,Beauty
2021-05-02,386.0,1021.7,162.03,356.1,False,Beauty
2021-05-03,397.06,1016.48,162.238,377.42,False,Beauty
2021-05-04,408.12,1011.26,162.446,398.74,False,Beauty
2021-05-05,419.18,1006.0400000000001,162.654,420.06,False,Beauty
2021-05-06,430.24,1000.82,162.862,441.38,False,Beauty
2021-05-07,441.3,995.6,163.07,462.7,False,Beauty
2021-05-08,423.76666666666665,1006.1333333333333,163.26666666666665,436.06666666666666,False,Beauty
2021-05-09,406.23333333333335,1016.6666666666667,163.46333333333334,409.43333333333334,False,Beauty
2021-05-10,388.7,1027.2,163.66,382.8,False,Beauty
2021-05-11,408.8,1019.2,169.4,427.4,False,Beauty
2021-05-12,437.0,995.25,168.685,2444.65,False,Beauty
2021-05-13,436.0,1024.1,165.74,449.1,False,Beauty
2021-05-14,478.4,1014.3,166.13,468.5,False,Beauty
2021-05-15,407.3,1045.8,164.81,426.4,False,Beauty
2021-05-16,530.3,1044.4,170.12,480.3,True,Beauty
2021-05-17,425.1,1037.9,165.33,397.2,False,Beauty
2021-05-18,408.4,1039.1,162.87,428.2,False,Beauty
2021-05-19,521.4,1032.9,166.69,4701.0,True,Beauty
2021-05-20,425.8,1025.8,170.57,427.6,False,Beauty
2021-05-21,480.0,1010.5,165.95,454.9,False,Beauty
2021-05-22,428.0,1018.5,165.87,425.9,False,Beauty
2021-05-23,406.6,1025.6,165.99,415.4,False,Beauty
2021-05-24,420.8,1029.1,163.88,431.8,False,Beauty
2021-05-25,414.85,1030.9499999999998,165.975,428.3,False,Beauty
2021-05-26,408.9,1032.8,168.07,424.8,False,Beauty
2021-05-27,436.8,1022.3,162.95,435.5,False,Beauty
2021-05-28,454.5,1011.2,161.09,419.1,False,Beauty
2021-05-29,470.8,1009.5,165.37,492.8,False,Beauty
2021-05-30,395.3,1033.6,161.23,391.3,False,Beauty
2021-05-31,381.9,1036.3,166.51,355.0,False,Beauty
2021-06-01,403.28,1027.98,165.662,373.12,False,Beauty
2021-06-02,424.65999999999997,1019.66,164.814,391.24,False,Beauty
2021-06-03,446.03999999999996,1011.34,163.966,409.36,False,Beauty
2021-06-04,467.42,1003.02,163.118,427.48,False,Beauty
2021-06-05,488.8,994.7,162.27,445.6,False,Beauty
2021-06-06,434.7,1016.0,163.57,409.8,False,Beauty
2021-06-07,428.4,1014.7,170.44,394.5,False,Beauty
2021-06-08,437.6,1028.1,163.51,425.2,False,Beauty
2021-06-09,433.1,1006.7,160.99,453.7,False,Beauty
2021-06-10,443.9,1007.4,168.41,405.1,False,Beauty
2021-06-11,434.3666666666667,1006.6333333333333,168.36333333333334,408.40000000000003,False,Beauty
2021-06-12,424.8333333333333,1005.8666666666667,168.31666666666666,411.7,False,Beauty
2021-06-13,415.3,1005.1,168.27,415.0,False,Beauty
2021-06-14,398.1,999.5,160.59,414.2,False,Beauty
2021-06-15,414.65,994.6,165.11,410.1,False,Beauty
2021-06-16,431.2,989.7,169.63,406.0,False,Beauty
2021-06-17,424.0333333333333,995.9,169.40666666666667,405.3666666666667,False,Beauty
2021-06-18,416.8666666666667,1002.1,169.18333333333334,404.73333333333335,False,Beauty
2021-06-19,409.7,1008.3,168.96,404.1,False,Beauty
2021-06-20,386.95,1014.55,165.825,378.15,False,Beauty
2021-06-21,364.2,1020.8,162.69,352.2,False,Beauty
2021-06-22,399.5,999.8,165.45,415.7,False,Beauty
2021-06-23,438.3,984.6,161.68,401.6,False,Beauty
2021-06-24,534.7,1000.0,167.95,550.8,True,Beauty
2021-06-25,522.1,967.2,164.66,495.0,False,Beauty
2021-06-26,475.35,984.75,163.26999999999998,462.3,False,Beauty
2021-06-27,428.6,1002.3,161.88,429.6,False,Beauty
2021-06-28,404.8,1003.9,158.44,416.8,False,Beauty
2021-06-29,440.3,994.2,164.72,420.4,False,Beauty
2021-06-30,434.0,989.4,159.22,447.1,False,Beauty
2021-07-01,452.35,978.9,158.345,435.9,False,Beauty
2021-07-02,470.7,968.4,157.47,424.7,False,Beauty
2021-07-03,457.1,983.6,160.07,445.9,False,Beauty
2021-07-04,422.55,995.5,159.81,416.75,False,Beauty
2021-07-05,388.0,1007.4,159.55,387.6,False,Beauty
2021-07-06,391.75,1007.75,162.395,393.85,False,Beauty
2021-07-07,395.5,1008.1,165.24,400.1,False,Beauty
2021-07-08,445.04999999999995,1007.5,167.91000000000003,420.85,False,Beauty
2021-07-09,443.8,1007.0,168.37,444.3,False,Beauty
2021-07-10,469.0,996.1,165.32,4512.0,False,Beauty
2021-07-11,376.2,1022.2,167.23,359.2,False,Beauty
2021-07-12,400.6,1009.6,166.53,382.6,False,Beauty
2021-07-13,383.5,1017.1,164.04,384.1,False,Beauty
2021-07-14,450.6,1003.5,165.64,457.6,False,Beauty
2021-07-15,452.2666666666667,1003.8333333333334,164.49666666666667,461.9666666666667,False,Beauty
2021-07-16,453.93333333333334,1004.1666666666666,163.35333333333332,466.3333333333333,False,Beauty
2021-07-17,455.6,1004.5,162.21,470.7,False,Beauty
2021-07-18,442.2,1012.8,165.1,401.7,False,Beauty
2021-07-19,418.5,1025.2,161.49,416.8,False,Beauty
2021-07-20,383.3,1034.4,166.8,369.6,False,Beauty
2021-07-21,401.2,1030.4,166.62,419.9,False,Beauty
2021-07-22,447.0,1020.8,161.21,434.7,False,Beauty
2021-07-23,431.6,1029.8,170.34,448.1,False,Beauty
2021-07-24,465.7,1017.6,166.51,468.1,False,Beauty
2021-07-25,455.775,1020.5,167.24,458.27500000000003,False,Beauty
2021-07-26,445.85,1023.4000000000001,167.97,448.45000000000005,False,Beauty
2021-07-27,435.925,1026.3,168.7,438.625,False,Beauty
2021-07-28,426.0,1029.2,169.43,428.8,False,Beauty
2021-07-29,455.1,1024.2,167.34,438.5,False,Beauty
2021-07-30,498.6,1014.8,165.4,498.2,False,Beauty
2021-07-31,453.6,1032.1,160.91,434.6,False,Beauty
2021-08-01,430.6,1043.3,163.49,426.9,False,Beauty
2021-08-02,407.85,1048.4,164.215,406.95,False,Beauty
2021-08-03,385.1,1053.5,164.94,387.0,False,Beauty
2021-08-04,400.75,1015.3,162.46,384.04999999999995,False,Beauty
2021-08-05,393.525,1017.95,167.03500000000003,381.025,False,Beauty
2021-08-06,386.3,1020.6,171.61,378.0,False,Beauty
2021-08-07,412.5,1017.1,169.79000000000002,386.95,False,Beauty
2021-08-08,438.7,1013.6,167.97,395.9,False,Beauty
2021-08-09,375.4,1038.1,165.51,360.0,False,Beauty
2021-08-10,388.8,1029.8,162.35,389.6,False,Beauty
2021-08-11,443.5,1011.5,162.65,401.2,False,Beauty
2021-08-12,457.2,1013.0,170.16,452.4,False,Beauty
2021-08-13,450.2,1012.7,164.93,428.3,False,Beauty
2021-08-14,441.4,1009.1,170.11,442.9,False,Beauty
2021-08-15,426.2,1013.9,165.14,4304.0,False,Beauty
2021-08-16,402.5,1019.95,166.24,2338.55,False,Beauty
2021-08-17,378.8,1026.0,167.34,373.1,False,Beauty
2021-08-18,397.95000000000005,1018.95,163.96,404.95000000000005,False,Beauty
2021-08-19,417.1,1011.9,160.58,436.8,False,Beauty
2021-08-20,475.1,992.3,159.2,433.0,False,Beauty
2021-08-21,448.6,1005.8,168.47,407.1,False,Beauty
2021-08-22,355.3,1035.9,160.88,351.5,False,Beauty
2021-08-23,366.56666666666666,1030.3666666666668,160.82333333333332,358.1666666666667,False,Beauty
2021-08-24,377.83333333333337,1024.8333333333333,160.76666666666668,364.8333333333333,False,Beauty
2021-08-25,389.1,1019.3,160.71,371.5,False,Beauty
2021-08-26,398.6333333333333,1017.9333333333333,163.70000000000002,384.4,False,Beauty
2021-08-27,408.1666666666667,1016.5666666666667,166.69,397.3,False,Beauty
2021-08-28,417.7,1015.2,169.68,410.2,False,Beauty
2021-08-29,396.1,1033.2,168.28,405.9,False,Beauty
2021-08-30,351.9,1050.5,167.68,324.6,False,Beauty
2021-08-31,388.65,1040.75,167.785,377.1,False,Beauty
2021-09-01,425.4,1031.0,167.89,429.6,False,Beauty
2021-09-02,428.7,1032.15,166.36,427.70000000000005,False,Beauty
2021-09-03,432.0,1033.3,164.83,425.8,False,Beauty
2021-09-04,435.0,635.8,165.78,420.0,False,Beauty
2021-09-05,361.2,647.9,162.92,362.7,False,Beauty
2021-09-06,362.75,644.8499999999999,162.485,2070.35,False,Beauty
2021-09-07,364.3,641.8,162.05,3778.0,False,Beauty
2021-09-08,392.55,828.0999999999999,165.505,2091.0,False,Beauty
2021-09-09,420.8,1014.4,168.96,404.0,False,Beauty
2021-09-10,428.26,1014.0799999999999,169.044,417.06,False,Beauty
2021-09-11,435.72,1013.76,169.12800000000001,430.12,False,Beauty
2021-09-12,443.18,1013.4399999999999,169.212,443.18,False,Beauty
2021-09-13,450.64000000000004,1013.12,169.296,456.24,False,Beauty
2021-09-14,458.1,1012.8,169.38,469.3,True,Beauty
2021-09-15,557.0,1000.8,167.36,573.2,True,Beauty
2021-09-16,516.5666666666666,998.9,166.04000000000002,513.6,False,Beauty
2021-09-17,476.1333333333333,997.0,164.72,454.0,False,Beauty
2021-09-18,435.7,995.1,163.4,394.4,False,Beauty
2021-09-19,439.4,994.4,167.46,450.6,False,Beauty
2021-09-20,377.7,1019.1,172.65,364.2,False,Beauty
2021-09-21,353.9,1021.1,156.82,323.5,False,Beauty
2021-09-22,383.04999999999995,1009.9000000000001,160.745,352.5,False,Beauty
2021-09-23,412.2,998.7,164.67,381.5,False,Beauty
2021-09-24,418.0,1000.1,167.56,379.0,False,Beauty
2021-09-25,401.7,1003.8,168.99,408.7,False,Beauty
2021-09-26,383.1,1013.75,167.4,388.95,False,Beauty
2021-09-27,364.5,1023.7,165.81,369.2,False,Beauty
2021-09-28,376.03333333333336,1022.5,163.22,383.09999999999997,False,Beauty
2021-09-29,387.56666666666666,1021.3000000000001,160.63,397.0,False,Beauty
2021-09-30,399.1,1020.1,158.04,410.9,False,Beauty
2021-10-01,424.4,1015.7,161.82,399.1,False,Beauty
2021-10-02,423.5,1010.3,168.16,403.3,False,Beauty
2021-10-03,375.9,977.8,166.82,355.2,False,Beauty
2021-10-04,394.45,985.3499999999999,165.39,379.2,False,Beauty
2021-10-05,413.0,992.9,163.96,403.2,False,Beauty
2021-10-06,382.3,1003.7,165.73,376.6,False,Beauty
2021-10-07,407.7,987.7,162.79,369.4,False,Beauty
2021-10-08,397.3,996.9,168.03,409.2,False,Beauty
2021-10-09,818.8499999999999,989.0,164.88,425.05,False,Beauty
2021-10-10,395.7,997.3,166.79,406.9,False,Beauty
2021-10-11,367.1,1000.8,163.37,337.1,False,Beauty
2021-10-12,380.6333333333333,996.6333333333333,163.35,359.03333333333336,False,Beauty
2021-10-13,394.1666666666667,992.4666666666666,163.33,380.96666666666664,False,Beauty
2021-10-14,407.7,988.3,163.31,402.9,False,Beauty
2021-10-15,393.35,836.3,164.05,387.95,False,Beauty
2021-10-16,379.0,684.3,164.79,373.0,False,Beauty
2021-10-17,337.0,689.5,168.29,325.3,False,Beauty
2021-10-18,331.7,694.5,164.35,47.8,False,Beauty
2021-10-19,343.0,694.2,165.65,353.2,False,Beauty
2021-10-20,391.1,686.5,163.26,365.0,False,Beauty
2021-10-21,334.8,1019.5,167.77,341.1,False,Beauty
2021-10-22,376.7,1014.0,159.27,368.6,False,Beauty
2021-10-23,357.26666666666665,1014.3333333333334,161.96,352.93333333333334,False,Beauty
2021-10-24,337.8333333333333,1014.6666666666666,164.65,337.2666666666667,False,Beauty
2021-10-25,318.4,1015.0,167.34,321.6,False,Beauty
2021-10-26,352.0,1003.0,164.52,324.9,False,Beauty
2021-10-27,350.9,1000.1,168.28,327.2,False,Beauty
2021-10-28,369.1,995.5,165.025,352.9,False,Beauty
2021-10-29,387.3,990.9,161.77,378.6,False,Beauty
2021-10-30,371.2,994.3,161.97,387.6,False,Beauty
2021-10-31,515.9,996.0,165.19,517.4,True,Beauty
2021-11-01,344.3,987.8,160.37,324.9,False,Beauty
2021-11-02,355.4,986.6,166.21,339.5,False,Beauty
2021-11-03,334.2,988.5,165.81,333.8,False,Beauty
2021-11-04,359.29999999999995,980.35,165.20499999999998,344.8,False,Beauty
2021-11-05,384.4,972.2,164.6,355.8,False,Beauty
2021-11-06,503.45,989.7,165.575,503.25,False,Beauty
2021-11-07,356.4,994.6,163.38,337.7,False,Beauty
2021-11-08,407.5,992.2,165.65,400.975,False,Beauty
2021-11-09,458.6,989.8,167.92000000000002,464.25,False,Beauty
2021-11-10,438.40000000000003,990.9,165.55666666666667,447.6,False,Beauty
2021-11-11,418.2,992.0,163.19333333333336,430.95,False,Beauty
2021-11-12,398.0,993.1,160.83,414.3,False,Beauty
2021-11-13,371.2,1004.0,165.33,379.5,False,Beauty
2021-11-14,475.6,1008.1,167.52,446.4,True,Beauty
2021-11-15,493.15,1010.45,167.28500000000003,456.85,False,Beauty
2021-11-16,510.7,1012.8,167.05,467.3,True,Beauty
2021-11-17,368.7,997.0,163.05,339.9,False,Beauty
2021-11-18,414.0,985.4,165.7,428.4,False,Beauty
2021-11-19,388.8666666666667,987.6666666666666,165.29,387.56666666666666,False,Beauty
2021-11-20,363.73333333333335,989.9333333333334,164.88,346.7333333333333,False,Beauty
2021-11-21,338.6,992.2,164.47,305.9,False,Beauty
2021-11-22,355.5,985.2,163.75,341.6,False,Beauty
2021-11-23,285.4,1003.5,167.43,269.1,False,Beauty
2021-11-24,350.25,987.65,167.025,349.65,False,Beauty
2021-11-25,415.1,971.8,166.62,430.2,False,Beauty
2021-11-26,418.9,967.1,170.01,387.1,False,Beauty
2021-11-27,376.95,979.05,166.06,350.95000000000005,False,Beauty
2021-11-28,335.0,991.0,162.11,314.8,False,Beauty
2021-11-29,306.0,990.5,161.09,296.7,False,Beauty
2021-11-30,332.2,985.9,161.83,341.7,False,Beauty
2021-12-01,353.4,978.4,164.33,345.2,False,Beauty
2021-12-02,381.1,966.9,164.07,399.4,False,Beauty
2021-12-03,436.6,945.3,167.26,436.7,False,Beauty
2021-12-04,385.20000000000005,977.25,165.47500000000002,374.35,False,Beauty
2021-12-05,427.95000000000005,984.575,164.3725,401.225,False,Beauty
2021-12-06,470.7,991.9,163.27,428.1,False,Beauty
2021-12-07,332.9,979.5,170.97,312.6,False,Beauty
2021-12-08,332.8,979.9,168.27,308.1,False,Beauty
2021-12-09,382.2,967.0,167.3,380.0,False,Beauty
2021-12-10,388.3,960.9,161.41,377.6,False,Beauty
2021-12-11,379.8,964.42,162.552,371.44,False,Beauty
2021-12-12,371.3,967.9399999999999,163.694,365.28000000000003,False,Beauty
2021-12-13,362.8,971.46,164.836,359.12,False,Beauty
2021-12-14,354.3,974.98,165.978,352.96000000000004,False,Beauty
2021-12-15,345.8,978.5,167.12,346.8,False,Beauty
2021-12-16,385.4,968.2,162.16,396.9,False,Beauty
2021-12-17,363.9,976.2,165.62,347.9,False,Beauty
2021-12-18,360.7,983.2,165.54,354.3,False,Beauty
2021-12-19,361.8,987.2,167.55,347.8,False,Beauty
2021-12-20,287.4,1009.7,162.1,278.5,False,Beauty
2021-12-21,385.4,981.4,156.2,368.3,False,Beauty
2021-12-22,383.95,982.2,159.91,383.65,False,Beauty
2021-12-23,382.5,983.0,163.62,399.0,False,Beauty
2021-12-24,372.85,985.15,165.25,365.95,False,Beauty
2021-12-25,363.2,987.3,166.88,332.9,False,Beauty
2021-12-26,337.0,856.45,165.51,309.2,False,Beauty
2021-12-27,310.8,725.6,164.14,285.5,False,Beauty
2021-12-28,309.2,734.0,164.05,280.7,False,Beauty
2021-12-29,345.15,728.35,163.62,330.4,False,Beauty
2021-12-30,381.1,722.7,163.19,380.1,False,Beauty
2021-12-31,549.1,722.0,168.15,522.6,True,Beauty
2022-01-01,335.1,1011.6,166.53,344.2,False,Beauty
2022-01-02,335.1,1002.3,162.06,320.9,False,Beauty
2022-01-03,381.9,1002.3,163.93,368.2,False,Beauty
2022-01-04,428.7,1002.3,165.8,415.5,False,Beauty
2022-01-05,424.8,986.9,159.82,418.6,False,Beauty
2022-01-06,585.3,993.7,161.07,548.3,True,Beauty
2022-01-07,420.8,976.8,166.53,440.9,False,Beauty
2022-01-08,471.8666666666667,964.6666666666666,164.57666666666665,493.0,False,Beauty
2022-01-09,522.9333333333334,952.5333333333333,162.62333333333333,545.1,False,Beauty
2022-01-10,574.0,940.4,160.67,597.2,True,Beauty
2022-01-11,334.2,1006.3,167.51,317.3,False,Beauty
2022-01-12,344.75,1001.9749999999999,165.1925,331.25,False,Beauty
2022-01-13,355.29999999999995,997.65,162.875,345.20000000000005,False,Beauty
2022-01-14,365.84999999999997,993.325,160.5575,359.15000000000003,False,Beauty
2022-01-15,376.4,989.0,158.24,373.1,False,Beauty
2022-01-16,348.95,995.55,162.95,354.70000000000005,False,Beauty
2022-01-17,321.5,1002.1,167.66,336.3,False,Beauty
2022-01-18,300.6,1018.8,158.49,295.5,False,Beauty
2022-01-19,356.5,1002.5,160.87,353.0,False,Beauty
2022-01-20,412.4,986.2,163.25,410.5,False,Beauty
2022-01-21,408.3,982.6,164.07,421.2,False,Beauty
2022-01-22,399.9,989.925,165.0275,403.875,False,Beauty
2022-01-23,391.5,997.25,165.985,386.54999999999995,False,Beauty
2022-01-24,383.1,1004.575,166.9425,369.22499999999997,False,Beauty
2022-01-25,374.7,1011.9,167.9,351.9,False,Beauty
2022-01-26,387.6333333333333,1008.6666666666666,166.22,374.9,False,Beauty
2022-01-27,400.56666666666666,1005.4333333333334,164.54000000000002,397.9,False,Beauty
2022-01-28,413.5,1002.2,162.86,420.9,False,Beauty
2022-01-29,411.5,998.7,161.78,381.5,False,Beauty
2022-01-30,369.5,1012.1,160.98,350.9,False,Beauty
2022-01-31,357.5,1017.4000000000001,162.89999999999998,350.85,False,Beauty
2022-02-01,345.5,1022.7,164.82,350.8,False,Beauty
2022-02-02,382.55,1008.9000000000001,165.2,376.35,False,Beauty
2022-02-03,419.6,995.1,165.58,401.9,False,Beauty
2022-02-04,408.05,1005.85,168.93,392.45,False,Beauty
2022-02-05,396.5,1016.6,172.28,383.0,False,Beauty
2022-02-06,401.6,1009.9,164.8,393.5,False,Beauty
2022-02-07,361.6,1024.25,166.44,348.05,False,Beauty
2022-02-08,321.6,1038.6,168.08,302.6,False,Beauty
2022-02-09,407.15,987.5,165.985,409.35,False,Beauty
2022-02-10,403.1,1011.4,165.52,371.1,False,Beauty
2022-02-11,498.9,1017.4,168.25,461.6,True,Beauty
2022-02-12,426.4,1013.7,170.06,389.1,False,Beauty
2022-02-13,431.02,1012.24,168.718,394.68,False,Beauty
2022-02-14,435.64,1010.78,167.376,400.26,False,Beauty
2022-02-15,440.26,1009.32,166.034,405.84000000000003,False,Beauty
2022-02-16,444.88,1007.86,164.692,411.42,False,Beauty
2022-02-17,449.5,1006.4,163.35,417.0,False,Beauty
2022-02-18,436.7,1009.15,163.755,403.3,False,Beauty
2022-02-19,423.9,1011.9,164.16,389.6,False,Beauty
2022-02-20,385.5,1023.5999999999999,165.095,356.6,False,Beauty
2022-02-21,347.1,1035.3,166.03,323.6,False,Beauty
2022-02-22,364.8,1033.4,165.07,364.2,False,Beauty
2022-02-23,412.8,1010.6,163.79,430.4,False,Beauty
2022-02-24,453.2,802.2,163.48,410.0,False,Beauty
2022-02-25,431.29999999999995,812.95,163.29,233.05,False,Beauty
2022-02-26,409.4,823.7,163.1,56.1,False,Beauty
2022-02-27,384.9,832.1,163.95,397.5,False,Beauty
2022-02-28,373.2,831.1,162.24,350.2,False,Beauty
2022-03-01,379.9,1040.2,157.86,376.5,False,Beauty
2022-03-02,339.0,1052.3,167.33,316.2,False,Beauty
2022-03-03,390.2,1034.15,167.205,365.04999999999995,False,Beauty
2022-03-04,441.4,1016.0,167.08,413.9,False,Beauty
2022-03-05,424.8,1021.4,166.9,404.1333333333333,False,Beauty
2022-03-06,408.2,1026.8,166.72,394.3666666666667,False,Beauty
2022-03-07,391.6,1032.2,166.54,384.6,False,Beauty
2022-03-08,466.05,1037.65,164.75,448.1,False,Beauty
2022-03-09,540.5,1043.1,162.96,511.6,True,Beauty
2022-03-10,423.5,1033.7,164.71,406.9,False,Beauty
2022-03-11,435.9,1029.3,162.9,439.0,False,Beauty
2022-03-12,416.15,1036.1,165.60500000000002,414.9,False,Beauty
2022-03-13,396.4,1042.9,168.31,390.8,False,Beauty
2022-03-14,389.0,1034.85,168.805,382.85,False,Beauty
2022-03-15,381.6,1026.8,169.3,374.9,False,Beauty
2022-03-16,400.4,1016.9,165.955,386.79999999999995,False,Beauty
2022-03-17,419.2,1007.0,162.61,398.7,False,Beauty
2022-03-18,413.3,1011.6333333333333,163.35666666666668,394.1333333333333,False,Beauty
2022-03-19,407.4,1016.2666666666667,164.10333333333332,389.56666666666666,False,Beauty
2022-03-20,401.5,1020.9,164.85,385.0,False,Beauty
2022-03-21,380.6,1024.4,161.89,345.5,False,Beauty
2022-03-22,390.35,1018.3000000000001,163.91,370.75,False,Beauty
2022-03-23,400.1,1012.2,165.93,396.0,False,Beauty
2022-03-24,544.45,1004.6500000000001,166.175,509.0,False,Beauty
2022-03-25,688.8,997.1,166.42,622.0,True,Beauty
2022-03-26,443.6,998.5,167.15,440.7,False,Beauty
2022-03-27,442.5,1003.1,160.55,407.2,False,Beauty
2022-03-28,409.8,1015.4,170.26,386.6,False,Beauty
2022-03-29,418.9,1020.5,170.24,409.8,False,Beauty
2022-03-30,661.5,1002.0,160.47,669.0,True,Beauty
2022-03-31,481.1,1013.75,162.72,483.2,False,Beauty
2022-04-01,300.7,1025.5,164.97,297.4,False,Beauty
2022-04-02,416.1,1007.9,162.71,401.8,False,Beauty
2022-04-03,421.9,1010.8,165.56,427.5,False,Beauty
2022-04-04,402.2,1017.5,163.09,375.5,False,Beauty
2022-04-05,413.65,1017.25,164.425,404.3,False,Beauty
2022-04-06,425.1,1017.0,165.76,433.1,False,Beauty
2022-04-07,444.1,1014.8,163.39,445.1,False,Beauty
2022-04-08,487.8,931.9,168.32,477.6,False,Beauty
2022-04-09,484.8,996.4,167.81,470.7,False,Beauty
2022-04-10,1223.4,978.05,168.075,423.85,False,Beauty
2022-04-11,1025.6333333333334,987.9666666666666,167.29,481.06666666666666,False,Beauty
2022-04-12,827.8666666666668,997.8833333333333,166.505,538.2833333333333,False,Beauty
2022-04-13,630.1,1007.8,165.72,595.5,True,Beauty
2022-04-14,491.3,994.6,162.7,513.7,False,Beauty
2022-04-15,458.9,1002.7,164.56,461.4,False,Beauty
2022-04-16,476.6,997.1,164.46,464.5,False,Beauty
2022-04-17,432.2,1011.9,159.84,450.0,False,Beauty
2022-04-18,472.6,1028.1,161.36,478.7,True,Beauty
2022-04-19,400.3,1021.2,166.8,389.0,False,Beauty
2022-04-20,422.1,1027.2,167.81,435.8,False,Beauty
2022-04-21,486.5,1013.6,161.51,493.9,False,Beauty
2022-04-22,462.25,1017.0,164.67000000000002,470.0,False,Beauty
2022-04-23,438.0,1020.4,167.83,446.1,False,Beauty
2022-04-24,411.2,1031.9,164.72,390.0,False,Beauty
2022-04-25,414.4,1033.85,165.37,383.95,False,Beauty
2022-04-26,417.6,1035.8,166.02,377.9,False,Beauty
2022-04-27,427.70000000000005,1031.7,165.0625,388.325,False,Beauty
2022-04-28,437.8,1027.6,164.10500000000002,398.75,False,Beauty
2022-04-29,447.9,1023.5,163.1475,409.175,False,Beauty
2022-04-30,458.0,1019.4,162.19,419.6,False,Beauty
2022-05-01,448.025,1023.15,163.2175,415.875,False,Beauty
2022-05-02,438.05,1026.9,164.245,412.15,False,Beauty
2022-05-03,428.07500000000005,1030.65,165.2725,408.425,False,Beauty
2022-05-04,418.1,1034.4,166.3,404.7,False,Beauty
2022-05-05,459.225,1026.7,165.645,447.5,False,Beauty
2022-05-06,500.35,1019.0,164.99,490.29999999999995,False,Beauty
2022-05-07,483.875,1024.85,165.525,458.79999999999995,False,Beauty
2022-05-08,467.4,1030.7,166.06,427.3,False,Beauty
2022-05-09,614.7,1033.0,165.69,608.3,True,Beauty
2022-05-10,431.8,1033.6,162.69,437.2,False,Beauty
2022-05-11,455.5,1021.9,162.24,453.4,False,Beauty
2022-05-12,446.275,1025.425,162.82,441.65,False,Beauty
2022-05-13,437.05,1028.95,163.4,429.9,False,Beauty
2022-05-14,427.82500000000005,1032.475,163.98000000000002,418.15,False,Beauty
2022-05-15,418.6,1036.0,164.56,406.4,False,Beauty
2022-05-16,612.7,1036.3,161.61,603.0,True,Beauty
2022-05-17,419.7,1031.4,161.34,421.3,False,Beauty
2022-05-18,438.0,1031.4,168.13,449.3,False,Beauty
2022-05-19,469.6,1028.0,173.91,426.1,False,Beauty
2022-05-20,510.4,1009.9,162.48,520.3,False,Beauty
2022-05-21,460.3,1026.7,163.11,463.3,False,Beauty
2022-05-22,470.3,1018.7,168.18,490.1,False,Beauty
2022-05-23,446.8,1021.9,168.7,444.9,False,Beauty
2022-05-24,439.1,1025.2,162.48,407.0,False,Beauty
2022-05-25,449.9,1015.5,163.815,435.5,False,Beauty
2022-05-26,460.7,1005.8,165.15,464.0,False,Beauty
2022-05-27,465.1,1011.3,159.6,437.5,False,Beauty
2022-05-28,452.9,1023.75,162.57999999999998,447.7,False,Beauty
2022-05-29,440.7,1036.2,165.56,457.9,False,Beauty
2022-05-30,436.7,1035.7,170.76,415.7,False,Beauty
2022-05-31,432.7,1028.2,166.25,444.1,False,Beauty
2022-06-01,450.95,1025.35,168.29000000000002,468.3,False,Beauty
2022-06-02,469.2,1022.5,170.33,492.5,False,Beauty
2022-06-03,416.1,1030.75,163.87,390.1,False,Beauty
2022-06-04,494.3,1026.3,156.48,506.5,False,Beauty
2022-06-05,455.95000000000005,1040.5,156.88,452.25,False,Beauty
2022-06-06,417.6,1054.7,157.28,398.0,False,Beauty
2022-06-07,440.15,1047.65,161.66,434.15,False,Beauty
2022-06-08,462.7,1040.6,166.04,470.3,False,Beauty
2022-06-09,514.3,1025.6,160.74,495.3,False,Beauty
2022-06-10,494.4,1023.7,164.88,488.4,False,Beauty
2022-06-11,542.2,1030.5,163.195,511.65,False,Beauty
2022-06-12,590.0,1037.3,161.51,534.9,True,Beauty
2022-06-13,453.5,1043.1,165.69,435.8,False,Beauty
2022-06-14,421.9,1060.5,169.56,397.2,False,Beauty
2022-06-15,473.6,1044.0,166.4,436.8,False,Beauty
2022-06-16,476.925,1042.275,166.7575,443.275,False,Beauty
2022-06-17,480.25,1040.55,167.115,449.75,False,Beauty
2022-06-18,483.575,1038.8249999999998,167.47250000000003,456.225,False,Beauty
2022-06-19,486.9,1037.1,167.83,462.7,False,Beauty
2022-06-20,567.95,1040.0,166.25,547.05,False,Beauty
2022-06-21,649.0,1042.9,164.67,631.4,True,Beauty
2022-06-22,495.2,1021.4,166.84,448.1,False,Beauty
2022-06-23,499.8,1010.9,162.84,507.6,False,Beauty
2022-06-24,492.2,1013.6,167.18,490.9,False,Beauty
2022-06-25,447.6,1025.3,161.98,433.7,False,Beauty
2022-06-26,471.4,1016.6,163.13,435.3,False,Beauty
2022-06-27,452.2,1017.5,165.88,458.0,False,Beauty
2022-06-28,416.6,1025.3,161.74,395.4,False,Beauty
2022-06-29,478.2,1004.5,165.71,499.1,False,Beauty
2022-06-30,594.55,993.0,165.395,616.45,False,Beauty
2022-07-01,710.9,981.5,165.08,733.8,True,Beauty
2022-07-02,570.6,996.05,166.455,587.75,False,Beauty
2022-07-03,430.3,1010.6,167.83,441.7,False,Beauty
2022-07-04,428.1,1007.8,164.51,427.1,False,Beauty
2022-07-05,454.7,997.7,165.3,454.2,False,Beauty
2022-07-06,486.95000000000005,980.45,167.485,486.04999999999995,False,Beauty
2022-07-07,519.2,963.2,169.67,517.9,False,Beauty
2022-07-08,456.6,952.0,162.88,433.0,False,Beauty
2022-07-09,471.6,954.4,163.26,439.5,False,Beauty
2022-07-10,473.53333333333336,954.6666666666666,163.13333333333333,441.6666666666667,False,Beauty
2022-07-11,475.46666666666664,954.9333333333334,163.00666666666666,443.8333333333333,False,Beauty
2022-07-12,477.4,955.2,162.88,446.0,False,Beauty
2022-07-13,485.66666666666663,948.8333333333334,163.75666666666666,453.8333333333333,False,Beauty
2022-07-14,493.93333333333334,942.4666666666667,164.63333333333333,461.6666666666667,False,Beauty
2022-07-15,502.2,936.1,165.51,469.5,False,Beauty
2022-07-16,470.7,951.1,167.37,483.6,False,Beauty
2022-07-17,445.85,956.1500000000001,169.17000000000002,439.5,False,Beauty
2022-07-18,421.0,961.2,170.97,395.4,False,Beauty
2022-07-19,452.40000000000003,951.2666666666667,170.64666666666668,441.0,False,Beauty
2022-07-20,483.8,941.3333333333334,170.32333333333332,486.6,False,Beauty
2022-07-21,515.2,931.4,170.0,532.2,False,Beauty
2022-07-22,467.2,947.8,163.8,486.7,False,Beauty
2022-07-23,470.85,940.3499999999999,164.175,458.9,False,Beauty
2022-07-24,474.5,932.9,164.55,431.1,False,Beauty
2022-07-25,624.0,942.5,169.09,619.7,True,Beauty
2022-07-26,552.65,936.25,169.175,534.35,False,Beauty
2022-07-27,481.3,930.0,169.26,449.0,False,Beauty
2022-07-28,493.1,934.7,166.5,495.2,False,Beauty
2022-07-29,474.5,934.6,167.38,469.9,False,Beauty
2022-07-30,476.1,935.3,162.82,471.9,False,Beauty
2022-07-31,420.4,963.1,164.58,432.3,False,Beauty
2022-08-01,393.7,968.9,166.93,362.3,False,Beauty
2022-08-02,585.7,959.3,164.2,613.4,True,Beauty
2022-08-03,453.4,952.9,163.6,450.2,False,Beauty
2022-08-04,470.54999999999995,945.5999999999999,162.98000000000002,458.04999999999995,False,Beauty
2022-08-05,487.7,938.3,162.36,465.9,False,Beauty
2022-08-06,465.9,948.2,162.42,424.5,False,Beauty
2022-08-07,448.4,952.0,161.425,430.8,False,Beauty
2022-08-08,430.9,955.8,160.43,437.1,False,Beauty
2022-08-09,451.2,947.9,171.76,465.7,False,Beauty
2022-08-10,473.5,934.7,167.43,427.0,False,Beauty
2022-08-11,442.65,953.05,166.91500000000002,417.8,False,Beauty
2022-08-12,411.8,971.4,166.4,408.6,False,Beauty
2022-08-13,432.85,961.3499999999999,163.22,417.0,False,Beauty
2022-08-14,453.9,951.3,160.04,425.4,False,Beauty
2022-08-15,436.9,951.5999999999999,162.05,419.25,False,Beauty
2022-08-16,419.9,951.9,164.06,413.1,False,Beauty
2022-08-17,439.45,948.3,161.76999999999998,443.3,False,Beauty
2022-08-18,459.0,944.7,159.48,473.5,False,Beauty
2022-08-19,489.1,939.9,161.86,480.2,False,Beauty
2022-08-20,451.2,955.4,165.17,418.1,False,Beauty
2022-08-21,428.3,958.8,162.67,426.6,False,Beauty
2022-08-22,415.8,952.9,163.05,394.9,False,Beauty
2022-08-23,416.2,963.9,162.55,410.7,False,Beauty
2022-08-24,453.0,952.7,167.26,447.7,False,Beauty
2022-08-25,475.9,941.0,166.39,494.8,False,Beauty
2022-08-26,496.5,929.8,166.83,468.9,False,Beauty
2022-08-27,437.3,946.3,166.57,447.8,False,Beauty
2022-08-28,438.6,949.3,171.38,440.3,False,Beauty
2022-08-29,421.0,959.4,166.93,415.8,False,Beauty
2022-08-30,408.0833333333333,964.5166666666667,166.12833333333333,395.1333333333333,False,Beauty
2022-08-31,395.1666666666667,969.6333333333333,165.32666666666665,374.46666666666664,False,Beauty
2022-09-01,382.25,974.75,164.52499999999998,353.79999999999995,False,Beauty
2022-09-02,409.375,964.125,166.34249999999997,378.9,False,Beauty
2022-09-03,436.5,953.5,168.16,404.0,False,Beauty
2022-09-04,435.2,954.5,166.32666666666665,406.46666666666664,False,Beauty
2022-09-05,433.90000000000003,955.5,164.49333333333334,408.93333333333334,False,Beauty
2022-09-06,432.6,956.5,162.66,411.4,False,Beauty
2022-09-07,423.9,957.8,167.27,393.3,False,Beauty
2022-09-08,503.0,467.1,170.56,509.5,False,Beauty
2022-09-09,620.1,471.45000000000005,166.65,299.25,False,Beauty
2022-09-10,737.2,475.8,162.74,89.0,True,Beauty
2022-09-11,421.9,977.0,158.94,404.5,False,Beauty
2022-09-12,433.4,483.9,163.64,410.8,False,Beauty
2022-09-13,397.7,973.6,166.6,382.3,False,Beauty
2022-09-14,450.0,955.5,163.72,430.1,False,Beauty
2022-09-15,490.5,937.6,158.12,475.4,False,Beauty
2022-09-16,474.65,943.9000000000001,161.845,469.95,False,Beauty
2022-09-17,458.8,950.2,165.57,464.5,False,Beauty
2022-09-18,437.56666666666666,952.8333333333334,163.98,431.2,False,Beauty
2022-09-19,416.33333333333337,955.4666666666667,162.39000000000001,397.90000000000003,False,Beauty
2022-09-20,395.1,958.1,160.8,364.6,False,Beauty
2022-09-21,713.6,930.2,165.84,652.8,True,Beauty
2022-09-22,449.5,932.3,166.15,419.8,False,Beauty
2022-09-23,451.4,932.1,163.62,440.0,False,Beauty
2022-09-24,452.1,929.7,163.98,440.3,False,Beauty
2022-09-25,370.9,958.8,165.69,361.7,False,Beauty
2022-09-26,373.4,964.7,165.28,377.2,False,Beauty
2022-09-27,385.5,962.9000000000001,167.025,389.1,False,Beauty
2022-09-28,397.6,961.1,168.77,401.0,False,Beauty
2022-09-29,440.0,949.8,164.61,427.0,False,Beauty
2022-09-30,454.7,941.2,165.34,463.2,False,Beauty
2022-10-01,343.9,996.1,163.4,316.5,False,Beauty
2022-10-02,403.4,949.2,163.06,390.3,False,Beauty
2022-10-03,405.4,948.6,168.43,366.5,False,Beauty
2022-10-04,417.15,942.8,165.255,377.2,False,Beauty
2022-10-05,428.9,937.0,162.08,387.9,False,Beauty
2022-10-06,430.7,942.0,164.59000000000003,394.6,False,Beauty
2022-10-07,432.5,947.0,167.10000000000002,401.3,False,Beauty
2022-10-08,412.6,946.45,166.865,384.35,False,Beauty
2022-10-09,392.7,945.9,166.63,367.4,False,Beauty
2022-10-10,372.0,946.1,167.41,356.8,False,Beauty
2022-10-11,592.3,938.1,162.6,567.6,True,Beauty
2022-10-12,362.9,956.5,162.85,352.6,False,Beauty
2022-10-13,393.85,950.2,164.6,384.20000000000005,False,Beauty
2022-10-14,424.8,943.9,166.35,415.8,False,Beauty
2022-10-15,429.7,943.5,165.52,435.0,False,Beauty
2022-10-16,360.6,975.7,160.76,336.0,False,Beauty
2022-10-17,398.5,965.1,161.33,393.5,False,Beauty
2022-10-18,361.3,987.2,165.1,370.9,False,Beauty
2022-10-19,397.0,992.4,166.67,400.8,False,Beauty
2022-10-20,452.3,973.2,170.63,414.7,False,Beauty
2022-10-21,440.3,968.5,165.46,444.8,False,Beauty
2022-10-22,429.1,969.6,168.46,392.4,False,Beauty
2022-10-23,395.4,993.9,172.2,404.1,False,Beauty
2022-10-24,351.1,1013.2,167.93,358.7,False,Beauty
2022-10-25,384.3,993.3,162.64,395.2,False,Beauty
2022-10-26,403.1,983.55,161.3,405.25,False,Beauty
2022-10-27,421.9,973.8,159.96,415.3,False,Beauty
2022-10-28,466.0,951.0,166.1,474.5,False,Beauty
2022-10-29,475.3333333333333,958.4666666666667,165.09333333333333,471.5,False,Beauty
2022-10-30,484.6666666666667,965.9333333333333,164.08666666666667,468.5,False,Beauty
2022-10-31,494.0,973.4,163.08,465.5,True,Beauty
2022-11-01,383.8,968.9,171.56,382.4,False,Beauty
2022-11-02,412.3,960.3,167.15,391.1,False,Beauty
2022-11-03,426.20000000000005,959.15,165.56,411.70000000000005,False,Beauty
2022-11-04,440.1,958.0,163.97,432.3,False,Beauty
2022-11-05,411.7,972.5,168.91,406.6,False,Beauty
2022-11-06,394.4,973.2,164.5,368.0,False,Beauty
2022-11-07,336.8,986.5,171.1,328.8,False,Beauty
2022-11-08,343.23333333333335,987.1833333333334,168.98333333333332,336.43333333333334,False,Beauty
2022-11-09,349.6666666666667,987.8666666666667,166.86666666666667,344.06666666666666,False,Beauty
2022-11-10,356.1,988.55,164.75,351.70000000000005,False,Beauty
2022-11-11,362.5333333333333,989.2333333333333,162.63333333333333,359.33333333333337,False,Beauty
2022-11-12,368.96666666666664,989.9166666666667,160.51666666666668,366.9666666666667,False,Beauty
2022-11-13,375.4,990.6,158.4,374.6,False,Beauty
2022-11-14,359.5,994.8,167.81,374.8,False,Beauty
2022-11-15,331.6,1003.6,167.89,308.0,False,Beauty
2022-11-16,380.55,993.05,162.975,368.75,False,Beauty
2022-11-17,429.5,982.5,158.06,429.5,False,Beauty
2022-11-18,427.7,985.35,162.42000000000002,435.1,False,Beauty
2022-11-19,425.9,988.2,166.78,440.7,False,Beauty
2022-11-20,388.4,994.6,167.3,401.1,False,Beauty
2022-11-21,389.43333333333334,994.8333333333334,167.08666666666667,387.33333333333337,False,Beauty
2022-11-22,390.46666666666664,995.0666666666666,166.87333333333333,373.56666666666666,False,Beauty
2022-11-23,391.5,995.3,166.66,359.8,False,Beauty
2022-11-24,409.5,995.5,160.94,420.8,False,Beauty
2022-11-25,426.1,990.6,163.66,433.5,False,Beauty
2022-11-26,432.0,992.7,164.01,389.9,False,Beauty
2022-11-27,400.85,999.95,163.425,370.54999999999995,False,Beauty
2022-11-28,369.7,1007.2,162.84,351.2,False,Beauty
2022-11-29,382.93333333333334,1002.3666666666667,163.92666666666668,376.6666666666667,False,Beauty
2022-11-30,396.16666666666663,997.5333333333334,165.01333333333332,402.1333333333333,False,Beauty
2022-12-01,409.4,992.7,166.1,427.6,False,Beauty
2022-12-02,402.15,991.1,166.11,398.15,False,Beauty
2022-12-03,394.9,989.5,166.12,368.7,False,Beauty
2022-12-04,383.9,1032.8,160.82,351.2,False,Beauty
2022-12-05,344.8,996.0,162.57,359.6,False,Beauty
2022-12-06,367.0,985.2,167.53,345.2,False,Beauty
2022-12-07,383.9,974.7,162.22,361.9,False,Beauty
2022-12-08,402.16666666666663,968.7,162.51333333333332,379.2,False,Beauty
2022-12-09,420.43333333333334,962.7,162.80666666666667,396.5,False,Beauty
2022-12-10,438.7,956.7,163.1,413.8,False,Beauty
2022-12-11,460.375,961.35,163.9725,429.55,False,Beauty
2022-12-12,482.04999999999995,966.0,164.845,445.3,False,Beauty
2022-12-13,503.72499999999997,970.65,165.7175,461.05,False,Beauty
2022-12-14,525.4,975.3,166.59,476.8,True,Beauty
2022-12-15,488.0,959.2,166.745,449.35,False,Beauty
2022-12-16,450.6,943.1,166.9,421.9,False,Beauty
2022-12-17,378.0,973.5,164.74,355.2,False,Beauty
2022-12-18,363.9,970.8,164.18,356.5,False,Beauty
2022-12-19,363.2,972.2,168.13,362.4,False,Beauty
2022-12-20,358.7,972.5,161.06,328.0,False,Beauty
2022-12-21,394.9,960.4,169.12,392.9,False,Beauty
2022-12-22,407.7,955.7,169.74,368.0,False,Beauty
2022-12-23,393.425,915.95,167.79500000000002,362.025,False,Beauty
2022-12-24,379.15,876.2,165.85000000000002,356.05,False,Beauty
2022-12-25,364.875,836.45,163.905,350.07500000000005,False,Beauty
2022-12-26,350.6,796.7,161.96,344.1,False,Beauty
2022-12-27,462.4,800.3,165.47,428.0,True,Beauty
2022-12-28,382.3,997.8,162.03,382.1,False,Beauty
2022-12-29,473.9,987.15,160.285,458.5,False,Beauty
2022-12-30,565.5,976.5,158.54,534.9,True,Beauty
2022-12-31,386.5,986.2,162.35,389.6,False,Beauty
2023-01-01,364.5,990.55,161.49,367.3,False,Beauty
2023-01-02,342.5,994.9,160.63,345.0,False,Beauty
2020-01-08,450.3,1203.3,166.46,459.9,False,Clothing
2020-01-09,575.3,1208.7,170.35,571.8,False,Clothing
2020-01-10,552.3333333333333,1137.8833333333334,170.53333333333333,551.8333333333333,False,Clothing
2020-01-11,529.3666666666667,1067.0666666666666,170.71666666666667,531.8666666666667,False,Clothing
2020-01-12,506.4,996.25,170.89999999999998,511.9,False,Clothing
2020-01-13,483.43333333333334,925.4333333333334,171.08333333333331,491.93333333333334,False,Clothing
2020-01-14,460.4666666666667,854.6166666666667,171.26666666666665,471.9666666666667,False,Clothing
2020-01-15,437.5,783.8,171.45,452.0,False,Clothing
2020-01-16,434.06363636363636,824.4818181818181,171.86363636363635,448.55454545454546,False,Clothing
2020-01-17,430.6272727272727,865.1636363636363,172.27727272727273,445.1090909090909,False,Clothing
2020-01-18,427.1909090909091,905.8454545454545,172.6909090909091,441.6636363636364,False,Clothing
2020-01-19,423.75454545454545,946.5272727272727,173.10454545454544,438.21818181818185,False,Clothing
2020-01-20,420.3181818181818,987.2090909090908,173.5181818181818,434.77272727272725,False,Clothing
2020-01-21,416.8818181818182,1027.890909090909,173.9318181818182,431.3272727272727,False,Clothing
2020-01-22,413.44545454545454,1068.5727272727272,174.34545454545454,427.8818181818182,False,Clothing
2020-01-23,410.0090909090909,1109.2545454545455,174.7590909090909,424.43636363636364,False,Clothing
2020-01-24,406.57272727272726,1149.9363636363637,175.17272727272726,420.9909090909091,False,Clothing
2020-01-25,403.1363636363636,1190.6181818181817,175.58636363636364,417.54545454545456,False,Clothing
2020-01-26,399.7,1231.3,176.0,414.1,False,Clothing
2020-01-27,370.2,1232.8,172.44,377.8,False,Clothing
2020-01-28,372.03999999999996,1241.37,172.378,379.59000000000003,False,Clothing
2020-01-29,373.88,1249.94,172.316,381.38,False,Clothing
2020-01-30,375.72,1258.51,172.254,383.17,False,Clothing
2020-01-31,377.56,1267.08,172.192,384.96,False,Clothing
2020-02-01,379.4,1275.65,172.13,386.75,False,Clothing
2020-02-02,381.24,1284.22,172.06799999999998,388.54,False,Clothing
2020-02-03,383.08000000000004,1292.79,172.006,390.33,False,Clothing
2020-02-04,384.92,1301.36,171.944,392.12,False,Clothing
2020-02-05,386.76,1309.93,171.882,393.90999999999997,False,Clothing
2020-02-06,388.6,1318.5,171.82,395.7,False,Clothing
2020-02-07,398.6166666666667,1303.1166666666668,172.16666666666666,399.48333333333335,False,Clothing
2020-02-08,408.6333333333333,1287.7333333333333,172.51333333333332,403.26666666666665,False,Clothing
2020-02-09,418.65,1272.35,172.86,407.04999999999995,False,Clothing
2020-02-10,428.6666666666667,1256.9666666666667,173.20666666666668,410.8333333333333,False,Clothing
2020-02-11,438.68333333333334,1241.5833333333335,173.55333333333334,414.6166666666667,False,Clothing
2020-02-12,448.7,1226.2,173.9,418.4,False,Clothing
2020-02-13,695.3,1224.4166666666667,174.10833333333335,420.1166666666667,False,Clothing
2020-02-14,941.9,1222.6333333333334,174.31666666666666,421.8333333333333,False,Clothing
2020-02-15,1188.5,1220.85,174.525,423.54999999999995,False,Clothing
2020-02-16,1435.1,1219.0666666666666,174.73333333333335,425.26666666666665,False,Clothing
2020-02-17,1681.7,1217.2833333333333,174.94166666666666,426.98333333333335,False,Clothing
2020-02-18,1928.3,1215.5,175.15,428.7,False,Clothing
2020-02-19,442.3,1215.8,167.37,400.7,False,Clothing
2020-02-20,439.1,1214.2666666666667,168.78666666666666,417.3333333333333,False,Clothing
2020-02-21,435.9,1212.7333333333333,170.20333333333335,433.9666666666667,False,Clothing
2020-02-22,432.7,1211.2,171.62,450.6,False,Clothing
2020-02-23,438.42857142857144,1210.057142857143,171.64428571428573,452.4714285714286,False,Clothing
2020-02-24,444.15714285714284,1208.9142857142858,171.66857142857143,454.34285714285716,False,Clothing
2020-02-25,449.8857142857143,1207.7714285714287,171.69285714285715,456.2142857142857,False,Clothing
2020-02-26,455.6142857142857,1206.6285714285714,171.71714285714285,458.0857142857143,False,Clothing
2020-02-27,461.34285714285716,1205.4857142857143,171.74142857142857,459.95714285714286,False,Clothing
2020-02-28,467.07142857142856,1204.3428571428572,171.76571428571427,461.8285714285714,False,Clothing
2020-02-29,472.8,1203.2,171.79,463.7,False,Clothing
2020-03-01,459.3,1210.04,171.01399999999998,450.86,False,Clothing
2020-03-02,445.8,1216.88,170.238,438.02,False,Clothing
2020-03-03,432.3,1223.72,169.462,425.18,False,Clothing
2020-03-04,418.8,1230.5600000000002,168.686,412.34,False,Clothing
2020-03-05,405.3,1237.4,167.91,399.5,False,Clothing
2020-03-06,542.75,1265.45,167.76,551.15,False,Clothing
2020-03-07,680.2,1293.5,167.61,702.8,True,Clothing
2020-03-08,357.9,1283.3,166.71,343.6,False,Clothing
2020-03-09,376.52,1273.1,167.268,368.14000000000004,False,Clothing
2020-03-10,395.14,1262.8999999999999,167.826,392.68,False,Clothing
2020-03-11,413.76,1252.7,168.38400000000001,417.22,False,Clothing
2020-03-12,432.38,1242.5,168.942,441.76,False,Clothing
2020-03-13,451.0,1232.3,169.5,466.3,False,Clothing
2020-03-14,432.3,1236.3666666666666,170.95,436.7,False,Clothing
2020-03-15,413.59999999999997,1240.4333333333334,172.4,407.1,False,Clothing
2020-03-16,394.9,1244.5,173.85,377.5,False,Clothing
2020-03-17,395.69166666666666,1246.8166666666666,173.55666666666667,376.95,False,Clothing
2020-03-18,396.4833333333333,1249.1333333333332,173.26333333333332,376.4,False,Clothing
2020-03-19,397.275,1251.45,172.97,375.85,False,Clothing
2020-03-20,398.06666666666666,1253.7666666666667,172.67666666666668,375.3,False,Clothing
2020-03-21,398.8583333333333,1256.0833333333333,172.38333333333333,374.75,False,Clothing
2020-03-22,399.65,1258.4,172.09,374.2,False,Clothing
2020-03-23,400.44166666666666,1260.7166666666667,171.79666666666668,373.65,False,Clothing
2020-03-24,401.2333333333333,1263.0333333333333,171.50333333333333,373.09999999999997,False,Clothing
2020-03-25,402.025,1265.35,171.21,372.54999999999995,False,Clothing
2020-03-26,402.81666666666666,1267.6666666666665,170.91666666666669,372.0,False,Clothing
2020-03-27,403.6083333333333,1269.9833333333333,170.62333333333333,371.45,False,Clothing
2020-03-28,404.4,1272.3,170.33,370.9,False,Clothing
2020-03-29,393.06666666666666,1122.5,171.16333333333336,366.4,False,Clothing
2020-03-30,381.7333333333333,972.7,171.99666666666667,361.9,False,Clothing
2020-03-31,370.4,822.9,172.83,357.4,False,Clothing
2020-04-01,377.3363636363636,837.3090909090909,173.19727272727275,361.99090909090904,False,Clothing
2020-04-02,384.27272727272725,851.7181818181818,173.56454545454545,366.58181818181816,False,Clothing
2020-04-03,391.2090909090909,866.1272727272727,173.9318181818182,371.17272727272723,False,Clothing
2020-04-04,398.1454545454545,880.5363636363636,174.29909090909092,375.76363636363635,False,Clothing
2020-04-05,405.08181818181816,894.9454545454545,174.66636363636366,380.3545454545454,False,Clothing
2020-04-06,412.0181818181818,909.3545454545455,175.03363636363636,384.94545454545454,False,Clothing
2020-04-07,418.95454545454544,923.7636363636364,175.4009090909091,389.5363636363636,False,Clothing
2020-04-08,425.8909090909091,938.1727272727272,175.76818181818183,394.1272727272727,False,Clothing
2020-04-09,432.8272727272727,952.5818181818181,176.13545454545456,398.7181818181818,False,Clothing
2020-04-10,439.76363636363635,966.9909090909091,176.50272727272727,403.30909090909086,False,Clothing
2020-04-11,446.7,981.4,176.87,407.9,False,Clothing
2020-04-12,445.60833333333335,1006.275,176.33166666666668,407.21666666666664,False,Clothing
2020-04-13,444.51666666666665,1031.15,175.79333333333335,406.5333333333333,False,Clothing
2020-04-14,443.425,1056.025,175.255,405.84999999999997,False,Clothing
2020-04-15,442.3333333333333,1080.9,174.71666666666667,405.16666666666663,False,Clothing
2020-04-16,441.2416666666667,1105.775,174.17833333333334,404.4833333333333,False,Clothing
2020-04-17,440.15,1130.65,173.64,403.79999999999995,False,Clothing
2020-04-18,439.05833333333334,1155.525,173.10166666666666,403.1166666666667,False,Clothing
2020-04-19,437.9666666666667,1180.4,172.56333333333333,402.43333333333334,False,Clothing
2020-04-20,436.875,1205.275,172.025,401.75,False,Clothing
2020-04-21,435.78333333333336,1230.15,171.48666666666668,401.06666666666666,False,Clothing
2020-04-22,434.69166666666666,1255.025,170.94833333333332,400.3833333333333,False,Clothing
2020-04-23,433.6,1279.9,170.41,399.7,False,Clothing
2020-04-24,425.1333333333333,1284.15,169.31666666666666,396.6,False,Clothing
2020-04-25,416.6666666666667,1288.4,168.22333333333333,393.5,False,Clothing
2020-04-26,408.20000000000005,1292.65,167.13,390.4,False,Clothing
2020-04-27,399.73333333333335,1296.9,166.03666666666666,387.3,False,Clothing
2020-04-28,391.26666666666665,1301.15,164.94333333333333,384.20000000000005,False,Clothing
2020-04-29,382.8,1305.4,163.85,381.1,False,Clothing
2020-04-30,380.0,1307.376923076923,164.1523076923077,376.8538461538462,False,Clothing
2020-05-01,377.2,1309.3538461538462,164.45461538461538,372.60769230769233,False,Clothing
2020-05-02,374.4,1311.3307692307692,164.75692307692307,368.3615384615385,False,Clothing
2020-05-03,371.6,1313.3076923076924,165.05923076923077,364.11538461538464,False,Clothing
2020-05-04,368.8,1315.2846153846153,165.36153846153846,359.8692307692308,False,Clothing
2020-05-05,366.0,1317.2615384615385,165.66384615384615,355.62307692307695,False,Clothing
2020-05-06,363.2,1319.2384615384615,165.96615384615384,351.37692307692305,False,Clothing
2020-05-07,360.4,1321.2153846153847,166.26846153846154,347.1307692307692,False,Clothing
2020-05-08,357.59999999999997,1323.1923076923076,166.57076923076923,342.88461538461536,False,Clothing
2020-05-09,354.8,1325.1692307692308,166.87307692307692,338.6384615384615,False,Clothing
2020-05-10,352.0,1327.1461538461538,167.17538461538462,334.39230769230767,False,Clothing
2020-05-11,349.2,1329.123076923077,167.4776923076923,330.1461538461538,False,Clothing
2020-05-12,346.4,1331.1,167.78,325.9,False,Clothing
2020-05-13,354.22499999999997,1326.2875,167.355,337.73749999999995,False,Clothing
2020-05-14,362.04999999999995,1321.475,166.93,349.575,False,Clothing
2020-05-15,369.875,1316.6625,166.505,361.4125,False,Clothing
2020-05-16,377.7,1311.85,166.07999999999998,373.25,False,Clothing
2020-05-17,385.525,1307.0375,165.655,385.0875,False,Clothing
2020-05-18,393.35,1302.225,165.23,396.925,False,Clothing
2020-05-19,401.175,1297.4125,164.805,408.76250000000005,False,Clothing
2020-05-20,409.0,1292.6,164.38,420.6,False,Clothing
2020-05-21,406.65,1294.56,165.048,415.77000000000004,False,Clothing
2020-05-22,404.3,1296.52,165.716,410.94,False,Clothing
2020-05-23,401.95,1298.48,166.384,406.11,False,Clothing
2020-05-24,399.6,1300.44,167.052,401.28000000000003,False,Clothing
2020-05-25,397.25,1302.4,167.72,396.45000000000005,False,Clothing
2020-05-26,394.9,1304.36,168.388,391.62,False,Clothing
2020-05-27,392.55,1306.32,169.056,386.79,False,Clothing
2020-05-28,390.2,1308.28,169.724,381.96000000000004,False,Clothing
2020-05-29,387.85,1310.24,170.392,377.13,False,Clothing
2020-05-30,385.5,1312.2,171.06,372.3,False,Clothing
2020-05-31,384.8090909090909,1311.8181818181818,170.7327272727273,371.26363636363635,False,Clothing
2020-06-01,384.1181818181818,1311.4363636363637,170.40545454545455,370.22727272727275,False,Clothing
2020-06-02,383.42727272727274,1311.0545454545454,170.07818181818183,369.1909090909091,False,Clothing
2020-06-03,382.73636363636365,1310.6727272727273,169.7509090909091,368.1545454545454,False,Clothing
2020-06-04,382.04545454545456,1310.290909090909,169.42363636363638,367.1181818181818,False,Clothing
2020-06-05,381.3545454545454,1309.909090909091,169.09636363636363,366.08181818181816,False,Clothing
2020-06-06,380.66363636363633,1309.5272727272727,168.76909090909092,365.04545454545456,False,Clothing
2020-06-07,379.97272727272724,1309.1454545454546,168.44181818181818,364.0090909090909,False,Clothing
2020-06-08,379.28181818181815,1308.7636363636364,168.11454545454546,362.97272727272724,False,Clothing
2020-06-09,378.59090909090907,1308.3818181818183,167.78727272727272,361.93636363636364,False,Clothing
2020-06-10,377.9,1308.0,167.46,360.9,False,Clothing
2020-06-11,379.23999999999995,1308.5533333333333,168.33333333333334,361.71999999999997,False,Clothing
2020-06-12,380.58,1309.1066666666666,169.20666666666668,362.53999999999996,False,Clothing
2020-06-13,381.91999999999996,1309.66,170.08,363.35999999999996,False,Clothing
2020-06-14,383.26,1310.2133333333334,170.95333333333335,364.18,False,Clothing
2020-06-15,384.59999999999997,1310.7666666666667,171.82666666666668,365.0,False,Clothing
2020-06-16,385.94,1311.32,172.70000000000002,365.82,False,Clothing
2020-06-17,387.28,1311.8733333333332,173.57333333333335,366.64,False,Clothing
2020-06-18,388.62,1312.4266666666667,174.44666666666666,367.46,False,Clothing
2020-06-19,389.96,1312.98,175.32,368.28,False,Clothing
2020-06-20,391.3,1313.5333333333333,176.19333333333333,369.09999999999997,False,Clothing
2020-06-21,392.64,1314.0866666666666,177.06666666666666,369.91999999999996,False,Clothing
2020-06-22,393.98,1314.6399999999999,177.94,370.74,False,Clothing
2020-06-23,395.32,1315.1933333333334,178.81333333333333,371.56,False,Clothing
2020-06-24,396.65999999999997,1315.7466666666667,179.68666666666667,372.38,False,Clothing
2020-06-25,398.0,1316.3,180.56,373.2,False,Clothing
2020-06-26,397.51,1315.735,179.9545,374.65,False,Clothing
2020-06-27,397.02,1315.17,179.349,376.09999999999997,False,Clothing
2020-06-28,396.53,1314.605,178.7435,377.55,False,Clothing
2020-06-29,396.04,1314.04,178.138,379.0,False,Clothing
2020-06-30,395.55,1313.475,177.5325,380.45,False,Clothing
2020-07-01,395.06,1312.9099999999999,176.927,381.9,False,Clothing
2020-07-02,394.57,1312.345,176.3215,383.34999999999997,False,Clothing
2020-07-03,394.08,1311.78,175.716,384.8,False,Clothing
2020-07-04,393.59,1311.215,175.1105,386.25,False,Clothing
2020-07-05,393.1,1310.65,174.505,387.7,False,Clothing
2020-07-06,392.61,1310.085,173.8995,389.15,False,Clothing
2020-07-07,392.12,1309.52,173.29399999999998,390.59999999999997,False,Clothing
2020-07-08,391.63,1308.955,172.6885,392.05,False,Clothing
2020-07-09,391.14,1308.3899999999999,172.083,393.5,False,Clothing
2020-07-10,390.65,1307.825,171.4775,394.95,False,Clothing
2020-07-11,390.15999999999997,1307.26,170.87199999999999,396.4,False,Clothing
2020-07-12,389.67,1306.695,170.26649999999998,397.84999999999997,False,Clothing
2020-07-13,389.18,1306.13,169.661,399.3,False,Clothing
2020-07-14,388.69,1305.565,169.0555,400.75,False,Clothing
2020-07-15,388.2,1305.0,168.45,402.2,False,Clothing
2020-07-16,400.84444444444443,1298.7444444444445,168.51666666666665,415.56666666666666,False,Clothing
2020-07-17,413.4888888888889,1292.4888888888888,168.58333333333331,428.93333333333334,False,Clothing
2020-07-18,426.1333333333333,1286.2333333333333,168.65,442.3,False,Clothing
2020-07-19,438.77777777777777,1279.9777777777779,168.71666666666667,455.66666666666663,False,Clothing
2020-07-20,451.4222222222222,1273.7222222222222,168.78333333333333,469.0333333333333,False,Clothing
2020-07-21,464.06666666666666,1267.4666666666667,168.85,482.4,False,Clothing
2020-07-22,476.7111111111111,1261.2111111111112,168.91666666666669,495.76666666666665,False,Clothing
2020-07-23,489.35555555555555,1254.9555555555555,168.98333333333335,509.1333333333333,False,Clothing
2020-07-24,502.0,1248.7,169.05,522.5,False,Clothing
2020-07-25,489.6909090909091,1251.418181818182,168.60000000000002,506.8636363636364,False,Clothing
2020-07-26,477.3818181818182,1254.1363636363637,168.15,491.22727272727275,False,Clothing
2020-07-27,465.07272727272726,1256.8545454545454,167.70000000000002,475.5909090909091,False,Clothing
2020-07-28,452.76363636363635,1259.5727272727272,167.25,459.95454545454544,False,Clothing
2020-07-29,440.4545454545455,1262.290909090909,166.8,444.3181818181818,False,Clothing
2020-07-30,428.1454545454545,1265.009090909091,166.35,428.6818181818182,False,Clothing
2020-07-31,415.83636363636367,1267.7272727272727,165.9,413.04545454545456,False,Clothing
2020-08-01,403.52727272727276,1270.4454545454546,165.45,397.4090909090909,False,Clothing
2020-08-02,391.21818181818185,1273.1636363636362,165.0,381.77272727272725,False,Clothing
2020-08-03,378.90909090909093,1275.881818181818,164.54999999999998,366.1363636363636,False,Clothing
2020-08-04,366.6,1278.6,164.1,350.5,False,Clothing
2020-08-05,367.5615384615385,1277.0384615384614,165.0776923076923,353.95384615384614,False,Clothing
2020-08-06,368.5230769230769,1275.476923076923,166.0553846153846,357.4076923076923,False,Clothing
2020-08-07,369.4846153846154,1273.9153846153845,167.03307692307692,360.86153846153843,False,Clothing
2020-08-08,370.4461538461539,1272.353846153846,168.01076923076923,364.31538461538463,False,Clothing
2020-08-09,371.40769230769234,1270.7923076923075,168.98846153846154,367.7692307692308,False,Clothing
2020-08-10,372.3692307692308,1269.230769230769,169.96615384615384,371.2230769230769,False,Clothing
2020-08-11,373.33076923076925,1267.6692307692308,170.94384615384615,374.67692307692306,False,Clothing
2020-08-12,374.2923076923077,1266.1076923076923,171.92153846153846,378.1307692307692,False,Clothing
2020-08-13,375.25384615384615,1264.5461538461539,172.89923076923077,381.58461538461535,False,Clothing
2020-08-14,376.21538461538466,1262.9846153846154,173.87692307692308,385.03846153846155,False,Clothing
2020-08-15,377.1769230769231,1261.423076923077,174.85461538461539,388.4923076923077,False,Clothing
2020-08-16,378.13846153846157,1259.8615384615384,175.8323076923077,391.94615384615383,False,Clothing
2020-08-17,379.1,1258.3,176.81,395.4,False,Clothing
2020-08-18,400.6,1250.9,170.3,377.5,False,Clothing
2020-08-19,412.6,1248.5,170.53333333333333,397.4,False,Clothing
2020-08-20,424.6,1246.1000000000001,170.76666666666668,417.3,False,Clothing
2020-08-21,436.6,1243.7,171.0,437.2,False,Clothing
2020-08-22,420.33333333333337,1248.1666666666667,171.15333333333334,422.1333333333333,False,Clothing
2020-08-23,404.06666666666666,1252.6333333333332,171.30666666666667,407.06666666666666,False,Clothing
2020-08-24,387.8,1257.1,171.46,392.0,False,Clothing
2020-08-25,383.8615384615385,1259.1076923076923,171.3946153846154,388.46923076923076,False,Clothing
2020-08-26,379.92307692307696,1261.1153846153845,171.32923076923078,384.9384615384615,False,Clothing
2020-08-27,375.9846153846154,1263.123076923077,171.26384615384617,381.4076923076923,False,Clothing
2020-08-28,372.04615384615386,1265.1307692307691,171.19846153846154,377.8769230769231,False,Clothing
2020-08-29,368.10769230769233,1267.1384615384616,171.13307692307694,374.34615384615387,False,Clothing
2020-08-30,364.1692307692308,1269.1461538461538,171.0676923076923,370.81538461538463,False,Clothing
2020-08-31,360.2307692307692,1271.1538461538462,171.0023076923077,367.2846153846154,False,Clothing
2020-09-01,356.2923076923077,1273.1615384615384,170.93692307692308,363.75384615384615,False,Clothing
2020-09-02,352.3538461538462,1275.1692307692308,170.87153846153848,360.2230769230769,False,Clothing
2020-09-03,348.41538461538465,1277.176923076923,170.80615384615385,356.69230769230774,False,Clothing
2020-09-04,344.4769230769231,1279.1846153846154,170.74076923076925,353.1615384615385,False,Clothing
2020-09-05,340.53846153846155,1281.1923076923076,170.67538461538462,349.63076923076926,False,Clothing
2020-09-06,336.6,1283.2,170.61,346.1,False,Clothing
2020-09-07,346.83333333333337,1278.0666666666666,170.8,356.0777777777778,False,Clothing
2020-09-08,357.06666666666666,1272.9333333333334,170.99,366.05555555555554,False,Clothing
2020-09-09,367.3,1267.8,171.18,376.03333333333336,False,Clothing
2020-09-10,377.53333333333336,1262.6666666666667,171.37,386.0111111111111,False,Clothing
2020-09-11,387.76666666666665,1257.5333333333333,171.56,395.9888888888889,False,Clothing
2020-09-12,398.0,1252.4,171.75,405.96666666666664,False,Clothing
2020-09-13,408.23333333333335,1247.2666666666667,171.94,415.94444444444446,False,Clothing
2020-09-14,418.46666666666664,1242.1333333333334,172.13,425.9222222222222,False,Clothing
2020-09-15,428.7,1237.0,172.32,435.9,False,Clothing
2020-09-16,424.16666666666663,1236.7833333333333,171.58333333333331,429.5333333333333,False,Clothing
2020-09-17,419.6333333333333,1236.5666666666666,170.84666666666666,423.16666666666663,False,Clothing
2020-09-18,415.1,1236.35,170.11,416.79999999999995,False,Clothing
2020-09-19,410.56666666666666,1236.1333333333334,169.37333333333333,410.43333333333334,False,Clothing
2020-09-20,406.0333333333333,1235.9166666666667,168.63666666666666,404.06666666666666,False,Clothing
2020-09-21,401.5,1235.7,167.9,397.7,False,Clothing
2020-09-22,424.96666666666664,1223.1000000000001,168.16333333333333,407.5,False,Clothing
2020-09-23,448.43333333333334,1210.5,168.42666666666668,417.3,False,Clothing
2020-09-24,471.9,1197.9,168.69,427.1,False,Clothing
2020-09-25,462.93333333333334,1202.4111111111113,169.31777777777776,420.9555555555556,False,Clothing
2020-09-26,453.96666666666664,1206.9222222222222,169.94555555555556,414.81111111111113,False,Clothing
2020-09-27,445.0,1211.4333333333334,170.57333333333332,408.6666666666667,False,Clothing
2020-09-28,436.0333333333333,1215.9444444444446,171.20111111111112,402.52222222222224,False,Clothing
2020-09-29,427.06666666666666,1220.4555555555555,171.82888888888888,396.3777777777778,False,Clothing
2020-09-30,418.09999999999997,1224.9666666666667,172.45666666666668,390.23333333333335,False,Clothing
2020-10-01,409.1333333333333,1229.4777777777779,173.08444444444444,384.0888888888889,False,Clothing
2020-10-02,400.16666666666663,1233.9888888888888,173.71222222222224,377.94444444444446,False,Clothing
2020-10-03,391.2,1238.5,174.34,371.8,False,Clothing
2020-10-04,395.0,1237.47,173.047,376.65000000000003,False,Clothing
2020-10-05,398.8,1236.44,171.754,381.5,False,Clothing
2020-10-06,402.59999999999997,1235.41,170.461,386.35,False,Clothing
2020-10-07,406.4,1234.38,169.168,391.2,False,Clothing
2020-10-08,410.2,1233.35,167.875,396.05,False,Clothing
2020-10-09,414.0,1232.32,166.582,400.90000000000003,False,Clothing
2020-10-10,417.8,1231.29,165.289,405.75,False,Clothing
2020-10-11,421.59999999999997,1230.26,163.996,410.6,False,Clothing
2020-10-12,425.4,1229.23,162.703,415.45,False,Clothing
2020-10-13,429.2,1228.2,161.41,420.3,False,Clothing
2020-10-14,441.71999999999997,1227.28,163.298,426.0,False,Clothing
2020-10-15,454.24,1226.36,165.186,431.7,False,Clothing
2020-10-16,466.76,1225.44,167.07399999999998,437.40000000000003,False,Clothing
2020-10-17,479.28000000000003,1224.52,168.962,443.1,False,Clothing
2020-10-18,491.8,1223.6,170.85,448.8,False,Clothing
2020-10-19,483.7,1225.55,171.675,441.93333333333334,False,Clothing
2020-10-20,475.6,1227.5,172.5,435.06666666666666,False,Clothing
2020-10-21,467.5,1229.4499999999998,173.325,428.20000000000005,False,Clothing
2020-10-22,459.4,1231.3999999999999,174.15,421.33333333333337,False,Clothing
2020-10-23,451.3,1233.35,174.97500000000002,414.4666666666667,False,Clothing
2020-10-24,443.2,1235.3,175.8,407.6,False,Clothing
2020-10-25,444.06,1233.6399999999999,174.88,418.06,False,Clothing
2020-10-26,444.92,1231.98,173.96,428.52,False,Clothing
2020-10-27,445.78,1230.32,173.04,438.98,False,Clothing
2020-10-28,446.64,1228.66,172.12,449.44,False,Clothing
2020-10-29,447.5,1227.0,171.2,459.9,False,Clothing
2020-10-30,486.2,1232.05,170.9325,486.375,False,Clothing
2020-10-31,524.9,1237.1,170.665,512.8499999999999,False,Clothing
2020-11-01,563.5999999999999,1242.15,170.39749999999998,539.3249999999999,False,Clothing
2020-11-02,602.3,1247.2,170.13,565.8,True,Clothing
2020-11-03,605.9916666666667,1246.9833333333333,169.80333333333334,574.2249999999999,False,Clothing
2020-11-04,609.6833333333333,1246.7666666666667,169.47666666666666,582.65,False,Clothing
2020-11-05,613.375,1246.55,169.15,591.0749999999999,False,Clothing
2020-11-06,617.0666666666666,1246.3333333333333,168.82333333333332,599.5,False,Clothing
2020-11-07,620.7583333333333,1246.1166666666666,168.49666666666667,607.925,False,Clothing
2020-11-08,624.45,1245.9,168.17000000000002,616.3499999999999,False,Clothing
2020-11-09,628.1416666666667,1245.6833333333334,167.84333333333333,624.775,False,Clothing
2020-11-10,631.8333333333334,1245.4666666666667,167.51666666666668,633.1999999999999,False,Clothing
2020-11-11,635.525,1245.25,167.19,641.625,False,Clothing
2020-11-12,639.2166666666667,1245.0333333333333,166.86333333333334,650.05,False,Clothing
2020-11-13,642.9083333333333,1244.8166666666666,166.53666666666666,658.475,False,Clothing
2020-11-14,646.6,1244.6,166.21,666.9,True,Clothing
2020-11-15,462.9,1258.5,173.61,474.1,False,Clothing
2020-11-16,457.0,1260.45,172.82,452.15,False,Clothing
2020-11-17,451.1,1262.4,172.03,430.2,False,Clothing
2020-11-18,934.05,1256.35,171.89,455.2,False,Clothing
2020-11-19,1417.0,1250.3,171.75,480.2,False,Clothing
2020-11-20,1374.3478260869565,1250.4130434782608,171.83260869565217,477.1173913043478,False,Clothing
2020-11-21,1331.695652173913,1250.5260869565218,171.91521739130434,474.03478260869565,False,Clothing
2020-11-22,1289.0434782608695,1250.6391304347826,171.99782608695654,470.95217391304345,False,Clothing
2020-11-23,1246.391304347826,1250.7521739130434,172.0804347826087,467.8695652173913,False,Clothing
2020-11-24,1203.7391304347825,1250.8652173913044,172.16304347826087,464.7869565217391,False,Clothing
2020-11-25,1161.086956521739,1250.9782608695652,172.24565217391304,461.704347826087,False,Clothing
2020-11-26,1118.4347826086957,1251.091304347826,172.3282608695652,458.6217391304348,False,Clothing
2020-11-27,1075.7826086956522,1251.2043478260869,172.41086956521738,455.5391304347826,False,Clothing
2020-11-28,1033.1304347826087,1251.317391304348,172.49347826086958,452.45652173913044,False,Clothing
2020-11-29,990.4782608695652,1251.4304347826087,172.57608695652175,449.37391304347824,False,Clothing
2020-11-30,947.8260869565217,1251.5434782608695,172.65869565217392,446.2913043478261,False,Clothing
2020-12-01,905.1739130434783,1251.6565217391305,172.7413043478261,443.2086956521739,False,Clothing
2020-12-02,862.5217391304348,1251.7695652173913,172.82391304347826,440.12608695652176,False,Clothing
2020-12-03,819.8695652173914,1251.8826086956522,172.90652173913043,437.04347826086956,False,Clothing
2020-12-04,777.2173913043479,1251.9956521739132,172.98913043478262,433.9608695652174,False,Clothing
2020-12-05,734.5652173913044,1252.108695652174,173.0717391304348,430.8782608695652,False,Clothing
2020-12-06,691.9130434782609,1252.2217391304348,173.15434782608696,427.795652173913,False,Clothing
2020-12-07,649.2608695652174,1252.3347826086956,173.23695652173913,424.7130434782609,False,Clothing
2020-12-08,606.608695652174,1252.4478260869566,173.3195652173913,421.6304347826087,False,Clothing
2020-12-09,563.9565217391305,1252.5608695652174,173.40217391304347,418.54782608695655,False,Clothing
2020-12-10,521.304347826087,1252.6739130434783,173.48478260869567,415.46521739130435,False,Clothing
2020-12-11,478.6521739130435,1252.7869565217393,173.56739130434784,412.38260869565215,False,Clothing
2020-12-12,436.0,1252.9,173.65,409.3,False,Clothing
2020-12-13,432.7,1258.2333333333333,171.67000000000002,401.3,False,Clothing
2020-12-14,429.40000000000003,1263.5666666666668,169.69,393.3,False,Clothing
2020-12-15,426.1,1268.9,167.71,385.3,False,Clothing
2020-12-16,423.7166666666667,1270.9666666666667,167.23333333333335,384.93333333333334,False,Clothing
2020-12-17,421.33333333333337,1273.0333333333333,166.75666666666666,384.56666666666666,False,Clothing
2020-12-18,418.95000000000005,1275.1,166.28,384.20000000000005,False,Clothing
2020-12-19,416.56666666666666,1277.1666666666667,165.80333333333334,383.83333333333337,False,Clothing
2020-12-20,414.18333333333334,1279.2333333333333,165.32666666666665,383.4666666666667,False,Clothing
2020-12-21,411.8,1281.3,164.85,383.1,False,Clothing
2020-12-22,419.6125,1278.25,165.2575,391.65000000000003,False,Clothing
2020-12-23,427.425,1275.2,165.665,400.20000000000005,False,Clothing
2020-12-24,435.2375,1272.15,166.0725,408.75,False,Clothing
2020-12-25,443.05,1269.1,166.48000000000002,417.3,False,Clothing
2020-12-26,450.8625,1266.05,166.88750000000002,425.85,False,Clothing
2020-12-27,458.675,1263.0,167.29500000000002,434.4,False,Clothing
2020-12-28,466.4875,1259.95,167.70250000000001,442.95,False,Clothing
2020-12-29,474.3,1256.9,168.11,451.5,False,Clothing
2020-12-30,452.0,1265.2,170.71,466.0,False,Clothing
2020-12-31,455.1,1264.6666666666667,170.44333333333333,464.9,False,Clothing
2021-01-01,458.2,1264.1333333333334,170.17666666666668,463.8,False,Clothing
2021-01-02,461.3,1263.6000000000001,169.91,462.7,False,Clothing
2021-01-03,464.4,1263.0666666666668,169.64333333333335,461.6,False,Clothing
2021-01-04,467.5,1262.5333333333333,169.37666666666667,460.5,False,Clothing
2021-01-05,470.59999999999997,1262.0,169.11,459.40000000000003,False,Clothing
2021-01-06,473.7,1261.4666666666667,168.84333333333333,458.3,False,Clothing
2021-01-07,476.79999999999995,1260.9333333333334,168.57666666666668,457.20000000000005,False,Clothing
2021-01-08,479.9,1260.4,168.31,456.1,False,Clothing
2021-01-09,498.5,1267.35,168.89499999999998,479.45000000000005,False,Clothing
2021-01-10,517.1,1274.3,169.48,502.8,True,Clothing
2021-01-11,521.4538461538461,1253.9384615384615,169.12769230769229,510.25384615384615,False,Clothing
2021-01-12,525.8076923076924,1233.576923076923,168.7753846153846,517.7076923076924,False,Clothing
2021-01-13,530.1615384615385,1213.2153846153847,168.4230769230769,525.1615384615385,False,Clothing
2021-01-14,534.5153846153846,1192.8538461538462,168.07076923076923,532.6153846153846,False,Clothing
2021-01-15,538.8692307692309,1172.4923076923076,167.71846153846153,540.0692307692308,False,Clothing
2021-01-16,543.223076923077,1152.1307692307691,167.36615384615385,547.5230769230769,False,Clothing
2021-01-17,547.5769230769231,1131.7692307692307,167.01384615384615,554.9769230769231,False,Clothing
2021-01-18,551.9307692307692,1111.4076923076923,166.66153846153847,562.4307692307692,False,Clothing
2021-01-19,556.2846153846154,1091.0461538461539,166.30923076923077,569.8846153846155,False,Clothing
2021-01-20,560.6384615384616,1070.6846153846154,165.9569230769231,577.3384615384616,False,Clothing
2021-01-21,564.9923076923077,1050.323076923077,165.60461538461539,584.7923076923078,False,Clothing
2021-01-22,569.3461538461539,1029.9615384615386,165.2523076923077,592.2461538461539,False,Clothing
2021-01-23,573.7,1009.6,164.9,599.7,True,Clothing
2021-01-24,462.2,1008.3,173.34,422.8,False,Clothing
2021-01-25,423.85,1156.4499999999998,170.26999999999998,401.9,False,Clothing
2021-01-26,385.5,1304.6,167.2,381.0,False,Clothing
2021-01-27,386.99,1302.495,167.2325,381.165,False,Clothing
2021-01-28,388.48,1300.3899999999999,167.265,381.33,False,Clothing
2021-01-29,389.97,1298.2849999999999,167.29749999999999,381.495,False,Clothing
2021-01-30,391.46,1296.1799999999998,167.32999999999998,381.66,False,Clothing
2021-01-31,392.95,1294.0749999999998,167.36249999999998,381.825,False,Clothing
2021-02-01,394.44,1291.97,167.39499999999998,381.99,False,Clothing
2021-02-02,395.93,1289.865,167.42749999999998,382.15500000000003,False,Clothing
2021-02-03,397.42,1287.76,167.45999999999998,382.32,False,Clothing
2021-02-04,398.91,1285.655,167.49249999999998,382.485,False,Clothing
2021-02-05,400.4,1283.55,167.52499999999998,382.65,False,Clothing
2021-02-06,401.89,1281.445,167.5575,382.815,False,Clothing
2021-02-07,403.38,1279.34,167.59,382.98,False,Clothing
2021-02-08,404.87,1277.235,167.6225,383.145,False,Clothing
2021-02-09,406.36,1275.1299999999999,167.655,383.31,False,Clothing
2021-02-10,407.85,1273.025,167.6875,383.475,False,Clothing
2021-02-11,409.34000000000003,1270.92,167.72,383.64,False,Clothing
2021-02-12,410.83000000000004,1268.815,167.7525,383.805,False,Clothing
2021-02-13,412.32,1266.71,167.785,383.97,False,Clothing
2021-02-14,413.81,1264.605,167.8175,384.135,False,Clothing
2021-02-15,415.3,1262.5,167.85,384.3,False,Clothing
2021-02-16,441.1125,1264.975,168.245,415.02500000000003,False,Clothing
2021-02-17,466.925,1267.45,168.64,445.75,False,Clothing
2021-02-18,492.73749999999995,1269.925,169.035,476.475,False,Clothing
2021-02-19,518.55,1272.4,169.43,507.20000000000005,False,Clothing
2021-02-20,544.3625,1274.875,169.825,537.925,False,Clothing
2021-02-21,570.175,1277.35,170.22,568.6500000000001,False,Clothing
2021-02-22,595.9875,1279.825,170.61499999999998,599.375,False,Clothing
2021-02-23,621.8,1282.3,171.01,630.1,True,Clothing
2021-02-24,584.6999999999999,1280.325,170.82,584.1,False,Clothing
2021-02-25,547.5999999999999,1278.35,170.63,538.1,False,Clothing
2021-02-26,510.5,1276.375,170.44,492.1,False,Clothing
2021-02-27,473.4,1274.4,170.25,446.1,False,Clothing
2021-02-28,467.4,1273.1750000000002,170.7,444.6,False,Clothing
2021-03-01,461.4,1271.95,171.15,443.1,False,Clothing
2021-03-02,455.4,1270.725,171.60000000000002,441.6,False,Clothing
2021-03-03,449.4,1269.5,172.05,440.1,False,Clothing
2021-03-04,441.4,1284.2,165.86,415.6,False,Clothing
2021-03-05,443.0625,1283.5125,166.90750000000003,422.6,False,Clothing
2021-03-06,444.72499999999997,1282.825,167.955,429.6,False,Clothing
2021-03-07,446.3875,1282.1375,169.0025,436.6,False,Clothing
2021-03-08,448.04999999999995,1281.45,170.05,443.6,False,Clothing
2021-03-09,449.7125,1280.7625,171.09750000000003,450.6,False,Clothing
2021-03-10,451.375,1280.075,172.145,457.6,False,Clothing
2021-03-11,453.03749999999997,1279.3875,173.1925,464.6,False,Clothing
2021-03-12,454.7,1278.7,174.24,471.6,False,Clothing
2021-03-13,436.2,1284.2,175.19,445.6,False,Clothing
2021-03-14,421.325,1287.0,174.085,430.20000000000005,False,Clothing
2021-03-15,406.45,1289.8000000000002,172.98000000000002,414.8,False,Clothing
2021-03-16,391.575,1292.6000000000001,171.875,399.4,False,Clothing
2021-03-17,376.7,1295.4,170.77,384.0,False,Clothing
2021-03-18,385.59999999999997,1293.2111111111112,170.70777777777778,389.06666666666666,False,Clothing
2021-03-19,394.5,1291.0222222222224,170.64555555555557,394.1333333333333,False,Clothing
2021-03-20,403.4,1288.8333333333335,170.58333333333334,399.2,False,Clothing
2021-03-21,412.3,1286.6444444444446,170.5211111111111,404.26666666666665,False,Clothing
2021-03-22,421.2,1284.4555555555555,170.4588888888889,409.33333333333337,False,Clothing
2021-03-23,430.1,1282.2666666666667,170.39666666666668,414.40000000000003,False,Clothing
2021-03-24,439.0,1280.0777777777778,170.33444444444444,419.4666666666667,False,Clothing
2021-03-25,447.9,1277.888888888889,170.27222222222224,424.53333333333336,False,Clothing
2021-03-26,456.8,1275.7,170.21,429.6,False,Clothing
2021-03-27,453.95833333333337,1277.6375,170.21541666666667,428.58333333333337,False,Clothing
2021-03-28,451.1166666666667,1279.575,170.22083333333333,427.56666666666666,False,Clothing
2021-03-29,448.27500000000003,1281.5125,170.22625,426.55,False,Clothing
2021-03-30,445.43333333333334,1283.45,170.23166666666668,425.53333333333336,False,Clothing
2021-03-31,442.5916666666667,1285.3875,170.23708333333335,424.5166666666667,False,Clothing
2021-04-01,439.75,1287.325,170.2425,423.5,False,Clothing
2021-04-02,436.90833333333336,1289.2625,170.24791666666667,422.48333333333335,False,Clothing
2021-04-03,434.06666666666666,1291.2,170.25333333333333,421.4666666666667,False,Clothing
2021-04-04,431.225,1293.1375,170.25875000000002,420.45,False,Clothing
2021-04-05,428.3833333333333,1295.075,170.26416666666668,419.43333333333334,False,Clothing
2021-04-06,425.5416666666667,1297.0125,170.26958333333334,418.4166666666667,False,Clothing
2021-04-07,422.70000000000005,1298.95,170.275,417.4,False,Clothing
2021-04-08,419.85833333333335,1300.8875,170.28041666666667,416.3833333333333,False,Clothing
2021-04-09,417.01666666666665,1302.825,170.28583333333333,415.3666666666667,False,Clothing
2021-04-10,414.175,1304.7625,170.29125,414.35,False,Clothing
2021-04-11,411.33333333333337,1306.7,170.29666666666668,413.3333333333333,False,Clothing
2021-04-12,408.4916666666667,1308.6375,170.30208333333334,412.31666666666666,False,Clothing
2021-04-13,405.65000000000003,1310.575,170.3075,411.3,False,Clothing
2021-04-14,402.80833333333334,1312.5125,170.31291666666667,410.2833333333333,False,Clothing
2021-04-15,399.9666666666667,1314.45,170.31833333333333,409.26666666666665,False,Clothing
2021-04-16,397.125,1316.3875,170.32375000000002,408.25,False,Clothing
2021-04-17,394.28333333333336,1318.325,170.32916666666668,407.23333333333335,False,Clothing
2021-04-18,391.4416666666667,1320.2625,170.33458333333334,406.21666666666664,False,Clothing
2021-04-19,388.6,1322.2,170.34,405.2,False,Clothing
2021-04-20,390.03333333333336,1319.9916666666668,170.29333333333335,402.79166666666663,False,Clothing
2021-04-21,391.4666666666667,1317.7833333333333,170.24666666666667,400.3833333333333,False,Clothing
2021-04-22,392.90000000000003,1315.575,170.2,397.975,False,Clothing
2021-04-23,394.33333333333337,1313.3666666666668,170.15333333333334,395.56666666666666,False,Clothing
2021-04-24,395.7666666666667,1311.1583333333333,170.10666666666668,393.1583333333333,False,Clothing
2021-04-25,397.20000000000005,1308.95,170.06,390.75,False,Clothing
2021-04-26,398.6333333333333,1306.7416666666668,170.01333333333332,388.3416666666667,False,Clothing
2021-04-27,400.06666666666666,1304.5333333333333,169.96666666666667,385.93333333333334,False,Clothing
2021-04-28,401.5,1302.325,169.92000000000002,383.525,False,Clothing
2021-04-29,402.93333333333334,1300.1166666666668,169.87333333333333,381.1166666666667,False,Clothing
2021-04-30,404.3666666666667,1297.9083333333333,169.82666666666665,378.70833333333337,False,Clothing
2021-05-01,405.8,1295.7,169.78,376.3,False,Clothing
2021-05-02,382.0,1310.0,171.87,350.2,False,Clothing
2021-05-03,382.19666666666666,1309.97,171.86266666666668,350.25,False,Clothing
2021-05-04,382.3933333333333,1309.94,171.85533333333333,350.3,False,Clothing
2021-05-05,382.59,1309.91,171.848,350.34999999999997,False,Clothing
2021-05-06,382.7866666666667,1309.8799999999999,171.84066666666666,350.4,False,Clothing
2021-05-07,382.98333333333335,1309.85,171.83333333333334,350.45,False,Clothing
2021-05-08,383.18,1309.82,171.826,350.5,False,Clothing
2021-05-09,383.37666666666667,1309.79,171.81866666666667,350.55,False,Clothing
2021-05-10,383.5733333333333,1309.76,171.81133333333335,350.59999999999997,False,Clothing
2021-05-11,383.77,1309.73,171.804,350.65,False,Clothing
2021-05-12,383.96666666666664,1309.7,171.79666666666668,350.7,False,Clothing
2021-05-13,384.1633333333333,1309.67,171.78933333333333,350.75,False,Clothing
2021-05-14,384.36,1309.6399999999999,171.782,350.8,False,Clothing
2021-05-15,384.5566666666667,1309.61,171.77466666666666,350.84999999999997,False,Clothing
2021-05-16,384.75333333333333,1309.58,171.76733333333334,350.9,False,Clothing
2021-05-17,384.95,1309.55,171.76,350.95,False,Clothing
2021-05-18,385.14666666666665,1309.52,171.75266666666667,351.0,False,Clothing
2021-05-19,385.3433333333333,1309.49,171.74533333333335,351.05,False,Clothing
2021-05-20,385.53999999999996,1309.46,171.738,351.09999999999997,False,Clothing
2021-05-21,385.7366666666667,1309.4299999999998,171.73066666666668,351.15,False,Clothing
2021-05-22,385.93333333333334,1309.3999999999999,171.72333333333333,351.2,False,Clothing
2021-05-23,386.13,1309.37,171.716,351.25,False,Clothing
2021-05-24,386.32666666666665,1309.34,171.70866666666666,351.3,False,Clothing
2021-05-25,386.5233333333333,1309.31,171.70133333333334,351.34999999999997,False,Clothing
2021-05-26,386.71999999999997,1309.28,171.69400000000002,351.4,False,Clothing
2021-05-27,386.91666666666663,1309.25,171.68666666666667,351.45,False,Clothing
2021-05-28,387.1133333333333,1309.22,171.67933333333335,351.5,False,Clothing
2021-05-29,387.31,1309.1899999999998,171.672,351.55,False,Clothing
2021-05-30,387.50666666666666,1309.1599999999999,171.66466666666668,351.59999999999997,False,Clothing
2021-05-31,387.7033333333333,1309.1299999999999,171.65733333333333,351.65,False,Clothing
2021-06-01,387.9,1309.1,171.65,351.7,False,Clothing
2021-06-02,524.55,1302.4,168.62,482.4,False,Clothing
2021-06-03,661.2,1295.7,165.59,613.1,True,Clothing
2021-06-04,652.8107142857143,1295.4535714285714,165.53464285714287,606.95,False,Clothing
2021-06-05,644.4214285714286,1295.2071428571428,165.4792857142857,600.8000000000001,False,Clothing
2021-06-06,636.0321428571428,1294.9607142857144,165.42392857142858,594.65,False,Clothing
2021-06-07,627.6428571428572,1294.7142857142858,165.36857142857144,588.5,False,Clothing
2021-06-08,619.2535714285715,1294.4678571428572,165.31321428571428,582.35,False,Clothing
2021-06-09,610.8642857142858,1294.2214285714285,165.25785714285715,576.2,False,Clothing
2021-06-10,602.475,1293.975,165.2025,570.05,False,Clothing
2021-06-11,594.0857142857143,1293.7285714285715,165.14714285714285,563.9,False,Clothing
2021-06-12,585.6964285714286,1293.482142857143,165.09178571428572,557.75,False,Clothing
2021-06-13,577.3071428571429,1293.2357142857143,165.03642857142856,551.6,False,Clothing
2021-06-14,568.9178571428572,1292.9892857142856,164.98107142857143,545.45,False,Clothing
2021-06-15,560.5285714285715,1292.7428571428572,164.9257142857143,539.3,False,Clothing
2021-06-16,552.1392857142857,1292.4964285714286,164.87035714285713,533.15,False,Clothing
2021-06-17,543.75,1292.25,164.815,527.0,False,Clothing
2021-06-18,535.3607142857143,1292.0035714285714,164.75964285714286,520.85,False,Clothing
2021-06-19,526.9714285714285,1291.7571428571428,164.7042857142857,514.7,False,Clothing
2021-06-20,518.5821428571429,1291.5107142857144,164.64892857142857,508.55,False,Clothing
2021-06-21,510.1928571428572,1291.2642857142857,164.59357142857144,502.4,False,Clothing
2021-06-22,501.80357142857144,1291.017857142857,164.53821428571428,496.25,False,Clothing
2021-06-23,493.4142857142857,1290.7714285714285,164.48285714285714,490.1,False,Clothing
2021-06-24,485.025,1290.525,164.4275,483.95,False,Clothing
2021-06-25,476.6357142857143,1290.2785714285715,164.37214285714285,477.79999999999995,False,Clothing
2021-06-26,468.24642857142857,1290.0321428571428,164.31678571428571,471.65,False,Clothing
2021-06-27,459.8571428571429,1289.7857142857142,164.26142857142855,465.5,False,Clothing
2021-06-28,451.46785714285716,1289.5392857142856,164.20607142857142,459.35,False,Clothing
2021-06-29,443.0785714285714,1289.2928571428572,164.1507142857143,453.2,False,Clothing
2021-06-30,434.6892857142857,1289.0464285714286,164.09535714285713,447.04999999999995,False,Clothing
2021-07-01,426.3,1288.8,164.04,440.9,False,Clothing
2021-07-02,456.02,1290.42,164.149,462.59999999999997,False,Clothing
2021-07-03,485.74,1292.04,164.25799999999998,484.29999999999995,False,Clothing
2021-07-04,515.46,1293.6599999999999,164.367,506.0,False,Clothing
2021-07-05,545.1800000000001,1295.28,164.476,527.6999999999999,False,Clothing
2021-07-06,574.9,1296.9,164.58499999999998,549.4,False,Clothing
2021-07-07,604.62,1298.52,164.694,571.0999999999999,False,Clothing
2021-07-08,634.34,1300.1399999999999,164.803,592.8,False,Clothing
2021-07-09,664.06,1301.76,164.912,614.5,False,Clothing
2021-07-10,693.78,1303.38,165.021,636.1999999999999,False,Clothing
2021-07-11,723.5,1305.0,165.13,657.9,True,Clothing
2021-07-12,689.27,1305.03,165.552,628.48,False,Clothing
2021-07-13,655.04,1305.06,165.974,599.06,False,Clothing
2021-07-14,620.81,1305.09,166.396,569.64,False,Clothing
2021-07-15,586.5799999999999,1305.12,166.81799999999998,540.22,False,Clothing
2021-07-16,552.3499999999999,1305.15,167.24,510.79999999999995,False,Clothing
2021-07-17,518.12,1305.18,167.662,481.38,False,Clothing
2021-07-18,483.89,1305.21,168.084,451.96,False,Clothing
2021-07-19,449.65999999999997,1305.24,168.506,422.53999999999996,False,Clothing
2021-07-20,415.42999999999995,1305.27,168.928,393.12,False,Clothing
2021-07-21,381.2,1305.3,169.35,363.7,False,Clothing
2021-07-22,392.0875,1302.5874999999999,168.91,375.4,False,Clothing
2021-07-23,402.975,1299.875,168.47,387.1,False,Clothing
2021-07-24,413.8625,1297.1625,168.03,398.8,False,Clothing
2021-07-25,424.75,1294.4499999999998,167.59,410.5,False,Clothing
2021-07-26,435.6375,1291.7375,167.15,422.2,False,Clothing
2021-07-27,446.525,1289.0249999999999,166.71,433.9,False,Clothing
2021-07-28,457.4125,1286.3125,166.27,445.6,False,Clothing
2021-07-29,468.3,1283.6,165.83,457.3,False,Clothing
2021-07-30,468.2608695652174,1282.8,165.85304347826087,456.1217391304348,False,Clothing
2021-07-31,468.2217391304348,1282.0,165.87608695652176,454.9434782608696,False,Clothing
2021-08-01,468.18260869565216,1281.1999999999998,165.89913043478262,453.76521739130436,False,Clothing
2021-08-02,468.1434782608696,1280.3999999999999,165.92217391304348,452.5869565217391,False,Clothing
2021-08-03,468.10434782608695,1279.6,165.94521739130437,451.40869565217395,False,Clothing
2021-08-04,468.0652173913044,1278.8,165.96826086956523,450.2304347826087,False,Clothing
2021-08-05,468.02608695652174,1278.0,165.9913043478261,449.0521739130435,False,Clothing
2021-08-06,467.9869565217391,1277.2,166.01434782608698,447.87391304347824,False,Clothing
2021-08-07,467.9478260869565,1276.3999999999999,166.03739130434784,446.69565217391306,False,Clothing
2021-08-08,467.9086956521739,1275.6,166.0604347826087,445.5173913043478,False,Clothing
2021-08-09,467.8695652173913,1274.8,166.08347826086958,444.3391304347826,False,Clothing
2021-08-10,467.8304347826087,1274.0,166.10652173913044,443.1608695652174,False,Clothing
2021-08-11,467.7913043478261,1273.2,166.12956521739133,441.9826086956522,False,Clothing
2021-08-12,467.75217391304346,1272.4,166.1526086956522,440.80434782608694,False,Clothing
2021-08-13,467.7130434782609,1271.6,166.17565217391305,439.62608695652176,False,Clothing
2021-08-14,467.67391304347825,1270.8,166.19869565217394,438.4478260869565,False,Clothing
2021-08-15,467.6347826086956,1270.0,166.2217391304348,437.2695652173913,False,Clothing
2021-08-16,467.59565217391304,1269.2,166.24478260869566,436.09130434782605,False,Clothing
2021-08-17,467.5565217391304,1268.4,166.26782608695655,434.9130434782609,False,Clothing
2021-08-18,467.5173913043478,1267.6000000000001,166.2908695652174,433.73478260869564,False,Clothing
2021-08-19,467.4782608695652,1266.8,166.31391304347827,432.5565217391304,False,Clothing
2021-08-20,467.4391304347826,1266.0,166.33695652173915,431.3782608695652,False,Clothing
2021-08-21,467.4,1265.2,166.36,430.2,False,Clothing
2021-08-22,467.3176470588235,1266.5058823529412,166.48176470588237,431.74117647058824,False,Clothing
2021-08-23,467.235294117647,1267.8117647058823,166.60352941176473,433.28235294117644,False,Clothing
2021-08-24,467.15294117647056,1269.1176470588236,166.72529411764708,434.8235294117647,False,Clothing
2021-08-25,467.0705882352941,1270.4235294117648,166.84705882352944,436.36470588235295,False,Clothing
2021-08-26,466.98823529411766,1271.729411764706,166.96882352941176,437.90588235294115,False,Clothing
2021-08-27,466.90588235294115,1273.035294117647,167.09058823529412,439.4470588235294,False,Clothing
2021-08-28,466.8235294117647,1274.3411764705884,167.21235294117648,440.98823529411766,False,Clothing
2021-08-29,466.74117647058824,1275.6470588235295,167.33411764705883,442.52941176470586,False,Clothing
2021-08-30,466.65882352941173,1276.9529411764706,167.4558823529412,444.0705882352941,False,Clothing
2021-08-31,466.5764705882353,1278.2588235294118,167.57764705882354,445.61176470588236,False,Clothing
2021-09-01,466.49411764705883,1279.564705882353,167.6994117647059,447.15294117647056,False,Clothing
2021-09-02,466.4117647058823,1280.8705882352942,167.82117647058826,448.6941176470588,False,Clothing
2021-09-03,466.32941176470587,1282.1764705882354,167.94294117647058,450.235294117647,False,Clothing
2021-09-04,466.2470588235294,1283.4823529411765,168.06470588235294,451.77647058823527,False,Clothing
2021-09-05,466.16470588235296,1284.7882352941178,168.1864705882353,453.3176470588235,False,Clothing
2021-09-06,466.08235294117645,1286.094117647059,168.30823529411765,454.8588235294117,False,Clothing
2021-09-07,466.0,1287.4,168.43,456.4,False,Clothing
2021-09-08,460.9230769230769,1291.7846153846156,168.84692307692308,453.0461538461538,False,Clothing
2021-09-09,455.84615384615387,1296.1692307692308,169.26384615384615,449.6923076923077,False,Clothing
2021-09-10,450.7692307692308,1300.5538461538463,169.68076923076924,446.3384615384615,False,Clothing
2021-09-11,445.6923076923077,1304.9384615384615,170.0976923076923,442.9846153846154,False,Clothing
2021-09-12,440.61538461538464,1309.323076923077,170.51461538461538,439.6307692307692,False,Clothing
2021-09-13,435.53846153846155,1313.7076923076925,170.93153846153845,436.2769230769231,False,Clothing
2021-09-14,430.46153846153845,1318.0923076923077,171.34846153846155,432.9230769230769,False,Clothing
2021-09-15,425.38461538461536,1322.4769230769232,171.76538461538462,429.5692307692308,False,Clothing
2021-09-16,420.3076923076923,1326.8615384615387,172.1823076923077,426.2153846153846,False,Clothing
2021-09-17,415.2307692307692,1331.246153846154,172.59923076923076,422.8615384615385,False,Clothing
2021-09-18,410.1538461538462,1335.6307692307694,173.01615384615386,419.5076923076923,False,Clothing
2021-09-19,405.0769230769231,1340.0153846153846,173.43307692307692,416.1538461538462,False,Clothing
2021-09-20,400.0,1344.4,173.85,412.8,False,Clothing
2021-09-21,409.0,1342.7857142857144,173.6042857142857,414.04285714285714,False,Clothing
2021-09-22,418.0,1341.1714285714286,173.35857142857142,415.2857142857143,False,Clothing
2021-09-23,427.0,1339.557142857143,173.11285714285714,416.5285714285714,False,Clothing
2021-09-24,436.0,1337.942857142857,172.86714285714285,417.7714285714286,False,Clothing
2021-09-25,445.0,1336.3285714285714,172.62142857142857,419.01428571428573,False,Clothing
2021-09-26,454.0,1334.7142857142856,172.37571428571428,420.25714285714287,False,Clothing
2021-09-27,463.0,1333.1,172.13,421.5,False,Clothing
2021-09-28,464.0409090909091,1332.1499999999999,172.0518181818182,424.8636363636364,False,Clothing
2021-09-29,465.08181818181816,1331.1999999999998,171.97363636363636,428.22727272727275,False,Clothing
2021-09-30,466.1227272727273,1330.25,171.89545454545453,431.59090909090907,False,Clothing
2021-10-01,467.1636363636364,1329.3,171.81727272727272,434.95454545454544,False,Clothing
2021-10-02,468.20454545454544,1328.35,171.73909090909092,438.3181818181818,False,Clothing
2021-10-03,469.24545454545455,1327.3999999999999,171.6609090909091,441.6818181818182,False,Clothing
2021-10-04,470.2863636363636,1326.45,171.58272727272725,445.04545454545456,False,Clothing
2021-10-05,471.3272727272727,1325.5,171.50454545454545,448.40909090909093,False,Clothing
2021-10-06,472.3681818181818,1324.55,171.42636363636365,451.77272727272725,False,Clothing
2021-10-07,473.4090909090909,1323.6,171.3481818181818,455.1363636363636,False,Clothing
2021-10-08,474.45,1322.65,171.26999999999998,458.5,False,Clothing
2021-10-09,475.4909090909091,1321.7,171.19181818181818,461.8636363636364,False,Clothing
2021-10-10,476.53181818181815,1320.75,171.11363636363637,465.22727272727275,False,Clothing
2021-10-11,477.57272727272726,1319.8,171.03545454545454,468.5909090909091,False,Clothing
2021-10-12,478.6136363636364,1318.85,170.9572727272727,471.95454545454544,False,Clothing
2021-10-13,479.6545454545454,1317.9,170.8790909090909,475.3181818181818,False,Clothing
2021-10-14,480.69545454545454,1316.95,170.8009090909091,478.6818181818182,False,Clothing
2021-10-15,481.7363636363636,1316.0,170.72272727272727,482.04545454545456,False,Clothing
2021-10-16,482.7772727272727,1315.05,170.64454545454544,485.40909090909093,False,Clothing
2021-10-17,483.8181818181818,1314.1000000000001,170.56636363636363,488.77272727272725,False,Clothing
2021-10-18,484.85909090909087,1313.15,170.48818181818183,492.1363636363636,False,Clothing
2021-10-19,485.9,1312.2,170.41,495.5,False,Clothing
2021-10-20,485.23749999999995,1314.0625,170.62125,487.7875,False,Clothing
2021-10-21,484.575,1315.925,170.83249999999998,480.075,False,Clothing
2021-10-22,483.9125,1317.7875,171.04375,472.3625,False,Clothing
2021-10-23,483.25,1319.65,171.255,464.65,False,Clothing
2021-10-24,482.5875,1321.5125,171.46625,456.9375,False,Clothing
2021-10-25,481.925,1323.375,171.6775,449.225,False,Clothing
2021-10-26,481.26250000000005,1325.2375,171.88875,441.5125,False,Clothing
2021-10-27,480.6,1327.1,172.1,433.8,False,Clothing
2021-10-28,488.73333333333335,1324.0,171.70333333333332,462.2,False,Clothing
2021-10-29,496.8666666666667,1320.8999999999999,171.30666666666667,490.6,False,Clothing
2021-10-30,505.0,1317.8,170.91,519.0,False,Clothing
2021-10-31,512.3441176470589,1316.9529411764706,170.84088235294118,526.3676470588235,False,Clothing
2021-11-01,519.6882352941177,1316.105882352941,170.77176470588236,533.7352941176471,False,Clothing
2021-11-02,527.0323529411764,1315.2588235294118,170.70264705882352,541.1029411764706,False,Clothing
2021-11-03,534.3764705882353,1314.4117647058822,170.6335294117647,548.4705882352941,False,Clothing
2021-11-04,541.7205882352941,1313.5647058823529,170.56441176470588,555.8382352941177,False,Clothing
2021-11-05,549.064705882353,1312.7176470588236,170.49529411764706,563.2058823529412,False,Clothing
2021-11-06,556.4088235294117,1311.870588235294,170.42617647058825,570.5735294117648,False,Clothing
2021-11-07,563.7529411764706,1311.0235294117647,170.3570588235294,577.9411764705883,False,Clothing
2021-11-08,571.0970588235294,1310.1764705882354,170.28794117647058,585.3088235294117,False,Clothing
2021-11-09,578.4411764705883,1309.3294117647058,170.21882352941176,592.6764705882352,False,Clothing
2021-11-10,585.785294117647,1308.4823529411765,170.14970588235295,600.0441176470588,False,Clothing
2021-11-11,593.1294117647059,1307.635294117647,170.08058823529413,607.4117647058823,False,Clothing
2021-11-12,600.4735294117647,1306.7882352941176,170.01147058823528,614.7794117647059,False,Clothing
2021-11-13,607.8176470588236,1305.9411764705883,169.94235294117647,622.1470588235294,False,Clothing
2021-11-14,615.1617647058824,1305.0941176470587,169.87323529411765,629.5147058823529,False,Clothing
2021-11-15,622.5058823529412,1304.2470588235294,169.80411764705883,636.8823529411765,False,Clothing
2021-11-16,629.85,1303.4,169.735,644.25,False,Clothing
2021-11-17,637.1941176470589,1302.5529411764705,169.66588235294117,651.6176470588235,False,Clothing
2021-11-18,644.5382352941176,1301.7058823529412,169.59676470588235,658.9852941176471,False,Clothing
2021-11-19,651.8823529411765,1300.8588235294117,169.52764705882353,666.3529411764706,False,Clothing
2021-11-20,659.2264705882353,1300.0117647058823,169.45852941176472,673.7205882352941,False,Clothing
2021-11-21,666.5705882352942,1299.164705882353,169.38941176470587,681.0882352941176,False,Clothing
2021-11-22,673.914705882353,1298.3176470588235,169.32029411764705,688.4558823529412,False,Clothing
2021-11-23,681.2588235294118,1297.4705882352941,169.25117647058823,695.8235294117646,False,Clothing
2021-11-24,688.6029411764706,1296.6235294117646,169.18205882352942,703.1911764705883,False,Clothing
2021-11-25,695.9470588235295,1295.7764705882353,169.1129411764706,710.5588235294117,False,Clothing
2021-11-26,703.2911764705883,1294.929411764706,169.04382352941175,717.9264705882352,False,Clothing
2021-11-27,710.6352941176472,1294.0823529411764,168.97470588235294,725.2941176470588,False,Clothing
2021-11-28,717.9794117647059,1293.235294117647,168.90558823529412,732.6617647058823,False,Clothing
2021-11-29,725.3235294117648,1292.3882352941177,168.8364705882353,740.0294117647059,False,Clothing
2021-11-30,732.6676470588236,1291.5411764705882,168.76735294117648,747.3970588235294,False,Clothing
2021-12-01,740.0117647058823,1290.6941176470589,168.69823529411764,754.7647058823529,False,Clothing
2021-12-02,747.3558823529412,1289.8470588235293,168.62911764705882,762.1323529411765,False,Clothing
2021-12-03,754.7,1289.0,168.56,769.5,True,Clothing
2021-12-04,693.325,1287.9,167.9325,697.575,False,Clothing
2021-12-05,631.95,1286.8,167.305,625.65,False,Clothing
2021-12-06,570.575,1285.6999999999998,166.6775,553.725,False,Clothing
2021-12-07,509.2,1284.6,166.05,481.8,False,Clothing
2021-12-08,562.7,1304.55,169.41000000000003,533.6,False,Clothing
2021-12-09,616.2,1324.5,172.77,585.4,True,Clothing
2021-12-10,561.3,1314.8,171.575,549.0999999999999,False,Clothing
2021-12-11,506.4,1305.1,170.38,512.8,False,Clothing
2021-12-12,499.59999999999997,1308.3555555555554,170.15777777777777,507.51111111111106,False,Clothing
2021-12-13,492.79999999999995,1311.611111111111,169.93555555555554,502.2222222222222,False,Clothing
2021-12-14,486.0,1314.8666666666666,169.71333333333334,496.9333333333333,False,Clothing
2021-12-15,479.2,1318.1222222222223,169.4911111111111,491.6444444444444,False,Clothing
2021-12-16,472.4,1321.3777777777777,169.26888888888888,486.35555555555555,False,Clothing
2021-12-17,465.59999999999997,1324.6333333333334,169.04666666666665,481.06666666666666,False,Clothing
2021-12-18,458.79999999999995,1327.888888888889,168.82444444444445,475.77777777777777,False,Clothing
2021-12-19,452.0,1331.1444444444446,168.60222222222222,470.4888888888889,False,Clothing
2021-12-20,445.2,1334.4,168.38,465.2,False,Clothing
2021-12-21,472.2333333333333,1323.8333333333335,167.58666666666667,475.56666666666666,False,Clothing
2021-12-22,499.26666666666665,1313.2666666666667,166.79333333333332,485.93333333333334,False,Clothing
2021-12-23,526.3,1302.7,166.0,496.3,False,Clothing
2021-12-24,510.46,1306.6000000000001,166.452,481.46000000000004,False,Clothing
2021-12-25,494.62,1310.5,166.904,466.62,False,Clothing
2021-12-26,478.78,1314.4,167.356,451.78000000000003,False,Clothing
2021-12-27,462.94,1318.3,167.808,436.94,False,Clothing
2021-12-28,447.1,1322.2,168.26,422.1,False,Clothing
2021-12-29,458.0,1317.9666666666667,167.28,440.23333333333335,False,Clothing
2021-12-30,468.90000000000003,1313.7333333333333,166.29999999999998,458.3666666666667,False,Clothing
2021-12-31,479.8,1309.5,165.32,476.5,False,Clothing
2022-01-01,490.7,1305.2666666666667,164.34,494.6333333333333,False,Clothing
2022-01-02,501.6,1301.0333333333333,163.35999999999999,512.7666666666667,False,Clothing
2022-01-03,512.5,1296.8,162.38,530.9,False,Clothing
2022-01-04,508.6666666666667,1303.3166666666666,163.16333333333333,522.2333333333333,False,Clothing
2022-01-05,504.8333333333333,1309.8333333333333,163.94666666666666,513.5666666666666,False,Clothing
2022-01-06,501.0,1316.35,164.73000000000002,504.9,False,Clothing
2022-01-07,497.1666666666667,1322.8666666666668,165.51333333333335,496.2333333333333,False,Clothing
2022-01-08,493.3333333333333,1329.3833333333334,166.29666666666668,487.56666666666666,False,Clothing
2022-01-09,489.5,1335.9,167.08,478.9,False,Clothing
2022-01-10,489.26666666666665,1336.0238095238096,167.4561904761905,478.51904761904757,False,Clothing
2022-01-11,489.03333333333336,1336.1476190476192,167.83238095238096,478.1380952380952,False,Clothing
2022-01-12,488.8,1336.2714285714287,168.20857142857145,477.7571428571428,False,Clothing
2022-01-13,488.56666666666666,1336.3952380952383,168.5847619047619,477.37619047619046,False,Clothing
2022-01-14,488.3333333333333,1336.5190476190478,168.9609523809524,476.99523809523805,False,Clothing
2022-01-15,488.1,1336.642857142857,169.33714285714285,476.6142857142857,False,Clothing
2022-01-16,487.8666666666667,1336.7666666666667,169.71333333333334,476.2333333333333,False,Clothing
2022-01-17,487.6333333333333,1336.8904761904762,170.08952380952383,475.85238095238094,False,Clothing
2022-01-18,487.40000000000003,1337.0142857142857,170.46571428571428,475.47142857142853,False,Clothing
2022-01-19,487.1666666666667,1337.1380952380953,170.84190476190477,475.0904761904762,False,Clothing
2022-01-20,486.93333333333334,1337.2619047619048,171.21809523809523,474.7095238095238,False,Clothing
2022-01-21,486.7,1337.3857142857144,171.59428571428572,474.3285714285714,False,Clothing
2022-01-22,486.4666666666667,1337.509523809524,171.97047619047618,473.947619047619,False,Clothing
2022-01-23,486.23333333333335,1337.6333333333334,172.34666666666666,473.56666666666666,False,Clothing
2022-01-24,486.0,1337.757142857143,172.72285714285715,473.18571428571425,False,Clothing
2022-01-25,485.7666666666667,1337.8809523809523,173.0990476190476,472.8047619047619,False,Clothing
2022-01-26,485.53333333333336,1338.0047619047618,173.4752380952381,472.4238095238095,False,Clothing
2022-01-27,485.3,1338.1285714285714,173.85142857142856,472.04285714285714,False,Clothing
2022-01-28,485.06666666666666,1338.252380952381,174.22761904761904,471.66190476190474,False,Clothing
2022-01-29,484.83333333333337,1338.3761904761905,174.6038095238095,471.2809523809524,False,Clothing
2022-01-30,484.6,1338.5,174.98,470.9,False,Clothing
2022-01-31,419.2,1353.0,171.59,404.5,False,Clothing
2022-02-01,428.1666666666667,1352.8,172.33333333333334,407.3333333333333,False,Clothing
2022-02-02,437.1333333333333,1352.6000000000001,173.07666666666665,410.1666666666667,False,Clothing
2022-02-03,446.1,1352.4,173.82,413.0,False,Clothing
2022-02-04,465.73333333333335,1347.3,173.89333333333332,443.53333333333336,False,Clothing
2022-02-05,485.3666666666667,1342.2,173.96666666666667,474.06666666666666,False,Clothing
2022-02-06,505.0,1337.1,174.04,504.6,False,Clothing
2022-02-07,494.65,1335.9166666666665,173.21833333333333,494.53333333333336,False,Clothing
2022-02-08,484.3,1334.7333333333333,172.39666666666668,484.4666666666667,False,Clothing
2022-02-09,473.95,1333.55,171.575,474.4,False,Clothing
2022-02-10,463.59999999999997,1332.3666666666666,170.75333333333333,464.3333333333333,False,Clothing
2022-02-11,453.25,1331.1833333333334,169.93166666666667,454.26666666666665,False,Clothing
2022-02-12,442.9,1330.0,169.11,444.2,False,Clothing
2022-02-13,451.02,1325.42,168.632,453.34,False,Clothing
2022-02-14,459.14,1320.84,168.154,462.47999999999996,False,Clothing
2022-02-15,467.26,1316.26,167.67600000000002,471.62,False,Clothing
2022-02-16,475.38,1311.6799999999998,167.198,480.76,False,Clothing
2022-02-17,483.5,1307.1,166.72,489.9,False,Clothing
2022-02-18,475.35,1308.05,167.31,460.75,False,Clothing
2022-02-19,467.2,1309.0,167.9,431.6,False,Clothing
2022-02-20,449.75,1312.6,172.235,417.15,False,Clothing
2022-02-21,432.3,1316.2,176.57,402.7,False,Clothing
2022-02-22,432.2166666666667,1317.375,175.97916666666666,401.65,False,Clothing
2022-02-23,432.1333333333333,1318.55,175.38833333333332,400.6,False,Clothing
2022-02-24,432.05,1319.725,174.79749999999999,399.55,False,Clothing
2022-02-25,431.9666666666667,1320.9,174.20666666666665,398.5,False,Clothing
2022-02-26,431.8833333333333,1322.075,173.6158333333333,397.45,False,Clothing
2022-02-27,431.8,1323.25,173.02499999999998,396.4,False,Clothing
2022-02-28,431.7166666666667,1324.425,172.43416666666667,395.35,False,Clothing
2022-03-01,431.6333333333333,1325.6,171.84333333333333,394.3,False,Clothing
2022-03-02,431.55,1326.775,171.2525,393.25,False,Clothing
2022-03-03,431.4666666666667,1327.95,170.66166666666666,392.20000000000005,False,Clothing
2022-03-04,431.3833333333333,1329.125,170.07083333333333,391.15000000000003,False,Clothing
2022-03-05,431.3,1330.3,169.48,390.1,False,Clothing
2022-03-06,442.1,1327.96,169.64,409.6,False,Clothing
2022-03-07,452.90000000000003,1325.62,169.79999999999998,429.1,False,Clothing
2022-03-08,463.70000000000005,1323.28,169.96,448.6,False,Clothing
2022-03-09,474.5,1320.9399999999998,170.12,468.1,False,Clothing
2022-03-10,485.3,1318.6,170.28,487.6,False,Clothing
2022-03-11,464.0,1325.8249999999998,170.39249999999998,465.675,False,Clothing
2022-03-12,442.70000000000005,1333.05,170.505,443.75,False,Clothing
2022-03-13,421.40000000000003,1340.275,170.6175,421.825,False,Clothing
2022-03-14,400.1,1347.5,170.73,399.9,False,Clothing
2022-03-15,430.1666666666667,1340.7666666666667,171.12333333333333,426.5,False,Clothing
2022-03-16,460.23333333333335,1334.0333333333333,171.51666666666665,453.09999999999997,False,Clothing
2022-03-17,490.3,1327.3,171.91,479.7,False,Clothing
2022-03-18,469.35,1333.6,170.095,462.5,False,Clothing
2022-03-19,448.4,1339.9,168.28,445.3,False,Clothing
2022-03-20,453.77142857142854,1337.6857142857143,168.7357142857143,451.54285714285714,False,Clothing
2022-03-21,459.1428571428571,1335.4714285714288,169.19142857142856,457.7857142857143,False,Clothing
2022-03-22,464.5142857142857,1333.257142857143,169.64714285714285,464.0285714285714,False,Clothing
2022-03-23,469.8857142857143,1331.0428571428572,170.10285714285715,470.2714285714286,False,Clothing
2022-03-24,475.25714285714287,1328.8285714285714,170.55857142857144,476.51428571428573,False,Clothing
2022-03-25,480.62857142857143,1326.6142857142859,171.0142857142857,482.75714285714287,False,Clothing
2022-03-26,486.0,1324.4,171.47,489.0,False,Clothing
2022-03-27,454.65,1333.95,171.035,455.0,False,Clothing
2022-03-28,423.3,1343.5,170.6,421.0,False,Clothing
2022-03-29,447.99,1343.93,170.709,1057.6,False,Clothing
2022-03-30,472.68,1344.36,170.81799999999998,1694.2,False,Clothing
2022-03-31,497.37,1344.79,170.927,2330.8,False,Clothing
2022-04-01,522.0600000000001,1345.22,171.036,2967.4,False,Clothing
2022-04-02,546.75,1345.65,171.14499999999998,3604.0,False,Clothing
2022-04-03,571.44,1346.08,171.254,4240.6,False,Clothing
2022-04-04,596.1300000000001,1346.51,171.363,4877.2,False,Clothing
2022-04-05,620.82,1346.94,171.472,5513.8,False,Clothing
2022-04-06,645.51,1347.37,171.581,6150.400000000001,False,Clothing
2022-04-07,670.2,1347.8,171.69,6787.0,True,Clothing
2022-04-08,605.9000000000001,1352.85,169.3975,5192.45,False,Clothing
2022-04-09,541.6,1357.9,167.10500000000002,3597.9,False,Clothing
2022-04-10,477.3,1362.95,164.8125,2003.3500000000004,False,Clothing
2022-04-11,413.0,1368.0,162.52,408.8,False,Clothing
2022-04-12,412.4266666666667,1370.7266666666667,162.798,409.62,False,Clothing
2022-04-13,411.85333333333335,1373.4533333333334,163.07600000000002,410.44,False,Clothing
2022-04-14,411.28,1376.18,163.354,411.26,False,Clothing
2022-04-15,410.70666666666665,1378.9066666666668,163.632,412.08000000000004,False,Clothing
2022-04-16,410.1333333333333,1381.6333333333334,163.91,412.90000000000003,False,Clothing
2022-04-17,409.56,1384.3600000000001,164.18800000000002,413.72,False,Clothing
2022-04-18,408.9866666666667,1387.0866666666668,164.466,414.54,False,Clothing
2022-04-19,408.4133333333333,1389.8133333333333,164.744,415.36,False,Clothing
2022-04-20,407.84,1392.54,165.022,416.18,False,Clothing
2022-04-21,407.26666666666665,1395.2666666666667,165.3,417.0,False,Clothing
2022-04-22,406.6933333333333,1397.9933333333333,165.578,417.82,False,Clothing
2022-04-23,406.12,1400.72,165.856,418.64000000000004,False,Clothing
2022-04-24,405.5466666666666,1403.4466666666667,166.134,419.46000000000004,False,Clothing
2022-04-25,404.9733333333333,1406.1733333333334,166.412,420.28000000000003,False,Clothing
2022-04-26,404.4,1408.9,166.69,421.1,False,Clothing
2022-04-27,407.09999999999997,1409.6823529411765,166.88647058823528,422.57058823529417,False,Clothing
2022-04-28,409.79999999999995,1410.464705882353,167.0829411764706,424.04117647058825,False,Clothing
2022-04-29,412.5,1411.2470588235294,167.27941176470588,425.5117647058824,False,Clothing
2022-04-30,415.2,1412.0294117647059,167.47588235294117,426.9823529411765,False,Clothing
2022-05-01,417.9,1412.8117647058825,167.67235294117646,428.45294117647063,False,Clothing
2022-05-02,420.59999999999997,1413.594117647059,167.86882352941177,429.9235294117647,False,Clothing
2022-05-03,423.3,1414.3764705882354,168.06529411764706,431.39411764705886,False,Clothing
2022-05-04,426.0,1415.1588235294118,168.26176470588234,432.86470588235295,False,Clothing
2022-05-05,428.7,1415.9411764705883,168.45823529411766,434.3352941176471,False,Clothing
2022-05-06,431.4,1416.7235294117647,168.65470588235294,435.8058823529412,False,Clothing
2022-05-07,434.1,1417.5058823529412,168.85117647058823,437.2764705882353,False,Clothing
2022-05-08,436.8,1418.2882352941176,169.04764705882354,438.7470588235294,False,Clothing
2022-05-09,439.5,1419.0705882352943,169.24411764705883,440.21764705882356,False,Clothing
2022-05-10,442.2,1419.8529411764707,169.44058823529411,441.68823529411765,False,Clothing
2022-05-11,444.9,1420.6352941176472,169.6370588235294,443.1588235294118,False,Clothing
2022-05-12,447.6,1421.4176470588236,169.83352941176472,444.6294117647059,False,Clothing
2022-05-13,450.3,1422.2,170.03,446.1,False,Clothing
2022-05-14,447.6545454545455,1423.490909090909,170.01272727272726,442.8636363636364,False,Clothing
2022-05-15,445.0090909090909,1424.7818181818182,169.99545454545455,439.6272727272727,False,Clothing
2022-05-16,442.3636363636364,1426.0727272727274,169.9781818181818,436.39090909090913,False,Clothing
2022-05-17,439.71818181818185,1427.3636363636365,169.9609090909091,433.1545454545455,False,Clothing
2022-05-18,437.07272727272726,1428.6545454545455,169.94363636363636,429.91818181818184,False,Clothing
2022-05-19,434.42727272727274,1429.9454545454546,169.92636363636365,426.6818181818182,False,Clothing
2022-05-20,431.78181818181815,1431.2363636363636,169.9090909090909,423.44545454545454,False,Clothing
2022-05-21,429.1363636363636,1432.5272727272727,169.8918181818182,420.2090909090909,False,Clothing
2022-05-22,426.4909090909091,1433.818181818182,169.87454545454545,416.9727272727273,False,Clothing
2022-05-23,423.8454545454545,1435.109090909091,169.85727272727274,413.73636363636365,False,Clothing
2022-05-24,421.2,1436.4,169.84,410.5,False,Clothing
2022-05-25,420.8777777777778,1435.2111111111112,170.4188888888889,413.2,False,Clothing
2022-05-26,420.55555555555554,1434.0222222222224,170.99777777777777,415.9,False,Clothing
2022-05-27,420.23333333333335,1432.8333333333335,171.57666666666668,418.6,False,Clothing
2022-05-28,419.9111111111111,1431.6444444444446,172.15555555555557,421.3,False,Clothing
2022-05-29,419.5888888888889,1430.4555555555555,172.73444444444445,424.0,False,Clothing
2022-05-30,419.26666666666665,1429.2666666666667,173.31333333333333,426.7,False,Clothing
2022-05-31,418.94444444444446,1428.0777777777778,173.89222222222224,429.4,False,Clothing
2022-06-01,418.6222222222222,1426.888888888889,174.47111111111113,432.1,False,Clothing
2022-06-02,418.3,1425.7,175.05,434.8,False,Clothing
2022-06-03,458.9,1381.35,174.97,477.4,False,Clothing
2022-06-04,499.5,1337.0,174.89,520.0,False,Clothing
2022-06-05,493.4,1343.4125,174.245625,513.60625,False,Clothing
2022-06-06,487.3,1349.825,173.60125,507.2125,False,Clothing
2022-06-07,481.2,1356.2375,172.956875,500.81875,False,Clothing
2022-06-08,475.1,1362.65,172.3125,494.425,False,Clothing
2022-06-09,469.0,1369.0625,171.668125,488.03125,False,Clothing
2022-06-10,462.9,1375.475,171.02375,481.6375,False,Clothing
2022-06-11,456.8,1381.8875,170.379375,475.24375,False,Clothing
2022-06-12,450.7,1388.3,169.735,468.85,False,Clothing
2022-06-13,444.59999999999997,1394.7124999999999,169.090625,462.45625,False,Clothing
2022-06-14,438.5,1401.125,168.44625,456.0625,False,Clothing
2022-06-15,432.4,1407.5375,167.801875,449.66875,False,Clothing
2022-06-16,426.29999999999995,1413.9499999999998,167.1575,443.275,False,Clothing
2022-06-17,420.2,1420.3625,166.513125,436.88125,False,Clothing
2022-06-18,414.09999999999997,1426.7749999999999,165.86875,430.48749999999995,False,Clothing
2022-06-19,408.0,1433.1875,165.224375,424.09375,False,Clothing
2022-06-20,401.9,1439.6,164.58,417.7,False,Clothing
2022-06-21,406.75,1438.02,165.54700000000003,422.09,False,Clothing
2022-06-22,411.59999999999997,1436.4399999999998,166.514,426.48,False,Clothing
2022-06-23,416.45,1434.86,167.481,430.87,False,Clothing
2022-06-24,421.29999999999995,1433.28,168.448,435.26,False,Clothing
2022-06-25,426.15,1431.6999999999998,169.41500000000002,439.65,False,Clothing
2022-06-26,431.0,1430.12,170.382,444.04,False,Clothing
2022-06-27,435.84999999999997,1428.54,171.349,448.43,False,Clothing
2022-06-28,440.7,1426.96,172.316,452.82,False,Clothing
2022-06-29,445.54999999999995,1425.3799999999999,173.28300000000002,457.21000000000004,False,Clothing
2022-06-30,450.4,1423.8,174.25,461.6,False,Clothing
2022-07-01,460.3,1423.5,167.09,451.4,False,Clothing
2022-07-02,459.6608695652174,1402.4782608695652,167.32217391304349,450.4826086956522,False,Clothing
2022-07-03,459.0217391304348,1381.4565217391305,167.55434782608697,449.5652173913043,False,Clothing
2022-07-04,458.3826086956522,1360.4347826086957,167.78652173913045,448.6478260869565,False,Clothing
2022-07-05,457.74347826086955,1339.413043478261,168.0186956521739,447.73043478260865,False,Clothing
2022-07-06,457.10434782608695,1318.391304347826,168.25086956521739,446.81304347826085,False,Clothing
2022-07-07,456.46521739130435,1297.3695652173913,168.48304347826087,445.89565217391305,False,Clothing
2022-07-08,455.82608695652175,1276.3478260869565,168.71521739130435,444.9782608695652,False,Clothing
2022-07-09,455.18695652173915,1255.3260869565217,168.94739130434783,444.0608695652174,False,Clothing
2022-07-10,454.54782608695655,1234.304347826087,169.1795652173913,443.14347826086953,False,Clothing
2022-07-11,453.90869565217395,1213.2826086956522,169.4117391304348,442.2260869565217,False,Clothing
2022-07-12,453.26956521739135,1192.2608695652175,169.64391304347828,441.3086956521739,False,Clothing
2022-07-13,452.6304347826087,1171.2391304347825,169.87608695652173,440.39130434782606,False,Clothing
2022-07-14,451.9913043478261,1150.217391304348,170.1082608695652,439.47391304347826,False,Clothing
2022-07-15,451.3521739130435,1129.195652173913,170.3404347826087,438.55652173913046,False,Clothing
2022-07-16,450.7130434782609,1108.1739130434783,170.57260869565218,437.6391304347826,False,Clothing
2022-07-17,450.0739130434783,1087.1521739130435,170.80478260869566,436.7217391304348,False,Clothing
2022-07-18,449.4347826086957,1066.1304347826087,171.03695652173914,435.80434782608694,False,Clothing
2022-07-19,448.7956521739131,1045.108695652174,171.26913043478262,434.88695652173914,False,Clothing
2022-07-20,448.1565217391304,1024.086956521739,171.50130434782608,433.96956521739133,False,Clothing
2022-07-21,447.5173913043478,1003.0652173913044,171.73347826086956,433.0521739130435,False,Clothing
2022-07-22,446.8782608695652,982.0434782608696,171.96565217391304,432.1347826086957,False,Clothing
2022-07-23,446.2391304347826,961.0217391304348,172.19782608695652,431.2173913043478,False,Clothing
2022-07-24,445.6,940.0,172.43,430.3,False,Clothing
2022-07-25,444.8,936.6,170.29666666666668,430.8333333333333,False,Clothing
2022-07-26,444.0,933.1999999999999,168.16333333333333,431.3666666666667,False,Clothing
2022-07-27,443.2,929.8,166.03,431.9,False,Clothing
2022-07-28,447.2,1090.8999999999999,167.8,443.66666666666663,False,Clothing
2022-07-29,451.2,1252.0,169.57,455.43333333333334,False,Clothing
2022-07-30,455.2,1413.1,171.34,467.2,False,Clothing
2022-07-31,426.35,1419.5,171.22,442.29999999999995,False,Clothing
2022-08-01,397.5,1425.9,171.1,417.4,False,Clothing
2022-08-02,403.1777777777778,1377.4444444444446,170.8322222222222,417.55555555555554,False,Clothing
2022-08-03,408.85555555555555,1328.988888888889,170.56444444444443,417.7111111111111,False,Clothing
2022-08-04,414.53333333333336,1280.5333333333333,170.29666666666665,417.8666666666667,False,Clothing
2022-08-05,420.2111111111111,1232.0777777777778,170.02888888888887,418.02222222222224,False,Clothing
2022-08-06,425.8888888888889,1183.6222222222223,169.76111111111112,418.17777777777775,False,Clothing
2022-08-07,431.56666666666666,1135.1666666666667,169.49333333333334,418.3333333333333,False,Clothing
2022-08-08,437.24444444444447,1086.7111111111112,169.22555555555556,418.4888888888889,False,Clothing
2022-08-09,442.9222222222222,1038.2555555555555,168.95777777777778,418.64444444444445,False,Clothing
2022-08-10,448.6,989.8,168.69,418.8,False,Clothing
2022-08-11,490.8,980.9,173.24,459.2,False,Clothing
2022-08-12,516.3,1402.4,173.6,480.6,False,Clothing
2022-08-13,469.9,1418.85,173.59,460.25,False,Clothing
2022-08-14,423.5,1435.3,173.58,439.9,False,Clothing
2022-08-15,439.43333333333334,1432.8666666666666,172.06333333333333,437.59999999999997,False,Clothing
2022-08-16,455.3666666666667,1430.4333333333334,170.54666666666668,435.3,False,Clothing
2022-08-17,471.3,1428.0,169.03,433.0,False,Clothing
2022-08-18,473.73333333333335,1425.2,168.80866666666668,438.94666666666666,False,Clothing
2022-08-19,476.1666666666667,1422.4,168.58733333333333,444.8933333333333,False,Clothing
2022-08-20,478.6,1419.6,168.366,450.84000000000003,False,Clothing
2022-08-21,481.03333333333336,1416.8,168.14466666666667,456.7866666666667,False,Clothing
2022-08-22,483.4666666666667,1414.0,167.92333333333335,462.73333333333335,False,Clothing
2022-08-23,485.90000000000003,1411.2,167.702,468.68,False,Clothing
2022-08-24,488.33333333333337,1408.4,167.48066666666668,474.62666666666667,False,Clothing
2022-08-25,490.76666666666665,1405.6,167.25933333333333,480.5733333333334,False,Clothing
2022-08-26,493.2,1402.8,167.038,486.52000000000004,False,Clothing
2022-08-27,495.6333333333333,1400.0,166.81666666666666,492.4666666666667,False,Clothing
2022-08-28,498.06666666666666,1397.2,166.59533333333334,498.41333333333336,False,Clothing
2022-08-29,500.5,1394.4,166.374,504.36,False,Clothing
2022-08-30,502.93333333333334,1391.6,166.15266666666668,510.30666666666673,False,Clothing
2022-08-31,505.3666666666667,1388.8,165.93133333333333,516.2533333333333,False,Clothing
2022-09-01,507.8,1386.0,165.71,522.2,False,Clothing
2022-09-02,487.03333333333336,1389.4,166.24666666666667,499.0666666666667,False,Clothing
2022-09-03,466.26666666666665,1392.8,166.78333333333333,475.93333333333334,False,Clothing
2022-09-04,445.5,1396.2,167.32,452.8,False,Clothing
2022-09-05,455.87142857142857,1388.5,169.09428571428572,461.4857142857143,False,Clothing
2022-09-06,466.24285714285713,1380.8,170.8685714285714,470.1714285714286,False,Clothing
2022-09-07,476.61428571428576,1373.1,172.64285714285714,478.8571428571429,False,Clothing
2022-09-08,486.9857142857143,1365.4,174.41714285714286,487.54285714285714,False,Clothing
2022-09-09,497.3571428571429,1357.7,176.1914285714286,496.22857142857146,False,Clothing
2022-09-10,507.72857142857146,1350.0,177.96571428571428,504.9142857142857,False,Clothing
2022-09-11,518.1,1342.3,179.74,513.6,False,Clothing
2022-09-12,511.8125,1344.6625,178.185,505.0375,False,Clothing
2022-09-13,505.52500000000003,1347.025,176.63,496.475,False,Clothing
2022-09-14,499.2375,1349.3875,175.07500000000002,487.9125,False,Clothing
2022-09-15,492.95000000000005,1351.75,173.52,479.35,False,Clothing
2022-09-16,486.6625,1354.1125,171.965,470.7875,False,Clothing
2022-09-17,480.375,1356.475,170.41000000000003,462.225,False,Clothing
2022-09-18,474.08750000000003,1358.8375,168.85500000000002,453.6625,False,Clothing
2022-09-19,467.8,1361.2,167.3,445.1,False,Clothing
2022-09-20,483.15000000000003,1354.85,168.17000000000002,462.85,False,Clothing
2022-09-21,498.5,1348.5,169.04000000000002,480.6,False,Clothing
2022-09-22,513.85,1342.15,169.91,498.35,False,Clothing
2022-09-23,529.2,1335.8,170.78,516.1,False,Clothing
2022-09-24,513.22,1341.36,170.358,499.04,False,Clothing
2022-09-25,497.24,1346.9199999999998,169.936,481.98,False,Clothing
2022-09-26,481.26,1352.48,169.51399999999998,464.92,False,Clothing
2022-09-27,465.28000000000003,1358.04,169.09199999999998,447.86,False,Clothing
2022-09-28,449.3,1363.6,168.67,430.8,False,Clothing
2022-09-29,467.6333333333333,1356.9333333333332,169.23999999999998,452.26666666666665,False,Clothing
2022-09-30,485.9666666666667,1350.2666666666667,169.81,473.73333333333335,False,Clothing
2022-10-01,504.3,1343.6,170.38,495.2,False,Clothing
2022-10-02,506.875,1346.75,170.255,504.625,False,Clothing
2022-10-03,509.45000000000005,1349.9,170.13,514.05,False,Clothing
2022-10-04,512.025,1353.05,170.005,523.475,False,Clothing
2022-10-05,514.6,1356.2,169.88,532.9,False,Clothing
2022-10-06,509.20000000000005,1354.2,168.93,495.35,False,Clothing
2022-10-07,503.8,1352.2,167.98,457.8,False,Clothing
2022-10-08,501.40000000000003,1350.92,168.184,466.3,False,Clothing
2022-10-09,499.0,1349.64,168.388,474.8,False,Clothing
2022-10-10,496.6,1348.36,168.59199999999998,483.3,False,Clothing
2022-10-11,494.2,1347.08,168.796,491.8,False,Clothing
2022-10-12,491.8,1345.8,169.0,500.3,False,Clothing
2022-10-13,515.8,1335.9,169.31,515.0,False,Clothing
2022-10-14,539.8,1326.0,169.62,529.7,False,Clothing
2022-10-15,539.89,1300.125,169.9185,527.9300000000001,False,Clothing
2022-10-16,539.98,1274.25,170.217,526.1600000000001,False,Clothing
2022-10-17,540.0699999999999,1248.375,170.5155,524.39,False,Clothing
2022-10-18,540.16,1222.5,170.814,522.62,False,Clothing
2022-10-19,540.25,1196.625,171.1125,520.85,False,Clothing
2022-10-20,540.3399999999999,1170.75,171.411,519.08,False,Clothing
2022-10-21,540.43,1144.875,171.7095,517.3100000000001,False,Clothing
2022-10-22,540.52,1119.0,172.008,515.5400000000001,False,Clothing
2022-10-23,540.61,1093.125,172.3065,513.77,False,Clothing
2022-10-24,540.7,1067.25,172.60500000000002,512.0,False,Clothing
2022-10-25,540.79,1041.375,172.9035,510.23,False,Clothing
2022-10-26,540.88,1015.5,173.202,508.46000000000004,False,Clothing
2022-10-27,540.97,989.625,173.50050000000002,506.69,False,Clothing
2022-10-28,541.06,963.75,173.799,504.92,False,Clothing
2022-10-29,541.15,937.875,174.0975,503.15000000000003,False,Clothing
2022-10-30,541.24,912.0,174.39600000000002,501.38,False,Clothing
2022-10-31,541.33,886.125,174.6945,499.61,False,Clothing
2022-11-01,541.4200000000001,860.25,174.993,497.84000000000003,False,Clothing
2022-11-02,541.51,834.375,175.2915,496.07,False,Clothing
2022-11-03,541.6,808.5,175.59,494.3,False,Clothing
2022-11-04,525.3,1087.55,170.42000000000002,497.25,False,Clothing
2022-11-05,509.0,1366.6,165.25,500.2,False,Clothing
2022-11-06,516.175,1367.3999999999999,166.9475,510.0,False,Clothing
2022-11-07,523.35,1368.1999999999998,168.64499999999998,519.8,False,Clothing
2022-11-08,530.5250000000001,1369.0,170.3425,529.6,False,Clothing
2022-11-09,537.7,1369.8,172.04,539.4,False,Clothing
2022-11-10,536.1818181818182,1371.2318181818182,171.83863636363637,536.8227272727272,False,Clothing
2022-11-11,534.6636363636364,1372.6636363636362,171.63727272727272,534.2454545454545,False,Clothing
2022-11-12,533.1454545454546,1374.0954545454545,171.4359090909091,531.6681818181818,False,Clothing
2022-11-13,531.6272727272727,1375.5272727272727,171.23454545454544,529.0909090909091,False,Clothing
2022-11-14,530.1090909090909,1376.959090909091,171.03318181818182,526.5136363636364,False,Clothing
2022-11-15,528.5909090909091,1378.390909090909,170.8318181818182,523.9363636363636,False,Clothing
2022-11-16,527.0727272727273,1379.8227272727272,170.63045454545454,521.3590909090909,False,Clothing
2022-11-17,525.5545454545455,1381.2545454545455,170.42909090909092,518.7818181818182,False,Clothing
2022-11-18,524.0363636363637,1382.6863636363637,170.22772727272726,516.2045454545454,False,Clothing
2022-11-19,522.5181818181818,1384.1181818181817,170.02636363636364,513.6272727272727,False,Clothing
2022-11-20,521.0,1385.55,169.825,511.04999999999995,False,Clothing
2022-11-21,519.4818181818182,1386.9818181818182,169.62363636363636,508.47272727272724,False,Clothing
2022-11-22,517.9636363636364,1388.4136363636362,169.42227272727274,505.8954545454545,False,Clothing
2022-11-23,516.4454545454546,1389.8454545454545,169.2209090909091,503.3181818181818,False,Clothing
2022-11-24,514.9272727272728,1391.2772727272727,169.01954545454547,500.7409090909091,False,Clothing
2022-11-25,513.4090909090909,1392.709090909091,168.8181818181818,498.16363636363633,False,Clothing
2022-11-26,511.89090909090913,1394.140909090909,168.6168181818182,495.5863636363636,False,Clothing
2022-11-27,510.3727272727273,1395.5727272727272,168.41545454545457,493.0090909090909,False,Clothing
2022-11-28,508.8545454545455,1397.0045454545455,168.2140909090909,490.4318181818182,False,Clothing
2022-11-29,507.33636363636367,1398.4363636363637,168.0127272727273,487.8545454545455,False,Clothing
2022-11-30,505.8181818181818,1399.8681818181817,167.81136363636364,485.2772727272727,False,Clothing
2022-12-01,504.3,1401.3,167.61,482.7,False,Clothing
2022-12-02,512.1875,1398.05,168.23125000000002,491.75,False,Clothing
2022-12-03,520.075,1394.8,168.85250000000002,500.8,False,Clothing
2022-12-04,527.9625,1391.55,169.47375000000002,509.85,False,Clothing
2022-12-05,535.85,1388.3,170.09500000000003,518.9,False,Clothing
2022-12-06,543.7375,1385.05,170.71625,527.95,False,Clothing
2022-12-07,551.625,1381.8,171.3375,537.0,False,Clothing
2022-12-08,559.5124999999999,1378.55,171.95875,546.0500000000001,False,Clothing
2022-12-09,567.4,1375.3,172.58,555.1,False,Clothing
2022-12-10,571.5555555555555,1375.2388888888888,172.4988888888889,557.0944444444444,False,Clothing
2022-12-11,575.7111111111111,1375.1777777777777,172.4177777777778,559.088888888889,False,Clothing
2022-12-12,579.8666666666667,1375.1166666666666,172.33666666666667,561.0833333333334,False,Clothing
2022-12-13,584.0222222222222,1375.0555555555554,172.25555555555556,563.0777777777778,False,Clothing
2022-12-14,588.1777777777778,1374.9944444444445,172.17444444444445,565.0722222222222,False,Clothing
2022-12-15,592.3333333333334,1374.9333333333334,172.09333333333333,567.0666666666667,False,Clothing
2022-12-16,596.4888888888889,1374.8722222222223,172.01222222222222,569.0611111111111,False,Clothing
2022-12-17,600.6444444444445,1374.8111111111111,171.9311111111111,571.0555555555555,False,Clothing
2022-12-18,604.8,1374.75,171.85000000000002,573.05,False,Clothing
2022-12-19,608.9555555555555,1374.6888888888889,171.7688888888889,575.0444444444445,False,Clothing
2022-12-20,613.1111111111111,1374.6277777777777,171.6877777777778,577.0388888888889,False,Clothing
2022-12-21,617.2666666666667,1374.5666666666666,171.60666666666668,579.0333333333333,False,Clothing
2022-12-22,621.4222222222222,1374.5055555555555,171.52555555555557,581.0277777777778,False,Clothing
2022-12-23,625.5777777777778,1374.4444444444446,171.44444444444446,583.0222222222222,False,Clothing
2022-12-24,629.7333333333333,1374.3833333333334,171.36333333333334,585.0166666666667,False,Clothing
2022-12-25,633.8888888888889,1374.3222222222223,171.28222222222223,587.0111111111111,False,Clothing
2022-12-26,638.0444444444445,1374.2611111111112,171.20111111111112,589.0055555555556,False,Clothing
2022-12-27,642.2,1374.2,171.12,591.0,True,Clothing
2022-12-28,613.1,1375.7666666666667,170.22333333333333,571.7666666666667,False,Clothing
2022-12-29,584.0,1377.3333333333333,169.32666666666668,552.5333333333333,False,Clothing
2022-12-30,554.9000000000001,1378.9,168.43,533.3,False,Clothing
2022-12-31,525.8000000000001,1380.4666666666667,167.53333333333333,514.0666666666667,False,Clothing
2023-01-01,496.70000000000005,1382.0333333333333,166.63666666666668,494.83333333333337,False,Clothing
2023-01-02,467.6,1383.6,165.74,475.6,False,Clothing
2020-01-01,177.1,528.9,46.33,178.1,False,Electronics
2020-01-02,186.75,519.7,46.474999999999994,179.85,False,Electronics
2020-01-03,196.4,510.5,46.62,181.6,False,Electronics
2020-01-04,192.1,512.0,45.59,198.1,False,Electronics
2020-01-05,195.14999999999998,519.65,46.07,202.25,False,Electronics
2020-01-06,198.2,527.3,46.55,206.4,True,Electronics
2020-01-07,199.26666666666665,524.5666666666666,46.373333333333335,198.1,False,Electronics
2020-01-08,200.33333333333334,521.8333333333334,46.196666666666665,189.8,False,Electronics
2020-01-09,201.4,519.1,46.02,181.5,False,Electronics
2020-01-10,192.375,523.65,46.47,175.875,False,Electronics
2020-01-11,183.35000000000002,528.2,46.92,170.25,False,Electronics
2020-01-12,174.32500000000002,532.75,47.370000000000005,164.625,False,Electronics
2020-01-13,165.3,537.3,47.82,159.0,False,Electronics
2020-01-14,158.9,533.8,48.03,146.2,False,Electronics
2020-01-15,181.53333333333333,529.1333333333333,48.00666666666667,176.7,False,Electronics
2020-01-16,204.16666666666669,524.4666666666666,47.983333333333334,207.2,False,Electronics
2020-01-17,226.8,519.8,47.96,237.7,False,Electronics
2020-01-18,217.15,526.8,47.335,213.0,False,Electronics
2020-01-19,207.5,533.8,46.71,188.3,False,Electronics
2020-01-20,178.9,535.9,45.7,165.8,False,Electronics
2020-01-21,179.5,535.0,46.59,162.4,False,Electronics
2020-01-22,178.56,532.98,46.904,163.14000000000001,False,Electronics
2020-01-23,177.62,530.96,47.218,163.88,False,Electronics
2020-01-24,176.68,528.9399999999999,47.532,164.62,False,Electronics
2020-01-25,175.74,526.92,47.846,165.35999999999999,False,Electronics
2020-01-26,174.8,524.9,48.16,166.1,False,Electronics
2020-01-27,197.4,519.4,46.8,187.8,False,Electronics
2020-01-28,201.8,519.75,46.685,198.15,False,Electronics
2020-01-29,206.2,520.1,46.57,208.5,False,Electronics
2020-01-30,247.0,519.0,46.91,227.4,False,Electronics
2020-01-31,224.4,523.3,46.54,220.4,False,Electronics
2020-02-01,234.7,521.4,46.92,212.2,False,Electronics
2020-02-02,185.8,530.1,46.81,180.2,False,Electronics
2020-02-03,283.8,531.9,47.61,288.2,True,Electronics
2020-02-04,188.3,537.5,46.89,178.9,False,Electronics
2020-02-05,250.8,541.85,46.835,252.25,False,Electronics
2020-02-06,313.3,546.2,46.78,325.6,True,Electronics
2020-02-07,279.7,537.1,47.400000000000006,286.85,False,Electronics
2020-02-08,246.1,528.0,48.02,248.1,False,Electronics
2020-02-09,213.9,411.4,47.43,207.5,False,Electronics
2020-02-10,560.8,416.2,48.25,206.5,False,Electronics
2020-02-11,112.8,527.1,46.39,102.2,False,Electronics
2020-02-12,181.0,543.1,47.98,173.9,False,Electronics
2020-02-13,232.6,255.4,47.42,13.7,False,Electronics
2020-02-14,272.3666666666667,351.26666666666665,47.766666666666666,127.86666666666667,False,Electronics
2020-02-15,312.1333333333333,447.1333333333333,48.11333333333334,242.03333333333333,False,Electronics
2020-02-16,351.9,543.0,48.46,356.2,True,Electronics
2020-02-17,204.6,550.2,46.43,209.8,False,Electronics
2020-02-18,236.5,542.0,47.29,234.4,False,Electronics
2020-02-19,240.0,540.4,47.51,249.1,False,Electronics
2020-02-20,259.8,533.4,46.53,256.8,False,Electronics
2020-02-21,267.3,532.1,46.37,262.3,False,Electronics
2020-02-22,250.1,544.2,47.88,252.6,False,Electronics
2020-02-23,226.6,541.2,48.64,225.0,False,Electronics
2020-02-24,201.5,541.9,47.0,208.4,False,Electronics
2020-02-25,228.0,526.2,47.59,232.1,False,Electronics
2020-02-26,322.1,518.4,47.48,315.9,True,Electronics
2020-02-27,277.6,499.2,47.22,279.1,False,Electronics
2020-02-28,295.65,506.85,46.61,290.75,False,Electronics
2020-02-29,313.7,514.5,46.0,302.4,True,Electronics
2020-03-01,234.7,514.1,46.85,223.0,False,Electronics
2020-03-02,240.5,508.9,46.54,246.6,False,Electronics
2020-03-03,224.1,514.6,46.54,204.8,False,Electronics
2020-03-04,240.85000000000002,510.85,46.385,219.25,False,Electronics
2020-03-05,257.6,507.1,46.23,233.7,False,Electronics
2020-03-06,264.8,501.3,47.96,266.5,False,Electronics
2020-03-07,259.4,506.2,46.31,269.4,False,Electronics
2020-03-08,258.275,501.675,46.8675,265.625,False,Electronics
2020-03-09,257.15,497.15,47.425,261.85,False,Electronics
2020-03-10,256.025,492.625,47.9825,258.075,False,Electronics
2020-03-11,254.9,488.1,48.54,254.3,False,Electronics
2020-03-12,275.5,480.85,47.81,261.65,False,Electronics
2020-03-13,296.1,473.6,47.08,269.0,False,Electronics
2020-03-14,264.4,475.7,45.28,261.6,False,Electronics
2020-03-15,251.6,480.25,45.6,253.95000000000002,False,Electronics
2020-03-16,238.8,484.8,45.92,246.3,False,Electronics
2020-03-17,234.5,496.2,47.72,243.8,False,Electronics
2020-03-18,259.7,489.85,46.45,263.20000000000005,False,Electronics
2020-03-19,284.9,483.5,45.18,282.6,False,Electronics
2020-03-20,269.16666666666663,494.09999999999997,45.8,269.33333333333337,False,Electronics
2020-03-21,253.4333333333333,504.7,46.42,256.06666666666666,False,Electronics
2020-03-22,237.7,515.3,47.04,242.8,False,Electronics
2020-03-23,231.7,505.9,45.7,225.9,False,Electronics
2020-03-24,244.15,505.75,46.49,238.60000000000002,False,Electronics
2020-03-25,256.6,505.6,47.28,251.3,False,Electronics
2020-03-26,400.9,486.2,46.98,391.1,True,Electronics
2020-03-27,339.85,487.4,46.36,330.75,False,Electronics
2020-03-28,278.8,488.6,45.74,270.4,False,Electronics
2020-03-29,255.2,496.5,48.76,250.9,False,Electronics
2020-03-30,247.89999999999998,497.7,47.59,249.5,False,Electronics
2020-03-31,240.6,498.9,46.42,248.1,False,Electronics
2020-04-01,260.4,496.2,46.3,255.4,False,Electronics
2020-04-02,274.4,486.8,47.71,248.8,False,Electronics
2020-04-03,344.54999999999995,482.6,46.515,330.95000000000005,False,Electronics
2020-04-04,414.7,478.4,45.32,413.1,True,Electronics
2020-04-05,259.5,488.6,45.74,238.3,False,Electronics
2020-04-06,232.6,506.3,46.2,240.0,False,Electronics
2020-04-07,242.5,500.9,46.745000000000005,237.95,False,Electronics
2020-04-08,252.4,495.5,47.29,235.9,False,Electronics
2020-04-09,285.8,484.9,45.0,291.5,False,Electronics
2020-04-10,271.55,487.29999999999995,45.1,277.6,False,Electronics
2020-04-11,257.3,489.7,45.2,263.7,False,Electronics
2020-04-12,243.55,494.45,46.13,1222.35,False,Electronics
2020-04-13,229.8,499.2,47.06,2181.0,False,Electronics
2020-04-14,255.8,491.8,47.1,242.2,False,Electronics
2020-04-15,277.5,485.05,46.42,259.15,False,Electronics
2020-04-16,299.2,478.3,45.74,276.1,False,Electronics
2020-04-17,280.9,489.1,46.54,263.0,False,Electronics
2020-04-18,268.4,489.7,46.65,255.8,False,Electronics
2020-04-19,251.9,494.4,46.08,237.2,False,Electronics
2020-04-20,245.6,496.6,46.39,236.5,False,Electronics
2020-04-21,257.4,495.73333333333335,46.76,249.56666666666666,False,Electronics
2020-04-22,269.2,494.8666666666667,47.13,262.6333333333333,False,Electronics
2020-04-23,281.0,494.0,47.5,275.7,False,Electronics
2020-04-24,284.0,493.5,45.21,262.9,False,Electronics
2020-04-25,261.75,494.0,46.254999999999995,243.79999999999998,False,Electronics
2020-04-26,239.5,494.5,47.3,224.7,False,Electronics
2020-04-27,250.5,491.3,45.02,252.8,False,Electronics
2020-04-28,232.4,499.9,46.61,224.9,False,Electronics
2020-04-29,247.4,500.1,47.63,257.7,False,Electronics
2020-04-30,283.0,487.9,45.77,258.3,False,Electronics
2020-05-01,171.0,518.7,48.03,173.1,False,Electronics
2020-05-02,279.5,505.20000000000005,47.465,267.85,False,Electronics
2020-05-03,388.0,491.7,46.9,362.6,True,Electronics
2020-05-04,312.4,495.35,46.64,297.65,False,Electronics
2020-05-05,236.8,499.0,46.38,232.7,False,Electronics
2020-05-06,266.2,535.1,47.69,242.1,False,Electronics
2020-05-07,275.4,494.3,46.76,266.9,False,Electronics
2020-05-08,255.03749999999997,499.925,46.765,249.21249999999998,False,Electronics
2020-05-09,234.67499999999998,505.54999999999995,46.769999999999996,231.52499999999998,False,Electronics
2020-05-10,214.3125,511.17499999999995,46.775,213.83749999999998,False,Electronics
2020-05-11,193.95,516.8,46.78,196.14999999999998,False,Electronics
2020-05-12,211.375,519.5999999999999,46.61,204.17499999999998,False,Electronics
2020-05-13,228.8,522.4,46.44,212.2,False,Electronics
2020-05-14,231.07500000000002,523.825,46.195,221.075,False,Electronics
2020-05-15,233.35000000000002,525.25,45.95,229.95,False,Electronics
2020-05-16,235.625,526.675,45.705,238.825,False,Electronics
2020-05-17,237.9,528.1,45.46,247.7,False,Electronics
2020-05-18,211.6,541.7,47.88,197.2,False,Electronics
2020-05-19,228.6,537.6,45.93,217.3,False,Electronics
2020-05-20,232.975,537.45,45.942499999999995,221.97500000000002,False,Electronics
2020-05-21,237.35,537.3,45.955,226.65,False,Electronics
2020-05-22,241.725,537.15,45.9675,231.325,False,Electronics
2020-05-23,246.1,537.0,45.98,236.0,False,Electronics
2020-05-24,225.3,541.4,47.22,211.0,False,Electronics
2020-05-25,284.3,545.2,46.53,263.5,True,Electronics
2020-05-26,214.4,540.1,46.02,224.1,False,Electronics
2020-05-27,220.5,547.6,48.83,203.1,False,Electronics
2020-05-28,256.3,541.2,46.02,268.4,False,Electronics
2020-05-29,241.2,543.9,47.75,220.7,False,Electronics
2020-05-30,243.2,543.1,46.53,248.5,False,Electronics
2020-05-31,229.2,549.8,47.55,217.0,False,Electronics
2020-06-01,236.27499999999998,547.625,47.315,223.275,False,Electronics
2020-06-02,243.35,545.45,47.08,229.55,False,Electronics
2020-06-03,250.425,543.275,46.845,235.825,False,Electronics
2020-06-04,257.5,541.1,46.61,242.1,False,Electronics
2020-06-05,253.1,539.7,46.68,251.25,False,Electronics
2020-06-06,248.7,538.3,46.75,260.4,False,Electronics
2020-06-07,204.9,555.4,46.86,202.8,False,Electronics
2020-06-08,205.63333333333333,559.3,47.27,206.76666666666668,False,Electronics
2020-06-09,206.36666666666667,563.2,47.68,210.73333333333332,False,Electronics
2020-06-10,207.1,567.1,48.09,214.7,False,Electronics
2020-06-11,247.2,551.0,47.46,225.7,False,Electronics
2020-06-12,235.39999999999998,557.85,48.015,213.8,False,Electronics
2020-06-13,223.6,564.7,48.57,201.9,False,Electronics
2020-06-14,213.6,560.2,47.13,204.7,False,Electronics
2020-06-15,180.9,567.5,47.43,181.0,False,Electronics
2020-06-16,268.4,569.4,47.07,258.0,True,Electronics
2020-06-17,206.7,554.9,47.34,209.0,False,Electronics
2020-06-18,236.6,544.0,44.9,228.1,False,Electronics
2020-06-19,237.5,546.8,46.18,233.5,False,Electronics
2020-06-20,219.36666666666667,548.8333333333333,46.14666666666667,214.4,False,Electronics
2020-06-21,201.23333333333332,550.8666666666667,46.11333333333333,195.29999999999998,False,Electronics
2020-06-22,183.1,552.9,46.08,176.2,False,Electronics
2020-06-23,198.6,552.7,48.56,186.0,False,Electronics
2020-06-24,205.64999999999998,550.2,47.005,199.65,False,Electronics
2020-06-25,212.7,547.7,45.45,213.3,False,Electronics
2020-06-26,237.6,541.7,45.57,220.7,False,Electronics
2020-06-27,210.3,555.9,46.79,1902.0,False,Electronics
2020-06-28,195.8,566.0,45.42,204.6,False,Electronics
2020-06-29,179.8,572.6,47.43,166.1,False,Electronics
2020-06-30,193.4,570.9,45.55,176.9,False,Electronics
2020-07-01,198.3,562.6,45.78666666666666,187.93333333333334,False,Electronics
2020-07-02,203.2,554.3,46.02333333333333,198.96666666666667,False,Electronics
2020-07-03,208.1,546.0,46.26,210.0,False,Electronics
2020-07-04,225.7,524.0,47.14,221.5,False,Electronics
2020-07-05,181.0,557.1,48.74,178.4,False,Electronics
2020-07-06,178.2,552.7,47.894999999999996,170.25,False,Electronics
2020-07-07,175.4,548.3,47.05,162.1,False,Electronics
2020-07-08,243.14999999999998,534.05,46.69,230.3,False,Electronics
2020-07-09,310.9,519.8,46.33,298.5,True,Electronics
2020-07-10,266.25,497.06666666666666,46.281666666666666,255.15,False,Electronics
2020-07-11,221.59999999999997,474.3333333333333,46.233333333333334,211.8,False,Electronics
2020-07-12,176.95,451.6,46.185,168.45,False,Electronics
2020-07-13,140.4,566.3,47.12,131.3,False,Electronics
2020-07-14,171.3,552.4,45.82,164.4,False,Electronics
2020-07-15,193.7,536.4,46.11,174.4,False,Electronics
2020-07-16,204.5,543.6,48.65,200.6,False,Electronics
2020-07-17,203.5,540.0,47.849999999999994,199.3,False,Electronics
2020-07-18,202.5,536.4,47.05,198.0,False,Electronics
2020-07-19,208.5,554.8,45.41,218.4,True,Electronics
2020-07-20,138.7,559.7,48.16,143.8,False,Electronics
2020-07-21,161.6,550.3,47.959999999999994,155.85000000000002,False,Electronics
2020-07-22,184.5,540.9,47.76,167.9,False,Electronics
2020-07-23,276.4,537.5,46.28,266.1,True,Electronics
2020-07-24,207.9,535.0,45.78,197.3,False,Electronics
2020-07-25,179.5,547.3,46.01,167.0,False,Electronics
2020-07-26,156.55,552.45,46.57,147.2,False,Electronics
2020-07-27,133.6,557.6,47.13,127.4,False,Electronics
2020-07-28,146.2,556.8,47.63,137.4,False,Electronics
2020-07-29,175.2,549.7,47.64,177.8,False,Electronics
2020-07-30,185.0,552.2,45.3,171.5,False,Electronics
2020-07-31,314.6,547.3,46.82,315.5,True,Electronics
2020-08-01,192.7,516.5,46.74,176.3,False,Electronics
2020-08-02,147.4,556.0,48.36,145.8,False,Electronics
2020-08-03,228.1,508.2,45.66,238.3,False,Electronics
2020-08-04,198.25,529.7,46.73,197.65,False,Electronics
2020-08-05,168.4,551.2,47.8,157.0,False,Electronics
2020-08-06,204.1,564.5,45.95,190.3,False,Electronics
2020-08-07,204.1,537.8,45.07,186.2,False,Electronics
2020-08-08,168.3,552.2,45.98,152.7,False,Electronics
2020-08-09,144.8,551.0,45.23,151.9,False,Electronics
2020-08-10,174.3,547.3,45.825,175.75,False,Electronics
2020-08-11,203.8,543.6,46.42,199.6,True,Electronics
2020-08-12,163.2,542.7,46.9,150.1,False,Electronics
2020-08-13,171.14999999999998,535.3,47.29,162.14999999999998,False,Electronics
2020-08-14,179.1,527.9,47.68,174.2,False,Electronics
2020-08-15,172.4,526.4,45.23,175.5,False,Electronics
2020-08-16,140.1,542.6,47.59,139.6,False,Electronics
2020-08-17,121.1,555.7,47.18,112.6,False,Electronics
2020-08-18,141.2,556.0,46.6,140.6,False,Electronics
2020-08-19,151.5,549.0,47.67,141.9,False,Electronics
2020-08-20,169.15,547.45,47.345,162.3,False,Electronics
2020-08-21,186.8,545.9,47.02,182.7,False,Electronics
2020-08-22,171.8,546.7,44.54,156.3,False,Electronics
2020-08-23,132.7,556.8,46.57,125.9,False,Electronics
2020-08-24,116.2,557.0,45.73,107.0,False,Electronics
2020-08-25,125.9,555.2,46.31666666666666,114.96666666666667,False,Electronics
2020-08-26,135.60000000000002,553.4,46.903333333333336,122.93333333333334,False,Electronics
2020-08-27,145.3,551.6,47.49,130.9,False,Electronics
2020-08-28,183.4,542.4,47.69,171.0,False,Electronics
2020-08-29,191.2,553.7,47.5,196.4,True,Electronics
2020-08-30,140.0,563.4,47.21,128.9,False,Electronics
2020-08-31,137.9,567.8,47.715,129.10000000000002,False,Electronics
2020-09-01,135.8,572.2,48.22,129.3,False,Electronics
2020-09-02,229.15,553.075,47.19,164.775,False,Electronics
2020-09-03,322.5,533.95,46.16,200.25,False,Electronics
2020-09-04,236.3,548.925,46.31999999999999,174.025,False,Electronics
2020-09-05,150.1,563.9,46.48,147.8,False,Electronics
2020-09-06,174.95,561.45,46.685,174.5,False,Electronics
2020-09-07,112.5,566.4,47.34,113.2,False,Electronics
2020-09-08,123.8,563.1,46.34,117.7,False,Electronics
2020-09-09,139.7,562.5,45.52,142.5,False,Electronics
2020-09-10,169.4,558.6,45.55,161.2,False,Electronics
2020-09-11,154.10000000000002,559.35,46.41,146.0,False,Electronics
2020-09-12,138.8,560.1,47.27,130.8,False,Electronics
2020-09-13,126.4,562.2,47.37,120.9,False,Electronics
2020-09-14,118.9,558.4,45.76,116.0,False,Electronics
2020-09-15,130.3,554.5,47.41,123.0,False,Electronics
2020-09-16,145.8,552.1,46.77,148.3,False,Electronics
2020-09-17,138.5,554.5,45.75,133.2,False,Electronics
2020-09-18,227.9,538.2,47.55,237.5,True,Electronics
2020-09-19,176.9,544.45,47.4,183.15,False,Electronics
2020-09-20,125.9,550.7,47.25,128.8,False,Electronics
2020-09-21,105.6,551.7,46.15,110.8,False,Electronics
2020-09-22,119.3,551.3,45.05,111.7,False,Electronics
2020-09-23,130.9,551.0,47.08,120.4,False,Electronics
2020-09-24,163.3,539.6,45.55,155.8,False,Electronics
2020-09-25,161.4,535.2,45.67,159.7,False,Electronics
2020-09-26,145.85000000000002,538.2,45.49,145.75,False,Electronics
2020-09-27,130.3,541.2,45.31,131.8,False,Electronics
2020-09-28,126.4,542.2,46.03,122.55000000000001,False,Electronics
2020-09-29,122.5,543.2,46.75,113.3,False,Electronics
2020-09-30,146.4,532.4,46.83,134.9,False,Electronics
2020-10-01,181.7,524.25,47.655,169.65,False,Electronics
2020-10-02,157.5,526.4,47.95,162.4,False,Electronics
2020-10-03,146.4,526.15,47.99,149.95,False,Electronics
2020-10-04,135.3,525.9,48.03,137.5,False,Electronics
2020-10-05,233.4,513.8,47.29,237.9,False,Electronics
2020-10-06,278.55,522.9,47.04,282.1,False,Electronics
2020-10-07,323.7,532.0,46.79,326.3,True,Electronics
2020-10-08,155.9,504.4,45.13,142.4,False,Electronics
2020-10-09,171.6,496.6,46.45,180.0,False,Electronics
2020-10-10,148.9,493.1,46.63,146.3,False,Electronics
2020-10-11,132.6,501.9,46.88,137.7,False,Electronics
2020-10-12,118.85,509.34999999999997,46.045,116.5,False,Electronics
2020-10-13,105.1,516.8,45.21,95.3,False,Electronics
2020-10-14,149.4,505.2,45.86,155.7,False,Electronics
2020-10-15,165.9,493.9,45.0,155.6,False,Electronics
2020-10-16,166.0,491.85,45.61,163.95,False,Electronics
2020-10-17,166.1,489.8,46.22,172.3,False,Electronics
2020-10-18,120.4,514.5,45.52,125.7,False,Electronics
2020-10-19,112.5,514.2,47.14,114.3,False,Electronics
2020-10-20,133.4,511.3,46.27,136.9,False,Electronics
2020-10-21,162.8,494.7,46.52,162.6,False,Electronics
2020-10-22,164.3,488.4,46.56,160.9,False,Electronics
2020-10-23,187.6,478.7,47.23,174.9,False,Electronics
2020-10-24,149.9,493.5,46.49,140.9,False,Electronics
2020-10-25,137.9,499.9,47.36,142.7,False,Electronics
2020-10-26,119.2,506.9,46.52,120.4,False,Electronics
2020-10-27,134.8,500.4,46.31,129.55,False,Electronics
2020-10-28,150.4,493.9,46.1,138.7,False,Electronics
2020-10-29,178.5,480.9,44.97,164.7,False,Electronics
2020-10-30,205.35,492.29999999999995,46.69,188.7,False,Electronics
2020-10-31,232.2,503.7,48.41,212.7,True,Electronics
2020-11-01,180.6,515.85,46.785,170.15,False,Electronics
2020-11-02,148.25,517.825,46.9175,145.525,False,Electronics
2020-11-03,115.9,519.8,47.05,120.9,False,Electronics
2020-11-04,146.0,523.7,45.69,152.2,False,Electronics
2020-11-05,170.1,519.5,46.135,169.3,False,Electronics
2020-11-06,194.2,515.3,46.58,186.4,False,Electronics
2020-11-07,177.7,541.0,47.34,174.2,False,Electronics
2020-11-08,187.6,528.2,46.88,172.2,True,Electronics
2020-11-09,125.4,525.4,45.45,128.1,False,Electronics
2020-11-10,168.2,511.4,46.87,157.3,False,Electronics
2020-11-11,152.6,516.1,46.91,158.9,False,Electronics
2020-11-12,172.3,511.5,46.1,167.0,False,Electronics
2020-11-13,189.6,513.3,47.65,180.9,False,Electronics
2020-11-14,180.0,518.6,47.2,175.9,False,Electronics
2020-11-15,216.8,527.6,47.86,220.3,True,Electronics
2020-11-16,129.1,535.3,47.8,127.5,False,Electronics
2020-11-17,182.5,544.3,47.72,170.3,True,Electronics
2020-11-18,184.7,537.65,47.394999999999996,177.15,False,Electronics
2020-11-19,186.9,531.0,47.07,184.0,False,Electronics
2020-11-20,189.95,523.0,47.545,189.65,False,Electronics
2020-11-21,193.0,515.0,48.02,195.3,False,Electronics
2020-11-22,168.3,523.05,46.8,166.05,False,Electronics
2020-11-23,143.6,531.1,45.58,136.8,False,Electronics
2020-11-24,149.6,544.3,46.28,143.8,False,Electronics
2020-11-25,168.75,541.2,46.575,160.8,False,Electronics
2020-11-26,187.9,538.1,46.87,177.8,False,Electronics
2020-11-27,189.95,534.45,46.25,183.95,False,Electronics
2020-11-28,192.0,530.8,45.63,190.1,False,Electronics
2020-11-29,151.9,551.5,45.6,142.2,False,Electronics
2020-11-30,158.5,555.3,45.06,144.8,False,Electronics
2020-12-01,145.3,560.9,48.09,146.5,False,Electronics
2020-12-02,173.75,546.7,47.135000000000005,166.35,False,Electronics
2020-12-03,202.2,532.5,46.18,186.2,False,Electronics
2020-12-04,255.2,491.2,45.81,253.3,False,Electronics
2020-12-05,201.5,433.25,46.16,184.25,False,Electronics
2020-12-06,209.35,453.3,47.195,139.05,False,Electronics
2020-12-07,201.13333333333333,474.46666666666664,47.4,151.20000000000002,False,Electronics
2020-12-08,192.91666666666666,495.6333333333333,47.605000000000004,163.35,False,Electronics
2020-12-09,184.7,516.8,47.81,175.5,False,Electronics
2020-12-10,159.6,514.8499999999999,46.755,1156.7,False,Electronics
2020-12-11,227.0,513.1,48.08,225.4,False,Electronics
2020-12-12,317.5,512.6,47.64,291.4,True,Electronics
2020-12-13,278.1666666666667,517.0666666666667,48.14666666666667,254.73333333333332,False,Electronics
2020-12-14,238.83333333333331,521.5333333333333,48.65333333333333,218.06666666666666,False,Electronics
2020-12-15,199.5,526.0,49.16,181.4,False,Electronics
2020-12-16,300.4,523.8,47.79,283.9,True,Electronics
2020-12-17,263.85,518.5999999999999,46.56,1171.4499999999998,False,Electronics
2020-12-18,227.3,513.4,45.33,2059.0,False,Electronics
2020-12-19,216.2,514.0,46.41,219.0,False,Electronics
2020-12-20,169.9,534.6,47.7,166.5,False,Electronics
2020-12-21,182.4,535.3,46.9,186.4,False,Electronics
2020-12-22,191.85000000000002,540.3,47.245000000000005,190.9,False,Electronics
2020-12-23,201.3,545.3,47.59,195.4,False,Electronics
2020-12-24,238.0,542.2,45.33,215.2,False,Electronics
2020-12-25,248.4,546.2,46.16,231.8,False,Electronics
2020-12-26,227.35000000000002,553.0,46.295,218.5,False,Electronics
2020-12-27,206.3,559.8,46.43,205.2,False,Electronics
2020-12-28,184.3,577.9,47.14,181.0,False,Electronics
2020-12-29,202.25,569.3,47.85,190.5,False,Electronics
2020-12-30,220.2,560.7,48.56,200.0,False,Electronics
2020-12-31,246.5,548.5,48.31,248.2,False,Electronics
2021-01-01,241.4,551.1,46.48,249.1,False,Electronics
2021-01-02,280.0,562.3,46.76,287.3,True,Electronics
2021-01-03,266.625,537.875,46.394999999999996,262.1,False,Electronics
2021-01-04,253.25,513.45,46.03,236.89999999999998,False,Electronics
2021-01-05,250.575,530.875,46.44,243.6,False,Electronics
2021-01-06,247.9,548.3,46.85,250.3,False,Electronics
2021-01-07,241.56666666666666,551.6999999999999,47.03,241.33333333333334,False,Electronics
2021-01-08,235.23333333333335,555.1,47.21,232.36666666666667,False,Electronics
2021-01-09,228.9,558.5,47.39,223.4,False,Electronics
2021-01-10,235.6,559.3,47.47,245.2,False,Electronics
2021-01-11,210.4,574.0,47.52,192.9,False,Electronics
2021-01-12,222.6,570.0,47.88,220.3,False,Electronics
2021-01-13,248.4,555.2,45.85,257.9,False,Electronics
2021-01-14,259.7,549.0,47.33,246.9,False,Electronics
2021-01-15,263.3,547.1,45.75,276.1,False,Electronics
2021-01-16,243.8,544.0,47.03,228.4,False,Electronics
2021-01-17,237.73333333333335,546.7,46.983333333333334,222.83333333333334,False,Electronics
2021-01-18,231.66666666666666,549.4,46.93666666666667,217.26666666666665,False,Electronics
2021-01-19,225.6,552.1,46.89,211.7,False,Electronics
2021-01-20,246.0,546.9,48.39,239.6,False,Electronics
2021-01-21,260.25,545.95,47.17,262.1,False,Electronics
2021-01-22,274.5,545.0,45.95,284.6,False,Electronics
2021-01-23,264.8,545.1,46.57,249.6,False,Electronics
2021-01-24,312.7,546.1,46.48,286.8,True,Electronics
2021-01-25,272.5,551.6500000000001,46.39,256.9,False,Electronics
2021-01-26,232.3,557.2,46.3,227.0,False,Electronics
2021-01-27,239.9,554.9,46.87,216.7,False,Electronics
2021-01-28,262.5,547.4,46.39,256.2,False,Electronics
2021-01-29,285.1,539.9,45.91,295.7,False,Electronics
2021-01-30,277.1,545.3,47.18,263.8,False,Electronics
2021-01-31,266.9,558.8,46.96,262.8,False,Electronics
2021-02-01,249.2,563.0,47.55,258.1,False,Electronics
2021-02-02,243.3,565.8,46.87,247.1,False,Electronics
2021-02-03,395.0,508.7,46.07,369.5,True,Electronics
2021-02-04,346.3,524.15,46.370000000000005,323.35,False,Electronics
2021-02-05,297.6,539.6,46.67,277.2,False,Electronics
2021-02-06,271.85,536.0,46.53,269.29999999999995,False,Electronics
2021-02-07,650.4749999999999,541.35,46.44,1346.6499999999999,False,Electronics
2021-02-08,1029.1,546.7,46.35,2424.0,False,Electronics
2021-02-09,244.5,545.5,46.93,223.0,False,Electronics
2021-02-10,280.6,541.4,47.96,293.4,False,Electronics
2021-02-11,176.0,424.8,46.28,180.4,False,Electronics
2021-02-12,322.45,477.65,46.015,326.65,False,Electronics
2021-02-13,468.9,530.5,45.75,472.9,True,Electronics
2021-02-14,257.5,544.1,45.91,264.6,False,Electronics
2021-02-15,237.1,547.1,46.57,244.7,False,Electronics
2021-02-16,389.1,529.1,47.1,358.7,True,Electronics
2021-02-17,289.6,520.0,47.34,271.3,False,Electronics
2021-02-18,297.9,520.2,46.01,311.6,False,Electronics
2021-02-19,298.9,514.25,47.03,293.85,False,Electronics
2021-02-20,299.9,508.3,48.05,276.1,False,Electronics
2021-02-21,243.8,522.9,45.94,244.4,False,Electronics
2021-02-22,252.9,514.8,46.81,245.6,False,Electronics
2021-02-23,251.2,514.1,47.59,236.4,False,Electronics
2021-02-24,275.79999999999995,502.5,46.86,269.45,False,Electronics
2021-02-25,300.4,490.9,46.13,302.5,False,Electronics
2021-02-26,302.2,496.3,47.04,284.8,False,Electronics
2021-02-27,297.1,491.5,45.65,307.5,False,Electronics
2021-02-28,281.4,499.6,46.745000000000005,289.15,False,Electronics
2021-03-01,265.7,507.7,47.84,270.8,False,Electronics
2021-03-02,277.2,503.25,46.92,286.15,False,Electronics
2021-03-03,288.7,498.8,46.0,301.5,False,Electronics
2021-03-04,308.9,490.9,46.114999999999995,303.5,False,Electronics
2021-03-05,329.1,483.0,46.23,305.5,False,Electronics
2021-03-06,304.9,489.6,46.57,275.8,False,Electronics
2021-03-07,289.7,497.3,46.47,296.5,False,Electronics
2021-03-08,278.79999999999995,499.5,46.59,277.35,False,Electronics
2021-03-09,267.9,501.7,46.71,258.2,False,Electronics
2021-03-10,303.4,489.0,46.44,284.3,False,Electronics
2021-03-11,321.9,486.7,47.02,305.5,False,Electronics
2021-03-12,327.1,481.5,48.77,339.5,False,Electronics
2021-03-13,320.12,481.04,48.192,327.42,False,Electronics
2021-03-14,313.14,480.58,47.614000000000004,315.34000000000003,False,Electronics
2021-03-15,306.16,480.12,47.036,303.26,False,Electronics
2021-03-16,299.18,479.65999999999997,46.458000000000006,291.18,False,Electronics
2021-03-17,292.2,479.2,45.88,279.1,False,Electronics
2021-03-18,327.4,474.1,47.93,308.6,False,Electronics
2021-03-19,323.3,476.3,46.04,322.5,False,Electronics
2021-03-20,309.70000000000005,477.9,46.480000000000004,298.1,False,Electronics
2021-03-21,296.1,479.5,46.92,273.7,False,Electronics
2021-03-22,289.0,484.6,47.94,281.6,False,Electronics
2021-03-23,358.1,501.0,46.36,364.4,True,Electronics
2021-03-24,297.3,486.2,46.1,269.8,False,Electronics
2021-03-25,313.8,480.6,46.4,298.7,False,Electronics
2021-03-26,310.95000000000005,480.1,46.05,307.0,False,Electronics
2021-03-27,308.1,479.6,45.7,315.3,False,Electronics
2021-03-28,286.7,490.8,46.78,278.5,False,Electronics
2021-03-29,428.3,476.2,47.57,432.9,True,Electronics
2021-03-30,305.0,472.1,47.27,307.7,False,Electronics
2021-03-31,275.4,478.2,46.6,282.5,False,Electronics
2021-04-01,273.54999999999995,512.6,47.2,265.8,False,Electronics
2021-04-02,271.7,547.0,47.8,249.1,False,Electronics
2021-04-03,306.1,489.1,47.91,276.4,False,Electronics
2021-04-04,295.93333333333334,483.83333333333337,47.516666666666666,276.09999999999997,False,Electronics
2021-04-05,285.7666666666667,478.56666666666666,47.12333333333333,275.8,False,Electronics
2021-04-06,275.6,473.3,46.73,275.5,False,Electronics
2021-04-07,294.4666666666667,469.8,46.96,287.3666666666667,False,Electronics
2021-04-08,313.3333333333333,466.3,47.19,299.23333333333335,False,Electronics
2021-04-09,332.2,462.8,47.42,311.1,False,Electronics
2021-04-10,308.2,473.3,46.2,308.4,False,Electronics
2021-04-11,293.0,482.85,47.215,289.7,False,Electronics
2021-04-12,277.8,492.4,48.23,271.0,False,Electronics
2021-04-13,292.20000000000005,487.04999999999995,47.875,281.3,False,Electronics
2021-04-14,306.6,481.7,47.52,291.6,False,Electronics
2021-04-15,318.9,476.3,46.6,319.2,False,Electronics
2021-04-16,332.4,473.7,48.21,322.7,False,Electronics
2021-04-17,317.2,478.75,47.415,302.45,False,Electronics
2021-04-18,302.0,483.8,46.62,282.2,False,Electronics
2021-04-19,408.7,488.5,46.15,402.5,True,Electronics
2021-04-20,271.3,498.4,46.75,280.3,False,Electronics
2021-04-21,292.3,493.25,46.67,301.8,False,Electronics
2021-04-22,313.3,488.1,46.59,323.3,False,Electronics
2021-04-23,339.9,472.1,45.27,310.2,False,Electronics
2021-04-24,1284.0,471.0,46.99,339.4,False,Electronics
2021-04-25,288.8,475.7,46.64,280.2,False,Electronics
2021-04-26,287.4,478.0,47.58,2767.0,False,Electronics
2021-04-27,276.8,499.9,47.13,284.5,False,Electronics
2021-04-28,447.5,495.9,45.63,410.7,True,Electronics
2021-04-29,315.1,489.0,47.18,286.7,False,Electronics
2021-04-30,324.2,485.9,45.73,332.5,False,Electronics
2021-05-01,307.7,495.8,45.83,287.0,False,Electronics
2021-05-02,289.8,504.7,47.33,276.6,False,Electronics
2021-05-03,288.0,504.95,46.26,280.65,False,Electronics
2021-05-04,286.2,505.2,45.19,284.7,False,Electronics
2021-05-05,308.6,498.3,47.35,312.1,False,Electronics
2021-05-06,312.2,362.7,46.29,327.3,False,Electronics
2021-05-07,306.8,356.7,46.06,286.2,False,Electronics
2021-05-08,314.9,349.3,47.3,31.7,False,Electronics
2021-05-09,296.2,355.5,48.22,267.4,False,Electronics
2021-05-10,299.93333333333334,383.68333333333334,47.431666666666665,752.9333333333333,False,Electronics
2021-05-11,303.66666666666663,411.8666666666667,46.64333333333333,1238.4666666666667,False,Electronics
2021-05-12,307.4,440.05,45.855,1724.0,False,Electronics
2021-05-13,329.2,476.8,45.26,306.7,False,Electronics
2021-05-14,297.4,488.1,44.86,298.4,False,Electronics
2021-05-15,307.6,486.4,48.03,300.4,False,Electronics
2021-05-16,275.9,316.2,45.0,267.8,False,Electronics
2021-05-17,703.9,318.9,46.5,246.6,False,Electronics
2021-05-18,274.0,315.3,46.39,61.4,False,Electronics
2021-05-19,274.4,324.5,46.25,253.6,False,Electronics
2021-05-20,310.8,321.2,47.39,281.9,False,Electronics
2021-05-21,325.8,504.4,45.48,328.9,False,Electronics
2021-05-22,298.9,514.5,47.42,309.8,False,Electronics
2021-05-23,353.6,521.2,47.38,325.9,True,Electronics
2021-05-24,349.6,529.7,46.54,357.4,True,Electronics
2021-05-25,249.2,525.6,45.69,231.6,False,Electronics
2021-05-26,262.7,526.3,46.35,241.1,False,Electronics
2021-05-27,318.6,505.0,46.92,301.4,False,Electronics
2021-05-28,299.15,503.5,45.425,278.25,False,Electronics
2021-05-29,279.7,502.0,43.93,255.1,False,Electronics
2021-05-30,253.5,513.3,46.91,234.9,False,Electronics
2021-05-31,241.0,529.4,46.93,246.7,False,Electronics
2021-06-01,252.8,531.0,45.47,230.6,False,Electronics
2021-06-02,282.8,519.0,46.355000000000004,276.95,False,Electronics
2021-06-03,312.8,507.0,47.24,323.3,False,Electronics
2021-06-04,291.1,508.8,45.79,288.4,False,Electronics
2021-06-05,277.4,510.20000000000005,46.504999999999995,275.04999999999995,False,Electronics
2021-06-06,263.7,511.6,47.22,261.7,False,Electronics
2021-06-07,304.93333333333334,509.93333333333334,47.64666666666667,292.23333333333335,False,Electronics
2021-06-08,346.16666666666663,508.2666666666667,48.07333333333333,322.76666666666665,False,Electronics
2021-06-09,387.4,506.6,48.5,353.3,True,Electronics
2021-06-10,238.0,477.65,46.045,223.60000000000002,False,Electronics
2021-06-11,260.15,494.825,46.2975,258.95000000000005,False,Electronics
2021-06-12,282.3,512.0,46.55,294.3,False,Electronics
2021-06-13,255.8,520.5,47.16,262.7,False,Electronics
2021-06-14,227.9,527.0,46.55,228.3,False,Electronics
2021-06-15,228.5,531.2,46.85,234.9,False,Electronics
2021-06-16,262.9,512.6,46.97,251.4,False,Electronics
2021-06-17,280.75,507.20000000000005,46.455,277.45,False,Electronics
2021-06-18,298.6,501.8,45.94,303.5,False,Electronics
2021-06-19,269.5,506.5,44.94,255.7,False,Electronics
2021-06-20,234.5,517.5,46.89,232.6,False,Electronics
2021-06-21,231.65,520.7,46.69,225.1,False,Electronics
2021-06-22,228.8,523.9,46.49,217.6,False,Electronics
2021-06-23,251.9,521.7,47.44,262.5,False,Electronics
2021-06-24,249.2,521.35,47.2275,259.45,False,Electronics
2021-06-25,246.5,521.0,47.015,256.4,False,Electronics
2021-06-26,243.8,520.65,46.8025,253.35000000000002,False,Electronics
2021-06-27,241.1,520.3,46.59,250.3,False,Electronics
2021-06-28,287.2,516.65,47.07,277.65,False,Electronics
2021-06-29,333.3,513.0,47.55,305.0,True,Electronics
2021-06-30,250.1,502.7,45.84,261.1,False,Electronics
2021-07-01,262.6,501.9,46.14,243.5,False,Electronics
2021-07-02,259.25,524.75,47.555,251.25,False,Electronics
2021-07-03,320.3,511.4,45.7,314.4,True,Electronics
2021-07-04,361.6,489.5,46.685,352.75,False,Electronics
2021-07-05,205.5,520.3,45.62,215.2,False,Electronics
2021-07-06,224.7,513.05,45.89,228.7,False,Electronics
2021-07-07,243.9,505.8,46.16,242.2,False,Electronics
2021-07-08,262.6,490.0,45.87,271.0,False,Electronics
2021-07-09,239.8,486.0,47.16,2307.0,False,Electronics
2021-07-10,233.3,483.5,47.69,237.9,False,Electronics
2021-07-11,224.7,489.2,46.22,235.4,False,Electronics
2021-07-12,217.8,492.2,46.81,221.2,False,Electronics
2021-07-13,222.65,490.25,46.57,226.05,False,Electronics
2021-07-14,227.5,488.3,46.33,230.9,False,Electronics
2021-07-15,233.7,475.6,47.3,211.5,False,Electronics
2021-07-16,279.2,460.3,48.4,290.8,False,Electronics
2021-07-17,363.5,462.5,45.72,362.8,True,Electronics
2021-07-18,223.3,472.4,46.81,203.1,False,Electronics
2021-07-19,205.6,477.6,46.35,198.8,False,Electronics
2021-07-20,212.5,475.1,46.43,210.2,False,Electronics
2021-07-21,225.0,473.15,46.045,214.45,False,Electronics
2021-07-22,237.5,471.2,45.66,218.7,False,Electronics
2021-07-23,341.4,467.8,47.48,341.9,True,Electronics
2021-07-24,230.7,476.2,45.69,241.0,False,Electronics
2021-07-25,220.1,476.4,45.57,213.8,False,Electronics
2021-07-26,204.8,478.5,46.025,195.65,False,Electronics
2021-07-27,189.5,480.6,46.48,177.5,False,Electronics
2021-07-28,218.4,478.1,46.3,218.45,False,Electronics
2021-07-29,247.3,475.6,46.12,259.4,False,Electronics
2021-07-30,239.3,476.9,46.07,239.0,False,Electronics
2021-07-31,234.88,478.32,46.254,235.88,False,Electronics
2021-08-01,230.46,479.74,46.438,232.76,False,Electronics
2021-08-02,226.04,481.15999999999997,46.622,229.64000000000001,False,Electronics
2021-08-03,221.62,482.58,46.806000000000004,226.52,False,Electronics
2021-08-04,217.2,484.0,46.99,223.4,False,Electronics
2021-08-05,240.4,487.0,45.43,217.5,False,Electronics
2021-08-06,234.3,492.7,48.75,224.8,False,Electronics
2021-08-07,210.2,507.4,48.34,214.4,False,Electronics
2021-08-08,201.55,500.85,47.8575,194.625,False,Electronics
2021-08-09,192.9,494.3,47.375,174.85,False,Electronics
2021-08-10,201.1,476.05,46.35,192.95,False,Electronics
2021-08-11,314.8,505.5,48.19,317.1,True,Electronics
2021-08-12,267.9,504.5,47.489999999999995,268.15,False,Electronics
2021-08-13,221.0,503.5,46.79,219.2,False,Electronics
2021-08-14,218.2,501.6,46.05,219.2,False,Electronics
2021-08-15,179.2,520.1,46.31,163.5,False,Electronics
2021-08-16,161.7,530.2,48.19,149.5,False,Electronics
2021-08-17,182.2,518.5,47.55,174.5,False,Electronics
2021-08-18,208.85,511.4,46.92,205.55,False,Electronics
2021-08-19,235.5,504.3,46.29,236.6,False,Electronics
2021-08-20,216.6,515.0,47.31,204.6,False,Electronics
2021-08-21,193.05,521.5,47.44,187.6,False,Electronics
2021-08-22,169.5,528.0,47.57,170.6,False,Electronics
2021-08-23,160.95,525.05,46.91,163.3,False,Electronics
2021-08-24,152.4,522.1,46.25,156.0,False,Electronics
2021-08-25,175.25,510.85,45.96,172.3,False,Electronics
2021-08-26,198.1,499.6,45.67,188.6,False,Electronics
2021-08-27,226.9,490.4,46.95,205.3,False,Electronics
2021-08-28,215.4,498.9,44.29,203.8,False,Electronics
2021-08-29,197.8,501.54999999999995,45.405,196.2,False,Electronics
2021-08-30,180.2,504.2,46.52,188.6,False,Electronics
2021-08-31,255.8,509.1,46.26,231.6,True,Electronics
2021-09-01,198.8,496.5,47.64,184.7,False,Electronics
2021-09-02,204.3,493.7,47.09,187.8,False,Electronics
2021-09-03,221.4,486.1,46.35,203.6,False,Electronics
2021-09-04,260.6,498.2,46.08,242.1,True,Electronics
2021-09-05,180.4,493.0,46.16,175.8,False,Electronics
2021-09-06,171.45,487.3,46.175,172.85000000000002,False,Electronics
2021-09-07,162.5,481.6,46.19,169.9,False,Electronics
2021-09-08,184.05,478.0,46.425,190.45,False,Electronics
2021-09-09,205.6,474.4,46.66,211.0,False,Electronics
2021-09-10,197.0,472.56666666666666,46.47333333333333,201.83333333333334,False,Electronics
2021-09-11,188.4,470.7333333333333,46.28666666666667,192.66666666666666,False,Electronics
2021-09-12,179.8,468.9,46.1,183.5,False,Electronics
2021-09-13,142.3,477.9,46.49,148.3,False,Electronics
2021-09-14,167.6,473.4,44.62,151.0,False,Electronics
2021-09-15,188.9,467.9,46.78,197.4,False,Electronics
2021-09-16,193.9,468.1,47.23,176.2,False,Electronics
2021-09-17,226.63333333333335,469.90000000000003,47.629999999999995,207.0,False,Electronics
2021-09-18,259.3666666666667,471.7,48.03,237.8,False,Electronics
2021-09-19,292.1,473.5,48.43,268.6,True,Electronics
2021-09-20,153.1,482.9,47.56,144.0,False,Electronics
2021-09-21,173.25,472.54999999999995,47.59,171.45,False,Electronics
2021-09-22,193.4,462.2,47.62,198.9,False,Electronics
2021-09-23,199.4,463.0,47.57,186.5,False,Electronics
2021-09-24,212.2,460.4,46.63,218.4,False,Electronics
2021-09-25,180.7,476.3,47.32,188.0,False,Electronics
2021-09-26,163.2,467.8,47.27,154.8,False,Electronics
2021-09-27,140.5,474.7,47.42,141.2,False,Electronics
2021-09-28,158.1,468.8,48.08,145.9,False,Electronics
2021-09-29,180.75,460.6,46.5,176.9,False,Electronics
2021-09-30,203.4,452.4,44.92,207.9,False,Electronics
2021-10-01,215.6,449.8,45.65,195.7,False,Electronics
2021-10-02,181.4,463.5,47.52,184.1,False,Electronics
2021-10-03,166.25,467.35,47.06,168.5,False,Electronics
2021-10-04,151.1,471.2,46.6,152.9,False,Electronics
2021-10-05,167.3,465.2,48.02,170.8,False,Electronics
2021-10-06,184.7,459.0,47.595,177.65,False,Electronics
2021-10-07,202.1,452.8,47.17,184.5,False,Electronics
2021-10-08,204.89999999999998,461.15,47.055,194.55,False,Electronics
2021-10-09,207.7,469.5,46.94,204.6,False,Electronics
2021-10-10,171.3,455.0,48.57,173.4,False,Electronics
2021-10-11,171.7,446.0,46.61,161.4,False,Electronics
2021-10-12,157.0,449.7,47.43,141.9,False,Electronics
2021-10-13,185.8,434.4,46.3,178.8,False,Electronics
2021-10-14,221.6,422.1,46.66,228.3,False,Electronics
2021-10-15,212.7,422.1,46.55,207.25,False,Electronics
2021-10-16,203.8,422.1,46.44,186.2,False,Electronics
2021-10-17,167.8,428.6,46.78,167.0,False,Electronics
2021-10-18,170.20000000000002,428.3,46.79,172.0,False,Electronics
2021-10-19,172.6,428.0,46.800000000000004,177.0,False,Electronics
2021-10-20,175.0,427.7,46.81,182.0,False,Electronics
2021-10-21,196.6,422.8,45.55,204.4,False,Electronics
2021-10-22,230.6,413.0,46.42,208.3,False,Electronics
2021-10-23,204.06666666666666,419.6333333333333,46.63666666666667,189.5,False,Electronics
2021-10-24,177.53333333333333,426.26666666666665,46.85333333333333,170.70000000000002,False,Electronics
2021-10-25,151.0,432.9,47.07,151.9,False,Electronics
2021-10-26,168.93333333333334,427.7,46.92666666666667,172.76666666666668,False,Electronics
2021-10-27,186.86666666666667,422.5,46.78333333333333,193.63333333333333,False,Electronics
2021-10-28,204.8,417.3,46.64,214.5,False,Electronics
2021-10-29,198.20000000000002,418.03333333333336,47.026666666666664,204.56666666666666,False,Electronics
2021-10-30,191.6,418.76666666666665,47.413333333333334,194.63333333333333,False,Electronics
2021-10-31,185.0,419.5,47.8,184.7,False,Electronics
2021-11-01,214.8,424.0,46.1,222.4,True,Electronics
2021-11-02,204.75,422.35,46.815,206.5,False,Electronics
2021-11-03,194.7,420.7,47.53,190.6,False,Electronics
2021-11-04,247.05,447.7,46.61,239.0,False,Electronics
2021-11-05,223.025,428.79999999999995,46.33,217.85,False,Electronics
2021-11-06,199.0,409.9,46.05,196.7,False,Electronics
2021-11-07,188.8,403.4,47.31,172.8,False,Electronics
2021-11-08,180.1,411.0,45.38,174.2,False,Electronics
2021-11-09,185.75,410.0,45.295,181.1,False,Electronics
2021-11-10,191.4,409.0,45.21,188.0,False,Electronics
2021-11-11,234.0,392.4,46.78,221.2,False,Electronics
2021-11-12,233.2,396.5,47.11,216.7,False,Electronics
2021-11-13,209.6,401.9,48.03,211.7,False,Electronics
2021-11-14,163.0,425.2,46.37,148.6,False,Electronics
2021-11-15,181.3,421.4,47.14,166.7,False,Electronics
2021-11-16,194.5,409.8,48.44,192.5,False,Electronics
2021-11-17,221.0,405.2,46.52,199.4,False,Electronics
2021-11-18,225.35,401.0,46.835,218.7,False,Electronics
2021-11-19,229.7,396.8,47.15,238.0,False,Electronics
2021-11-20,218.8,398.6,47.59,218.3,False,Electronics
2021-11-21,197.75,404.95000000000005,46.825,199.35000000000002,False,Electronics
2021-11-22,176.7,411.3,46.06,180.4,False,Electronics
2021-11-23,191.8,409.55,47.0,185.4,False,Electronics
2021-11-24,206.9,407.8,47.94,190.4,False,Electronics
2021-11-25,241.0,393.7,44.86,236.1,False,Electronics
2021-11-26,238.2,388.9,45.59,231.64999999999998,False,Electronics
2021-11-27,235.4,384.1,46.32,227.2,False,Electronics
2021-11-28,204.8,394.8,47.16,204.1,False,Electronics
2021-11-29,194.8,401.8,49.03,194.9,False,Electronics
2021-11-30,209.0,406.3,48.38,192.5,False,Electronics
2021-12-01,260.15,469.1,47.825,251.8,False,Electronics
2021-12-02,311.3,531.9,47.27,311.1,False,Electronics
2021-12-03,278.55,458.25,47.875,277.70000000000005,False,Electronics
2021-12-04,245.8,384.6,48.48,244.3,False,Electronics
2021-12-05,235.23333333333335,386.8666666666667,47.33333333333333,237.43333333333334,False,Electronics
2021-12-06,224.66666666666666,389.1333333333333,46.18666666666667,230.56666666666666,False,Electronics
2021-12-07,214.1,391.4,45.04,223.7,False,Electronics
2021-12-08,232.3,495.1,47.05,223.2,False,Electronics
2021-12-09,249.0,379.1,45.98,226.8,False,Electronics
2021-12-10,252.4,383.0,45.59,254.5,False,Electronics
2021-12-11,261.8,388.1,46.85,247.2,False,Electronics
2021-12-12,250.5,388.5,46.25,2589.0,False,Electronics
2021-12-13,221.6,391.6,46.45,201.6,False,Electronics
2021-12-14,230.6,387.3,47.02,234.3,False,Electronics
2021-12-15,240.5,384.55,47.8,246.20000000000002,False,Electronics
2021-12-16,250.4,381.8,48.58,258.1,False,Electronics
2021-12-17,239.33333333333334,381.3333333333333,48.25666666666667,240.0666666666667,False,Electronics
2021-12-18,228.26666666666665,380.8666666666667,47.93333333333333,222.03333333333333,False,Electronics
2021-12-19,217.2,380.4,47.61,204.0,False,Electronics
2021-12-20,229.26666666666665,378.76666666666665,47.5,215.83333333333334,False,Electronics
2021-12-21,241.33333333333334,377.1333333333333,47.39,227.66666666666666,False,Electronics
2021-12-22,253.4,375.5,47.28,239.5,False,Electronics
2021-12-23,283.2,362.8,47.86,278.7,False,Electronics
2021-12-24,273.25,302.45,47.355000000000004,261.6,False,Electronics
2021-12-25,263.3,242.1,46.85,244.5,False,Electronics
2021-12-26,248.10000000000002,241.6,46.68,235.7,False,Electronics
2021-12-27,232.9,241.1,46.51,226.9,False,Electronics
2021-12-28,227.1,240.4,46.31,218.3,False,Electronics
2021-12-29,248.0,352.6,47.51,226.8,False,Electronics
2021-12-30,262.2,351.2,47.48,275.2,False,Electronics
2021-12-31,298.2,332.0,47.29,303.5,False,Electronics
2022-01-01,269.4,343.0,46.76,248.4,False,Electronics
2022-01-02,272.4,346.79999999999995,46.45,274.79999999999995,False,Electronics
2022-01-03,312.4,323.75,46.805,319.04999999999995,False,Electronics
2022-01-04,352.4,300.7,47.16,363.3,False,Electronics
2022-01-05,368.04999999999995,318.75,46.65,375.75,False,Electronics
2022-01-06,383.7,336.8,46.14,388.2,True,Electronics
2022-01-07,301.3,336.4,47.02,298.6,False,Electronics
2022-01-08,289.8,339.6,46.05,277.9,False,Electronics
2022-01-09,248.4,348.2,47.26,232.0,False,Electronics
2022-01-10,1041.2,347.4,46.04,259.3,False,Electronics
2022-01-11,257.95,325.6,46.95,263.7,False,Electronics
2022-01-12,277.125,333.35,46.97,272.25,False,Electronics
2022-01-13,296.3,341.1,46.99,280.8,False,Electronics
2022-01-14,358.35,337.20000000000005,46.36,358.6,False,Electronics
2022-01-15,420.4,333.3,45.73,436.4,True,Electronics
2022-01-16,334.45,350.65,46.245,331.5,False,Electronics
2022-01-17,248.5,368.0,46.76,226.6,False,Electronics
2022-01-18,291.5,352.6,47.51,275.9,False,Electronics
2022-01-19,300.45,355.1,47.504999999999995,278.9,False,Electronics
2022-01-20,309.4,357.6,47.5,281.9,False,Electronics
2022-01-21,307.1,353.9,47.01,296.5,False,Electronics
2022-01-22,295.1,348.9,46.07,270.4,False,Electronics
2022-01-23,282.0,346.54999999999995,46.345,258.04999999999995,False,Electronics
2022-01-24,268.9,344.2,46.62,245.7,False,Electronics
2022-01-25,272.4,338.9,45.17,284.6,False,Electronics
2022-01-26,294.3,331.2,45.97,290.4,False,Electronics
2022-01-27,337.8,322.9,45.28,326.7,False,Electronics
2022-01-28,321.2,333.0,48.18,307.0,False,Electronics
2022-01-29,321.3,329.6,46.66,324.3,False,Electronics
2022-01-30,296.2,339.5,47.93,291.7,False,Electronics
2022-01-31,431.9,347.5,46.93,413.9,True,Electronics
2022-02-01,373.54999999999995,345.45,46.83,361.9,False,Electronics
2022-02-02,315.2,343.4,46.73,309.9,False,Electronics
2022-02-03,325.29999999999995,340.1,46.89,328.7,False,Electronics
2022-02-04,335.4,336.8,47.05,347.5,False,Electronics
2022-02-05,311.7,346.05,46.83,312.6,False,Electronics
2022-02-06,288.0,355.3,46.61,277.7,False,Electronics
2022-02-07,290.8,363.8,46.32,289.3,False,Electronics
2022-02-08,292.0,371.7,47.17,286.2,False,Electronics
2022-02-09,304.06666666666666,363.73333333333335,46.89,296.73333333333335,False,Electronics
2022-02-10,316.1333333333333,355.76666666666665,46.61,307.26666666666665,False,Electronics
2022-02-11,328.2,347.8,46.33,317.8,False,Electronics
2022-02-12,317.3,348.23333333333335,46.626666666666665,314.1666666666667,False,Electronics
2022-02-13,306.4,348.6666666666667,46.92333333333333,310.5333333333333,False,Electronics
2022-02-14,295.5,349.1,47.22,306.9,False,Electronics
2022-02-15,379.3,355.0,46.815,375.2,False,Electronics
2022-02-16,463.1,360.9,46.41,443.5,True,Electronics
2022-02-17,345.5,236.8,46.97,359.9,False,Electronics
2022-02-18,341.9,231.1,45.78,340.9,False,Electronics
2022-02-19,350.2,228.6,45.46,61.7,False,Electronics
2022-02-20,322.85,236.85,46.035,169.60000000000002,False,Electronics
2022-02-21,295.5,245.1,46.61,277.5,False,Electronics
2022-02-22,312.95,301.1,46.045,289.85,False,Electronics
2022-02-23,330.4,357.1,45.48,302.2,False,Electronics
2022-02-24,340.4,343.9,47.35,350.4,False,Electronics
2022-02-25,351.8,342.6,46.0,339.9,False,Electronics
2022-02-26,348.9,347.4,47.5,365.7,False,Electronics
2022-02-27,512.9,353.3,48.13,514.3,True,Electronics
2022-02-28,320.0,355.2,45.58,293.7,False,Electronics
2022-03-01,318.2,356.4,45.79,304.1,False,Electronics
2022-03-02,331.8,350.7,48.0,327.1,False,Electronics
2022-03-03,353.6,338.0,47.22,335.5,False,Electronics
2022-03-04,346.3,319.4,46.885000000000005,334.6,False,Electronics
2022-03-05,356.4,331.1,47.32,368.4,False,Electronics
2022-03-06,425.1,346.3,47.44,414.4,True,Electronics
2022-03-07,491.4,346.9,46.26,487.4,True,Electronics
2022-03-08,394.42499999999995,325.95,45.995000000000005,388.1,False,Electronics
2022-03-09,297.45,305.0,45.730000000000004,288.8,False,Electronics
2022-03-10,360.93333333333334,314.26666666666665,45.92666666666667,360.3666666666667,False,Electronics
2022-03-11,424.41666666666663,323.53333333333336,46.123333333333335,431.93333333333334,False,Electronics
2022-03-12,487.9,332.8,46.32,503.5,True,Electronics
2022-03-13,334.5,335.7,45.14,336.0,False,Electronics
2022-03-14,319.0,331.8,46.17,289.9,False,Electronics
2022-03-15,393.3,329.9,45.56,395.8,True,Electronics
2022-03-16,335.9,322.8,46.86,322.7,False,Electronics
2022-03-17,363.1,306.8,47.54,373.6,False,Electronics
2022-03-18,373.5,299.9,45.09,355.8,False,Electronics
2022-03-19,353.6,301.54999999999995,45.505,329.9,False,Electronics
2022-03-20,333.7,303.2,45.92,304.0,False,Electronics
2022-03-21,332.15,302.45,46.59,303.7,False,Electronics
2022-03-22,330.6,301.7,47.26,303.4,False,Electronics
2022-03-23,345.45000000000005,303.75,47.03,321.6,False,Electronics
2022-03-24,360.3,305.8,46.8,339.8,False,Electronics
2022-03-25,381.6,300.9,46.35,389.0,False,Electronics
2022-03-26,368.2,307.7,48.47,373.4,False,Electronics
2022-03-27,346.2,313.2,47.2,325.9,False,Electronics
2022-03-28,322.3,317.0,45.43,308.7,False,Electronics
2022-03-29,326.9,319.7,46.92,341.8,False,Electronics
2022-03-30,337.2,321.4,48.09,327.8,False,Electronics
2022-03-31,377.9,294.2,46.86,346.1,False,Electronics
2022-04-01,242.9,355.2,45.61,237.1,False,Electronics
2022-04-02,273.23333333333335,339.06666666666666,46.55,260.8666666666667,False,Electronics
2022-04-03,303.56666666666666,322.93333333333334,47.49,284.6333333333333,False,Electronics
2022-04-04,333.9,306.8,48.43,308.4,False,Electronics
2022-04-05,329.8,304.9,46.71,3219.0,False,Electronics
2022-04-06,342.6,301.5,47.345,1788.7,False,Electronics
2022-04-07,355.4,298.1,47.98,358.4,False,Electronics
2022-04-08,301.73333333333335,302.53333333333336,47.71666666666666,305.6333333333333,False,Electronics
2022-04-09,248.06666666666666,306.96666666666664,47.45333333333333,252.86666666666667,False,Electronics
2022-04-10,194.4,311.4,47.19,200.1,False,Electronics
2022-04-11,245.5,302.7,47.376666666666665,254.03333333333333,False,Electronics
2022-04-12,296.6,294.0,47.56333333333333,307.96666666666664,False,Electronics
2022-04-13,347.7,285.3,47.75,361.9,False,Electronics
2022-04-14,380.6,278.6,44.95,382.9,False,Electronics
2022-04-15,363.2,286.4,46.26,351.5,False,Electronics
2022-04-16,359.15,281.4,46.485,343.6,False,Electronics
2022-04-17,355.1,276.4,46.71,335.7,False,Electronics
2022-04-18,329.6,296.4,45.84,335.6,False,Electronics
2022-04-19,323.6,294.5,48.45,306.7,False,Electronics
2022-04-20,545.7,280.2,46.11,554.7,True,Electronics
2022-04-21,360.6,280.9,47.74,334.4,False,Electronics
2022-04-22,373.3,272.8,46.99,376.9,False,Electronics
2022-04-23,375.4,269.9,47.06,386.5,False,Electronics
2022-04-24,356.1,279.8,46.37,359.6,False,Electronics
2022-04-25,303.5,300.2,48.78,285.2,False,Electronics
2022-04-26,322.4,295.76666666666665,48.4,302.06666666666666,False,Electronics
2022-04-27,341.3,291.3333333333333,48.02,318.93333333333334,False,Electronics
2022-04-28,360.2,286.9,47.64,335.8,False,Electronics
2022-04-29,373.3,281.4,50.07,387.9,False,Electronics
2022-04-30,372.1,281.4,48.11,370.3,False,Electronics
2022-05-01,495.9,292.7,46.57,495.3,True,Electronics
2022-05-02,323.3,296.3,46.29,302.4,False,Electronics
2022-05-03,322.85,294.8,46.730000000000004,306.85,False,Electronics
2022-05-04,322.4,293.3,47.17,311.3,False,Electronics
2022-05-05,366.2,280.7,45.73,376.1,False,Electronics
2022-05-06,365.0,277.9,46.63,346.1,False,Electronics
2022-05-07,362.2,275.5,47.27,368.7,False,Electronics
2022-05-08,275.2,242.4,47.91,267.6,False,Electronics
2022-05-09,295.1,268.3,46.72,296.15,False,Electronics
2022-05-10,315.0,294.2,45.53,324.7,False,Electronics
2022-05-11,343.3,291.6,46.14,310.4,False,Electronics
2022-05-12,386.6,312.5,48.26,380.7,True,Electronics
2022-05-13,373.4,289.5,47.54,364.3,False,Electronics
2022-05-14,342.75,294.8,47.28,331.3,False,Electronics
2022-05-15,312.1,300.1,47.02,298.3,False,Electronics
2022-05-16,288.0,308.3,47.43,275.3,False,Electronics
2022-05-17,320.4,302.5,47.38,300.2,False,Electronics
2022-05-18,438.9,306.2,46.62,403.8,True,Electronics
2022-05-19,432.6,295.3,46.46,416.4,True,Electronics
2022-05-20,384.45000000000005,301.4,46.57,378.79999999999995,False,Electronics
2022-05-21,336.3,307.5,46.68,341.2,False,Electronics
2022-05-22,309.2,327.4,46.46,309.3,False,Electronics
2022-05-23,300.7,330.5,45.31,306.9,False,Electronics
2022-05-24,303.0,329.3,44.8,290.1,False,Electronics
2022-05-25,342.4,309.5,46.55,351.2,False,Electronics
2022-05-26,350.5,302.8,46.46,320.7,False,Electronics
2022-05-27,342.5,299.3,47.36,353.5,False,Electronics
2022-05-28,329.2,297.1666666666667,47.29333333333333,326.56666666666666,False,Electronics
2022-05-29,315.90000000000003,295.0333333333333,47.22666666666667,299.6333333333333,False,Electronics
2022-05-30,302.6,292.9,47.16,272.7,False,Electronics
2022-05-31,305.0,291.4,47.11,292.5,False,Electronics
2022-06-01,387.35,286.04999999999995,47.265,383.8,False,Electronics
2022-06-02,469.7,280.7,47.42,475.1,True,Electronics
2022-06-03,331.7,287.6,47.07,319.6,False,Electronics
2022-06-04,330.8,300.65,46.045,321.65,False,Electronics
2022-06-05,287.6,310.7,47.5,288.9,False,Electronics
2022-06-06,296.2,300.2,45.71,290.2,False,Electronics
2022-06-07,290.9,300.0,46.31,267.8,False,Electronics
2022-06-08,307.1,288.6,45.82,288.8,False,Electronics
2022-06-09,266.29999999999995,242.1,45.739999999999995,269.25,False,Electronics
2022-06-10,273.94999999999993,257.3,46.082499999999996,275.5375,False,Electronics
2022-06-11,281.59999999999997,272.5,46.425,281.825,False,Electronics
2022-06-12,289.25,287.7,46.7675,288.11249999999995,False,Electronics
2022-06-13,296.9,302.9,47.11,294.4,False,Electronics
2022-06-14,315.76666666666665,297.06666666666666,46.486666666666665,304.5333333333333,False,Electronics
2022-06-15,334.6333333333333,291.2333333333333,45.86333333333334,314.6666666666667,False,Electronics
2022-06-16,353.5,285.4,45.24,324.8,False,Electronics
2022-06-17,326.0,293.3,44.57,315.5,False,Electronics
2022-06-18,308.8333333333333,298.8333333333333,45.15,301.3,False,Electronics
2022-06-19,291.6666666666667,304.3666666666667,45.730000000000004,287.09999999999997,False,Electronics
2022-06-20,274.5,309.9,46.31,272.9,False,Electronics
2022-06-21,288.2,304.2,48.04,301.9,False,Electronics
2022-06-22,432.2,303.6,47.41,425.1,True,Electronics
2022-06-23,385.1666666666667,309.8,47.309999999999995,383.83333333333337,False,Electronics
2022-06-24,338.1333333333333,316.0,47.21,342.56666666666666,False,Electronics
2022-06-25,291.1,322.2,47.11,301.3,False,Electronics
2022-06-26,287.65,315.35,46.495000000000005,281.45000000000005,False,Electronics
2022-06-27,284.2,308.5,45.88,261.6,False,Electronics
2022-06-28,286.75,303.15,46.135000000000005,263.8,False,Electronics
2022-06-29,289.3,297.8,46.39,266.0,False,Electronics
2022-06-30,454.6,280.5,48.66,451.8,True,Electronics
2022-07-01,310.1,281.0,45.06,312.4,False,Electronics
2022-07-02,286.15,287.2,45.650000000000006,278.6,False,Electronics
2022-07-03,262.2,293.4,46.24,244.8,False,Electronics
2022-07-04,263.85,296.9,46.269999999999996,256.45000000000005,False,Electronics
2022-07-05,265.5,300.4,46.3,268.1,False,Electronics
2022-07-06,288.0,290.25,46.43,295.75,False,Electronics
2022-07-07,310.5,280.1,46.56,323.4,False,Electronics
2022-07-08,293.975,280.45000000000005,46.6775,301.45,False,Electronics
2022-07-09,277.45,280.8,46.795,279.5,False,Electronics
2022-07-10,260.925,281.15,46.9125,257.54999999999995,False,Electronics
2022-07-11,244.4,281.5,47.03,235.6,False,Electronics
2022-07-12,249.1,287.8,47.73,226.6,False,Electronics
2022-07-13,264.9,274.8,46.06,244.9,False,Electronics
2022-07-14,294.8,259.5,46.88,293.3,False,Electronics
2022-07-15,289.95000000000005,261.45,46.655,282.45000000000005,False,Electronics
2022-07-16,285.1,263.4,46.43,271.6,False,Electronics
2022-07-17,261.6,271.7,46.54,271.0,False,Electronics
2022-07-18,246.0,276.7,47.64,238.9,False,Electronics
2022-07-19,246.9,271.7,47.94,237.6,False,Electronics
2022-07-20,259.6,271.5,46.78,259.7,False,Electronics
2022-07-21,305.0,258.7,46.23,318.8,False,Electronics
2022-07-22,301.8,252.2,46.87,304.6,False,Electronics
2022-07-23,265.9,270.7,47.75,266.8,False,Electronics
2022-07-24,257.66666666666663,271.56666666666666,47.1,257.1666666666667,False,Electronics
2022-07-25,249.4333333333333,272.43333333333334,46.449999999999996,247.53333333333333,False,Electronics
2022-07-26,241.2,273.3,45.8,237.9,False,Electronics
2022-07-27,273.5,257.4,47.9,258.5,False,Electronics
2022-07-28,290.1,249.3,47.3,284.5,False,Electronics
2022-07-29,316.35,251.45,47.055,310.0,False,Electronics
2022-07-30,342.6,253.6,46.81,335.5,True,Electronics
2022-07-31,357.7,252.3,46.17,342.0,True,Electronics
2022-08-01,298.15,252.7,46.99,292.05,False,Electronics
2022-08-02,238.6,253.1,47.81,242.1,False,Electronics
2022-08-03,290.4,297.4,46.72,289.55,False,Electronics
2022-08-04,254.0,251.7,47.56,2543.0,False,Electronics
2022-08-05,351.4,277.6,46.74,317.9,False,Electronics
2022-08-06,280.7,251.7,47.39,272.6,False,Electronics
2022-08-07,279.25,270.9,45.775000000000006,259.85,False,Electronics
2022-08-08,216.6,275.8,47.91,211.4,False,Electronics
2022-08-09,232.1,267.35,47.45,226.2,False,Electronics
2022-08-10,247.6,258.9,46.99,241.0,False,Electronics
2022-08-11,278.95,269.35,46.93,276.85,False,Electronics
2022-08-12,310.3,279.8,46.87,312.7,False,Electronics
2022-08-13,262.1,253.5,46.21,266.0,False,Electronics
2022-08-14,240.2,255.7,47.2,222.8,False,Electronics
2022-08-15,211.3,248.8,47.17,200.4,False,Electronics
2022-08-16,226.8,241.1,47.15,236.3,False,Electronics
2022-08-17,245.0,230.9,46.05,220.9,False,Electronics
2022-08-18,261.0,227.45,46.51,243.95,False,Electronics
2022-08-19,277.0,224.0,46.97,267.0,False,Electronics
2022-08-20,262.0,239.5,48.22,258.0,False,Electronics
2022-08-21,228.6,252.0,46.65,220.8,False,Electronics
2022-08-22,219.4,259.7,47.94,221.9,False,Electronics
2022-08-23,233.9,258.46666666666664,47.666666666666664,229.23333333333335,False,Electronics
2022-08-24,248.39999999999998,257.23333333333335,47.39333333333333,236.56666666666666,False,Electronics
2022-08-25,262.9,256.0,47.12,243.9,False,Electronics
2022-08-26,250.04999999999998,258.25,46.67,244.3,False,Electronics
2022-08-27,237.2,260.5,46.22,244.7,False,Electronics
2022-08-28,216.0,272.1,46.215,217.5,False,Electronics
2022-08-29,194.8,283.7,46.21,190.3,False,Electronics
2022-08-30,215.7,281.2,45.71,211.0,False,Electronics
2022-08-31,235.0,283.4,47.98,216.9,False,Electronics
2022-09-01,245.85,277.5,47.635,242.10000000000002,False,Electronics
2022-09-02,256.7,271.6,47.29,267.3,False,Electronics
2022-09-03,314.1,281.0,47.18,323.45,False,Electronics
2022-09-04,371.5,290.4,47.07,379.59999999999997,False,Electronics
2022-09-05,214.9,281.6,46.06,201.6,False,Electronics
2022-09-06,259.95,280.1,46.33,254.45,False,Electronics
2022-09-07,305.0,278.6,46.6,307.3,False,Electronics
2022-09-08,244.4,188.4,46.93,18.4,False,Electronics
2022-09-09,259.5,193.7,45.11,245.2,False,Electronics
2022-09-10,263.8,193.6,46.17,256.2,False,Electronics
2022-09-11,230.9,261.4,45.92,233.6,False,Electronics
2022-09-12,225.8,263.0,45.495000000000005,216.95,False,Electronics
2022-09-13,220.7,264.6,45.07,200.3,False,Electronics
2022-09-14,232.5,260.3,45.725,220.3,False,Electronics
2022-09-15,244.3,256.0,46.38,240.3,False,Electronics
2022-09-16,246.6,248.8,47.66,229.2,False,Electronics
2022-09-17,250.2,245.0,48.73,254.3,False,Electronics
2022-09-18,232.2,254.0,47.64,224.2,False,Electronics
2022-09-19,193.0,267.2,46.38,174.2,False,Electronics
2022-09-20,208.73333333333332,264.46666666666664,46.52333333333333,196.03333333333333,False,Electronics
2022-09-21,224.46666666666667,261.73333333333335,46.66666666666667,217.86666666666665,False,Electronics
2022-09-22,240.2,259.0,46.81,239.7,False,Electronics
2022-09-23,243.6,258.3,45.37,225.2,False,Electronics
2022-09-24,233.3,265.05,46.575,221.14999999999998,False,Electronics
2022-09-25,223.0,271.8,47.78,217.1,False,Electronics
2022-09-26,219.8,273.1,46.91,220.85,False,Electronics
2022-09-27,216.6,274.4,46.04,224.6,False,Electronics
2022-09-28,233.33333333333334,272.96666666666664,46.13666666666666,238.5,False,Electronics
2022-09-29,250.06666666666666,271.53333333333336,46.233333333333334,252.4,False,Electronics
2022-09-30,266.8,270.1,46.33,266.3,False,Electronics
2022-10-01,229.3,287.8,47.91,226.7,False,Electronics
2022-10-02,271.6,323.0,46.12,254.79999999999998,False,Electronics
2022-10-03,280.79999999999995,314.15,46.68,286.15,False,Electronics
2022-10-04,312.5333333333333,308.8,46.596666666666664,308.43333333333334,False,Electronics
2022-10-05,344.26666666666665,303.45,46.513333333333335,330.71666666666664,False,Electronics
2022-10-06,376.0,298.1,46.43,353.0,True,Electronics
2022-10-07,253.2,292.1,45.87,258.4,False,Electronics
2022-10-08,224.6,290.0,47.9,230.0,False,Electronics
2022-10-09,254.23333333333332,290.1666666666667,47.78666666666667,252.53333333333333,False,Electronics
2022-10-10,283.8666666666667,290.3333333333333,47.67333333333333,275.06666666666666,False,Electronics
2022-10-11,313.5,290.5,47.56,297.6,True,Electronics
2022-10-12,266.6,294.2,46.93,256.7,False,Electronics
2022-10-13,262.2,153.5,45.7,258.6,False,Electronics
2022-10-14,263.1,156.1,46.38,259.6,False,Electronics
2022-10-15,245.00000000000003,160.13333333333333,46.50666666666667,240.60000000000002,False,Electronics
2022-10-16,226.9,164.16666666666666,46.63333333333333,221.6,False,Electronics
2022-10-17,208.8,168.2,46.76,202.6,False,Electronics
2022-10-18,205.5,309.9,47.16,188.0,False,Electronics
2022-10-19,232.1,297.7,45.2,211.5,False,Electronics
2022-10-20,260.6,296.5,46.46,243.8,False,Electronics
2022-10-21,253.1,292.7,44.93,239.0,False,Electronics
2022-10-22,245.2,294.9,47.93,243.8,False,Electronics
2022-10-23,226.6,301.8,46.31,230.9,False,Electronics
2022-10-24,217.5,294.1,48.4,222.1,False,Electronics
2022-10-25,291.05,290.0,47.555,275.95,False,Electronics
2022-10-26,364.6,285.9,46.71,329.8,True,Electronics
2022-10-27,258.2,285.6,47.76,233.0,False,Electronics
2022-10-28,258.8,283.9,48.17,243.7,False,Electronics
2022-10-29,273.0,272.2,46.81,270.1,False,Electronics
2022-10-30,232.9,285.4,44.8,214.5,False,Electronics
2022-10-31,217.3,290.8,46.55,201.5,False,Electronics
2022-11-01,232.55,290.1,46.56,223.1,False,Electronics
2022-11-02,247.8,289.4,46.57,244.7,False,Electronics
2022-11-03,301.95,306.20000000000005,46.155,283.20000000000005,False,Electronics
2022-11-04,322.7,303.5,47.17,321.1,False,Electronics
2022-11-05,239.2,293.7,46.72,242.0,False,Electronics
2022-11-06,273.45,290.29999999999995,47.129999999999995,263.05,False,Electronics
2022-11-07,219.1,306.5,46.23,209.3,False,Electronics
2022-11-08,208.5,306.3,46.56,208.5,False,Electronics
2022-11-09,236.0,300.9,45.7,231.3,False,Electronics
2022-11-10,265.9,290.4,46.33,268.1,False,Electronics
2022-11-11,259.3,307.0,47.47,255.7,False,Electronics
2022-11-12,244.25,308.35,47.215,233.1,False,Electronics
2022-11-13,229.2,309.7,46.96,210.5,False,Electronics
2022-11-14,210.0,314.0,46.8,199.0,False,Electronics
2022-11-15,237.4,313.2,47.52,245.1,False,Electronics
2022-11-16,259.5,299.25,46.74,259.45,False,Electronics
2022-11-17,281.6,285.3,45.96,273.8,False,Electronics
2022-11-18,267.75,294.15,45.975,263.85,False,Electronics
2022-11-19,253.9,303.0,45.99,253.9,False,Electronics
2022-11-20,245.5,303.2,46.62,248.8,False,Electronics
2022-11-21,227.1,312.6,47.72,238.1,False,Electronics
2022-11-22,226.2,308.4,46.15,214.8,False,Electronics
2022-11-23,256.1,293.8,47.91,261.2,False,Electronics
2022-11-24,278.5,292.1,48.34,262.0,False,Electronics
2022-11-25,281.8,291.35,47.44,269.6,False,Electronics
2022-11-26,285.1,290.6,46.54,277.2,False,Electronics
2022-11-27,315.0,304.0,47.32,284.4,True,Electronics
2022-11-28,235.8,310.1,48.34,236.9,False,Electronics
2022-11-29,258.0,298.8,48.045,251.85000000000002,False,Electronics
2022-11-30,280.2,287.5,47.75,266.8,False,Electronics
2022-12-01,257.1,353.5,46.73,266.4,False,Electronics
2022-12-02,309.0,280.3,46.96,304.0,False,Electronics
2022-12-03,280.9,293.4,48.33,285.2,False,Electronics
2022-12-04,277.6,295.1,46.48,281.1,False,Electronics
2022-12-05,261.8,302.85,46.53,266.3,False,Electronics
2022-12-06,246.0,310.6,46.58,251.5,False,Electronics
2022-12-07,276.9,291.2,48.18,266.0,False,Electronics
2022-12-08,247.64999999999998,279.0,46.845,232.35,False,Electronics
2022-12-09,218.4,266.8,45.51,198.7,False,Electronics
2022-12-10,206.9,295.1,47.33,210.8,False,Electronics
2022-12-11,277.5,288.8,45.65,289.6,False,Electronics
2022-12-12,240.5,307.5,47.51,227.2,False,Electronics
2022-12-13,253.5,303.0,48.08,234.7,False,Electronics
2022-12-14,270.6,301.1,47.455,254.29999999999998,False,Electronics
2022-12-15,287.7,299.2,46.83,273.9,False,Electronics
2022-12-16,320.79999999999995,293.04999999999995,45.995,308.5,False,Electronics
2022-12-17,353.9,286.9,45.16,343.1,True,Electronics
2022-12-18,273.1,290.7,47.28,265.8,False,Electronics
2022-12-19,266.3,294.5,47.83,267.3,False,Electronics
2022-12-20,272.75,287.2,47.254999999999995,278.55,False,Electronics
2022-12-21,279.2,279.9,46.68,289.8,False,Electronics
2022-12-22,314.7,264.4,46.73,295.8,False,Electronics
2022-12-23,333.3,256.4,46.97,316.9,False,Electronics
2022-12-24,316.53333333333336,262.26666666666665,46.586666666666666,298.16666666666663,False,Electronics
2022-12-25,299.76666666666665,268.1333333333333,46.20333333333333,279.43333333333334,False,Electronics
2022-12-26,283.0,274.0,45.82,260.7,False,Electronics
2022-12-27,292.3,272.9,44.82,293.6,False,Electronics
2022-12-28,319.0,261.0,47.37,290.2,False,Electronics
2022-12-29,344.2,253.5,46.32,326.4,False,Electronics
2022-12-30,330.65,263.35,46.495000000000005,324.0,False,Electronics
2022-12-31,317.1,273.2,46.67,321.6,False,Electronics
2023-01-01,314.4,273.7,46.77,324.7,False,Electronics
2023-01-02,311.65,267.04999999999995,47.175,318.6,False,Electronics
2023-01-03,308.9,260.4,47.58,312.5,False,Electronics
2023-01-04,452.3,264.8,46.22,468.7,True,Electronics
2020-01-01,261.3,780.4,73.82,243.5,False,Furniture
2020-01-02,281.1,773.8,76.01,268.5,False,Furniture
2020-01-03,292.9,760.3,73.95,279.5,False,Furniture
2020-01-04,260.1,769.7,74.99,248.6,False,Furniture
2020-01-05,238.39999999999998,769.35,73.86500000000001,236.9,False,Furniture
2020-01-06,363.1,764.0,73.76,333.7,True,Furniture
2020-01-07,260.75,785.5,76.55,260.8,False,Furniture
2020-01-08,267.3,770.1,75.07,262.5,False,Furniture
2020-01-09,279.55,772.7666666666667,75.57333333333334,269.8,False,Furniture
2020-01-10,291.8,775.4333333333334,76.07666666666667,277.09999999999997,False,Furniture
2020-01-11,304.05,778.1,76.58000000000001,284.4,False,Furniture
2020-01-12,392.8,820.9,76.05,376.7,True,Furniture
2020-01-13,245.2,781.2,75.97,246.8,False,Furniture
2020-01-14,251.9,778.6,73.85,248.7,False,Furniture
2020-01-15,251.5,776.7,74.69,239.5,False,Furniture
2020-01-16,256.9,773.0,73.7,242.4,False,Furniture
2020-01-17,266.7,769.1,74.43,264.6,False,Furniture
2020-01-18,248.3,778.2,74.76,225.8,False,Furniture
2020-01-19,241.4,770.2,72.3,233.8,False,Furniture
2020-01-20,238.9,774.1,74.03,225.0,False,Furniture
2020-01-21,240.9,773.8,76.16,225.7,False,Furniture
2020-01-22,247.25,769.15,76.68,240.75,False,Furniture
2020-01-23,253.6,764.5,77.2,255.8,False,Furniture
2020-01-24,247.96666666666667,766.3,75.88,952.2,False,Furniture
2020-01-25,242.33333333333331,768.1,74.56,1648.6,False,Furniture
2020-01-26,236.7,769.9,73.24,2345.0,False,Furniture
2020-01-27,227.6,772.15,73.21000000000001,1274.7,False,Furniture
2020-01-28,218.5,774.4,73.18,204.4,False,Furniture
2020-01-29,253.3,757.2,72.96,244.7,False,Furniture
2020-01-30,246.25,762.35,74.01499999999999,246.95,False,Furniture
2020-01-31,239.2,767.5,75.07,249.2,False,Furniture
2020-02-01,231.2,778.35,75.005,233.7,False,Furniture
2020-02-02,223.2,789.2,74.94,218.2,False,Furniture
2020-02-03,209.39999999999998,794.2,75.015,198.89999999999998,False,Furniture
2020-02-04,195.6,799.2,75.09,179.6,False,Furniture
2020-02-05,214.2,797.4,76.32,194.5,False,Furniture
2020-02-06,292.95,777.9000000000001,73.975,286.4,False,Furniture
2020-02-07,245.925,785.6,74.0075,233.45,False,Furniture
2020-02-08,198.9,793.3,74.04,180.5,False,Furniture
2020-02-09,211.6,792.6,73.59,198.9,False,Furniture
2020-02-10,276.9,787.0,75.105,259.55,False,Furniture
2020-02-11,342.2,781.4,76.62,320.2,False,Furniture
2020-02-12,274.15,779.5999999999999,75.78999999999999,261.35,False,Furniture
2020-02-13,206.1,777.8,74.96,202.5,False,Furniture
2020-02-14,209.9,776.1,75.05,192.8,False,Furniture
2020-02-15,239.8,764.4,73.5,221.5,False,Furniture
2020-02-16,224.15,770.7,75.075,207.15,False,Furniture
2020-02-17,208.5,777.0,76.65,192.8,False,Furniture
2020-02-18,212.7,770.175,75.8425,203.4,False,Furniture
2020-02-19,216.9,763.35,75.035,214.0,False,Furniture
2020-02-20,221.10000000000002,756.5250000000001,74.2275,224.6,False,Furniture
2020-02-21,225.3,749.7,73.42,235.2,False,Furniture
2020-02-22,197.6,759.5,74.62,207.4,False,Furniture
2020-02-23,202.92,755.88,74.33,212.46,False,Furniture
2020-02-24,208.23999999999998,752.26,74.04,217.52,False,Furniture
2020-02-25,213.56,748.64,73.75,222.57999999999998,False,Furniture
2020-02-26,218.88,745.02,73.46000000000001,227.64,False,Furniture
2020-02-27,224.2,741.4,73.17,232.7,False,Furniture
2020-02-28,211.3,743.4,74.14,192.4,False,Furniture
2020-02-29,208.95,741.5999999999999,74.815,199.3,False,Furniture
2020-03-01,206.6,739.8,75.49,206.2,False,Furniture
2020-03-02,159.7,757.1,71.93,150.9,False,Furniture
2020-03-03,181.0,754.5,76.1,183.4,False,Furniture
2020-03-04,225.15,768.1,75.96,223.3,False,Furniture
2020-03-05,269.3,781.7,75.82,263.2,True,Furniture
2020-03-06,259.45,715.175,75.395,249.77499999999998,False,Furniture
2020-03-07,249.6,648.65,74.97,236.35,False,Furniture
2020-03-08,228.1,680.8333333333334,75.02666666666667,222.29999999999998,False,Furniture
2020-03-09,206.6,713.0166666666667,75.08333333333333,208.25,False,Furniture
2020-03-10,185.1,745.2,75.14,194.2,False,Furniture
2020-03-11,192.3,743.6,74.24,174.5,False,Furniture
2020-03-12,341.25,772.6,73.94,352.0,False,Furniture
2020-03-13,189.0,751.5,74.07,195.1,False,Furniture
2020-03-14,247.9,735.5,73.86,228.9,False,Furniture
2020-03-15,165.8,763.6,72.84,158.5,False,Furniture
2020-03-16,191.2,748.9,74.31,175.6,False,Furniture
2020-03-17,163.7,761.6,72.0,1654.0,False,Furniture
2020-03-18,163.64999999999998,763.7,72.445,1405.65,False,Furniture
2020-03-19,163.6,765.8000000000001,72.89,1157.3,False,Furniture
2020-03-20,163.55,767.9000000000001,73.33500000000001,908.95,False,Furniture
2020-03-21,163.5,770.0,73.78,660.6,False,Furniture
2020-03-22,163.45,772.1,74.225,412.25,False,Furniture
2020-03-23,163.4,774.2,74.67,163.9,False,Furniture
2020-03-24,160.1,772.0,75.89,146.0,False,Furniture
2020-03-25,154.7,785.4,73.23,140.2,False,Furniture
2020-03-26,154.625,788.825,73.6525,142.7,False,Furniture
2020-03-27,154.55,792.25,74.075,145.2,False,Furniture
2020-03-28,154.475,795.675,74.4975,147.7,False,Furniture
2020-03-29,154.4,799.1,74.92,150.2,False,Furniture
2020-03-30,181.9,793.0,71.43,181.0,False,Furniture
2020-03-31,181.8,790.3,74.98,169.1,False,Furniture
2020-04-01,175.45,788.3499999999999,75.59,167.89999999999998,False,Furniture
2020-04-02,169.1,786.4,76.2,166.7,False,Furniture
2020-04-03,264.05,755.4,73.495,249.60000000000002,False,Furniture
2020-04-04,203.8,769.6,74.77,190.2,False,Furniture
2020-04-05,188.13333333333335,776.6333333333333,75.35,176.1,False,Furniture
2020-04-06,172.46666666666667,783.6666666666667,75.93,162.0,False,Furniture
2020-04-07,156.8,790.7,76.51,147.9,False,Furniture
2020-04-08,186.3,780.8,75.07,189.6,False,Furniture
2020-04-09,187.8,782.0999999999999,74.55,181.6,False,Furniture
2020-04-10,189.3,783.4,74.03,173.6,False,Furniture
2020-04-11,222.125,791.55,75.1,207.2,False,Furniture
2020-04-12,254.95,799.7,76.17,240.8,False,Furniture
2020-04-13,164.0,786.4,75.76,158.4,False,Furniture
2020-04-14,147.5,784.2,73.26,142.3,False,Furniture
2020-04-15,185.4,770.6,73.82,182.5,False,Furniture
2020-04-16,177.0,774.1,72.89,182.9,False,Furniture
2020-04-17,181.2,777.05,73.005,186.05,False,Furniture
2020-04-18,185.4,780.0,73.12,189.2,False,Furniture
2020-04-19,189.0,773.6,74.61500000000001,189.0,False,Furniture
2020-04-20,192.6,767.2,76.11,188.8,False,Furniture
2020-04-21,146.2,781.8,73.84,144.5,False,Furniture
2020-04-22,173.5,770.4,74.33500000000001,174.85,False,Furniture
2020-04-23,200.8,759.0,74.83,205.2,False,Furniture
2020-04-24,164.2,767.8,74.46,169.5,False,Furniture
2020-04-25,176.2,772.8499999999999,75.05,172.15,False,Furniture
2020-04-26,188.2,777.9,75.64,174.8,False,Furniture
2020-04-27,188.2,783.7,74.28,197.2,False,Furniture
2020-04-28,163.1,789.2,72.65,158.6,False,Furniture
2020-04-29,155.8,795.0,74.3,144.2,False,Furniture
2020-04-30,217.5,773.5,75.52,202.9,False,Furniture
2020-05-01,196.95,778.6,74.96000000000001,188.75,False,Furniture
2020-05-02,176.4,783.7,74.4,174.6,False,Furniture
2020-05-03,180.2,758.8,73.14,181.9,False,Furniture
2020-05-04,199.16666666666666,763.6,74.25666666666666,194.06666666666666,False,Furniture
2020-05-05,218.13333333333333,768.4,75.37333333333333,206.23333333333335,False,Furniture
2020-05-06,237.1,773.2,76.49,218.4,False,Furniture
2020-05-07,212.9,789.0,75.99,204.2,False,Furniture
2020-05-08,281.75,800.0,74.715,271.79999999999995,False,Furniture
2020-05-09,350.6,811.0,73.44,339.4,False,Furniture
2020-05-10,329.6,781.3,73.51,313.9,False,Furniture
2020-05-11,174.6,801.1,75.15,183.0,False,Furniture
2020-05-12,182.3,792.3,75.78,167.3,False,Furniture
2020-05-13,198.7,780.8,78.28,1791.0,False,Furniture
2020-05-14,204.5,769.9666666666666,76.54666666666667,1267.2666666666667,False,Furniture
2020-05-15,210.29999999999998,759.1333333333333,74.81333333333333,743.5333333333333,False,Furniture
2020-05-16,216.1,748.3,73.08,219.8,False,Furniture
2020-05-17,268.7,761.3,73.38,264.4,True,Furniture
2020-05-18,185.5,758.9,75.45,175.4,False,Furniture
2020-05-19,188.76666666666668,660.2666666666667,73.98333333333333,132.16666666666669,False,Furniture
2020-05-20,192.03333333333333,561.6333333333333,72.51666666666667,88.93333333333335,False,Furniture
2020-05-21,195.3,463.0,71.05,45.7,False,Furniture
2020-05-22,256.0,454.9,72.75,263.1,False,Furniture
2020-05-23,240.15,614.0999999999999,73.87,233.20000000000002,False,Furniture
2020-05-24,224.3,773.3,74.99,203.3,True,Furniture
2020-05-25,297.1,762.9,74.84,280.5,True,Furniture
2020-05-26,221.6,752.6,74.99,212.1,False,Furniture
2020-05-27,209.5,755.9,74.27,190.3,False,Furniture
2020-05-28,232.2,756.4,77.49,219.5,False,Furniture
2020-05-29,215.6,766.4,74.17,224.9,False,Furniture
2020-05-30,206.2,769.2,72.43,210.1,False,Furniture
2020-05-31,192.0,770.6,74.12,174.6,False,Furniture
2020-06-01,202.6,767.0,77.14,205.1,False,Furniture
2020-06-02,205.675,763.7,76.125,204.52499999999998,False,Furniture
2020-06-03,208.75,760.4000000000001,75.11,203.95,False,Furniture
2020-06-04,224.5,776.7,74.04,222.8,False,Furniture
2020-06-05,198.8,792.1,74.66,205.2,False,Furniture
2020-06-06,227.5,780.6,73.6,210.4,False,Furniture
2020-06-07,215.46666666666667,783.8666666666667,73.68666666666667,204.3,False,Furniture
2020-06-08,203.43333333333334,787.1333333333333,73.77333333333333,198.2,False,Furniture
2020-06-09,191.4,790.4,73.86,192.1,False,Furniture
2020-06-10,219.5,780.2,74.26,208.2,False,Furniture
2020-06-11,234.8,779.5,73.54,229.0,False,Furniture
2020-06-12,262.35,779.65,75.625,255.3,False,Furniture
2020-06-13,289.9,779.8,77.71,281.6,True,Furniture
2020-06-14,253.14999999999998,784.3499999999999,77.37,246.65,False,Furniture
2020-06-15,216.4,788.9,77.03,211.7,False,Furniture
2020-06-16,282.9,791.6,73.57,289.4,True,Furniture
2020-06-17,290.0,791.1,74.225,289.2,False,Furniture
2020-06-18,297.1,790.6,74.88,289.0,True,Furniture
2020-06-19,258.8,783.6,74.03,257.8,False,Furniture
2020-06-20,266.7,783.1,74.27,250.7,False,Furniture
2020-06-21,221.1,793.7,76.58,228.9,False,Furniture
2020-06-22,213.7,798.1,75.35,211.7,False,Furniture
2020-06-23,201.3,803.6,76.42,201.0,False,Furniture
2020-06-24,242.45000000000002,792.5,75.795,234.5,False,Furniture
2020-06-25,283.6,781.4,75.17,268.0,False,Furniture
2020-06-26,262.1,791.25,74.245,245.7,False,Furniture
2020-06-27,240.6,801.1,73.32,223.4,False,Furniture
2020-06-28,234.95,803.85,74.175,230.35000000000002,False,Furniture
2020-06-29,229.3,806.6,75.03,237.3,False,Furniture
2020-06-30,249.8,808.9,75.61,228.5,False,Furniture
2020-07-01,262.8,682.9,75.035,246.3,False,Furniture
2020-07-02,275.8,556.9,74.46,264.1,False,Furniture
2020-07-03,280.20000000000005,554.05,74.485,140.85000000000002,False,Furniture
2020-07-04,284.6,551.2,74.51,17.6,False,Furniture
2020-07-05,271.32500000000005,607.875,74.55250000000001,131.375,False,Furniture
2020-07-06,258.05,664.55,74.595,245.15,False,Furniture
2020-07-07,384.525,741.7249999999999,74.0875,265.05,False,Furniture
2020-07-08,511.0,818.9,73.58,284.95,False,Furniture
2020-07-09,433.35,789.0999999999999,74.12,306.725,False,Furniture
2020-07-10,355.7,759.3,74.66,328.5,False,Furniture
2020-07-11,311.7,788.15,73.6,301.2,False,Furniture
2020-07-12,267.7,817.0,72.54,273.9,False,Furniture
2020-07-13,269.9,818.3,73.58500000000001,278.5,False,Furniture
2020-07-14,272.1,819.6,74.63,283.1,False,Furniture
2020-07-15,287.65,811.7,74.38,290.75,False,Furniture
2020-07-16,303.2,803.8,74.13,298.4,False,Furniture
2020-07-17,288.2,819.2,73.65,260.0,False,Furniture
2020-07-18,290.25,819.25,74.43,266.4,False,Furniture
2020-07-19,292.3,819.3,75.21,272.8,False,Furniture
2020-07-20,267.0,831.3,73.09,276.5,False,Furniture
2020-07-21,256.3,845.9,73.94,248.0,False,Furniture
2020-07-22,274.93333333333334,843.9,74.85333333333334,260.73333333333335,False,Furniture
2020-07-23,293.56666666666666,841.9,75.76666666666667,273.46666666666664,False,Furniture
2020-07-24,312.2,839.9,76.68,286.2,False,Furniture
2020-07-25,287.3,844.9,74.61,275.8,False,Furniture
2020-07-26,296.0,838.4,74.05666666666667,284.43333333333334,False,Furniture
2020-07-27,304.7,831.9,73.50333333333333,293.06666666666666,False,Furniture
2020-07-28,313.4,825.4,72.95,301.7,False,Furniture
2020-07-29,356.1,805.6,74.07,328.3,False,Furniture
2020-07-30,319.0,820.6,75.78,333.0,False,Furniture
2020-07-31,334.5,821.8,73.73,314.6,False,Furniture
2020-08-01,309.9,827.0,73.825,306.05,False,Furniture
2020-08-02,285.3,832.2,73.92,297.5,False,Furniture
2020-08-03,225.20000000000002,792.7,73.62,1627.95,False,Furniture
2020-08-04,299.8,820.1,75.2,282.1,False,Furniture
2020-08-05,282.07500000000005,810.3,74.805,268.975,False,Furniture
2020-08-06,264.35,800.5,74.41,255.85000000000002,False,Furniture
2020-08-07,290.025,817.5,75.08,271.07500000000005,False,Furniture
2020-08-08,315.7,834.5,75.75,286.3,False,Furniture
2020-08-09,320.6,831.4,74.775,292.65,False,Furniture
2020-08-10,325.5,828.3,73.8,299.0,False,Furniture
2020-08-11,319.7,831.15,72.905,313.05,False,Furniture
2020-08-12,313.9,834.0,72.01,327.1,False,Furniture
2020-08-13,311.95,835.775,72.83000000000001,324.77500000000003,False,Furniture
2020-08-14,310.0,837.55,73.65,322.45000000000005,False,Furniture
2020-08-15,308.05,839.325,74.47,320.125,False,Furniture
2020-08-16,306.1,841.1,75.29,317.8,False,Furniture
2020-08-17,308.05,845.1,76.53,306.85,False,Furniture
2020-08-18,310.0,849.1,77.77,295.9,False,Furniture
2020-08-19,341.2,838.3,77.08,342.4,False,Furniture
2020-08-20,369.6,822.4,71.76,360.1,False,Furniture
2020-08-21,346.1,824.1,75.28,329.0,False,Furniture
2020-08-22,353.1,817.6,73.61,342.6,False,Furniture
2020-08-23,327.1,819.4,71.71,336.5,False,Furniture
2020-08-24,321.2,818.0,73.86,328.6,False,Furniture
2020-08-25,322.7,815.0,71.49,306.3,False,Furniture
2020-08-26,317.5,817.1,72.44,290.4,False,Furniture
2020-08-27,326.1,819.7,74.85,306.9,False,Furniture
2020-08-28,333.55,822.2,73.89,323.5,False,Furniture
2020-08-29,341.0,824.7,72.93,340.1,False,Furniture
2020-08-30,320.5,828.8,72.39,327.0,False,Furniture
2020-08-31,336.7,824.0,74.01,306.0,False,Furniture
2020-09-01,344.2,821.4,72.43,343.1,False,Furniture
2020-09-02,336.15,818.0,73.30000000000001,341.9,False,Furniture
2020-09-03,328.1,814.6,74.17,340.7,False,Furniture
2020-09-04,344.4,809.4,75.9,331.2,False,Furniture
2020-09-05,348.04999999999995,812.75,75.405,347.79999999999995,False,Furniture
2020-09-06,351.7,816.1,74.91,364.4,False,Furniture
2020-09-07,257.4,817.9,74.77,265.0,False,Furniture
2020-09-08,334.1,809.4,75.42,342.0,False,Furniture
2020-09-09,345.9,807.3,74.92,333.75,False,Furniture
2020-09-10,357.7,805.2,74.42,325.5,False,Furniture
2020-09-11,411.3666666666667,808.2333333333333,74.22333333333333,379.3,False,Furniture
2020-09-12,465.03333333333336,811.2666666666667,74.02666666666667,433.09999999999997,False,Furniture
2020-09-13,518.7,814.3,73.83,486.9,True,Furniture
2020-09-14,429.1,815.8499999999999,74.19,409.04999999999995,False,Furniture
2020-09-15,339.5,817.4,74.55,331.2,False,Furniture
2020-09-16,358.6,813.1,75.52,372.3,False,Furniture
2020-09-17,374.3,805.2,75.96,344.4,False,Furniture
2020-09-18,365.5,806.1500000000001,74.47999999999999,352.9,False,Furniture
2020-09-19,356.7,807.1,73.0,361.4,False,Furniture
2020-09-20,363.8,806.4,75.62,369.4,False,Furniture
2020-09-21,342.1,821.4,75.01,314.0,False,Furniture
2020-09-22,344.4,815.1,75.83,324.2,False,Furniture
2020-09-23,365.2,807.4,73.46,356.0,False,Furniture
2020-09-24,388.5,790.6,73.27,372.3,False,Furniture
2020-09-25,406.6666666666667,793.5333333333333,72.92999999999999,389.26666666666665,False,Furniture
2020-09-26,424.8333333333333,796.4666666666667,72.59,406.23333333333335,False,Furniture
2020-09-27,443.0,799.4,72.25,423.2,True,Furniture
2020-09-28,342.8,797.4,73.88,325.5,False,Furniture
2020-09-29,355.70000000000005,789.4,74.565,340.6,False,Furniture
2020-09-30,368.6,781.4,75.25,355.7,False,Furniture
2020-10-01,302.55,777.65,74.995,298.05,False,Furniture
2020-10-02,307.7,776.1,74.866,303.42,False,Furniture
2020-10-03,312.85,774.55,74.737,308.79,False,Furniture
2020-10-04,318.0,773.0,74.608,314.15999999999997,False,Furniture
2020-10-05,323.15000000000003,771.4499999999999,74.479,319.53,False,Furniture
2020-10-06,328.3,769.9,74.35,324.9,False,Furniture
2020-10-07,363.25,763.8499999999999,74.22999999999999,363.29999999999995,False,Furniture
2020-10-08,398.2,757.8,74.11,401.7,False,Furniture
2020-10-09,402.0,758.7,73.21,380.1,False,Furniture
2020-10-10,378.6,776.6,73.82,361.0,False,Furniture
2020-10-11,483.8,782.5,75.45,491.2,True,Furniture
2020-10-12,348.1,796.1,72.74,354.0,False,Furniture
2020-10-13,345.2,793.7,74.13,332.1,False,Furniture
2020-10-14,360.3,790.9,74.45,326.9,False,Furniture
2020-10-15,389.8,777.5,78.02,378.8,False,Furniture
2020-10-16,376.23333333333335,778.3666666666667,76.20666666666666,374.1333333333333,False,Furniture
2020-10-17,362.6666666666667,779.2333333333333,74.39333333333333,369.4666666666667,False,Furniture
2020-10-18,349.1,780.1,72.58,364.8,False,Furniture
2020-10-19,353.7,785.5,76.25,357.5,False,Furniture
2020-10-20,349.5,780.5,73.91,345.7,False,Furniture
2020-10-21,381.8,767.5,73.97,363.5,False,Furniture
2020-10-22,390.9,765.5,74.6,410.0,False,Furniture
2020-10-23,383.1,778.5,77.28,396.4,False,Furniture
2020-10-24,345.6,782.8,72.78,356.4,False,Furniture
2020-10-25,356.4,778.5,75.44,321.5,False,Furniture
2020-10-26,361.4,776.5,74.39,368.5,False,Furniture
2020-10-27,475.09999999999997,774.8,74.87,487.0,False,Furniture
2020-10-28,588.8,773.1,75.35,605.5,True,Furniture
2020-10-29,351.4,775.2,72.63,363.5,False,Furniture
2020-10-30,373.3,769.3,71.37,339.6,False,Furniture
2020-10-31,341.4,778.2,73.82,340.9,False,Furniture
2020-11-01,347.325,779.375,73.845,339.275,False,Furniture
2020-11-02,353.25,780.55,73.87,337.65,False,Furniture
2020-11-03,359.175,781.725,73.895,336.025,False,Furniture
2020-11-04,365.1,782.9,73.92,334.4,False,Furniture
2020-11-05,367.05,778.7,75.025,341.4,False,Furniture
2020-11-06,369.0,774.5,76.13,348.4,False,Furniture
2020-11-07,366.9,783.3,74.03,331.2,False,Furniture
2020-11-08,336.7,795.1,75.64,333.3,False,Furniture
2020-11-09,334.3,801.05,73.235,332.35,False,Furniture
2020-11-10,333.8666666666667,806.9,73.35166666666667,330.3666666666667,False,Furniture
2020-11-11,333.43333333333334,812.7499999999999,73.46833333333333,328.3833333333333,False,Furniture
2020-11-12,333.0,818.5999999999999,73.58500000000001,326.4,False,Furniture
2020-11-13,387.7,805.1,74.78,390.6,False,Furniture
2020-11-14,385.6,805.1,72.65,389.4,False,Furniture
2020-11-15,369.1,809.6,73.5475,370.65,False,Furniture
2020-11-16,352.6,814.1,74.445,351.9,False,Furniture
2020-11-17,336.1,818.6,75.3425,333.15,False,Furniture
2020-11-18,319.6,823.1,76.24,314.4,False,Furniture
2020-11-19,342.4,821.9000000000001,74.88499999999999,328.15,False,Furniture
2020-11-20,365.2,820.7,73.53,341.9,False,Furniture
2020-11-21,493.8,830.2,73.05,449.2,True,Furniture
2020-11-22,333.1,828.9,75.45,340.8,False,Furniture
2020-11-23,316.4,832.5,73.77,305.0,False,Furniture
2020-11-24,318.6,826.3,73.03,327.3,False,Furniture
2020-11-25,339.1,819.4333333333333,74.34333333333333,336.9666666666667,False,Furniture
2020-11-26,359.6,812.5666666666667,75.65666666666667,346.6333333333333,False,Furniture
2020-11-27,380.1,805.7,76.97,356.3,False,Furniture
2020-11-28,332.4,820.5,73.03,347.0,False,Furniture
2020-11-29,318.7,815.9,74.12,3197.0,False,Furniture
2020-11-30,445.7,815.0,74.15,409.7,True,Furniture
2020-12-01,398.5,811.5,73.5,365.0,False,Furniture
2020-12-02,351.3,808.0,72.85,320.3,False,Furniture
2020-12-03,344.40000000000003,808.9,73.32333333333332,313.1,False,Furniture
2020-12-04,337.5,809.8000000000001,73.79666666666667,305.9,False,Furniture
2020-12-05,330.6,810.7,74.27,298.7,False,Furniture
2020-12-06,324.85,811.8,73.32,294.6,False,Furniture
2020-12-07,319.1,812.9,72.37,290.5,False,Furniture
2020-12-08,290.1,820.7,74.42,267.2,False,Furniture
2020-12-09,355.4,807.9,72.1,331.7,False,Furniture
2020-12-10,322.4,814.1,76.27,314.1,False,Furniture
2020-12-11,309.4,823.6500000000001,74.88499999999999,296.6,False,Furniture
2020-12-12,296.4,833.2,73.5,279.1,False,Furniture
2020-12-13,304.6,839.0,72.32,309.0,False,Furniture
2020-12-14,288.2,838.8,74.3,298.1,False,Furniture
2020-12-15,647.4000000000001,840.7,74.4,290.75,False,Furniture
2020-12-16,1006.6,842.6,74.5,283.4,False,Furniture
2020-12-17,667.6,837.2,74.89500000000001,293.04999999999995,False,Furniture
2020-12-18,328.6,831.8,75.29,302.7,False,Furniture
2020-12-19,296.3,845.4,75.74,271.4,False,Furniture
2020-12-20,295.1,849.7,72.94,303.3,False,Furniture
2020-12-21,323.8,855.3,72.56,328.8,False,Furniture
2020-12-22,408.3,859.65,73.00999999999999,416.4,False,Furniture
2020-12-23,492.8,864.0,73.46,504.0,True,Furniture
2020-12-24,311.0,866.5,73.07,305.3,False,Furniture
2020-12-25,299.2,867.5,73.42,281.9,False,Furniture
2020-12-26,286.7,865.9,74.58,266.9,False,Furniture
2020-12-27,278.29999999999995,868.4,74.765,258.15,False,Furniture
2020-12-28,269.9,870.9,74.95,249.4,False,Furniture
2020-12-29,274.42499999999995,867.15,74.62,253.07500000000002,False,Furniture
2020-12-30,278.95,863.4,74.28999999999999,256.75,False,Furniture
2020-12-31,283.475,859.65,73.96,260.425,False,Furniture
2021-01-01,288.0,855.9,73.63,264.1,False,Furniture
2021-01-02,276.73333333333335,873.3166666666666,73.85,260.55,False,Furniture
2021-01-03,265.46666666666664,890.7333333333333,74.07,257.0,False,Furniture
2021-01-04,254.2,908.15,74.28999999999999,253.45000000000002,False,Furniture
2021-01-05,257.2,864.0,76.77,233.5,False,Furniture
2021-01-06,252.7,860.9,70.48,236.8,False,Furniture
2021-01-07,268.8333333333333,860.2333333333333,72.35333333333334,253.63333333333335,False,Furniture
2021-01-08,284.9666666666667,859.5666666666666,74.22666666666666,270.4666666666667,False,Furniture
2021-01-09,301.1,858.9,76.1,287.3,False,Furniture
2021-01-10,300.55,902.9749999999999,75.7825,1133.075,False,Furniture
2021-01-11,300.0,947.05,75.465,1978.85,False,Furniture
2021-01-12,349.9,613.8,74.42,352.3,False,Furniture
2021-01-13,275.2,860.6,73.48,270.0,False,Furniture
2021-01-14,268.92,865.08,73.522,260.38,False,Furniture
2021-01-15,262.64,869.5600000000001,73.56400000000001,250.76,False,Furniture
2021-01-16,256.36,874.04,73.606,241.14,False,Furniture
2021-01-17,250.08,878.52,73.648,231.52,False,Furniture
2021-01-18,243.8,883.0,73.69,221.9,False,Furniture
2021-01-19,239.6,884.3,74.61,226.8,False,Furniture
2021-01-20,292.7,874.6,77.98,299.9,False,Furniture
2021-01-21,292.85,726.6500000000001,77.53,285.9,False,Furniture
2021-01-22,293.0,578.7,77.08,271.9,False,Furniture
2021-01-23,295.1,577.8,73.91,43.8,False,Furniture
2021-01-24,282.6,579.4,73.125,147.7,False,Furniture
2021-01-25,270.1,581.0,72.34,251.6,False,Furniture
2021-01-26,243.3,881.4,73.85,248.0,False,Furniture
2021-01-27,225.7,890.0,75.61,220.6,False,Furniture
2021-01-28,262.5,881.8,75.3,243.0,False,Furniture
2021-01-29,249.1,893.2,74.99,230.6,False,Furniture
2021-01-30,244.6,890.9,74.64,226.8,False,Furniture
2021-01-31,270.1,887.1,75.5,255.0,False,Furniture
2021-02-01,353.25,875.35,76.715,339.7,False,Furniture
2021-02-02,324.96666666666664,880.5333333333333,75.82333333333334,308.6333333333333,False,Furniture
2021-02-03,296.68333333333334,885.7166666666667,74.93166666666667,277.56666666666666,False,Furniture
2021-02-04,268.4,890.9,74.04,246.5,False,Furniture
2021-02-05,281.5,889.5,74.74,284.0,False,Furniture
2021-02-06,245.8,904.0,73.6,249.9,False,Furniture
2021-02-07,355.3,901.2,74.82,339.3,True,Furniture
2021-02-08,272.1,946.75,74.715,257.0,False,Furniture
2021-02-09,256.0,891.3,77.19,233.5,False,Furniture
2021-02-10,287.1,899.0,74.93,285.5,True,Furniture
2021-02-11,268.5,885.0,73.9,268.2,False,Furniture
2021-02-12,258.9,888.25,73.665,253.0,False,Furniture
2021-02-13,249.3,891.5,73.43,237.8,False,Furniture
2021-02-14,219.0,899.3,73.0,226.5,False,Furniture
2021-02-15,233.66666666666666,898.3,73.21666666666667,239.16666666666666,False,Furniture
2021-02-16,248.33333333333334,897.3,73.43333333333334,251.83333333333334,False,Furniture
2021-02-17,263.0,896.3,73.65,264.5,False,Furniture
2021-02-18,232.5,905.8,74.1,225.5,False,Furniture
2021-02-19,254.1,910.3,74.81,250.7,False,Furniture
2021-02-20,225.0,921.9,75.77,232.0,False,Furniture
2021-02-21,215.55,929.55,74.18,221.3,False,Furniture
2021-02-22,206.1,937.2,72.59,210.6,False,Furniture
2021-02-23,201.3,946.4,74.14,190.1,False,Furniture
2021-02-24,191.7,943.6,72.59,185.7,False,Furniture
2021-02-25,217.6,940.2,74.73,205.7,False,Furniture
2021-02-26,230.9,934.3,76.63,216.2,False,Furniture
2021-02-27,246.6,922.2,72.41,244.9,False,Furniture
2021-02-28,195.3,943.1,72.02,202.4,False,Furniture
2021-03-01,259.65,894.7,75.42,242.0,False,Furniture
2021-03-02,255.4,887.7,78.15,261.7,False,Furniture
2021-03-03,192.0,941.0,76.11,192.6,False,Furniture
2021-03-04,246.3,912.3,72.6,229.3,False,Furniture
2021-03-05,263.7,910.7,73.77,258.4,False,Furniture
2021-03-06,202.5,923.1,74.14,196.0,False,Furniture
2021-03-07,196.0,928.7,74.83,189.6,False,Furniture
2021-03-08,189.5,934.3,75.52,183.20000000000002,False,Furniture
2021-03-09,183.0,939.9,76.21,176.8,False,Furniture
2021-03-10,187.0,940.5,75.03,192.3,False,Furniture
2021-03-11,201.95,935.65,74.805,205.15,False,Furniture
2021-03-12,216.9,930.8,74.58,218.0,False,Furniture
2021-03-13,193.6,937.5,76.24,182.5,False,Furniture
2021-03-14,217.1,944.4,73.93,200.5,False,Furniture
2021-03-15,190.1,958.7,73.75,182.1,False,Furniture
2021-03-16,196.0,956.9,73.91,199.9,False,Furniture
2021-03-17,206.2,948.3,74.63,194.7,False,Furniture
2021-03-18,218.7,946.3,75.76,219.3,False,Furniture
2021-03-19,245.1,940.4,74.79,224.1,False,Furniture
2021-03-20,201.0,956.0,74.96,192.1,False,Furniture
2021-03-21,197.9,954.5,74.4,1991.0,False,Furniture
2021-03-22,143.4,980.0,73.24,129.2,False,Furniture
2021-03-23,213.7,951.5,73.78,223.9,False,Furniture
2021-03-24,204.6,954.1,73.11,191.6,False,Furniture
2021-03-25,239.8,948.8,76.84,244.1,False,Furniture
2021-03-26,235.7,957.3,75.52,223.1,False,Furniture
2021-03-27,187.4,969.5,74.51,185.0,False,Furniture
2021-03-28,199.3,969.3,73.935,199.5,False,Furniture
2021-03-29,211.2,969.1,73.36,214.0,False,Furniture
2021-03-30,255.0,974.6,76.72,260.6,True,Furniture
2021-03-31,214.2,961.4,75.27,207.3,False,Furniture
2021-04-01,220.0,962.15,75.3,218.65,False,Furniture
2021-04-02,225.8,962.9,75.33,230.0,False,Furniture
2021-04-03,198.9,978.5,74.66,207.3,False,Furniture
2021-04-04,201.6,978.5857142857143,74.64999999999999,209.0,False,Furniture
2021-04-05,204.3,978.6714285714286,74.64,210.70000000000002,False,Furniture
2021-04-06,207.0,978.7571428571429,74.63,212.4,False,Furniture
2021-04-07,209.70000000000002,978.8428571428572,74.62,214.1,False,Furniture
2021-04-08,212.4,978.9285714285714,74.61,215.79999999999998,False,Furniture
2021-04-09,215.10000000000002,979.0142857142857,74.60000000000001,217.5,False,Furniture
2021-04-10,217.8,979.1,74.59,219.2,False,Furniture
2021-04-11,297.1,1006.85,73.41499999999999,280.70000000000005,False,Furniture
2021-04-12,174.8,998.2,73.95,172.4,False,Furniture
2021-04-13,231.05,987.35,74.6,221.39999999999998,False,Furniture
2021-04-14,287.3,976.5,75.25,270.4,True,Furniture
2021-04-15,232.8,964.4,72.66,241.1,False,Furniture
2021-04-16,239.5,969.9,75.04,218.4,False,Furniture
2021-04-17,237.0,966.1,76.65,246.6,False,Furniture
2021-04-18,219.5,976.2,75.72,229.5,False,Furniture
2021-04-19,208.5,984.6,73.77,209.9,False,Furniture
2021-04-20,197.5,993.0,71.82,190.3,False,Furniture
2021-04-21,214.7,992.4,77.28,213.8,False,Furniture
2021-04-22,208.475,999.7,77.15,205.025,False,Furniture
2021-04-23,202.25,1007.0,77.02000000000001,196.25,False,Furniture
2021-04-24,196.025,1014.3,76.89,187.475,False,Furniture
2021-04-25,189.8,1021.6,76.76,178.7,False,Furniture
2021-04-26,185.9,1023.9,76.12,175.5,False,Furniture
2021-04-27,177.6,1024.2,75.08,165.0,False,Furniture
2021-04-28,188.0,1017.1666666666667,75.41333333333333,179.6,False,Furniture
2021-04-29,198.4,1010.1333333333333,75.74666666666667,194.20000000000002,False,Furniture
2021-04-30,208.8,1003.1,76.08,208.8,False,Furniture
2021-05-01,196.2,1014.4000000000001,75.875,199.60000000000002,False,Furniture
2021-05-02,183.6,1025.7,75.67,190.4,False,Furniture
2021-05-03,198.8,1015.225,75.405,203.25,False,Furniture
2021-05-04,214.0,1004.75,75.14,216.10000000000002,False,Furniture
2021-05-05,243.3,1009.7,72.94,255.1,False,Furniture
2021-05-06,223.5,1018.0,74.15,220.2,False,Furniture
2021-05-07,276.6,1010.7,73.5,280.2,False,Furniture
2021-05-08,205.1,1022.5,73.27,194.2,False,Furniture
2021-05-09,202.16666666666666,1025.8,73.53333333333333,188.9,False,Furniture
2021-05-10,199.23333333333335,1029.1000000000001,73.79666666666667,183.6,False,Furniture
2021-05-11,196.3,1032.4,74.06,178.3,False,Furniture
2021-05-12,302.8,1016.25,73.83,277.85,False,Furniture
2021-05-13,219.3,1021.7,71.69,215.4,False,Furniture
2021-05-14,352.5,1009.2,76.99,341.4,True,Furniture
2021-05-15,247.2,998.6,75.23,226.3,False,Furniture
2021-05-16,278.7,1004.1500000000001,75.08500000000001,269.05,False,Furniture
2021-05-17,310.2,1009.7,74.94,311.8,True,Furniture
2021-05-18,223.1,999.5,75.35,221.6,False,Furniture
2021-05-19,206.8,997.7,76.22,210.3,False,Furniture
2021-05-20,214.5,996.2,74.45,197.6,False,Furniture
2021-05-21,275.7,974.8,72.63,260.8,False,Furniture
2021-05-22,525.85,990.3499999999999,72.16999999999999,225.4,False,Furniture
2021-05-23,776.0,1005.9,71.71,190.0,False,Furniture
2021-05-24,220.3,1005.5,75.3,227.3,False,Furniture
2021-05-25,224.46666666666667,1005.7333333333333,75.41333333333333,229.26666666666668,False,Furniture
2021-05-26,228.63333333333335,1005.9666666666667,75.52666666666667,231.23333333333332,False,Furniture
2021-05-27,232.8,1006.2,75.64,233.2,False,Furniture
2021-05-28,340.4,991.0,75.94,346.2,True,Furniture
2021-05-29,286.9,978.5,73.37,259.3,False,Furniture
2021-05-30,214.0,1001.2,73.36,196.6,False,Furniture
2021-05-31,210.3,1000.2,74.98,196.7,False,Furniture
2021-06-01,232.0,994.0,74.73,224.6,False,Furniture
2021-06-02,243.8,994.8,75.81,221.3,False,Furniture
2021-06-03,434.8,985.0,72.59,415.9,True,Furniture
2021-06-04,258.5,992.7,75.15,246.5,False,Furniture
2021-06-05,244.8,998.7,75.79,237.9,False,Furniture
2021-06-06,250.075,1000.85,74.42500000000001,244.725,False,Furniture
2021-06-07,255.35,1003.0,73.06,251.54999999999998,False,Furniture
2021-06-08,309.4,1007.2,77.08,307.0,True,Furniture
2021-06-09,287.29999999999995,994.75,76.96000000000001,274.9,False,Furniture
2021-06-10,265.2,982.3,76.84,242.8,False,Furniture
2021-06-11,246.2,991.8,72.75,237.4,False,Furniture
2021-06-12,377.5,993.6,71.53,351.5,True,Furniture
2021-06-13,246.5,988.1,73.49,251.8,False,Furniture
2021-06-14,248.6,988.9,74.67,227.9,False,Furniture
2021-06-15,253.9,983.2,76.47,234.5,False,Furniture
2021-06-16,257.4,987.8,76.1,237.2,False,Furniture
2021-06-17,252.7,779.8,74.645,236.75,False,Furniture
2021-06-18,248.0,571.8,73.19,236.3,False,Furniture
2021-06-19,867.9,569.5,75.3,238.0,False,Furniture
2021-06-20,565.5,571.1,74.94999999999999,253.6,False,Furniture
2021-06-21,263.1,572.7,74.6,269.2,False,Furniture
2021-06-22,222.3,578.7,72.46,212.9,False,Furniture
2021-06-23,258.9,1009.0,74.18,240.6,False,Furniture
2021-06-24,279.6,1005.35,74.065,258.8,False,Furniture
2021-06-25,300.3,1001.7,73.95,277.0,False,Furniture
2021-06-26,239.8,1018.0,75.28,238.5,False,Furniture
2021-06-27,267.4,1011.6,74.02,251.7,False,Furniture
2021-06-28,292.85,1014.8,73.79499999999999,271.2,False,Furniture
2021-06-29,318.3,1018.0,73.57,290.7,True,Furniture
2021-06-30,284.5,1011.2,74.64,262.8,False,Furniture
2021-07-01,296.4,1012.6500000000001,74.53,272.70000000000005,False,Furniture
2021-07-02,308.3,1014.1,74.42,282.6,False,Furniture
2021-07-03,257.4,971.8,75.53,259.4,False,Furniture
2021-07-04,231.8,998.4000000000001,72.79499999999999,1124.2,False,Furniture
2021-07-05,252.53333333333333,995.6666666666667,73.65666666666665,845.4000000000001,False,Furniture
2021-07-06,273.26666666666665,992.9333333333334,74.51833333333333,566.6,False,Furniture
2021-07-07,294.0,990.2,75.38,287.8,False,Furniture
2021-07-08,382.2,998.4,72.92,358.9,True,Furniture
2021-07-09,366.74,997.4,73.232,350.79999999999995,False,Furniture
2021-07-10,351.28,996.4,73.544,342.7,False,Furniture
2021-07-11,335.82,995.4,73.85600000000001,334.59999999999997,False,Furniture
2021-07-12,320.35999999999996,994.4,74.168,326.5,False,Furniture
2021-07-13,304.9,993.4,74.48,318.4,False,Furniture
2021-07-14,297.0,998.9,76.08,274.9,False,Furniture
2021-07-15,298.4,997.2,73.6,275.7,False,Furniture
2021-07-16,322.2,988.5,75.25,314.5,False,Furniture
2021-07-17,304.8,994.3,75.25,281.3,False,Furniture
2021-07-18,285.0,1001.3,73.95,258.5,False,Furniture
2021-07-19,300.3,1001.6,73.83,315.2,False,Furniture
2021-07-20,308.9,997.0,72.97,287.7,False,Furniture
2021-07-21,310.85,1000.4,73.67,286.79999999999995,False,Furniture
2021-07-22,312.8,1003.8,74.37,285.9,False,Furniture
2021-07-23,340.5,1000.3,75.14,350.6,False,Furniture
2021-07-24,353.4,996.8,71.73,343.7,False,Furniture
2021-07-25,376.0,997.4,72.6,373.3,False,Furniture
2021-07-26,398.6,998.0,73.47,402.9,False,Furniture
2021-07-27,421.2,998.6,74.34,432.5,False,Furniture
2021-07-28,443.8,999.2,75.21,462.1,True,Furniture
2021-07-29,387.25,998.05,74.79499999999999,389.1,False,Furniture
2021-07-30,330.7,996.9,74.38,316.1,False,Furniture
2021-07-31,323.6,997.4,73.76,319.8,False,Furniture
2021-08-01,334.65,916.5,75.67,321.45,False,Furniture
2021-08-02,326.71666666666664,937.9499999999999,75.31333333333333,322.3333333333333,False,Furniture
2021-08-03,318.78333333333336,959.4,74.95666666666666,323.2166666666667,False,Furniture
2021-08-04,310.85,980.8499999999999,74.6,324.1,False,Furniture
2021-08-05,328.475,975.0749999999999,73.305,339.35,False,Furniture
2021-08-06,346.1,969.3,72.01,354.6,False,Furniture
2021-08-07,377.06666666666666,971.7666666666667,73.4,384.23333333333335,False,Furniture
2021-08-08,408.03333333333336,974.2333333333333,74.79,413.8666666666667,False,Furniture
2021-08-09,439.0,976.7,76.18,443.5,True,Furniture
2021-08-10,310.0,992.2,75.37,300.5,False,Furniture
2021-08-11,352.8,977.9,74.73,340.1,False,Furniture
2021-08-12,334.4,986.7,74.11,321.4,False,Furniture
2021-08-13,345.1,990.4,75.89,347.9,False,Furniture
2021-08-14,435.85,983.55,75.94,450.0,False,Furniture
2021-08-15,526.6,976.7,75.99,552.1,True,Furniture
2021-08-16,340.1,980.1,75.33,355.9,False,Furniture
2021-08-17,336.3,981.5,73.25,338.9,False,Furniture
2021-08-18,350.85,974.3,74.65,345.65,False,Furniture
2021-08-19,365.4,967.1,76.05,352.4,False,Furniture
2021-08-20,373.3,969.5,73.58,379.4,False,Furniture
2021-08-21,378.9,961.5,74.49,386.3,False,Furniture
2021-08-22,333.3,969.0,74.43,344.5,False,Furniture
2021-08-23,340.40000000000003,967.0,74.50333333333334,338.4,False,Furniture
2021-08-24,347.5,965.0,74.57666666666667,332.3,False,Furniture
2021-08-25,354.6,963.0,74.65,326.2,False,Furniture
2021-08-26,391.5,952.6,74.29,359.8,False,Furniture
2021-08-27,408.1,956.6,70.96,422.0,False,Furniture
2021-08-28,360.6,978.4,73.38,358.6,False,Furniture
2021-08-29,346.6,977.4,76.67,315.6,False,Furniture
2021-08-30,1127.2,980.0,76.68,326.4,False,Furniture
2021-08-31,350.3,982.7,74.51,332.3,False,Furniture
2021-09-01,360.25,971.45,75.27000000000001,339.70000000000005,False,Furniture
2021-09-02,370.2,960.2,76.03,347.1,False,Furniture
2021-09-03,441.1,962.0,75.8,447.0,True,Furniture
2021-09-04,394.75,962.65,73.265,380.8,False,Furniture
2021-09-05,348.4,963.3,70.73,314.6,False,Furniture
2021-09-06,303.75,974.65,74.46000000000001,306.9,False,Furniture
2021-09-07,347.35,981.2,74.255,327.5,False,Furniture
2021-09-08,364.125,971.1,74.0675,351.45,False,Furniture
2021-09-09,380.9,961.0,73.88,375.4,False,Furniture
2021-09-10,355.3,969.5,72.41,372.5,False,Furniture
2021-09-11,588.7,968.6,75.0,618.1,True,Furniture
2021-09-12,459.29999999999995,1001.2,77.17500000000001,438.55,False,Furniture
2021-09-13,412.04999999999995,983.6,76.36250000000001,390.425,False,Furniture
2021-09-14,364.8,966.0,75.55,342.3,False,Furniture
2021-09-15,366.9,963.0,74.63499999999999,362.6,False,Furniture
2021-09-16,369.0,960.0,73.72,382.9,False,Furniture
2021-09-17,386.9,952.2,73.97999999999999,399.9,False,Furniture
2021-09-18,404.8,944.4,74.24,416.9,False,Furniture
2021-09-19,373.6,949.5,75.3,343.8,False,Furniture
2021-09-20,358.5,955.3,74.75999999999999,329.25,False,Furniture
2021-09-21,343.4,961.1,74.22,314.7,False,Furniture
2021-09-22,368.0,951.7,74.08,380.5,False,Furniture
2021-09-23,384.2,945.8,72.77,389.8,False,Furniture
2021-09-24,384.65,953.15,73.985,375.70000000000005,False,Furniture
2021-09-25,385.1,960.5,75.2,361.6,False,Furniture
2021-09-26,379.5,973.5,77.25,342.7,False,Furniture
2021-09-27,367.3,976.2,73.61,364.2,False,Furniture
2021-09-28,474.6,982.7,72.13,482.9,True,Furniture
2021-09-29,427.55,978.4000000000001,73.62,437.65,False,Furniture
2021-09-30,380.5,974.1,75.11,392.4,False,Furniture
2021-10-01,321.55,919.7,74.9,306.70000000000005,False,Furniture
2021-10-02,404.8,963.7,71.35,371.9,False,Furniture
2021-10-03,380.25,973.6,70.97,357.4,False,Furniture
2021-10-04,355.7,983.5,70.59,342.9,False,Furniture
2021-10-05,385.1,978.9,74.33,370.9,False,Furniture
2021-10-06,388.35,974.2,75.145,386.25,False,Furniture
2021-10-07,391.6,969.5,75.96,401.6,False,Furniture
2021-10-08,380.3,973.7,74.31,380.4,False,Furniture
2021-10-09,381.7,978.9666666666667,74.34666666666666,379.3333333333333,False,Furniture
2021-10-10,383.1,984.2333333333333,74.38333333333334,378.26666666666665,False,Furniture
2021-10-11,384.5,989.5,74.42,377.2,False,Furniture
2021-10-12,384.65,994.6,73.275,378.75,False,Furniture
2021-10-13,384.8,999.7,72.13,380.3,False,Furniture
2021-10-14,589.3,999.3,73.15,538.3,True,Furniture
2021-10-15,517.1333333333333,999.6,72.31333333333333,483.7,False,Furniture
2021-10-16,444.9666666666667,999.9,71.47666666666667,429.09999999999997,False,Furniture
2021-10-17,372.8,1000.2,70.64,374.5,False,Furniture
2021-10-18,355.9,1013.7,75.3,336.6,False,Furniture
2021-10-19,378.6,1010.9,75.12,353.0,False,Furniture
2021-10-20,410.3,1008.7,73.72,383.5,False,Furniture
2021-10-21,412.5,1008.4000000000001,73.49000000000001,400.15,False,Furniture
2021-10-22,414.7,1008.1,73.26,416.8,False,Furniture
2021-10-23,379.1,1022.5,74.55,386.8,False,Furniture
2021-10-24,365.8,1027.3,72.83,345.5,False,Furniture
2021-10-25,362.4,1024.65,74.17,350.95,False,Furniture
2021-10-26,359.0,1022.0,75.51,356.4,False,Furniture
2021-10-27,588.4,1025.4,75.51,545.4,True,Furniture
2021-10-28,384.0,1019.2,72.13,384.4,False,Furniture
2021-10-29,424.6,1008.1,75.11,394.3,False,Furniture
2021-10-30,368.1,1019.4,74.82,368.9,False,Furniture
2021-10-31,380.2,1019.0,72.21,359.4,False,Furniture
2021-11-01,365.45,1021.35,74.115,361.5,False,Furniture
2021-11-02,350.7,1023.7,76.02,363.6,False,Furniture
2021-11-03,375.7,1019.3,77.03,347.2,False,Furniture
2021-11-04,391.9,1015.15,76.27000000000001,361.2,False,Furniture
2021-11-05,408.1,1011.0,75.51,375.2,False,Furniture
2021-11-06,403.2,1019.8,75.26,421.7,False,Furniture
2021-11-07,337.8,1016.25,73.52000000000001,333.8,False,Furniture
2021-11-08,330.3,1037.7,75.15,344.4,False,Furniture
2021-11-09,322.5,1042.1,72.21,304.2,False,Furniture
2021-11-10,346.05,1031.65,72.43,326.7,False,Furniture
2021-11-11,369.6,1021.2,72.65,349.2,False,Furniture
2021-11-12,364.9,1017.75,72.885,340.9,False,Furniture
2021-11-13,360.2,1014.3,73.12,332.6,False,Furniture
2021-11-14,365.625,1011.9,73.67750000000001,347.225,False,Furniture
2021-11-15,371.04999999999995,1009.5,74.235,361.85,False,Furniture
2021-11-16,376.47499999999997,1007.1,74.79249999999999,376.475,False,Furniture
2021-11-17,381.9,1004.7,75.35,391.1,False,Furniture
2021-11-18,383.7,1005.9,76.92,368.6,False,Furniture
2021-11-19,385.4,1003.6,74.44,348.4,False,Furniture
2021-11-20,376.3,1009.2,74.73,342.6,False,Furniture
2021-11-21,358.7,1020.1,75.24,330.4,False,Furniture
2021-11-22,335.6,1020.3,74.13,317.9,False,Furniture
2021-11-23,309.5,1024.8,73.12,322.6,False,Furniture
2021-11-24,892.6,1018.9,75.74,323.7,False,Furniture
2021-11-25,376.8,1007.0,73.03,379.0,False,Furniture
2021-11-26,360.5,1017.8,75.8,363.3,False,Furniture
2021-11-27,336.4,1036.4,73.93,339.5,False,Furniture
2021-11-28,345.1,1029.9,73.71,340.0,False,Furniture
2021-11-29,457.4,1030.2,72.87,467.8,True,Furniture
2021-11-30,320.9,615.0,75.31,311.3,False,Furniture
2021-12-01,257.8,867.7,75.49,250.9,False,Furniture
2021-12-02,341.7,614.0,76.03,46.4,False,Furniture
2021-12-03,387.7,604.5,76.81,364.9,False,Furniture
2021-12-04,370.5,605.0,73.78,350.6,False,Furniture
2021-12-05,375.375,714.125,73.7325,353.32500000000005,False,Furniture
2021-12-06,380.25,823.25,73.685,356.05,False,Furniture
2021-12-07,385.125,932.375,73.6375,358.775,False,Furniture
2021-12-08,390.0,1041.5,73.59,361.5,True,Furniture
2021-12-09,362.5,1025.05,73.195,346.55,False,Furniture
2021-12-10,335.0,1008.6,72.8,331.6,False,Furniture
2021-12-11,346.4,1018.8499999999999,72.875,333.3,False,Furniture
2021-12-12,357.8,1029.1,72.95,335.0,False,Furniture
2021-12-13,347.55,834.4,73.185,325.0,False,Furniture
2021-12-14,337.3,639.7,73.42,315.0,False,Furniture
2021-12-15,345.8,637.1,75.13,61.1,False,Furniture
2021-12-16,331.3,641.5,72.41,336.5,False,Furniture
2021-12-17,360.2,638.7,73.91,370.3,False,Furniture
2021-12-18,337.9,843.1,73.55,340.15,False,Furniture
2021-12-19,315.6,1047.5,73.19,310.0,False,Furniture
2021-12-20,302.6,1045.6,72.49,273.1,False,Furniture
2021-12-21,398.1,1042.5,74.8,368.0,True,Furniture
2021-12-22,348.5,1027.8,75.56,333.9,False,Furniture
2021-12-23,362.9,1025.85,75.27000000000001,354.6,False,Furniture
2021-12-24,377.3,1023.9,74.98,375.3,False,Furniture
2021-12-25,311.4,1039.9,73.44,289.7,False,Furniture
2021-12-26,311.3,1038.2,74.24,304.1,False,Furniture
2021-12-27,312.8,653.0,76.92,308.7,False,Furniture
2021-12-28,314.5,652.15,75.815,169.04999999999998,False,Furniture
2021-12-29,316.2,651.3,74.71,29.4,False,Furniture
2021-12-30,311.4,653.3,72.67,293.4,False,Furniture
2021-12-31,344.9,655.4,73.79,310.4,False,Furniture
2022-01-01,328.9,1048.3,77.12,297.7,False,Furniture
2022-01-02,293.4,1060.0,77.25,297.8,False,Furniture
2022-01-03,313.2,1053.9,76.44,319.9,False,Furniture
2022-01-04,402.7,1058.0,73.63,378.0,True,Furniture
2022-01-05,248.2,1124.4,75.56,241.15,False,Furniture
2022-01-06,319.5,1064.2,72.99,292.5,False,Furniture
2022-01-07,334.4,1057.4,72.75,313.3,False,Furniture
2022-01-08,748.55,1064.2,73.14,296.45000000000005,False,Furniture
2022-01-09,1162.7,1071.0,73.53,279.6,False,Furniture
2022-01-10,386.6,1079.8,74.76,389.5,True,Furniture
2022-01-11,347.70000000000005,1076.9499999999998,76.03,341.65,False,Furniture
2022-01-12,308.8,1074.1,77.3,293.8,False,Furniture
2022-01-13,297.3,1077.65,76.0,296.35,False,Furniture
2022-01-14,285.8,1081.2,74.7,298.9,False,Furniture
2022-01-15,279.3,1082.8,75.37666666666667,284.46666666666664,False,Furniture
2022-01-16,272.8,1084.4,76.05333333333334,270.0333333333333,False,Furniture
2022-01-17,266.3,1086.0,76.73,255.6,False,Furniture
2022-01-18,277.7,1091.5,74.56,282.5,False,Furniture
2022-01-19,286.3,1085.6,74.3,273.3,False,Furniture
2022-01-20,322.2,1072.6,71.65,310.0,False,Furniture
2022-01-21,313.04999999999995,1073.4,73.105,307.75,False,Furniture
2022-01-22,303.9,1074.2,74.56,305.5,False,Furniture
2022-01-23,290.3,1074.2,77.54,296.6,False,Furniture
2022-01-24,261.5,1081.2,74.56,269.7,False,Furniture
2022-01-25,269.5,1076.7,70.47,266.3,False,Furniture
2022-01-26,299.4,1079.4,77.51,281.0,False,Furniture
2022-01-27,325.8,1066.6,74.94,307.4,False,Furniture
2022-01-28,274.6,1089.6,73.68,252.7,False,Furniture
2022-01-29,289.5,1076.3,74.52,302.4,False,Furniture
2022-01-30,264.4,716.6,75.51,271.9,False,Furniture
2022-01-31,267.0333333333333,718.6333333333333,75.18,273.09999999999997,False,Furniture
2022-02-01,269.6666666666667,720.6666666666667,74.85,274.3,False,Furniture
2022-02-02,272.3,722.7,74.52,275.5,False,Furniture
2022-02-03,269.3,723.4,73.46,271.7,False,Furniture
2022-02-04,242.7,1130.3,73.48,230.0,False,Furniture
2022-02-05,401.5,1087.7,71.6,369.9,True,Furniture
2022-02-06,360.18333333333334,1100.2666666666667,72.31666666666666,338.68333333333334,False,Furniture
2022-02-07,318.8666666666667,1112.8333333333335,73.03333333333333,307.46666666666664,False,Furniture
2022-02-08,277.55,1125.4,73.75,276.25,False,Furniture
2022-02-09,295.0833333333333,1124.5666666666668,73.78,289.7,False,Furniture
2022-02-10,312.6166666666667,1123.7333333333333,73.81,303.15000000000003,False,Furniture
2022-02-11,330.15,1122.9,73.84,316.6,False,Furniture
2022-02-12,285.5,1096.1,77.37,258.0,False,Furniture
2022-02-13,240.3,1102.8,72.5,223.9,False,Furniture
2022-02-14,262.3,1100.1,75.36,269.9,False,Furniture
2022-02-15,247.5,1104.8,76.47,253.8,False,Furniture
2022-02-16,379.5,1106.0,73.48,378.7,True,Furniture
2022-02-17,259.0,1095.4,76.7,251.3,False,Furniture
2022-02-18,288.0,1089.9,74.7,283.3,False,Furniture
2022-02-19,274.9,1102.2,73.6,283.2,False,Furniture
2022-02-20,252.89999999999998,1110.3000000000002,74.215,257.9,False,Furniture
2022-02-21,230.9,1118.4,74.83,232.6,False,Furniture
2022-02-22,238.60000000000002,1108.15,76.375,232.75,False,Furniture
2022-02-23,246.3,1097.9,77.92,232.9,False,Furniture
2022-02-24,250.025,1100.3000000000002,77.34,233.9,False,Furniture
2022-02-25,253.75,1102.7,76.75999999999999,234.9,False,Furniture
2022-02-26,257.475,1105.1,76.17999999999999,235.9,False,Furniture
2022-02-27,261.2,1107.5,75.6,236.9,False,Furniture
2022-02-28,256.6,1132.0,77.54,249.9,True,Furniture
2022-03-01,200.3,1126.0,75.84,191.9,False,Furniture
2022-03-02,227.55,1114.7,75.285,215.5,False,Furniture
2022-03-03,254.8,1103.4,74.73,239.1,False,Furniture
2022-03-04,245.4,1108.3,74.04,252.5,False,Furniture
2022-03-05,260.6,1102.8,75.6,234.8,False,Furniture
2022-03-06,195.2,1122.4,72.55,181.6,False,Furniture
2022-03-07,211.6,1123.5,75.02,200.7,False,Furniture
2022-03-08,211.95714285714286,1123.4714285714285,75.11285714285714,201.05714285714285,False,Furniture
2022-03-09,212.31428571428572,1123.442857142857,75.20571428571428,201.4142857142857,False,Furniture
2022-03-10,212.67142857142858,1123.4142857142856,75.29857142857142,201.77142857142857,False,Furniture
2022-03-11,213.0285714285714,1123.3857142857144,75.39142857142858,202.1285714285714,False,Furniture
2022-03-12,213.38571428571427,1123.357142857143,75.48428571428572,202.48571428571427,False,Furniture
2022-03-13,213.74285714285713,1123.3285714285714,75.57714285714286,202.84285714285713,False,Furniture
2022-03-14,214.1,1123.3,75.67,203.2,False,Furniture
2022-03-15,232.6,1115.1,73.06,242.5,False,Furniture
2022-03-16,243.2,1114.7,74.84,242.0,False,Furniture
2022-03-17,239.8,1112.2,74.65,251.3,False,Furniture
2022-03-18,224.5,1106.6,75.69,222.2,False,Furniture
2022-03-19,202.8,1118.5,75.15,188.5,False,Furniture
2022-03-20,1221.1,1113.3,76.92,269.4,True,Furniture
2022-03-21,343.0,1126.8,75.38,339.9,True,Furniture
2022-03-22,215.4,1128.7,72.38,214.5,False,Furniture
2022-03-23,208.1,1130.8,74.37,202.6,False,Furniture
2022-03-24,219.8,1129.5,72.98,224.7,False,Furniture
2022-03-25,222.5,1130.4,75.75,231.5,False,Furniture
2022-03-26,222.63333333333333,1132.2,74.75666666666666,222.16666666666666,False,Furniture
2022-03-27,222.76666666666668,1134.0,73.76333333333334,212.83333333333334,False,Furniture
2022-03-28,222.9,1135.8,72.77,203.5,False,Furniture
2022-03-29,221.0,1136.9499999999998,73.02,206.75,False,Furniture
2022-03-30,219.1,1138.1,73.27,210.0,False,Furniture
2022-03-31,231.7,1138.1,75.23,217.7,False,Furniture
2022-04-01,232.825,1136.3,75.03,217.725,False,Furniture
2022-04-02,233.95,1134.5,74.83000000000001,217.75,False,Furniture
2022-04-03,235.075,1132.7,74.63000000000001,217.775,False,Furniture
2022-04-04,236.2,1130.9,74.43,217.8,False,Furniture
2022-04-05,190.4,1150.4,73.44,179.6,False,Furniture
2022-04-06,214.5,1144.2,73.77,193.8,False,Furniture
2022-04-07,253.4,1137.8,74.02,252.6,False,Furniture
2022-04-08,239.8,1138.8,73.06,227.7,False,Furniture
2022-04-09,233.25,1136.75,73.045,220.3,False,Furniture
2022-04-10,226.7,1134.7,73.03,212.9,False,Furniture
2022-04-11,186.5,1145.6,76.95,183.8,False,Furniture
2022-04-12,195.95,1142.05,75.62,195.85000000000002,False,Furniture
2022-04-13,205.4,1138.5,74.29,207.9,False,Furniture
2022-04-14,250.7,1121.2,72.49,241.7,False,Furniture
2022-04-15,235.46666666666667,1130.7333333333333,73.08333333333333,232.56666666666666,False,Furniture
2022-04-16,220.23333333333332,1140.2666666666667,73.67666666666666,223.43333333333334,False,Furniture
2022-04-17,205.0,1149.8,74.27,214.3,False,Furniture
2022-04-18,211.7,1155.3,72.19,203.3,False,Furniture
2022-04-19,210.8,1157.7,77.49,208.1,False,Furniture
2022-04-20,210.4,1172.7,74.68,190.9,False,Furniture
2022-04-21,242.7,1163.6,73.52,224.8,False,Furniture
2022-04-22,250.5,1161.6,75.8,244.0,False,Furniture
2022-04-23,226.35,1178.25,76.05,227.85,False,Furniture
2022-04-24,202.2,1194.9,76.3,211.7,False,Furniture
2022-04-25,238.3,1201.5,73.25,235.4,True,Furniture
2022-04-26,233.7,1181.5,74.34,227.3,False,Furniture
2022-04-27,245.1,1172.5,73.33,244.3,False,Furniture
2022-04-28,243.4,1175.2,76.53,230.5,False,Furniture
2022-04-29,251.6,1161.5,74.99,248.5,False,Furniture
2022-04-30,336.4,1164.8,75.09,321.5,True,Furniture
2022-05-01,275.0,1167.35,74.38,258.3,False,Furniture
2022-05-02,213.6,1169.9,73.67,195.1,False,Furniture
2022-05-03,221.75,1168.5500000000002,74.065,211.35,False,Furniture
2022-05-04,229.9,1167.2,74.46,227.6,False,Furniture
2022-05-05,246.5,1160.9,72.96,228.6,False,Furniture
2022-05-06,266.9,1156.0,71.46,277.0,False,Furniture
2022-05-07,256.2,1161.8,76.06,234.2,False,Furniture
2022-05-08,244.2,1160.5,74.27,238.6,False,Furniture
2022-05-09,255.9,1154.8,72.69,243.0,False,Furniture
2022-05-10,249.33333333333334,1154.9666666666667,72.35666666666667,243.2,False,Furniture
2022-05-11,242.76666666666665,1155.1333333333332,72.02333333333333,243.4,False,Furniture
2022-05-12,236.2,1155.3,71.69,243.6,False,Furniture
2022-05-13,263.5,1146.5,72.6,254.0,False,Furniture
2022-05-14,241.6,1161.7,73.11,226.0,False,Furniture
2022-05-15,224.14999999999998,1161.4,72.91499999999999,219.9,False,Furniture
2022-05-16,206.7,1161.1,72.72,213.8,False,Furniture
2022-05-17,218.1,1159.1399999999999,73.218,219.08,False,Furniture
2022-05-18,229.5,1157.1799999999998,73.716,224.36,False,Furniture
2022-05-19,240.89999999999998,1155.22,74.214,229.64,False,Furniture
2022-05-20,252.29999999999998,1153.26,74.71199999999999,234.92,False,Furniture
2022-05-21,263.7,1151.3,75.21,240.2,False,Furniture
2022-05-22,237.2,1157.6,72.17,234.5,False,Furniture
2022-05-23,213.1,1168.5,75.29,216.2,False,Furniture
2022-05-24,233.9,1168.3,74.55,237.4,False,Furniture
2022-05-25,260.2,1162.0,76.74,265.1,False,Furniture
2022-05-26,258.5,1167.6,76.39,265.7,False,Furniture
2022-05-27,263.7,1164.0,75.45,258.35,False,Furniture
2022-05-28,268.9,1160.4,74.51,251.0,False,Furniture
2022-05-29,245.0,1166.2,74.49,254.0,False,Furniture
2022-05-30,241.35,1165.1,74.185,237.55,False,Furniture
2022-05-31,237.7,1164.0,73.88,221.1,False,Furniture
2022-06-01,256.75,1157.45,75.145,249.8,False,Furniture
2022-06-02,275.8,1150.9,76.41,278.5,False,Furniture
2022-06-03,265.9,1153.9333333333334,76.13,267.1333333333333,False,Furniture
2022-06-04,256.0,1156.9666666666667,75.85,255.76666666666668,False,Furniture
2022-06-05,246.1,1160.0,75.57,244.4,False,Furniture
2022-06-06,266.9,1163.5,75.17,268.6,False,Furniture
2022-06-07,328.9,1158.45,74.935,330.85,False,Furniture
2022-06-08,274.0,1157.8,75.99,280.1,False,Furniture
2022-06-09,318.575,1141.0,75.33,313.675,False,Furniture
2022-06-10,363.15,1124.2,74.67,347.25,False,Furniture
2022-06-11,337.9625,1127.9,74.1325,326.7875,False,Furniture
2022-06-12,312.775,1131.6,73.595,306.325,False,Furniture
2022-06-13,287.5875,1135.3,73.0575,285.86249999999995,False,Furniture
2022-06-14,262.4,1139.0,72.52,265.4,False,Furniture
2022-06-15,288.8,1135.5,74.72,266.7,False,Furniture
2022-06-16,311.4,1131.5,71.28,300.4,False,Furniture
2022-06-17,284.9,1140.1,77.93,296.4,False,Furniture
2022-06-18,303.7,1136.5,75.25,312.4,False,Furniture
2022-06-19,262.5,1149.9,75.71,237.5,False,Furniture
2022-06-20,283.5,1139.6,70.79,279.2,False,Furniture
2022-06-21,254.0,1159.9,74.96,252.4,False,Furniture
2022-06-22,253.8,1153.0,73.72,251.5,False,Furniture
2022-06-23,309.7,1138.0,73.29,298.2,False,Furniture
2022-06-24,307.8,1137.1,76.52,288.3,False,Furniture
2022-06-25,306.5,1138.9399999999998,75.642,289.38,False,Furniture
2022-06-26,305.2,1140.78,74.764,290.46,False,Furniture
2022-06-27,303.90000000000003,1142.62,73.886,291.54,False,Furniture
2022-06-28,302.6,1144.46,73.008,292.62,False,Furniture
2022-06-29,301.3,1146.3,72.13,293.7,False,Furniture
2022-06-30,302.20000000000005,1146.9499999999998,73.44999999999999,283.35,False,Furniture
2022-07-01,303.1,1147.6,74.77,273.0,False,Furniture
2022-07-02,294.5,1120.5,75.015,284.75,False,Furniture
2022-07-03,307.2,1145.4,75.58,281.3,False,Furniture
2022-07-04,360.5,1161.1,74.47,363.9,True,Furniture
2022-07-05,336.2,1160.9666666666667,73.69333333333333,335.56666666666666,False,Furniture
2022-07-06,311.90000000000003,1160.8333333333333,72.91666666666667,307.2333333333333,False,Furniture
2022-07-07,287.6,1160.7,72.14,278.9,False,Furniture
2022-07-08,300.6333333333333,1153.5666666666666,72.49333333333334,288.3333333333333,False,Furniture
2022-07-09,313.6666666666667,1146.4333333333334,72.84666666666666,297.76666666666665,False,Furniture
2022-07-10,326.7,1139.3,73.2,307.2,False,Furniture
2022-07-11,306.5,1148.8,76.3,309.1,False,Furniture
2022-07-12,311.1,1152.4,76.4,307.1,False,Furniture
2022-07-13,867.6,1150.4,75.91,298.1,False,Furniture
2022-07-14,613.9,1145.9,75.81,326.25,False,Furniture
2022-07-15,360.2,1141.4,75.71,354.4,False,Furniture
2022-07-16,330.6,1150.1,75.89,311.1,False,Furniture
2022-07-17,325.6,1151.5,74.41,295.8,False,Furniture
2022-07-18,333.54,1149.1,74.112,311.72,False,Furniture
2022-07-19,341.48,1146.7,73.814,327.64,False,Furniture
2022-07-20,349.42,1144.3,73.516,343.56,False,Furniture
2022-07-21,357.36,1141.9,73.218,359.47999999999996,False,Furniture
2022-07-22,365.3,1139.5,72.92,375.4,False,Furniture
2022-07-23,379.2,1133.5,76.66,346.1,False,Furniture
2022-07-24,330.5,1148.7,73.28,299.9,False,Furniture
2022-07-25,333.1666666666667,1145.2333333333333,73.32333333333334,307.2333333333333,False,Furniture
2022-07-26,335.8333333333333,1141.7666666666667,73.36666666666666,314.56666666666666,False,Furniture
2022-07-27,338.5,1138.3,73.41,321.9,False,Furniture
2022-07-28,328.0,1147.7,74.76,312.1,False,Furniture
2022-07-29,325.5,1138.1125,74.33250000000001,313.7375,False,Furniture
2022-07-30,323.0,1128.525,73.905,315.375,False,Furniture
2022-07-31,320.5,1118.9375,73.47749999999999,317.0125,False,Furniture
2022-08-01,318.0,1109.35,73.05,318.65,False,Furniture
2022-08-02,343.35,1121.625,73.55,351.475,False,Furniture
2022-08-03,368.7,1133.9,74.05,384.3,False,Furniture
2022-08-04,367.6,1126.7,75.1,382.2,False,Furniture
2022-08-05,372.9,1124.5,71.18,336.7,False,Furniture
2022-08-06,364.5,1123.9,75.12,348.8,False,Furniture
2022-08-07,353.2,1127.1,74.195,339.45000000000005,False,Furniture
2022-08-08,341.9,1130.3,73.27,330.1,False,Furniture
2022-08-09,393.6,1166.2,75.5,412.5,False,Furniture
2022-08-10,345.1,1129.6,74.57,361.6,False,Furniture
2022-08-11,382.2,1120.2,75.53,389.3,False,Furniture
2022-08-12,380.9,1121.65,75.87,380.0,False,Furniture
2022-08-13,379.6,1123.1,76.21,370.7,False,Furniture
2022-08-14,358.6,1137.4499999999998,74.755,352.35,False,Furniture
2022-08-15,337.6,1151.8,73.3,334.0,False,Furniture
2022-08-16,354.7,1145.5,73.0,355.4,False,Furniture
2022-08-17,354.5,1149.8,75.47,370.9,False,Furniture
2022-08-18,490.0,1148.0,77.25,473.7,True,Furniture
2022-08-19,417.7,1151.5,76.21000000000001,1890.8500000000001,False,Furniture
2022-08-20,345.4,1155.0,75.17,3308.0,False,Furniture
2022-08-21,363.4,649.5,75.68,369.5,False,Furniture
2022-08-22,365.9,650.8,76.23,195.6,False,Furniture
2022-08-23,368.4,652.1,76.78,21.7,False,Furniture
2022-08-24,376.9,651.2,75.83,211.35,False,Furniture
2022-08-25,385.4,650.3,74.88,401.0,False,Furniture
2022-08-26,402.9,1149.6,73.32,376.3,False,Furniture
2022-08-27,387.0,1149.9,73.92,403.2,False,Furniture
2022-08-28,342.9,1163.2,73.34,341.9,False,Furniture
2022-08-29,351.6,1159.1,73.32,349.0,False,Furniture
2022-08-30,401.2,1148.7,73.55,391.4,False,Furniture
2022-08-31,370.68333333333334,1143.25,73.85666666666667,363.7,False,Furniture
2022-09-01,340.16666666666663,1137.8,74.16333333333333,336.0,False,Furniture
2022-09-02,309.65,1132.35,74.47,308.3,False,Furniture
2022-09-03,320.95,1135.1999999999998,73.96000000000001,310.55,False,Furniture
2022-09-04,324.43333333333334,1141.0833333333333,74.25166666666668,321.75,False,Furniture
2022-09-05,327.91666666666663,1146.9666666666665,74.54333333333334,332.95,False,Furniture
2022-09-06,331.4,1152.85,74.83500000000001,344.15,False,Furniture
2022-09-07,338.35,1142.875,73.9125,347.075,False,Furniture
2022-09-08,345.3,1132.9,72.99,350.0,False,Furniture
2022-09-09,404.6,1161.1,74.71,424.6,False,Furniture
2022-09-10,390.6,1162.7,72.43,407.4,False,Furniture
2022-09-11,391.8,1158.5,75.225,362.55,False,Furniture
2022-09-12,435.6333333333333,1159.9,75.25333333333333,416.7,False,Furniture
2022-09-13,479.46666666666664,1161.3,75.28166666666667,470.85,False,Furniture
2022-09-14,523.3,1162.7,75.31,525.0,True,Furniture
2022-09-15,480.9,1158.4333333333334,74.49,1626.6666666666667,False,Furniture
2022-09-16,438.5,1154.1666666666667,73.67,2728.3333333333335,False,Furniture
2022-09-17,396.1,1149.9,72.85,3830.0,False,Furniture
2022-09-18,399.35,1150.25,73.535,2102.25,False,Furniture
2022-09-19,402.6,1150.6,74.22,374.5,False,Furniture
2022-09-20,375.5,1158.3,73.29,338.2,False,Furniture
2022-09-21,389.7,1150.15,73.165,380.4,False,Furniture
2022-09-22,403.9,1142.0,73.04,422.6,False,Furniture
2022-09-23,399.76666666666665,1142.1333333333334,72.99333333333334,411.33333333333337,False,Furniture
2022-09-24,395.6333333333333,1142.2666666666667,72.94666666666667,400.06666666666666,False,Furniture
2022-09-25,391.5,1142.4,72.9,388.8,False,Furniture
2022-09-26,368.7,1148.0,73.24,347.5,False,Furniture
2022-09-27,372.3,1141.5,73.81,379.2,False,Furniture
2022-09-28,517.6,1125.4,70.94,486.7,True,Furniture
2022-09-29,439.0,1110.7,76.13,452.7,False,Furniture
2022-09-30,417.6,1118.3000000000002,74.57499999999999,414.0,False,Furniture
2022-10-01,396.2,1125.9,73.02,375.3,False,Furniture
2022-10-02,375.9,1113.9499999999998,72.9,361.04999999999995,False,Furniture
2022-10-03,315.65,1117.85,74.53999999999999,288.3,False,Furniture
2022-10-04,402.7,1119.8,77.35,414.5,False,Furniture
2022-10-05,402.05,1118.025,76.0675,410.4,False,Furniture
2022-10-06,401.4,1116.25,74.785,406.3,False,Furniture
2022-10-07,400.75,1114.475,73.5025,402.20000000000005,False,Furniture
2022-10-08,400.1,1112.7,72.22,398.1,False,Furniture
2022-10-09,391.3,1115.1,74.28,385.2,False,Furniture
2022-10-10,395.20000000000005,1113.55,73.955,388.29999999999995,False,Furniture
2022-10-11,399.1,1112.0,73.63,391.4,False,Furniture
2022-10-12,399.0,1122.1,74.34,384.4,False,Furniture
2022-10-13,411.55,1118.05,75.16499999999999,398.79999999999995,False,Furniture
2022-10-14,424.1,1114.0,75.99,413.2,False,Furniture
2022-10-15,413.3,1114.8,73.07,396.9,False,Furniture
2022-10-16,394.3,1118.3,74.24,388.6,False,Furniture
2022-10-17,380.2,1123.0,74.46,368.9,False,Furniture
2022-10-18,413.8,1112.9,71.07,406.4,False,Furniture
2022-10-19,395.1,1114.4,73.41,406.2,False,Furniture
2022-10-20,426.0,1110.6,74.42,411.4,False,Furniture
2022-10-21,374.1,1125.8,76.54,382.3,False,Furniture
2022-10-22,412.7,1118.2,72.35,397.7,False,Furniture
2022-10-23,403.7,1120.5,74.4,423.0,False,Furniture
2022-10-24,394.1,1121.9,74.49,390.2,False,Furniture
2022-10-25,406.0,1124.3,73.72,384.8,False,Furniture
2022-10-26,412.25,1125.85,74.92,409.35,False,Furniture
2022-10-27,418.5,1127.4,76.12,433.9,False,Furniture
2022-10-28,416.3,1128.7,73.24,433.3,False,Furniture
2022-10-29,409.6,1133.1,75.29,417.3,False,Furniture
2022-10-30,400.5,1136.0,77.61,400.1,False,Furniture
2022-10-31,457.85,1139.4,74.845,456.05,False,Furniture
2022-11-01,515.2,1142.8,72.08,512.0,True,Furniture
2022-11-02,494.25,1140.9,72.6825,485.55,False,Furniture
2022-11-03,473.3,1139.0,73.285,459.1,False,Furniture
2022-11-04,452.35,1137.1,73.88749999999999,432.65,False,Furniture
2022-11-05,431.4,1135.2,74.49,406.2,False,Furniture
2022-11-06,411.4,1141.8000000000002,75.29499999999999,406.5,False,Furniture
2022-11-07,391.4,1148.4,76.1,406.8,False,Furniture
2022-11-08,396.06666666666666,1150.3333333333335,76.30666666666666,407.3333333333333,False,Furniture
2022-11-09,400.7333333333333,1152.2666666666667,76.51333333333334,407.8666666666667,False,Furniture
2022-11-10,405.4,1154.2,76.72,408.4,False,Furniture
2022-11-11,417.7,1150.8,75.3,392.4,False,Furniture
2022-11-12,399.29999999999995,1157.85,76.555,378.04999999999995,False,Furniture
2022-11-13,380.9,1164.9,77.81,363.7,False,Furniture
2022-11-14,382.1,1157.1,73.68,365.7,False,Furniture
2022-11-15,381.8,1151.0,75.71,345.3,False,Furniture
2022-11-16,463.8,1161.2,70.12,425.3,True,Furniture
2022-11-17,424.0,1146.4,75.79,392.4,False,Furniture
2022-11-18,416.6,1150.8,75.31,428.8,False,Furniture
2022-11-19,404.6,1156.4,73.65,398.1,False,Furniture
2022-11-20,355.3,1171.1,71.64,355.6,False,Furniture
2022-11-21,362.55,1169.85,74.185,355.55,False,Furniture
2022-11-22,369.8,1168.6,76.73,355.5,False,Furniture
2022-11-23,494.0,1170.4,75.83,503.7,True,Furniture
2022-11-24,367.2,1168.7,70.51,354.4,False,Furniture
2022-11-25,410.4,1147.7,77.28,412.8,False,Furniture
2022-11-26,395.2,1154.0,72.09,411.0,False,Furniture
2022-11-27,390.6,1146.0,72.96,363.0,False,Furniture
2022-11-28,363.9,1157.5,73.99,366.7,False,Furniture
2022-11-29,388.3,1149.8,74.65,402.4,False,Furniture
2022-11-30,373.4,1149.4,74.97,373.9,False,Furniture
2022-12-01,375.3666666666667,1145.6333333333334,75.93666666666667,375.76666666666665,False,Furniture
2022-12-02,377.3333333333333,1141.8666666666666,76.90333333333334,377.6333333333333,False,Furniture
2022-12-03,379.3,1138.1,77.87,379.5,False,Furniture
2022-12-04,1192.1,1139.4,72.03,336.7,False,Furniture
2022-12-05,338.5,1140.1,75.49,306.2,False,Furniture
2022-12-06,361.5,1126.8,73.2,361.4,False,Furniture
2022-12-07,360.7,1129.2,73.24,360.2,False,Furniture
2022-12-08,374.2,1126.5,72.82,354.2,False,Furniture
2022-12-09,386.1,1140.05,74.555,373.35,False,Furniture
2022-12-10,378.15000000000003,1142.3249999999998,74.6425,367.125,False,Furniture
2022-12-11,370.20000000000005,1144.6,74.72999999999999,360.9,False,Furniture
2022-12-12,345.4,1130.5,74.19,358.6,False,Furniture
2022-12-13,352.9,1129.8,74.58,348.6,False,Furniture
2022-12-14,375.8,1109.3,75.49,371.7,False,Furniture
2022-12-15,372.56666666666666,1111.8333333333333,75.25999999999999,374.4,False,Furniture
2022-12-16,369.33333333333337,1114.3666666666668,75.03,377.1,False,Furniture
2022-12-17,366.1,1116.9,74.8,379.8,False,Furniture
2022-12-18,339.0,1121.4,73.5,343.5,False,Furniture
2022-12-19,337.0,1129.1,72.63,313.0,False,Furniture
2022-12-20,355.0,1132.1,75.71,349.8,False,Furniture
2022-12-21,331.7,1138.9,76.89,310.6,False,Furniture
2022-12-22,525.9,1125.6,72.63,519.4,True,Furniture
2022-12-23,351.9,1131.9,74.97,362.3,False,Furniture
2022-12-24,355.29999999999995,1127.15,73.52,358.35,False,Furniture
2022-12-25,358.7,1122.4,72.07,354.4,False,Furniture
2022-12-26,336.0,1128.2,75.23,303.9,False,Furniture
2022-12-27,350.1,1121.7,74.01,333.4,False,Furniture
2022-12-28,355.5,1117.2,74.37,360.9,False,Furniture
2022-12-29,360.65,1113.85,74.765,371.1,False,Furniture
2022-12-30,365.8,1110.5,75.16,381.3,False,Furniture
2022-12-31,343.8,1117.0,70.44,355.7,False,Furniture
2023-01-01,338.9,1115.7,74.32,344.6,False,Furniture
2023-01-02,331.79999999999995,1117.5500000000002,72.78,329.05,False,Furniture
2023-01-03,324.7,1119.4,71.24,313.5,False,Furniture
2023-01-04,311.2,1125.9,72.61,291.6,False,Furniture
2020-01-02,302.1,649.9,108.64,315.7,False,Groceries
2020-01-03,292.3,649.4,104.55,284.1,False,Groceries
2020-01-04,261.2,664.0,109.62,274.1,False,Groceries
2020-01-05,273.5,646.8,108.1,269.8,False,Groceries
2020-01-06,233.1,685.9,109.47,218.2,False,Groceries
2020-01-07,256.8333333333333,679.9,108.04666666666667,244.33333333333334,False,Groceries
2020-01-08,280.56666666666666,673.9,106.62333333333333,270.4666666666667,False,Groceries
2020-01-09,304.3,667.9,105.2,296.6,False,Groceries
2020-01-10,304.0,667.1,112.07,305.6,False,Groceries
2020-01-11,287.0,670.6,107.92,293.3,False,Groceries
2020-01-12,226.4,683.4,107.16,215.7,False,Groceries
2020-01-13,207.1,692.5,109.21,210.6,False,Groceries
2020-01-14,234.2,691.6,108.225,240.55,False,Groceries
2020-01-15,261.3,690.7,107.24,270.5,False,Groceries
2020-01-16,323.3,684.4,108.24,332.5,False,Groceries
2020-01-17,301.3,696.0,105.6,313.2,False,Groceries
2020-01-18,285.2,689.7,107.45,263.5,False,Groceries
2020-01-19,237.0,710.6,103.43,217.4,False,Groceries
2020-01-20,234.9,699.5,105.45,242.6,False,Groceries
2020-01-21,236.6,697.6,107.5,214.9,False,Groceries
2020-01-22,253.1,695.0,109.58,265.8,False,Groceries
2020-01-23,277.85,679.0,109.285,276.25,False,Groceries
2020-01-24,302.6,663.0,108.99,286.7,False,Groceries
2020-01-25,280.9,670.7,106.09,280.3,False,Groceries
2020-01-26,266.0,677.0,101.62,241.0,False,Groceries
2020-01-27,305.2,683.1,105.075,283.9,False,Groceries
2020-01-28,344.4,689.2,108.53,326.8,True,Groceries
2020-01-29,271.1,675.6,108.92,260.9,False,Groceries
2020-01-30,289.3,679.9,107.65,280.4,False,Groceries
2020-01-31,287.2,685.9,108.02,259.6,False,Groceries
2020-02-01,271.8666666666667,692.8333333333334,108.01333333333334,257.06666666666666,False,Groceries
2020-02-02,256.5333333333333,699.7666666666667,108.00666666666666,254.53333333333333,False,Groceries
2020-02-03,241.2,706.7,108.0,252.0,False,Groceries
2020-02-04,258.04999999999995,674.3,106.875,262.20000000000005,False,Groceries
2020-02-05,259.1,662.7,106.295,251.85,False,Groceries
2020-02-06,185.7,623.7,105.9,186.1,False,Groceries
2020-02-07,210.06666666666666,644.9666666666667,107.51666666666667,210.79999999999998,False,Groceries
2020-02-08,234.43333333333334,666.2333333333333,109.13333333333334,235.5,False,Groceries
2020-02-09,258.8,687.5,110.75,260.2,False,Groceries
2020-02-10,223.1,700.8,107.01,215.4,False,Groceries
2020-02-11,210.8,600.3,108.87,191.6,False,Groceries
2020-02-12,228.075,621.15,109.47,214.95,False,Groceries
2020-02-13,245.35,642.0,110.07,238.3,False,Groceries
2020-02-14,262.625,662.85,110.67,261.65,False,Groceries
2020-02-15,279.9,683.7,111.27,285.0,False,Groceries
2020-02-16,264.9,472.0,106.76,257.8,False,Groceries
2020-02-17,226.3,478.9,109.88,231.8,False,Groceries
2020-02-18,326.0,481.6,107.95,20.9,True,Groceries
2020-02-19,240.3,485.9,107.64,231.4,False,Groceries
2020-02-20,294.4,472.7,106.92,268.6,False,Groceries
2020-02-21,290.4,694.3,112.03,296.4,False,Groceries
2020-02-22,259.7,701.9,109.855,264.54999999999995,False,Groceries
2020-02-23,229.0,709.5,107.68,232.7,False,Groceries
2020-02-24,229.35,706.4,108.13,230.85,False,Groceries
2020-02-25,229.7,703.3,108.58,229.0,False,Groceries
2020-02-26,270.3,696.6,105.21,247.8,False,Groceries
2020-02-27,306.8,691.3,109.29,311.4,False,Groceries
2020-02-28,319.1,689.5,107.68,334.2,False,Groceries
2020-02-29,282.45000000000005,698.55,108.275,278.4,False,Groceries
2020-03-01,245.8,707.6,108.87,222.6,False,Groceries
2020-03-02,242.4,707.5,108.805,220.39999999999998,False,Groceries
2020-03-03,239.0,707.4,108.74,218.2,False,Groceries
2020-03-04,316.05,695.0,108.185,294.1,False,Groceries
2020-03-05,393.1,682.6,107.63,370.0,True,Groceries
2020-03-06,296.1,681.5,107.7,289.0,False,Groceries
2020-03-07,251.4,691.2,111.12,229.5,False,Groceries
2020-03-08,250.06666666666666,686.9666666666667,109.95,232.5,False,Groceries
2020-03-09,248.73333333333335,682.7333333333333,108.78,235.5,False,Groceries
2020-03-10,247.4,678.5,107.61,238.5,False,Groceries
2020-03-11,299.6666666666667,665.5333333333333,107.45,282.0,False,Groceries
2020-03-12,351.93333333333334,652.5666666666667,107.28999999999999,325.5,False,Groceries
2020-03-13,404.2,639.6,107.13,369.0,True,Groceries
2020-03-14,332.1,652.55,106.52,303.5,False,Groceries
2020-03-15,260.0,665.5,105.91,238.0,False,Groceries
2020-03-16,250.8,659.85,106.88499999999999,228.1,False,Groceries
2020-03-17,241.6,654.2,107.86,218.2,False,Groceries
2020-03-18,616.15,649.1,108.63,230.45,False,Groceries
2020-03-19,990.7,644.0,109.4,242.7,False,Groceries
2020-03-20,297.2,386.5,107.12,308.9,False,Groceries
2020-03-21,277.8,390.1,106.65,289.3333333333333,False,Groceries
2020-03-22,258.4,393.7,106.17999999999999,269.76666666666665,False,Groceries
2020-03-23,239.0,397.3,105.71,250.2,False,Groceries
2020-03-24,295.5,405.1,107.27,274.4,True,Groceries
2020-03-25,257.5,656.9,105.48,232.1,False,Groceries
2020-03-26,290.2,648.0,110.49,271.2,False,Groceries
2020-03-27,268.05,659.45,108.5,257.4,False,Groceries
2020-03-28,245.9,670.9,106.51,243.6,False,Groceries
2020-03-29,241.2,667.9,106.71,225.9,False,Groceries
2020-03-30,201.8,672.1,107.22,199.3,False,Groceries
2020-03-31,218.5,664.8,107.9,225.3,False,Groceries
2020-04-01,239.4,659.1,107.83,247.8,False,Groceries
2020-04-02,256.7,648.9000000000001,108.125,265.25,False,Groceries
2020-04-03,274.0,638.7,108.42,282.7,False,Groceries
2020-04-04,250.5,650.1,109.005,251.0,False,Groceries
2020-04-05,227.0,661.5,109.59,219.3,False,Groceries
2020-04-06,221.6,665.2,106.935,211.85000000000002,False,Groceries
2020-04-07,216.2,668.9,104.28,204.4,False,Groceries
2020-04-08,247.29999999999998,649.7,104.225,245.10000000000002,False,Groceries
2020-04-09,278.4,630.5,104.17,285.8,False,Groceries
2020-04-10,278.3,635.2,106.4,276.3,False,Groceries
2020-04-11,257.6,640.75,106.665,248.05,False,Groceries
2020-04-12,236.9,646.3,106.93,219.8,False,Groceries
2020-04-13,220.2,642.1,104.05,218.1,False,Groceries
2020-04-14,236.2,637.7,105.28666666666666,234.29999999999998,False,Groceries
2020-04-15,252.2,633.3,106.52333333333334,250.5,False,Groceries
2020-04-16,268.2,628.9,107.76,266.7,False,Groceries
2020-04-17,266.0,632.4,106.81,279.3,False,Groceries
2020-04-18,261.3,628.2,108.45,273.4,False,Groceries
2020-04-19,236.4,640.1,108.32,235.8,False,Groceries
2020-04-20,208.9,639.0,109.13,217.3,False,Groceries
2020-04-21,274.75,636.5,108.03999999999999,267.0,False,Groceries
2020-04-22,340.6,634.0,106.95,316.7,True,Groceries
2020-04-23,752.0,616.0,104.14,263.0,False,Groceries
2020-04-24,615.5,577.275,105.505,249.525,False,Groceries
2020-04-25,479.0,538.55,106.87,236.05,False,Groceries
2020-04-26,342.5,499.82500000000005,108.235,222.575,False,Groceries
2020-04-27,206.0,461.1,109.6,209.1,False,Groceries
2020-04-28,220.9,454.9,106.39,215.8,False,Groceries
2020-04-29,215.33333333333334,486.6333333333333,107.00333333333333,210.41666666666669,False,Groceries
2020-04-30,209.76666666666668,518.3666666666667,107.61666666666666,205.03333333333333,False,Groceries
2020-05-01,204.2,550.0999999999999,108.22999999999999,199.65,False,Groceries
2020-05-02,198.63333333333333,581.8333333333333,108.84333333333333,194.26666666666668,False,Groceries
2020-05-03,193.06666666666666,613.5666666666666,109.45666666666666,188.88333333333333,False,Groceries
2020-05-04,187.5,645.3,110.07,183.5,False,Groceries
2020-05-05,186.8,641.5,107.7,192.8,False,Groceries
2020-05-06,230.6,626.2,110.54,208.6,False,Groceries
2020-05-07,265.0,614.8,109.97,242.5,False,Groceries
2020-05-08,266.9,617.5,107.93,251.8,False,Groceries
2020-05-09,259.2,624.0,110.05,242.8,False,Groceries
2020-05-10,243.0,634.5,108.47,235.7,False,Groceries
2020-05-11,197.1,646.2,108.8,192.1,False,Groceries
2020-05-12,277.75,636.6500000000001,108.765,278.35,False,Groceries
2020-05-13,358.4,627.1,108.73,364.6,True,Groceries
2020-05-14,275.7,611.9,110.04,270.2,False,Groceries
2020-05-15,409.6,611.1,105.13,394.5,True,Groceries
2020-05-16,245.1,623.1,112.67,233.7,False,Groceries
2020-05-17,206.1,632.7,107.94,208.2,False,Groceries
2020-05-18,198.89999999999998,634.3,106.255,201.85,False,Groceries
2020-05-19,191.7,635.9,104.57,195.5,False,Groceries
2020-05-20,234.7,626.4,105.97999999999999,223.2,False,Groceries
2020-05-21,277.7,616.9,107.39,250.9,False,Groceries
2020-05-22,274.8,618.2,111.11,260.7,False,Groceries
2020-05-23,230.7,631.6,107.94,229.1,False,Groceries
2020-05-24,218.9,628.4,107.86,221.06666666666666,False,Groceries
2020-05-25,207.1,625.2,107.78,213.03333333333333,False,Groceries
2020-05-26,195.3,622.0,107.7,205.0,False,Groceries
2020-05-27,228.5,615.8,107.46,229.1,False,Groceries
2020-05-28,247.95,608.0999999999999,109.345,248.0,False,Groceries
2020-05-29,267.4,600.4,111.23,266.9,False,Groceries
2020-05-30,265.3,599.6,104.56,270.4,False,Groceries
2020-05-31,193.2,614.7,107.17,177.9,False,Groceries
2020-06-01,197.3,615.9,109.27,192.1,False,Groceries
2020-06-02,317.1,672.9,111.95,306.3,False,Groceries
2020-06-03,222.1,608.4,106.61,204.5,False,Groceries
2020-06-04,261.9,596.0,108.8,254.2,False,Groceries
2020-06-05,1046.4,605.1,111.98,215.7,False,Groceries
2020-06-06,264.0,595.9,111.32,274.5,False,Groceries
2020-06-07,208.7,611.2,111.52,192.5,False,Groceries
2020-06-08,189.39999999999998,618.35,110.49,174.45,False,Groceries
2020-06-09,170.1,625.5,109.46,156.4,False,Groceries
2020-06-10,207.91666666666666,611.2166666666667,108.54166666666666,199.85,False,Groceries
2020-06-11,245.7333333333333,596.9333333333334,107.62333333333333,243.3,False,Groceries
2020-06-12,283.54999999999995,582.6500000000001,106.705,286.75,False,Groceries
2020-06-13,237.3,607.4,106.83,242.8,False,Groceries
2020-06-14,203.9,625.2,106.92,199.9,False,Groceries
2020-06-15,189.7,627.5,110.0,178.6,False,Groceries
2020-06-16,197.4,621.1,109.89,189.4,False,Groceries
2020-06-17,244.7,610.4,109.19,230.9,False,Groceries
2020-06-18,246.1,609.6,106.86,224.8,False,Groceries
2020-06-19,372.2,614.2,109.76,378.9,True,Groceries
2020-06-20,252.7,620.7,109.56,245.8,False,Groceries
2020-06-21,196.8,638.5,110.06,199.4,False,Groceries
2020-06-22,195.25,639.95,108.825,190.35000000000002,False,Groceries
2020-06-23,193.7,641.4,107.59,181.3,False,Groceries
2020-06-24,213.0,631.7333333333333,106.94,208.76666666666668,False,Groceries
2020-06-25,232.29999999999998,622.0666666666666,106.29,236.23333333333332,False,Groceries
2020-06-26,251.6,612.4,105.64,263.7,False,Groceries
2020-06-27,256.5,615.1,104.12,261.0,False,Groceries
2020-06-28,210.8,627.2,107.13,207.75,False,Groceries
2020-06-29,165.1,639.3,110.14,154.5,False,Groceries
2020-06-30,188.9,630.0,111.04,171.1,False,Groceries
2020-07-01,223.2,624.35,109.81,211.45,False,Groceries
2020-07-02,257.5,618.7,108.58,251.8,False,Groceries
2020-07-03,249.4,624.5,106.19,243.1,False,Groceries
2020-07-04,225.63333333333333,625.5666666666667,106.03999999999999,223.73333333333332,False,Groceries
2020-07-05,201.86666666666667,626.6333333333333,105.89,204.36666666666667,False,Groceries
2020-07-06,178.1,627.7,105.74,185.0,False,Groceries
2020-07-07,164.7,634.5,104.71,170.8,False,Groceries
2020-07-08,299.85,614.45,107.715,293.15,False,Groceries
2020-07-09,435.0,594.4,110.72,415.5,True,Groceries
2020-07-10,387.46666666666664,601.1333333333333,109.06333333333333,378.6666666666667,False,Groceries
2020-07-11,339.93333333333334,607.8666666666667,107.40666666666667,341.8333333333333,False,Groceries
2020-07-12,292.4,614.6,105.75,305.0,True,Groceries
2020-07-13,244.6,616.35,107.985,248.55,False,Groceries
2020-07-14,196.8,618.1,110.22,192.1,False,Groceries
2020-07-15,267.5,609.6,108.11,251.6,False,Groceries
2020-07-16,338.2,601.1,106.0,311.1,False,Groceries
2020-07-17,408.9,592.6,103.89,370.6,True,Groceries
2020-07-18,239.6,605.4,109.32,243.6,False,Groceries
2020-07-19,211.14999999999998,615.3499999999999,108.21,214.05,False,Groceries
2020-07-20,182.7,625.3,107.1,184.5,False,Groceries
2020-07-21,171.5,626.7,108.13,163.6,False,Groceries
2020-07-22,216.6,616.5,109.33,196.4,False,Groceries
2020-07-23,236.25,609.9,108.93,216.8,False,Groceries
2020-07-24,255.9,603.3,108.53,237.2,False,Groceries
2020-07-25,237.5,610.3,110.68,240.4,False,Groceries
2020-07-26,184.3,633.8,105.71,171.7,False,Groceries
2020-07-27,199.5,619.2249999999999,105.88749999999999,184.5,False,Groceries
2020-07-28,214.7,604.65,106.065,197.3,False,Groceries
2020-07-29,229.9,590.075,106.2425,210.1,False,Groceries
2020-07-30,245.1,575.5,106.42,222.9,False,Groceries
2020-07-31,247.475,599.6,105.87,233.9,False,Groceries
2020-08-01,249.85,623.7,105.32,244.9,False,Groceries
2020-08-02,236.39999999999998,631.0,105.505,219.9,False,Groceries
2020-08-03,213.7,640.5999999999999,107.225,217.45,False,Groceries
2020-08-04,200.0,588.6,108.58,181.3,False,Groceries
2020-08-05,235.4,583.9,107.59,217.8,False,Groceries
2020-08-06,248.9,580.6,109.0,234.8,False,Groceries
2020-08-07,196.1,619.3,109.15,205.6,False,Groceries
2020-08-08,190.675,616.5999999999999,108.8175,195.975,False,Groceries
2020-08-09,185.25,613.9,108.485,186.35,False,Groceries
2020-08-10,179.825,611.2,108.1525,176.725,False,Groceries
2020-08-11,174.4,608.5,107.82,167.1,False,Groceries
2020-08-12,220.1,607.7,106.86,204.6,False,Groceries
2020-08-13,245.8,598.1,106.95,226.2,False,Groceries
2020-08-14,268.5,594.9,107.3,242.9,False,Groceries
2020-08-15,224.6,609.5,102.21,208.9,False,Groceries
2020-08-16,205.64999999999998,621.3,104.435,195.75,False,Groceries
2020-08-17,186.7,633.1,106.66,182.6,False,Groceries
2020-08-18,194.0,626.2,105.94,196.5,False,Groceries
2020-08-19,209.7,615.5,107.82,210.4,False,Groceries
2020-08-20,244.6,612.1,101.93,221.1,False,Groceries
2020-08-21,238.5,612.0,107.1,229.5,False,Groceries
2020-08-22,232.4,611.9,112.27,237.9,False,Groceries
2020-08-23,209.6,620.3,107.72,189.3,False,Groceries
2020-08-24,201.85,613.95,108.91499999999999,196.15,False,Groceries
2020-08-25,194.1,607.6,110.11,203.0,False,Groceries
2020-08-26,234.3,598.4,107.35,228.4,False,Groceries
2020-08-27,350.3,585.1,110.32,355.2,True,Groceries
2020-08-28,270.7,579.2,105.79,259.8,False,Groceries
2020-08-29,250.9,585.6,104.7,257.1,False,Groceries
2020-08-30,214.55,598.85,106.125,219.25,False,Groceries
2020-08-31,178.2,612.1,107.55,181.4,False,Groceries
2020-09-01,207.3,606.0,108.3,204.8,False,Groceries
2020-09-02,227.33333333333334,550.4666666666667,108.50333333333333,228.63333333333335,False,Groceries
2020-09-03,247.36666666666665,494.93333333333334,108.70666666666666,252.46666666666667,False,Groceries
2020-09-04,267.4,439.4,108.91,276.3,False,Groceries
2020-09-05,243.5,445.2,108.425,144.1,False,Groceries
2020-09-06,219.6,451.0,107.94,11.9,False,Groceries
2020-09-07,195.4,460.0,103.42,177.4,False,Groceries
2020-09-08,188.2,465.8,107.53,180.9,False,Groceries
2020-09-09,218.4,604.8,109.11,220.5,False,Groceries
2020-09-10,245.25,595.5999999999999,109.245,249.3,False,Groceries
2020-09-11,272.1,586.4,109.38,278.1,False,Groceries
2020-09-12,244.95000000000002,598.4,107.79499999999999,247.5,False,Groceries
2020-09-13,217.8,610.4,106.21,216.9,False,Groceries
2020-09-14,184.3,620.2,106.7,188.1,False,Groceries
2020-09-15,194.1,613.1,105.21,199.6,False,Groceries
2020-09-16,230.8,596.6,106.89,234.0,False,Groceries
2020-09-17,224.9,600.1,108.26,225.3,False,Groceries
2020-09-18,219.46666666666667,602.9333333333334,108.81,216.4,False,Groceries
2020-09-19,214.03333333333333,605.7666666666667,109.36,207.5,False,Groceries
2020-09-20,208.6,608.6,109.91,198.6,False,Groceries
2020-09-21,201.2,614.0,107.51,191.5,False,Groceries
2020-09-22,179.8,625.9,109.21,188.6,False,Groceries
2020-09-23,208.83333333333334,615.6666666666666,109.15333333333334,936.7333333333333,False,Groceries
2020-09-24,237.86666666666665,605.4333333333334,109.09666666666666,1684.8666666666666,False,Groceries
2020-09-25,266.9,595.2,109.04,2433.0,False,Groceries
2020-09-26,265.5,593.5,109.49,276.2,False,Groceries
2020-09-27,232.6,597.8,105.66,236.4,False,Groceries
2020-09-28,175.4,612.2,103.62,173.7,False,Groceries
2020-09-29,203.9,596.5,106.18,188.3,False,Groceries
2020-09-30,239.2,587.8,106.53,245.0,False,Groceries
2020-10-01,260.15,461.65,106.745,259.5,False,Groceries
2020-10-02,281.1,335.5,106.96,274.0,False,Groceries
2020-10-03,265.3,341.1,107.75,269.4,False,Groceries
2020-10-04,218.1,353.8,108.73,14.7,False,Groceries
2020-10-05,214.2,354.45000000000005,107.81,102.95,False,Groceries
2020-10-06,210.3,355.1,106.89,191.2,False,Groceries
2020-10-07,249.8,593.7,110.75,249.85,False,Groceries
2020-10-08,269.25,584.75,108.75,255.375,False,Groceries
2020-10-09,288.7,575.8,106.75,260.9,False,Groceries
2020-10-10,265.9,591.5,107.67,276.0,False,Groceries
2020-10-11,225.3,609.8,105.73,223.0,False,Groceries
2020-10-12,229.9,608.1,107.13,213.8,False,Groceries
2020-10-13,207.4,613.8,108.22,200.7,False,Groceries
2020-10-14,245.45,605.7,106.515,238.4,False,Groceries
2020-10-15,283.5,597.6,104.81,276.1,False,Groceries
2020-10-16,283.15,602.85,105.39500000000001,266.75,False,Groceries
2020-10-17,282.8,608.1,105.98,257.4,False,Groceries
2020-10-18,387.5,621.8,108.24,400.3,True,Groceries
2020-10-19,204.3,631.2,107.79,206.8,False,Groceries
2020-10-20,215.8,620.9,108.43,205.1,False,Groceries
2020-10-21,242.95000000000002,508.75,107.89500000000001,240.5,False,Groceries
2020-10-22,270.1,396.6,107.36,275.9,False,Groceries
2020-10-23,286.3,398.6,104.75,33.1,False,Groceries
2020-10-24,290.6,399.6,106.42,275.1,False,Groceries
2020-10-25,269.0,401.4,106.62,245.8,False,Groceries
2020-10-26,238.3,509.55,108.22,226.9,False,Groceries
2020-10-27,207.6,617.7,109.82,208.0,False,Groceries
2020-10-28,269.7,592.2,105.39,262.3,False,Groceries
2020-10-29,359.25,587.6500000000001,105.43,348.3,False,Groceries
2020-10-30,448.8,583.1,105.47,434.3,True,Groceries
2020-10-31,339.15,594.45,105.10499999999999,334.35,False,Groceries
2020-11-01,229.5,605.8,104.74,234.4,False,Groceries
2020-11-02,243.9,688.6,106.69,222.2,False,Groceries
2020-11-03,238.3,601.5,107.01,221.2,False,Groceries
2020-11-04,255.15,592.5,108.03999999999999,239.25,False,Groceries
2020-11-05,272.0,583.5,109.07,257.3,False,Groceries
2020-11-06,264.93333333333334,584.4,107.61666666666666,258.6,False,Groceries
2020-11-07,257.8666666666667,585.3000000000001,106.16333333333333,259.9,False,Groceries
2020-11-08,250.8,586.2,104.71,261.2,False,Groceries
2020-11-09,227.8,589.8,108.89,213.0,False,Groceries
2020-11-10,207.7,604.4,110.87,200.0,False,Groceries
2020-11-11,278.7,594.7,110.15,275.9,False,Groceries
2020-11-12,392.5,579.25,109.65,374.85,False,Groceries
2020-11-13,356.75,583.1125,108.7325,342.5375,False,Groceries
2020-11-14,321.0,586.975,107.815,310.225,False,Groceries
2020-11-15,285.25,590.8375000000001,106.89750000000001,277.9125,False,Groceries
2020-11-16,249.5,594.7,105.98,245.6,False,Groceries
2020-11-17,247.5,584.7,100.47,257.2,False,Groceries
2020-11-18,266.6,579.6333333333333,102.02666666666667,265.2,False,Groceries
2020-11-19,285.7,574.5666666666667,103.58333333333333,273.2,False,Groceries
2020-11-20,304.8,569.5,105.14,281.2,False,Groceries
2020-11-21,284.85,577.45,104.525,263.95,False,Groceries
2020-11-22,264.9,585.4,103.91,246.7,False,Groceries
2020-11-23,246.6,586.6,110.23,231.4,False,Groceries
2020-11-24,253.7,580.3,108.83,263.5,False,Groceries
2020-11-25,279.2,574.1,108.5,279.7,False,Groceries
2020-11-26,322.1,562.1,110.42,319.7,False,Groceries
2020-11-27,307.6,562.3,107.85,299.0,False,Groceries
2020-11-28,320.3,559.5,109.39,317.2,False,Groceries
2020-11-29,298.3,570.0333333333333,109.59,291.9,False,Groceries
2020-11-30,276.3,580.5666666666667,109.78999999999999,266.6,False,Groceries
2020-12-01,254.3,591.1,109.99,241.3,False,Groceries
2020-12-02,263.29999999999995,634.9,107.98,268.15,False,Groceries
2020-12-03,309.65,608.45,109.315,300.5,False,Groceries
2020-12-04,325.6,571.6,108.22,319.0,False,Groceries
2020-12-05,267.6,602.0999999999999,107.565,260.1,False,Groceries
2020-12-06,265.88750000000005,598.2249999999999,107.97125,255.5625,False,Groceries
2020-12-07,264.175,594.3499999999999,108.3775,251.025,False,Groceries
2020-12-08,262.4625,590.475,108.78375,246.4875,False,Groceries
2020-12-09,260.75,586.6,109.19,241.95,False,Groceries
2020-12-10,263.8625,586.55,109.22749999999999,249.5625,False,Groceries
2020-12-11,266.975,586.5,109.265,257.17499999999995,False,Groceries
2020-12-12,270.0875,586.45,109.30250000000001,264.78749999999997,False,Groceries
2020-12-13,273.2,586.4,109.34,272.4,False,Groceries
2020-12-14,271.4,584.7,104.4,265.2,False,Groceries
2020-12-15,273.3,586.5,109.18,271.5,False,Groceries
2020-12-16,292.6,582.3,109.82,274.3,False,Groceries
2020-12-17,344.5,564.9,111.06,311.9,False,Groceries
2020-12-18,344.9,567.3,108.49,355.1,False,Groceries
2020-12-19,304.9,573.3499999999999,106.745,309.20000000000005,False,Groceries
2020-12-20,264.9,579.4,105.0,263.3,False,Groceries
2020-12-21,273.1,580.4,108.56,264.0,False,Groceries
2020-12-22,353.5,577.2,107.36,352.7,True,Groceries
2020-12-23,287.8,576.7,107.04,291.9,False,Groceries
2020-12-24,336.0,563.6,108.44,304.8,False,Groceries
2020-12-25,356.4,560.5,107.87,329.6,False,Groceries
2020-12-26,332.8,563.4,105.15,344.3,False,Groceries
2020-12-27,274.7,588.9,106.12,282.1,False,Groceries
2020-12-28,262.2,589.9,108.14,274.1,False,Groceries
2020-12-29,265.8,586.7,104.08,246.3,False,Groceries
2020-12-30,299.4,575.5,105.27,284.20000000000005,False,Groceries
2020-12-31,333.0,564.3,106.46,322.1,False,Groceries
2021-01-01,302.45,569.45,107.905,300.20000000000005,False,Groceries
2021-01-02,271.9,574.6,109.35,278.3,False,Groceries
2021-01-03,279.7,571.0,108.23,277.7,False,Groceries
2021-01-04,282.04999999999995,599.5,107.725,274.35,False,Groceries
2021-01-05,353.22499999999997,575.8,106.5575,357.07500000000005,False,Groceries
2021-01-06,424.4,552.1,105.39,439.8,True,Groceries
2021-01-07,351.6,529.9,108.07,363.8,False,Groceries
2021-01-08,281.1,614.0,109.465,270.95,False,Groceries
2021-01-09,269.9,746.0,108.97,254.5,False,Groceries
2021-01-10,281.5,542.3,106.41,293.7,False,Groceries
2021-01-11,285.79999999999995,678.45,104.32499999999999,1422.4,False,Groceries
2021-01-12,314.49999999999994,626.7333333333333,105.00333333333333,1073.0333333333333,False,Groceries
2021-01-13,343.2,575.0166666666667,105.68166666666666,723.6666666666666,False,Groceries
2021-01-14,371.9,523.3,106.36,374.3,False,Groceries
2021-01-15,336.3,538.4,108.69,334.2,False,Groceries
2021-01-16,355.6,524.3,110.65,330.4,False,Groceries
2021-01-17,297.7,546.7,107.59,281.5,False,Groceries
2021-01-18,375.1,547.1500000000001,107.595,353.2,False,Groceries
2021-01-19,452.5,547.6,107.6,424.9,True,Groceries
2021-01-20,319.4,535.3,109.8,304.6,False,Groceries
2021-01-21,342.0,527.5,105.72,331.9,False,Groceries
2021-01-22,332.9,535.7,108.8,320.7,False,Groceries
2021-01-23,319.7333333333333,547.9666666666667,108.38666666666667,309.0,False,Groceries
2021-01-24,306.56666666666666,560.2333333333333,107.97333333333333,297.3,False,Groceries
2021-01-25,293.4,572.5,107.56,285.6,False,Groceries
2021-01-26,280.0,570.4,107.74,281.2,False,Groceries
2021-01-27,310.0,559.0,107.73,316.9,False,Groceries
2021-01-28,368.7,535.2,108.67,365.7,False,Groceries
2021-01-29,343.79999999999995,544.05,106.33500000000001,347.54999999999995,False,Groceries
2021-01-30,318.9,552.9,104.0,329.4,False,Groceries
2021-01-31,364.56666666666666,559.5333333333333,104.58666666666667,369.6333333333333,False,Groceries
2021-02-01,410.2333333333333,566.1666666666666,105.17333333333333,409.8666666666667,False,Groceries
2021-02-02,455.9,572.8,105.76,450.1,True,Groceries
2021-02-03,305.85,584.55,108.045,296.15,False,Groceries
2021-02-04,332.2,564.2,108.29,313.8,False,Groceries
2021-02-05,316.56666666666666,573.8666666666667,108.57666666666667,295.40000000000003,False,Groceries
2021-02-06,300.93333333333334,583.5333333333334,108.86333333333334,277.0,False,Groceries
2021-02-07,285.3,593.2,109.15,258.6,False,Groceries
2021-02-08,288.525,629.175,108.345,265.6,False,Groceries
2021-02-09,291.75,665.15,107.53999999999999,272.6,False,Groceries
2021-02-10,316.1,580.4,106.19,320.5,False,Groceries
2021-02-11,340.7,569.3,107.19,314.0,False,Groceries
2021-02-12,352.0,567.3,106.55,368.8,False,Groceries
2021-02-13,326.6,577.75,105.53,340.3,False,Groceries
2021-02-14,301.2,588.2,104.51,311.8,False,Groceries
2021-02-15,298.4,590.8,106.86,296.1,False,Groceries
2021-02-16,311.15,586.05,107.09,308.3,False,Groceries
2021-02-17,323.9,581.3,107.32,320.5,False,Groceries
2021-02-18,331.25,439.79999999999995,107.66999999999999,330.0,False,Groceries
2021-02-19,338.6,298.3,108.02,339.5,False,Groceries
2021-02-20,304.85,304.0,109.455,312.05,False,Groceries
2021-02-21,271.1,309.7,110.89,284.6,False,Groceries
2021-02-22,287.32500000000005,382.0,109.825,289.07500000000005,False,Groceries
2021-02-23,303.55,454.29999999999995,108.75999999999999,293.55,False,Groceries
2021-02-24,319.775,526.5999999999999,107.695,298.025,False,Groceries
2021-02-25,336.0,598.9,106.63,302.5,False,Groceries
2021-02-26,338.6,592.7,103.66,324.2,False,Groceries
2021-02-27,325.2,598.5,108.75,304.1,False,Groceries
2021-02-28,307.85,602.65,108.1,292.5,False,Groceries
2021-03-01,290.5,606.8,107.45,280.9,False,Groceries
2021-03-02,297.8,605.15,107.035,297.65,False,Groceries
2021-03-03,305.1,603.5,106.62,314.4,False,Groceries
2021-03-04,312.5,608.0666666666667,105.44333333333334,311.59999999999997,False,Groceries
2021-03-05,319.90000000000003,612.6333333333333,104.26666666666667,308.8,False,Groceries
2021-03-06,327.3,617.2,103.09,306.0,False,Groceries
2021-03-07,328.275,645.125,105.275,320.225,False,Groceries
2021-03-08,329.25,673.05,107.46000000000001,334.45000000000005,False,Groceries
2021-03-09,275.5,640.7,110.43,260.7,False,Groceries
2021-03-10,307.25,630.45,107.80000000000001,292.29999999999995,False,Groceries
2021-03-11,339.0,620.2,105.17,323.9,False,Groceries
2021-03-12,362.8,614.1,108.74,351.8,False,Groceries
2021-03-13,345.05,619.85,108.5525,332.325,False,Groceries
2021-03-14,327.3,625.6,108.365,312.85,False,Groceries
2021-03-15,309.55,631.35,108.1775,293.375,False,Groceries
2021-03-16,291.8,637.1,107.99,273.9,False,Groceries
2021-03-17,322.0,631.95,107.84,295.5,False,Groceries
2021-03-18,352.2,626.8,107.69,317.1,False,Groceries
2021-03-19,347.04999999999995,626.5999999999999,106.705,328.75,False,Groceries
2021-03-20,341.9,626.4,105.72,340.4,False,Groceries
2021-03-21,310.3,631.0,107.65,297.7,False,Groceries
2021-03-22,311.26666666666665,628.7,107.43666666666667,302.26666666666665,False,Groceries
2021-03-23,312.23333333333335,626.4,107.22333333333334,306.8333333333333,False,Groceries
2021-03-24,313.2,624.1,107.01,311.4,False,Groceries
2021-03-25,419.9,614.8,106.76,396.79999999999995,False,Groceries
2021-03-26,526.6,605.5,106.51,482.2,True,Groceries
2021-03-27,337.6,601.2,106.84,342.0,False,Groceries
2021-03-28,290.3,620.0,105.68,263.5,False,Groceries
2021-03-29,262.8,634.0,104.25,252.0,False,Groceries
2021-03-30,280.9,630.4,108.4,287.9,False,Groceries
2021-03-31,332.16666666666663,623.7666666666667,108.79666666666667,330.8666666666667,False,Groceries
2021-04-01,383.43333333333334,617.1333333333333,109.19333333333334,373.8333333333333,False,Groceries
2021-04-02,434.7,610.5,109.59,416.8,True,Groceries
2021-04-03,344.7,603.1,107.09,329.05,False,Groceries
2021-04-04,306.7,613.4,109.17,317.9,False,Groceries
2021-04-05,282.25,618.3499999999999,108.2,279.54999999999995,False,Groceries
2021-04-06,257.8,623.3,107.23,241.2,False,Groceries
2021-04-07,291.4,613.3,106.51,273.7,False,Groceries
2021-04-08,320.8,607.7,106.37,328.8,False,Groceries
2021-04-09,327.03333333333336,674.4666666666667,107.04666666666667,328.3666666666667,False,Groceries
2021-04-10,333.26666666666665,741.2333333333333,107.72333333333334,327.93333333333334,False,Groceries
2021-04-11,339.5,808.0,108.4,327.5,False,Groceries
2021-04-12,244.4,634.6,108.76,234.3,False,Groceries
2021-04-13,280.8,621.6,106.6,274.5,False,Groceries
2021-04-14,292.7,624.5,110.29,276.6,False,Groceries
2021-04-15,317.4,613.0,109.21000000000001,309.25,False,Groceries
2021-04-16,342.1,601.5,108.13,341.9,False,Groceries
2021-04-17,319.1,613.4,102.38,289.7,False,Groceries
2021-04-18,285.65,627.0999999999999,103.47,259.4,False,Groceries
2021-04-19,252.2,640.8,104.56,229.1,False,Groceries
2021-04-20,257.1,643.3,102.28,236.5,False,Groceries
2021-04-21,290.2666666666667,630.6,104.91333333333334,281.2,False,Groceries
2021-04-22,323.43333333333334,617.9,107.54666666666667,325.90000000000003,False,Groceries
2021-04-23,356.6,605.2,110.18,370.6,False,Groceries
2021-04-24,299.5,630.4,109.66,295.6,False,Groceries
2021-04-25,268.1,647.4,105.52,259.4,False,Groceries
2021-04-26,261.1,644.8,103.23,257.3,False,Groceries
2021-04-27,275.90000000000003,643.4666666666666,105.11333333333333,264.4666666666667,False,Groceries
2021-04-28,290.7,642.1333333333333,106.99666666666667,271.6333333333333,False,Groceries
2021-04-29,305.5,640.8,108.88,278.8,False,Groceries
2021-04-30,338.6,633.0,108.05,322.7,False,Groceries
2021-05-01,325.4,634.6,110.53,322.2,False,Groceries
2021-05-02,315.79999999999995,609.2,110.36500000000001,305.4,False,Groceries
2021-05-03,267.3,654.9,107.31,241.7,False,Groceries
2021-05-04,248.9,676.1,109.96,227.3,False,Groceries
2021-05-05,291.5,666.5,109.42,262.4,False,Groceries
2021-05-06,788.9,701.8,104.25,278.5,False,Groceries
2021-05-07,269.5,651.1500000000001,108.03,266.7,False,Groceries
2021-05-08,303.3,672.4,105.98,277.2,False,Groceries
2021-05-09,310.0,724.6500000000001,106.83,305.2,False,Groceries
2021-05-10,256.6,690.2,106.54,268.4,False,Groceries
2021-05-11,243.9,695.7,105.91,223.3,False,Groceries
2021-05-12,280.0,688.8,111.08,292.8,False,Groceries
2021-05-13,300.4,680.6,106.2,273.9,False,Groceries
2021-05-14,325.3,659.6,106.61,318.1,False,Groceries
2021-05-15,305.8,667.2,109.41,305.2,False,Groceries
2021-05-16,272.3,673.7,105.94,273.1,False,Groceries
2021-05-17,248.9,686.8,108.11,237.1,False,Groceries
2021-05-18,255.9,680.8,110.28,235.9,False,Groceries
2021-05-19,335.45,673.45,109.84,316.55,False,Groceries
2021-05-20,415.0,666.1,109.4,397.2,True,Groceries
2021-05-21,329.2,665.7,107.13,299.4,False,Groceries
2021-05-22,309.2,675.0,105.25,285.0,False,Groceries
2021-05-23,280.25,682.7,106.66499999999999,270.8,False,Groceries
2021-05-24,251.3,690.4,108.08,256.6,False,Groceries
2021-05-25,225.7,697.7,107.92,203.4,False,Groceries
2021-05-26,268.4,688.1500000000001,107.725,249.7,False,Groceries
2021-05-27,311.1,678.6,107.53,296.0,False,Groceries
2021-05-28,313.2,681.9,106.81,291.8,False,Groceries
2021-05-29,313.1,681.1,110.43,293.7,False,Groceries
2021-05-30,252.6,702.8,106.8,241.0,False,Groceries
2021-05-31,274.45,708.05,106.735,275.25,False,Groceries
2021-06-01,296.3,713.3,106.67,309.5,True,Groceries
2021-06-02,296.2,693.9,103.98,301.2,False,Groceries
2021-06-03,293.5,698.0,106.79,293.2,False,Groceries
2021-06-04,308.7,697.7,103.95,319.0,False,Groceries
2021-06-05,283.1,699.2333333333333,105.79666666666667,285.76666666666665,False,Groceries
2021-06-06,257.5,700.7666666666667,107.64333333333333,252.53333333333336,False,Groceries
2021-06-07,231.9,702.3,109.49,219.3,False,Groceries
2021-06-08,263.9,691.8499999999999,108.69999999999999,261.3,False,Groceries
2021-06-09,295.9,681.4,107.91,303.3,False,Groceries
2021-06-10,310.9,682.0,108.27,280.0,False,Groceries
2021-06-11,295.35,682.4,108.41499999999999,271.8,False,Groceries
2021-06-12,279.8,682.8,108.56,263.6,False,Groceries
2021-06-13,261.4,678.2,107.35,266.0,False,Groceries
2021-06-14,238.8,688.4,109.11,235.1,False,Groceries
2021-06-15,244.1,685.4,110.15,240.7,False,Groceries
2021-06-16,258.7,682.0,111.56,246.1,False,Groceries
2021-06-17,307.4,659.7,110.47,279.5,False,Groceries
2021-06-18,318.8,658.0,110.35,322.7,False,Groceries
2021-06-19,290.3,670.9,101.67,299.2,False,Groceries
2021-06-20,265.33333333333337,673.6,103.91333333333334,273.46666666666664,False,Groceries
2021-06-21,240.36666666666667,676.3,106.15666666666667,247.73333333333332,False,Groceries
2021-06-22,215.4,679.0,108.4,222.0,False,Groceries
2021-06-23,236.775,666.775,108.75,241.5,False,Groceries
2021-06-24,258.15,654.55,109.1,261.0,False,Groceries
2021-06-25,279.525,642.325,109.45,280.5,False,Groceries
2021-06-26,300.9,630.1,109.8,300.0,False,Groceries
2021-06-27,303.04999999999995,648.1,108.235,288.2,False,Groceries
2021-06-28,305.2,666.1,106.67,276.4,True,Groceries
2021-06-29,299.23333333333335,655.5333333333333,107.66333333333334,283.59999999999997,False,Groceries
2021-06-30,293.26666666666665,644.9666666666667,108.65666666666667,290.8,False,Groceries
2021-07-01,287.3,634.4,109.65,298.0,False,Groceries
2021-07-02,307.1,626.3,106.56,311.7,False,Groceries
2021-07-03,284.15,628.85,110.58500000000001,271.6,False,Groceries
2021-07-04,253.3,633.4,107.52,260.0,False,Groceries
2021-07-05,244.3,639.8499999999999,107.955,251.35,False,Groceries
2021-07-06,235.3,646.3,108.39,242.7,False,Groceries
2021-07-07,255.6,641.0,110.03,255.7,False,Groceries
2021-07-08,278.5,637.4,107.66,266.7,False,Groceries
2021-07-09,299.4,628.5,109.1,295.4,False,Groceries
2021-07-10,313.2,637.0666666666667,108.28,312.6333333333333,False,Groceries
2021-07-11,327.0,645.6333333333333,107.46,329.8666666666667,False,Groceries
2021-07-12,340.8,654.2,106.64,347.1,True,Groceries
2021-07-13,210.8,667.2,110.19,217.6,False,Groceries
2021-07-14,238.7,665.5,109.41,217.6,False,Groceries
2021-07-15,283.7,652.1,107.28,260.6,False,Groceries
2021-07-16,289.3,650.4,110.77,287.5,False,Groceries
2021-07-17,268.7,656.3499999999999,109.735,257.05,False,Groceries
2021-07-18,248.1,662.3,108.7,226.6,False,Groceries
2021-07-19,239.85,664.8499999999999,109.725,226.8,False,Groceries
2021-07-20,231.6,667.4,110.75,227.0,False,Groceries
2021-07-21,246.4,675.3,108.15,249.5,False,Groceries
2021-07-22,298.9,657.1,107.05,298.3,False,Groceries
2021-07-23,320.1,658.7,109.91,314.8,False,Groceries
2021-07-24,282.7,670.9,103.71,273.9,False,Groceries
2021-07-25,266.35,673.65,106.50999999999999,258.1,False,Groceries
2021-07-26,250.0,676.4,109.31,242.3,False,Groceries
2021-07-27,232.4,684.3,109.16,211.5,False,Groceries
2021-07-28,272.4,681.3,105.52,254.0,False,Groceries
2021-07-29,463.9,674.1,106.46,477.6,True,Groceries
2021-07-30,302.8,670.2,108.11,289.9,False,Groceries
2021-07-31,300.3,668.0,106.02,308.8,False,Groceries
2021-08-01,291.75,695.85,106.735,286.25,False,Groceries
2021-08-02,283.2,723.7,107.45,263.7,True,Groceries
2021-08-03,267.25,713.2,107.315,260.45,False,Groceries
2021-08-04,251.3,702.7,107.18,257.2,False,Groceries
2021-08-05,310.7,685.4,107.43,308.2,False,Groceries
2021-08-06,228.4,701.9,106.81,232.9,False,Groceries
2021-08-07,272.0,713.7,107.93,280.7,False,Groceries
2021-08-08,249.5,709.1,105.95,246.2,False,Groceries
2021-08-09,233.75,752.95,107.83,224.7,False,Groceries
2021-08-10,245.5,726.1,103.86,236.7,False,Groceries
2021-08-11,274.9,810.7,112.77,268.8,False,Groceries
2021-08-12,304.3,697.6,110.01,317.3,False,Groceries
2021-08-13,289.0,704.5,109.16,296.4,False,Groceries
2021-08-14,268.3,710.85,108.58500000000001,263.35,False,Groceries
2021-08-15,247.6,717.2,108.01,230.3,False,Groceries
2021-08-16,257.8333333333333,716.6,108.24000000000001,248.03333333333333,False,Groceries
2021-08-17,268.06666666666666,716.0,108.47,265.76666666666665,False,Groceries
2021-08-18,278.3,715.4,108.7,283.5,False,Groceries
2021-08-19,316.7,701.0,103.75,295.5,False,Groceries
2021-08-20,303.3,714.2,104.79333333333334,283.6333333333333,False,Groceries
2021-08-21,289.9,727.4,105.83666666666666,271.76666666666665,False,Groceries
2021-08-22,276.5,740.6,106.88,259.9,False,Groceries
2021-08-23,239.1,761.3,106.07,222.2,False,Groceries
2021-08-24,236.7,761.0,112.71,220.7,False,Groceries
2021-08-25,300.8,731.2,104.08,304.4,False,Groceries
2021-08-26,314.3,729.6500000000001,107.19,316.79999999999995,False,Groceries
2021-08-27,327.8,728.1,110.3,329.2,False,Groceries
2021-08-28,361.3,742.9,106.62,337.1,True,Groceries
2021-08-29,322.8666666666667,747.9333333333333,106.29,304.93333333333334,False,Groceries
2021-08-30,284.43333333333334,752.9666666666667,105.96,272.76666666666665,False,Groceries
2021-08-31,246.0,758.0,105.63,240.6,False,Groceries
2021-09-01,285.1666666666667,754.5333333333333,105.94,280.3333333333333,False,Groceries
2021-09-02,324.3333333333333,751.0666666666667,106.25,320.06666666666666,False,Groceries
2021-09-03,363.5,747.6,106.56,359.8,True,Groceries
2021-09-04,279.9,753.5,105.45,283.2,False,Groceries
2021-09-05,263.54999999999995,765.1,107.58500000000001,263.5,False,Groceries
2021-09-06,247.2,776.7,109.72,243.8,False,Groceries
2021-09-07,246.0142857142857,781.2428571428571,108.98142857142857,242.5,False,Groceries
2021-09-08,244.82857142857142,785.7857142857143,108.24285714285715,241.20000000000002,False,Groceries
2021-09-09,243.64285714285714,790.3285714285714,107.50428571428571,239.9,False,Groceries
2021-09-10,242.45714285714286,794.8714285714286,106.76571428571428,238.6,False,Groceries
2021-09-11,241.27142857142857,799.4142857142857,106.02714285714285,237.29999999999998,False,Groceries
2021-09-12,240.0857142857143,803.9571428571429,105.28857142857143,236.0,False,Groceries
2021-09-13,238.9,808.5,104.55,234.7,False,Groceries
2021-09-14,254.8,800.2,107.57,238.1,False,Groceries
2021-09-15,278.4,795.3,109.02,256.9,False,Groceries
2021-09-16,302.95,788.2,107.16499999999999,300.1,False,Groceries
2021-09-17,327.5,781.1,105.31,343.3,False,Groceries
2021-09-18,297.4,795.9,106.26,287.5,False,Groceries
2021-09-19,276.75,802.7,104.80000000000001,272.8,False,Groceries
2021-09-20,256.1,809.5,103.34,258.1,False,Groceries
2021-09-21,268.5,803.6333333333333,104.33,263.53333333333336,False,Groceries
2021-09-22,280.90000000000003,797.7666666666667,105.32000000000001,268.96666666666664,False,Groceries
2021-09-23,293.3,791.9,106.31,274.4,False,Groceries
2021-09-24,302.6,797.8,108.13,312.7,False,Groceries
2021-09-25,284.35,801.2,108.74,291.15,False,Groceries
2021-09-26,266.1,804.6,109.35,269.6,False,Groceries
2021-09-27,257.4,808.7,108.28999999999999,262.0,False,Groceries
2021-09-28,248.7,812.8,107.23,254.4,False,Groceries
2021-09-29,287.5,803.1,108.19,270.8,False,Groceries
2021-09-30,770.6,798.4000000000001,107.61500000000001,374.5,False,Groceries
2021-10-01,1253.7,793.7,107.04,478.2,True,Groceries
2021-10-02,297.6,801.9,106.86,287.5,False,Groceries
2021-10-03,295.0,769.0,107.1,281.94,False,Groceries
2021-10-04,292.40000000000003,736.1,107.34,276.38,False,Groceries
2021-10-05,289.8,703.2,107.58,270.82,False,Groceries
2021-10-06,287.20000000000005,670.3,107.82000000000001,265.26,False,Groceries
2021-10-07,284.6,637.4,108.06,259.7,False,Groceries
2021-10-08,296.20000000000005,722.8499999999999,107.775,282.4,False,Groceries
2021-10-09,307.8,808.3,107.49,305.1,False,Groceries
2021-10-10,282.0,825.6,102.67,253.9,False,Groceries
2021-10-11,283.26666666666665,823.9333333333334,104.74333333333334,260.03333333333336,False,Groceries
2021-10-12,284.53333333333336,822.2666666666667,106.81666666666666,266.1666666666667,False,Groceries
2021-10-13,285.8,820.6,108.89,272.3,False,Groceries
2021-10-14,312.35,814.7,107.9,299.1,False,Groceries
2021-10-15,338.9,808.8,106.91,325.9,False,Groceries
2021-10-16,323.7,820.7,110.66,300.6,False,Groceries
2021-10-17,265.9,834.7,110.02,242.0,False,Groceries
2021-10-18,264.4,834.0,106.69,253.5,False,Groceries
2021-10-19,265.9,833.3,103.61,243.4,False,Groceries
2021-10-20,311.3,829.7,107.88,314.3,False,Groceries
2021-10-21,321.45000000000005,822.6,105.63,320.70000000000005,False,Groceries
2021-10-22,331.6,815.5,103.38,327.1,False,Groceries
2021-10-23,329.2,812.3,109.51,303.9,False,Groceries
2021-10-24,286.8,819.7,107.28,298.5,False,Groceries
2021-10-25,280.9,815.3,104.73,292.1,False,Groceries
2021-10-26,273.0,819.0,104.53,268.3,False,Groceries
2021-10-27,320.7,800.7,103.14,299.9,False,Groceries
2021-10-28,325.76666666666665,802.8000000000001,103.40333333333334,307.76666666666665,False,Groceries
2021-10-29,330.8333333333333,804.9,103.66666666666667,315.6333333333333,False,Groceries
2021-10-30,335.9,807.0,103.93,323.5,False,Groceries
2021-10-31,320.09999999999997,811.0,103.60333333333334,310.23333333333335,False,Groceries
2021-11-01,304.3,815.0,103.27666666666667,296.96666666666664,False,Groceries
2021-11-02,288.5,819.0,102.95,283.7,False,Groceries
2021-11-03,496.9,806.6,105.82,521.1,True,Groceries
2021-11-04,437.29999999999995,798.75,107.615,432.3,False,Groceries
2021-11-05,377.7,790.9,109.41,343.5,False,Groceries
2021-11-06,311.4,742.9000000000001,107.08500000000001,294.1,False,Groceries
2021-11-07,266.05,733.25,107.26,258.4,False,Groceries
2021-11-08,266.0,711.7,107.63,270.6,False,Groceries
2021-11-09,287.4,814.5,111.11,271.7,False,Groceries
2021-11-10,328.15,802.15,109.38,304.2,False,Groceries
2021-11-11,368.9,789.8,107.65,336.7,False,Groceries
2021-11-12,356.1,789.25,110.83500000000001,348.35,False,Groceries
2021-11-13,343.3,788.7,114.02,360.0,False,Groceries
2021-11-14,283.1,810.9,105.66,269.7,False,Groceries
2021-11-15,288.7,818.5,114.14,267.0,False,Groceries
2021-11-16,296.2,820.4,105.68,271.9,False,Groceries
2021-11-17,316.0,823.1,105.92,302.5,False,Groceries
2021-11-18,365.6,802.7,107.99,346.0,False,Groceries
2021-11-19,357.4,809.9,106.62,335.6,False,Groceries
2021-11-20,337.29999999999995,819.55,106.515,332.8,False,Groceries
2021-11-21,317.2,829.2,106.41,330.0,False,Groceries
2021-11-22,279.9,831.3,108.89,274.7,False,Groceries
2021-11-23,324.3,821.9,106.16,313.8,False,Groceries
2021-11-24,325.5,816.4,106.79,336.2,False,Groceries
2021-11-25,543.1,800.5,108.61,557.1,True,Groceries
2021-11-26,465.45000000000005,797.65,107.63499999999999,469.85,False,Groceries
2021-11-27,387.8,794.8,106.66,382.6,False,Groceries
2021-11-28,323.9,816.4,111.9,331.9,False,Groceries
2021-11-29,312.45,818.3,109.25,317.95,False,Groceries
2021-11-30,301.0,820.2,106.6,304.0,False,Groceries
2021-12-01,298.25,677.3,106.085,290.15,False,Groceries
2021-12-02,372.0,792.9,107.9,388.8,False,Groceries
2021-12-03,363.75,793.45,108.715,380.35,False,Groceries
2021-12-04,355.5,794.0,109.53,371.9,False,Groceries
2021-12-05,334.8,804.2,110.46,311.3,False,Groceries
2021-12-06,312.0,810.6,108.34,322.4,False,Groceries
2021-12-07,295.9,813.4,105.21,284.0,False,Groceries
2021-12-08,322.7,806.3,106.64,318.6,False,Groceries
2021-12-09,411.79999999999995,801.3,106.47,404.35,False,Groceries
2021-12-10,500.9,796.3,106.3,490.1,True,Groceries
2021-12-11,419.95,804.3,108.6,419.9,False,Groceries
2021-12-12,339.0,812.3,110.9,349.7,False,Groceries
2021-12-13,364.73333333333335,813.3666666666667,109.13000000000001,366.43333333333334,False,Groceries
2021-12-14,390.46666666666664,814.4333333333333,107.36,383.16666666666663,False,Groceries
2021-12-15,416.2,815.5,105.59,399.9,True,Groceries
2021-12-16,381.9,798.3,109.33,371.6,False,Groceries
2021-12-17,370.04999999999995,801.5,108.32499999999999,366.65,False,Groceries
2021-12-18,358.2,804.7,107.32,361.7,False,Groceries
2021-12-19,340.5333333333333,812.8666666666667,107.05666666666666,337.06666666666666,False,Groceries
2021-12-20,322.8666666666667,821.0333333333334,106.79333333333334,312.43333333333334,False,Groceries
2021-12-21,305.2,829.2,106.53,287.8,False,Groceries
2021-12-22,354.0,814.6,107.81,338.8,False,Groceries
2021-12-23,377.5,812.9,108.76,340.3,False,Groceries
2021-12-24,383.8,812.7,107.77,359.5,False,Groceries
2021-12-25,377.3,809.4,105.69,369.6,False,Groceries
2021-12-26,322.3,820.5,109.81,305.7,False,Groceries
2021-12-27,310.5,816.8,109.13,290.8,False,Groceries
2021-12-28,342.2,809.7,109.13,327.9,False,Groceries
2021-12-29,350.6,810.0,107.01,352.1,False,Groceries
2021-12-30,481.6,804.4,107.86,471.7,False,Groceries
2021-12-31,612.6,798.8,108.71,591.3,True,Groceries
2022-01-01,374.0,808.6,105.96,339.5,False,Groceries
2022-01-02,345.05,816.45,105.785,329.05,False,Groceries
2022-01-03,316.1,824.3,105.61,318.6,False,Groceries
2022-01-04,312.0,824.5,107.54,321.8,False,Groceries
2022-01-05,368.7,807.7,106.54,359.2,False,Groceries
2022-01-06,357.6,778.15,106.95,333.05,False,Groceries
2022-01-07,353.5,765.1,105.61,322.0,False,Groceries
2022-01-08,351.26666666666665,778.2333333333333,106.46333333333334,335.2,False,Groceries
2022-01-09,349.03333333333336,791.3666666666667,107.31666666666666,348.40000000000003,False,Groceries
2022-01-10,346.8,804.5,108.17,361.6,False,Groceries
2022-01-11,327.5,812.3,108.59,304.8,False,Groceries
2022-01-12,382.0,794.1,102.79,367.8,False,Groceries
2022-01-13,393.7,789.0,109.34,389.3,False,Groceries
2022-01-14,484.3,789.0,105.71,493.2,True,Groceries
2022-01-15,424.9,788.8,104.985,413.4,False,Groceries
2022-01-16,365.5,788.6,104.26,333.6,False,Groceries
2022-01-17,322.8,798.1,105.51,333.4,False,Groceries
2022-01-18,346.25,789.9000000000001,107.69,359.29999999999995,False,Groceries
2022-01-19,369.7,781.7,109.87,385.2,False,Groceries
2022-01-20,375.0,775.5,104.6,358.4,False,Groceries
2022-01-21,408.56666666666666,778.6666666666666,105.85,402.66666666666663,False,Groceries
2022-01-22,442.1333333333333,781.8333333333334,107.1,446.93333333333334,False,Groceries
2022-01-23,475.7,785.0,108.35,491.2,True,Groceries
2022-01-24,346.1,778.6,108.33,324.0,False,Groceries
2022-01-25,347.6,777.4,108.87,360.0,False,Groceries
2022-01-26,367.1,775.3,107.65,370.1,False,Groceries
2022-01-27,380.2,776.6,106.74,344.2,False,Groceries
2022-01-28,397.9,778.5,105.49,417.6,False,Groceries
2022-01-29,517.3,801.1,108.13,534.8,True,Groceries
2022-01-30,375.3,801.8,108.63,383.0,False,Groceries
2022-01-31,321.3,818.7,109.76,333.4,False,Groceries
2022-02-01,344.95000000000005,810.9000000000001,108.825,340.0,False,Groceries
2022-02-02,368.6,803.1,107.89,346.6,False,Groceries
2022-02-03,375.8,795.4,108.87333333333333,351.03333333333336,False,Groceries
2022-02-04,383.0,787.7,109.85666666666667,355.46666666666664,False,Groceries
2022-02-05,390.2,780.0,110.84,359.9,False,Groceries
2022-02-06,362.04999999999995,787.85,109.36500000000001,335.85,False,Groceries
2022-02-07,333.9,795.7,107.89,311.8,False,Groceries
2022-02-08,311.20000000000005,797.75,104.77000000000001,323.1,False,Groceries
2022-02-09,365.6,793.3,109.4,379.3,False,Groceries
2022-02-10,358.25,768.25,108.10499999999999,365.0,False,Groceries
2022-02-11,610.6,781.9,108.4,589.0,True,Groceries
2022-02-12,486.5,788.7,108.64,480.4,False,Groceries
2022-02-13,362.4,795.5,108.88,371.8,False,Groceries
2022-02-14,329.3,793.9,108.14,321.3,False,Groceries
2022-02-15,456.2,779.3,106.49,464.8,True,Groceries
2022-02-16,499.7,789.7,112.03,494.1,True,Groceries
2022-02-17,400.8,771.7,103.67,397.6,False,Groceries
2022-02-18,528.1,778.3,107.26,538.8,True,Groceries
2022-02-19,462.3666666666667,782.6,107.09333333333333,470.0333333333333,False,Groceries
2022-02-20,396.6333333333333,786.9,106.92666666666668,401.26666666666665,False,Groceries
2022-02-21,330.9,791.2,106.76,332.5,False,Groceries
2022-02-22,324.8,783.0,106.7,323.2,False,Groceries
2022-02-23,385.4,770.6,107.54,373.9,False,Groceries
2022-02-24,375.8,774.0,107.67666666666668,360.56666666666666,False,Groceries
2022-02-25,366.2,777.4,107.81333333333333,347.2333333333333,False,Groceries
2022-02-26,356.6,780.8,107.95,333.9,False,Groceries
2022-02-27,349.2,777.5,109.47,359.8,False,Groceries
2022-02-28,349.95,773.35,107.145,356.3,False,Groceries
2022-03-01,350.7,769.2,104.82,352.8,False,Groceries
2022-03-02,379.8,775.75,105.77,357.45,False,Groceries
2022-03-03,394.5,757.2,106.95,366.4,False,Groceries
2022-03-04,405.4,747.9,104.56,388.7,False,Groceries
2022-03-05,382.25,753.9,105.7,365.45,False,Groceries
2022-03-06,359.1,759.9,106.84,342.2,False,Groceries
2022-03-07,296.7,781.3,108.09,269.1,False,Groceries
2022-03-08,332.95,773.8,108.41,310.5,False,Groceries
2022-03-09,307.875,774.95,108.305,289.7,False,Groceries
2022-03-10,282.8,776.1,108.2,268.9,False,Groceries
2022-03-11,338.20000000000005,758.0,107.36,328.4,False,Groceries
2022-03-12,393.6,739.9,106.52,387.9,False,Groceries
2022-03-13,555.0,755.5,109.73,555.1,True,Groceries
2022-03-14,488.4,757.8666666666667,109.7,492.0,False,Groceries
2022-03-15,421.79999999999995,760.2333333333333,109.67,428.90000000000003,False,Groceries
2022-03-16,355.2,762.6,109.64,365.8,False,Groceries
2022-03-17,401.6,746.3,109.89,378.7,False,Groceries
2022-03-18,429.1,741.1,105.82,438.4,False,Groceries
2022-03-19,375.85,757.05,106.65,373.6,False,Groceries
2022-03-20,322.6,773.0,107.48,308.8,False,Groceries
2022-03-21,313.4,779.2,107.76,320.4,False,Groceries
2022-03-22,328.5,773.2,107.23,306.7,False,Groceries
2022-03-23,345.1,764.3,105.87,350.2,False,Groceries
2022-03-24,387.9,738.7,107.21,402.6,False,Groceries
2022-03-25,393.6,736.0,107.35,381.4,False,Groceries
2022-03-26,365.93333333333334,741.9666666666667,108.34333333333333,356.7333333333333,False,Groceries
2022-03-27,338.2666666666667,747.9333333333333,109.33666666666666,332.06666666666666,False,Groceries
2022-03-28,310.6,753.9,110.33,307.4,False,Groceries
2022-03-29,292.1,761.7,102.69,2826.0,False,Groceries
2022-03-30,379.9,729.5,109.84,349.4,False,Groceries
2022-03-31,374.2,732.3,108.39333333333333,349.6333333333333,False,Groceries
2022-04-01,368.5,735.1,106.94666666666667,349.8666666666667,False,Groceries
2022-04-02,362.8,737.9,105.5,350.1,False,Groceries
2022-04-03,346.56666666666666,744.1666666666666,105.30666666666667,329.6666666666667,False,Groceries
2022-04-04,330.33333333333337,750.4333333333334,105.11333333333333,309.23333333333335,False,Groceries
2022-04-05,314.1,756.7,104.92,288.8,False,Groceries
2022-04-06,345.5,760.5,109.52,315.4,False,Groceries
2022-04-07,385.1,764.275,107.9675,356.72499999999997,False,Groceries
2022-04-08,424.7,768.05,106.415,398.04999999999995,False,Groceries
2022-04-09,375.7,756.3,107.92,340.3,False,Groceries
2022-04-10,337.2,759.7,105.41,309.1,False,Groceries
2022-04-11,332.35,763.9000000000001,105.50999999999999,306.75,False,Groceries
2022-04-12,327.5,768.1,105.61,304.4,False,Groceries
2022-04-13,341.1,774.4,110.66,332.4,False,Groceries
2022-04-14,367.4,765.65,110.1,365.85,False,Groceries
2022-04-15,393.7,756.9,109.54,399.3,False,Groceries
2022-04-16,361.43333333333334,763.2333333333333,109.45666666666668,358.8,False,Groceries
2022-04-17,329.16666666666663,769.5666666666666,109.37333333333333,318.3,False,Groceries
2022-04-18,296.9,775.9,109.29,277.8,False,Groceries
2022-04-19,295.3,771.5,108.42,302.2,False,Groceries
2022-04-20,353.4,755.2,104.44,367.0,False,Groceries
2022-04-21,366.5,753.4,108.57,362.2,False,Groceries
2022-04-22,353.93333333333334,759.0333333333333,106.94666666666666,353.1666666666667,False,Groceries
2022-04-23,341.3666666666667,764.6666666666666,105.32333333333334,344.1333333333333,False,Groceries
2022-04-24,328.8,770.3,103.7,335.1,False,Groceries
2022-04-25,299.9,768.4,106.23,314.0,False,Groceries
2022-04-26,300.8,766.4,104.75,309.6,False,Groceries
2022-04-27,360.8,745.1,103.91,365.6,False,Groceries
2022-04-28,370.3,745.9,106.58,337.3,False,Groceries
2022-04-29,369.0,745.0,110.46,359.3,False,Groceries
2022-04-30,414.45,755.1,107.65,414.4,False,Groceries
2022-05-01,459.9,765.2,104.84,469.5,True,Groceries
2022-05-02,284.6,784.6,107.8,265.5,False,Groceries
2022-05-03,351.9,765.8,106.105,342.4,False,Groceries
2022-05-04,439.15,755.45,106.1875,428.75,False,Groceries
2022-05-05,526.4,745.1,106.27,515.1,True,Groceries
2022-05-06,390.6,748.9,105.8,389.4,False,Groceries
2022-05-07,478.6,764.9,102.46,438.8,True,Groceries
2022-05-08,333.7,769.7,108.17,333.3,False,Groceries
2022-05-09,305.0,777.8,108.82,279.5,False,Groceries
2022-05-10,298.7,783.7,106.65,294.0,False,Groceries
2022-05-11,341.2,766.5,108.18,337.8,False,Groceries
2022-05-12,358.65,769.8,108.57499999999999,344.15,False,Groceries
2022-05-13,396.1,751.3,108.35,391.6,False,Groceries
2022-05-14,353.2,764.1,108.14,356.3,False,Groceries
2022-05-15,301.6,781.9,109.53,282.8,False,Groceries
2022-05-16,302.9,786.7,105.57,291.5,False,Groceries
2022-05-17,314.15,779.0,106.71,301.7,False,Groceries
2022-05-18,325.4,771.3,107.85,311.9,False,Groceries
2022-05-19,370.9,755.5,110.11,367.4,False,Groceries
2022-05-20,395.0,756.1,107.93,357.3,False,Groceries
2022-05-21,491.0,762.5,103.3,496.9,True,Groceries
2022-05-22,320.1,778.2,104.58,308.4,False,Groceries
2022-05-23,289.6,776.8,109.38,301.8,False,Groceries
2022-05-24,312.06666666666666,766.9333333333333,108.08333333333333,316.53333333333336,False,Groceries
2022-05-25,334.53333333333336,757.0666666666667,106.78666666666666,331.26666666666665,False,Groceries
2022-05-26,357.0,747.2,105.49,346.0,False,Groceries
2022-05-27,353.85,746.05,105.655,352.55,False,Groceries
2022-05-28,350.7,744.9,105.82,359.1,False,Groceries
2022-05-29,316.7,756.15,107.275,306.9,False,Groceries
2022-05-30,282.7,767.4,108.73,254.7,False,Groceries
2022-05-31,287.6,768.3,108.44,261.5,False,Groceries
2022-06-01,318.75,753.15,107.02,291.9,False,Groceries
2022-06-02,349.9,738.0,105.6,322.3,False,Groceries
2022-06-03,360.5,737.7,107.03,332.4,False,Groceries
2022-06-04,352.3,733.0,106.05,318.5,False,Groceries
2022-06-05,406.15,743.05,106.055,375.4,False,Groceries
2022-06-06,460.0,753.1,106.06,432.3,True,Groceries
2022-06-07,303.1,761.9,105.91,274.5,False,Groceries
2022-06-08,339.8,756.2,106.02,351.0,False,Groceries
2022-06-09,331.72,759.0600000000001,106.178,340.92,False,Groceries
2022-06-10,323.64,761.9200000000001,106.336,330.84000000000003,False,Groceries
2022-06-11,315.56,764.78,106.494,320.76,False,Groceries
2022-06-12,307.47999999999996,767.64,106.652,310.68,False,Groceries
2022-06-13,299.4,770.5,106.81,300.6,False,Groceries
2022-06-14,286.3,785.3,106.84,285.9,False,Groceries
2022-06-15,334.0,764.4,105.44,3379.0,False,Groceries
2022-06-16,355.4,767.4,110.37,333.0,False,Groceries
2022-06-17,346.25,766.8,109.82,328.1,False,Groceries
2022-06-18,337.1,766.2,109.27,323.2,False,Groceries
2022-06-19,305.8,778.5,105.97,310.5,False,Groceries
2022-06-20,283.0,788.3,104.46,255.2,False,Groceries
2022-06-21,404.9,781.6,104.39,405.1,True,Groceries
2022-06-22,339.1,776.2,107.99,322.2,False,Groceries
2022-06-23,344.1,776.5,109.57,329.29999999999995,False,Groceries
2022-06-24,349.1,776.8,111.15,336.4,False,Groceries
2022-06-25,332.70000000000005,781.5,109.2,326.5,False,Groceries
2022-06-26,316.3,786.2,107.25,316.6,False,Groceries
2022-06-27,294.3,796.4,109.37,280.7,False,Groceries
2022-06-28,307.1,781.5,107.81,297.4,False,Groceries
2022-06-29,319.3,778.6,107.03,295.0,False,Groceries
2022-06-30,344.0,771.0,107.38,335.0,False,Groceries
2022-07-01,336.6,771.2,107.71333333333332,325.23333333333335,False,Groceries
2022-07-02,329.2,771.4,108.04666666666667,315.46666666666664,False,Groceries
2022-07-03,321.8,771.6,108.38,305.7,False,Groceries
2022-07-04,267.0,790.0,104.86,242.1,False,Groceries
2022-07-05,397.9,780.5,104.74,364.3,True,Groceries
2022-07-06,313.9,776.6,104.31,317.3,False,Groceries
2022-07-07,326.65,771.75,106.71000000000001,333.0,False,Groceries
2022-07-08,339.4,766.9,109.11,348.7,False,Groceries
2022-07-09,317.85,777.7,108.675,308.79999999999995,False,Groceries
2022-07-10,296.3,788.5,108.24,268.9,False,Groceries
2022-07-11,361.45000000000005,779.7,108.39,349.8,False,Groceries
2022-07-12,329.35,701.65,109.17,304.75,False,Groceries
2022-07-13,362.2,788.2,109.24,354.5,True,Groceries
2022-07-14,350.65,784.25,108.50999999999999,345.65,False,Groceries
2022-07-15,339.1,780.3,107.78,336.8,False,Groceries
2022-07-16,325.4,780.8,107.52,307.9,False,Groceries
2022-07-17,299.1,792.0999999999999,107.895,279.2,False,Groceries
2022-07-18,272.8,803.4,108.27,250.5,False,Groceries
2022-07-19,269.9,804.2,106.23,256.5,False,Groceries
2022-07-20,318.54999999999995,789.8,106.42,294.0,False,Groceries
2022-07-21,367.2,775.4,106.61,331.5,False,Groceries
2022-07-22,385.1,770.6,105.59,352.4,False,Groceries
2022-07-23,336.9,784.95,105.64,327.1,False,Groceries
2022-07-24,288.7,799.3,105.69,301.8,False,Groceries
2022-07-25,270.4,803.5,106.71,251.5,False,Groceries
2022-07-26,299.2,800.3,105.06,275.1,False,Groceries
2022-07-27,882.8,799.7,105.96,295.3,False,Groceries
2022-07-28,320.2,791.9,107.58,301.2,False,Groceries
2022-07-29,348.0,779.0,103.5,354.4,False,Groceries
2022-07-30,329.1,788.6,108.25,325.4,False,Groceries
2022-07-31,296.5,788.7,108.16,282.1,False,Groceries
2022-08-01,261.9,803.7,107.59,259.8,False,Groceries
2022-08-02,283.525,797.7,106.8375,279.65,False,Groceries
2022-08-03,305.15,791.7,106.08500000000001,299.5,False,Groceries
2022-08-04,326.775,785.7,105.3325,319.35,False,Groceries
2022-08-05,348.4,779.7,104.58,339.2,False,Groceries
2022-08-06,322.2,779.4,106.03,322.0,False,Groceries
2022-08-07,303.2,775.4,106.7,279.7,False,Groceries
2022-08-08,308.2,769.1,107.72,312.8,False,Groceries
2022-08-09,307.4,644.85,108.72,311.20000000000005,False,Groceries
2022-08-10,306.6,520.6,109.72,309.6,False,Groceries
2022-08-11,351.8,505.5,107.02,346.1,False,Groceries
2022-08-12,337.4,507.0,109.89,18.3,False,Groceries
2022-08-13,307.95,514.35,107.42,148.45000000000002,False,Groceries
2022-08-14,278.5,521.7,104.95,278.6,False,Groceries
2022-08-15,265.4,776.4,107.64,269.0,False,Groceries
2022-08-16,287.2,770.6,105.68,286.0,False,Groceries
2022-08-17,318.4,755.1,111.15,333.1,False,Groceries
2022-08-18,366.3,742.7,109.7,377.3,False,Groceries
2022-08-19,340.4,761.6,104.7,355.5,False,Groceries
2022-08-20,329.2,770.9,109.58,327.2,False,Groceries
2022-08-21,330.9,765.9,107.32,341.7,False,Groceries
2022-08-22,294.1,787.6,104.75,264.7,False,Groceries
2022-08-23,309.55,782.7,107.52000000000001,291.35,False,Groceries
2022-08-24,325.0,777.8,110.29,318.0,False,Groceries
2022-08-25,344.4,778.3,107.22,329.3,False,Groceries
2022-08-26,337.0,779.6,107.08,318.2,False,Groceries
2022-08-27,310.3,790.35,107.72999999999999,301.04999999999995,False,Groceries
2022-08-28,283.6,801.1,108.38,283.9,False,Groceries
2022-08-29,746.9000000000001,797.6,108.53999999999999,270.9,False,Groceries
2022-08-30,1210.2,794.1,108.7,257.9,False,Groceries
2022-08-31,439.0,779.3,109.77,400.8,True,Groceries
2022-09-01,353.4,791.15,108.375,338.75,False,Groceries
2022-09-02,345.25,788.025,109.0575,335.625,False,Groceries
2022-09-03,337.1,784.9,109.74,332.5,False,Groceries
2022-09-04,313.70000000000005,790.3,109.755,315.1,False,Groceries
2022-09-05,290.3,795.7,109.77,297.7,False,Groceries
2022-09-06,315.95000000000005,790.35,107.86,304.6,False,Groceries
2022-09-07,341.6,785.0,105.95,311.5,False,Groceries
2022-09-08,349.5,787.8,107.32,351.2,False,Groceries
2022-09-09,342.9,788.9,107.34,354.8,False,Groceries
2022-09-10,331.95,794.65,107.17,338.35,False,Groceries
2022-09-11,321.0,800.4,107.0,321.9,False,Groceries
2022-09-12,311.9,797.0,111.06,305.7,False,Groceries
2022-09-13,298.2,792.9,109.17,313.0,False,Groceries
2022-09-14,327.8,784.2,108.34,324.7,False,Groceries
2022-09-15,429.15,778.8,109.025,420.5,False,Groceries
2022-09-16,530.5,773.4,109.71,516.3,True,Groceries
2022-09-17,355.3,778.2,109.75,333.5,False,Groceries
2022-09-18,331.1,783.2,109.57,321.95,False,Groceries
2022-09-19,306.9,788.2,109.39,310.4,False,Groceries
2022-09-20,1234.5,787.1,108.86,313.0,False,Groceries
2022-09-21,335.0,771.2,109.18,321.3,False,Groceries
2022-09-22,534.8,764.3,102.89,487.8,True,Groceries
2022-09-23,364.2,758.0,107.42,360.4,False,Groceries
2022-09-24,340.15,768.2,107.695,332.4,False,Groceries
2022-09-25,316.1,778.4,107.97,304.4,False,Groceries
2022-09-26,317.15,775.25,106.28,308.65,False,Groceries
2022-09-27,318.2,772.1,104.59,312.9,False,Groceries
2022-09-28,331.8,769.4,105.51,343.0,False,Groceries
2022-09-29,373.5,749.9,107.25,361.2,False,Groceries
2022-09-30,388.9,739.1,106.01,391.5,False,Groceries
2022-10-01,348.0,754.4,105.53,350.2,False,Groceries
2022-10-02,362.45,750.0999999999999,106.18,362.35,False,Groceries
2022-10-03,376.9,745.8,106.83,374.5,False,Groceries
2022-10-04,316.9,764.4,106.32,305.5,False,Groceries
2022-10-05,345.475,757.7,107.61999999999999,332.6,False,Groceries
2022-10-06,374.05,751.0,108.91999999999999,359.70000000000005,False,Groceries
2022-10-07,398.0,742.6,107.21,407.2,False,Groceries
2022-10-08,361.8,753.8,104.81,353.0,False,Groceries
2022-10-09,334.9,783.45,109.235,346.4,False,Groceries
2022-10-10,318.8,778.4,108.46,292.8,False,Groceries
2022-10-11,329.5,769.7,103.72,344.1,False,Groceries
2022-10-12,347.1,760.5,104.215,339.70000000000005,False,Groceries
2022-10-13,364.7,751.3,104.71,335.3,False,Groceries
2022-10-14,404.5,754.9,105.63,411.8,False,Groceries
2022-10-15,364.7,759.4,109.84,339.9,False,Groceries
2022-10-16,334.54999999999995,775.25,106.195,313.5,False,Groceries
2022-10-17,304.4,791.1,102.55,287.1,False,Groceries
2022-10-18,327.1333333333333,782.2666666666667,103.95333333333333,319.7,False,Groceries
2022-10-19,349.8666666666667,773.4333333333334,105.35666666666667,352.3,False,Groceries
2022-10-20,372.6,764.6,106.76,384.9,False,Groceries
2022-10-21,400.0,762.2,108.28,4120.0,False,Groceries
2022-10-22,353.0,782.8,106.06,351.0,False,Groceries
2022-10-23,353.3,774.1,107.66,334.8,False,Groceries
2022-10-24,373.3,774.85,107.935,359.95000000000005,False,Groceries
2022-10-25,393.3,775.6,108.21,385.1,True,Groceries
2022-10-26,337.4,776.3,102.86,323.5,False,Groceries
2022-10-27,360.7,773.4,104.325,343.8,False,Groceries
2022-10-28,384.0,770.5,105.79,364.1,False,Groceries
2022-10-29,365.85,776.55,105.36500000000001,341.8,False,Groceries
2022-10-30,347.7,782.6,104.94,319.5,False,Groceries
2022-10-31,313.2,793.4,107.28,327.6,False,Groceries
2022-11-01,430.8,783.2,109.32,446.6,True,Groceries
2022-11-02,371.5,770.7,107.54,368.6,False,Groceries
2022-11-03,384.5,762.1,106.93,390.5,False,Groceries
2022-11-04,384.3,758.8,105.51,375.9,False,Groceries
2022-11-05,368.5,761.0999999999999,106.035,370.9,False,Groceries
2022-11-06,352.7,763.4,106.56,365.9,False,Groceries
2022-11-07,349.7,762.2,106.965,352.29999999999995,False,Groceries
2022-11-08,346.7,761.0,107.37,338.7,False,Groceries
2022-11-09,384.7,747.1,107.23,351.7,False,Groceries
2022-11-10,375.025,755.65,106.93,346.375,False,Groceries
2022-11-11,365.35,764.2,106.63,341.04999999999995,False,Groceries
2022-11-12,355.675,772.75,106.33,335.72499999999997,False,Groceries
2022-11-13,346.0,781.3,106.03,330.4,False,Groceries
2022-11-14,347.3,780.4,106.64,344.5,False,Groceries
2022-11-15,330.3,788.7,107.89,311.2,False,Groceries
2022-11-16,447.65,779.2,109.16499999999999,414.1,False,Groceries
2022-11-17,565.0,769.7,110.44,517.0,True,Groceries
2022-11-18,478.1,772.1,111.125,442.75,False,Groceries
2022-11-19,391.2,774.5,111.81,368.5,False,Groceries
2022-11-20,370.15,781.65,108.905,357.85,False,Groceries
2022-11-21,349.1,788.8,106.0,347.2,False,Groceries
2022-11-22,338.2,788.4,112.45,319.4,False,Groceries
2022-11-23,552.3,792.2,106.32,567.4,True,Groceries
2022-11-24,507.0333333333333,781.6333333333333,107.82666666666667,512.6333333333333,False,Groceries
2022-11-25,461.76666666666665,771.0666666666667,109.33333333333333,457.8666666666667,False,Groceries
2022-11-26,416.5,760.5,110.84,403.1,False,Groceries
2022-11-27,378.9,775.7,110.3,348.4,False,Groceries
2022-11-28,332.1,793.0,109.79,317.3,False,Groceries
2022-11-29,357.9,777.3,105.29,346.7,False,Groceries
2022-11-30,382.25,770.45,107.93,359.25,False,Groceries
2022-12-01,406.6,763.6,110.57,371.8,False,Groceries
2022-12-02,375.3,799.1,100.88,385.4,False,Groceries
2022-12-03,396.0,759.0,105.98,360.8,False,Groceries
2022-12-04,401.56666666666666,766.7666666666667,105.72,374.7,False,Groceries
2022-12-05,407.1333333333333,774.5333333333333,105.46000000000001,388.6,False,Groceries
2022-12-06,412.7,782.3,105.2,402.5,True,Groceries
2022-12-07,502.5,694.05,105.475,490.2,False,Groceries
2022-12-08,592.3,605.8,105.75,577.9,True,Groceries
2022-12-09,499.45,605.3,106.18,479.2,False,Groceries
2022-12-10,406.6,604.8,106.61,380.5,False,Groceries
2022-12-11,379.4,613.7,104.25,344.7,False,Groceries
2022-12-12,354.1,774.3,108.58,330.2,False,Groceries
2022-12-13,354.3,760.9,105.3,342.1,False,Groceries
2022-12-14,415.8,743.0,110.82,401.3,False,Groceries
2022-12-15,408.55,745.9,108.99499999999999,391.1,False,Groceries
2022-12-16,401.3,748.8,107.16999999999999,380.9,False,Groceries
2022-12-17,394.05,751.7,105.345,370.7,False,Groceries
2022-12-18,386.8,754.6,103.52,360.5,False,Groceries
2022-12-19,392.4666666666667,751.7666666666667,105.00333333333333,362.56666666666666,False,Groceries
2022-12-20,398.1333333333333,748.9333333333334,106.48666666666666,364.6333333333333,False,Groceries
2022-12-21,403.8,746.1,107.97,366.7,False,Groceries
2022-12-22,412.7,742.4,105.88,420.3,False,Groceries
2022-12-23,441.1,734.2,107.33,413.5,False,Groceries
2022-12-24,421.02500000000003,740.2750000000001,107.63499999999999,392.025,False,Groceries
2022-12-25,400.95000000000005,746.35,107.94,370.55,False,Groceries
2022-12-26,380.875,752.425,108.245,349.07500000000005,False,Groceries
2022-12-27,360.8,758.5,108.55,327.6,False,Groceries
2022-12-28,416.9,739.0,110.43,381.1,False,Groceries
2022-12-29,420.2,740.85,108.6,393.15,False,Groceries
2022-12-30,423.5,742.7,106.77,405.2,False,Groceries
2022-12-31,399.8,749.7,107.5,390.9,False,Groceries
2023-01-01,390.5,751.7,109.1,354.8,False,Groceries
2023-01-02,394.65,750.45,107.02,363.70000000000005,False,Groceries
2023-01-03,398.8,749.2,104.94,372.6,False,Groceries
2023-01-04,429.7,744.4,108.17,421.9,False,Groceries
2020-01-01,363.4,882.1,91.4,331.7,False,Office Supplies
2020-01-02,385.4,874.9,91.11,381.8,False,Office Supplies
2020-01-03,373.54999999999995,880.05,89.50999999999999,378.20000000000005,False,Office Supplies
2020-01-04,361.7,885.2,87.91,374.6,False,Office Supplies
2020-01-05,355.0,883.8,92.87,336.3,False,Office Supplies
2020-01-06,467.7,891.7,89.41,441.1,True,Office Supplies
2020-01-07,477.6,895.2,88.95,451.9,True,Office Supplies
2020-01-08,377.6,877.4,87.46,384.3,False,Office Supplies
2020-01-09,400.9,870.3,87.52,406.3,False,Office Supplies
2020-01-10,445.45,844.25,88.815,434.84999999999997,False,Office Supplies
2020-01-11,378.7,872.8,90.02,373.6,False,Office Supplies
2020-01-12,353.8,878.2,91.51,352.0,False,Office Supplies
2020-01-13,302.9,886.0,90.75,289.9,False,Office Supplies
2020-01-14,306.7,888.8,85.58,302.3,False,Office Supplies
2020-01-15,349.06666666666666,880.8333333333333,85.88333333333333,348.43333333333334,False,Office Supplies
2020-01-16,391.43333333333334,872.8666666666667,86.18666666666667,394.56666666666666,False,Office Supplies
2020-01-17,433.8,864.9,86.49,440.7,False,Office Supplies
2020-01-18,382.05,884.15,88.77,390.5,False,Office Supplies
2020-01-19,330.3,903.4,91.05,340.3,False,Office Supplies
2020-01-20,334.6,909.3,92.86,341.8,False,Office Supplies
2020-01-21,348.6,904.7,90.12,339.3,False,Office Supplies
2020-01-22,369.1,484.9,87.58,336.0,False,Office Supplies
2020-01-23,413.8,483.3,89.69,429.9,False,Office Supplies
2020-01-24,377.0,489.1,89.15,21.1,False,Office Supplies
2020-01-25,357.3,491.7,91.72,339.3,False,Office Supplies
2020-01-26,348.9,496.8,90.07,332.8,False,Office Supplies
2020-01-27,303.0,926.6,89.59,304.6,False,Office Supplies
2020-01-28,325.8,915.2,88.17,325.6,False,Office Supplies
2020-01-29,352.1,908.4,92.18,321.0,False,Office Supplies
2020-01-30,385.5,890.0,91.15,399.9,False,Office Supplies
2020-01-31,532.8,879.7,93.08,507.0,True,Office Supplies
2020-02-01,387.7,887.5,91.29,356.5,False,Office Supplies
2020-02-02,361.2,892.8,90.43,348.8,False,Office Supplies
2020-02-03,303.9,912.3,91.68,286.1,False,Office Supplies
2020-02-04,324.85,906.5,91.515,309.35,False,Office Supplies
2020-02-05,345.8,900.7,91.35,332.6,False,Office Supplies
2020-02-06,365.5,900.3,92.65,375.4,False,Office Supplies
2020-02-07,386.4,909.7666666666667,90.48333333333333,381.5,False,Office Supplies
2020-02-08,407.3,919.2333333333333,88.31666666666668,387.59999999999997,False,Office Supplies
2020-02-09,428.2,928.7,86.15,393.7,True,Office Supplies
2020-02-10,314.7,923.8,88.7,294.8,False,Office Supplies
2020-02-11,351.65,912.8,88.75999999999999,332.45000000000005,False,Office Supplies
2020-02-12,388.6,901.8,88.82,370.1,False,Office Supplies
2020-02-13,375.7,904.7,90.49,370.0,False,Office Supplies
2020-02-14,409.1,894.3,90.21,382.5,False,Office Supplies
2020-02-15,369.4,904.2,87.9,373.3,False,Office Supplies
2020-02-16,346.6,713.6,87.20500000000001,345.5,False,Office Supplies
2020-02-17,323.8,523.0,86.51,317.7,False,Office Supplies
2020-02-18,338.0,520.2,90.71,18.3,False,Office Supplies
2020-02-19,348.2,521.8,88.49,363.2,False,Office Supplies
2020-02-20,354.9,522.9,88.92,371.2,False,Office Supplies
2020-02-21,382.8,908.4,86.86,372.2,False,Office Supplies
2020-02-22,369.7,913.3,90.16,334.2,False,Office Supplies
2020-02-23,337.7,919.5,89.01,350.4,False,Office Supplies
2020-02-24,299.2,928.0,88.97,303.3,False,Office Supplies
2020-02-25,313.3,927.2,86.17,316.2,False,Office Supplies
2020-02-26,333.3,922.35,88.86500000000001,333.1,False,Office Supplies
2020-02-27,353.3,917.5,91.56,350.0,False,Office Supplies
2020-02-28,364.7,910.2,88.22,336.6,False,Office Supplies
2020-02-29,345.0,917.1,91.13,350.6,False,Office Supplies
2020-03-01,325.8,914.6,86.62,339.9,False,Office Supplies
2020-03-02,289.8,921.8,86.71,295.5,False,Office Supplies
2020-03-03,291.9,927.0,89.37,285.5,False,Office Supplies
2020-03-04,346.5,870.0,87.73,359.9,False,Office Supplies
2020-03-05,336.6,912.8,88.44,312.2,False,Office Supplies
2020-03-06,353.7,908.3,90.96,318.6,False,Office Supplies
2020-03-07,337.4,908.55,92.91499999999999,310.75,False,Office Supplies
2020-03-08,321.1,908.8,94.87,302.9,False,Office Supplies
2020-03-09,288.5,917.5,88.17,284.5,False,Office Supplies
2020-03-10,342.5,910.5,88.92,327.0,True,Office Supplies
2020-03-11,360.2,897.6,89.64,346.6,False,Office Supplies
2020-03-12,377.9,884.7,90.36,366.2,False,Office Supplies
2020-03-13,352.8,892.9,87.94,368.6,False,Office Supplies
2020-03-14,353.7,891.1,90.47,368.1,False,Office Supplies
2020-03-15,300.8,896.9,91.27,307.1,False,Office Supplies
2020-03-16,283.2,892.0,91.96,292.9,False,Office Supplies
2020-03-17,311.5,881.8,88.85,305.1,False,Office Supplies
2020-03-18,363.8,863.8,90.76,340.6,False,Office Supplies
2020-03-19,373.85,859.95,89.81,357.3,False,Office Supplies
2020-03-20,383.9,856.1,88.86,374.0,False,Office Supplies
2020-03-21,338.1,870.45,88.965,328.95,False,Office Supplies
2020-03-22,292.3,884.8,89.07,283.9,False,Office Supplies
2020-03-23,279.1,881.9,89.67,254.2,False,Office Supplies
2020-03-24,290.9,879.3,88.51,286.2,False,Office Supplies
2020-03-25,306.5,872.5,87.51,281.3,False,Office Supplies
2020-03-26,428.4,873.6,87.28,410.6,True,Office Supplies
2020-03-27,372.9,868.9000000000001,88.235,362.3,False,Office Supplies
2020-03-28,317.4,864.2,89.19,314.0,False,Office Supplies
2020-03-29,305.3,870.3,90.44,296.8,False,Office Supplies
2020-03-30,276.9,879.8,87.69,264.6,False,Office Supplies
2020-03-31,263.3,891.8,94.07,250.5,False,Office Supplies
2020-04-01,388.20000000000005,879.75,93.07499999999999,385.6,False,Office Supplies
2020-04-02,513.1,867.7,92.08,520.7,True,Office Supplies
2020-04-03,420.5,870.5,90.955,408.15000000000003,False,Office Supplies
2020-04-04,327.9,873.3,89.83,295.6,False,Office Supplies
2020-04-05,288.5,890.3,90.74,302.9,False,Office Supplies
2020-04-06,284.53333333333336,887.0,90.32,298.59999999999997,False,Office Supplies
2020-04-07,280.56666666666666,883.6999999999999,89.9,294.3,False,Office Supplies
2020-04-08,276.6,880.4,89.48,290.0,False,Office Supplies
2020-04-09,298.8,878.9,89.48,305.2,False,Office Supplies
2020-04-10,310.1,875.2,91.68,288.9,False,Office Supplies
2020-04-11,275.7,885.2,88.17,2655.0,False,Office Supplies
2020-04-12,279.9,891.6,88.73,281.9,False,Office Supplies
2020-04-13,237.2,918.3,91.13,239.5,False,Office Supplies
2020-04-14,301.4,897.0,90.3,312.1,False,Office Supplies
2020-04-15,302.9,896.7,89.645,299.20000000000005,False,Office Supplies
2020-04-16,304.4,896.4,88.99,286.3,False,Office Supplies
2020-04-17,308.8,906.0,90.91,323.0,False,Office Supplies
2020-04-18,280.8,912.2,90.17,259.4,False,Office Supplies
2020-04-19,279.5,910.1,89.17,269.1,False,Office Supplies
2020-04-20,271.35,916.5,89.92500000000001,259.65,False,Office Supplies
2020-04-21,263.2,922.9,90.68,250.2,False,Office Supplies
2020-04-22,261.0,920.2,89.94,246.7,False,Office Supplies
2020-04-23,338.3,890.1,90.6,316.4,False,Office Supplies
2020-04-24,326.4,890.25,91.16999999999999,320.7,False,Office Supplies
2020-04-25,314.5,890.4,91.74,325.0,False,Office Supplies
2020-04-26,269.6,912.0,88.15,271.0,False,Office Supplies
2020-04-27,252.6,919.4,90.15,254.4,False,Office Supplies
2020-04-28,255.4,910.3,89.52,253.7,False,Office Supplies
2020-04-29,291.65,899.15,88.88499999999999,283.65,False,Office Supplies
2020-04-30,327.9,888.0,88.25,313.6,False,Office Supplies
2020-05-01,435.6,884.8,90.7,428.0,True,Office Supplies
2020-05-02,294.4,895.3,87.66,279.9,False,Office Supplies
2020-05-03,282.2,892.3,92.15,289.6,False,Office Supplies
2020-05-04,225.2,911.7,92.2,212.5,False,Office Supplies
2020-05-05,235.0,905.1,88.28,220.5,False,Office Supplies
2020-05-06,280.85,889.2,89.745,279.35,False,Office Supplies
2020-05-07,252.9,879.8,89.1,255.5,False,Office Supplies
2020-05-08,259.9,891.45,89.64,262.2,False,Office Supplies
2020-05-09,266.9,903.1,90.18,268.9,False,Office Supplies
2020-05-10,239.9,921.3,90.6,233.5,False,Office Supplies
2020-05-11,251.5,922.4,90.39,263.7,False,Office Supplies
2020-05-12,331.8,923.6,87.48,330.6,True,Office Supplies
2020-05-13,258.2,921.6,91.37,255.4,False,Office Supplies
2020-05-14,284.2,914.75,91.66,289.15,False,Office Supplies
2020-05-15,310.2,907.9,91.95,322.9,False,Office Supplies
2020-05-16,314.1,903.1,89.79,303.1,False,Office Supplies
2020-05-17,280.2,905.2,89.34,264.9,False,Office Supplies
2020-05-18,210.4,931.7,90.19,195.5,False,Office Supplies
2020-05-19,259.6,919.4,90.11,244.5,False,Office Supplies
2020-05-20,291.7,912.2,85.35,292.8,False,Office Supplies
2020-05-21,325.2,897.4,91.16,303.0,False,Office Supplies
2020-05-22,297.95,902.95,91.215,273.5,False,Office Supplies
2020-05-23,270.7,908.5,91.27,244.0,False,Office Supplies
2020-05-24,268.0,909.5,90.19,271.1,False,Office Supplies
2020-05-25,249.9,917.3,90.88,245.6,False,Office Supplies
2020-05-26,235.4,923.7,90.19,218.7,False,Office Supplies
2020-05-27,327.6,909.4,88.35,297.8,True,Office Supplies
2020-05-28,306.0,892.4,90.21,293.4,False,Office Supplies
2020-05-29,304.3,894.0,91.67,292.1,False,Office Supplies
2020-05-30,295.7,899.6,93.53,286.1,False,Office Supplies
2020-05-31,270.7,908.6,92.89,257.55,False,Office Supplies
2020-06-01,245.7,917.6,92.25,229.0,False,Office Supplies
2020-06-02,203.7,928.0,90.27,194.5,False,Office Supplies
2020-06-03,262.65,902.65,89.055,245.85,False,Office Supplies
2020-06-04,321.6,877.3,87.84,297.2,False,Office Supplies
2020-06-05,302.8,878.3,87.635,282.5,False,Office Supplies
2020-06-06,284.0,879.3,87.43,267.8,False,Office Supplies
2020-06-07,250.2,885.0,87.25,256.1,False,Office Supplies
2020-06-08,217.7,897.6,86.73,221.5,False,Office Supplies
2020-06-09,251.0,889.1,89.27,246.1,False,Office Supplies
2020-06-10,262.7,890.3333333333334,88.56333333333333,262.93333333333334,False,Office Supplies
2020-06-11,274.40000000000003,891.5666666666666,87.85666666666667,279.76666666666665,False,Office Supplies
2020-06-12,286.1,892.8,87.15,296.6,False,Office Supplies
2020-06-13,279.1,894.2,89.66,274.3,False,Office Supplies
2020-06-14,237.9,906.5,86.09,227.9,False,Office Supplies
2020-06-15,232.15,910.2,88.06,226.15,False,Office Supplies
2020-06-16,226.4,913.9,90.03,224.4,False,Office Supplies
2020-06-17,253.3,906.0,88.56,248.7,False,Office Supplies
2020-06-18,301.25,903.4,89.875,293.79999999999995,False,Office Supplies
2020-06-19,349.2,900.8,91.19,338.9,True,Office Supplies
2020-06-20,293.35,905.5,89.28999999999999,287.1,False,Office Supplies
2020-06-21,237.5,910.2,87.39,235.3,False,Office Supplies
2020-06-22,205.1,922.7,86.95,212.7,False,Office Supplies
2020-06-23,256.0,905.9,85.93,244.6,False,Office Supplies
2020-06-24,277.4,901.6,88.16,287.1,False,Office Supplies
2020-06-25,283.7,899.5,88.79,257.6,False,Office Supplies
2020-06-26,306.3,886.2,91.62,307.4,False,Office Supplies
2020-06-27,295.35,891.3,90.03,294.2,False,Office Supplies
2020-06-28,284.4,896.4,88.44,281.0,False,Office Supplies
2020-06-29,275.9,913.4,90.29,269.2,True,Office Supplies
2020-06-30,337.85,906.8,91.17,340.5,False,Office Supplies
2020-07-01,399.8,900.2,92.05,411.8,True,Office Supplies
2020-07-02,395.6,899.7,85.65,414.7,False,Office Supplies
2020-07-03,346.25,888.95,88.69,352.79999999999995,False,Office Supplies
2020-07-04,296.9,878.2,91.73,290.9,False,Office Supplies
2020-07-05,321.65,884.1,91.53,327.0,False,Office Supplies
2020-07-06,346.4,890.0,91.33,363.1,True,Office Supplies
2020-07-07,256.0,891.7,89.26,255.0,False,Office Supplies
2020-07-08,285.6666666666667,883.0666666666667,90.58,275.43333333333334,False,Office Supplies
2020-07-09,315.3333333333333,874.4333333333333,91.9,295.8666666666667,False,Office Supplies
2020-07-10,345.0,865.8,93.22,316.3,False,Office Supplies
2020-07-11,276.0,893.5,89.76,256.9,False,Office Supplies
2020-07-12,238.25,900.35,90.19,231.95,False,Office Supplies
2020-07-13,200.5,907.2,90.62,207.0,False,Office Supplies
2020-07-14,225.6,897.1,89.87,223.2,False,Office Supplies
2020-07-15,248.4,894.3,91.85,235.4,False,Office Supplies
2020-07-16,320.0,869.0,88.1,309.0,False,Office Supplies
2020-07-17,326.4,866.9,89.69,303.2,False,Office Supplies
2020-07-18,304.34999999999997,872.975,90.045,286.975,False,Office Supplies
2020-07-19,282.29999999999995,879.05,90.4,270.75,False,Office Supplies
2020-07-20,260.25,885.125,90.755,254.525,False,Office Supplies
2020-07-21,238.2,891.2,91.11,238.3,False,Office Supplies
2020-07-22,271.9,879.75,89.52000000000001,271.55,False,Office Supplies
2020-07-23,305.6,868.3,87.93,304.8,False,Office Supplies
2020-07-24,338.7,859.5,90.71,343.9,False,Office Supplies
2020-07-25,313.5,858.3,91.55,291.4,False,Office Supplies
2020-07-26,263.3,867.0,87.0,240.8,False,Office Supplies
2020-07-27,257.8,879.3,85.11,270.0,False,Office Supplies
2020-07-28,229.8,889.3,88.71,214.1,False,Office Supplies
2020-07-29,313.9,868.4,89.92,305.2,False,Office Supplies
2020-07-30,456.0,877.5,92.01,443.9,True,Office Supplies
2020-07-31,313.7,867.9,90.17,322.8,False,Office Supplies
2020-08-01,317.7,868.4,92.06,317.4,False,Office Supplies
2020-08-02,253.2,885.2,91.25,264.4,False,Office Supplies
2020-08-03,266.93333333333334,886.85,90.86166666666666,271.31666666666666,False,Office Supplies
2020-08-04,280.66666666666663,888.5,90.47333333333333,278.2333333333333,False,Office Supplies
2020-08-05,294.4,890.15,90.085,285.15,False,Office Supplies
2020-08-06,337.0,868.6,89.49,334.5,False,Office Supplies
2020-08-07,318.45,869.6,89.685,317.35,False,Office Supplies
2020-08-08,299.9,870.6,89.88,300.2,False,Office Supplies
2020-08-09,275.8,873.5,88.08,256.5,False,Office Supplies
2020-08-10,249.7,882.5,88.9,260.4,False,Office Supplies
2020-08-11,314.1,846.75,89.12,296.79999999999995,False,Office Supplies
2020-08-12,290.1,874.9,89.23,296.9,False,Office Supplies
2020-08-13,306.4,871.2,89.56,286.3,False,Office Supplies
2020-08-14,292.06666666666666,874.2666666666667,89.89666666666666,271.23333333333335,False,Office Supplies
2020-08-15,277.7333333333333,877.3333333333334,90.23333333333333,256.1666666666667,False,Office Supplies
2020-08-16,263.4,880.4,90.57,241.1,False,Office Supplies
2020-08-17,266.79999999999995,876.7,88.08,259.9,False,Office Supplies
2020-08-18,270.2,873.0,85.59,278.7,False,Office Supplies
2020-08-19,263.5,883.0,88.63,247.6,False,Office Supplies
2020-08-20,317.05,864.55,88.63,302.2,False,Office Supplies
2020-08-21,370.6,846.1,88.63,356.8,False,Office Supplies
2020-08-22,289.0,875.0,91.47,293.4,False,Office Supplies
2020-08-23,270.3,450.4,92.07,279.7,False,Office Supplies
2020-08-24,228.6,457.0,90.29,224.1,False,Office Supplies
2020-08-25,271.0,450.3,90.02666666666667,271.2,False,Office Supplies
2020-08-26,313.4,443.59999999999997,89.76333333333334,318.29999999999995,False,Office Supplies
2020-08-27,355.8,436.9,89.5,365.4,False,Office Supplies
2020-08-28,340.65,648.95,90.25999999999999,345.45,False,Office Supplies
2020-08-29,325.5,861.0,91.02,325.5,False,Office Supplies
2020-08-30,339.7,863.25,92.25,347.25,False,Office Supplies
2020-08-31,353.9,865.5,93.48,369.0,True,Office Supplies
2020-09-01,346.2333333333333,862.1666666666666,91.97666666666667,349.6333333333333,False,Office Supplies
2020-09-02,338.56666666666666,858.8333333333334,90.47333333333333,330.26666666666665,False,Office Supplies
2020-09-03,330.9,855.5,88.97,310.9,False,Office Supplies
2020-09-04,505.0,842.4,89.71,505.0,True,Office Supplies
2020-09-05,440.9,855.1666666666666,89.67999999999999,435.8,False,Office Supplies
2020-09-06,376.79999999999995,867.9333333333334,89.65,366.6,False,Office Supplies
2020-09-07,312.7,880.7,89.62,297.4,False,Office Supplies
2020-09-08,296.3,846.3,89.03,273.1,False,Office Supplies
2020-09-09,337.7,834.0,90.16,311.7,False,Office Supplies
2020-09-10,328.4,851.8,87.68,316.5,False,Office Supplies
2020-09-11,320.06666666666666,850.4,88.76,308.8,False,Office Supplies
2020-09-12,311.7333333333333,849.0,89.84,301.09999999999997,False,Office Supplies
2020-09-13,303.4,847.6,90.92,293.4,False,Office Supplies
2020-09-14,299.65,848.55,90.005,284.0,False,Office Supplies
2020-09-15,295.9,849.5,89.09,274.6,False,Office Supplies
2020-09-16,346.8,829.5,84.22,360.0,False,Office Supplies
2020-09-17,334.9,830.8,91.28,318.1,False,Office Supplies
2020-09-18,373.9,819.6,89.57,340.4,False,Office Supplies
2020-09-19,332.5,826.4,90.34,303.5,False,Office Supplies
2020-09-20,296.2,836.5,89.67,298.7,False,Office Supplies
2020-09-21,286.7,837.3,91.99,298.9,False,Office Supplies
2020-09-22,305.15,831.9,90.845,313.04999999999995,False,Office Supplies
2020-09-23,323.6,826.5,89.7,327.2,False,Office Supplies
2020-09-24,358.1,809.4,91.78,339.0,False,Office Supplies
2020-09-25,337.8,817.3333333333334,91.35,323.93333333333334,False,Office Supplies
2020-09-26,317.5,825.2666666666667,90.92,308.8666666666667,False,Office Supplies
2020-09-27,297.2,833.2,90.49,293.8,False,Office Supplies
2020-09-28,302.1,835.1,91.31,290.95000000000005,False,Office Supplies
2020-09-29,307.0,837.0,92.13,288.1,False,Office Supplies
2020-09-30,320.4,827.8,89.26,304.4,False,Office Supplies
2020-10-01,377.68333333333334,834.8,89.46000000000001,301.0,False,Office Supplies
2020-10-02,434.96666666666664,841.8,89.66000000000001,297.59999999999997,False,Office Supplies
2020-10-03,492.25,848.8,89.86000000000001,294.2,False,Office Supplies
2020-10-04,549.5333333333333,855.8,90.06,290.8,False,Office Supplies
2020-10-05,606.8166666666666,862.8,90.26,287.4,False,Office Supplies
2020-10-06,664.1,869.8,90.46000000000001,284.0,False,Office Supplies
2020-10-07,370.4,818.8,86.48,371.9,False,Office Supplies
2020-10-08,349.1,824.6,84.2,346.4,False,Office Supplies
2020-10-09,404.3,803.5,89.96,405.8,False,Office Supplies
2020-10-10,407.8333333333333,813.5,89.53999999999999,403.8666666666667,False,Office Supplies
2020-10-11,411.3666666666667,823.5,89.12,401.93333333333334,False,Office Supplies
2020-10-12,414.9,833.5,88.7,400.0,False,Office Supplies
2020-10-13,390.1,824.15,88.55000000000001,383.0,False,Office Supplies
2020-10-14,365.3,814.8,88.4,366.0,False,Office Supplies
2020-10-15,393.3,812.4,87.09,412.4,False,Office Supplies
2020-10-16,371.5,817.7,90.67,368.9,False,Office Supplies
2020-10-17,376.5,810.7,91.21,359.3,False,Office Supplies
2020-10-18,342.95,819.9000000000001,91.50999999999999,321.5,False,Office Supplies
2020-10-19,309.4,829.1,91.81,283.7,False,Office Supplies
2020-10-20,347.8,812.6,90.42,348.5,False,Office Supplies
2020-10-21,374.9,811.0,89.41,379.4,False,Office Supplies
2020-10-22,391.4,811.4,86.18,391.4,False,Office Supplies
2020-10-23,406.7,805.8,89.69,416.0,False,Office Supplies
2020-10-24,404.6,807.2,89.32,364.6,False,Office Supplies
2020-10-25,359.0,818.4,92.08,370.0,False,Office Supplies
2020-10-26,326.3,838.9,89.33,314.0,False,Office Supplies
2020-10-27,321.4,849.9,90.48,317.6,False,Office Supplies
2020-10-28,354.5,832.7,88.9,334.1,False,Office Supplies
2020-10-29,469.1,823.1,90.18,471.0,True,Office Supplies
2020-10-30,435.25,812.5,89.165,444.9,False,Office Supplies
2020-10-31,401.4,801.9,88.15,418.8,False,Office Supplies
2020-11-01,395.7,809.1,91.85,384.8,False,Office Supplies
2020-11-02,356.45000000000005,878.45,92.015,365.3,False,Office Supplies
2020-11-03,432.2,896.5,90.9,444.2,True,Office Supplies
2020-11-04,421.93333333333334,864.4,91.05333333333334,429.1333333333333,False,Office Supplies
2020-11-05,411.66666666666663,832.3000000000001,91.20666666666666,414.06666666666666,False,Office Supplies
2020-11-06,401.4,800.2,91.36,399.0,False,Office Supplies
2020-11-07,362.4,810.1,89.39,371.1,False,Office Supplies
2020-11-08,336.7,821.45,88.91499999999999,332.05,False,Office Supplies
2020-11-09,311.0,832.8,88.44,293.0,False,Office Supplies
2020-11-10,364.8,817.0,90.48,363.6,False,Office Supplies
2020-11-11,391.6,808.8,87.74,353.2,False,Office Supplies
2020-11-12,598.4,798.6,88.83,546.6,True,Office Supplies
2020-11-13,421.1,789.8,89.27,417.1,False,Office Supplies
2020-11-14,522.6,788.7,89.79,482.3,True,Office Supplies
2020-11-15,358.7,819.5,89.26,344.0,False,Office Supplies
2020-11-16,355.6,821.6,84.89,362.7,False,Office Supplies
2020-11-17,824.3,815.5333333333333,86.81333333333333,376.3666666666667,False,Office Supplies
2020-11-18,1293.0,809.4666666666667,88.73666666666666,390.0333333333333,False,Office Supplies
2020-11-19,1761.7,803.4,90.66,403.7,False,Office Supplies
2020-11-20,419.3,805.9,88.98,427.2,False,Office Supplies
2020-11-21,391.3,820.3,90.91,385.04999999999995,False,Office Supplies
2020-11-22,363.3,834.7,92.84,342.9,False,Office Supplies
2020-11-23,355.1,837.9,89.95,372.0,False,Office Supplies
2020-11-24,371.05,835.0999999999999,90.275,385.1,False,Office Supplies
2020-11-25,387.0,832.3,90.6,398.2,False,Office Supplies
2020-11-26,434.1,815.8,88.32,425.9,False,Office Supplies
2020-11-27,417.3,814.9,88.705,423.2,False,Office Supplies
2020-11-28,400.5,814.0,89.09,420.5,False,Office Supplies
2020-11-29,398.0,818.1,88.45,358.6,False,Office Supplies
2020-11-30,373.5,828.5,89.095,350.70000000000005,False,Office Supplies
2020-12-01,349.0,838.9,89.74,342.8,False,Office Supplies
2020-12-02,561.2,818.9,91.44,579.7,True,Office Supplies
2020-12-03,517.7,820.5,91.11333333333333,535.5666666666667,False,Office Supplies
2020-12-04,474.2,822.1,90.78666666666666,491.43333333333334,False,Office Supplies
2020-12-05,430.7,823.7,90.46,447.3,False,Office Supplies
2020-12-06,412.7,825.4,90.56,377.4,False,Office Supplies
2020-12-07,257.5,895.7,88.16,241.0,False,Office Supplies
2020-12-08,356.2,849.7,90.12,339.4,False,Office Supplies
2020-12-09,396.1,835.5,86.87,365.2,False,Office Supplies
2020-12-10,409.75,832.6,88.33000000000001,382.5,False,Office Supplies
2020-12-11,423.4,829.7,89.79,399.8,False,Office Supplies
2020-12-12,402.5,835.3,90.04,366.2,False,Office Supplies
2020-12-13,387.1,841.3,88.1,364.2,False,Office Supplies
2020-12-14,449.45000000000005,840.0999999999999,88.56,444.79999999999995,False,Office Supplies
2020-12-15,511.8,838.9,89.02,525.4,True,Office Supplies
2020-12-16,393.5,843.4,89.75,362.3,False,Office Supplies
2020-12-17,431.6,836.6,86.7,430.8,False,Office Supplies
2020-12-18,429.7,830.2,88.79,448.9,False,Office Supplies
2020-12-19,392.7,839.4,88.26,407.6,False,Office Supplies
2020-12-20,373.6,854.6,91.3,374.4,False,Office Supplies
2020-12-21,469.85,857.35,90.625,443.45,False,Office Supplies
2020-12-22,566.1,860.1,89.95,512.5,True,Office Supplies
2020-12-23,377.4,854.9,93.28,340.3,False,Office Supplies
2020-12-24,408.29999999999995,844.75,93.16499999999999,370.95000000000005,False,Office Supplies
2020-12-25,439.2,834.6,93.05,401.6,False,Office Supplies
2020-12-26,418.5,849.9,89.34,413.1,False,Office Supplies
2020-12-27,395.85,855.45,87.535,387.05,False,Office Supplies
2020-12-28,373.2,861.0,85.73,361.0,False,Office Supplies
2020-12-29,379.7,859.7,91.38,358.1,False,Office Supplies
2020-12-30,380.8,855.7,89.9,377.0,False,Office Supplies
2020-12-31,588.5,845.2,86.64,581.0,True,Office Supplies
2021-01-01,490.2,847.25,87.32,491.4,False,Office Supplies
2021-01-02,391.9,849.3,88.0,401.8,False,Office Supplies
2021-01-03,392.4,842.1,86.12,375.9,False,Office Supplies
2021-01-04,351.95000000000005,861.7,89.4,336.04999999999995,False,Office Supplies
2021-01-05,336.75,750.0,88.105,332.95000000000005,False,Office Supplies
2021-01-06,356.025,805.35,88.8375,352.32500000000005,False,Office Supplies
2021-01-07,375.3,860.7,89.57,371.7,False,Office Supplies
2021-01-08,398.8,860.7,89.85499999999999,393.5,False,Office Supplies
2021-01-09,422.3,860.7,90.14,415.3,False,Office Supplies
2021-01-10,514.0,874.4,91.65,504.4,True,Office Supplies
2021-01-11,490.65,867.25,91.58500000000001,488.22499999999997,False,Office Supplies
2021-01-12,467.3,860.0999999999999,91.52000000000001,472.04999999999995,False,Office Supplies
2021-01-13,443.95000000000005,852.9499999999999,91.455,455.875,False,Office Supplies
2021-01-14,420.6,845.8,91.39,439.7,False,Office Supplies
2021-01-15,401.7666666666667,852.8333333333333,90.9,404.59999999999997,False,Office Supplies
2021-01-16,382.93333333333334,859.8666666666667,90.41,369.5,False,Office Supplies
2021-01-17,364.1,866.9,89.92,334.4,False,Office Supplies
2021-01-18,390.3,862.4,90.43,351.4,False,Office Supplies
2021-01-19,397.6,856.8,90.035,372.15,False,Office Supplies
2021-01-20,404.9,851.2,89.64,392.9,False,Office Supplies
2021-01-21,454.8,842.7,91.59,418.3,False,Office Supplies
2021-01-22,447.8,845.6500000000001,90.98,416.1,False,Office Supplies
2021-01-23,440.8,848.6,90.37,413.9,False,Office Supplies
2021-01-24,425.475,853.025,89.6275,401.275,False,Office Supplies
2021-01-25,410.15,857.45,88.885,388.65,False,Office Supplies
2021-01-26,394.825,861.875,88.14250000000001,376.025,False,Office Supplies
2021-01-27,379.5,866.3,87.4,363.4,False,Office Supplies
2021-01-28,433.2,851.8,90.72,424.6,False,Office Supplies
2021-01-29,428.5,850.7,88.36,435.3,False,Office Supplies
2021-01-30,401.9,855.0,90.23,387.5,False,Office Supplies
2021-01-31,370.2,870.8,89.26,333.6,False,Office Supplies
2021-02-01,369.8,881.7,92.46,386.1,False,Office Supplies
2021-02-02,1744.5,890.3,85.26,459.4,True,Office Supplies
2021-02-03,501.0,912.6,89.27,520.7,True,Office Supplies
2021-02-04,404.0,860.3,93.61,400.0,False,Office Supplies
2021-02-05,386.0,867.3333333333333,92.85666666666667,388.5,False,Office Supplies
2021-02-06,368.0,874.3666666666667,92.10333333333332,377.0,False,Office Supplies
2021-02-07,350.0,881.4,91.35,365.5,False,Office Supplies
2021-02-08,368.45,846.7,89.115,358.65,False,Office Supplies
2021-02-09,386.9,812.0,86.88,351.8,False,Office Supplies
2021-02-10,373.1,871.0,89.94,359.6,False,Office Supplies
2021-02-11,417.0,817.7,88.86,404.7,False,Office Supplies
2021-02-12,456.8,847.3,86.11,449.4,False,Office Supplies
2021-02-13,412.9,857.0999999999999,85.745,400.7,False,Office Supplies
2021-02-14,369.0,866.9,85.38,352.0,False,Office Supplies
2021-02-15,344.1,881.1,88.62,359.9,False,Office Supplies
2021-02-16,353.6,886.1,89.74,333.0,False,Office Supplies
2021-02-17,372.0,883.05,91.275,344.95,False,Office Supplies
2021-02-18,390.4,880.0,92.81,356.9,False,Office Supplies
2021-02-19,379.09999999999997,883.3333333333334,91.28,356.59999999999997,False,Office Supplies
2021-02-20,367.8,886.6666666666666,89.75,356.3,False,Office Supplies
2021-02-21,356.5,890.0,88.22,356.0,False,Office Supplies
2021-02-22,367.73333333333335,887.5,89.56666666666666,372.6,False,Office Supplies
2021-02-23,378.96666666666664,885.0,90.91333333333334,389.2,False,Office Supplies
2021-02-24,390.2,882.5,92.26,405.8,False,Office Supplies
2021-02-25,490.3,883.9,85.49,459.0,True,Office Supplies
2021-02-26,680.0,872.0,85.55,684.0,True,Office Supplies
2021-02-27,543.8,898.2,94.09,537.1,True,Office Supplies
2021-02-28,341.9,914.5,84.97,353.9,False,Office Supplies
2021-03-01,331.0,919.9,92.09,315.2,False,Office Supplies
2021-03-02,348.5,906.7,90.66499999999999,348.0,False,Office Supplies
2021-03-03,366.0,893.5,89.24,380.8,False,Office Supplies
2021-03-04,448.0,867.8,90.01,422.7,False,Office Supplies
2021-03-05,417.35,871.0,90.94,410.54999999999995,False,Office Supplies
2021-03-06,386.7,874.2,91.87,398.4,False,Office Supplies
2021-03-07,349.3,880.1,88.57,343.4,False,Office Supplies
2021-03-08,333.0,885.95,89.02,320.7,False,Office Supplies
2021-03-09,316.7,891.8,89.47,298.0,False,Office Supplies
2021-03-10,375.6,878.5,87.84,391.3,False,Office Supplies
2021-03-11,393.6,864.8,91.41,356.8,False,Office Supplies
2021-03-12,385.0,861.2,88.28,385.9,False,Office Supplies
2021-03-13,368.3,861.3,90.61,369.8,False,Office Supplies
2021-03-14,340.8,864.2,91.91,344.0,False,Office Supplies
2021-03-15,329.3,867.8,90.81,317.45,False,Office Supplies
2021-03-16,317.8,871.4,89.71,290.9,False,Office Supplies
2021-03-17,458.6,869.1,90.44,478.6,True,Office Supplies
2021-03-18,388.5,857.2,89.01,403.7,False,Office Supplies
2021-03-19,393.65,849.25,90.05000000000001,387.04999999999995,False,Office Supplies
2021-03-20,398.8,841.3,91.09,370.4,False,Office Supplies
2021-03-21,330.4,865.0,91.25,298.2,False,Office Supplies
2021-03-22,307.8,867.6,91.6,311.5,False,Office Supplies
2021-03-23,329.275,863.1,90.56,330.175,False,Office Supplies
2021-03-24,350.75,858.6,89.52,348.85,False,Office Supplies
2021-03-25,372.225,854.1,88.47999999999999,367.525,False,Office Supplies
2021-03-26,393.7,849.6,87.44,386.2,False,Office Supplies
2021-03-27,385.7,860.3,88.68,388.5,False,Office Supplies
2021-03-28,325.9,878.7,90.79,319.8,False,Office Supplies
2021-03-29,342.1,875.05,91.695,347.1,False,Office Supplies
2021-03-30,358.3,871.4,92.6,374.4,False,Office Supplies
2021-03-31,339.5,878.8,93.18,342.4,False,Office Supplies
2021-04-01,373.1,866.2,90.81,383.04999999999995,False,Office Supplies
2021-04-02,406.7,853.6,88.44,423.7,False,Office Supplies
2021-04-03,368.1,865.8,87.48,354.2,False,Office Supplies
2021-04-04,344.6666666666667,873.5333333333333,89.54333333333334,331.09999999999997,False,Office Supplies
2021-04-05,321.23333333333335,881.2666666666667,91.60666666666667,308.0,False,Office Supplies
2021-04-06,297.8,889.0,93.67,284.9,False,Office Supplies
2021-04-07,326.1,879.7,89.8,325.4,False,Office Supplies
2021-04-08,321.7,459.1,92.28,329.5,False,Office Supplies
2021-04-09,363.8,870.0,88.57,353.6,False,Office Supplies
2021-04-10,347.7,874.6,93.7,325.1,False,Office Supplies
2021-04-11,346.325,878.125,92.995,328.57500000000005,False,Office Supplies
2021-04-12,344.95,881.6500000000001,92.28999999999999,332.05,False,Office Supplies
2021-04-13,343.575,885.1750000000001,91.585,335.525,False,Office Supplies
2021-04-14,342.2,888.7,90.88,339.0,False,Office Supplies
2021-04-15,374.7,881.4,88.25,345.2,False,Office Supplies
2021-04-16,350.8,893.1,90.22,347.8,False,Office Supplies
2021-04-17,359.3,896.3,91.39,332.6,False,Office Supplies
2021-04-18,323.1,905.6,92.12,333.2,False,Office Supplies
2021-04-19,318.53333333333336,912.8666666666667,91.23666666666666,328.2,False,Office Supplies
2021-04-20,313.96666666666664,920.1333333333333,90.35333333333334,323.2,False,Office Supplies
2021-04-21,309.4,927.4,89.47,318.2,False,Office Supplies
2021-04-22,414.4,900.8,88.8,401.0,False,Office Supplies
2021-04-23,354.8,915.0,88.13,329.3,False,Office Supplies
2021-04-24,324.53333333333336,928.3666666666667,88.27,301.9666666666667,False,Office Supplies
2021-04-25,294.26666666666665,941.7333333333333,88.41,274.6333333333333,False,Office Supplies
2021-04-26,264.0,955.1,88.55,247.3,False,Office Supplies
2021-04-27,291.4,872.975,88.3425,280.05,False,Office Supplies
2021-04-28,318.8,790.85,88.13499999999999,312.8,False,Office Supplies
2021-04-29,346.20000000000005,708.725,87.9275,345.55,False,Office Supplies
2021-04-30,373.6,626.6,87.72,378.3,False,Office Supplies
2021-05-01,810.4000000000001,739.95,89.055,405.9,False,Office Supplies
2021-05-02,1247.2,853.3,90.39,433.5,False,Office Supplies
2021-05-03,287.8,940.2,86.86,277.9,False,Office Supplies
2021-05-04,297.2,911.95,90.88,303.25,False,Office Supplies
2021-05-05,356.4,916.6,88.14,334.7,False,Office Supplies
2021-05-06,335.4,915.3,91.43,331.8,False,Office Supplies
2021-05-07,296.45,917.75,90.545,295.5,False,Office Supplies
2021-05-08,296.8125,922.5625,89.62625,289.775,False,Office Supplies
2021-05-09,297.17499999999995,927.375,88.70750000000001,284.05,False,Office Supplies
2021-05-10,297.53749999999997,932.1875,87.78875000000001,278.32500000000005,False,Office Supplies
2021-05-11,297.9,937.0,86.87,272.6,False,Office Supplies
2021-05-12,356.1,927.6,89.8,327.2,False,Office Supplies
2021-05-13,324.5,934.2,94.35,298.2,False,Office Supplies
2021-05-14,359.2,933.4,93.55,360.8,False,Office Supplies
2021-05-15,315.3,947.0,88.3,295.5,False,Office Supplies
2021-05-16,299.8,948.7,83.25,301.2,False,Office Supplies
2021-05-17,301.1,954.8,88.32,281.1,False,Office Supplies
2021-05-18,306.1333333333333,951.9333333333333,87.57666666666667,292.1333333333333,False,Office Supplies
2021-05-19,311.1666666666667,949.0666666666667,86.83333333333333,303.1666666666667,False,Office Supplies
2021-05-20,316.2,946.2,86.09,314.2,False,Office Supplies
2021-05-21,573.0,929.7,86.23,582.3,True,Office Supplies
2021-05-22,481.5,945.4,92.23,436.0,True,Office Supplies
2021-05-23,311.6,934.0,88.74,304.1,False,Office Supplies
2021-05-24,286.6,934.2,89.83,275.2,False,Office Supplies
2021-05-25,261.5,620.3,89.25,235.8,False,Office Supplies
2021-05-26,288.4,616.4,87.37,285.5,False,Office Supplies
2021-05-27,379.4,595.1,90.53,50.5,False,Office Supplies
2021-05-28,341.7,712.9,90.07666666666667,114.63333333333334,False,Office Supplies
2021-05-29,304.0,830.7,89.62333333333333,178.76666666666668,False,Office Supplies
2021-05-30,266.3,948.5,89.17,242.9,False,Office Supplies
2021-05-31,1794.0,935.6,89.66,417.4,True,Office Supplies
2021-06-01,299.1,930.4,90.71,304.6,False,Office Supplies
2021-06-02,307.4,917.7,89.09,320.5,False,Office Supplies
2021-06-03,333.4,913.7,89.95,347.5,False,Office Supplies
2021-06-04,343.2,918.9,89.99,309.4,False,Office Supplies
2021-06-05,316.29999999999995,931.65,90.785,302.45,False,Office Supplies
2021-06-06,289.4,944.4,91.58,295.5,False,Office Supplies
2021-06-07,288.6,940.8,92.09,284.4,False,Office Supplies
2021-06-08,269.1,940.6,89.41,260.1,False,Office Supplies
2021-06-09,310.20000000000005,926.75,91.47999999999999,313.65,False,Office Supplies
2021-06-10,351.3,912.9,93.55,367.2,False,Office Supplies
2021-06-11,352.0,902.7,89.72,326.5,False,Office Supplies
2021-06-12,305.9,917.1,89.19,282.4,False,Office Supplies
2021-06-13,259.8,931.5,88.66,238.3,False,Office Supplies
2021-06-14,272.4,926.6,88.25,255.2,False,Office Supplies
2021-06-15,273.3,926.8,91.91,260.1,False,Office Supplies
2021-06-16,304.0,916.7,90.54,283.8,False,Office Supplies
2021-06-17,348.5,902.1,89.48,324.5,False,Office Supplies
2021-06-18,446.8,913.3,87.97,418.5,True,Office Supplies
2021-06-19,310.8,912.2,90.8,291.4,False,Office Supplies
2021-06-20,303.76666666666665,914.1,90.66666666666667,281.66666666666663,False,Office Supplies
2021-06-21,296.73333333333335,916.0,90.53333333333333,271.93333333333334,False,Office Supplies
2021-06-22,289.7,917.9,90.4,262.2,False,Office Supplies
2021-06-23,309.0,911.2,89.495,284.5,False,Office Supplies
2021-06-24,328.3,904.5,88.59,306.8,False,Office Supplies
2021-06-25,348.9,893.5,91.4,321.3,False,Office Supplies
2021-06-26,301.1,908.2,88.77,281.4,False,Office Supplies
2021-06-27,258.6,921.4,87.19,268.4,False,Office Supplies
2021-06-28,264.8,909.9,89.23,262.7,False,Office Supplies
2021-06-29,255.1,919.9,91.18,230.1,False,Office Supplies
2021-06-30,296.2,913.5,91.44,308.8,False,Office Supplies
2021-07-01,330.8,900.0,88.28,346.3,False,Office Supplies
2021-07-02,335.6,901.25,87.845,328.35,False,Office Supplies
2021-07-03,340.4,902.5,87.41,310.4,False,Office Supplies
2021-07-04,290.6,920.3,87.29,287.7,False,Office Supplies
2021-07-05,295.875,914.75,88.5025,292.2,False,Office Supplies
2021-07-06,301.15,909.2,89.715,296.7,False,Office Supplies
2021-07-07,306.425,903.65,90.92750000000001,301.2,False,Office Supplies
2021-07-08,311.7,898.1,92.14,305.7,False,Office Supplies
2021-07-09,316.1,896.4,88.12,313.4,False,Office Supplies
2021-07-10,514.5,855.15,88.155,532.5,True,Office Supplies
2021-07-11,305.7,887.2,91.43,288.6,False,Office Supplies
2021-07-12,282.0,898.0,92.17,273.4,False,Office Supplies
2021-07-13,288.8,893.6,89.67,294.7,False,Office Supplies
2021-07-14,300.5,884.8,89.36,274.1,False,Office Supplies
2021-07-15,351.6,862.5,90.83,337.4,False,Office Supplies
2021-07-16,322.6,875.2,90.93,308.1,False,Office Supplies
2021-07-17,309.55,880.2,91.58500000000001,287.85,False,Office Supplies
2021-07-18,296.5,885.2,92.24,267.6,False,Office Supplies
2021-07-19,285.3,874.1,89.86,274.4,False,Office Supplies
2021-07-20,319.55,717.35,89.16499999999999,319.15,False,Office Supplies
2021-07-21,353.8,560.6,88.47,363.9,False,Office Supplies
2021-07-22,337.0,564.1,89.89,339.2,False,Office Supplies
2021-07-23,321.2,566.6,89.49333333333334,313.96666666666664,False,Office Supplies
2021-07-24,305.40000000000003,569.1,89.09666666666666,288.73333333333335,False,Office Supplies
2021-07-25,289.6,571.6,88.7,263.5,False,Office Supplies
2021-07-26,300.1,868.7,90.17,278.6,False,Office Supplies
2021-07-27,310.6,858.3333333333334,90.12666666666667,300.23333333333335,False,Office Supplies
2021-07-28,321.1,847.9666666666667,90.08333333333334,321.8666666666667,False,Office Supplies
2021-07-29,331.6,837.6,90.04,343.5,False,Office Supplies
2021-07-30,531.2,818.3,94.26,508.2,True,Office Supplies
2021-07-31,482.45000000000005,735.625,91.8575,476.475,False,Office Supplies
2021-08-01,433.7,652.95,89.455,444.75,False,Office Supplies
2021-08-02,299.6,459.1,92.72,48.5,False,Office Supplies
2021-08-03,313.43333333333334,582.5,91.28,135.7,False,Office Supplies
2021-08-04,327.2666666666667,705.9,89.84,222.9,False,Office Supplies
2021-08-05,341.1,829.3,88.4,310.1,False,Office Supplies
2021-08-06,365.2,815.8,89.18,375.4,False,Office Supplies
2021-08-07,339.0,815.2,89.02,332.3,False,Office Supplies
2021-08-08,283.5,828.7,92.04,256.1,False,Office Supplies
2021-08-09,302.6,825.5,92.38,297.7,False,Office Supplies
2021-08-10,404.95,811.25,89.455,418.0,False,Office Supplies
2021-08-11,369.4,796.9,89.79,3419.0,False,Office Supplies
2021-08-12,406.25,787.7,86.36500000000001,392.0,False,Office Supplies
2021-08-13,412.5,777.2,90.89,398.0,False,Office Supplies
2021-08-14,360.0,798.5,93.31,347.8,False,Office Supplies
2021-08-15,316.5,811.1,92.33,324.4,False,Office Supplies
2021-08-16,331.4,800.3,89.06,333.8,False,Office Supplies
2021-08-17,302.4,805.5,89.68,281.7,False,Office Supplies
2021-08-18,324.5,797.9,89.99,326.9,False,Office Supplies
2021-08-19,365.4,790.6,88.51,347.7,False,Office Supplies
2021-08-20,385.2,785.9,91.02,362.3,False,Office Supplies
2021-08-21,355.8,787.1,86.61,339.6,False,Office Supplies
2021-08-22,355.5,791.1,91.79,361.5,False,Office Supplies
2021-08-23,275.6,818.8,90.05,2734.0,False,Office Supplies
2021-08-24,304.1333333333333,812.0,89.67666666666666,1944.7666666666669,False,Office Supplies
2021-08-25,332.6666666666667,805.1999999999999,89.30333333333334,1155.5333333333335,False,Office Supplies
2021-08-26,361.2,798.4,88.93,366.3,False,Office Supplies
2021-08-27,355.79999999999995,800.65,89.32,366.45000000000005,False,Office Supplies
2021-08-28,350.4,802.9,89.71,366.6,False,Office Supplies
2021-08-29,337.6,817.9,89.88,310.3,False,Office Supplies
2021-08-30,318.5,825.1,87.23,297.2,False,Office Supplies
2021-08-31,338.625,818.825,87.44500000000001,322.3,False,Office Supplies
2021-09-01,358.75,812.55,87.66,347.4,False,Office Supplies
2021-09-02,378.875,806.275,87.875,372.5,False,Office Supplies
2021-09-03,399.0,800.0,88.09,397.6,False,Office Supplies
2021-09-04,357.25,864.9,88.96000000000001,355.4,False,Office Supplies
2021-09-05,315.5,929.8,89.83,313.2,False,Office Supplies
2021-09-06,345.75,870.8,89.0,336.1,False,Office Supplies
2021-09-07,376.225,837.3,89.38499999999999,374.85,False,Office Supplies
2021-09-08,406.7,803.8,89.77,413.6,False,Office Supplies
2021-09-09,411.04999999999995,804.25,89.08500000000001,403.9,False,Office Supplies
2021-09-10,415.4,804.7,88.4,394.2,False,Office Supplies
2021-09-11,390.54999999999995,812.95,89.565,374.29999999999995,False,Office Supplies
2021-09-12,365.7,821.2,90.73,354.4,False,Office Supplies
2021-09-13,327.1,836.5,90.55,3379.0,False,Office Supplies
2021-09-14,353.5,825.4,88.18,357.2,False,Office Supplies
2021-09-15,331.4,831.7,90.25,320.2,False,Office Supplies
2021-09-16,393.0,805.5,89.22,396.0,False,Office Supplies
2021-09-17,410.9,799.7,89.45,392.8,False,Office Supplies
2021-09-18,418.4,794.9,91.9,388.0,False,Office Supplies
2021-09-19,388.15,808.65,92.59,360.3,False,Office Supplies
2021-09-20,357.9,822.4,93.28,332.6,False,Office Supplies
2021-09-21,331.8,835.5,90.69,317.2,False,Office Supplies
2021-09-22,450.3,825.6,91.54,426.4,True,Office Supplies
2021-09-23,406.5,815.3,91.14,409.4,False,Office Supplies
2021-09-24,404.7,815.1,88.81,398.2,False,Office Supplies
2021-09-25,372.3,828.7,86.55,354.6,False,Office Supplies
2021-09-26,396.8,810.3,91.35,380.8,False,Office Supplies
2021-09-27,374.7,814.0,87.64,390.9,False,Office Supplies
2021-09-28,354.6,820.1,88.0,328.7,False,Office Supplies
2021-09-29,388.8,810.3,89.06,391.2,False,Office Supplies
2021-09-30,424.1,799.0,90.36,399.9,False,Office Supplies
2021-10-01,645.0,800.8,87.95,603.9,True,Office Supplies
2021-10-02,514.45,810.8499999999999,87.845,474.75,False,Office Supplies
2021-10-03,383.9,820.9,87.74,345.6,False,Office Supplies
2021-10-04,354.2,824.0,88.65,324.5,False,Office Supplies
2021-10-05,359.2,821.7,90.46,325.3,False,Office Supplies
2021-10-06,404.3,812.6,90.72,382.5,False,Office Supplies
2021-10-07,398.23333333333335,813.5333333333333,90.29,373.6,False,Office Supplies
2021-10-08,392.1666666666667,814.4666666666667,89.86,364.7,False,Office Supplies
2021-10-09,386.1,815.4,89.43,355.8,False,Office Supplies
2021-10-10,369.8,823.9,89.86,343.6,False,Office Supplies
2021-10-11,409.1,816.9,92.21,409.7,False,Office Supplies
2021-10-12,343.5,855.4,91.36,318.1,False,Office Supplies
2021-10-13,378.25,850.25,91.925,349.20000000000005,False,Office Supplies
2021-10-14,413.0,845.1,92.49,380.3,False,Office Supplies
2021-10-15,418.2,839.5,88.4,383.2,False,Office Supplies
2021-10-16,408.65,844.8,88.45500000000001,388.35,False,Office Supplies
2021-10-17,399.1,850.1,88.51,393.5,False,Office Supplies
2021-10-18,367.3,855.5,88.12,350.7,False,Office Supplies
2021-10-19,377.4,846.9,88.75,353.54999999999995,False,Office Supplies
2021-10-20,387.5,838.3,89.38,356.4,False,Office Supplies
2021-10-21,437.3,822.0,90.08,394.6,False,Office Supplies
2021-10-22,423.7,830.1,90.75,442.0,False,Office Supplies
2021-10-23,434.3,822.0,91.11,402.0,False,Office Supplies
2021-10-24,384.6,826.2,89.39,363.1,False,Office Supplies
2021-10-25,386.5,834.3,90.99,380.9,False,Office Supplies
2021-10-26,383.0,839.5,89.4,348.1,False,Office Supplies
2021-10-27,557.0,847.0,87.78,582.4,True,Office Supplies
2021-10-28,466.0,816.4,89.17,423.5,False,Office Supplies
2021-10-29,445.6,823.9,86.42,451.0,False,Office Supplies
2021-10-30,452.4,815.0,86.58,428.8,False,Office Supplies
2021-10-31,463.06666666666666,831.0,87.99333333333333,435.3666666666667,False,Office Supplies
2021-11-01,473.7333333333333,847.0,89.40666666666667,441.93333333333334,False,Office Supplies
2021-11-02,484.4,863.0,90.82,448.5,True,Office Supplies
2021-11-03,400.6,822.7,90.88,380.3,False,Office Supplies
2021-11-04,416.75,814.4000000000001,90.62,388.65,False,Office Supplies
2021-11-05,432.9,806.1,90.36,397.0,False,Office Supplies
2021-11-06,460.2,797.8,88.36,416.0,False,Office Supplies
2021-11-07,417.3,814.8,89.33,433.4,False,Office Supplies
2021-11-08,370.3,829.3,90.55,361.6,False,Office Supplies
2021-11-09,362.05,824.8,88.485,364.75,False,Office Supplies
2021-11-10,421.975,810.75,88.3625,404.525,False,Office Supplies
2021-11-11,481.9,796.7,88.24,444.3,False,Office Supplies
2021-11-12,455.9,805.7,92.43,455.6,False,Office Supplies
2021-11-13,440.95,812.2,90.225,429.4,False,Office Supplies
2021-11-14,426.0,818.7,88.02,403.2,False,Office Supplies
2021-11-15,386.0,825.3,89.65,389.1,False,Office Supplies
2021-11-16,398.0,818.5,89.37,371.4,False,Office Supplies
2021-11-17,424.5,805.55,88.475,408.75,False,Office Supplies
2021-11-18,451.0,792.6,87.58,446.1,False,Office Supplies
2021-11-19,443.1,790.6,89.36,416.2,False,Office Supplies
2021-11-20,430.35,794.6,89.37,409.825,False,Office Supplies
2021-11-21,417.6,798.6,89.38,403.45,False,Office Supplies
2021-11-22,404.85,802.6,89.39,397.075,False,Office Supplies
2021-11-23,392.1,806.6,89.4,390.7,False,Office Supplies
2021-11-24,434.2,796.8,90.37,454.6,False,Office Supplies
2021-11-25,468.1,783.1,90.28,468.1,False,Office Supplies
2021-11-26,473.15,779.55,90.28999999999999,452.75,False,Office Supplies
2021-11-27,478.2,776.0,90.3,437.4,False,Office Supplies
2021-11-28,442.1,788.7,87.03,438.3,False,Office Supplies
2021-11-29,374.9,811.0,86.44,346.7,False,Office Supplies
2021-11-30,395.6,807.8,87.41499999999999,372.7,False,Office Supplies
2021-12-01,416.3,804.6,88.39,398.7,False,Office Supplies
2021-12-02,454.4,793.7,89.37,412.5,False,Office Supplies
2021-12-03,442.9,799.5333333333334,90.03,410.8333333333333,False,Office Supplies
2021-12-04,431.4,805.3666666666667,90.69,409.1666666666667,False,Office Supplies
2021-12-05,419.9,811.2,91.35,407.5,False,Office Supplies
2021-12-06,423.9,797.8,88.42,394.1,False,Office Supplies
2021-12-07,427.9,791.8,90.24,445.6,False,Office Supplies
2021-12-08,434.5,785.675,90.02,437.07500000000005,False,Office Supplies
2021-12-09,441.1,779.55,89.8,428.55,False,Office Supplies
2021-12-10,447.7,773.425,89.58,420.025,False,Office Supplies
2021-12-11,454.3,767.3,89.36,411.5,False,Office Supplies
2021-12-12,457.12,767.9599999999999,89.53,414.06,False,Office Supplies
2021-12-13,459.94,768.62,89.7,416.62,False,Office Supplies
2021-12-14,462.76,769.28,89.86999999999999,419.18,False,Office Supplies
2021-12-15,465.58,769.94,90.03999999999999,421.74,False,Office Supplies
2021-12-16,468.4,770.6,90.21,424.3,False,Office Supplies
2021-12-17,462.66666666666663,772.7,90.74333333333333,439.56666666666666,False,Office Supplies
2021-12-18,456.93333333333334,774.8,91.27666666666667,454.83333333333337,False,Office Supplies
2021-12-19,451.2,776.9,91.81,470.1,False,Office Supplies
2021-12-20,437.9,782.3,91.87,452.5,False,Office Supplies
2021-12-21,420.6,784.9,89.28,395.6,False,Office Supplies
2021-12-22,445.65,778.5,89.12,417.3,False,Office Supplies
2021-12-23,470.7,772.1,88.96,439.0,False,Office Supplies
2021-12-24,510.9,767.5,90.75,501.1,False,Office Supplies
2021-12-25,449.1,781.1,87.91,428.2,False,Office Supplies
2021-12-26,402.9,785.4,89.22,379.8,False,Office Supplies
2021-12-27,422.5,774.5,89.49,403.8,False,Office Supplies
2021-12-28,419.1,768.7,88.06,408.0,False,Office Supplies
2021-12-29,429.8,763.8,88.205,412.9,False,Office Supplies
2021-12-30,440.5,758.9,88.35,417.8,False,Office Supplies
2021-12-31,481.8,747.1,91.13,484.0,False,Office Supplies
2022-01-01,452.5,758.2,87.71,407.5,False,Office Supplies
2022-01-02,427.45,769.0,88.595,403.0,False,Office Supplies
2022-01-03,402.4,779.8,89.48,398.5,False,Office Supplies
2022-01-04,431.3,768.1,85.3,396.6,False,Office Supplies
2022-01-05,466.55,760.2,86.155,446.0,False,Office Supplies
2022-01-06,501.8,752.3,87.01,495.4,False,Office Supplies
2022-01-07,517.1,718.3,89.795,496.6,False,Office Supplies
2022-01-08,487.5,726.4333333333333,90.12666666666667,475.40000000000003,False,Office Supplies
2022-01-09,457.90000000000003,734.5666666666667,90.45833333333334,454.2,False,Office Supplies
2022-01-10,428.3,742.7,90.79,433.0,False,Office Supplies
2022-01-11,414.1,407.9,90.05,398.8,False,Office Supplies
2022-01-12,447.4,571.3,90.09,446.95000000000005,False,Office Supplies
2022-01-13,480.7,734.7,90.13,495.1,False,Office Supplies
2022-01-14,459.5,743.8,88.77,445.7,False,Office Supplies
2022-01-15,466.7,733.5,90.65,462.3,False,Office Supplies
2022-01-16,367.3,758.0,89.73,369.6,False,Office Supplies
2022-01-17,368.7,753.4,90.02,353.9,False,Office Supplies
2022-01-18,445.6333333333333,740.4333333333333,89.66333333333333,420.96666666666664,False,Office Supplies
2022-01-19,522.5666666666666,727.4666666666667,89.30666666666667,488.0333333333333,False,Office Supplies
2022-01-20,599.5,714.5,88.95,555.1,True,Office Supplies
2022-01-21,488.0,721.6,85.3,487.5,False,Office Supplies
2022-01-22,460.0,725.0,91.16,422.0,False,Office Supplies
2022-01-23,411.4,746.3,88.84,392.7,False,Office Supplies
2022-01-24,362.8,767.6,86.52,363.4,False,Office Supplies
2022-01-25,392.25,757.8,88.03,395.1,False,Office Supplies
2022-01-26,421.7,748.0,89.54,426.8,False,Office Supplies
2022-01-27,442.5,741.15,90.0,442.45000000000005,False,Office Supplies
2022-01-28,463.3,734.3,90.46,458.1,False,Office Supplies
2022-01-29,483.8,726.3,88.37,485.2,False,Office Supplies
2022-01-30,402.9,746.9,87.33,396.7,False,Office Supplies
2022-01-31,402.0,738.4,88.11,373.6,False,Office Supplies
2022-02-01,417.20000000000005,753.2,90.42,400.35,False,Office Supplies
2022-02-02,453.7,722.1,91.73,409.3,False,Office Supplies
2022-02-03,462.6,714.3,90.29,427.3,False,Office Supplies
2022-02-04,496.9,458.1,88.46,448.0,False,Office Supplies
2022-02-05,442.5,466.3,88.9,262.75,False,Office Supplies
2022-02-06,388.1,474.5,89.34,77.5,False,Office Supplies
2022-02-07,387.85,582.2,91.96000000000001,361.1,False,Office Supplies
2022-02-08,344.2,677.4,91.55,348.2,False,Office Supplies
2022-02-09,477.5,736.25,89.525,484.75,False,Office Supplies
2022-02-10,488.2,719.0,87.92,487.4,False,Office Supplies
2022-02-11,437.7,737.5,88.85,401.5,False,Office Supplies
2022-02-12,427.4,737.0,88.1,397.45,False,Office Supplies
2022-02-13,417.1,736.5,87.35,393.4,False,Office Supplies
2022-02-14,376.0,745.3,93.01,393.7,False,Office Supplies
2022-02-15,410.0,732.8,90.44,406.9,False,Office Supplies
2022-02-16,383.0,743.0,88.54,364.5,False,Office Supplies
2022-02-17,462.7,725.7,90.53,418.4,False,Office Supplies
2022-02-18,457.8,725.4,90.97,439.8,False,Office Supplies
2022-02-19,1090.8,731.9,87.17,427.5,False,Office Supplies
2022-02-20,753.0,735.7,88.995,424.75,False,Office Supplies
2022-02-21,415.2,739.5,90.82,422.0,False,Office Supplies
2022-02-22,403.6,741.6,90.57,421.5,False,Office Supplies
2022-02-23,412.35,740.85,91.08,401.3,False,Office Supplies
2022-02-24,421.1,740.1,91.59,381.1,False,Office Supplies
2022-02-25,430.2,735.3,89.73,388.0,False,Office Supplies
2022-02-26,445.5,722.4,89.52,443.7,False,Office Supplies
2022-02-27,404.9,722.6,88.24,3992.0,False,Office Supplies
2022-02-28,394.1,726.6,92.67,410.5,False,Office Supplies
2022-03-01,385.2,735.5,92.5,355.9,False,Office Supplies
2022-03-02,414.9,731.5,92.08,416.2,False,Office Supplies
2022-03-03,441.0,728.2,89.57,423.7,False,Office Supplies
2022-03-04,624.3,724.0,93.06,646.1,True,Office Supplies
2022-03-05,455.0,725.3,88.26,454.9,False,Office Supplies
2022-03-06,378.4,739.8,91.01,356.8,False,Office Supplies
2022-03-07,376.75,739.25,90.47,355.6,False,Office Supplies
2022-03-08,375.1,738.7,89.93,354.4,False,Office Supplies
2022-03-09,409.0,730.4,90.32,403.1,False,Office Supplies
2022-03-10,409.75,739.9,90.17,428.0,False,Office Supplies
2022-03-11,459.2,731.7,89.44,434.8,False,Office Supplies
2022-03-12,447.58,735.1600000000001,89.006,421.24,False,Office Supplies
2022-03-13,435.96,738.62,88.572,407.68,False,Office Supplies
2022-03-14,424.34000000000003,742.08,88.13799999999999,394.12,False,Office Supplies
2022-03-15,412.72,745.54,87.704,380.56,False,Office Supplies
2022-03-16,401.1,749.0,87.27,367.0,False,Office Supplies
2022-03-17,445.2,737.5,89.57,438.4,False,Office Supplies
2022-03-18,443.9,740.6,92.07,453.3,False,Office Supplies
2022-03-19,409.0,750.25,90.145,408.75,False,Office Supplies
2022-03-20,374.1,759.9,88.22,364.2,False,Office Supplies
2022-03-21,352.5,766.1,90.55,359.9,False,Office Supplies
2022-03-22,361.4,763.4,88.92,344.2,False,Office Supplies
2022-03-23,451.6,731.6,88.04,442.1,False,Office Supplies
2022-03-24,407.1,743.1,87.86,414.8,False,Office Supplies
2022-03-25,411.8,748.7,89.01,429.2,False,Office Supplies
2022-03-26,389.0,754.5333333333334,89.38333333333334,397.2,False,Office Supplies
2022-03-27,366.2,760.3666666666667,89.75666666666666,365.2,False,Office Supplies
2022-03-28,343.4,766.2,90.13,333.2,False,Office Supplies
2022-03-29,356.4,749.2,92.06,353.4,False,Office Supplies
2022-03-30,397.0,737.1,86.08,391.7,False,Office Supplies
2022-03-31,413.0,732.8,88.31,381.1,False,Office Supplies
2022-04-01,424.2,724.0,90.155,390.70000000000005,False,Office Supplies
2022-04-02,435.4,715.2,92.0,400.3,False,Office Supplies
2022-04-03,371.7,740.0,90.87,347.0,False,Office Supplies
2022-04-04,346.2,750.9,91.56,342.0,False,Office Supplies
2022-04-05,449.65,743.5999999999999,89.69,425.85,False,Office Supplies
2022-04-06,553.1,736.3,87.82,509.7,True,Office Supplies
2022-04-07,419.6,728.7,89.14,423.4,False,Office Supplies
2022-04-08,415.15,697.75,92.00999999999999,426.0,False,Office Supplies
2022-04-09,406.7,735.4,92.77,384.0,False,Office Supplies
2022-04-10,577.5,740.6,89.1,535.9,True,Office Supplies
2022-04-11,475.7,737.25,88.505,440.9,False,Office Supplies
2022-04-12,373.9,733.9,87.91,345.9,False,Office Supplies
2022-04-13,374.2,728.9,89.13,374.5,False,Office Supplies
2022-04-14,388.54999999999995,724.25,89.71000000000001,378.8,False,Office Supplies
2022-04-15,402.9,719.6,90.29,383.1,False,Office Supplies
2022-04-16,407.4,718.3,88.13,407.3,False,Office Supplies
2022-04-17,323.6,745.7,85.8,334.1,False,Office Supplies
2022-04-18,331.3,743.7,92.58,321.5,False,Office Supplies
2022-04-19,387.5,723.4,85.19,351.9,False,Office Supplies
2022-04-20,390.45,718.8,87.245,380.9,False,Office Supplies
2022-04-21,393.4,714.2,89.3,409.9,False,Office Supplies
2022-04-22,380.875,719.7750000000001,89.49249999999999,392.15,False,Office Supplies
2022-04-23,368.35,725.35,89.685,374.4,False,Office Supplies
2022-04-24,355.825,730.925,89.8775,356.65,False,Office Supplies
2022-04-25,343.3,736.5,90.07,338.9,False,Office Supplies
2022-04-26,347.7,732.6,88.49,326.4,False,Office Supplies
2022-04-27,384.3,723.2,91.92,361.8,False,Office Supplies
2022-04-28,402.3,704.2,90.88,414.7,False,Office Supplies
2022-04-29,400.43333333333334,713.9333333333334,90.57,411.5333333333333,False,Office Supplies
2022-04-30,398.5666666666667,723.6666666666666,90.25999999999999,408.3666666666667,False,Office Supplies
2022-05-01,396.70000000000005,733.4,89.94999999999999,405.2,False,Office Supplies
2022-05-02,363.65000000000003,721.8499999999999,91.04499999999999,352.1,False,Office Supplies
2022-05-03,330.6,710.3,92.14,299.0,False,Office Supplies
2022-05-04,349.70000000000005,721.6,91.065,356.29999999999995,False,Office Supplies
2022-05-05,380.2,694.7,90.52,353.1,False,Office Supplies
2022-05-06,420.9,680.7,90.97,409.0,False,Office Supplies
2022-05-07,376.45,691.4000000000001,90.69,357.3,False,Office Supplies
2022-05-08,332.0,702.1,90.41,305.6,False,Office Supplies
2022-05-09,337.7,724.8,88.08500000000001,318.95,False,Office Supplies
2022-05-10,353.25,703.05,88.13250000000001,327.67499999999995,False,Office Supplies
2022-05-11,368.8,681.3,88.18,336.4,False,Office Supplies
2022-05-12,357.4,689.7,92.12,351.2,False,Office Supplies
2022-05-13,410.8,680.1,93.71,412.7,False,Office Supplies
2022-05-14,386.8,704.4,90.05,400.6,False,Office Supplies
2022-05-15,338.0,716.9,88.87,348.9,False,Office Supplies
2022-05-16,335.7,722.9,89.28,326.2,False,Office Supplies
2022-05-17,486.9,715.9,90.85,441.4,True,Office Supplies
2022-05-18,456.35,703.4,90.465,441.7,False,Office Supplies
2022-05-19,425.8,690.9,90.08,442.0,False,Office Supplies
2022-05-20,386.2,701.6,88.34,360.2,False,Office Supplies
2022-05-21,464.6,706.4,90.66,455.8,True,Office Supplies
2022-05-22,334.0,719.9,89.45,336.6,False,Office Supplies
2022-05-23,292.0,728.3,88.33,269.6,False,Office Supplies
2022-05-24,314.875,724.5749999999999,88.62,295.55,False,Office Supplies
2022-05-25,337.75,720.8499999999999,88.91,321.5,False,Office Supplies
2022-05-26,360.625,717.125,89.19999999999999,347.45,False,Office Supplies
2022-05-27,383.5,713.4,89.49,373.4,False,Office Supplies
2022-05-28,383.6,719.3,90.65,371.1,False,Office Supplies
2022-05-29,345.9,725.6,88.9,316.7,False,Office Supplies
2022-05-30,293.0,739.8,90.46,284.8,False,Office Supplies
2022-05-31,319.6,729.45,89.81,323.5,False,Office Supplies
2022-06-01,346.2,719.1,89.16,362.2,False,Office Supplies
2022-06-02,364.7,709.3,91.45,374.1,False,Office Supplies
2022-06-03,379.0,700.2,92.79,375.4,False,Office Supplies
2022-06-04,385.4,698.3,88.19,367.9,False,Office Supplies
2022-06-05,358.9,710.5999999999999,88.60499999999999,347.1,False,Office Supplies
2022-06-06,332.4,722.9,89.02,326.3,False,Office Supplies
2022-06-07,336.45,727.15,89.425,340.8,False,Office Supplies
2022-06-08,340.5,731.4,89.83,355.3,False,Office Supplies
2022-06-09,346.625,726.7375,90.18625,357.625,False,Office Supplies
2022-06-10,352.75,722.075,90.5425,359.95,False,Office Supplies
2022-06-11,358.875,717.4125,90.89875,362.275,False,Office Supplies
2022-06-12,365.0,712.75,91.255,364.6,False,Office Supplies
2022-06-13,371.125,708.0875,91.61125,366.925,False,Office Supplies
2022-06-14,377.25,703.425,91.9675,369.25,False,Office Supplies
2022-06-15,383.375,698.7625,92.32375,371.575,False,Office Supplies
2022-06-16,389.5,694.1,92.68,373.9,False,Office Supplies
2022-06-17,365.375,700.85,92.27250000000001,356.29999999999995,False,Office Supplies
2022-06-18,341.25,707.6,91.86500000000001,338.7,False,Office Supplies
2022-06-19,317.125,714.35,91.4575,321.1,False,Office Supplies
2022-06-20,293.0,721.1,91.05,303.5,False,Office Supplies
2022-06-21,343.8,698.3,88.05,340.7,False,Office Supplies
2022-06-22,343.9,697.8499999999999,88.035,343.9,False,Office Supplies
2022-06-23,344.0,697.4,88.02,347.1,False,Office Supplies
2022-06-24,382.5,681.9,88.28,350.3,False,Office Supplies
2022-06-25,356.7,689.9,90.59,350.9,False,Office Supplies
2022-06-26,342.5,698.9,89.89,323.9,False,Office Supplies
2022-06-27,314.65,702.3,91.52000000000001,299.65,False,Office Supplies
2022-06-28,286.8,705.7,93.15,275.4,False,Office Supplies
2022-06-29,356.8,685.5,88.88,344.1,False,Office Supplies
2022-06-30,353.4375,695.6125,89.2225,336.1875,False,Office Supplies
2022-07-01,350.07500000000005,705.725,89.565,328.275,False,Office Supplies
2022-07-02,346.71250000000003,715.8375000000001,89.9075,320.3625,False,Office Supplies
2022-07-03,343.35,725.95,90.25,312.45,False,Office Supplies
2022-07-04,337.07500000000005,716.425,90.435,315.825,False,Office Supplies
2022-07-05,330.8,706.9,90.62,319.2,False,Office Supplies
2022-07-06,317.7,731.3,91.45,327.9,False,Office Supplies
2022-07-07,399.0,679.4,88.26,409.9,False,Office Supplies
2022-07-08,349.2,696.2,88.81,342.6,False,Office Supplies
2022-07-09,347.68,698.98,89.114,342.56,False,Office Supplies
2022-07-10,346.16,701.76,89.418,342.52,False,Office Supplies
2022-07-11,344.64,704.5400000000001,89.722,342.48,False,Office Supplies
2022-07-12,343.12,707.32,90.026,342.44,False,Office Supplies
2022-07-13,341.6,710.1,90.33,342.4,False,Office Supplies
2022-07-14,367.5,701.95,90.02,367.9,False,Office Supplies
2022-07-15,393.4,693.8,89.71,393.4,False,Office Supplies
2022-07-16,404.8,690.2,90.1,393.7,False,Office Supplies
2022-07-17,366.35,695.3,91.62,362.7,False,Office Supplies
2022-07-18,327.9,700.4,93.14,331.7,False,Office Supplies
2022-07-19,353.54999999999995,693.0999999999999,91.57,343.25,False,Office Supplies
2022-07-20,379.2,685.8,90.0,354.8,False,Office Supplies
2022-07-21,394.79999999999995,679.3,89.94,388.3,False,Office Supplies
2022-07-22,410.4,672.8,89.88,421.8,False,Office Supplies
2022-07-23,364.8,690.5,88.21,363.0,False,Office Supplies
2022-07-24,353.3,693.2,89.43,340.0,False,Office Supplies
2022-07-25,305.9,698.7,88.36,295.0,False,Office Supplies
2022-07-26,324.54999999999995,693.6500000000001,88.85499999999999,307.9,False,Office Supplies
2022-07-27,343.2,688.6,89.35,320.8,False,Office Supplies
2022-07-28,368.5,678.3,88.81,349.20000000000005,False,Office Supplies
2022-07-29,393.8,668.0,88.27,377.6,False,Office Supplies
2022-07-30,407.9,659.1,88.92,401.9,False,Office Supplies
2022-07-31,328.3,683.0,89.13,330.9,False,Office Supplies
2022-08-01,338.83333333333337,682.6666666666666,90.02833333333334,341.4,False,Office Supplies
2022-08-02,349.3666666666667,682.3333333333334,90.92666666666666,351.9,False,Office Supplies
2022-08-03,359.9,682.0,91.82499999999999,362.4,False,Office Supplies
2022-08-04,370.43333333333334,681.6666666666666,92.72333333333333,372.9,False,Office Supplies
2022-08-05,380.9666666666667,681.3333333333334,93.62166666666667,383.4,False,Office Supplies
2022-08-06,391.5,681.0,94.52,393.9,False,Office Supplies
2022-08-07,401.3,685.7,87.53,365.8,False,Office Supplies
2022-08-08,349.7,701.6,88.98,354.3,False,Office Supplies
2022-08-09,343.0,699.1,93.09,358.1,False,Office Supplies
2022-08-10,357.3,700.7,90.93,329.9,False,Office Supplies
2022-08-11,395.6,685.2,88.89,371.3,False,Office Supplies
2022-08-12,466.15000000000003,694.75,88.465,431.95000000000005,False,Office Supplies
2022-08-13,536.7,704.3,88.04,492.6,True,Office Supplies
2022-08-14,426.85,712.5999999999999,88.89500000000001,399.25,False,Office Supplies
2022-08-15,317.0,720.9,89.75,305.9,False,Office Supplies
2022-08-16,346.0,714.0,90.14,318.4,False,Office Supplies
2022-08-17,361.2,717.1,89.16,344.2,False,Office Supplies
2022-08-18,394.0,709.7,89.245,381.29999999999995,False,Office Supplies
2022-08-19,426.8,702.3,89.33,418.4,False,Office Supplies
2022-08-20,551.0,714.8,89.22,501.2,True,Office Supplies
2022-08-21,370.1,717.7,93.82,345.0,False,Office Supplies
2022-08-22,353.7,726.6,91.24,368.3,False,Office Supplies
2022-08-23,373.6,722.05,91.005,383.9,False,Office Supplies
2022-08-24,393.5,717.5,90.77,399.5,False,Office Supplies
2022-08-25,413.4,712.95,90.535,415.1,False,Office Supplies
2022-08-26,433.3,708.4,90.3,430.7,False,Office Supplies
2022-08-27,418.2,717.3,93.67,395.1,False,Office Supplies
2022-08-28,365.3,737.0,89.79,382.6,False,Office Supplies
2022-08-29,338.85,747.7,91.1,332.55,False,Office Supplies
2022-08-30,312.4,758.4,92.41,282.5,False,Office Supplies
2022-08-31,380.5,737.4,89.23,360.2,False,Office Supplies
2022-09-01,437.1,722.7,91.62,399.6,False,Office Supplies
2022-09-02,419.20000000000005,727.45,89.155,397.15,False,Office Supplies
2022-09-03,401.3,732.2,86.69,394.7,False,Office Supplies
2022-09-04,414.5625,726.2625,87.82374999999999,403.78749999999997,False,Office Supplies
2022-09-05,427.82500000000005,720.325,88.9575,412.875,False,Office Supplies
2022-09-06,441.08750000000003,714.3875,90.09125,421.9625,False,Office Supplies
2022-09-07,454.35,708.45,91.225,431.04999999999995,False,Office Supplies
2022-09-08,440.775,724.975,91.7725,415.375,False,Office Supplies
2022-09-09,427.2,741.5,92.32,399.7,False,Office Supplies
2022-09-10,412.6,756.0,92.0,399.8,False,Office Supplies
2022-09-11,396.0,746.1,88.48,393.6,False,Office Supplies
2022-09-12,380.55,743.9000000000001,88.95500000000001,377.4,False,Office Supplies
2022-09-13,365.1,741.7,89.43,361.2,False,Office Supplies
2022-09-14,397.4,731.7,91.1,362.5,False,Office Supplies
2022-09-15,417.4,722.5,92.43,403.9,False,Office Supplies
2022-09-16,443.3,708.2,92.14,427.0,False,Office Supplies
2022-09-17,430.1,706.8,90.72999999999999,430.4,False,Office Supplies
2022-09-18,416.9,705.4,89.32,433.8,False,Office Supplies
2022-09-19,347.4,728.3,90.58,358.2,False,Office Supplies
2022-09-20,377.4,716.6,89.92,368.1,False,Office Supplies
2022-09-21,382.3,715.3,87.35,375.6,False,Office Supplies
2022-09-22,425.5,704.1,91.06,441.4,False,Office Supplies
2022-09-23,461.4,701.1,91.29,425.6,False,Office Supplies
2022-09-24,435.6,712.7,88.3,411.3,False,Office Supplies
2022-09-25,389.5,738.1,87.32,377.8,False,Office Supplies
2022-09-26,393.5,737.2333333333333,88.52333333333333,391.1666666666667,False,Office Supplies
2022-09-27,397.5,736.3666666666667,89.72666666666667,404.5333333333333,False,Office Supplies
2022-09-28,401.5,735.5,90.93,417.9,False,Office Supplies
2022-09-29,448.7,726.4,90.69,432.7,False,Office Supplies
2022-09-30,451.0,729.2,90.06,421.5,False,Office Supplies
2022-10-01,419.8,742.85,90.05000000000001,402.0,False,Office Supplies
2022-10-02,388.6,756.5,90.04,382.5,False,Office Supplies
2022-10-03,371.35,759.1,89.435,362.85,False,Office Supplies
2022-10-04,354.1,761.7,88.83,343.2,False,Office Supplies
2022-10-05,424.8,742.0,92.74,442.9,False,Office Supplies
2022-10-06,474.4,732.0,90.34,467.8,False,Office Supplies
2022-10-07,431.4,753.0,89.14,401.5,False,Office Supplies
2022-10-08,415.54999999999995,748.6,90.795,398.55,False,Office Supplies
2022-10-09,399.7,744.2,92.45,395.6,False,Office Supplies
2022-10-10,394.7,754.0,93.31,358.2,False,Office Supplies
2022-10-11,505.9,740.5999999999999,87.92500000000001,496.7,False,Office Supplies
2022-10-12,585.0999999999999,744.4,88.8775,552.45,False,Office Supplies
2022-10-13,664.3,748.2,89.83,608.2,True,Office Supplies
2022-10-14,581.5999999999999,752.5,89.42999999999999,532.1,False,Office Supplies
2022-10-15,498.9,756.8000000000001,89.03,456.0,False,Office Supplies
2022-10-16,416.2,761.1,88.63,379.9,False,Office Supplies
2022-10-17,398.6,766.4,91.38,394.7,False,Office Supplies
2022-10-18,426.5,755.4,90.37,436.8,False,Office Supplies
2022-10-19,454.8,748.4,88.23,454.5,False,Office Supplies
2022-10-20,457.625,747.025,89.15,462.0,False,Office Supplies
2022-10-21,460.45000000000005,745.65,90.07,469.5,False,Office Supplies
2022-10-22,463.27500000000003,744.275,90.99,477.0,False,Office Supplies
2022-10-23,466.1,742.9,91.91,484.5,False,Office Supplies
2022-10-24,446.55,754.3499999999999,92.545,449.15,False,Office Supplies
2022-10-25,427.0,765.8,93.18,413.8,False,Office Supplies
2022-10-26,434.4,761.1,89.88,427.9,False,Office Supplies
2022-10-27,492.0,741.8,89.9,456.0,False,Office Supplies
2022-10-28,473.4,755.9,89.95,444.5,False,Office Supplies
2022-10-29,480.1,746.3,90.18,495.0,False,Office Supplies
2022-10-30,458.35,753.3,89.815,456.45,False,Office Supplies
2022-10-31,436.6,760.3,89.45,417.9,False,Office Supplies
2022-11-01,426.4,761.3,89.57,442.4,False,Office Supplies
2022-11-02,446.16666666666663,752.7666666666667,90.46333333333332,448.8666666666667,False,Office Supplies
2022-11-03,465.93333333333334,744.2333333333333,91.35666666666667,455.3333333333333,False,Office Supplies
2022-11-04,485.7,735.7,92.25,461.8,False,Office Supplies
2022-11-05,478.1,733.2,90.54,454.0,False,Office Supplies
2022-11-06,451.3,736.3,89.07,413.0,False,Office Supplies
2022-11-07,607.5,747.7,88.22,598.1,True,Office Supplies
2022-11-08,625.2,742.2,89.975,635.3,False,Office Supplies
2022-11-09,642.9,736.7,91.73,672.5,True,Office Supplies
2022-11-10,570.7,733.95,91.39500000000001,587.8,False,Office Supplies
2022-11-11,498.5,731.2,91.06,503.1,False,Office Supplies
2022-11-12,476.25,738.9000000000001,91.105,475.1,False,Office Supplies
2022-11-13,454.0,746.6,91.15,447.1,False,Office Supplies
2022-11-14,414.1,756.8,89.83,414.2,False,Office Supplies
2022-11-15,464.5,738.8,87.94,467.3,False,Office Supplies
2022-11-16,496.3,725.0,86.25,504.6,False,Office Supplies
2022-11-17,499.1,722.1,87.64,516.1,False,Office Supplies
2022-11-18,490.7,728.2333333333333,87.70333333333333,506.73333333333335,False,Office Supplies
2022-11-19,482.3,734.3666666666667,87.76666666666667,497.3666666666667,False,Office Supplies
2022-11-20,473.9,740.5,87.83,488.0,False,Office Supplies
2022-11-21,443.4,748.4,89.25,411.1,False,Office Supplies
2022-11-22,425.9,757.2,89.1,445.9,False,Office Supplies
2022-11-23,468.5,731.7,89.48,488.9,False,Office Supplies
2022-11-24,523.5,712.0,88.8,525.7,False,Office Supplies
2022-11-25,492.25,719.25,89.07,475.05,False,Office Supplies
2022-11-26,461.0,726.5,89.34,424.4,False,Office Supplies
2022-11-27,451.2,719.3,89.42,419.8,False,Office Supplies
2022-11-28,433.9,715.9,91.74,444.6,False,Office Supplies
2022-11-29,431.1,722.1,84.41,390.2,False,Office Supplies
2022-11-30,474.8,712.6,88.59,492.6,False,Office Supplies
2022-12-01,490.95,545.5,90.97999999999999,485.2,False,Office Supplies
2022-12-02,537.7,695.0,88.1,487.7,False,Office Supplies
2022-12-03,482.85,710.75,87.93,460.65,False,Office Supplies
2022-12-04,428.0,726.5,87.76,433.6,False,Office Supplies
2022-12-05,432.55,728.6,88.34,428.8,False,Office Supplies
2022-12-06,437.1,730.7,88.92,424.0,False,Office Supplies
2022-12-07,425.35,710.1,89.38,437.1,False,Office Supplies
2022-12-08,498.9,720.9,92.03,467.4,False,Office Supplies
2022-12-09,487.6333333333333,726.3833333333333,91.41166666666668,461.96666666666664,False,Office Supplies
2022-12-10,476.3666666666667,731.8666666666666,90.79333333333334,456.53333333333336,False,Office Supplies
2022-12-11,465.1,737.3499999999999,90.17500000000001,451.1,False,Office Supplies
2022-12-12,454.9,745.7,91.47,446.2,False,Office Supplies
2022-12-13,459.5,745.5,89.82,458.2,False,Office Supplies
2022-12-14,481.8,744.9,88.9,440.8,False,Office Supplies
2022-12-15,516.9,730.9,92.45,513.6,False,Office Supplies
2022-12-16,540.0,718.1,91.13,526.2,False,Office Supplies
2022-12-17,515.3,720.7,88.15,539.5,False,Office Supplies
2022-12-18,750.8,725.2,91.96,776.7,True,Office Supplies
2022-12-19,456.8,727.8,92.27,478.5,False,Office Supplies
2022-12-20,459.7,718.7,90.78,455.3,False,Office Supplies
2022-12-21,536.1,705.6,90.2,555.6,False,Office Supplies
2022-12-22,516.1,717.625,89.11500000000001,526.525,False,Office Supplies
2022-12-23,496.1,729.6500000000001,88.03,497.45000000000005,False,Office Supplies
2022-12-24,476.1,741.6750000000001,86.945,468.375,False,Office Supplies
2022-12-25,456.1,753.7,85.86,439.3,False,Office Supplies
2022-12-26,429.2,762.1,88.62,433.1,False,Office Supplies
2022-12-27,673.0,763.6,90.93,623.7,True,Office Supplies
2022-12-28,583.9,756.55,90.515,537.4000000000001,False,Office Supplies
2022-12-29,494.8,749.5,90.1,451.1,False,Office Supplies
2022-12-30,544.9,729.5,88.31,549.0,False,Office Supplies
2022-12-31,498.2,740.2,88.33,475.7,False,Office Supplies
2023-01-01,479.65,745.75,89.435,456.9,False,Office Supplies
2023-01-02,461.1,751.3,90.54,438.1,False,Office Supplies
2023-01-03,480.0,746.05,90.745,461.6,False,Office Supplies
2023-01-04,498.9,740.8,90.95,485.1,False,Office Supplies
2020-01-01,298.5,804.4,196.85,306.6,False,Pet Supplies
2020-01-02,298.1,807.0,191.7,281.1,False,Pet Supplies
2020-01-03,931.2,803.9,192.42,295.0,False,Pet Supplies
2020-01-04,306.4,809.5,200.14,309.4,False,Pet Supplies
2020-01-05,266.4,815.9,191.48,257.4,False,Pet Supplies
2020-01-06,247.0,827.6,198.77,243.2,False,Pet Supplies
2020-01-07,259.2,827.9,193.95,255.8,False,Pet Supplies
2020-01-08,283.9,798.2,195.165,287.15,False,Pet Supplies
2020-01-09,308.6,768.5,196.38,318.5,False,Pet Supplies
2020-01-10,298.03333333333336,780.2333333333333,194.63,308.0,False,Pet Supplies
2020-01-11,287.46666666666664,791.9666666666667,192.88,297.5,False,Pet Supplies
2020-01-12,276.9,803.7,191.13,287.0,False,Pet Supplies
2020-01-13,242.6,822.0,193.48,247.1,False,Pet Supplies
2020-01-14,253.3,822.7,190.2,245.1,False,Pet Supplies
2020-01-15,259.2,828.2,194.95,268.2,False,Pet Supplies
2020-01-16,263.125,823.5,196.805,266.825,False,Pet Supplies
2020-01-17,267.04999999999995,818.8,198.66,265.45,False,Pet Supplies
2020-01-18,270.97499999999997,814.1,200.515,264.075,False,Pet Supplies
2020-01-19,274.9,809.4,202.37,262.7,False,Pet Supplies
2020-01-20,273.04999999999995,816.95,199.575,266.25,False,Pet Supplies
2020-01-21,271.2,824.5,196.78,269.8,False,Pet Supplies
2020-01-22,258.3,829.5,198.48,263.3,False,Pet Supplies
2020-01-23,278.8,826.4,199.39,285.35,False,Pet Supplies
2020-01-24,299.3,823.3,200.3,307.4,False,Pet Supplies
2020-01-25,285.1,827.9,191.61,260.8,False,Pet Supplies
2020-01-26,240.3,841.9,196.76,231.0,False,Pet Supplies
2020-01-27,230.2,850.8,194.86,231.7,False,Pet Supplies
2020-01-28,247.5,842.5,194.21,230.9,False,Pet Supplies
2020-01-29,249.3,837.9,194.66,227.4,False,Pet Supplies
2020-01-30,272.05,835.05,194.125,252.45,False,Pet Supplies
2020-01-31,294.8,832.2,193.59,277.5,False,Pet Supplies
2020-02-01,271.23333333333335,836.8333333333334,196.03666666666666,258.3666666666667,False,Pet Supplies
2020-02-02,247.66666666666666,841.4666666666667,198.48333333333335,239.23333333333332,False,Pet Supplies
2020-02-03,224.1,846.1,200.93,220.1,False,Pet Supplies
2020-02-04,228.75,841.05,196.785,227.75,False,Pet Supplies
2020-02-05,233.4,836.0,192.64,235.4,False,Pet Supplies
2020-02-06,273.85,827.2,196.255,250.65,False,Pet Supplies
2020-02-07,290.2,796.25,195.2,279.45000000000005,False,Pet Supplies
2020-02-08,271.9,829.9,195.19,261.3,False,Pet Supplies
2020-02-09,944.4,825.1,189.99,246.4,False,Pet Supplies
2020-02-10,247.3,827.4,194.94,241.9,False,Pet Supplies
2020-02-11,236.5,827.9,198.58,214.5,False,Pet Supplies
2020-02-12,256.1,821.6,200.73,236.5,False,Pet Supplies
2020-02-13,280.65,817.95,197.595,267.85,False,Pet Supplies
2020-02-14,305.2,814.3,194.46,299.2,False,Pet Supplies
2020-02-15,236.5,824.9,197.81,237.3,False,Pet Supplies
2020-02-16,267.5,813.6,203.25,247.8,False,Pet Supplies
2020-02-17,252.95,818.6500000000001,199.215,236.95,False,Pet Supplies
2020-02-18,238.4,823.7,195.18,226.1,False,Pet Supplies
2020-02-19,283.3,812.6500000000001,191.875,277.2,False,Pet Supplies
2020-02-20,328.2,801.6,188.57,328.3,False,Pet Supplies
2020-02-21,284.0,815.7,198.57,279.2,False,Pet Supplies
2020-02-22,260.7,825.1,193.75,248.95,False,Pet Supplies
2020-02-23,237.4,834.5,188.93,218.7,False,Pet Supplies
2020-02-24,236.6,825.7,194.44,231.7,False,Pet Supplies
2020-02-25,243.25,827.85,194.48000000000002,237.7,False,Pet Supplies
2020-02-26,249.9,830.0,194.52,243.7,False,Pet Supplies
2020-02-27,286.4,822.1,200.66,259.0,False,Pet Supplies
2020-02-28,282.0,823.2,190.24,280.7,False,Pet Supplies
2020-02-29,282.2,825.0,196.5,285.3,False,Pet Supplies
2020-03-01,270.6333333333333,826.8,197.18333333333334,276.40000000000003,False,Pet Supplies
2020-03-02,259.06666666666666,828.6,197.86666666666667,267.5,False,Pet Supplies
2020-03-03,247.5,830.4,198.55,258.6,False,Pet Supplies
2020-03-04,248.3,823.1,195.28,244.1,False,Pet Supplies
2020-03-05,244.45000000000002,825.1833333333334,195.915,237.75,False,Pet Supplies
2020-03-06,240.6,827.2666666666667,196.55,231.4,False,Pet Supplies
2020-03-07,236.75,829.35,197.185,225.05,False,Pet Supplies
2020-03-08,232.9,831.4333333333334,197.82,218.7,False,Pet Supplies
2020-03-09,229.04999999999998,833.5166666666667,198.455,212.35,False,Pet Supplies
2020-03-10,225.2,835.6,199.09,206.0,False,Pet Supplies
2020-03-11,267.8,825.8,192.49,252.1,False,Pet Supplies
2020-03-12,276.9,819.3499999999999,195.065,272.4,False,Pet Supplies
2020-03-13,286.0,812.9,197.64,292.7,False,Pet Supplies
2020-03-14,253.1,815.3,199.0,238.7,False,Pet Supplies
2020-03-15,249.7,817.0,204.56,247.8,False,Pet Supplies
2020-03-16,217.7,825.5,200.6,223.8,False,Pet Supplies
2020-03-17,309.7,825.1,198.07,300.2,True,Pet Supplies
2020-03-18,263.4,817.3,187.18,267.4,False,Pet Supplies
2020-03-19,254.6,816.7,195.52,236.0,False,Pet Supplies
2020-03-20,264.2,809.9,200.56,246.0,False,Pet Supplies
2020-03-21,246.8,821.1,195.99,249.7,False,Pet Supplies
2020-03-22,301.9,829.8,197.6,287.8,True,Pet Supplies
2020-03-23,326.6,831.0,193.9,295.2,True,Pet Supplies
2020-03-24,213.5,817.6,193.7,222.9,False,Pet Supplies
2020-03-25,247.9,812.0,192.86,230.7,False,Pet Supplies
2020-03-26,270.8,804.1,196.96,258.0,False,Pet Supplies
2020-03-27,270.4,800.2,197.4,258.6,False,Pet Supplies
2020-03-28,231.3,815.0,204.38,240.8,False,Pet Supplies
2020-03-29,230.3,817.4,190.56,217.1,False,Pet Supplies
2020-03-30,296.3,833.5,195.61,289.8,True,Pet Supplies
2020-03-31,275.05,823.9,194.78500000000003,264.5,False,Pet Supplies
2020-04-01,253.8,814.3,193.96,239.2,False,Pet Supplies
2020-04-02,274.05,799.25,194.875,268.75,False,Pet Supplies
2020-04-03,294.3,784.2,195.79,298.3,False,Pet Supplies
2020-04-04,336.6,798.3,197.93,344.8,True,Pet Supplies
2020-04-05,241.4,793.5,193.07,229.7,False,Pet Supplies
2020-04-06,260.85,797.2,197.52499999999998,247.35,False,Pet Supplies
2020-04-07,280.3,800.9,201.98,265.0,True,Pet Supplies
2020-04-08,278.8666666666667,792.6,200.59333333333333,263.1,False,Pet Supplies
2020-04-09,277.43333333333334,784.3,199.20666666666665,261.2,False,Pet Supplies
2020-04-10,276.0,776.0,197.82,259.3,False,Pet Supplies
2020-04-11,279.6,771.8,190.09,269.4,False,Pet Supplies
2020-04-12,229.2,776.7,194.38,235.2,False,Pet Supplies
2020-04-13,193.5,793.1,198.54,199.9,False,Pet Supplies
2020-04-14,196.6,787.9,195.01,187.3,False,Pet Supplies
2020-04-15,239.0,783.0,197.24,231.5,False,Pet Supplies
2020-04-16,246.9,779.7,195.29000000000002,238.95,False,Pet Supplies
2020-04-17,254.8,776.4,193.34,246.4,False,Pet Supplies
2020-04-18,245.4,771.6,206.07,243.5,False,Pet Supplies
2020-04-19,170.7,798.8,197.09,172.8,False,Pet Supplies
2020-04-20,216.1,794.5,196.48,205.8,False,Pet Supplies
2020-04-21,232.4,792.6,192.77,240.0,False,Pet Supplies
2020-04-22,222.6,793.4,193.85,201.1,False,Pet Supplies
2020-04-23,237.7,786.8,194.37,226.4,False,Pet Supplies
2020-04-24,409.6,777.3,201.68,371.6,True,Pet Supplies
2020-04-25,272.4,786.9,200.23,260.3,False,Pet Supplies
2020-04-26,212.0,815.4,206.07,213.9,False,Pet Supplies
2020-04-27,186.4,826.1,202.36,178.9,False,Pet Supplies
2020-04-28,186.7,822.5,197.73,187.6,False,Pet Supplies
2020-04-29,231.5,814.55,195.04,232.5,False,Pet Supplies
2020-04-30,276.3,806.6,192.35,277.4,False,Pet Supplies
2020-05-01,258.5,815.0,202.96,252.2,False,Pet Supplies
2020-05-02,235.0,819.5,188.28,245.6,False,Pet Supplies
2020-05-03,260.20000000000005,821.4,198.685,250.45,False,Pet Supplies
2020-05-04,206.7,829.3,196.18,201.6,False,Pet Supplies
2020-05-05,212.4,837.1,195.04,219.3,False,Pet Supplies
2020-05-06,234.73333333333332,819.35,194.725,232.63333333333335,False,Pet Supplies
2020-05-07,257.06666666666666,801.5999999999999,194.41,245.96666666666667,False,Pet Supplies
2020-05-08,279.4,783.8499999999999,194.095,259.3,False,Pet Supplies
2020-05-09,257.6,823.2,198.21,236.3,False,Pet Supplies
2020-05-10,228.20000000000002,833.45,194.32,214.45,False,Pet Supplies
2020-05-11,198.8,843.7,190.43,192.6,False,Pet Supplies
2020-05-12,202.9,846.3,196.89,184.6,False,Pet Supplies
2020-05-13,242.3,834.1,198.66,238.9,False,Pet Supplies
2020-05-14,264.9,831.9,192.36,254.0,False,Pet Supplies
2020-05-15,269.8,822.2,196.2,279.0,False,Pet Supplies
2020-05-16,278.4,812.4,193.71,269.0,False,Pet Supplies
2020-05-17,245.3,819.7,192.27,243.1,False,Pet Supplies
2020-05-18,192.8,834.8,191.65,188.1,False,Pet Supplies
2020-05-19,302.8,832.4,203.4,284.8,True,Pet Supplies
2020-05-20,205.9,825.3,188.15,208.0,False,Pet Supplies
2020-05-21,263.8,807.8,199.78,255.7,False,Pet Supplies
2020-05-22,298.6,805.9,201.57,288.8,False,Pet Supplies
2020-05-23,269.8,818.9,196.22,261.55,False,Pet Supplies
2020-05-24,241.0,831.9,190.87,234.3,False,Pet Supplies
2020-05-25,260.45,833.2,189.12,255.0,False,Pet Supplies
2020-05-26,279.9,834.5,187.37,275.7,True,Pet Supplies
2020-05-27,281.7,811.5,198.33,288.4,False,Pet Supplies
2020-05-28,285.5,816.3,196.71,296.1,False,Pet Supplies
2020-05-29,284.8,820.1,198.59,273.1,False,Pet Supplies
2020-05-30,255.2,830.0,198.87,266.2,False,Pet Supplies
2020-05-31,249.875,832.325,198.22,253.575,False,Pet Supplies
2020-06-01,244.55,834.65,197.57,240.95,False,Pet Supplies
2020-06-02,239.225,836.9749999999999,196.92000000000002,228.325,False,Pet Supplies
2020-06-03,233.9,839.3,196.27,215.7,False,Pet Supplies
2020-06-04,250.0,808.1,194.28,239.15,False,Pet Supplies
2020-06-05,260.5,826.2,200.07,249.3,False,Pet Supplies
2020-06-06,361.0,823.0,201.63,369.3,True,Pet Supplies
2020-06-07,280.65,826.55,196.26999999999998,286.15,False,Pet Supplies
2020-06-08,200.3,830.1,190.91,203.0,False,Pet Supplies
2020-06-09,215.44,819.4200000000001,191.464,213.96,False,Pet Supplies
2020-06-10,230.58,808.74,192.018,224.92000000000002,False,Pet Supplies
2020-06-11,245.72,798.0600000000001,192.572,235.88,False,Pet Supplies
2020-06-12,260.86,787.38,193.126,246.84,False,Pet Supplies
2020-06-13,276.0,776.7,193.68,257.8,False,Pet Supplies
2020-06-14,381.4,790.6,197.93,353.0,True,Pet Supplies
2020-06-15,219.7,786.4,197.75,208.9,False,Pet Supplies
2020-06-16,230.2,786.4,205.11,231.4,False,Pet Supplies
2020-06-17,242.9,790.0,202.59,222.9,False,Pet Supplies
2020-06-18,277.1,774.7,200.57,272.8,False,Pet Supplies
2020-06-19,321.1,770.9,199.28,332.4,False,Pet Supplies
2020-06-20,281.8,790.5,190.27,279.3,False,Pet Supplies
2020-06-21,255.4,798.5,196.96,260.5,False,Pet Supplies
2020-06-22,231.0,815.9,198.48,217.3,False,Pet Supplies
2020-06-23,244.5,800.2,196.47,226.6,False,Pet Supplies
2020-06-24,280.1,788.9,199.1,284.1,False,Pet Supplies
2020-06-25,307.0,782.7,192.91,322.0,False,Pet Supplies
2020-06-26,445.5,784.9,193.6,414.3,True,Pet Supplies
2020-06-27,288.5,787.6,200.9,262.7,False,Pet Supplies
2020-06-28,260.25,790.9000000000001,200.985,248.0,False,Pet Supplies
2020-06-29,232.0,794.2,201.07,233.3,False,Pet Supplies
2020-06-30,249.0,791.3,194.22,244.4,False,Pet Supplies
2020-07-01,260.025,785.6999999999999,194.0275,250.425,False,Pet Supplies
2020-07-02,271.05,780.0999999999999,193.83499999999998,256.45,False,Pet Supplies
2020-07-03,282.07500000000005,774.5,193.64249999999998,262.475,False,Pet Supplies
2020-07-04,293.1,768.9,193.45,268.5,False,Pet Supplies
2020-07-05,326.3,803.65,197.625,314.55,False,Pet Supplies
2020-07-06,225.2,791.0,194.01,215.1,False,Pet Supplies
2020-07-07,242.23999999999998,783.54,194.064,237.01999999999998,False,Pet Supplies
2020-07-08,259.28,776.08,194.118,258.94,False,Pet Supplies
2020-07-09,276.32,768.62,194.172,280.86,False,Pet Supplies
2020-07-10,293.36,761.1600000000001,194.226,302.78,False,Pet Supplies
2020-07-11,310.4,753.7,194.28,324.7,False,Pet Supplies
2020-07-12,279.45,761.75,197.075,286.6,False,Pet Supplies
2020-07-13,248.5,769.8,199.87,248.5,False,Pet Supplies
2020-07-14,274.9,764.9,200.75,262.85,False,Pet Supplies
2020-07-15,301.3,760.0,201.63,277.2,False,Pet Supplies
2020-07-16,315.0,762.45,196.135,288.6,False,Pet Supplies
2020-07-17,328.7,764.9,190.64,300.0,False,Pet Supplies
2020-07-18,283.8,770.4,201.12,274.0,False,Pet Supplies
2020-07-19,246.0,779.8,198.43,240.4,False,Pet Supplies
2020-07-20,247.6,781.05,197.155,243.7,False,Pet Supplies
2020-07-21,249.2,782.3,195.88,247.0,False,Pet Supplies
2020-07-22,312.3,759.3,196.21,307.6,False,Pet Supplies
2020-07-23,322.3,757.6,200.13,292.8,False,Pet Supplies
2020-07-24,313.2,758.3,198.35,297.7,False,Pet Supplies
2020-07-25,294.6333333333333,762.8333333333333,197.78666666666666,286.8666666666667,False,Pet Supplies
2020-07-26,276.06666666666666,767.3666666666667,197.22333333333333,276.0333333333333,False,Pet Supplies
2020-07-27,257.5,771.9,196.66,265.2,False,Pet Supplies
2020-07-28,262.2,774.0,195.33,250.8,False,Pet Supplies
2020-07-29,281.79999999999995,760.1,195.02,274.35,False,Pet Supplies
2020-07-30,301.4,746.2,194.71,297.9,False,Pet Supplies
2020-07-31,286.2625,757.9250000000001,196.04375000000002,283.17499999999995,False,Pet Supplies
2020-08-01,271.125,769.6500000000001,197.3775,268.45,False,Pet Supplies
2020-08-02,255.98749999999998,781.375,198.71125,253.725,False,Pet Supplies
2020-08-03,240.85,793.1,200.04500000000002,239.0,False,Pet Supplies
2020-08-04,256.9,749.0,202.83,234.8,False,Pet Supplies
2020-08-05,324.5,740.3,198.755,313.3,False,Pet Supplies
2020-08-06,392.1,731.6,194.68,391.8,True,Pet Supplies
2020-08-07,296.9,753.9,196.075,299.05,False,Pet Supplies
2020-08-08,331.3,730.3,193.42,315.9,False,Pet Supplies
2020-08-09,295.8,745.5,197.45,305.6,False,Pet Supplies
2020-08-10,243.5,761.0,195.03,239.8,False,Pet Supplies
2020-08-11,317.1,756.6,196.62,318.8,True,Pet Supplies
2020-08-12,323.9,748.45,194.54500000000002,324.15,False,Pet Supplies
2020-08-13,330.7,740.3,192.47,329.5,False,Pet Supplies
2020-08-14,330.2,736.2,192.54,339.3,False,Pet Supplies
2020-08-15,317.76666666666665,739.2,194.44,314.1333333333333,False,Pet Supplies
2020-08-16,305.3333333333333,742.2,196.34,288.9666666666667,False,Pet Supplies
2020-08-17,292.9,745.2,198.24,263.8,False,Pet Supplies
2020-08-18,250.9,754.5,200.72,253.6,False,Pet Supplies
2020-08-19,327.1,738.3,198.03,313.9,False,Pet Supplies
2020-08-20,348.2,737.4,189.71,346.6,False,Pet Supplies
2020-08-21,333.3,742.4,190.76,329.1,False,Pet Supplies
2020-08-22,313.5,739.8,187.42,284.4,False,Pet Supplies
2020-08-23,293.5,746.7,201.39,282.4,False,Pet Supplies
2020-08-24,251.1,762.5,200.58,229.1,False,Pet Supplies
2020-08-25,265.5,761.6,203.58,257.2,False,Pet Supplies
2020-08-26,294.56666666666666,756.3666666666667,204.21333333333334,292.46666666666664,False,Pet Supplies
2020-08-27,323.6333333333333,751.1333333333333,204.84666666666666,327.73333333333335,False,Pet Supplies
2020-08-28,352.7,745.9,205.48,363.0,False,Pet Supplies
2020-08-29,329.6333333333333,756.3666666666667,204.59666666666666,332.76666666666665,False,Pet Supplies
2020-08-30,306.56666666666666,766.8333333333333,203.71333333333334,302.53333333333336,False,Pet Supplies
2020-08-31,283.5,777.3,202.83,272.3,False,Pet Supplies
2020-09-01,306.6333333333333,769.3,198.85333333333335,293.9666666666667,False,Pet Supplies
2020-09-02,329.76666666666665,761.3,194.87666666666667,315.6333333333333,False,Pet Supplies
2020-09-03,352.9,753.3,190.9,337.3,False,Pet Supplies
2020-09-04,269.4,783.2,190.61,276.9,False,Pet Supplies
2020-09-05,281.41666666666663,778.1166666666667,192.655,286.31666666666666,False,Pet Supplies
2020-09-06,293.43333333333334,773.0333333333334,194.70000000000002,295.7333333333333,False,Pet Supplies
2020-09-07,305.45,767.95,196.745,305.15,False,Pet Supplies
2020-09-08,282.5,787.5,201.48,259.1,False,Pet Supplies
2020-09-09,313.7,777.05,200.07,287.70000000000005,False,Pet Supplies
2020-09-10,344.9,766.6,198.66,316.3,False,Pet Supplies
2020-09-11,445.09999999999997,783.05,197.25,444.55,False,Pet Supplies
2020-09-12,363.6,764.8,198.8,335.5,False,Pet Supplies
2020-09-13,309.8,791.3,205.36,296.6,False,Pet Supplies
2020-09-14,313.8,787.4,197.43,296.1,False,Pet Supplies
2020-09-15,303.7,794.6,190.96,276.4,False,Pet Supplies
2020-09-16,334.0,785.5,196.16,300.9,False,Pet Supplies
2020-09-17,355.3,782.3,193.2,346.4,False,Pet Supplies
2020-09-18,340.6,781.3,203.1,340.6,False,Pet Supplies
2020-09-19,322.70000000000005,787.15,198.82,326.65,False,Pet Supplies
2020-09-20,304.8,793.0,194.54,312.7,False,Pet Supplies
2020-09-21,310.5,787.3,197.65,280.1,False,Pet Supplies
2020-09-22,367.5,787.2,194.94,334.4,False,Pet Supplies
2020-09-23,424.5,787.1,192.23,388.7,True,Pet Supplies
2020-09-24,340.5,784.8,196.59,346.2,False,Pet Supplies
2020-09-25,348.2,786.05,198.375,352.1,False,Pet Supplies
2020-09-26,355.9,787.3,200.16,358.0,False,Pet Supplies
2020-09-27,305.4,810.1,195.74,287.8,False,Pet Supplies
2020-09-28,321.2333333333333,808.6,195.98000000000002,315.3333333333333,False,Pet Supplies
2020-09-29,337.06666666666666,807.1,196.22,342.8666666666667,False,Pet Supplies
2020-09-30,352.9,805.6,196.46,370.4,False,Pet Supplies
2020-10-01,369.5,793.8,197.46,353.1,False,Pet Supplies
2020-10-02,352.25,792.8,194.69,334.35,False,Pet Supplies
2020-10-03,335.0,791.8,191.92,315.6,False,Pet Supplies
2020-10-04,316.8,787.1,189.97,318.5,False,Pet Supplies
2020-10-05,197.6,848.0,193.72,181.9,False,Pet Supplies
2020-10-06,269.15,812.75,191.865,245.25,False,Pet Supplies
2020-10-07,340.7,777.5,190.01,308.6,False,Pet Supplies
2020-10-08,376.7,774.9,206.73,350.3,False,Pet Supplies
2020-10-09,361.85,782.95,200.315,342.15,False,Pet Supplies
2020-10-10,347.0,791.0,193.9,334.0,False,Pet Supplies
2020-10-11,327.0,802.3,196.89,316.1,False,Pet Supplies
2020-10-12,311.8,809.8,202.37,323.3,False,Pet Supplies
2020-10-13,329.55,801.55,199.195,321.1,False,Pet Supplies
2020-10-14,347.3,793.3,196.02,318.9,False,Pet Supplies
2020-10-15,424.35,796.5,197.91000000000003,414.6,False,Pet Supplies
2020-10-16,501.4,799.7,199.8,510.3,True,Pet Supplies
2020-10-17,410.5,814.5,196.14,422.85,False,Pet Supplies
2020-10-18,319.6,829.3,192.48,335.4,False,Pet Supplies
2020-10-19,303.4,837.2,200.1,288.2,False,Pet Supplies
2020-10-20,301.4,832.9,195.66,293.2,False,Pet Supplies
2020-10-21,440.4,824.9,197.49,400.5,True,Pet Supplies
2020-10-22,368.2,804.4,198.18,355.6,False,Pet Supplies
2020-10-23,379.6,801.3,195.74,376.4,False,Pet Supplies
2020-10-24,383.8,801.1,196.64,390.1,False,Pet Supplies
2020-10-25,343.1,816.4000000000001,197.79,338.85,False,Pet Supplies
2020-10-26,302.4,831.7,198.94,287.6,False,Pet Supplies
2020-10-27,320.1,821.3,202.62,303.6,False,Pet Supplies
2020-10-28,316.8,823.2,196.08,306.8,False,Pet Supplies
2020-10-29,382.2,805.1,197.81,393.8,False,Pet Supplies
2020-10-30,384.6,807.5,198.29,399.6,False,Pet Supplies
2020-10-31,327.7,826.3,193.86,317.0,False,Pet Supplies
2020-11-01,326.35,810.5999999999999,192.385,306.8,False,Pet Supplies
2020-11-02,290.5,842.1,197.37,277.9,False,Pet Supplies
2020-11-03,316.2,825.3,196.37,307.9,False,Pet Supplies
2020-11-04,354.25,807.9,198.375,350.65,False,Pet Supplies
2020-11-05,392.3,790.5,200.38,393.4,False,Pet Supplies
2020-11-06,371.84000000000003,793.48,199.156,369.28,False,Pet Supplies
2020-11-07,351.38,796.46,197.932,345.15999999999997,False,Pet Supplies
2020-11-08,330.92,799.4399999999999,196.708,321.03999999999996,False,Pet Supplies
2020-11-09,310.46000000000004,802.42,195.48399999999998,296.92,False,Pet Supplies
2020-11-10,290.0,805.4,194.26,272.8,False,Pet Supplies
2020-11-11,1279.2,787.9,196.51,298.5,False,Pet Supplies
2020-11-12,587.0,756.8,201.84,551.3,True,Pet Supplies
2020-11-13,533.3,767.8,195.68,544.2,True,Pet Supplies
2020-11-14,320.4,786.7,196.92,298.0,False,Pet Supplies
2020-11-15,313.15,780.25,198.175,292.6,False,Pet Supplies
2020-11-16,305.9,773.8,199.43,287.2,False,Pet Supplies
2020-11-17,296.2,774.7,203.18,285.9,False,Pet Supplies
2020-11-18,521.7,759.7,201.23,471.2,True,Pet Supplies
2020-11-19,363.7,761.6,192.91,367.5,False,Pet Supplies
2020-11-20,352.45,762.55,194.305,355.6,False,Pet Supplies
2020-11-21,341.2,763.5,195.7,343.7,False,Pet Supplies
2020-11-22,337.3,761.6,194.59666666666666,337.1333333333333,False,Pet Supplies
2020-11-23,333.4,759.6999999999999,193.4933333333333,330.56666666666666,False,Pet Supplies
2020-11-24,329.5,757.8,192.39,324.0,False,Pet Supplies
2020-11-25,330.95,761.45,196.93,331.35,False,Pet Supplies
2020-11-26,332.4,765.1,201.47,338.7,False,Pet Supplies
2020-11-27,367.3,758.5,196.66,359.8,False,Pet Supplies
2020-11-28,418.5,764.25,194.09,397.20000000000005,False,Pet Supplies
2020-11-29,469.7,770.0,191.52,434.6,True,Pet Supplies
2020-11-30,288.2,778.6,195.75,294.1,False,Pet Supplies
2020-12-01,309.25,771.7,198.43,297.65,False,Pet Supplies
2020-12-02,330.3,764.8,201.11,301.2,False,Pet Supplies
2020-12-03,304.75,790.95,203.885,281.75,False,Pet Supplies
2020-12-04,346.5,770.9,194.11,348.0,False,Pet Supplies
2020-12-05,359.7,768.8,198.73,364.0,False,Pet Supplies
2020-12-06,314.9,782.6,202.21,316.4,False,Pet Supplies
2020-12-07,283.3,797.4,197.25,276.6,False,Pet Supplies
2020-12-08,300.1,790.3,193.26,289.2,False,Pet Supplies
2020-12-09,329.4,784.0999999999999,195.64999999999998,331.29999999999995,False,Pet Supplies
2020-12-10,358.7,777.9,198.04,373.4,False,Pet Supplies
2020-12-11,404.2,783.75,198.075,391.9,False,Pet Supplies
2020-12-12,449.7,789.6,198.11,410.4,True,Pet Supplies
2020-12-13,343.0,791.8,195.91,315.0,False,Pet Supplies
2020-12-14,308.8,796.8,198.58,283.3,False,Pet Supplies
2020-12-15,318.70000000000005,795.55,196.38,297.5,False,Pet Supplies
2020-12-16,328.6,794.3,194.18,311.7,False,Pet Supplies
2020-12-17,355.8,793.3,193.07,348.1,False,Pet Supplies
2020-12-18,355.7,792.3,198.25,337.4,False,Pet Supplies
2020-12-19,351.3,795.6,196.83,343.6,False,Pet Supplies
2020-12-20,298.1,810.6,197.47,298.9,False,Pet Supplies
2020-12-21,266.9,827.4,200.23,266.9,False,Pet Supplies
2020-12-22,296.46666666666664,821.3666666666667,198.57999999999998,299.56666666666666,False,Pet Supplies
2020-12-23,326.03333333333336,815.3333333333333,196.93,332.2333333333333,False,Pet Supplies
2020-12-24,355.6,809.3,195.28,364.9,False,Pet Supplies
2020-12-25,360.5,814.55,199.655,372.85,False,Pet Supplies
2020-12-26,365.4,819.8,204.03,380.8,False,Pet Supplies
2020-12-27,323.3,834.0,198.13,314.2,False,Pet Supplies
2020-12-28,310.5,838.55,198.70499999999998,311.6,False,Pet Supplies
2020-12-29,297.7,843.1,199.28,309.0,False,Pet Supplies
2020-12-30,328.2,832.9,189.62,311.6,False,Pet Supplies
2020-12-31,373.1,825.0,195.0,346.8,False,Pet Supplies
2021-01-01,337.425,830.95,195.8875,319.425,False,Pet Supplies
2021-01-02,301.75,836.9,196.77499999999998,292.05,False,Pet Supplies
2021-01-03,263.6,813.0,198.7,254.9,False,Pet Supplies
2021-01-04,353.55,822.6,196.20999999999998,358.4,False,Pet Supplies
2021-01-05,443.5,832.2,193.72,461.9,True,Pet Supplies
2021-01-06,278.5,836.5,201.59,251.6,False,Pet Supplies
2021-01-07,349.2,818.4,198.66,343.7,False,Pet Supplies
2021-01-08,554.9,801.85,198.07,319.0,False,Pet Supplies
2021-01-09,446.6,726.95,196.07,331.825,False,Pet Supplies
2021-01-10,338.3,652.05,194.07,344.65,False,Pet Supplies
2021-01-11,272.8,838.3,199.6,255.1,False,Pet Supplies
2021-01-12,379.0,824.5,195.47,382.1,False,Pet Supplies
2021-01-13,303.0,829.9,197.57,313.8,False,Pet Supplies
2021-01-14,319.9,823.6999999999999,197.09,329.93333333333334,False,Pet Supplies
2021-01-15,336.8,817.5,196.60999999999999,346.06666666666666,False,Pet Supplies
2021-01-16,353.7,811.3,196.13,362.2,False,Pet Supplies
2021-01-17,307.35,824.7,196.615,300.15,False,Pet Supplies
2021-01-18,261.0,838.1,197.1,238.1,False,Pet Supplies
2021-01-19,261.1,833.9,193.84,263.4,False,Pet Supplies
2021-01-20,310.2,819.1,196.82,292.5,False,Pet Supplies
2021-01-21,355.4,806.2,193.32,370.4,False,Pet Supplies
2021-01-22,435.4,819.0,196.56,397.9,True,Pet Supplies
2021-01-23,290.3,827.1,203.04,275.4,False,Pet Supplies
2021-01-24,288.95000000000005,824.9000000000001,199.385,270.9,False,Pet Supplies
2021-01-25,287.6,822.7,195.73,266.4,False,Pet Supplies
2021-01-26,245.7,836.1,195.79,244.8,False,Pet Supplies
2021-01-27,1134.3,818.1,204.17,317.9,False,Pet Supplies
2021-01-28,303.6,809.7,196.64,300.8,False,Pet Supplies
2021-01-29,312.05,807.85,192.89,310.4,False,Pet Supplies
2021-01-30,320.5,806.0,189.14,320.0,False,Pet Supplies
2021-01-31,301.2,821.8,189.92,277.9,False,Pet Supplies
2021-02-01,290.1,827.4,192.01999999999998,270.79999999999995,False,Pet Supplies
2021-02-02,279.0,833.0,194.12,263.7,False,Pet Supplies
2021-02-03,301.35,813.45,193.555,291.54999999999995,False,Pet Supplies
2021-02-04,360.7,809.6,194.8,347.6,False,Pet Supplies
2021-02-05,324.0,813.9000000000001,199.63,308.1,False,Pet Supplies
2021-02-06,287.3,818.2,204.46,268.6,False,Pet Supplies
2021-02-07,284.45000000000005,819.8,202.635,264.05,False,Pet Supplies
2021-02-08,281.6,821.4,200.81,259.5,False,Pet Supplies
2021-02-09,258.4,827.1,194.25,236.6,False,Pet Supplies
2021-02-10,377.9,644.6,194.61,372.2,False,Pet Supplies
2021-02-11,319.5,812.6,192.87,328.9,False,Pet Supplies
2021-02-12,302.0,674.4000000000001,194.245,304.25,False,Pet Supplies
2021-02-13,284.5,536.2,195.62,279.6,False,Pet Supplies
2021-02-14,268.1,540.35,194.66500000000002,154.15,False,Pet Supplies
2021-02-15,251.7,544.5,193.71,28.7,False,Pet Supplies
2021-02-16,345.65,542.85,195.10000000000002,233.79999999999998,False,Pet Supplies
2021-02-17,439.6,541.2,196.49,438.9,True,Pet Supplies
2021-02-18,457.2,804.6,202.5,477.7,True,Pet Supplies
2021-02-19,326.7,806.8,197.29,309.3,False,Pet Supplies
2021-02-20,374.65,807.45,197.655,353.85,False,Pet Supplies
2021-02-21,422.6,808.1,198.02,398.4,True,Pet Supplies
2021-02-22,344.75,811.7,196.45,337.95,False,Pet Supplies
2021-02-23,266.9,815.3,194.88,277.5,False,Pet Supplies
2021-02-24,282.7,813.3,199.7,289.0,False,Pet Supplies
2021-02-25,314.9,803.9,198.65,308.8,False,Pet Supplies
2021-02-26,317.22499999999997,810.275,196.6875,306.3,False,Pet Supplies
2021-02-27,319.54999999999995,816.65,194.72500000000002,303.8,False,Pet Supplies
2021-02-28,321.875,823.025,192.76250000000002,301.3,False,Pet Supplies
2021-03-01,324.2,829.4,190.8,298.8,False,Pet Supplies
2021-03-02,317.1666666666667,826.2333333333333,193.08666666666667,302.1,False,Pet Supplies
2021-03-03,310.1333333333333,823.0666666666666,195.37333333333333,305.4,False,Pet Supplies
2021-03-04,303.1,819.9,197.66,308.7,False,Pet Supplies
2021-03-05,313.5,824.0,196.84,327.9,False,Pet Supplies
2021-03-06,310.5,811.0333333333333,196.60666666666665,317.8,False,Pet Supplies
2021-03-07,307.5,798.0666666666667,196.37333333333333,307.7,False,Pet Supplies
2021-03-08,304.5,785.1,196.14,297.6,False,Pet Supplies
2021-03-09,277.75,814.25,197.925,264.25,False,Pet Supplies
2021-03-10,251.0,843.4,199.71,230.9,False,Pet Supplies
2021-03-11,358.5,839.3,202.33,360.3,False,Pet Supplies
2021-03-12,327.6,822.5,194.08,303.2,False,Pet Supplies
2021-03-13,280.75,830.65,195.935,259.75,False,Pet Supplies
2021-03-14,233.9,838.8,197.79,216.3,False,Pet Supplies
2021-03-15,220.5,847.8,195.05,220.1,False,Pet Supplies
2021-03-16,248.4,839.8,191.28,257.2,False,Pet Supplies
2021-03-17,272.8,826.6,197.79,250.4,False,Pet Supplies
2021-03-18,396.2,832.4,197.41,367.4,True,Pet Supplies
2021-03-19,336.3,812.5,198.53,349.2,False,Pet Supplies
2021-03-20,279.8,840.4,194.69,265.9,False,Pet Supplies
2021-03-21,262.2,847.9,192.52,2737.0,False,Pet Supplies
2021-03-22,251.7,854.9,188.15,243.4,False,Pet Supplies
2021-03-23,284.3,861.4,195.74,264.0,True,Pet Supplies
2021-03-24,265.7,854.6,190.88,243.6,False,Pet Supplies
2021-03-25,287.4,845.7,197.58,287.2,False,Pet Supplies
2021-03-26,290.4,843.3,197.58,263.6,False,Pet Supplies
2021-03-27,306.8,849.1,193.12,303.5,False,Pet Supplies
2021-03-28,261.9,862.7,200.2,245.2,False,Pet Supplies
2021-03-29,336.4,867.9,194.1,326.1,True,Pet Supplies
2021-03-30,236.0,882.8,187.96,213.0,False,Pet Supplies
2021-03-31,272.25,871.25,191.97500000000002,247.3,False,Pet Supplies
2021-04-01,308.5,859.7,195.99,281.6,False,Pet Supplies
2021-04-02,307.5,855.1,192.31,279.0,False,Pet Supplies
2021-04-03,261.4,870.8,188.14,241.6,False,Pet Supplies
2021-04-04,260.0,862.2,194.73,242.6,False,Pet Supplies
2021-04-05,225.6,871.7,194.65,231.5,False,Pet Supplies
2021-04-06,220.4,877.6,200.74,2285.0,False,Pet Supplies
2021-04-07,302.6,818.0,201.16,310.6,False,Pet Supplies
2021-04-08,302.8,835.7,201.445,306.65,False,Pet Supplies
2021-04-09,303.0,853.4,201.73,302.7,False,Pet Supplies
2021-04-10,357.0,831.95,199.865,2302.35,False,Pet Supplies
2021-04-11,411.0,810.5,198.0,4302.0,False,Pet Supplies
2021-04-12,323.5,835.8,197.45,2270.5,False,Pet Supplies
2021-04-13,236.0,861.1,196.9,239.0,False,Pet Supplies
2021-04-14,278.7,844.2,194.3,273.0,False,Pet Supplies
2021-04-15,315.3,832.1,192.4,319.2,False,Pet Supplies
2021-04-16,309.6,834.8333333333334,193.44333333333333,308.0,False,Pet Supplies
2021-04-17,303.9,837.5666666666666,194.48666666666668,296.8,False,Pet Supplies
2021-04-18,298.2,840.3,195.53,285.6,False,Pet Supplies
2021-04-19,247.2,859.8,201.05,239.5,False,Pet Supplies
2021-04-20,256.95,854.9,200.60500000000002,244.4,False,Pet Supplies
2021-04-21,266.7,850.0,200.16,249.3,False,Pet Supplies
2021-04-22,303.7,834.0,191.85,298.7,False,Pet Supplies
2021-04-23,309.7,834.4,203.02,286.7,False,Pet Supplies
2021-04-24,253.1,847.6,200.69,248.5,False,Pet Supplies
2021-04-25,237.03333333333333,861.1333333333333,200.49666666666667,236.26666666666668,False,Pet Supplies
2021-04-26,220.96666666666667,874.6666666666667,200.30333333333334,224.03333333333333,False,Pet Supplies
2021-04-27,204.9,888.2,200.11,211.8,False,Pet Supplies
2021-04-28,285.7,864.1,199.82,261.8,False,Pet Supplies
2021-04-29,377.45,855.2,197.67000000000002,359.35,False,Pet Supplies
2021-04-30,469.2,846.3,195.52,456.9,True,Pet Supplies
2021-05-01,263.8,851.4,196.73,271.5,False,Pet Supplies
2021-05-02,260.43333333333334,855.0,196.14,262.1666666666667,False,Pet Supplies
2021-05-03,257.06666666666666,858.6,195.55,252.83333333333334,False,Pet Supplies
2021-05-04,253.7,862.2,194.96,243.5,False,Pet Supplies
2021-05-05,243.9,861.5,201.71,232.8,False,Pet Supplies
2021-05-06,275.95,853.55,199.945,265.25,False,Pet Supplies
2021-05-07,308.0,845.6,198.18,297.7,False,Pet Supplies
2021-05-08,278.3,855.8,199.18,286.7,False,Pet Supplies
2021-05-09,260.45,861.95,199.38,269.5,False,Pet Supplies
2021-05-10,242.6,868.1,199.58,252.3,False,Pet Supplies
2021-05-11,249.64999999999998,866.6500000000001,196.895,253.05,False,Pet Supplies
2021-05-12,256.7,865.2,194.21,253.8,False,Pet Supplies
2021-05-13,288.9,866.1,195.62,283.6,False,Pet Supplies
2021-05-14,298.0,865.8,201.12,293.3,False,Pet Supplies
2021-05-15,323.9,879.7,202.87,329.7,True,Pet Supplies
2021-05-16,299.8333333333333,878.8666666666667,203.15333333333334,305.26666666666665,False,Pet Supplies
2021-05-17,275.76666666666665,878.0333333333334,203.43666666666667,280.8333333333333,False,Pet Supplies
2021-05-18,251.7,877.2,203.72,256.4,False,Pet Supplies
2021-05-19,255.79999999999998,877.6500000000001,200.025,254.2,False,Pet Supplies
2021-05-20,259.9,878.1,196.33,252.0,False,Pet Supplies
2021-05-21,290.8,879.3,202.54,268.4,False,Pet Supplies
2021-05-22,262.1,890.8,196.08,240.0,False,Pet Supplies
2021-05-23,251.9,892.4,196.0,245.6,False,Pet Supplies
2021-05-24,245.7,887.4,199.02,235.7,False,Pet Supplies
2021-05-25,244.0,888.0,197.41,245.3,False,Pet Supplies
2021-05-26,278.2,880.5,193.26,275.5,False,Pet Supplies
2021-05-27,290.6,874.0,192.82,263.9,False,Pet Supplies
2021-05-28,305.6,862.0,194.28,296.15,False,Pet Supplies
2021-05-29,320.6,850.0,195.74,328.4,False,Pet Supplies
2021-05-30,260.2,861.1,203.23,240.0,False,Pet Supplies
2021-05-31,248.7,859.5,196.41,258.6,False,Pet Supplies
2021-06-01,229.2,866.7,190.87,225.3,False,Pet Supplies
2021-06-02,268.0,855.0,200.89,263.7,False,Pet Supplies
2021-06-03,267.25,840.95,195.89,273.05,False,Pet Supplies
2021-06-04,334.1,828.7,199.02,312.4,False,Pet Supplies
2021-06-05,304.0,682.25,197.315,281.0,False,Pet Supplies
2021-06-06,273.9,535.8,195.61,249.6,False,Pet Supplies
2021-06-07,258.4,675.8499999999999,195.70499999999998,159.45,False,Pet Supplies
2021-06-08,266.75,603.875,197.65249999999997,203.875,False,Pet Supplies
2021-06-09,275.1,531.9,199.6,248.3,False,Pet Supplies
2021-06-10,303.3,830.6,194.28,303.2,False,Pet Supplies
2021-06-11,353.8,810.6,202.39,343.3,False,Pet Supplies
2021-06-12,308.9,817.8,196.99,309.4,False,Pet Supplies
2021-06-13,267.2,828.7,197.41000000000003,256.6,False,Pet Supplies
2021-06-14,225.5,839.6,197.83,203.8,False,Pet Supplies
2021-06-15,262.0,830.0,195.51,263.2,False,Pet Supplies
2021-06-16,281.6,821.8,193.49,294.6,False,Pet Supplies
2021-06-17,306.8,816.2,199.0,309.4,False,Pet Supplies
2021-06-18,298.5,817.1,200.62,2955.0,False,Pet Supplies
2021-06-19,312.2,810.6,200.8,284.0,False,Pet Supplies
2021-06-20,297.5,810.9,191.94,273.1,False,Pet Supplies
2021-06-21,220.8,840.8,192.73,214.2,False,Pet Supplies
2021-06-22,281.8,833.4,197.58,288.0,False,Pet Supplies
2021-06-23,278.3,837.4,202.43,291.2,False,Pet Supplies
2021-06-24,288.55,831.8,198.88,297.9,False,Pet Supplies
2021-06-25,298.8,826.2,195.33,304.6,False,Pet Supplies
2021-06-26,321.4,816.9,198.1,301.9,False,Pet Supplies
2021-06-27,262.8,835.2,201.31,240.2,False,Pet Supplies
2021-06-28,241.6,837.7,194.58,240.8,False,Pet Supplies
2021-06-29,264.9,832.7,195.48000000000002,261.75,False,Pet Supplies
2021-06-30,288.2,827.7,196.38,282.7,False,Pet Supplies
2021-07-01,325.0,814.0,190.14,316.0,False,Pet Supplies
2021-07-02,301.6333333333333,833.9666666666667,191.63666666666666,291.1333333333333,False,Pet Supplies
2021-07-03,278.26666666666665,853.9333333333333,193.13333333333333,266.26666666666665,False,Pet Supplies
2021-07-04,254.9,873.9,194.63,241.4,False,Pet Supplies
2021-07-05,277.1333333333333,846.7333333333333,195.42666666666668,269.73333333333335,False,Pet Supplies
2021-07-06,299.3666666666667,819.5666666666666,196.22333333333333,298.06666666666666,False,Pet Supplies
2021-07-07,321.6,792.4,197.02,326.4,False,Pet Supplies
2021-07-08,324.9,790.65,193.505,327.35,False,Pet Supplies
2021-07-09,328.2,788.9,189.99,328.3,False,Pet Supplies
2021-07-10,328.54999999999995,784.25,193.595,324.65,False,Pet Supplies
2021-07-11,328.9,779.6,197.2,321.0,False,Pet Supplies
2021-07-12,265.0,803.5,203.12,261.4,False,Pet Supplies
2021-07-13,272.4,800.8,193.05,274.9,False,Pet Supplies
2021-07-14,327.2,783.1,191.34,294.6,False,Pet Supplies
2021-07-15,305.5,794.0,196.48,292.1,False,Pet Supplies
2021-07-16,345.3,776.5,192.69,336.0,False,Pet Supplies
2021-07-17,307.3,799.3,195.26,279.7,False,Pet Supplies
2021-07-18,302.26666666666665,800.1333333333333,196.66666666666666,274.4,False,Pet Supplies
2021-07-19,297.23333333333335,800.9666666666666,198.07333333333332,269.1,False,Pet Supplies
2021-07-20,292.2,801.8,199.48,263.8,False,Pet Supplies
2021-07-21,431.4,786.5,196.4,441.2,True,Pet Supplies
2021-07-22,406.66666666666663,780.8666666666667,195.00666666666666,412.1666666666667,False,Pet Supplies
2021-07-23,381.93333333333334,775.2333333333333,193.61333333333334,383.1333333333333,False,Pet Supplies
2021-07-24,357.2,769.6,192.22,354.1,False,Pet Supplies
2021-07-25,268.3,797.2,191.29,262.8,False,Pet Supplies
2021-07-26,268.35,796.2,193.995,265.5,False,Pet Supplies
2021-07-27,268.4,795.2,196.7,268.2,False,Pet Supplies
2021-07-28,295.9,782.6,194.25,269.7,False,Pet Supplies
2021-07-29,472.6,776.1,192.53,442.2,True,Pet Supplies
2021-07-30,457.1,765.9,201.03,460.6,True,Pet Supplies
2021-07-31,320.3,772.7,193.97,306.1,False,Pet Supplies
2021-08-01,309.05,778.9000000000001,195.965,299.35,False,Pet Supplies
2021-08-02,297.8,785.1,197.96,292.6,False,Pet Supplies
2021-08-03,312.5,783.5,198.5,308.5,False,Pet Supplies
2021-08-04,327.2,781.9,199.04,324.4,False,Pet Supplies
2021-08-05,374.5,768.9,190.77,362.6,False,Pet Supplies
2021-08-06,380.4,773.5,196.63,355.6,False,Pet Supplies
2021-08-07,327.4,789.1,198.08,300.0,False,Pet Supplies
2021-08-08,302.0,798.9,188.17,294.1,False,Pet Supplies
2021-08-09,299.8,801.0,199.65,295.0,False,Pet Supplies
2021-08-10,310.3,808.15,198.5525,311.975,False,Pet Supplies
2021-08-11,320.8,815.3,197.45499999999998,328.95000000000005,False,Pet Supplies
2021-08-12,491.8,791.7,194.78,449.4,True,Pet Supplies
2021-08-13,327.3,800.3,194.09,294.6,False,Pet Supplies
2021-08-14,342.0,793.3,200.63,310.4,False,Pet Supplies
2021-08-15,314.3,801.0,197.51,282.9,False,Pet Supplies
2021-08-16,315.8,802.7,197.5,319.1,False,Pet Supplies
2021-08-17,329.15,802.05,198.32,325.0,False,Pet Supplies
2021-08-18,342.5,801.4,199.14,330.9,False,Pet Supplies
2021-08-19,351.8333333333333,796.0666666666666,199.47666666666666,333.06666666666666,False,Pet Supplies
2021-08-20,361.1666666666667,790.7333333333333,199.81333333333333,335.2333333333333,False,Pet Supplies
2021-08-21,370.5,785.4,200.15,337.4,False,Pet Supplies
2021-08-22,330.9,797.3499999999999,199.325,304.54999999999995,False,Pet Supplies
2021-08-23,291.3,809.3,198.5,271.7,False,Pet Supplies
2021-08-24,310.775,802.8499999999999,198.18,298.225,False,Pet Supplies
2021-08-25,330.25,796.4,197.86,324.75,False,Pet Supplies
2021-08-26,349.725,789.95,197.54,351.275,False,Pet Supplies
2021-08-27,369.2,783.5,197.22,377.8,False,Pet Supplies
2021-08-28,348.1,791.55,197.54000000000002,341.4,False,Pet Supplies
2021-08-29,327.0,799.6,197.86,305.0,False,Pet Supplies
2021-08-30,321.55,795.0,201.34500000000003,298.15,False,Pet Supplies
2021-08-31,316.1,790.4,204.83,291.3,False,Pet Supplies
2021-09-01,328.5,781.3,192.57,328.9,False,Pet Supplies
2021-09-02,366.5,770.8,202.62,345.8,False,Pet Supplies
2021-09-03,351.15,775.8499999999999,196.67000000000002,345.6,False,Pet Supplies
2021-09-04,335.8,780.9,190.72,345.4,False,Pet Supplies
2021-09-05,302.5,794.8,202.61,281.0,False,Pet Supplies
2021-09-06,312.3,792.1,195.47,319.2,False,Pet Supplies
2021-09-07,322.6,792.3,194.9,332.2,False,Pet Supplies
2021-09-08,407.0,786.8,191.52,419.1,True,Pet Supplies
2021-09-09,390.9,798.5999999999999,189.7375,389.2,False,Pet Supplies
2021-09-10,374.8,810.4,187.95499999999998,359.29999999999995,False,Pet Supplies
2021-09-11,357.2,807.4666666666667,191.99666666666667,350.8666666666666,False,Pet Supplies
2021-09-12,339.6,804.5333333333333,196.03833333333333,342.43333333333334,False,Pet Supplies
2021-09-13,322.0,801.6,200.08,334.0,False,Pet Supplies
2021-09-14,331.9,800.5,196.96,301.3,False,Pet Supplies
2021-09-15,343.8,793.1,192.61,332.1,False,Pet Supplies
2021-09-16,458.54999999999995,785.95,193.45,3048.0499999999997,False,Pet Supplies
2021-09-17,573.3,778.8,194.29,5764.0,True,Pet Supplies
2021-09-18,372.4,782.7,197.37,378.9,False,Pet Supplies
2021-09-19,327.1,798.7,190.92,335.1,False,Pet Supplies
2021-09-20,314.6,802.2,199.61,295.7,False,Pet Supplies
2021-09-21,331.20000000000005,795.75,198.27,313.75,False,Pet Supplies
2021-09-22,347.8,789.3,196.93,331.8,False,Pet Supplies
2021-09-23,384.1,781.0999999999999,195.77,369.70000000000005,False,Pet Supplies
2021-09-24,420.4,772.9,194.61,407.6,False,Pet Supplies
2021-09-25,387.25,623.65,195.02,383.15,False,Pet Supplies
2021-09-26,354.1,474.4,195.43,358.7,False,Pet Supplies
2021-09-27,406.2,473.8,195.26,83.1,True,Pet Supplies
2021-09-28,369.8,474.7,198.2,360.0,False,Pet Supplies
2021-09-29,346.2,480.5,195.66,327.3,False,Pet Supplies
2021-09-30,412.7,784.8,200.21,400.1,False,Pet Supplies
2021-10-01,391.96666666666664,681.2666666666667,197.12666666666667,277.6,False,Pet Supplies
2021-10-02,371.23333333333335,577.7333333333333,194.04333333333335,155.10000000000002,False,Pet Supplies
2021-10-03,350.5,474.2,190.96,32.6,False,Pet Supplies
2021-10-04,390.85,670.4,195.195,381.20000000000005,False,Pet Supplies
2021-10-05,370.375,748.3499999999999,198.33249999999998,370.55,False,Pet Supplies
2021-10-06,349.9,826.3,201.47,359.9,False,Pet Supplies
2021-10-07,418.9,813.1,188.3,426.4,False,Pet Supplies
2021-10-08,430.6,821.0,188.9,429.8,False,Pet Supplies
2021-10-09,389.4,843.15,195.51,376.15,False,Pet Supplies
2021-10-10,348.2,865.3,202.12,322.5,False,Pet Supplies
2021-10-11,357.6,854.05,198.7275,349.375,False,Pet Supplies
2021-10-12,367.0,842.8,195.33499999999998,376.25,False,Pet Supplies
2021-10-13,349.6,863.6,192.4,320.5,False,Pet Supplies
2021-10-14,376.8,853.6,196.8,343.7,False,Pet Supplies
2021-10-15,395.1,843.9,191.9,389.2,False,Pet Supplies
2021-10-16,390.2,848.4,194.36,379.9,False,Pet Supplies
2021-10-17,333.5,850.2,192.56,339.8,False,Pet Supplies
2021-10-18,479.2,840.9,197.81,490.1,True,Pet Supplies
2021-10-19,329.4,840.4,201.21,314.7,False,Pet Supplies
2021-10-20,358.35,831.8,198.635,354.4,False,Pet Supplies
2021-10-21,387.3,823.2,196.06,394.1,False,Pet Supplies
2021-10-22,379.4,826.1,198.96,346.6,False,Pet Supplies
2021-10-23,383.18,823.9,199.108,1032.08,False,Pet Supplies
2021-10-24,386.96,821.7,199.256,1717.56,False,Pet Supplies
2021-10-25,390.74,819.5,199.404,2403.04,False,Pet Supplies
2021-10-26,394.52,817.3000000000001,199.552,3088.52,False,Pet Supplies
2021-10-27,398.3,815.1,199.7,3774.0,False,Pet Supplies
2021-10-28,409.0,813.8,194.01,428.1,False,Pet Supplies
2021-10-29,404.9,819.5,204.6,416.8,False,Pet Supplies
2021-10-30,361.6,826.6,197.39,365.4,False,Pet Supplies
2021-10-31,382.5,825.0,204.95,371.0,False,Pet Supplies
2021-11-01,332.6,840.1,198.04,330.2,False,Pet Supplies
2021-11-02,335.6,845.4,193.64,305.6,False,Pet Supplies
2021-11-03,368.1,829.9333333333333,193.53666666666666,346.23333333333335,False,Pet Supplies
2021-11-04,400.6,814.4666666666667,193.43333333333334,386.8666666666667,False,Pet Supplies
2021-11-05,433.1,799.0,193.33,427.5,False,Pet Supplies
2021-11-06,384.3,814.4,204.39,360.7,False,Pet Supplies
2021-11-07,449.1,829.2,198.19,413.4,True,Pet Supplies
2021-11-08,399.25,809.9000000000001,198.54,367.65,False,Pet Supplies
2021-11-09,349.4,790.6,198.89,321.9,False,Pet Supplies
2021-11-10,375.4,817.2,192.4,376.0,False,Pet Supplies
2021-11-11,370.9,823.2,197.68,378.8,False,Pet Supplies
2021-11-12,376.65,817.55,197.28,372.5,False,Pet Supplies
2021-11-13,382.4,811.9,196.88,366.2,False,Pet Supplies
2021-11-14,338.5,820.5,199.43,346.5,False,Pet Supplies
2021-11-15,331.8,822.2,195.41,332.2,False,Pet Supplies
2021-11-16,355.85,816.0,197.13,339.95,False,Pet Supplies
2021-11-17,379.9,809.8,198.85,347.7,False,Pet Supplies
2021-11-18,372.4,811.0,202.19,351.6,False,Pet Supplies
2021-11-19,389.6,802.3,197.26,406.4,False,Pet Supplies
2021-11-20,408.0,796.4,194.46,386.8,False,Pet Supplies
2021-11-21,364.6,820.8,196.05,345.5,False,Pet Supplies
2021-11-22,302.1,838.8,199.23,279.4,False,Pet Supplies
2021-11-23,330.15,830.0,196.39999999999998,321.7,False,Pet Supplies
2021-11-24,358.2,821.2,193.57,364.0,False,Pet Supplies
2021-11-25,379.9,812.9000000000001,195.785,389.15,False,Pet Supplies
2021-11-26,401.6,804.6,198.0,414.3,False,Pet Supplies
2021-11-27,382.2,818.4,193.25,363.5,False,Pet Supplies
2021-11-28,354.9,826.5333333333333,194.15,340.0,False,Pet Supplies
2021-11-29,327.6,834.6666666666666,195.04999999999998,316.5,False,Pet Supplies
2021-11-30,300.3,842.8,195.95,293.0,False,Pet Supplies
2021-12-01,318.9,827.6,201.23,302.3,False,Pet Supplies
2021-12-02,340.85,823.9,197.06,330.35,False,Pet Supplies
2021-12-03,560.2,817.7,200.12,565.8,True,Pet Supplies
2021-12-04,375.4,816.6,191.1,372.7,False,Pet Supplies
2021-12-05,353.3,823.6,199.53,336.1,False,Pet Supplies
2021-12-06,326.6,836.1,196.51,306.5,False,Pet Supplies
2021-12-07,329.7,837.2,202.14,318.3,False,Pet Supplies
2021-12-08,362.5,825.85,198.725,364.55,False,Pet Supplies
2021-12-09,395.3,814.5,195.31,410.8,False,Pet Supplies
2021-12-10,399.70000000000005,811.55,194.72,397.45000000000005,False,Pet Supplies
2021-12-11,404.1,808.6,194.13,384.1,False,Pet Supplies
2021-12-12,328.6,827.4,202.12,314.1,False,Pet Supplies
2021-12-13,347.8,830.5,197.53,361.0,False,Pet Supplies
2021-12-14,344.2,826.1,194.09,346.4,False,Pet Supplies
2021-12-15,345.4,816.2,195.54,359.8,False,Pet Supplies
2021-12-16,368.4,807.5,192.38,363.9,False,Pet Supplies
2021-12-17,381.2,801.1,197.67,378.6,False,Pet Supplies
2021-12-18,367.0,804.3333333333334,195.60333333333332,357.43333333333334,False,Pet Supplies
2021-12-19,352.8,807.5666666666666,193.53666666666666,336.2666666666667,False,Pet Supplies
2021-12-20,338.6,810.8,191.47,315.1,False,Pet Supplies
2021-12-21,342.03333333333336,809.5666666666666,193.34333333333333,318.6,False,Pet Supplies
2021-12-22,345.46666666666664,808.3333333333334,195.21666666666667,322.1,False,Pet Supplies
2021-12-23,348.9,807.1,197.09,325.6,False,Pet Supplies
2021-12-24,380.3,790.8,195.76,383.8,False,Pet Supplies
2021-12-25,339.0,804.6,201.55,309.7,False,Pet Supplies
2021-12-26,337.7,809.2,196.78,340.4,False,Pet Supplies
2021-12-27,338.8333333333333,811.9333333333334,194.49333333333334,345.5,False,Pet Supplies
2021-12-28,339.9666666666667,814.6666666666666,192.20666666666665,350.59999999999997,False,Pet Supplies
2021-12-29,341.1,817.4,189.92,355.7,False,Pet Supplies
2021-12-30,338.9,828.9,197.51,322.2,False,Pet Supplies
2021-12-31,382.2,816.4,196.52,397.8,False,Pet Supplies
2022-01-01,365.375,825.075,196.5225,370.375,False,Pet Supplies
2022-01-02,348.54999999999995,833.75,196.525,342.95000000000005,False,Pet Supplies
2022-01-03,331.72499999999997,842.425,196.5275,315.52500000000003,False,Pet Supplies
2022-01-04,314.9,851.1,196.53,288.1,False,Pet Supplies
2022-01-05,339.8,838.4,196.48,345.0,False,Pet Supplies
2022-01-06,356.175,820.625,197.575,350.975,False,Pet Supplies
2022-01-07,372.55,802.85,198.67000000000002,356.95,False,Pet Supplies
2022-01-08,353.6,836.2,195.68,357.5,False,Pet Supplies
2022-01-09,331.8,837.0,199.3,307.0,False,Pet Supplies
2022-01-10,339.375,835.4,197.8,320.7,False,Pet Supplies
2022-01-11,346.95000000000005,833.8,196.3,334.4,False,Pet Supplies
2022-01-12,354.52500000000003,832.2,194.8,348.1,False,Pet Supplies
2022-01-13,362.1,830.6,193.3,361.8,False,Pet Supplies
2022-01-14,343.15,839.6,193.43,338.3,False,Pet Supplies
2022-01-15,324.2,848.6,193.56,314.8,False,Pet Supplies
2022-01-16,344.8,832.6,194.91,353.8,False,Pet Supplies
2022-01-17,310.7,842.5,203.11,294.1,False,Pet Supplies
2022-01-18,342.7,830.3,196.97,337.9,False,Pet Supplies
2022-01-19,415.5,828.05,198.82,409.0,False,Pet Supplies
2022-01-20,488.3,825.8,200.67,480.1,True,Pet Supplies
2022-01-21,419.20000000000005,827.0,200.46499999999997,421.75,False,Pet Supplies
2022-01-22,350.1,828.2,200.26,363.4,False,Pet Supplies
2022-01-23,321.8,845.5,199.66,302.9,False,Pet Supplies
2022-01-24,295.9,848.9,195.64,2968.0,False,Pet Supplies
2022-01-25,303.5,847.4,195.9,311.9,False,Pet Supplies
2022-01-26,314.5,842.65,195.7,325.7,False,Pet Supplies
2022-01-27,325.5,837.9,195.5,339.5,False,Pet Supplies
2022-01-28,382.0,816.3,197.65,352.9,False,Pet Supplies
2022-01-29,321.3,833.0,196.57,325.1,False,Pet Supplies
2022-01-30,286.5,841.9,196.65,275.8,False,Pet Supplies
2022-01-31,302.2,836.8,194.45,290.3,False,Pet Supplies
2022-02-01,308.3,835.4,198.81,302.4,False,Pet Supplies
2022-02-02,315.3,839.5,193.38,290.7,False,Pet Supplies
2022-02-03,317.4,832.975,195.7175,299.15,False,Pet Supplies
2022-02-04,319.5,826.45,198.055,307.6,False,Pet Supplies
2022-02-05,321.6,819.925,200.39249999999998,316.05,False,Pet Supplies
2022-02-06,323.7,813.4,202.73,324.5,False,Pet Supplies
2022-02-07,309.54999999999995,829.5,203.005,302.8,False,Pet Supplies
2022-02-08,295.4,845.6,203.28,281.1,False,Pet Supplies
2022-02-09,468.8,723.9,194.31,474.5,True,Pet Supplies
2022-02-10,428.95,752.0,194.7025,436.05,False,Pet Supplies
2022-02-11,389.1,780.0999999999999,195.095,397.6,False,Pet Supplies
2022-02-12,349.25,808.1999999999999,195.4875,359.15,False,Pet Supplies
2022-02-13,309.4,836.3,195.88,320.7,False,Pet Supplies
2022-02-14,281.1,845.9,196.99,280.8,False,Pet Supplies
2022-02-15,425.9,854.3,193.95,443.4,True,Pet Supplies
2022-02-16,317.0,834.7,199.18,311.8,False,Pet Supplies
2022-02-17,559.5,820.3,198.21,539.6,True,Pet Supplies
2022-02-18,433.6,828.45,198.445,417.95000000000005,False,Pet Supplies
2022-02-19,307.7,836.6,198.68,296.3,False,Pet Supplies
2022-02-20,302.4,835.2,195.88,281.4,False,Pet Supplies
2022-02-21,285.1,841.8,201.48,266.8,False,Pet Supplies
2022-02-22,285.1,840.0,189.22,267.9,False,Pet Supplies
2022-02-23,298.9,837.3,201.17,299.5,False,Pet Supplies
2022-02-24,326.5,820.55,196.51,334.1,False,Pet Supplies
2022-02-25,354.1,803.8,191.85,368.7,False,Pet Supplies
2022-02-26,344.4,813.2,190.87,317.3,False,Pet Supplies
2022-02-27,310.4,829.9,194.63,296.3,False,Pet Supplies
2022-02-28,265.0,843.3,194.11,239.7,False,Pet Supplies
2022-03-01,288.25,830.95,193.66000000000003,265.4,False,Pet Supplies
2022-03-02,311.5,818.6,193.21,291.1,False,Pet Supplies
2022-03-03,415.3,810.5,197.5,390.0,True,Pet Supplies
2022-03-04,331.3,806.5,196.78,344.4,False,Pet Supplies
2022-03-05,311.6,812.0,191.65,292.3,False,Pet Supplies
2022-03-06,286.2,817.1,194.81,277.1,False,Pet Supplies
2022-03-07,266.7,827.6,195.82,275.1,False,Pet Supplies
2022-03-08,277.4,817.05,194.865,284.6,False,Pet Supplies
2022-03-09,288.1,806.5,193.91,294.1,False,Pet Supplies
2022-03-10,331.025,780.35,197.09249999999997,331.175,False,Pet Supplies
2022-03-11,373.95,754.2,200.27499999999998,368.25,False,Pet Supplies
2022-03-12,328.025,786.1,196.8025,331.175,False,Pet Supplies
2022-03-13,282.1,818.0,193.33,294.1,False,Pet Supplies
2022-03-14,275.85,816.7,191.945,272.95000000000005,False,Pet Supplies
2022-03-15,269.6,815.4,190.56,251.8,False,Pet Supplies
2022-03-16,316.9,805.1,195.55,289.8,False,Pet Supplies
2022-03-17,314.0,808.95,195.685,292.35,False,Pet Supplies
2022-03-18,311.1,812.8,195.82,294.9,False,Pet Supplies
2022-03-19,301.7,818.8,196.69,313.1,False,Pet Supplies
2022-03-20,288.2,824.7,189.46,287.3,False,Pet Supplies
2022-03-21,276.4,825.4,193.56,266.2,False,Pet Supplies
2022-03-22,276.5,830.0,199.4,288.9,False,Pet Supplies
2022-03-23,313.1,821.5,197.62,305.4,False,Pet Supplies
2022-03-24,322.0,820.6,196.085,309.04999999999995,False,Pet Supplies
2022-03-25,330.9,819.7,194.55,312.7,False,Pet Supplies
2022-03-26,337.0,819.6,196.12,345.3,False,Pet Supplies
2022-03-27,275.7,840.3,197.99,266.2,False,Pet Supplies
2022-03-28,367.4,853.7,189.25,347.7,True,Pet Supplies
2022-03-29,269.2,838.1,195.66,264.8,False,Pet Supplies
2022-03-30,333.0,829.3,197.21,311.3,False,Pet Supplies
2022-03-31,334.95,830.0999999999999,199.525,308.35,False,Pet Supplies
2022-04-01,336.9,830.9,201.84,305.4,False,Pet Supplies
2022-04-02,287.4,848.05,200.06,262.6,False,Pet Supplies
2022-04-03,237.9,865.2,198.28,219.8,False,Pet Supplies
2022-04-04,231.3,864.8,199.9,242.3,False,Pet Supplies
2022-04-05,259.8,853.8,199.76,247.3,False,Pet Supplies
2022-04-06,308.6,836.3,198.09,285.3,False,Pet Supplies
2022-04-07,319.1,834.6,195.9,326.0,False,Pet Supplies
2022-04-08,367.15,842.6,194.54500000000002,351.15,False,Pet Supplies
2022-04-09,415.2,850.6,193.19,376.3,True,Pet Supplies
2022-04-10,266.5,855.5,197.0,255.7,False,Pet Supplies
2022-04-11,256.75,859.65,197.195,250.55,False,Pet Supplies
2022-04-12,247.0,863.8,197.39,245.4,False,Pet Supplies
2022-04-13,286.9,848.3,191.55,280.5,False,Pet Supplies
2022-04-14,334.3,840.5,198.32,327.6,False,Pet Supplies
2022-04-15,336.3,837.0,195.31,319.6,False,Pet Supplies
2022-04-16,307.2,848.3,197.21,318.3,False,Pet Supplies
2022-04-17,257.9,859.9,204.4,255.1,False,Pet Supplies
2022-04-18,247.6,657.8,193.98,239.1,False,Pet Supplies
2022-04-19,375.5,656.2,191.29,350.0,True,Pet Supplies
2022-04-20,275.1,656.5,194.36,45.7,False,Pet Supplies
2022-04-21,306.7,645.7,195.93,277.6,False,Pet Supplies
2022-04-22,329.7,640.2,199.33,317.4,False,Pet Supplies
2022-04-23,299.8,855.1,192.09,294.5,False,Pet Supplies
2022-04-24,272.1,856.5,199.28,281.2,False,Pet Supplies
2022-04-25,272.6,857.3,204.42,283.1,False,Pet Supplies
2022-04-26,258.0,857.6,194.46,259.0,False,Pet Supplies
2022-04-27,278.93333333333334,844.9666666666667,193.77,278.3,False,Pet Supplies
2022-04-28,299.8666666666667,832.3333333333334,193.07999999999998,297.59999999999997,False,Pet Supplies
2022-04-29,320.8,819.7,192.39,316.9,False,Pet Supplies
2022-04-30,300.8,821.2,191.96,289.9,False,Pet Supplies
2022-05-01,309.2,821.4,193.21,320.1,False,Pet Supplies
2022-05-02,297.95,833.3499999999999,194.19,292.55,False,Pet Supplies
2022-05-03,308.575,826.2249999999999,194.685,310.07500000000005,False,Pet Supplies
2022-05-04,319.2,819.1,195.18,327.6,False,Pet Supplies
2022-05-05,334.5,460.3,200.7,339.7,False,Pet Supplies
2022-05-06,316.6,466.0,196.71,315.6,False,Pet Supplies
2022-05-07,295.6,470.2,197.9,57.4,False,Pet Supplies
2022-05-08,276.95000000000005,474.0,196.59,162.2,False,Pet Supplies
2022-05-09,258.3,477.8,195.28,267.0,False,Pet Supplies
2022-05-10,287.15,642.1,194.54000000000002,297.25,False,Pet Supplies
2022-05-11,316.0,806.4,193.8,327.5,False,Pet Supplies
2022-05-12,304.7,805.6,202.48,275.0,False,Pet Supplies
2022-05-13,324.6,801.0,195.93,296.1,False,Pet Supplies
2022-05-14,304.6,628.7,191.38,279.3,False,Pet Supplies
2022-05-15,272.9,636.6500000000001,191.88,149.45000000000002,False,Pet Supplies
2022-05-16,241.2,644.6,192.38,19.6,False,Pet Supplies
2022-05-17,247.6,646.1,199.55,234.6,False,Pet Supplies
2022-05-18,307.1,630.1,196.22,309.4,False,Pet Supplies
2022-05-19,317.2,800.0,191.78,291.8,False,Pet Supplies
2022-05-20,323.2,809.2,197.38,292.8,False,Pet Supplies
2022-05-21,298.7,821.1,200.88,269.5,False,Pet Supplies
2022-05-22,299.5,819.0,197.2,271.8,False,Pet Supplies
2022-05-23,299.025,820.225,196.4125,278.825,False,Pet Supplies
2022-05-24,298.55,821.45,195.625,285.85,False,Pet Supplies
2022-05-25,298.07500000000005,822.675,194.8375,292.875,False,Pet Supplies
2022-05-26,297.6,823.9,194.05,299.9,False,Pet Supplies
2022-05-27,300.35,817.45,193.87,289.0,False,Pet Supplies
2022-05-28,303.1,811.0,193.69,278.1,False,Pet Supplies
2022-05-29,287.3,823.5,196.52,288.7,False,Pet Supplies
2022-05-30,287.3,820.45,197.14,281.1,False,Pet Supplies
2022-05-31,287.3,817.4,197.76,273.5,False,Pet Supplies
2022-06-01,387.2,815.1,198.42,369.6,True,Pet Supplies
2022-06-02,304.4,844.5,192.94,274.5,False,Pet Supplies
2022-06-03,305.1,834.15,194.5,275.3,False,Pet Supplies
2022-06-04,305.8,823.8,196.06,276.1,False,Pet Supplies
2022-06-05,377.05,829.2,197.14499999999998,365.8,False,Pet Supplies
2022-06-06,448.3,834.6,198.23,455.5,True,Pet Supplies
2022-06-07,412.20000000000005,831.4000000000001,198.76999999999998,418.05,False,Pet Supplies
2022-06-08,376.1,828.2,199.31,380.6,True,Pet Supplies
2022-06-09,366.4,822.05,195.625,368.55,False,Pet Supplies
2022-06-10,356.7,815.9,191.94,356.5,False,Pet Supplies
2022-06-11,313.2,831.0,192.49,303.8,False,Pet Supplies
2022-06-12,292.2,840.1,193.69,273.9,False,Pet Supplies
2022-06-13,296.95,833.45,197.575,276.79999999999995,False,Pet Supplies
2022-06-14,301.7,826.8,201.46,279.7,False,Pet Supplies
2022-06-15,286.1,828.7,198.76,269.2,False,Pet Supplies
2022-06-16,326.6,814.6500000000001,200.135,306.2,False,Pet Supplies
2022-06-17,367.1,800.6,201.51,343.2,False,Pet Supplies
2022-06-18,328.7,807.2,201.69,337.3,False,Pet Supplies
2022-06-19,410.6,821.3,203.95,393.2,True,Pet Supplies
2022-06-20,269.1,827.0,201.32,251.8,False,Pet Supplies
2022-06-21,429.6,805.1,202.35,395.8,True,Pet Supplies
2022-06-22,330.6,795.5,203.46,328.9,False,Pet Supplies
2022-06-23,340.3,794.9,195.04,316.8,False,Pet Supplies
2022-06-24,375.7,783.8,198.47,393.0,False,Pet Supplies
2022-06-25,324.5,789.7,194.12,313.8,False,Pet Supplies
2022-06-26,313.95,788.75,194.88,308.5,False,Pet Supplies
2022-06-27,303.4,787.8,195.64,303.2,False,Pet Supplies
2022-06-28,265.1,795.9,192.12,251.5,False,Pet Supplies
2022-06-29,296.7,791.9,204.57,278.8,False,Pet Supplies
2022-06-30,357.4,778.9,191.52,335.7,False,Pet Supplies
2022-07-01,355.6,784.4,195.085,338.45,False,Pet Supplies
2022-07-02,353.8,789.9,198.65,341.2,False,Pet Supplies
2022-07-03,341.0,791.5999999999999,197.195,340.35,False,Pet Supplies
2022-07-04,328.2,793.3,195.74,339.5,False,Pet Supplies
2022-07-05,412.1,801.5,193.0,376.3,True,Pet Supplies
2022-07-06,504.6,790.5,205.07,476.1,True,Pet Supplies
2022-07-07,559.8,789.1,197.37,507.9,True,Pet Supplies
2022-07-08,364.3,787.6,201.4,371.0,False,Pet Supplies
2022-07-09,373.1,739.0,197.22,373.0,False,Pet Supplies
2022-07-10,395.1,803.2,202.8,389.4,True,Pet Supplies
2022-07-11,272.5,806.2,191.23,258.8,False,Pet Supplies
2022-07-12,320.5,785.8,197.2,330.4,False,Pet Supplies
2022-07-13,316.2,789.2,197.72,285.2,False,Pet Supplies
2022-07-14,348.0,770.7,192.86,347.6,False,Pet Supplies
2022-07-15,368.8,750.7,196.96,343.3,False,Pet Supplies
2022-07-16,375.1,742.1,198.2,373.6,False,Pet Supplies
2022-07-17,336.5,759.05,195.475,339.05,False,Pet Supplies
2022-07-18,297.9,776.0,192.75,304.5,False,Pet Supplies
2022-07-19,334.25,587.8,192.925,326.65,False,Pet Supplies
2022-07-20,370.6,399.6,193.1,348.8,False,Pet Supplies
2022-07-21,367.6,396.0,197.13,373.4,False,Pet Supplies
2022-07-22,537.1,395.7,203.2,26.9,True,Pet Supplies
2022-07-23,420.3,402.9,202.315,154.85,False,Pet Supplies
2022-07-24,303.5,410.1,201.43,282.8,False,Pet Supplies
2022-07-25,327.675,435.85,199.5275,220.025,False,Pet Supplies
2022-07-26,351.85,461.6,197.625,157.25,False,Pet Supplies
2022-07-27,376.025,487.35,195.7225,94.475,False,Pet Supplies
2022-07-28,400.2,513.1,193.82,31.7,False,Pet Supplies
2022-07-29,392.6,515.5,196.27,376.4,False,Pet Supplies
2022-07-30,345.6,525.7,191.54,316.8,False,Pet Supplies
2022-07-31,411.25,645.5,193.42000000000002,375.8,False,Pet Supplies
2022-08-01,476.9,765.3,195.3,434.8,True,Pet Supplies
2022-08-02,418.79999999999995,757.3,197.72,386.75,False,Pet Supplies
2022-08-03,360.7,749.3,200.14,338.7,False,Pet Supplies
2022-08-04,359.0,749.3,192.65,369.7,False,Pet Supplies
2022-08-05,362.2,744.6,197.56,329.2,False,Pet Supplies
2022-08-06,356.45,747.1500000000001,194.45,344.45,False,Pet Supplies
2022-08-07,350.7,749.7,191.34,359.7,False,Pet Supplies
2022-08-08,514.1,748.4,200.03,496.9,True,Pet Supplies
2022-08-09,302.1,758.5,187.67,272.4,False,Pet Supplies
2022-08-10,359.8,741.0,202.38,358.6,False,Pet Supplies
2022-08-11,369.5,735.9,197.96,364.0,False,Pet Supplies
2022-08-12,380.7,735.1,198.11,395.2,False,Pet Supplies
2022-08-13,373.7,736.7,199.0,383.4,False,Pet Supplies
2022-08-14,366.7,738.3,199.89,371.6,False,Pet Supplies
2022-08-15,328.2,758.4,200.78,315.0,False,Pet Supplies
2022-08-16,350.25,754.55,196.925,329.65,False,Pet Supplies
2022-08-17,372.3,750.7,193.07,344.3,False,Pet Supplies
2022-08-18,383.4,748.4,197.76,352.1,False,Pet Supplies
2022-08-19,376.1,752.4,196.515,359.15,False,Pet Supplies
2022-08-20,368.8,756.4,195.27,366.2,False,Pet Supplies
2022-08-21,342.2,763.5,195.9,321.7,False,Pet Supplies
2022-08-22,487.3,749.9,195.47,446.2,True,Pet Supplies
2022-08-23,316.6,764.0,202.64,316.9,False,Pet Supplies
2022-08-24,383.4,739.0,192.96,358.5,False,Pet Supplies
2022-08-25,395.6,733.2,194.82,394.1,False,Pet Supplies
2022-08-26,416.3,726.2,206.36,379.1,False,Pet Supplies
2022-08-27,531.8,734.6,200.41,549.9,True,Pet Supplies
2022-08-28,445.75,740.1,197.785,455.65,False,Pet Supplies
2022-08-29,359.7,745.6,195.16,361.4,False,Pet Supplies
2022-08-30,343.6,749.6,196.66,337.4,False,Pet Supplies
2022-08-31,339.6666666666667,775.7666666666667,199.08666666666667,331.8333333333333,False,Pet Supplies
2022-09-01,335.73333333333335,801.9333333333334,201.51333333333332,326.26666666666665,False,Pet Supplies
2022-09-02,331.8,828.1,203.94,320.7,False,Pet Supplies
2022-09-03,351.9,778.45,200.41,340.29999999999995,False,Pet Supplies
2022-09-04,372.0,728.8,196.88,359.9,False,Pet Supplies
2022-09-05,327.6,746.6,196.44,303.2,False,Pet Supplies
2022-09-06,320.85,777.25,197.61,314.25,False,Pet Supplies
2022-09-07,314.1,807.9,198.78,325.3,False,Pet Supplies
2022-09-08,403.7,728.2,196.51,369.6,False,Pet Supplies
2022-09-09,390.9,728.75,198.6,360.4,False,Pet Supplies
2022-09-10,378.1,729.3,200.69,351.2,False,Pet Supplies
2022-09-11,363.55,731.65,198.41,346.04999999999995,False,Pet Supplies
2022-09-12,349.0,734.0,196.13,340.9,False,Pet Supplies
2022-09-13,339.1,734.7,193.36,308.7,False,Pet Supplies
2022-09-14,352.4,736.7,199.81,344.5,False,Pet Supplies
2022-09-15,409.5,721.7,193.72,375.9,False,Pet Supplies
2022-09-16,1520.3,727.8,192.93,418.7,False,Pet Supplies
2022-09-17,394.2,737.8,197.64,357.8,False,Pet Supplies
2022-09-18,434.6,735.8499999999999,199.005,427.20000000000005,False,Pet Supplies
2022-09-19,475.0,733.9,200.37,496.6,True,Pet Supplies
2022-09-20,362.0,737.2,201.16,327.0,False,Pet Supplies
2022-09-21,388.2,729.0,200.17000000000002,353.7,False,Pet Supplies
2022-09-22,414.4,720.8,199.18,380.4,False,Pet Supplies
2022-09-23,436.2,721.6,197.83,441.8,False,Pet Supplies
2022-09-24,391.3,736.9,202.76,367.4,False,Pet Supplies
2022-09-25,389.9,737.5,194.32,402.0,False,Pet Supplies
2022-09-26,332.2,755.4,188.98,337.9,False,Pet Supplies
2022-09-27,329.3,753.9,188.6,314.4,False,Pet Supplies
2022-09-28,396.8,735.3,198.33,375.8,False,Pet Supplies
2022-09-29,416.3,725.0,207.16,412.9,False,Pet Supplies
2022-09-30,425.2,715.9,195.92,388.6,False,Pet Supplies
2022-10-01,378.5,777.5,200.385,358.45,False,Pet Supplies
2022-10-02,376.8,759.95,198.9375,351.625,False,Pet Supplies
2022-10-03,375.1,742.4,197.49,344.8,False,Pet Supplies
2022-10-04,448.65000000000003,731.5999999999999,196.865,432.54999999999995,False,Pet Supplies
2022-10-05,522.2,720.8,196.24,520.3,True,Pet Supplies
2022-10-06,418.1,718.7,202.57,380.1,False,Pet Supplies
2022-10-07,412.15,719.55,200.065,374.35,False,Pet Supplies
2022-10-08,406.2,720.4,197.56,368.6,False,Pet Supplies
2022-10-09,374.3,737.1,196.82,346.4,False,Pet Supplies
2022-10-10,344.9,746.8,196.3,348.8,False,Pet Supplies
2022-10-11,370.875,740.3249999999999,193.985,371.275,False,Pet Supplies
2022-10-12,396.85,733.8499999999999,191.67000000000002,393.75,False,Pet Supplies
2022-10-13,422.825,727.375,189.355,416.225,False,Pet Supplies
2022-10-14,448.8,720.9,187.04,438.7,False,Pet Supplies
2022-10-15,508.6,735.5,194.18,484.0,True,Pet Supplies
2022-10-16,398.2,741.3,198.89,417.2,False,Pet Supplies
2022-10-17,390.79999999999995,735.15,197.435,397.75,False,Pet Supplies
2022-10-18,383.4,729.0,195.98,378.3,False,Pet Supplies
2022-10-19,377.5,731.6,198.54,351.0,False,Pet Supplies
2022-10-20,430.1,706.1,194.82,401.5,False,Pet Supplies
2022-10-21,450.3,708.5,205.08,442.8,False,Pet Supplies
2022-10-22,425.3,715.9,200.22500000000002,410.1,False,Pet Supplies
2022-10-23,400.3,723.3,195.37,377.4,False,Pet Supplies
2022-10-24,469.4,740.0,196.85,436.6,True,Pet Supplies
2022-10-25,351.9,737.9,201.91,323.2,False,Pet Supplies
2022-10-26,398.8,720.9,197.35,366.2,False,Pet Supplies
2022-10-27,432.6,700.5,194.83,422.6,False,Pet Supplies
2022-10-28,440.6,701.7,201.69,432.4,False,Pet Supplies
2022-10-29,405.1,703.8,195.62,400.2,False,Pet Supplies
2022-10-30,405.56666666666666,731.4666666666666,195.79666666666668,394.4,False,Pet Supplies
2022-10-31,406.03333333333336,759.1333333333333,195.97333333333333,388.6,False,Pet Supplies
2022-11-01,406.5,786.8,196.15,382.8,False,Pet Supplies
2022-11-02,409.9,716.1,192.21,409.5,False,Pet Supplies
2022-11-03,1581.4,706.6,195.54000000000002,539.7,False,Pet Supplies
2022-11-04,2752.9,697.1,198.87,669.9,True,Pet Supplies
2022-11-05,422.5,704.6,200.4,432.4,False,Pet Supplies
2022-11-06,381.7,716.4,201.54,385.4,False,Pet Supplies
2022-11-07,363.6,725.3499999999999,199.64499999999998,355.04999999999995,False,Pet Supplies
2022-11-08,345.5,734.3,197.75,324.7,False,Pet Supplies
2022-11-09,394.5,716.8,192.24,404.5,False,Pet Supplies
2022-11-10,428.8,699.5,203.84,408.9,False,Pet Supplies
2022-11-11,426.6,694.25,196.93,421.25,False,Pet Supplies
2022-11-12,424.4,689.0,190.02,433.6,False,Pet Supplies
2022-11-13,396.6,698.1,196.55,407.0,False,Pet Supplies
2022-11-14,368.8,707.2,203.08,380.4,False,Pet Supplies
2022-11-15,386.26666666666665,701.9666666666667,200.68,381.0,False,Pet Supplies
2022-11-16,403.73333333333335,696.7333333333333,198.28,381.59999999999997,False,Pet Supplies
2022-11-17,421.2,691.5,195.88,382.2,False,Pet Supplies
2022-11-18,429.29999999999995,688.5,195.135,411.85,False,Pet Supplies
2022-11-19,437.4,685.5,194.39,441.5,False,Pet Supplies
2022-11-20,391.9,701.0,196.38,385.5,False,Pet Supplies
2022-11-21,334.5,723.0,195.4,331.5,False,Pet Supplies
2022-11-22,393.7,692.8,199.45,383.9,False,Pet Supplies
2022-11-23,406.6,695.4,202.85,420.6,False,Pet Supplies
2022-11-24,419.3,689.6,195.51,403.0,False,Pet Supplies
2022-11-25,408.25,686.25,196.855,405.6,False,Pet Supplies
2022-11-26,397.2,682.9,198.2,408.2,False,Pet Supplies
2022-11-27,383.1333333333333,686.8333333333334,198.14333333333332,395.96666666666664,False,Pet Supplies
2022-11-28,369.06666666666666,690.7666666666667,198.08666666666667,383.73333333333335,False,Pet Supplies
2022-11-29,355.0,694.7,198.03,371.5,False,Pet Supplies
2022-11-30,404.5,678.2,194.12,410.9,False,Pet Supplies
2022-12-01,335.2,840.4,197.57,320.6,False,Pet Supplies
2022-12-02,457.6,667.4,196.46,463.5,False,Pet Supplies
2022-12-03,368.6,741.5999999999999,201.04000000000002,369.55,False,Pet Supplies
2022-12-04,347.1,698.6,194.41,325.5,False,Pet Supplies
2022-12-05,380.1,683.7,200.04,391.9,False,Pet Supplies
2022-12-06,351.8,693.0,197.09,343.8,False,Pet Supplies
2022-12-07,389.8,685.3,202.93,404.3,False,Pet Supplies
2022-12-08,395.70000000000005,684.25,198.29500000000002,398.6,False,Pet Supplies
2022-12-09,401.6,683.2,193.66,392.9,False,Pet Supplies
2022-12-10,386.33333333333337,687.6,195.3,370.59999999999997,False,Pet Supplies
2022-12-11,371.06666666666666,692.0,196.94,348.3,False,Pet Supplies
2022-12-12,355.8,696.4,198.58,326.0,False,Pet Supplies
2022-12-13,343.1,699.4,196.66,311.5,False,Pet Supplies
2022-12-14,370.2,687.2,199.26,364.5,False,Pet Supplies
2022-12-15,414.7,679.8,199.25,428.2,False,Pet Supplies
2022-12-16,422.0,674.3,201.85500000000002,407.7,False,Pet Supplies
2022-12-17,429.3,668.8,204.46,387.2,False,Pet Supplies
2022-12-18,377.4,684.3,199.58,355.4,False,Pet Supplies
2022-12-19,355.9,689.6,198.03,372.4,False,Pet Supplies
2022-12-20,359.8,692.8,198.85,350.7,False,Pet Supplies
2022-12-21,363.5,689.8,195.35,367.4,False,Pet Supplies
2022-12-22,391.65,678.5,195.325,392.9,False,Pet Supplies
2022-12-23,419.8,667.2,195.3,418.4,False,Pet Supplies
2022-12-24,400.75,676.2,198.28500000000003,386.25,False,Pet Supplies
2022-12-25,381.7,685.2,201.27,354.1,False,Pet Supplies
2022-12-26,389.65,679.375,199.72,358.82500000000005,False,Pet Supplies
2022-12-27,397.6,673.55,198.17000000000002,363.55,False,Pet Supplies
2022-12-28,405.55,667.725,196.62,368.275,False,Pet Supplies
2022-12-29,413.5,661.9,195.07,373.0,False,Pet Supplies
2022-12-30,415.25,657.2,198.975,388.85,False,Pet Supplies
2022-12-31,417.0,652.5,202.88,404.7,False,Pet Supplies
2023-01-01,389.1666666666667,659.2,201.40333333333334,381.56666666666666,False,Pet Supplies
2023-01-02,361.3333333333333,665.9,199.92666666666665,358.43333333333334,False,Pet Supplies
2023-01-03,333.5,672.6,198.45,335.3,False,Pet Supplies
2023-01-04,598.4,659.1,199.77,598.6,True,Pet Supplies
2020-01-03,694.8,1429.0,127.04,638.1,True,Sporting Goods
2020-01-04,509.0,1383.6,122.9,522.1,False,Sporting Goods
2020-01-05,523.9,1310.55,125.135,396.55,False,Sporting Goods
2020-01-06,538.8,1237.5,127.37,271.0,False,Sporting Goods
2020-01-07,486.0,1230.75,128.265,501.79999999999995,False,Sporting Goods
2020-01-08,431.4,1107.4,131.67,400.3,False,Sporting Goods
2020-01-09,518.7,1441.0,130.23,540.8,False,Sporting Goods
2020-01-10,527.3,1439.2,129.7,548.7,False,Sporting Goods
2020-01-11,504.9,1445.9,128.54,495.3,False,Sporting Goods
2020-01-12,486.85,1442.5500000000002,129.845,472.20000000000005,False,Sporting Goods
2020-01-13,468.8,1439.2,131.15,449.1,False,Sporting Goods
2020-01-14,588.1666666666666,1432.1333333333334,131.01333333333335,566.3333333333334,False,Sporting Goods
2020-01-15,707.5333333333333,1425.0666666666666,130.87666666666667,683.5666666666666,False,Sporting Goods
2020-01-16,826.9,1418.0,130.74,800.8,True,Sporting Goods
2020-01-17,523.4,1429.9,130.32,515.7,False,Sporting Goods
2020-01-18,475.7,1447.5,129.74,484.1,False,Sporting Goods
2020-01-19,438.25,1456.4,128.465,426.35,False,Sporting Goods
2020-01-20,400.8,1465.3,127.19,368.6,False,Sporting Goods
2020-01-21,429.7,1455.1,127.45,431.7,False,Sporting Goods
2020-01-22,479.95000000000005,1444.5,126.225,474.15,False,Sporting Goods
2020-01-23,530.2,1433.9,125.0,516.6,False,Sporting Goods
2020-01-24,496.3,1443.45,126.25,499.4,False,Sporting Goods
2020-01-25,462.4,1453.0,127.5,482.2,False,Sporting Goods
2020-01-26,384.7,1470.0,129.25,389.2,False,Sporting Goods
2020-01-27,437.5,1452.0,124.22,420.8,False,Sporting Goods
2020-01-28,486.6,1436.3,123.96,451.1,False,Sporting Goods
2020-01-29,460.0,1442.3,128.12,435.5,False,Sporting Goods
2020-01-30,479.3,1436.4,124.99,476.7,False,Sporting Goods
2020-01-31,475.6,1436.0500000000002,124.91,451.6,False,Sporting Goods
2020-02-01,471.9,1435.7,124.83,426.5,False,Sporting Goods
2020-02-02,482.9,1432.1,126.33,449.825,False,Sporting Goods
2020-02-03,493.9,1428.5,127.83,473.15,False,Sporting Goods
2020-02-04,484.04999999999995,1435.05,128.205,484.325,False,Sporting Goods
2020-02-05,474.2,1441.6,128.58,495.5,False,Sporting Goods
2020-02-06,511.1,1434.4,127.43,476.5,False,Sporting Goods
2020-02-07,513.05,1431.3000000000002,129.12,481.9,False,Sporting Goods
2020-02-08,515.0,1428.2,130.81,487.3,False,Sporting Goods
2020-02-09,498.0,1426.5,131.57,507.3,False,Sporting Goods
2020-02-10,550.05,1431.75,132.065,565.95,False,Sporting Goods
2020-02-11,602.1,1437.0,132.56,624.6,True,Sporting Goods
2020-02-12,573.0,1425.3,130.655,587.5,False,Sporting Goods
2020-02-13,543.9,1413.6,128.75,550.4,False,Sporting Goods
2020-02-14,479.3,1435.8,129.08,438.8,False,Sporting Goods
2020-02-15,510.8,1420.3,122.57,520.3,False,Sporting Goods
2020-02-16,473.2,1440.2,127.16,436.0,False,Sporting Goods
2020-02-17,462.3,1451.9,133.38,426.7,False,Sporting Goods
2020-02-18,452.8,1450.0,126.33,416.2,False,Sporting Goods
2020-02-19,443.3,1448.1,119.28,405.7,False,Sporting Goods
2020-02-20,506.29999999999995,1425.25,123.795,483.5,False,Sporting Goods
2020-02-21,569.3,1402.4,128.31,561.3,False,Sporting Goods
2020-02-22,519.75,1418.6,128.385,506.65,False,Sporting Goods
2020-02-23,470.2,1434.8,128.46,452.0,False,Sporting Goods
2020-02-24,465.8,1432.4,131.21,432.0,False,Sporting Goods
2020-02-25,498.56666666666666,1421.8666666666668,129.82,459.3666666666667,False,Sporting Goods
2020-02-26,531.3333333333334,1411.3333333333333,128.43,486.73333333333335,False,Sporting Goods
2020-02-27,564.1,1400.8,127.04,514.1,False,Sporting Goods
2020-02-28,528.4,1409.9,129.8,490.2,False,Sporting Goods
2020-02-29,510.4,1414.1,127.67,517.0,False,Sporting Goods
2020-03-01,514.0,1416.2,129.36,466.8,False,Sporting Goods
2020-03-02,522.1357142857142,1414.3357142857144,128.62071428571429,478.5785714285714,False,Sporting Goods
2020-03-03,530.2714285714286,1412.4714285714285,127.88142857142859,490.3571428571429,False,Sporting Goods
2020-03-04,538.4071428571428,1410.607142857143,127.14214285714287,502.1357142857143,False,Sporting Goods
2020-03-05,546.5428571428572,1408.7428571428572,126.40285714285714,513.9142857142857,False,Sporting Goods
2020-03-06,554.6785714285714,1406.8785714285716,125.66357142857143,525.6928571428572,False,Sporting Goods
2020-03-07,562.8142857142857,1405.0142857142857,124.92428571428572,537.4714285714285,False,Sporting Goods
2020-03-08,570.95,1403.15,124.185,549.25,False,Sporting Goods
2020-03-09,437.7,1446.2,124.56,435.5,False,Sporting Goods
2020-03-10,472.9,1439.5,129.61,479.7,False,Sporting Goods
2020-03-11,492.46666666666664,1434.3333333333333,128.79000000000002,484.0333333333333,False,Sporting Goods
2020-03-12,512.0333333333333,1429.1666666666667,127.97000000000001,488.3666666666667,False,Sporting Goods
2020-03-13,531.6,1424.0,127.15,492.7,False,Sporting Goods
2020-03-14,532.0,1420.6,130.27,549.8,False,Sporting Goods
2020-03-15,499.0,1423.2,130.3,454.1,False,Sporting Goods
2020-03-16,486.1,1428.1,129.67,510.4,False,Sporting Goods
2020-03-17,481.1,1432.6,128.65,440.9,False,Sporting Goods
2020-03-18,486.3,1425.9,127.41,501.2,False,Sporting Goods
2020-03-19,531.8,1410.9,125.3,504.0,False,Sporting Goods
2020-03-20,898.4,1393.5,122.93,885.4,True,Sporting Goods
2020-03-21,576.1,1393.5,128.08,533.4,False,Sporting Goods
2020-03-22,451.8,1425.2,130.36,438.8,False,Sporting Goods
2020-03-23,479.2,1418.1,128.73,473.4,False,Sporting Goods
2020-03-24,557.525,1406.8249999999998,128.64499999999998,558.175,False,Sporting Goods
2020-03-25,635.85,1395.55,128.56,642.95,False,Sporting Goods
2020-03-26,714.175,1384.275,128.475,727.725,False,Sporting Goods
2020-03-27,792.5,1373.0,128.39,812.5,True,Sporting Goods
2020-03-28,655.45,1383.55,128.02499999999998,674.9,False,Sporting Goods
2020-03-29,518.4,1394.1,127.66,537.3,False,Sporting Goods
2020-03-30,499.5,1393.0,129.0,486.4,False,Sporting Goods
2020-03-31,512.8166666666667,1395.55,128.39666666666668,504.15000000000003,False,Sporting Goods
2020-04-01,526.1333333333333,1398.1000000000001,127.79333333333334,521.9000000000001,False,Sporting Goods
2020-04-02,539.45,1400.65,127.19,539.6500000000001,False,Sporting Goods
2020-04-03,560.9,1357.2,128.66,511.5,False,Sporting Goods
2020-04-04,516.8,1364.9,128.29,481.4,False,Sporting Goods
2020-04-05,510.79999999999995,1367.0,128.20999999999998,494.6,False,Sporting Goods
2020-04-06,504.8,1369.1,128.13,507.8,False,Sporting Goods
2020-04-07,513.2,1359.6,120.61,503.4,False,Sporting Goods
2020-04-08,491.90000000000003,1370.85,124.41499999999999,498.04999999999995,False,Sporting Goods
2020-04-09,470.6,1382.1,128.22,492.7,False,Sporting Goods
2020-04-10,504.35,1368.9,128.73000000000002,494.0,False,Sporting Goods
2020-04-11,538.1,1355.7,129.24,495.3,False,Sporting Goods
2020-04-12,524.1333333333333,1360.1333333333334,129.72333333333333,502.1666666666667,False,Sporting Goods
2020-04-13,510.1666666666667,1364.5666666666666,130.20666666666668,509.0333333333333,False,Sporting Goods
2020-04-14,496.2,1369.0,130.69,515.9,False,Sporting Goods
2020-04-15,530.75,1359.75,128.89499999999998,537.25,False,Sporting Goods
2020-04-16,565.3,1350.5,127.1,558.6,False,Sporting Goods
2020-04-17,896.7,1347.3,131.89,858.3,True,Sporting Goods
2020-04-18,633.9,1367.7,127.53,618.1,True,Sporting Goods
2020-04-19,560.05,1366.75,130.18,553.15,False,Sporting Goods
2020-04-20,486.2,1365.8,132.83,488.2,False,Sporting Goods
2020-04-21,472.1,1368.9,135.84,426.9,False,Sporting Goods
2020-04-22,545.9,1343.0,132.15,540.7,False,Sporting Goods
2020-04-23,546.45,1338.1,130.325,557.05,False,Sporting Goods
2020-04-24,547.0,1333.2,128.5,573.4,False,Sporting Goods
2020-04-25,517.4,1349.1,128.65,478.9,False,Sporting Goods
2020-04-26,494.4,1359.0,126.61,486.0,False,Sporting Goods
2020-04-27,505.1,1352.6,128.56,493.1,False,Sporting Goods
2020-04-28,472.7,1372.2,127.68,447.1,False,Sporting Goods
2020-04-29,546.4,1343.5,135.04,537.9,False,Sporting Goods
2020-04-30,587.8,1336.0,126.97,589.7,False,Sporting Goods
2020-05-01,458.9,1097.3,128.52,430.6,False,Sporting Goods
2020-05-02,500.2,1365.6,125.94,484.6,False,Sporting Goods
2020-05-03,522.7,1364.05,127.825,516.75,False,Sporting Goods
2020-05-04,545.2,1362.5,129.71,548.9,False,Sporting Goods
2020-05-05,463.6,1373.8,130.84,439.2,False,Sporting Goods
2020-05-06,496.0,1366.65,130.685,484.70000000000005,False,Sporting Goods
2020-05-07,528.4,1359.5,130.53,530.2,False,Sporting Goods
2020-05-08,630.0,1318.7,131.1,607.3,False,Sporting Goods
2020-05-09,508.4,1355.4,128.99,475.1,False,Sporting Goods
2020-05-10,504.79999999999995,1376.0500000000002,127.70500000000001,475.20000000000005,False,Sporting Goods
2020-05-11,501.2,1396.7,126.42,475.3,False,Sporting Goods
2020-05-12,504.8,1356.1,131.1,468.5,False,Sporting Goods
2020-05-13,525.5,1356.3,131.69,533.6,False,Sporting Goods
2020-05-14,532.1,1348.9,129.41,530.9,False,Sporting Goods
2020-05-15,614.3,1335.5,124.53,564.0,False,Sporting Goods
2020-05-16,561.5,1347.3,126.81,512.6,False,Sporting Goods
2020-05-17,537.3,1356.4,126.57,507.6,False,Sporting Goods
2020-05-18,468.6,1367.6,130.86,488.6,False,Sporting Goods
2020-05-19,504.2,1349.0,125.24,504.2,False,Sporting Goods
2020-05-20,565.4,1328.6,128.75,516.4,False,Sporting Goods
2020-05-21,556.0,1333.7,128.14,582.4,False,Sporting Goods
2020-05-22,579.4,1322.5,129.42,523.2,False,Sporting Goods
2020-05-23,541.0,1331.85,127.405,492.85,False,Sporting Goods
2020-05-24,502.6,1341.2,125.39,462.5,False,Sporting Goods
2020-05-25,464.8,1359.0,130.08,445.1,False,Sporting Goods
2020-05-26,476.1,1356.0,128.37,486.7,False,Sporting Goods
2020-05-27,538.1,1343.5,130.93,546.3,False,Sporting Goods
2020-05-28,509.9,1347.6,131.26,480.9,False,Sporting Goods
2020-05-29,534.95,1340.25,129.935,511.34999999999997,False,Sporting Goods
2020-05-30,560.0,1332.9,128.61,541.8,False,Sporting Goods
2020-05-31,471.4,1365.8,130.97,490.6,False,Sporting Goods
2020-06-01,477.65,1360.35,130.745,497.4,False,Sporting Goods
2020-06-02,483.9,1354.9,130.52,504.2,False,Sporting Goods
2020-06-03,507.0,1345.4,126.32,511.3,False,Sporting Goods
2020-06-04,553.5,1336.3,131.28,581.0,False,Sporting Goods
2020-06-05,563.2,1318.4,127.26,532.1,False,Sporting Goods
2020-06-06,548.4,1328.1,126.35,544.0,False,Sporting Goods
2020-06-07,484.25,1363.4,131.03,500.75,False,Sporting Goods
2020-06-08,474.575,1354.9,130.15,490.225,False,Sporting Goods
2020-06-09,464.9,1346.4,129.27,479.7,False,Sporting Goods
2020-06-10,484.725,1339.875,129.65,493.575,False,Sporting Goods
2020-06-11,504.55,1333.35,130.03,507.45000000000005,False,Sporting Goods
2020-06-12,524.375,1326.825,130.41,521.325,False,Sporting Goods
2020-06-13,544.2,1320.3,130.79,535.2,False,Sporting Goods
2020-06-14,525.3,1330.1,125.72,519.2,False,Sporting Goods
2020-06-15,513.15,1340.6999999999998,127.445,494.55,False,Sporting Goods
2020-06-16,501.0,1351.3,129.17,469.9,False,Sporting Goods
2020-06-17,549.1,1337.1,128.32,526.0,False,Sporting Goods
2020-06-18,634.7,1313.6,129.74,654.3,False,Sporting Goods
2020-06-19,569.9,1330.4,128.62,590.4,False,Sporting Goods
2020-06-20,515.4,1345.4,129.22,525.3,False,Sporting Goods
2020-06-21,498.8,1359.5,128.39,489.5,False,Sporting Goods
2020-06-22,506.8,1364.9,127.81,506.4,False,Sporting Goods
2020-06-23,477.8,1369.2,130.44,464.6,False,Sporting Goods
2020-06-24,495.6,1363.5,131.18,460.5,False,Sporting Goods
2020-06-25,528.4,1352.3,126.13,480.4,False,Sporting Goods
2020-06-26,613.2,1327.1,124.36,631.4,False,Sporting Goods
2020-06-27,556.5,1344.6999999999998,125.07,548.4,False,Sporting Goods
2020-06-28,499.8,1362.3,125.78,465.4,False,Sporting Goods
2020-06-29,439.6,1381.5,125.0,435.1,False,Sporting Goods
2020-06-30,459.1,1388.8666666666666,126.375,451.85,False,Sporting Goods
2020-07-01,478.6,1396.2333333333333,127.75,468.6,False,Sporting Goods
2020-07-02,498.1,1403.6,129.125,485.35,False,Sporting Goods
2020-07-03,539.1,1388.7,129.755,545.9000000000001,False,Sporting Goods
2020-07-04,490.2,1379.5,128.47,487.2,False,Sporting Goods
2020-07-05,490.4,1377.7666666666667,128.71333333333334,476.06666666666666,False,Sporting Goods
2020-07-06,490.6,1376.0333333333333,128.95666666666665,464.93333333333334,False,Sporting Goods
2020-07-07,490.8,1374.3,129.2,453.8,False,Sporting Goods
2020-07-08,602.4,1385.5,122.9,563.6,True,Sporting Goods
2020-07-09,534.4,1360.1,128.87,521.5,False,Sporting Goods
2020-07-10,543.9,1358.4,128.53,541.0,False,Sporting Goods
2020-07-11,553.4,1356.7,128.19,560.5,False,Sporting Goods
2020-07-12,436.9,1389.1,129.45,453.7,False,Sporting Goods
2020-07-13,491.1,1372.7,126.01,496.0,False,Sporting Goods
2020-07-14,512.7,1362.3,130.9,511.5,False,Sporting Goods
2020-07-15,538.8,1357.5,128.285,512.35,False,Sporting Goods
2020-07-16,564.9,1352.7,125.67,513.2,False,Sporting Goods
2020-07-17,541.9666666666667,1359.0333333333333,126.94666666666667,501.7666666666667,False,Sporting Goods
2020-07-18,519.0333333333333,1365.3666666666668,128.22333333333333,490.3333333333333,False,Sporting Goods
2020-07-19,496.1,1371.7,129.5,478.9,False,Sporting Goods
2020-07-20,452.8,1381.8,127.36,408.7,False,Sporting Goods
2020-07-21,434.6,1387.5,126.54,437.0,False,Sporting Goods
2020-07-22,488.1,1365.9,128.65,464.9,False,Sporting Goods
2020-07-23,517.0,1362.5,125.92,532.6,False,Sporting Goods
2020-07-24,516.3,1361.4,134.28,503.9,False,Sporting Goods
2020-07-25,498.45,1364.45,131.945,480.25,False,Sporting Goods
2020-07-26,480.6,1367.5,129.61,456.6,False,Sporting Goods
2020-07-27,445.5,1371.25,129.54500000000002,433.25,False,Sporting Goods
2020-07-28,410.4,1375.0,129.48,409.9,False,Sporting Goods
2020-07-29,499.2,1344.7,128.75,492.5,False,Sporting Goods
2020-07-30,540.0,1339.3,129.46,514.7,False,Sporting Goods
2020-07-31,518.0,1349.1,125.35,490.5,False,Sporting Goods
2020-08-01,542.4,1352.5,126.94,493.5,False,Sporting Goods
2020-08-02,445.1,1383.5,129.18,426.3,False,Sporting Goods
2020-08-03,450.0,1389.9333333333334,129.72333333333333,437.8,False,Sporting Goods
2020-08-04,454.90000000000003,1396.3666666666666,130.26666666666668,449.3,False,Sporting Goods
2020-08-05,459.8,1402.8,130.81,460.8,False,Sporting Goods
2020-08-06,680.2,1338.3,122.48,652.4,True,Sporting Goods
2020-08-07,512.2,1382.9,130.38,512.3,False,Sporting Goods
2020-08-08,535.8,1381.6,126.92,555.9,False,Sporting Goods
2020-08-09,464.2,1401.6,132.47,473.1,False,Sporting Goods
2020-08-10,436.45,1412.5,131.20999999999998,434.1,False,Sporting Goods
2020-08-11,408.7,1423.4,129.95,395.1,False,Sporting Goods
2020-08-12,473.15,1394.65,129.22,461.45000000000005,False,Sporting Goods
2020-08-13,473.4,1377.0,124.3,469.1,False,Sporting Goods
2020-08-14,455.9,1382.2,132.76,464.5,False,Sporting Goods
2020-08-15,482.7,1370.8,127.04,477.8,False,Sporting Goods
2020-08-16,486.1,1366.6,124.3,472.4,False,Sporting Goods
2020-08-17,421.0,1386.0,128.46,439.0,False,Sporting Goods
2020-08-18,453.45,1374.6,127.27000000000001,455.95,False,Sporting Goods
2020-08-19,485.9,1363.2,126.08,472.9,False,Sporting Goods
2020-08-20,510.3,1356.7,130.55,460.8,False,Sporting Goods
2020-08-21,550.1,1347.1,131.37,538.0,False,Sporting Goods
2020-08-22,534.8,1350.1,128.35,528.8,False,Sporting Goods
2020-08-23,503.0,1366.3,127.38,485.8,False,Sporting Goods
2020-08-24,401.0,1391.3,125.84,393.2,False,Sporting Goods
2020-08-25,449.45,1379.1999999999998,125.7,446.4,False,Sporting Goods
2020-08-26,497.9,1367.1,125.56,499.6,False,Sporting Goods
2020-08-27,505.6,1366.3,129.12,495.2,False,Sporting Goods
2020-08-28,503.5,1369.0,125.41,462.7,False,Sporting Goods
2020-08-29,463.7,1379.55,127.16499999999999,448.29999999999995,False,Sporting Goods
2020-08-30,423.9,1390.1,128.92,433.9,False,Sporting Goods
2020-08-31,482.8,1376.2,125.82,448.4,False,Sporting Goods
2020-09-01,475.8,1371.1,128.08,4587.0,False,Sporting Goods
2020-09-02,424.8,1384.6,124.15,426.7,False,Sporting Goods
2020-09-03,519.0,1364.8,126.6,541.0,False,Sporting Goods
2020-09-04,512.4,1367.6,128.04500000000002,530.65,False,Sporting Goods
2020-09-05,505.8,1370.4,129.49,520.3,False,Sporting Goods
2020-09-06,470.4,1372.6,129.685,458.65,False,Sporting Goods
2020-09-07,435.0,1374.8,129.88,397.0,False,Sporting Goods
2020-09-08,449.8,1366.6,130.04333333333332,420.46666666666664,False,Sporting Goods
2020-09-09,464.59999999999997,1358.4,130.20666666666668,443.93333333333334,False,Sporting Goods
2020-09-10,479.4,1350.2,130.37,467.4,False,Sporting Goods
2020-09-11,831.3,1339.3,129.13,862.6,True,Sporting Goods
2020-09-12,466.0,1368.5,129.09,419.7,False,Sporting Goods
2020-09-13,452.6,1384.8,129.58,454.0,False,Sporting Goods
2020-09-14,408.9,1398.6,128.56,392.4,False,Sporting Goods
2020-09-15,482.4,1376.8,130.54,496.6,False,Sporting Goods
2020-09-16,508.1,1371.7,128.29,517.8,False,Sporting Goods
2020-09-17,452.5,1394.9,127.17,454.4,False,Sporting Goods
2020-09-18,784.0,1363.9,128.26,709.1,True,Sporting Goods
2020-09-19,694.525,1371.525,128.70999999999998,632.025,False,Sporting Goods
2020-09-20,605.05,1379.15,129.16,554.95,False,Sporting Goods
2020-09-21,515.575,1386.775,129.61,477.875,False,Sporting Goods
2020-09-22,426.1,1394.4,130.06,400.8,False,Sporting Goods
2020-09-23,489.3,1378.9,124.25,500.3,False,Sporting Goods
2020-09-24,482.43333333333334,1381.1666666666667,125.61,479.8333333333333,False,Sporting Goods
2020-09-25,475.56666666666666,1383.4333333333334,126.97000000000001,459.3666666666667,False,Sporting Goods
2020-09-26,468.7,1385.7,128.33,438.9,False,Sporting Goods
2020-09-27,697.4,1378.4,130.36,656.7,True,Sporting Goods
2020-09-28,452.9,1394.5,127.06,454.4,False,Sporting Goods
2020-09-29,428.4,1407.2,129.88,430.1,False,Sporting Goods
2020-09-30,455.7,1396.5,126.725,435.05,False,Sporting Goods
2020-10-01,483.0,1385.8,123.57,440.0,False,Sporting Goods
2020-10-02,495.7,1406.95,132.755,481.0,False,Sporting Goods
2020-10-03,493.2,1386.1,127.07,471.3,False,Sporting Goods
2020-10-04,439.0,1401.5,128.14,453.3,False,Sporting Goods
2020-10-05,459.6,1374.15,129.115,463.6,False,Sporting Goods
2020-10-06,480.2,1346.8,130.09,473.9,False,Sporting Goods
2020-10-07,528.7,1362.9,129.28,512.1,False,Sporting Goods
2020-10-08,509.65000000000003,1370.3000000000002,127.61,502.70000000000005,False,Sporting Goods
2020-10-09,490.6,1377.7,125.94,493.3,False,Sporting Goods
2020-10-10,478.53333333333336,1383.7,125.11,1754.1999999999998,False,Sporting Goods
2020-10-11,466.46666666666664,1389.7,124.28,3015.1,False,Sporting Goods
2020-10-12,454.4,1395.7,123.45,4276.0,False,Sporting Goods
2020-10-13,437.1,1399.6,122.02,442.5,False,Sporting Goods
2020-10-14,444.28000000000003,1398.6799999999998,123.30199999999999,451.38,False,Sporting Goods
2020-10-15,451.46000000000004,1397.76,124.584,460.26,False,Sporting Goods
2020-10-16,458.64,1396.84,125.866,469.14,False,Sporting Goods
2020-10-17,465.82,1395.92,127.14800000000001,478.02,False,Sporting Goods
2020-10-18,473.0,1395.0,128.43,486.9,False,Sporting Goods
2020-10-19,496.6,1422.9,125.66,480.0,True,Sporting Goods
2020-10-20,468.65,1417.75,125.41499999999999,447.45,False,Sporting Goods
2020-10-21,440.7,1412.6,125.17,414.9,False,Sporting Goods
2020-10-22,489.5,1398.9,127.48,507.3,False,Sporting Goods
2020-10-23,494.2,1399.8000000000002,126.67500000000001,513.5,False,Sporting Goods
2020-10-24,498.9,1400.7,125.87,519.7,False,Sporting Goods
2020-10-25,451.15,1414.2,127.015,458.55,False,Sporting Goods
2020-10-26,403.4,1427.7,128.16,397.4,False,Sporting Goods
2020-10-27,454.5,1412.5,127.69,427.0,False,Sporting Goods
2020-10-28,787.7,1393.1,125.76,778.8,True,Sporting Goods
2020-10-29,598.7,1407.3,124.26,552.8,True,Sporting Goods
2020-10-30,547.25,1402.65,127.39500000000001,499.95,False,Sporting Goods
2020-10-31,495.8,1398.0,130.53,447.1,False,Sporting Goods
2020-11-01,482.20000000000005,1405.85,128.335,455.25,False,Sporting Goods
2020-11-02,468.6,1413.7,126.14,463.4,False,Sporting Goods
2020-11-03,453.95,1426.1,129.24,438.05,False,Sporting Goods
2020-11-04,491.9,1400.7,124.74,466.6,False,Sporting Goods
2020-11-05,512.95,1398.15,126.88,496.35,False,Sporting Goods
2020-11-06,534.0,1395.6,129.02,526.1,False,Sporting Goods
2020-11-07,523.14,1398.0,128.768,518.46,False,Sporting Goods
2020-11-08,512.28,1400.3999999999999,128.51600000000002,510.82,False,Sporting Goods
2020-11-09,501.41999999999996,1402.8,128.264,503.18,False,Sporting Goods
2020-11-10,490.56,1405.1999999999998,128.012,495.53999999999996,False,Sporting Goods
2020-11-11,479.7,1407.6,127.76,487.9,False,Sporting Goods
2020-11-12,571.45,1399.85,126.92,589.95,False,Sporting Goods
2020-11-13,663.2,1392.1,126.08,692.0,True,Sporting Goods
2020-11-14,496.4,1393.3,126.78,490.8,False,Sporting Goods
2020-11-15,478.3,1399.9,130.68,452.3,False,Sporting Goods
2020-11-16,428.6,1424.0,127.41,397.1,False,Sporting Goods
2020-11-17,458.1,1423.2,132.43,471.4,False,Sporting Goods
2020-11-18,467.6,1410.7,124.0,483.2,False,Sporting Goods
2020-11-19,444.8,1413.6,127.63,448.5,False,Sporting Goods
2020-11-20,503.2,1387.0,128.01,485.4,False,Sporting Goods
2020-11-21,463.2,1388.9,127.19,425.0,False,Sporting Goods
2020-11-22,436.5,1392.0,128.3,395.5,False,Sporting Goods
2020-11-23,384.9,1402.9,126.48,398.3,False,Sporting Goods
2020-11-24,433.9,1389.6,123.83,414.0,False,Sporting Goods
2020-11-25,476.0,1372.0,128.3,462.05,False,Sporting Goods
2020-11-26,518.1,1354.4,132.77,510.1,False,Sporting Goods
2020-11-27,524.1,1352.8,130.08,534.4,False,Sporting Goods
2020-11-28,507.6,1369.9,125.58,528.4,False,Sporting Goods
2020-11-29,414.6,1397.8,131.92,427.1,False,Sporting Goods
2020-11-30,420.95000000000005,1394.9499999999998,130.535,410.25,False,Sporting Goods
2020-12-01,427.3,1392.1,129.15,393.4,False,Sporting Goods
2020-12-02,512.4,1393.4499999999998,126.715,470.5,False,Sporting Goods
2020-12-03,597.5,1394.8,124.28,547.6,False,Sporting Goods
2020-12-04,547.15,1125.25,124.75999999999999,501.35,False,Sporting Goods
2020-12-05,496.8,855.7,125.24,455.1,False,Sporting Goods
2020-12-06,482.9,857.6,129.27,493.1,False,Sporting Goods
2020-12-07,471.2,1043.5666666666666,128.85,478.53333333333336,False,Sporting Goods
2020-12-08,459.5,1229.5333333333333,128.43,463.96666666666664,False,Sporting Goods
2020-12-09,447.8,1415.5,128.01,449.4,False,Sporting Goods
2020-12-10,518.3,1390.0,126.75,499.8,False,Sporting Goods
2020-12-11,498.15,1396.3,128.29500000000002,504.8,False,Sporting Goods
2020-12-12,494.9,1401.3,129.22,500.8,False,Sporting Goods
2020-12-13,456.2,1410.3,128.01,447.0,False,Sporting Goods
2020-12-14,417.5,1419.3,126.8,393.2,False,Sporting Goods
2020-12-15,490.7,1404.6,130.93,492.3,False,Sporting Goods
2020-12-16,478.3,1401.6,128.77,494.3,False,Sporting Goods
2020-12-17,492.1,1399.8,131.56,483.8,False,Sporting Goods
2020-12-18,510.5,1392.2,123.78,477.0,False,Sporting Goods
2020-12-19,482.9,1399.3,128.51,504.5,False,Sporting Goods
2020-12-20,473.95,1400.15,127.38499999999999,485.2,False,Sporting Goods
2020-12-21,465.0,1401.0,126.26,465.9,False,Sporting Goods
2020-12-22,470.0,1402.35,128.53,465.0,False,Sporting Goods
2020-12-23,475.0,1403.7,130.8,464.1,False,Sporting Goods
2020-12-24,447.6,1410.1,129.07,426.6,False,Sporting Goods
2020-12-25,497.3,1391.2,129.24,463.3,False,Sporting Goods
2020-12-26,529.3,1388.7,126.24,543.5,False,Sporting Goods
2020-12-27,481.34999999999997,1406.45,127.225,485.55,False,Sporting Goods
2020-12-28,433.4,1424.2,128.21,427.6,False,Sporting Goods
2020-12-29,469.2,1408.8000000000002,129.25,443.65,False,Sporting Goods
2020-12-30,505.0,1393.4,130.29,459.7,False,Sporting Goods
2020-12-31,529.2,1390.6,125.67,490.7,False,Sporting Goods
2021-01-01,511.17500000000007,1394.55,125.5975,477.525,False,Sporting Goods
2021-01-02,493.15000000000003,1398.5,125.525,464.35,False,Sporting Goods
2021-01-03,475.125,1402.45,125.4525,451.175,False,Sporting Goods
2021-01-04,457.1,1406.4,125.38,438.0,False,Sporting Goods
2021-01-05,455.2,1412.3,130.65,475.7,False,Sporting Goods
2021-01-06,497.29999999999995,1364.0,125.91499999999999,497.85,False,Sporting Goods
2021-01-07,557.9,1381.7,130.26,530.9,False,Sporting Goods
2021-01-08,546.1,1390.2,132.77,516.7,False,Sporting Goods
2021-01-09,502.6,1402.6,123.63,4798.0,False,Sporting Goods
2021-01-10,480.8,1412.6,125.22,497.6,False,Sporting Goods
2021-01-11,490.4,1405.5,131.41,472.0,False,Sporting Goods
2021-01-12,494.75,1417.15,125.28999999999999,473.75,False,Sporting Goods
2021-01-13,546.7,1386.3,129.73,536.9,False,Sporting Goods
2021-01-14,535.1666666666667,1394.4666666666667,130.87,523.3,False,Sporting Goods
2021-01-15,523.6333333333333,1402.6333333333332,132.01,509.7,False,Sporting Goods
2021-01-16,512.1,1410.8,133.15,496.1,False,Sporting Goods
2021-01-17,468.8,1419.7,130.67,477.8,False,Sporting Goods
2021-01-18,480.56666666666666,1413.1000000000001,131.15333333333334,491.40000000000003,False,Sporting Goods
2021-01-19,492.33333333333337,1406.5,131.63666666666666,505.0,False,Sporting Goods
2021-01-20,504.1,1399.9,132.12,518.6,False,Sporting Goods
2021-01-21,527.4,1393.5,129.33,508.0,False,Sporting Goods
2021-01-22,538.1,1397.6,130.83,516.4,False,Sporting Goods
2021-01-23,491.0,1404.6,132.91,444.4,False,Sporting Goods
2021-01-24,542.8,1394.4,128.76,520.2,False,Sporting Goods
2021-01-25,447.6,1424.8,127.62,459.1,False,Sporting Goods
2021-01-26,471.4,1407.2,132.04,492.8,False,Sporting Goods
2021-01-27,1512.4,1390.1,128.86,500.3,False,Sporting Goods
2021-01-28,576.6,1371.3,132.28,544.3,False,Sporting Goods
2021-01-29,580.9,1367.9,132.9,582.8,False,Sporting Goods
2021-01-30,494.3,1391.2,126.87,455.9,False,Sporting Goods
2021-01-31,535.1,1376.2,128.09,493.5,False,Sporting Goods
2021-02-01,458.5,1404.3,128.01,421.6,False,Sporting Goods
2021-02-02,540.8,1376.5,127.94,502.5,False,Sporting Goods
2021-02-03,535.625,1377.825,127.765,510.0,False,Sporting Goods
2021-02-04,530.45,1379.15,127.59,517.5,False,Sporting Goods
2021-02-05,525.275,1380.475,127.41499999999999,525.0,False,Sporting Goods
2021-02-06,520.1,1381.8,127.24,532.5,False,Sporting Goods
2021-02-07,484.675,1381.6999999999998,127.09,476.6,False,Sporting Goods
2021-02-08,449.25,1381.6,126.94,420.70000000000005,False,Sporting Goods
2021-02-09,583.4,1378.75,126.99000000000001,585.2,False,Sporting Goods
2021-02-10,491.0,1382.1,125.79,468.4,False,Sporting Goods
2021-02-11,546.8,1367.6999999999998,126.76,505.84999999999997,False,Sporting Goods
2021-02-12,602.6,1353.3,127.73,543.3,False,Sporting Goods
2021-02-13,569.4000000000001,1366.05,129.375,543.8499999999999,False,Sporting Goods
2021-02-14,536.2,1378.8,131.02,544.4,False,Sporting Goods
2021-02-15,486.2,1392.8,130.42,449.0,False,Sporting Goods
2021-02-16,490.5,1388.9,126.74,510.8,False,Sporting Goods
2021-02-17,516.2,1373.5,124.61,466.5,False,Sporting Goods
2021-02-18,533.3,1370.4,127.35,495.0,False,Sporting Goods
2021-02-19,575.3,1355.7,126.54,584.4,False,Sporting Goods
2021-02-20,557.75,1359.25,126.375,547.35,False,Sporting Goods
2021-02-21,540.2,1362.8,126.21,510.3,False,Sporting Goods
2021-02-22,551.45,1211.4499999999998,126.935,540.25,False,Sporting Goods
2021-02-23,562.7,1060.1,127.66,570.2,False,Sporting Goods
2021-02-24,574.5666666666667,1055.5,128.64,566.5333333333334,False,Sporting Goods
2021-02-25,586.4333333333333,1050.8999999999999,129.62,562.8666666666667,False,Sporting Goods
2021-02-26,598.3,1046.3,130.6,559.2,False,Sporting Goods
2021-02-27,555.45,1203.15,130.305,521.7,False,Sporting Goods
2021-02-28,512.6,1360.0,130.01,484.2,False,Sporting Goods
2021-03-01,500.1,1374.75,127.58500000000001,493.6,False,Sporting Goods
2021-03-02,501.0,1353.1,126.6,466.5,False,Sporting Goods
2021-03-03,487.1,1365.9,132.52,482.6,False,Sporting Goods
2021-03-04,515.1,1359.8666666666668,132.36666666666667,506.8666666666667,False,Sporting Goods
2021-03-05,543.1,1353.8333333333333,132.21333333333334,531.1333333333333,False,Sporting Goods
2021-03-06,571.1,1347.8,132.06,555.4,False,Sporting Goods
2021-03-07,507.6,1361.1,127.95,520.4,False,Sporting Goods
2021-03-08,514.1,1358.8,129.455,520.05,False,Sporting Goods
2021-03-09,520.6,1356.5,130.96,519.7,False,Sporting Goods
2021-03-10,501.8,1362.1,130.2,507.6,False,Sporting Goods
2021-03-11,537.1,1360.9,124.39,519.6,False,Sporting Goods
2021-03-12,566.9,1354.0,124.9,567.0,False,Sporting Goods
2021-03-13,541.0,1359.6,126.82,500.8,False,Sporting Goods
2021-03-14,537.4,1360.7,120.25,489.1,False,Sporting Goods
2021-03-15,531.6,1366.8,124.32,479.2,False,Sporting Goods
2021-03-16,703.2,1384.5,128.26,640.9,True,Sporting Goods
2021-03-17,667.1500000000001,1358.25,128.045,617.0,False,Sporting Goods
2021-03-18,631.1,1332.0,127.83,593.1,False,Sporting Goods
2021-03-19,572.3,1349.2,131.99,517.9,False,Sporting Goods
2021-03-20,539.4,1356.25,131.09,505.54999999999995,False,Sporting Goods
2021-03-21,506.5,1363.3,130.19,493.2,False,Sporting Goods
2021-03-22,525.7,1350.2,125.68,481.4,False,Sporting Goods
2021-03-23,476.1,1365.9,122.04,468.5,False,Sporting Goods
2021-03-24,541.3,1345.6,126.65,487.2,False,Sporting Goods
2021-03-25,579.6,1333.1,127.06,580.5,False,Sporting Goods
2021-03-26,536.0,1347.9,127.2,561.6,False,Sporting Goods
2021-03-27,591.3,1326.0,127.22,586.1,False,Sporting Goods
2021-03-28,550.9,1350.3,129.0,566.4,False,Sporting Goods
2021-03-29,583.45,1338.85,130.66,595.5999999999999,False,Sporting Goods
2021-03-30,616.0,1327.4,132.32,624.8,False,Sporting Goods
2021-03-31,639.3,1355.8,126.39,645.7,True,Sporting Goods
2021-04-01,861.3,1314.6,129.32,879.0,True,Sporting Goods
2021-04-02,587.6,1315.1,127.54,609.2,False,Sporting Goods
2021-04-03,557.1,1332.7,127.41,540.1,False,Sporting Goods
2021-04-04,534.1666666666667,1339.8333333333333,128.82999999999998,526.1333333333333,False,Sporting Goods
2021-04-05,511.23333333333335,1346.9666666666667,130.25,512.1666666666666,False,Sporting Goods
2021-04-06,488.3,1354.1,131.67,498.2,False,Sporting Goods
2021-04-07,521.4,1343.7,130.02666666666664,522.4666666666667,False,Sporting Goods
2021-04-08,554.5,1333.3,128.38333333333333,546.7333333333333,False,Sporting Goods
2021-04-09,587.6,1322.9,126.74,571.0,False,Sporting Goods
2021-04-10,567.45,1324.2,129.29,561.85,False,Sporting Goods
2021-04-11,547.3,1325.5,131.84,552.7,False,Sporting Goods
2021-04-12,544.0666666666666,1330.6333333333334,131.08666666666667,552.2666666666667,False,Sporting Goods
2021-04-13,540.8333333333334,1335.7666666666667,130.33333333333334,551.8333333333334,False,Sporting Goods
2021-04-14,537.6,1340.9,129.58,551.4,False,Sporting Goods
2021-04-15,541.125,1339.625,128.6425,556.1,False,Sporting Goods
2021-04-16,544.6500000000001,1338.35,127.70500000000001,560.8,False,Sporting Goods
2021-04-17,548.1750000000001,1337.075,126.7675,565.5,False,Sporting Goods
2021-04-18,551.7,1335.8,125.83,570.2,False,Sporting Goods
2021-04-19,539.9,1329.5,128.94,557.4,False,Sporting Goods
2021-04-20,565.2,1319.1,124.83,539.5,False,Sporting Goods
2021-04-21,564.9,1324.2,128.21,576.2,False,Sporting Goods
2021-04-22,580.3,1320.5,122.84,583.0,False,Sporting Goods
2021-04-23,652.2,1299.2,127.42,657.1,False,Sporting Goods
2021-04-24,590.35,1323.3000000000002,127.445,574.85,False,Sporting Goods
2021-04-25,528.5,1347.4,127.47,492.6,False,Sporting Goods
2021-04-26,531.3,1344.4,127.53,544.9,False,Sporting Goods
2021-04-27,507.6,1357.6,129.41,501.2,False,Sporting Goods
2021-04-28,702.0,1347.0,129.92,721.6,True,Sporting Goods
2021-04-29,658.6333333333333,1337.3666666666666,129.90666666666667,659.2333333333333,False,Sporting Goods
2021-04-30,615.2666666666667,1327.7333333333333,129.89333333333332,596.8666666666667,False,Sporting Goods
2021-05-01,571.9,1318.1,129.88,534.5,False,Sporting Goods
2021-05-02,512.2,1342.2,127.83,481.0,False,Sporting Goods
2021-05-03,526.1125,1337.625,128.2875,497.5625,False,Sporting Goods
2021-05-04,540.025,1333.0500000000002,128.745,514.125,False,Sporting Goods
2021-05-05,553.9375,1328.4750000000001,129.2025,530.6875,False,Sporting Goods
2021-05-06,567.8499999999999,1323.9,129.66,547.25,False,Sporting Goods
2021-05-07,598.3,1331.9,125.93,551.3,False,Sporting Goods
2021-05-08,596.6,1329.8,128.92,599.9,False,Sporting Goods
2021-05-09,545.7,1337.6,130.98,493.8,False,Sporting Goods
2021-05-10,535.3,1340.5,129.22,535.2,False,Sporting Goods
2021-05-11,556.1,1330.7,137.22,534.7,False,Sporting Goods
2021-05-12,568.1,1325.4,130.46,586.0,False,Sporting Goods
2021-05-13,596.7,1315.7,127.37,539.7,False,Sporting Goods
2021-05-14,571.8,1325.3,127.72,526.5,False,Sporting Goods
2021-05-15,759.1,1333.0,128.14,780.5,True,Sporting Goods
2021-05-16,708.8666666666667,1326.3333333333333,128.33666666666664,723.6333333333333,False,Sporting Goods
2021-05-17,658.6333333333333,1319.6666666666667,128.53333333333333,666.7666666666667,False,Sporting Goods
2021-05-18,608.4,1313.0,128.73,609.9,False,Sporting Goods
2021-05-19,585.2,1310.4,125.6,611.2,False,Sporting Goods
2021-05-20,627.1,1297.6,126.44,606.0,False,Sporting Goods
2021-05-21,573.7,1310.1,128.02,583.1,False,Sporting Goods
2021-05-22,535.2333333333333,1322.3999999999999,128.01666666666668,543.2,False,Sporting Goods
2021-05-23,496.7666666666667,1334.7,128.01333333333332,503.3,False,Sporting Goods
2021-05-24,458.3,1347.0,128.01,463.4,False,Sporting Goods
2021-05-25,510.4,1328.5,128.12,528.5,False,Sporting Goods
2021-05-26,541.1,1318.3,125.79,566.8,False,Sporting Goods
2021-05-27,604.6,1316.7666666666667,125.21333333333334,600.8666666666667,False,Sporting Goods
2021-05-28,668.1,1315.2333333333333,124.63666666666667,634.9333333333333,False,Sporting Goods
2021-05-29,731.6,1313.7,124.06,669.0,True,Sporting Goods
2021-05-30,527.9,1315.7,130.37,478.1,False,Sporting Goods
2021-05-31,488.7,1324.0,129.87,471.5,False,Sporting Goods
2021-06-01,510.1,1319.8,127.41499999999999,2813.75,False,Sporting Goods
2021-06-02,531.5,1315.6,124.96,5156.0,False,Sporting Goods
2021-06-03,948.1,1294.9,129.96,860.9,True,Sporting Goods
2021-06-04,607.9,1288.4,127.73,552.7,False,Sporting Goods
2021-06-05,562.7,1309.3000000000002,126.93,530.9000000000001,False,Sporting Goods
2021-06-06,517.5,1330.2,126.13,509.1,False,Sporting Goods
2021-06-07,510.0,1333.6,127.29,480.8,False,Sporting Goods
2021-06-08,536.6,1321.4,126.6,492.7,False,Sporting Goods
2021-06-09,581.575,1344.025,127.825,542.7,False,Sporting Goods
2021-06-10,626.55,1366.65,129.05,592.7,False,Sporting Goods
2021-06-11,592.3666666666667,1357.2666666666667,128.80666666666667,557.7,False,Sporting Goods
2021-06-12,558.1833333333333,1347.8833333333334,128.56333333333333,522.7,False,Sporting Goods
2021-06-13,524.0,1338.5,128.32,487.7,False,Sporting Goods
2021-06-14,649.5,1338.3,128.88,671.2,True,Sporting Goods
2021-06-15,478.2,1345.7,128.6,430.8,False,Sporting Goods
2021-06-16,822.4,1325.2,128.5,754.2,True,Sporting Goods
2021-06-17,569.2,1325.0,131.57,531.1,False,Sporting Goods
2021-06-18,622.6,1308.4,131.33,589.9,False,Sporting Goods
2021-06-19,560.5,1324.1,126.74,546.0,False,Sporting Goods
2021-06-20,534.2,1331.9,127.45,547.2,False,Sporting Goods
2021-06-21,511.6,1339.9,128.37,532.8,False,Sporting Goods
2021-06-22,660.0,1360.1,128.27,616.0,True,Sporting Goods
2021-06-23,511.7,1344.0,128.33,491.3,False,Sporting Goods
2021-06-24,519.9,1347.2,127.23,520.3,False,Sporting Goods
2021-06-25,578.3,1332.4,131.23,545.5,False,Sporting Goods
2021-06-26,596.9,1334.95,130.675,559.8,False,Sporting Goods
2021-06-27,615.5,1337.5,130.12,574.1,True,Sporting Goods
2021-06-28,519.5,1332.9,131.88,468.6,False,Sporting Goods
2021-06-29,462.2,1355.0,128.21,435.6,False,Sporting Goods
2021-06-30,564.1,1321.4,130.0,589.3,False,Sporting Goods
2021-07-01,515.9,1329.3,134.26,527.5,False,Sporting Goods
2021-07-02,607.9,1302.8,123.5,594.1,False,Sporting Goods
2021-07-03,570.3,1315.4,128.21,592.5,False,Sporting Goods
2021-07-04,521.25,1329.35,128.875,536.8,False,Sporting Goods
2021-07-05,472.2,1343.3,129.54,481.1,False,Sporting Goods
2021-07-06,528.1,1328.4,130.04,550.6,False,Sporting Goods
2021-07-07,568.7,1309.6,133.7,589.5,False,Sporting Goods
2021-07-08,570.1,1315.0,129.45,523.1,False,Sporting Goods
2021-07-09,591.9,1303.5,125.37,5682.0,False,Sporting Goods
2021-07-10,557.5666666666666,1315.6333333333334,125.77666666666667,3942.5333333333338,False,Sporting Goods
2021-07-11,523.2333333333333,1327.7666666666667,126.18333333333334,2203.066666666667,False,Sporting Goods
2021-07-12,488.9,1339.9,126.59,463.6,False,Sporting Goods
2021-07-13,521.7,1326.5,129.57,488.0,False,Sporting Goods
2021-07-14,537.6,1319.0,129.21,550.6,False,Sporting Goods
2021-07-15,564.9,1311.7,125.12,545.2,False,Sporting Goods
2021-07-16,558.55,1313.4,125.70500000000001,555.25,False,Sporting Goods
2021-07-17,552.2,1315.1,126.29,565.3,False,Sporting Goods
2021-07-18,499.3,1327.1,130.35,501.7,False,Sporting Goods
2021-07-19,456.4,1344.4,124.25,443.2,False,Sporting Goods
2021-07-20,503.8,1324.3,124.56,465.6,False,Sporting Goods
2021-07-21,539.3,1322.5,129.58,526.1,False,Sporting Goods
2021-07-22,518.9,1330.3,125.37,513.4,False,Sporting Goods
2021-07-23,512.9,1330.9,126.72500000000001,511.1,False,Sporting Goods
2021-07-24,506.9,1331.5,128.08,508.8,False,Sporting Goods
2021-07-25,592.2333333333333,1334.1,127.11000000000001,593.8333333333334,False,Sporting Goods
2021-07-26,677.5666666666666,1336.7,126.14,678.8666666666667,False,Sporting Goods
2021-07-27,762.9,1339.3,125.17,763.9,True,Sporting Goods
2021-07-28,461.9,1352.5,130.17,439.8,False,Sporting Goods
2021-07-29,559.9,1329.1,126.6,508.9,False,Sporting Goods
2021-07-30,587.3,1316.7,125.18,562.0,False,Sporting Goods
2021-07-31,568.1,1323.4,126.56,550.2,False,Sporting Goods
2021-08-01,500.1,1342.9,127.02,520.7,False,Sporting Goods
2021-08-02,496.1,1345.2,127.265,482.35,False,Sporting Goods
2021-08-03,492.1,1347.5,127.51,444.0,False,Sporting Goods
2021-08-04,547.5999999999999,1328.8,130.735,502.75,False,Sporting Goods
2021-08-05,518.6,1338.8,129.72,520.2,False,Sporting Goods
2021-08-06,518.8,1339.5,130.04500000000002,526.95,False,Sporting Goods
2021-08-07,519.0,1340.2,130.37,533.7,False,Sporting Goods
2021-08-08,531.4,1333.9,129.43,538.8,False,Sporting Goods
2021-08-09,512.975,1352.075,128.54000000000002,507.65,False,Sporting Goods
2021-08-10,494.55,1370.25,127.65,476.5,False,Sporting Goods
2021-08-11,916.2375000000001,1363.2125,127.8175,486.375,False,Sporting Goods
2021-08-12,1337.9250000000002,1356.175,127.985,496.25,False,Sporting Goods
2021-08-13,1759.6125000000002,1349.1374999999998,128.1525,506.125,False,Sporting Goods
2021-08-14,2181.3,1342.1,128.32,516.0,False,Sporting Goods
2021-08-15,507.6,1335.4,127.74,462.1,False,Sporting Goods
2021-08-16,492.56666666666666,1339.4333333333334,127.88333333333333,454.9666666666667,False,Sporting Goods
2021-08-17,477.53333333333336,1343.4666666666667,128.02666666666664,447.8333333333333,False,Sporting Goods
2021-08-18,462.5,1347.5,128.17,440.7,False,Sporting Goods
2021-08-19,509.3,1326.4,124.3,521.7,False,Sporting Goods
2021-08-20,520.4,1322.85,124.72999999999999,518.9000000000001,False,Sporting Goods
2021-08-21,531.5,1319.3,125.16,516.1,False,Sporting Goods
2021-08-22,480.3,1328.5,131.5,495.4,False,Sporting Goods
2021-08-23,437.8,1342.6,131.15,395.4,False,Sporting Goods
2021-08-24,477.1,1332.8,128.79666666666668,435.56666666666666,False,Sporting Goods
2021-08-25,516.4000000000001,1323.0,126.44333333333334,475.7333333333333,False,Sporting Goods
2021-08-26,555.7,1313.2,124.09,515.9,False,Sporting Goods
2021-08-27,518.8,1330.6,133.63,486.9,False,Sporting Goods
2021-08-28,462.6,1354.8,127.76,460.0,False,Sporting Goods
2021-08-29,550.3,1368.2,130.82,554.2,True,Sporting Goods
2021-08-30,670.4,1376.1,126.74,605.9,True,Sporting Goods
2021-08-31,466.8,1369.6,129.82,470.4,False,Sporting Goods
2021-09-01,498.56666666666666,1363.1666666666665,130.34,483.16666666666663,False,Sporting Goods
2021-09-02,530.3333333333334,1356.7333333333333,130.85999999999999,495.93333333333334,False,Sporting Goods
2021-09-03,562.1,1350.3,131.38,508.7,False,Sporting Goods
2021-09-04,523.7,1364.7,131.75,547.6,False,Sporting Goods
2021-09-05,533.8,1358.3,129.51,489.7,False,Sporting Goods
2021-09-06,599.0,1309.9,126.29,548.5,False,Sporting Goods
2021-09-07,487.6,1374.7,126.59,504.8,False,Sporting Goods
2021-09-08,517.2,1365.2,125.69,531.8,False,Sporting Goods
2021-09-09,599.35,1367.35,128.885,604.3499999999999,False,Sporting Goods
2021-09-10,681.5,1369.5,132.08,676.9,True,Sporting Goods
2021-09-11,696.1666666666666,1378.0333333333333,130.99333333333334,671.8,False,Sporting Goods
2021-09-12,710.8333333333334,1386.5666666666666,129.90666666666667,666.7,False,Sporting Goods
2021-09-13,725.5,1395.1,128.82,661.6,True,Sporting Goods
2021-09-14,684.0,1405.9,123.29,704.9,True,Sporting Goods
2021-09-15,466.4,1398.6,124.64,469.1,False,Sporting Goods
2021-09-16,463.84999999999997,1400.85,125.0725,465.5,False,Sporting Goods
2021-09-17,461.29999999999995,1403.1,125.505,461.9,False,Sporting Goods
2021-09-18,458.75,1405.35,125.9375,458.3,False,Sporting Goods
2021-09-19,456.2,1407.6,126.37,454.7,False,Sporting Goods
2021-09-20,449.4,1418.4,123.57,425.0,False,Sporting Goods
2021-09-21,470.4,1405.3,132.16,442.7,False,Sporting Goods
2021-09-22,461.29999999999995,1405.9,131.60500000000002,436.6,False,Sporting Goods
2021-09-23,452.2,1406.5,131.05,430.5,False,Sporting Goods
2021-09-24,527.1,1386.9,125.88,499.6,False,Sporting Goods
2021-09-25,524.4,1386.0,127.21,4920.0,False,Sporting Goods
2021-09-26,445.5,1412.5,126.89,447.5,False,Sporting Goods
2021-09-27,479.1,1404.3,131.86,462.3,False,Sporting Goods
2021-09-28,433.8,1425.9,128.89,446.8,False,Sporting Goods
2021-09-29,467.55,1418.7,127.63,475.4,False,Sporting Goods
2021-09-30,501.3,1411.5,126.37,504.0,False,Sporting Goods
2021-10-01,518.1,1404.2,131.91,507.5,False,Sporting Goods
2021-10-02,519.9,1403.1,130.81,512.4,False,Sporting Goods
2021-10-03,427.2,1432.4,125.64,410.1,False,Sporting Goods
2021-10-04,513.1,1409.1,129.32,509.6,False,Sporting Goods
2021-10-05,518.5666666666667,1407.3666666666666,130.87,502.1666666666667,False,Sporting Goods
2021-10-06,524.0333333333333,1405.6333333333334,132.42,494.73333333333335,False,Sporting Goods
2021-10-07,529.5,1403.9,133.97,487.3,False,Sporting Goods
2021-10-08,501.56666666666666,1412.9666666666667,133.39,459.26666666666665,False,Sporting Goods
2021-10-09,473.6333333333333,1422.0333333333333,132.81,431.23333333333335,False,Sporting Goods
2021-10-10,445.7,1431.1,132.23,403.2,False,Sporting Goods
2021-10-11,576.95,1439.4,127.97,562.95,False,Sporting Goods
2021-10-12,708.2,1447.7,123.71,722.7,True,Sporting Goods
2021-10-13,641.4333333333334,1427.6666666666667,124.31333333333333,650.1,False,Sporting Goods
2021-10-14,574.6666666666666,1407.6333333333332,124.91666666666666,577.5,False,Sporting Goods
2021-10-15,507.9,1387.6,125.52,504.9,False,Sporting Goods
2021-10-16,1116.9499999999998,1397.6,128.155,496.15,False,Sporting Goods
2021-10-17,1726.0,1407.6,130.79,487.4,False,Sporting Goods
2021-10-18,438.5,1407.9,127.06,433.3,False,Sporting Goods
2021-10-19,473.03333333333336,1397.1666666666667,127.49666666666667,476.93333333333334,False,Sporting Goods
2021-10-20,507.56666666666666,1386.4333333333334,127.93333333333334,520.5666666666667,False,Sporting Goods
2021-10-21,542.1,1375.7,128.37,564.2,False,Sporting Goods
2021-10-22,576.4,1368.5,129.14,594.0,False,Sporting Goods
2021-10-23,539.3,1378.4,129.12,536.7,False,Sporting Goods
2021-10-24,459.4,1409.6,132.31,464.1,False,Sporting Goods
2021-10-25,471.6,1414.1,129.09,467.6,False,Sporting Goods
2021-10-26,455.7,1419.7,131.45,440.2,False,Sporting Goods
2021-10-27,532.2,1397.0,126.71,516.2,False,Sporting Goods
2021-10-28,524.4,1405.4,125.8,499.2,False,Sporting Goods
2021-10-29,542.3,843.2,130.25,515.9,False,Sporting Goods
2021-10-30,492.7,850.0,129.16,513.9,False,Sporting Goods
2021-10-31,478.35,852.9,128.95499999999998,484.2,False,Sporting Goods
2021-11-01,464.0,855.8,128.75,454.5,False,Sporting Goods
2021-11-02,589.1,1107.25,128.64499999999998,546.65,False,Sporting Goods
2021-11-03,568.85,1252.325,128.8875,548.325,False,Sporting Goods
2021-11-04,548.6,1397.4,129.13,550.0,False,Sporting Goods
2021-11-05,553.6,1393.2,129.19,575.1,False,Sporting Goods
2021-11-06,522.3,1337.6,131.7,471.6,False,Sporting Goods
2021-11-07,517.8499999999999,1335.15,129.87,482.85,False,Sporting Goods
2021-11-08,513.4,1332.7,128.04,494.1,False,Sporting Goods
2021-11-09,469.3,1440.1,128.62,435.1,False,Sporting Goods
2021-11-10,472.7,1434.5,130.54,484.2,False,Sporting Goods
2021-11-11,510.4,1426.4,129.7,512.4,False,Sporting Goods
2021-11-12,548.1,1418.3,128.86,540.6,False,Sporting Goods
2021-11-13,499.7,1435.3,129.44,460.2,False,Sporting Goods
2021-11-14,432.4,1457.9,126.13,414.5,False,Sporting Goods
2021-11-15,443.1,1457.0,122.41,428.8,False,Sporting Goods
2021-11-16,483.0,1446.9,128.97,503.6,False,Sporting Goods
2021-11-17,513.7,1434.5,127.9,510.0,False,Sporting Goods
2021-11-18,529.0,1432.9,128.71,490.3,False,Sporting Goods
2021-11-19,525.9,1430.0,126.01,518.0,False,Sporting Goods
2021-11-20,498.6,1438.35,127.495,483.45,False,Sporting Goods
2021-11-21,471.3,1446.7,128.98,448.9,False,Sporting Goods
2021-11-22,768.0,1442.5,128.38,737.2,True,Sporting Goods
2021-11-23,489.4,1446.8,128.91,450.0,False,Sporting Goods
2021-11-24,503.0333333333333,1440.5333333333333,129.44333333333333,467.7,False,Sporting Goods
2021-11-25,516.6666666666666,1434.2666666666667,129.97666666666666,485.40000000000003,False,Sporting Goods
2021-11-26,530.3,1428.0,130.51,503.1,False,Sporting Goods
2021-11-27,524.3,1435.8,129.27,520.4,False,Sporting Goods
2021-11-28,484.54999999999995,1445.1,127.505,476.45,False,Sporting Goods
2021-11-29,444.8,1454.4,125.74,432.5,False,Sporting Goods
2021-11-30,506.1,1431.4,124.72,468.0,False,Sporting Goods
2021-12-01,531.0,1423.0,127.21,500.4,False,Sporting Goods
2021-12-02,555.9,1414.6,129.7,532.8,False,Sporting Goods
2021-12-03,544.4,1413.9,124.75,521.9,False,Sporting Goods
2021-12-04,540.2,1332.4,127.7,564.1,False,Sporting Goods
2021-12-05,497.25,1393.65,127.07,500.35,False,Sporting Goods
2021-12-06,454.3,1454.9,126.44,436.6,False,Sporting Goods
2021-12-07,438.7,1455.3,125.56,401.2,False,Sporting Goods
2021-12-08,543.1,1370.5,128.82,531.4,False,Sporting Goods
2021-12-09,533.7333333333333,1389.4666666666667,128.04333333333332,523.1666666666666,False,Sporting Goods
2021-12-10,524.3666666666667,1408.4333333333334,127.26666666666667,514.9333333333333,False,Sporting Goods
2021-12-11,515.0,1427.4,126.49,506.7,False,Sporting Goods
2021-12-12,483.2,1433.8,125.35,444.0,False,Sporting Goods
2021-12-13,493.3,1435.0,127.85,474.7,False,Sporting Goods
2021-12-14,484.8,1443.9,133.49,446.1,False,Sporting Goods
2021-12-15,524.6,1430.4,131.39,516.1,False,Sporting Goods
2021-12-16,534.4,1418.0,128.75,488.2,False,Sporting Goods
2021-12-17,536.8,1412.8,130.05,483.9,False,Sporting Goods
2021-12-18,563.1,1406.8,125.95,510.4,False,Sporting Goods
2021-12-19,457.2,1434.3,129.33,421.9,False,Sporting Goods
2021-12-20,475.04999999999995,1430.4499999999998,130.49,458.79999999999995,False,Sporting Goods
2021-12-21,492.9,1426.6,131.65,495.7,False,Sporting Goods
2021-12-22,506.7,1423.9,127.56,481.6,False,Sporting Goods
2021-12-23,543.1,786.9,128.93,542.5,False,Sporting Goods
2021-12-24,506.45000000000005,792.15,129.365,289.1,False,Sporting Goods
2021-12-25,469.8,797.4,129.8,35.7,False,Sporting Goods
2021-12-26,481.8333333333333,1004.5666666666667,129.60333333333335,195.20000000000005,False,Sporting Goods
2021-12-27,493.8666666666667,1211.7333333333333,129.40666666666667,354.70000000000005,False,Sporting Goods
2021-12-28,505.9,1418.9,129.21,514.2,False,Sporting Goods
2021-12-29,547.7,1413.4,131.5,495.7,False,Sporting Goods
2021-12-30,569.6,1405.5,127.16,596.8,False,Sporting Goods
2021-12-31,548.9,1405.3,129.93,526.0,False,Sporting Goods
2022-01-01,531.3,1418.8,128.31,479.5,False,Sporting Goods
2022-01-02,491.9,1426.0,130.28,512.9,False,Sporting Goods
2022-01-03,488.79999999999995,1427.35,128.02,490.7,False,Sporting Goods
2022-01-04,485.7,1428.7,125.76,468.5,False,Sporting Goods
2022-01-05,505.2,1422.8,129.35,464.8,False,Sporting Goods
2022-01-06,531.3,1429.4,128.235,537.0,False,Sporting Goods
2022-01-07,520.1,1421.6,129.02,481.6,False,Sporting Goods
2022-01-08,588.7,1430.9,128.18,550.2,False,Sporting Goods
2022-01-09,657.3,1440.2,127.34,618.8,True,Sporting Goods
2022-01-10,652.7666666666667,1435.3666666666668,128.02333333333334,609.3666666666667,False,Sporting Goods
2022-01-11,648.2333333333333,1430.5333333333333,128.70666666666665,599.9333333333333,False,Sporting Goods
2022-01-12,643.7,1425.7,129.39,590.5,True,Sporting Goods
2022-01-13,561.2,1395.2,125.49,558.9,False,Sporting Goods
2022-01-14,605.7,1380.3,130.51,612.9,False,Sporting Goods
2022-01-15,572.0,1381.2,130.89,574.8,False,Sporting Goods
2022-01-16,481.2,1409.6,129.95,455.7,False,Sporting Goods
2022-01-17,511.7,1403.7,133.0,523.2,False,Sporting Goods
2022-01-18,524.4,1403.1,127.735,541.1500000000001,False,Sporting Goods
2022-01-19,537.1,1402.5,122.47,559.1,False,Sporting Goods
2022-01-20,556.5,1403.6,129.39,5495.0,False,Sporting Goods
2022-01-21,553.9,1409.1999999999998,126.05499999999999,3031.05,False,Sporting Goods
2022-01-22,551.3,1414.8,122.72,567.1,False,Sporting Goods
2022-01-23,509.0,1422.4,128.16,528.3,False,Sporting Goods
2022-01-24,514.95,1419.25,129.95499999999998,516.8,False,Sporting Goods
2022-01-25,520.9,1416.1,131.75,505.3,False,Sporting Goods
2022-01-26,535.5,1413.5,126.94,555.3,False,Sporting Goods
2022-01-27,931.3,1072.7,124.71,870.3,True,Sporting Goods
2022-01-28,620.8,1077.3,127.82,646.2,False,Sporting Goods
2022-01-29,576.1,1084.5,129.25,73.0,False,Sporting Goods
2022-01-30,545.5,1090.1,132.89,561.2,False,Sporting Goods
2022-01-31,561.5,1084.5,128.87,518.6,False,Sporting Goods
2022-02-01,559.4333333333333,1193.1,128.20666666666668,515.9333333333334,False,Sporting Goods
2022-02-02,557.3666666666667,1301.7,127.54333333333334,513.2666666666667,False,Sporting Goods
2022-02-03,555.3,1410.3,126.88,510.6,False,Sporting Goods
2022-02-04,535.8,1411.0333333333333,128.03,493.83333333333337,False,Sporting Goods
2022-02-05,516.3,1411.7666666666667,129.18,477.06666666666666,False,Sporting Goods
2022-02-06,496.8,1412.5,130.33,460.3,False,Sporting Goods
2022-02-07,692.0,1404.2,130.19,687.5,True,Sporting Goods
2022-02-08,548.1,1400.7,128.6,524.5,False,Sporting Goods
2022-02-09,581.1,1395.8,128.26,564.1,False,Sporting Goods
2022-02-10,571.2,1397.7,128.07,519.7,False,Sporting Goods
2022-02-11,547.2,1407.8,128.85,526.3,False,Sporting Goods
2022-02-12,574.2,1404.2,129.47,572.1,False,Sporting Goods
2022-02-13,517.1,1426.8,124.42,536.1,False,Sporting Goods
2022-02-14,572.5,1408.9,134.67,564.7,False,Sporting Goods
2022-02-15,514.6,1426.4,123.76,495.9,False,Sporting Goods
2022-02-16,535.9,1419.0,128.89,548.9,False,Sporting Goods
2022-02-17,588.9,1399.7,127.37,546.1,False,Sporting Goods
2022-02-18,589.0999999999999,1397.9,125.995,566.25,False,Sporting Goods
2022-02-19,589.3,1396.1,124.62,586.4,False,Sporting Goods
2022-02-20,591.06,1400.96,125.08,581.96,False,Sporting Goods
2022-02-21,592.8199999999999,1405.82,125.54,577.52,False,Sporting Goods
2022-02-22,594.58,1410.68,126.0,573.08,False,Sporting Goods
2022-02-23,596.34,1415.54,126.46000000000001,568.64,False,Sporting Goods
2022-02-24,598.1,1420.4,126.92,564.2,False,Sporting Goods
2022-02-25,603.1,1425.1,133.64,616.6,False,Sporting Goods
2022-02-26,547.6,1438.55,130.295,542.25,False,Sporting Goods
2022-02-27,492.1,1452.0,126.95,467.9,False,Sporting Goods
2022-02-28,523.2,1443.3,128.505,519.45,False,Sporting Goods
2022-03-01,554.3,1434.6,130.06,571.0,False,Sporting Goods
2022-03-02,548.55,1435.9,128.24,557.5,False,Sporting Goods
2022-03-03,542.8,1437.2,126.42,544.0,False,Sporting Goods
2022-03-04,536.75,1436.95,129.025,521.65,False,Sporting Goods
2022-03-05,530.7,1436.7,131.63,499.3,False,Sporting Goods
2022-03-06,548.4,1425.2,130.61,558.3,False,Sporting Goods
2022-03-07,547.55,1430.1,130.60000000000002,528.25,False,Sporting Goods
2022-03-08,546.7,1435.0,130.59,498.2,False,Sporting Goods
2022-03-09,525.0,1443.0,132.63,506.2,False,Sporting Goods
2022-03-10,558.15,1433.9,130.385,542.25,False,Sporting Goods
2022-03-11,591.3,1424.8,128.14,578.3,False,Sporting Goods
2022-03-12,515.4,1495.5,125.18,485.3,False,Sporting Goods
2022-03-13,539.9,1433.0,130.33,564.2,False,Sporting Goods
2022-03-14,585.7,1422.0,127.74,598.7,False,Sporting Goods
2022-03-15,552.9,1428.8,126.62,530.7,False,Sporting Goods
2022-03-16,566.7,1421.0,124.63,529.1,False,Sporting Goods
2022-03-17,591.8,1416.65,127.13499999999999,563.85,False,Sporting Goods
2022-03-18,616.9,1412.3,129.64,598.6,False,Sporting Goods
2022-03-19,586.1,1421.5,126.24,589.2,False,Sporting Goods
2022-03-20,602.1,1408.7,126.91,602.6,False,Sporting Goods
2022-03-21,593.1666666666666,1411.2333333333333,128.12333333333333,594.3333333333334,False,Sporting Goods
2022-03-22,584.2333333333333,1413.7666666666667,129.33666666666667,586.0666666666666,False,Sporting Goods
2022-03-23,575.3,1416.3,130.55,577.8,False,Sporting Goods
2022-03-24,603.15,1404.8,128.625,588.95,False,Sporting Goods
2022-03-25,631.0,1393.3,126.7,600.1,False,Sporting Goods
2022-03-26,858.3,1399.5,131.14,836.3,True,Sporting Goods
2022-03-27,710.5,1412.8,129.70999999999998,682.8,False,Sporting Goods
2022-03-28,562.7,1426.1,128.28,529.3,False,Sporting Goods
2022-03-29,523.6,1434.9,128.84,496.2,False,Sporting Goods
2022-03-30,634.7,1398.6,129.89,648.8,False,Sporting Goods
2022-03-31,595.6,1405.3,128.16,614.7,False,Sporting Goods
2022-04-01,631.1,1398.5,127.67,615.8,False,Sporting Goods
2022-04-02,552.6,1424.0,131.87,541.8,False,Sporting Goods
2022-04-03,613.85,1427.95,128.87,621.75,False,Sporting Goods
2022-04-04,675.1,1431.9,125.87,701.7,True,Sporting Goods
2022-04-05,664.3000000000001,1421.2666666666667,127.21333333333334,686.6,False,Sporting Goods
2022-04-06,653.5,1410.6333333333334,128.55666666666667,671.5,False,Sporting Goods
2022-04-07,642.7,1400.0,129.9,656.4,False,Sporting Goods
2022-04-08,601.3,1409.7,126.98,561.6,False,Sporting Goods
2022-04-09,605.2,1412.25,125.635,598.8,False,Sporting Goods
2022-04-10,609.1,1414.8,124.29,636.0,False,Sporting Goods
2022-04-11,596.6,1420.7666666666667,125.32000000000001,596.2333333333333,False,Sporting Goods
2022-04-12,584.1,1426.7333333333333,126.35,556.4666666666667,False,Sporting Goods
2022-04-13,571.6,1432.7,127.38,516.7,False,Sporting Goods
2022-04-14,634.5,1418.0,130.68,584.1,False,Sporting Goods
2022-04-15,620.65,1419.3,128.845,600.7,False,Sporting Goods
2022-04-16,606.8,1420.6,127.01,617.3,False,Sporting Goods
2022-04-17,547.5,1437.7,131.05,514.7,False,Sporting Goods
2022-04-18,552.3333333333334,1436.6333333333334,129.53333333333333,514.4333333333334,False,Sporting Goods
2022-04-19,557.1666666666666,1435.5666666666666,128.01666666666668,514.1666666666666,False,Sporting Goods
2022-04-20,562.0,1434.5,126.5,513.9,False,Sporting Goods
2022-04-21,583.0,1430.0,126.59,583.9,False,Sporting Goods
2022-04-22,622.7,1419.2,125.55,628.0,False,Sporting Goods
2022-04-23,618.7,1416.8,126.58,579.6,False,Sporting Goods
2022-04-24,618.4000000000001,1414.95,126.485,594.775,False,Sporting Goods
2022-04-25,618.1,1413.1,126.39,609.95,False,Sporting Goods
2022-04-26,617.8,1411.25,126.295,625.125,False,Sporting Goods
2022-04-27,617.5,1409.4,126.2,640.3,False,Sporting Goods
2022-04-28,622.8,1408.75,128.865,637.0,False,Sporting Goods
2022-04-29,628.1,1408.1,131.53,633.7,False,Sporting Goods
2022-04-30,602.5,1409.9,129.06,593.1,False,Sporting Goods
2022-05-01,572.3,1413.6,126.55,575.3,False,Sporting Goods
2022-05-02,566.6,1425.2,125.6,535.6,False,Sporting Goods
2022-05-03,982.675,1422.0749999999998,127.19,565.05,False,Sporting Goods
2022-05-04,1398.75,1418.9499999999998,128.78,594.5,False,Sporting Goods
2022-05-05,1133.2,1419.6,129.58333333333334,580.8333333333334,False,Sporting Goods
2022-05-06,867.65,1420.25,130.38666666666666,567.1666666666666,False,Sporting Goods
2022-05-07,602.1,1420.9,131.19,553.5,False,Sporting Goods
2022-05-08,556.3,1437.4,126.93,549.8,False,Sporting Goods
2022-05-09,535.3,1439.6,127.805,516.3499999999999,False,Sporting Goods
2022-05-10,514.3,1441.8,128.68,482.9,False,Sporting Goods
2022-05-11,601.5,1417.2,128.74,581.9,False,Sporting Goods
2022-05-12,544.65,1455.9,125.74,520.4,False,Sporting Goods
2022-05-13,639.2,1406.1,126.92,644.6,False,Sporting Goods
2022-05-14,604.95,1413.4,126.405,588.05,False,Sporting Goods
2022-05-15,570.7,1420.7,125.89,531.5,False,Sporting Goods
2022-05-16,583.6,1415.7,129.39,579.9,False,Sporting Goods
2022-05-17,527.7,1439.8,128.33,512.0,False,Sporting Goods
2022-05-18,584.6500000000001,1422.6,128.93,569.95,False,Sporting Goods
2022-05-19,641.6,1405.4,129.53,627.9,False,Sporting Goods
2022-05-20,581.6,1431.5,127.06,550.4,False,Sporting Goods
2022-05-21,604.9,1427.0,130.3,629.7,False,Sporting Goods
2022-05-22,592.6,1426.0,124.04,614.3,False,Sporting Goods
2022-05-23,524.5,1446.1,127.99,523.9,False,Sporting Goods
2022-05-24,510.6,1449.1,129.7,474.4,False,Sporting Goods
2022-05-25,556.0333333333333,1436.7333333333333,129.22,515.4,False,Sporting Goods
2022-05-26,601.4666666666667,1424.3666666666666,128.73999999999998,556.4,False,Sporting Goods
2022-05-27,646.9,1412.0,128.26,597.4,False,Sporting Goods
2022-05-28,806.1,1416.3,129.42,783.4,True,Sporting Goods
2022-05-29,558.6,1441.3,125.86,537.3,False,Sporting Goods
2022-05-30,540.7,1444.75,124.91,523.95,False,Sporting Goods
2022-05-31,522.8,1448.2,123.96,510.6,False,Sporting Goods
2022-06-01,551.45,1431.8000000000002,122.985,543.9000000000001,False,Sporting Goods
2022-06-02,580.1,1415.4,122.01,577.2,False,Sporting Goods
2022-06-03,598.45,1405.4,123.95500000000001,610.8,False,Sporting Goods
2022-06-04,616.8,1395.4,125.9,644.4,False,Sporting Goods
2022-06-05,565.95,1423.0,124.32,560.5,False,Sporting Goods
2022-06-06,569.9,1410.4,128.48,570.0,False,Sporting Goods
2022-06-07,587.3499999999999,1409.9,128.8525,575.0,False,Sporting Goods
2022-06-08,604.8,1409.4,129.225,580.0,False,Sporting Goods
2022-06-09,608.7,1405.5,127.14,615.4,False,Sporting Goods
2022-06-10,592.05,1410.35,127.315,601.15,False,Sporting Goods
2022-06-11,575.4,1415.2,127.49,586.9,False,Sporting Goods
2022-06-12,529.9,1482.2,132.69,527.5,False,Sporting Goods
2022-06-13,479.7,1441.9,129.05,446.1,False,Sporting Goods
2022-06-14,515.0,1424.2,128.10500000000002,505.85,False,Sporting Goods
2022-06-15,550.3,1406.5,127.16,565.6,False,Sporting Goods
2022-06-16,605.4,1391.7,129.62,571.8,False,Sporting Goods
2022-06-17,579.0,1397.0,125.11,524.6,False,Sporting Goods
2022-06-18,598.7,1386.15,127.52000000000001,579.75,False,Sporting Goods
2022-06-19,618.4,1375.3,129.93,634.9,False,Sporting Goods
2022-06-20,515.0,1410.9,126.38,531.2,False,Sporting Goods
2022-06-21,543.15,1402.6,127.53999999999999,550.85,False,Sporting Goods
2022-06-22,571.3,1394.3,128.7,570.5,False,Sporting Goods
2022-06-23,578.75,1388.8,125.57999999999998,582.9,False,Sporting Goods
2022-06-24,586.2,1383.3,122.46,595.3,False,Sporting Goods
2022-06-25,563.2,1388.5,125.24666666666666,553.6333333333333,False,Sporting Goods
2022-06-26,540.2,1393.7,128.03333333333333,511.96666666666664,False,Sporting Goods
2022-06-27,517.2,1398.9,130.82,470.3,False,Sporting Goods
2022-06-28,540.8,1386.0,129.47,558.5,False,Sporting Goods
2022-06-29,606.9,1372.9,133.62,582.1,False,Sporting Goods
2022-06-30,606.1,1368.8,125.28,602.3,False,Sporting Goods
2022-07-01,659.3,1347.9,127.45,668.6,False,Sporting Goods
2022-07-02,540.1,1381.9,125.73,538.4,False,Sporting Goods
2022-07-03,592.35,1412.15,127.28999999999999,567.5,False,Sporting Goods
2022-07-04,558.875,1396.125,128.45999999999998,546.1,False,Sporting Goods
2022-07-05,525.4,1380.1,129.63,524.7,False,Sporting Goods
2022-07-06,557.8499999999999,1395.65,123.9,526.15,False,Sporting Goods
2022-07-07,573.3,1370.7,128.05,553.7,False,Sporting Goods
2022-07-08,660.4,1341.5,132.82,674.8,False,Sporting Goods
2022-07-09,589.45,1400.05,129.84,604.4,False,Sporting Goods
2022-07-10,518.5,1458.6,126.86,534.0,False,Sporting Goods
2022-07-11,475.2,1444.85,128.945,441.4,False,Sporting Goods
2022-07-12,721.9,1378.8,126.03,717.8,True,Sporting Goods
2022-07-13,511.8,1394.4,126.95,490.6,False,Sporting Goods
2022-07-14,545.4,1381.9,126.36500000000001,535.45,False,Sporting Goods
2022-07-15,579.0,1369.4,125.78,580.3,False,Sporting Goods
2022-07-16,530.1,1388.5,127.05,490.9,False,Sporting Goods
2022-07-17,535.0,1389.6,127.21000000000001,517.3499999999999,False,Sporting Goods
2022-07-18,539.9,1390.7,127.37,543.8,False,Sporting Goods
2022-07-19,543.4,1387.65,128.485,535.05,False,Sporting Goods
2022-07-20,546.9,1384.6,129.6,526.3,False,Sporting Goods
2022-07-21,574.4,1380.0,130.125,555.55,False,Sporting Goods
2022-07-22,601.9,1375.4,130.65,584.8,False,Sporting Goods
2022-07-23,610.7,1383.6,129.47,568.7,False,Sporting Goods
2022-07-24,571.7,1398.1,133.08,533.0,False,Sporting Goods
2022-07-25,1463.2,1410.0,122.46,569.6,False,Sporting Goods
2022-07-26,492.3,1423.6,128.73,461.2,False,Sporting Goods
2022-07-27,528.9,1412.2,124.8,539.6,False,Sporting Goods
2022-07-28,816.1,997.2,125.82,770.4,True,Sporting Goods
2022-07-29,574.1,999.7,128.19,601.8,False,Sporting Goods
2022-07-30,573.6,1003.1,132.77,29.1,False,Sporting Goods
2022-07-31,518.1,1015.2,126.88,513.6,False,Sporting Goods
2022-08-01,504.5,1433.5,130.07,500.6,False,Sporting Goods
2022-08-02,518.5,1430.0333333333333,130.04666666666665,513.4666666666667,False,Sporting Goods
2022-08-03,532.5,1426.5666666666666,130.02333333333334,526.3333333333334,False,Sporting Goods
2022-08-04,546.5,1423.1,130.0,539.2,False,Sporting Goods
2022-08-05,562.0,1423.7,126.62,549.8,False,Sporting Goods
2022-08-06,535.9,1436.3333333333333,126.49333333333334,512.0999999999999,False,Sporting Goods
2022-08-07,509.8,1448.9666666666667,126.36666666666666,474.4,False,Sporting Goods
2022-08-08,483.7,1461.6,126.24,436.7,False,Sporting Goods
2022-08-09,504.1,1449.0,129.49,511.0,False,Sporting Goods
2022-08-10,569.55,1452.025,129.62,563.625,False,Sporting Goods
2022-08-11,635.0,1455.05,129.75,616.25,False,Sporting Goods
2022-08-12,592.3,1453.3666666666666,130.56333333333333,569.7666666666667,False,Sporting Goods
2022-08-13,549.6,1451.6833333333334,131.37666666666667,523.2833333333333,False,Sporting Goods
2022-08-14,506.9,1450.0,132.19,476.8,False,Sporting Goods
2022-08-15,494.4,1451.8,128.28,481.7,False,Sporting Goods
2022-08-16,646.5999999999999,1450.1999999999998,128.54000000000002,647.25,False,Sporting Goods
2022-08-17,798.8,1448.6,128.8,812.8,True,Sporting Goods
2022-08-18,598.2,1426.7,123.86,574.0,False,Sporting Goods
2022-08-19,1949.4,1432.8,130.13,700.7,True,Sporting Goods
2022-08-20,1222.1,1440.8,127.33500000000001,581.05,False,Sporting Goods
2022-08-21,494.8,1448.8,124.54,461.4,False,Sporting Goods
2022-08-22,474.2,1461.5,131.55,428.5,False,Sporting Goods
2022-08-23,509.7,1458.2,127.88,490.9,False,Sporting Goods
2022-08-24,625.95,1450.5500000000002,127.16,580.55,False,Sporting Goods
2022-08-25,742.2,1442.9,126.44,670.2,True,Sporting Goods
2022-08-26,516.4,1464.5,128.77,510.9,False,Sporting Goods
2022-08-27,555.2,1445.0,126.65,520.3,False,Sporting Goods
2022-08-28,566.1,1437.1,123.28,581.0,False,Sporting Goods
2022-08-29,529.1,1445.9,125.54,492.7,False,Sporting Goods
2022-08-30,471.1,1463.6,127.34,439.8,False,Sporting Goods
2022-08-31,578.8,1428.1,134.35,541.7,False,Sporting Goods
2022-09-01,590.0,1426.4,130.18,561.9,False,Sporting Goods
2022-09-02,562.5,1137.6,127.21,526.2,False,Sporting Goods
2022-09-03,556.9,1145.0,127.09,526.9,False,Sporting Goods
2022-09-04,575.6666666666666,1151.6333333333334,126.79333333333334,561.8,False,Sporting Goods
2022-09-05,594.4333333333334,1158.2666666666667,126.49666666666667,596.7,False,Sporting Goods
2022-09-06,613.2,1164.9,126.2,631.6,True,Sporting Goods
2022-09-07,510.1,1441.9,128.61,496.0,False,Sporting Goods
2022-09-08,553.1,1433.35,128.53500000000003,553.5,False,Sporting Goods
2022-09-09,596.1,1424.8,128.46,611.0,False,Sporting Goods
2022-09-10,505.3,1463.25,126.95,512.75,False,Sporting Goods
2022-09-11,480.95000000000005,1476.775,128.69,483.025,False,Sporting Goods
2022-09-12,456.6,1490.3,130.43,453.3,False,Sporting Goods
2022-09-13,470.6666666666667,1481.0666666666666,129.96666666666667,454.0,False,Sporting Goods
2022-09-14,484.73333333333335,1471.8333333333333,129.50333333333333,454.7,False,Sporting Goods
2022-09-15,498.8,1462.6,129.04,455.4,False,Sporting Goods
2022-09-16,563.7,1443.5,131.0,563.8,False,Sporting Goods
2022-09-17,536.1333333333333,1452.6,131.11,530.3333333333333,False,Sporting Goods
2022-09-18,508.56666666666666,1461.7,131.22,496.8666666666666,False,Sporting Goods
2022-09-19,481.0,1470.8,131.33,463.4,False,Sporting Goods
2022-09-20,477.2,1466.9,120.76,434.8,False,Sporting Goods
2022-09-21,521.9,1451.6,122.79,534.1,False,Sporting Goods
2022-09-22,581.9,1429.8,126.51,570.9,False,Sporting Goods
2022-09-23,552.4,1436.1,124.7,534.2,False,Sporting Goods
2022-09-24,524.9,1441.1,129.93,532.2,False,Sporting Goods
2022-09-25,2057.6,1451.2,125.09,469.6,False,Sporting Goods
2022-09-26,476.1,1460.8,127.73,451.0,False,Sporting Goods
2022-09-27,513.3,1453.0,125.75,508.5,False,Sporting Goods
2022-09-28,546.05,1442.2,127.57,531.5,False,Sporting Goods
2022-09-29,578.8,1431.4,129.39,554.5,False,Sporting Goods
2022-09-30,1005.025,1433.325,129.53,605.7,False,Sporting Goods
2022-10-01,1431.25,1435.25,129.67000000000002,656.9,False,Sporting Goods
2022-10-02,516.5,1451.9,128.04,534.4,False,Sporting Goods
2022-10-03,492.9,1458.95,128.66,486.54999999999995,False,Sporting Goods
2022-10-04,469.3,1466.0,129.28,438.7,False,Sporting Goods
2022-10-05,523.65,1444.525,128.67000000000002,500.9,False,Sporting Goods
2022-10-06,578.0,1423.05,128.06,563.1,False,Sporting Goods
2022-10-07,536.05,1449.225,126.975,524.9,False,Sporting Goods
2022-10-08,494.1,1475.4,125.89,486.7,False,Sporting Goods
2022-10-09,473.95000000000005,1473.2,128.67,469.04999999999995,False,Sporting Goods
2022-10-10,453.8,1471.0,131.45,451.4,False,Sporting Goods
2022-10-11,501.9,1453.45,131.07999999999998,493.5,False,Sporting Goods
2022-10-12,550.0,1435.9,130.71,535.6,False,Sporting Goods
2022-10-13,566.4,1435.8,127.51,524.2,False,Sporting Goods
2022-10-14,614.1,1418.7,129.28,595.1,False,Sporting Goods
2022-10-15,563.1,1431.65,128.27,544.65,False,Sporting Goods
2022-10-16,512.1,1444.6,127.26,494.2,False,Sporting Goods
2022-10-17,436.8,1469.0,126.86,450.4,False,Sporting Goods
2022-10-18,490.9,1459.4,130.79,447.3,False,Sporting Goods
2022-10-19,571.5,1431.0,126.88,597.5,False,Sporting Goods
2022-10-20,571.3,1427.3,126.75,565.35,False,Sporting Goods
2022-10-21,571.1,1423.6,126.62,533.2,False,Sporting Goods
2022-10-22,505.0,1443.8,126.225,470.70000000000005,False,Sporting Goods
2022-10-23,438.9,1464.0,125.83,408.2,False,Sporting Goods
2022-10-24,467.6,1453.2,133.18,429.0,False,Sporting Goods
2022-10-25,503.8,1452.3,125.5,458.7,False,Sporting Goods
2022-10-26,491.1,1461.3,129.25,508.7,False,Sporting Goods
2022-10-27,535.9,1449.7,129.32,491.9,False,Sporting Goods
2022-10-28,516.0,1454.7,129.29,529.5,False,Sporting Goods
2022-10-29,530.3,1449.25,128.675,539.1,False,Sporting Goods
2022-10-30,544.6,1443.8,128.06,548.7,False,Sporting Goods
2022-10-31,500.2,1457.1,125.58,488.7,False,Sporting Goods
2022-11-01,522.1,1458.5,127.17500000000001,511.9,False,Sporting Goods
2022-11-02,544.0,1459.9,128.77,535.1,False,Sporting Goods
2022-11-03,512.2,1469.5,130.52,474.7,False,Sporting Goods
2022-11-04,532.1,1468.0,129.335,496.75,False,Sporting Goods
2022-11-05,552.0,1466.5,128.15,518.8,False,Sporting Goods
2022-11-06,520.7,1476.0,128.73,532.7,False,Sporting Goods
2022-11-07,525.1166666666667,1471.6666666666667,128.94833333333332,528.2666666666668,False,Sporting Goods
2022-11-08,529.5333333333334,1467.3333333333333,129.16666666666666,523.8333333333334,False,Sporting Goods
2022-11-09,533.95,1463.0,129.385,519.4000000000001,False,Sporting Goods
2022-11-10,554.4,1463.3,127.34,516.5,False,Sporting Goods
2022-11-11,510.7,1475.9,129.2,460.9,False,Sporting Goods
2022-11-12,875.1,1457.4,128.96,918.1,True,Sporting Goods
2022-11-13,477.4,1485.8,130.89,454.1,False,Sporting Goods
2022-11-14,536.1,1465.3,128.18,517.1,False,Sporting Goods
2022-11-15,465.0,1484.4,127.98,440.5,False,Sporting Goods
2022-11-16,509.75,1475.85,129.715,485.5,False,Sporting Goods
2022-11-17,554.5,1467.3,131.45,530.5,False,Sporting Goods
2022-11-18,592.7,1452.4,131.3,551.3,False,Sporting Goods
2022-11-19,530.9,1470.3,124.65,523.1,False,Sporting Goods
2022-11-20,480.2,1486.2,124.58,449.5,False,Sporting Goods
2022-11-21,502.3,1480.8,127.16,489.9,False,Sporting Goods
2022-11-22,503.6,1480.5,131.55,491.9,False,Sporting Goods
2022-11-23,508.2,1482.1,129.63,498.8,False,Sporting Goods
2022-11-24,580.1,1464.8,125.19,530.6,False,Sporting Goods
2022-11-25,846.0,1465.2,129.05,847.7,True,Sporting Goods
2022-11-26,544.2,1472.9,131.03,514.4,False,Sporting Goods
2022-11-27,490.2,1500.3,132.14,494.9,False,Sporting Goods
2022-11-28,510.5,1494.9,128.97,507.1,False,Sporting Goods
2022-11-29,429.3,1524.1,129.26,393.6,False,Sporting Goods
2022-11-30,528.3,1495.2,126.69,528.3,False,Sporting Goods
2022-12-01,844.3,1495.6,123.35,771.7,True,Sporting Goods
2022-12-02,698.7,1463.6999999999998,128.43,651.8,False,Sporting Goods
2022-12-03,553.1,1431.8,133.51,531.9,False,Sporting Goods
2022-12-04,567.6,1431.5,126.95,547.9,False,Sporting Goods
2022-12-05,581.3,1421.9,127.54499999999999,550.2,False,Sporting Goods
2022-12-06,595.0,1412.3,128.14,552.5,False,Sporting Goods
2022-12-07,574.9,1435.25,128.64749999999998,530.625,False,Sporting Goods
2022-12-08,554.8,1458.2,129.155,508.75,False,Sporting Goods
2022-12-09,561.0,1465.75,129.4275,517.025,False,Sporting Goods
2022-12-10,567.2,1473.3,129.7,525.3,False,Sporting Goods
2022-12-11,529.1,1489.2,126.16,528.6,False,Sporting Goods
2022-12-12,497.1,1498.2,130.87,460.1,False,Sporting Goods
2022-12-13,487.8,1504.5,127.31,488.2,False,Sporting Goods
2022-12-14,523.1,1499.3,128.82999999999998,501.54999999999995,False,Sporting Goods
2022-12-15,558.4,1494.1,130.35,514.9,False,Sporting Goods
2022-12-16,517.6,1504.4,125.69,538.0,False,Sporting Goods
2022-12-17,500.55,1507.9,128.28,499.65,False,Sporting Goods
2022-12-18,483.5,1511.4,130.87,461.3,False,Sporting Goods
2022-12-19,504.0,1513.9,125.66,529.1,False,Sporting Goods
2022-12-20,545.5,1502.7,127.25,569.5,False,Sporting Goods
2022-12-21,561.8,1497.0,129.54,583.8,False,Sporting Goods
2022-12-22,561.5,1182.35,127.34,2908.3999999999996,False,Sporting Goods
2022-12-23,561.2,867.7,125.14,5233.0,False,Sporting Goods
2022-12-24,552.6,866.3,129.21,501.7,False,Sporting Goods
2022-12-25,500.4,876.5,128.48,27.3,False,Sporting Goods
2022-12-26,520.2,871.8,126.05,507.9,False,Sporting Goods
2022-12-27,501.2,881.4,127.95,477.7,False,Sporting Goods
2022-12-28,537.25,1187.3,126.86,539.15,False,Sporting Goods
2022-12-29,573.3,1493.2,125.77,600.6,False,Sporting Goods
2022-12-30,590.4,1487.7,130.01,586.8,False,Sporting Goods
2022-12-31,564.0,1493.95,127.94999999999999,571.3499999999999,False,Sporting Goods
2023-01-01,537.6,1500.2,125.89,555.9,False,Sporting Goods
2023-01-02,540.85,1493.2,127.73500000000001,545.5999999999999,False,Sporting Goods
2023-01-03,544.1,1486.2,129.58,535.3,False,Sporting Goods
2023-01-04,529.5,1488.5,131.97,540.8,False,Sporting Goods
2020-01-01,388.7,792.3,239.05,397.1,True,Toys
2020-01-02,240.1,797.5,247.51,224.2,False,Toys
2020-01-03,235.8,800.8,230.42,228.1,False,Toys
2020-01-04,211.85000000000002,805.9,232.785,207.2,False,Toys
2020-01-05,187.9,811.0,235.15,186.3,False,Toys
2020-01-06,226.6,803.9,244.67,233.2,False,Toys
2020-01-07,217.3,807.5,236.71,212.4,False,Toys
2020-01-08,225.46666666666667,803.5,237.75,222.53333333333333,False,Toys
2020-01-09,233.63333333333335,799.5,238.79000000000002,232.66666666666669,False,Toys
2020-01-10,241.8,795.5,239.83,242.8,False,Toys
2020-01-11,232.8,786.3,233.61,235.8,False,Toys
2020-01-12,220.65,790.05,234.645,212.65,False,Toys
2020-01-13,208.5,793.8,235.68,189.5,False,Toys
2020-01-14,211.7,804.8,240.71,192.8,False,Toys
2020-01-15,231.0,801.5999999999999,237.11,211.85000000000002,False,Toys
2020-01-16,250.3,798.4,233.51,230.9,False,Toys
2020-01-17,245.3,803.3,241.01,243.0,False,Toys
2020-01-18,666.9,820.0,235.86,195.9,False,Toys
2020-01-19,204.4,819.2,241.6,210.2,False,Toys
2020-01-20,211.2,817.5,242.495,205.3,False,Toys
2020-01-21,218.0,815.8,243.39,200.4,False,Toys
2020-01-22,255.8,807.5,233.27,259.4,False,Toys
2020-01-23,333.3,819.9,241.61,339.1,True,Toys
2020-01-24,224.8,827.8,246.16,232.1,False,Toys
2020-01-25,215.3,826.4,243.32999999999998,222.2,False,Toys
2020-01-26,205.8,825.0,240.5,212.3,False,Toys
2020-01-27,316.6,826.9,234.57,292.1,True,Toys
2020-01-28,277.8,828.0,230.87,253.4,True,Toys
2020-01-29,265.5,686.5666666666666,233.04666666666668,184.16666666666669,False,Toys
2020-01-30,253.20000000000002,545.1333333333333,235.22333333333333,114.93333333333334,False,Toys
2020-01-31,240.9,403.7,237.4,45.7,False,Toys
2020-02-01,233.4,405.3,248.77,216.9,False,Toys
2020-02-02,227.05,612.55,244.48000000000002,220.60000000000002,False,Toys
2020-02-03,220.7,819.8,240.19,224.3,False,Toys
2020-02-04,248.2,777.15,241.245,254.70000000000002,False,Toys
2020-02-05,275.7,734.5,242.3,285.1,False,Toys
2020-02-06,218.7,810.7,234.45,226.4,False,Toys
2020-02-07,240.0,796.2,237.84,233.5,False,Toys
2020-02-08,229.6,801.0,235.53,223.4,False,Toys
2020-02-09,219.2,805.8,233.22,213.3,False,Toys
2020-02-10,183.3,803.3,229.93,169.9,False,Toys
2020-02-11,215.7,794.05,235.515,196.8,False,Toys
2020-02-12,248.1,784.8,241.1,223.7,False,Toys
2020-02-13,244.0,787.75,236.35500000000002,221.8,False,Toys
2020-02-14,239.9,790.7,231.61,219.9,False,Toys
2020-02-15,220.8,793.3,247.95,223.2,False,Toys
2020-02-16,206.3,799.9,234.35,187.7,False,Toys
2020-02-17,231.6,798.9,222.01,230.3,False,Toys
2020-02-18,209.8,803.3,237.63,206.7,False,Toys
2020-02-19,223.8,787.4,239.27,217.8,False,Toys
2020-02-20,255.3,779.2,233.31,235.5,False,Toys
2020-02-21,256.65,775.7,235.04500000000002,246.35,False,Toys
2020-02-22,258.0,772.2,236.78,257.2,False,Toys
2020-02-23,233.9,774.55,237.29500000000002,228.5,False,Toys
2020-02-24,209.8,776.9,237.81,199.8,False,Toys
2020-02-25,175.3,789.4,237.06,170.9,False,Toys
2020-02-26,220.95000000000002,782.5999999999999,235.62,209.15,False,Toys
2020-02-27,266.6,775.8,234.18,247.4,False,Toys
2020-02-28,238.1,789.3,242.61,234.4,False,Toys
2020-02-29,207.7,799.6,241.01,207.0,False,Toys
2020-03-01,216.7,791.6,242.29,209.9,False,Toys
2020-03-02,212.39999999999998,790.95,243.685,212.3,False,Toys
2020-03-03,208.1,790.3,245.08,214.7,False,Toys
2020-03-04,216.35,789.125,243.645,216.92499999999998,False,Toys
2020-03-05,224.6,787.95,242.21,219.14999999999998,False,Toys
2020-03-06,232.85,786.775,240.775,221.375,False,Toys
2020-03-07,241.1,785.6,239.34,223.6,False,Toys
2020-03-08,240.4,783.2,239.4,244.2,False,Toys
2020-03-09,211.3,792.7,236.56,199.9,False,Toys
2020-03-10,203.4,790.7,238.49,183.6,False,Toys
2020-03-11,223.6,786.7,243.28,221.9,False,Toys
2020-03-12,275.35,696.0,233.26999999999998,272.25,False,Toys
2020-03-13,219.9,774.2,235.41,230.8,False,Toys
2020-03-14,247.4,765.6,243.19,227.3,False,Toys
2020-03-15,228.2,774.6,232.55,235.9,False,Toys
2020-03-16,222.1,778.9,237.23,213.6,False,Toys
2020-03-17,209.2,779.7,235.86,191.9,False,Toys
2020-03-18,241.5,773.0,233.98,222.7,False,Toys
2020-03-19,245.5,772.9,236.64,224.1,False,Toys
2020-03-20,249.5,772.8,239.3,225.5,False,Toys
2020-03-21,238.4,772.1,241.81,225.6,False,Toys
2020-03-22,239.96666666666667,772.2666666666667,238.38,227.43333333333334,False,Toys
2020-03-23,241.53333333333333,772.4333333333334,234.95000000000002,229.26666666666665,False,Toys
2020-03-24,243.1,772.6,231.52,231.1,False,Toys
2020-03-25,260.7,757.8,238.13,259.6,False,Toys
2020-03-26,244.3,755.5,238.42,241.3,False,Toys
2020-03-27,276.5,752.0,234.84,274.9,False,Toys
2020-03-28,209.7,769.9,239.92,191.0,False,Toys
2020-03-29,233.0,756.2,236.39,234.5,False,Toys
2020-03-30,209.8,764.8,238.81,199.0,False,Toys
2020-03-31,219.7,759.6,231.72,215.3,False,Toys
2020-04-01,251.6,751.9,239.97,231.0,False,Toys
2020-04-02,260.5,745.65,235.61,252.45,False,Toys
2020-04-03,269.4,739.4,231.25,273.9,False,Toys
2020-04-04,241.0,748.1,235.63,236.1,False,Toys
2020-04-05,244.32,745.8000000000001,235.82999999999998,236.57999999999998,False,Toys
2020-04-06,247.64000000000001,743.5,236.03,237.06,False,Toys
2020-04-07,250.96,741.2,236.23,237.54,False,Toys
2020-04-08,254.28000000000003,738.9,236.43,238.02,False,Toys
2020-04-09,257.6,736.6,236.63,238.5,False,Toys
2020-04-10,242.5,740.7,238.94,238.6,False,Toys
2020-04-11,252.7,680.45,232.92000000000002,251.5,False,Toys
2020-04-12,262.9,620.2,226.9,264.4,False,Toys
2020-04-13,269.6333333333333,656.4666666666667,230.01,270.3666666666667,False,Toys
2020-04-14,276.3666666666667,692.7333333333333,233.12,276.3333333333333,False,Toys
2020-04-15,283.1,729.0,236.23,282.3,False,Toys
2020-04-16,232.6,741.2,233.07,229.1,False,Toys
2020-04-17,276.3,734.7,242.49,283.9,False,Toys
2020-04-18,261.8,736.3666666666667,238.87,270.3333333333333,False,Toys
2020-04-19,247.3,738.0333333333334,235.25,256.76666666666665,False,Toys
2020-04-20,232.8,739.7,231.63,243.2,False,Toys
2020-04-21,248.8,740.9,237.35,251.1,False,Toys
2020-04-22,263.3,738.9,245.2,264.5,False,Toys
2020-04-23,262.0,746.4,242.34,260.5,False,Toys
2020-04-24,275.6,744.7,242.27,284.3,False,Toys
2020-04-25,304.9,735.9,233.63,282.5,False,Toys
2020-04-26,258.5,743.9,241.83,261.2,False,Toys
2020-04-27,283.8,742.5,240.82000000000002,278.56666666666666,False,Toys
2020-04-28,309.09999999999997,741.1,239.81,295.93333333333334,False,Toys
2020-04-29,334.4,739.7,238.8,313.3,True,Toys
2020-04-30,272.4,726.1,239.02,270.8,False,Toys
2020-05-01,242.75,767.3,242.845,232.5,False,Toys
2020-05-02,213.1,808.5,246.67,194.2,False,Toys
2020-05-03,234.3,783.0,234.34,215.8,False,Toys
2020-05-04,273.3,736.9,225.62,277.4,False,Toys
2020-05-05,241.3,746.2,240.22,218.4,False,Toys
2020-05-06,265.85,698.2833333333334,239.85666666666665,241.21666666666667,False,Toys
2020-05-07,290.40000000000003,650.3666666666667,239.49333333333334,264.03333333333336,False,Toys
2020-05-08,314.95000000000005,602.45,239.13,286.85,False,Toys
2020-05-09,283.675,671.5250000000001,241.015,274.625,False,Toys
2020-05-10,252.4,740.6,242.9,262.4,False,Toys
2020-05-11,235.4,740.8,242.97,224.2,False,Toys
2020-05-12,258.9666666666667,736.0333333333333,242.69333333333333,242.13333333333333,False,Toys
2020-05-13,282.53333333333336,731.2666666666667,242.41666666666666,260.06666666666666,False,Toys
2020-05-14,306.1,726.5,242.14,278.0,False,Toys
2020-05-15,313.8,719.0,239.18,326.6,False,Toys
2020-05-16,294.7,726.5,224.65,298.3,False,Toys
2020-05-17,247.3,743.3,235.82,253.1,False,Toys
2020-05-18,257.42,740.0,236.14,262.58,False,Toys
2020-05-19,267.54,736.6999999999999,236.45999999999998,272.06,False,Toys
2020-05-20,277.65999999999997,733.4,236.78,281.54,False,Toys
2020-05-21,287.78,730.0999999999999,237.1,291.02,False,Toys
2020-05-22,297.9,726.8,237.42,300.5,False,Toys
2020-05-23,287.7,726.2,241.47,266.3,False,Toys
2020-05-24,271.5,725.0,240.58,249.2,False,Toys
2020-05-25,278.6,723.7333333333333,236.49,258.46666666666664,False,Toys
2020-05-26,285.7,722.4666666666667,232.4,267.73333333333335,False,Toys
2020-05-27,292.8,721.2,228.31,277.0,False,Toys
2020-05-28,303.8,721.3,239.27,315.5,False,Toys
2020-05-29,324.7,715.0,245.06,301.8,False,Toys
2020-05-30,319.7,713.1,239.35,328.1,False,Toys
2020-05-31,309.6,714.4,242.36,299.4,False,Toys
2020-06-01,298.7375,716.1625,240.29875,289.3125,False,Toys
2020-06-02,287.875,717.925,238.2375,279.225,False,Toys
2020-06-03,277.0125,719.6875,236.17625,269.1375,False,Toys
2020-06-04,266.15,721.45,234.115,259.05,False,Toys
2020-06-05,296.7,677.8,232.83,293.4,False,Toys
2020-06-06,332.9,665.3,228.47,303.3,False,Toys
2020-06-07,290.25,676.1,239.445,284.3,False,Toys
2020-06-08,247.3,689.4,236.95,245.8,False,Toys
2020-06-09,298.6,676.1,236.08,276.6,False,Toys
2020-06-10,434.8,683.4,231.3,453.5,True,Toys
2020-06-11,301.3,683.0,232.11,316.2,False,Toys
2020-06-12,289.9,647.8,241.04500000000002,282.15,False,Toys
2020-06-13,276.65,669.05,241.91250000000002,259.775,False,Toys
2020-06-14,263.4,690.3,242.78,237.4,False,Toys
2020-06-15,437.1,672.6,243.09,437.4,True,Toys
2020-06-16,367.20000000000005,671.35,242.28,364.45,False,Toys
2020-06-17,297.3,670.1,241.47,291.5,False,Toys
2020-06-18,396.1,661.6,235.18,412.0,True,Toys
2020-06-19,328.3,663.8,235.87,329.6,False,Toys
2020-06-20,314.8,669.95,235.055,311.70000000000005,False,Toys
2020-06-21,301.3,676.1,234.24,293.8,False,Toys
2020-06-22,302.7,672.825,237.79500000000002,296.375,False,Toys
2020-06-23,304.1,669.55,241.35000000000002,298.95000000000005,False,Toys
2020-06-24,305.5,666.275,244.905,301.52500000000003,False,Toys
2020-06-25,306.9,663.0,248.46,304.1,False,Toys
2020-06-26,449.0,654.9,229.53,411.1,True,Toys
2020-06-27,316.1,666.6,240.21,285.6,False,Toys
2020-06-28,399.6,661.4,233.02,388.4,True,Toys
2020-06-29,318.9,661.1,237.28,325.8,False,Toys
2020-06-30,313.16666666666663,663.3000000000001,233.76,320.43333333333334,False,Toys
2020-07-01,307.43333333333334,665.5,230.24,315.06666666666666,False,Toys
2020-07-02,301.7,667.7,226.72,309.7,False,Toys
2020-07-03,263.7,711.6,226.93,263.65,False,Toys
2020-07-04,225.7,755.5,227.14,217.6,False,Toys
2020-07-05,304.9,735.6,232.83,304.9,False,Toys
2020-07-06,285.35,704.1500000000001,236.64,281.54999999999995,False,Toys
2020-07-07,265.8,672.7,240.45,258.2,False,Toys
2020-07-08,282.3,666.4000000000001,243.475,264.5,False,Toys
2020-07-09,298.8,660.1,246.5,270.8,False,Toys
2020-07-10,510.3,646.8,236.4,464.3,True,Toys
2020-07-11,312.7,650.9,233.95,305.5,False,Toys
2020-07-12,301.6333333333333,654.8666666666667,234.45666666666665,297.6,False,Toys
2020-07-13,290.56666666666666,658.8333333333333,234.96333333333334,289.7,False,Toys
2020-07-14,279.5,662.8,235.47,281.8,False,Toys
2020-07-15,320.3,646.5,242.61,332.5,False,Toys
2020-07-16,340.7,644.4,228.51,336.7,False,Toys
2020-07-17,325.1,649.9,235.71,303.9,False,Toys
2020-07-18,314.8,647.0,229.2,329.3,False,Toys
2020-07-19,323.3,647.7,241.51,324.4,False,Toys
2020-07-20,291.9,658.0,234.53,268.6,False,Toys
2020-07-21,298.3,652.1,231.88,294.9,False,Toys
2020-07-22,337.8,636.0,238.61,331.0,False,Toys
2020-07-23,354.75,634.85,236.985,334.95,False,Toys
2020-07-24,371.7,633.7,235.36,338.9,False,Toys
2020-07-25,336.4,640.7,234.82,320.8,False,Toys
2020-07-26,307.3,637.0,247.08,288.9,False,Toys
2020-07-27,317.6,632.6,242.71,323.0,False,Toys
2020-07-28,324.93333333333334,633.2333333333333,241.42666666666668,318.6,False,Toys
2020-07-29,332.2666666666667,633.8666666666667,240.14333333333335,314.2,False,Toys
2020-07-30,339.6,634.5,238.86,309.8,False,Toys
2020-07-31,337.2,643.3,243.0,342.6,False,Toys
2020-08-01,275.35,725.6,239.43,279.1,False,Toys
2020-08-02,337.25,723.5,242.76,327.45,False,Toys
2020-08-03,321.9,655.3,234.34,292.5,False,Toys
2020-08-04,291.25,606.2,229.36,295.45,False,Toys
2020-08-05,300.43333333333334,621.5666666666667,231.14000000000001,294.6333333333333,False,Toys
2020-08-06,309.6166666666667,636.9333333333333,232.92,293.81666666666666,False,Toys
2020-08-07,318.8,652.3,234.7,293.0,False,Toys
2020-08-08,322.5,474.1,231.44,312.9,False,Toys
2020-08-09,297.2,629.9,235.39,293.8,False,Toys
2020-08-10,287.0,667.8,241.05,282.1,False,Toys
2020-08-11,300.2,659.5,233.92,302.1,False,Toys
2020-08-12,294.4,629.55,232.305,275.25,False,Toys
2020-08-13,331.5,649.2,230.73,321.7,False,Toys
2020-08-14,306.4,655.9,237.22,289.5,False,Toys
2020-08-15,315.1,653.5,233.3,310.65,False,Toys
2020-08-16,323.8,651.1,229.38,331.8,False,Toys
2020-08-17,489.3,645.3,241.4,443.9,True,Toys
2020-08-18,443.55,646.15,232.875,404.7,False,Toys
2020-08-19,397.8,647.0,224.35,365.5,True,Toys
2020-08-20,299.5,649.2,229.91,281.2,False,Toys
2020-08-21,317.25,640.1500000000001,232.03,303.79999999999995,False,Toys
2020-08-22,335.0,631.1,234.15,326.4,False,Toys
2020-08-23,325.7,627.8,235.51,324.8,False,Toys
2020-08-24,265.8,643.0,236.82,257.6,False,Toys
2020-08-25,324.0,628.6,239.74,317.6,False,Toys
2020-08-26,464.0,633.7,233.28,462.4,True,Toys
2020-08-27,406.65,634.7,240.76,393.75,False,Toys
2020-08-28,349.3,635.7,248.24,325.1,False,Toys
2020-08-29,311.9,643.6,243.38,284.6,False,Toys
2020-08-30,309.5,646.4000000000001,244.24,295.9,False,Toys
2020-08-31,307.1,649.2,245.1,307.2,False,Toys
2020-09-01,288.4,656.4,235.52,295.1,False,Toys
2020-09-02,332.2,642.4,241.3,309.4,False,Toys
2020-09-03,331.76666666666665,635.3666666666667,238.88666666666668,311.6333333333333,False,Toys
2020-09-04,331.3333333333333,628.3333333333333,236.47333333333333,313.8666666666667,False,Toys
2020-09-05,330.9,621.3,234.06,316.1,False,Toys
2020-09-06,293.0,633.7,237.22,280.7,False,Toys
2020-09-07,307.4,646.1500000000001,239.595,298.4,False,Toys
2020-09-08,321.8,658.6,241.97,316.1,False,Toys
2020-09-09,319.2,621.8,237.54,331.6,False,Toys
2020-09-10,351.4,618.3,231.15,332.2,False,Toys
2020-09-11,343.79999999999995,620.7,237.435,340.1,False,Toys
2020-09-12,336.2,623.1,243.72,348.0,False,Toys
2020-09-13,414.8,635.2,231.1,424.5,True,Toys
2020-09-14,324.2,627.7,237.66,303.8,False,Toys
2020-09-15,299.1,625.7,239.26,276.8,False,Toys
2020-09-16,314.7,619.0,236.71,321.7,False,Toys
2020-09-17,445.3,621.8,232.64,455.0,True,Toys
2020-09-18,367.3,608.0,229.66,366.9,False,Toys
2020-09-19,297.9,626.0,238.36,281.4,False,Toys
2020-09-20,327.6,619.8,233.02,319.7,False,Toys
2020-09-21,304.8,620.0,239.02,317.3,False,Toys
2020-09-22,274.1,635.1,228.9,253.1,False,Toys
2020-09-23,293.95000000000005,632.2,234.025,289.4,False,Toys
2020-09-24,313.8,629.3,239.15,325.7,False,Toys
2020-09-25,330.2,623.4,227.72,343.1,False,Toys
2020-09-26,322.73333333333335,627.5666666666666,232.49333333333334,335.73333333333335,False,Toys
2020-09-27,315.26666666666665,631.7333333333333,237.26666666666665,328.3666666666667,False,Toys
2020-09-28,307.8,635.9,242.04,321.0,False,Toys
2020-09-29,312.4,632.8,232.87,303.2,False,Toys
2020-09-30,297.8,630.1,235.6,307.2,False,Toys
2020-10-01,327.1,619.5,233.29,324.2,False,Toys
2020-10-02,325.4,621.65,234.28,307.9,False,Toys
2020-10-03,323.7,623.8,235.27,291.6,False,Toys
2020-10-04,285.4,634.1,231.1,266.6,False,Toys
2020-10-05,270.95,643.1500000000001,238.47,264.25,False,Toys
2020-10-06,256.5,652.2,245.84,261.9,False,Toys
2020-10-07,285.1,638.25,239.625,289.1,False,Toys
2020-10-08,313.7,624.3,233.41,316.3,False,Toys
2020-10-09,311.7,625.5,231.7,295.8,False,Toys
2020-10-10,299.65,628.45,234.23,296.95000000000005,False,Toys
2020-10-11,287.6,631.4,236.76,298.1,False,Toys
2020-10-12,289.4666666666667,631.5666666666666,232.04333333333332,293.0,False,Toys
2020-10-13,291.3333333333333,631.7333333333333,227.32666666666668,287.90000000000003,False,Toys
2020-10-14,293.2,631.9,222.61,282.8,False,Toys
2020-10-15,303.45,625.55,228.695,299.25,False,Toys
2020-10-16,313.7,619.2,234.78,315.7,False,Toys
2020-10-17,296.2,627.2,242.46,291.8,False,Toys
2020-10-18,285.3,627.4,233.21,261.8,False,Toys
2020-10-19,281.0,630.5,240.18,280.6,False,Toys
2020-10-20,288.1,621.9,237.36,269.4,False,Toys
2020-10-21,311.1,618.8499999999999,235.34,298.2,False,Toys
2020-10-22,334.1,615.8,233.32,327.0,False,Toys
2020-10-23,333.0,622.9,233.68,320.05,False,Toys
2020-10-24,331.9,630.0,234.04,313.1,False,Toys
2020-10-25,302.2,632.7,240.86,306.3,False,Toys
2020-10-26,268.1,640.6,236.79,273.0,False,Toys
2020-10-27,268.7,642.9,239.54,259.5,False,Toys
2020-10-28,287.45,637.5999999999999,236.495,282.5,False,Toys
2020-10-29,306.2,632.3,233.45,305.5,False,Toys
2020-10-30,382.65,630.55,240.665,361.05,False,Toys
2020-10-31,459.1,628.8,247.88,416.6,True,Toys
2020-11-01,424.48,624.6999999999999,245.344,388.62,False,Toys
2020-11-02,389.86,620.5999999999999,242.808,360.64,False,Toys
2020-11-03,355.24,616.5,240.272,332.65999999999997,False,Toys
2020-11-04,320.62,612.4,237.736,304.68,False,Toys
2020-11-05,286.0,608.3,235.2,276.7,False,Toys
2020-11-06,330.4,603.6,236.75,310.2,False,Toys
2020-11-07,315.5,607.6,235.41,306.5,False,Toys
2020-11-08,299.0,613.6,232.17,313.0,False,Toys
2020-11-09,327.6,627.5,232.15,294.9,False,Toys
2020-11-10,318.9,622.8,226.15,319.6,True,Toys
2020-11-11,286.4,609.4,237.34,287.5,False,Toys
2020-11-12,293.8,608.0,237.9,296.6,False,Toys
2020-11-13,455.8,600.7,244.12,421.5,True,Toys
2020-11-14,313.0,595.7,239.46,310.0,False,Toys
2020-11-15,289.0,605.5,240.43,276.05,False,Toys
2020-11-16,265.0,615.3,241.4,242.1,False,Toys
2020-11-17,337.35,610.75,238.32,310.1,False,Toys
2020-11-18,409.7,606.2,235.24,378.1,True,Toys
2020-11-19,253.9,607.7,240.81,255.1,False,Toys
2020-11-20,295.0,592.2,246.79,276.0,False,Toys
2020-11-21,311.7,598.3,234.79,289.5,False,Toys
2020-11-22,287.4,606.3,236.79,263.7,False,Toys
2020-11-23,270.2,608.5,244.27,265.2,False,Toys
2020-11-24,251.8,611.7,234.08,242.1,False,Toys
2020-11-25,276.4,610.6,232.87,249.6,False,Toys
2020-11-26,284.5,611.6,232.9,289.3,False,Toys
2020-11-27,288.9,617.5,240.49,268.7,False,Toys
2020-11-28,270.4,625.9,238.095,265.6,False,Toys
2020-11-29,251.9,634.3,235.7,262.5,False,Toys
2020-11-30,234.65,713.3499999999999,235.98,238.15,False,Toys
2020-12-01,217.4,792.4,236.26,213.8,False,Toys
2020-12-02,220.96666666666667,775.6999999999999,233.11666666666667,220.66666666666669,False,Toys
2020-12-03,224.53333333333333,759.0,229.97333333333333,227.53333333333333,False,Toys
2020-12-04,228.1,742.3,226.83,234.4,False,Toys
2020-12-05,236.91666666666666,708.2666666666667,228.53,240.55,False,Toys
2020-12-06,245.73333333333335,674.2333333333333,230.23000000000002,246.70000000000002,False,Toys
2020-12-07,254.55,640.2,231.93,252.85000000000002,False,Toys
2020-12-08,263.175,624.25,234.31,254.175,False,Toys
2020-12-09,271.8,608.3,236.69,255.5,False,Toys
2020-12-10,300.6,607.3,232.81,291.6,False,Toys
2020-12-11,280.8,613.6,240.19,272.4,False,Toys
2020-12-12,284.5,620.8,236.96,258.8,False,Toys
2020-12-13,241.7,638.2,240.36,221.7,False,Toys
2020-12-14,252.7,638.2,232.49,233.3,False,Toys
2020-12-15,221.8,649.1,243.71,232.2,False,Toys
2020-12-16,269.6,631.2,236.6,266.1,False,Toys
2020-12-17,385.1,630.8,238.81,375.2,True,Toys
2020-12-18,297.9,628.9,238.34,276.8,False,Toys
2020-12-19,278.1,636.65,240.49,257.2,False,Toys
2020-12-20,258.3,644.4,242.64,237.6,False,Toys
2020-12-21,250.0,638.5,236.35,238.4,False,Toys
2020-12-22,402.7,638.6,233.39,404.0,True,Toys
2020-12-23,332.95,639.3,236.17,328.15,False,Toys
2020-12-24,263.2,640.0,238.95,252.3,False,Toys
2020-12-25,269.3,636.5,238.47,246.8,False,Toys
2020-12-26,233.4,639.2,239.59,244.2,False,Toys
2020-12-27,314.4,636.3,241.71,287.8,True,Toys
2020-12-28,262.9,630.4,239.15,241.1,False,Toys
2020-12-29,607.05,630.95,237.945,237.3,False,Toys
2020-12-30,951.2,631.5,236.74,233.5,False,Toys
2020-12-31,282.7,620.6,243.64,295.3,False,Toys
2021-01-01,271.8666666666667,622.9666666666667,240.70666666666665,274.9,False,Toys
2021-01-02,261.0333333333333,625.3333333333334,237.77333333333334,254.5,False,Toys
2021-01-03,250.2,627.7,234.84,234.1,False,Toys
2021-01-04,263.81,629.22,234.924,250.48,False,Toys
2021-01-05,277.42,630.74,235.008,266.86,False,Toys
2021-01-06,291.03,632.26,235.09199999999998,283.24,False,Toys
2021-01-07,304.64,633.78,235.176,299.62,False,Toys
2021-01-08,318.25,635.3,235.26,316.0,False,Toys
2021-01-09,308.0,642.4,234.37,290.1,True,Toys
2021-01-10,258.0,632.2,242.13,261.4,False,Toys
2021-01-11,253.55,631.8,242.445,255.54999999999998,False,Toys
2021-01-12,249.1,631.4,242.76,249.7,False,Toys
2021-01-13,332.5,478.1,239.55,319.45,False,Toys
2021-01-14,415.9,324.8,236.34,389.2,True,Toys
2021-01-15,273.8,328.5,240.15,35.4,False,Toys
2021-01-16,275.7,324.7,234.85,268.5,False,Toys
2021-01-17,238.2,331.1,238.83,241.3,False,Toys
2021-01-18,236.4,631.8,243.81,246.4,False,Toys
2021-01-19,1120.3,629.9,243.3,256.6,False,Toys
2021-01-20,239.2,641.1,241.78,229.5,False,Toys
2021-01-21,245.8,635.05,240.185,229.15,False,Toys
2021-01-22,252.4,629.0,238.59,228.8,False,Toys
2021-01-23,261.4,635.9,237.89,2585.0,False,Toys
2021-01-24,238.8,646.6,250.1,228.7,False,Toys
2021-01-25,231.4,642.2,228.32,211.3,False,Toys
2021-01-26,659.1,636.0,234.4,242.7,False,Toys
2021-01-27,261.5,618.9,238.43,271.7,False,Toys
2021-01-28,263.7,622.4,237.0,263.7,False,Toys
2021-01-29,370.5,619.2,236.37,365.2,True,Toys
2021-01-30,300.25,622.25,236.16500000000002,297.35,False,Toys
2021-01-31,230.0,625.3,235.96,229.5,False,Toys
2021-02-01,246.5,621.5,235.2,258.8,False,Toys
2021-02-02,239.8,618.3,238.68,250.1,False,Toys
2021-02-03,250.3,608.1,227.21,250.6,False,Toys
2021-02-04,235.2,609.8,231.53,232.5,False,Toys
2021-02-05,263.1,600.4,231.13,254.6,False,Toys
2021-02-06,249.77500000000003,607.8,233.0125,242.2,False,Toys
2021-02-07,236.45000000000002,615.2,234.89499999999998,229.8,False,Toys
2021-02-08,223.125,622.6,236.7775,217.4,False,Toys
2021-02-09,209.8,630.0,238.66,205.0,False,Toys
2021-02-10,235.25,629.6,239.95,238.95,False,Toys
2021-02-11,260.7,629.2,241.24,272.9,False,Toys
2021-02-12,260.79999999999995,635.2,239.755,268.45,False,Toys
2021-02-13,260.9,641.2,238.27,264.0,False,Toys
2021-02-14,230.7,647.5,240.0,237.4,False,Toys
2021-02-15,232.3,643.2,239.57999999999998,230.60000000000002,False,Toys
2021-02-16,233.9,638.9,239.16,223.8,False,Toys
2021-02-17,264.1,624.4,236.75,239.0,False,Toys
2021-02-18,269.3,622.0,244.32,248.1,False,Toys
2021-02-19,244.5,627.2,240.01,237.9,False,Toys
2021-02-20,247.8,629.9,241.88,257.1,False,Toys
2021-02-21,238.9,631.4,246.72,222.2,False,Toys
2021-02-22,235.2,636.1,232.68,222.3,False,Toys
2021-02-23,275.26666666666665,637.0666666666667,233.13666666666668,267.6,False,Toys
2021-02-24,315.3333333333333,638.0333333333333,233.59333333333333,312.9,False,Toys
2021-02-25,355.4,639.0,234.05,358.2,True,Toys
2021-02-26,313.95,633.1,233.175,312.2,False,Toys
2021-02-27,272.5,627.2,232.3,266.2,False,Toys
2021-02-28,262.8,639.0,232.03,240.8,False,Toys
2021-03-01,233.8,650.1,236.53,241.3,False,Toys
2021-03-02,202.0,653.9,245.61,203.4,False,Toys
2021-03-03,245.5,642.1,241.52,221.9,False,Toys
2021-03-04,259.65,638.0,241.97000000000003,242.8,False,Toys
2021-03-05,273.8,633.9,242.42000000000002,263.7,False,Toys
2021-03-06,241.7,651.3,238.53,243.7,False,Toys
2021-03-07,264.7,637.3,236.46,249.6,False,Toys
2021-03-08,246.3,643.3,243.03,229.5,False,Toys
2021-03-09,223.2,646.5,236.15,218.3,False,Toys
2021-03-10,249.8,651.0,228.14,253.6,False,Toys
2021-03-11,281.65,653.95,232.375,275.8,False,Toys
2021-03-12,268.325,661.7750000000001,235.29250000000002,267.05,False,Toys
2021-03-13,255.0,669.6,238.21,258.3,False,Toys
2021-03-14,225.5,670.8,238.35,223.7,False,Toys
2021-03-15,244.9,659.2,230.92,247.7,False,Toys
2021-03-16,262.2,649.4,225.97,268.2,False,Toys
2021-03-17,256.8,640.5,241.0,234.0,False,Toys
2021-03-18,289.3,636.3,229.0,278.0,False,Toys
2021-03-19,255.6,641.7,235.91,256.9,False,Toys
2021-03-20,242.5,641.5,235.51,227.1,False,Toys
2021-03-21,246.5,646.9,236.49,226.5,False,Toys
2021-03-22,248.8,643.8,238.96,242.7,False,Toys
2021-03-23,247.7,646.4,233.65,253.4,False,Toys
2021-03-24,290.6,636.6,236.73,267.5,False,Toys
2021-03-25,283.4,639.6,237.20999999999998,269.55,False,Toys
2021-03-26,276.2,642.6,237.69,271.6,False,Toys
2021-03-27,284.0,637.6,243.0,260.1,False,Toys
2021-03-28,270.2,640.25,240.58499999999998,253.35000000000002,False,Toys
2021-03-29,256.4,642.9,238.17,246.6,False,Toys
2021-03-30,276.8,632.7,241.38,274.8,False,Toys
2021-03-31,266.75,630.2,243.39999999999998,269.5,False,Toys
2021-04-01,256.7,627.7,245.42,264.2,False,Toys
2021-04-02,312.5,625.9,230.68,296.9,False,Toys
2021-04-03,294.0,629.65,231.46,273.29999999999995,False,Toys
2021-04-04,275.5,633.4,232.24,249.7,False,Toys
2021-04-05,271.1,631.95,233.19,260.04999999999995,False,Toys
2021-04-06,266.7,630.5,234.14,270.4,False,Toys
2021-04-07,267.65,627.8,235.825,256.2,False,Toys
2021-04-08,268.6,625.1,237.51,242.0,False,Toys
2021-04-09,318.20000000000005,618.5,234.19,309.7,False,Toys
2021-04-10,367.8,611.9,230.87,377.4,True,Toys
2021-04-11,309.5,620.05,236.97500000000002,314.79999999999995,False,Toys
2021-04-12,251.2,628.2,243.08,252.2,False,Toys
2021-04-13,262.0,629.8,245.53,269.6,False,Toys
2021-04-14,288.6,623.8,234.8,260.3,False,Toys
2021-04-15,289.0,626.4,241.56,282.0,False,Toys
2021-04-16,302.3,623.8,238.93,305.1,False,Toys
2021-04-17,268.7,626.8,238.79,264.9,False,Toys
2021-04-18,276.29999999999995,625.2,238.81,270.5,False,Toys
2021-04-19,283.9,623.6,238.83,276.1,False,Toys
2021-04-20,275.3,633.0,237.83,258.0,False,Toys
2021-04-21,269.1,631.2,246.43,280.2,False,Toys
2021-04-22,311.2,621.1,226.27,312.7,False,Toys
2021-04-23,288.4,632.3,229.35,287.0,False,Toys
2021-04-24,289.1,623.6,240.85,267.9,False,Toys
2021-04-25,261.8,626.3,238.2,242.6,False,Toys
2021-04-26,258.4,622.2,228.39,257.0,False,Toys
2021-04-27,278.6,624.6,231.98,280.9,False,Toys
2021-04-28,287.8,625.8,234.99,271.1,False,Toys
2021-04-29,298.6,618.9,240.86,286.6,False,Toys
2021-04-30,470.5,615.0,236.16,440.8,True,Toys
2021-05-01,260.3,633.75,230.215,259.15,False,Toys
2021-05-02,267.55,635.6125,232.83625,269.8375,False,Toys
2021-05-03,274.8,637.475,235.45749999999998,280.525,False,Toys
2021-05-04,282.05,639.3375000000001,238.07874999999999,291.2125,False,Toys
2021-05-05,289.3,641.2,240.7,301.9,False,Toys
2021-05-06,301.15,639.1500000000001,238.345,299.54999999999995,False,Toys
2021-05-07,313.0,637.1,235.99,297.2,False,Toys
2021-05-08,301.6,636.5,231.1,291.4,False,Toys
2021-05-09,287.3,640.6,235.73,271.3,False,Toys
2021-05-10,268.9,646.4,236.31,260.4,False,Toys
2021-05-11,291.8,641.9,232.54,288.2,False,Toys
2021-05-12,296.0,641.0,237.35,277.2,False,Toys
2021-05-13,316.35,638.9,235.935,290.25,False,Toys
2021-05-14,336.7,636.8,234.52,303.3,False,Toys
2021-05-15,388.4,645.1,236.95,362.2,True,Toys
2021-05-16,344.45,644.75,231.695,334.9,False,Toys
2021-05-17,300.5,644.4,226.44,307.6,False,Toys
2021-05-18,284.3,648.8,231.89,276.8,False,Toys
2021-05-19,307.8,641.1,235.85,307.1,False,Toys
2021-05-20,330.4,631.2,226.77,329.6,False,Toys
2021-05-21,326.0,631.4000000000001,229.095,322.1,False,Toys
2021-05-22,321.6,631.6,231.42,314.6,False,Toys
2021-05-23,295.5,648.2,238.68,283.6,False,Toys
2021-05-24,279.7,657.4,232.8,292.2,False,Toys
2021-05-25,483.3,646.4,233.48,4869.0,True,Toys
2021-05-26,329.6,639.1,234.21,313.7,False,Toys
2021-05-27,342.6,632.5,230.98,344.8,False,Toys
2021-05-28,298.9,643.2,245.98,299.5,False,Toys
2021-05-29,334.4,633.0,226.52,331.8,False,Toys
2021-05-30,302.5,642.3,236.3,316.3,False,Toys
2021-05-31,285.7,646.95,238.72500000000002,286.5,False,Toys
2021-06-01,268.9,651.6,241.15,256.7,False,Toys
2021-06-02,280.25,622.2,240.07,267.0,False,Toys
2021-06-03,353.9,622.1,237.75,351.2,False,Toys
2021-06-04,341.47499999999997,627.95,237.35,329.275,False,Toys
2021-06-05,329.04999999999995,633.8,236.95,307.35,False,Toys
2021-06-06,306.0,638.5,232.72,312.9,False,Toys
2021-06-07,317.0,638.4,239.2,327.8,False,Toys
2021-06-08,328.1,632.95,243.3,335.55,False,Toys
2021-06-09,339.2,627.5,247.4,343.3,False,Toys
2021-06-10,328.0,631.0,236.63,325.8,False,Toys
2021-06-11,336.3,419.9,236.57,306.5,False,Toys
2021-06-12,303.85,551.1,237.68,311.20000000000005,False,Toys
2021-06-13,293.125,494.85,237.3,298.8,False,Toys
2021-06-14,282.4,438.6,236.92,286.4,False,Toys
2021-06-15,352.5,544.5,233.685,364.75,False,Toys
2021-06-16,422.6,650.4,230.45,443.1,True,Toys
2021-06-17,341.4,647.5,244.63,338.1,False,Toys
2021-06-18,573.6,640.1,234.73,550.5,True,Toys
2021-06-19,349.7,634.4,231.81,327.0,False,Toys
2021-06-20,353.7,638.2,237.75,330.0,False,Toys
2021-06-21,316.6,649.1,241.03,297.5,False,Toys
2021-06-22,316.1,655.1,244.38,295.4,False,Toys
2021-06-23,303.8,660.3,245.6,311.9,False,Toys
2021-06-24,330.6,657.8,237.95,341.1,False,Toys
2021-06-25,364.6,646.0,237.86,376.1,False,Toys
2021-06-26,357.0,637.4,241.35,370.8,False,Toys
2021-06-27,341.2,645.3,238.35,357.0,False,Toys
2021-06-28,318.6,641.9,236.08,330.4,False,Toys
2021-06-29,299.9,648.4,234.6,297.9,False,Toys
2021-06-30,303.3,649.5,233.38,313.8,False,Toys
2021-07-01,341.3,634.8,239.93,352.2,False,Toys
2021-07-02,351.9,638.4,233.36,364.0,False,Toys
2021-07-03,357.2,633.4,235.68,336.8,False,Toys
2021-07-04,890.45,637.75,235.69,326.20000000000005,False,Toys
2021-07-05,1423.7,642.1,235.7,315.6,False,Toys
2021-07-06,304.7,655.1,243.97,317.1,False,Toys
2021-07-07,321.2,654.9,237.04,298.3,False,Toys
2021-07-08,336.7,644.2,238.98,326.7,False,Toys
2021-07-09,339.3,646.1333333333333,235.37666666666667,333.59999999999997,False,Toys
2021-07-10,341.9,648.0666666666667,231.7733333333333,340.5,False,Toys
2021-07-11,344.5,650.0,228.17,347.4,False,Toys
2021-07-12,353.525,647.35,230.2875,354.0,False,Toys
2021-07-13,362.55,644.7,232.40499999999997,360.6,False,Toys
2021-07-14,371.57500000000005,642.05,234.52249999999998,367.2,False,Toys
2021-07-15,380.6,639.4,236.64,373.8,False,Toys
2021-07-16,509.8,642.6,241.38,459.6,True,Toys
2021-07-17,354.8,644.5,235.45,338.1,False,Toys
2021-07-18,348.6,651.2,242.55,331.9,False,Toys
2021-07-19,343.45000000000005,653.05,241.48000000000002,341.2,False,Toys
2021-07-20,338.3,654.9,240.41,350.5,False,Toys
2021-07-21,338.6,654.0,240.44,325.0,False,Toys
2021-07-22,388.9,646.4,231.86,359.1,False,Toys
2021-07-23,501.3,641.5,231.81,480.6,True,Toys
2021-07-24,310.7,661.3,232.58,283.4,False,Toys
2021-07-25,321.8666666666667,655.9666666666666,235.87,296.3333333333333,False,Toys
2021-07-26,333.0333333333333,650.6333333333333,239.16,309.26666666666665,False,Toys
2021-07-27,344.2,645.3,242.45,322.2,False,Toys
2021-07-28,319.6,642.7,239.61,320.5,False,Toys
2021-07-29,384.3,625.8,232.52,375.0,False,Toys
2021-07-30,380.2,629.4,236.19,374.2,False,Toys
2021-07-31,367.1333333333333,634.3666666666667,235.29,364.56666666666666,False,Toys
2021-08-01,354.06666666666666,639.3333333333333,234.39000000000001,354.93333333333334,False,Toys
2021-08-02,341.0,644.3,233.49,345.3,False,Toys
2021-08-03,336.9,643.6999999999999,231.4875,342.45,False,Toys
2021-08-04,332.8,643.0999999999999,229.485,339.6,False,Toys
2021-08-05,328.70000000000005,642.5,227.4825,336.75,False,Toys
2021-08-06,324.6,641.9,225.48,333.9,False,Toys
2021-08-07,334.95000000000005,554.55,233.01,342.85,False,Toys
2021-08-08,345.3,467.2,240.54,351.8,False,Toys
2021-08-09,1216.0,651.0,233.59,297.3,False,Toys
2021-08-10,309.0,648.6,236.68,282.8,False,Toys
2021-08-11,315.95,652.8499999999999,235.9675,293.32500000000005,False,Toys
2021-08-12,322.9,657.0999999999999,235.255,303.85,False,Toys
2021-08-13,382.6,628.8,225.89,354.8,False,Toys
2021-08-14,358.1,634.5,232.71,373.2,False,Toys
2021-08-15,363.05,633.3,231.71,371.65,False,Toys
2021-08-16,368.0,632.1,230.71,370.1,False,Toys
2021-08-17,372.95,630.9000000000001,229.71,368.55,False,Toys
2021-08-18,377.9,629.7,228.71,367.0,False,Toys
2021-08-19,365.3,628.7,235.21,380.1,False,Toys
2021-08-20,381.9,623.7,234.69,349.5,False,Toys
2021-08-21,387.2,622.9,241.14,360.2,False,Toys
2021-08-22,359.0,637.1,240.42,355.2,False,Toys
2021-08-23,356.43333333333334,636.4333333333334,238.86333333333332,343.46666666666664,False,Toys
2021-08-24,353.8666666666667,635.7666666666667,237.30666666666667,331.73333333333335,False,Toys
2021-08-25,351.3,635.1,235.75,320.0,False,Toys
2021-08-26,360.85,624.6500000000001,235.015,328.95,False,Toys
2021-08-27,370.4,614.2,234.28,337.9,False,Toys
2021-08-28,504.1,622.0,233.96,523.1,True,Toys
2021-08-29,473.2,627.5,236.03,445.5,True,Toys
2021-08-30,360.2,617.7,240.74,362.8,False,Toys
2021-08-31,332.7,627.9,239.59,320.9,False,Toys
2021-09-01,359.29999999999995,622.65,237.435,353.0,False,Toys
2021-09-02,385.9,617.4,235.28,385.1,False,Toys
2021-09-03,375.25,618.45,235.525,378.75,False,Toys
2021-09-04,364.6,619.5,235.77,372.4,False,Toys
2021-09-05,484.2,621.8,234.88,440.6,True,Toys
2021-09-06,412.79999999999995,625.5999999999999,234.95499999999998,394.85,False,Toys
2021-09-07,341.4,629.4,235.03,349.1,False,Toys
2021-09-08,382.0,615.1,233.79,346.4,False,Toys
2021-09-09,338.3,631.3,248.7,308.6,False,Toys
2021-09-10,356.9,629.4,235.89,371.5,False,Toys
2021-09-11,347.0,632.25,234.995,358.8,False,Toys
2021-09-12,337.1,635.1,234.1,346.1,False,Toys
2021-09-13,294.9,651.5,234.37,272.4,False,Toys
2021-09-14,318.0,647.2,242.7,303.5,False,Toys
2021-09-15,349.4,636.6,239.35,354.5,False,Toys
2021-09-16,354.7333333333333,638.0,238.79999999999998,348.4,False,Toys
2021-09-17,360.06666666666666,639.4,238.25,342.3,False,Toys
2021-09-18,365.4,640.8,237.7,336.2,False,Toys
2021-09-19,338.6,655.25,236.86,330.35,False,Toys
2021-09-20,311.8,669.7,236.02,324.5,False,Toys
2021-09-21,338.9,668.6,224.42,309.3,False,Toys
2021-09-22,360.0,658.3,231.94,352.4,False,Toys
2021-09-23,344.3,650.8,240.48,347.9,False,Toys
2021-09-24,384.6,644.0,234.45,394.3,False,Toys
2021-09-25,364.0,648.1,235.925,361.0,False,Toys
2021-09-26,343.4,652.2,237.4,327.7,False,Toys
2021-09-27,448.5,651.9,244.36,470.9,True,Toys
2021-09-28,405.0,656.2,237.16,368.2,True,Toys
2021-09-29,317.0,640.9,239.73,296.7,False,Toys
2021-09-30,372.1,625.3,235.98,368.8,False,Toys
2021-10-01,363.7,633.7,236.14,333.5,False,Toys
2021-10-02,319.5,623.1,239.075,309.15,False,Toys
2021-10-03,325.2,645.3,241.51,315.9,False,Toys
2021-10-04,317.0,643.9,233.62,287.9,False,Toys
2021-10-05,323.23333333333335,641.6666666666666,237.65333333333334,292.96666666666664,False,Toys
2021-10-06,329.46666666666664,639.4333333333334,241.68666666666667,298.03333333333336,False,Toys
2021-10-07,335.7,637.2,245.72,303.1,False,Toys
2021-10-08,357.5,627.1,238.63,369.9,False,Toys
2021-10-09,339.95,475.85,236.52499999999998,345.54999999999995,False,Toys
2021-10-10,322.4,324.6,234.42,321.2,False,Toys
2021-10-11,292.0,662.3,235.56,280.0,False,Toys
2021-10-12,322.0,323.7,230.73,17.2,False,Toys
2021-10-13,332.8666666666667,423.1666666666667,234.09333333333333,122.1,False,Toys
2021-10-14,343.73333333333335,522.6333333333333,237.45666666666665,226.99999999999997,False,Toys
2021-10-15,354.6,622.1,240.82,331.9,False,Toys
2021-10-16,330.8,630.0,237.08,324.4,False,Toys
2021-10-17,381.1,623.7,240.69,355.0,True,Toys
2021-10-18,313.7,623.0,227.04,320.8,False,Toys
2021-10-19,325.93333333333334,618.5333333333333,233.72666666666666,332.56666666666666,False,Toys
2021-10-20,338.16666666666663,614.0666666666667,240.41333333333333,344.33333333333337,False,Toys
2021-10-21,350.4,609.6,247.1,356.1,False,Toys
2021-10-22,373.4,595.7,235.54,360.7,False,Toys
2021-10-23,349.7,609.8,234.86,323.4,False,Toys
2021-10-24,333.2,617.1,231.37,309.6,False,Toys
2021-10-25,272.1,640.9,230.35,278.0,False,Toys
2021-10-26,300.05,635.55,234.805,288.05,False,Toys
2021-10-27,328.0,630.2,239.26,298.1,False,Toys
2021-10-28,333.8,630.1,229.16,336.3,False,Toys
2021-10-29,347.4,621.5,228.8,346.8,False,Toys
2021-10-30,304.1,636.1,239.92,310.2,False,Toys
2021-10-31,332.7,630.4,237.5,343.0,False,Toys
2021-11-01,299.8,638.5,238.52,3045.0,False,Toys
2021-11-02,345.53333333333336,640.5,239.23333333333335,2170.8,False,Toys
2021-11-03,391.26666666666665,642.5,239.94666666666666,1296.6000000000001,False,Toys
2021-11-04,437.0,644.5,240.66,422.4,True,Toys
2021-11-05,345.6,634.8,238.72,347.2,False,Toys
2021-11-06,287.6,656.2,242.36,292.7,False,Toys
2021-11-07,332.3,641.1,237.89,319.6,False,Toys
2021-11-08,318.70000000000005,657.8,237.95999999999998,301.7,False,Toys
2021-11-09,321.8,642.0,224.18,334.3,False,Toys
2021-11-10,344.9,319.8,232.24,347.7,False,Toys
2021-11-11,337.8,646.0,235.72,320.9,False,Toys
2021-11-12,339.2,650.4,240.55,330.9,False,Toys
2021-11-13,330.5,658.0,239.92,328.1,False,Toys
2021-11-14,322.2,657.0,234.44,301.6,False,Toys
2021-11-15,301.6,664.2,239.25,292.4,False,Toys
2021-11-16,256.5,673.8,228.12,240.1,False,Toys
2021-11-17,321.0,649.3,233.47,293.0,False,Toys
2021-11-18,324.2,647.8666666666667,235.70666666666668,295.3333333333333,False,Toys
2021-11-19,327.40000000000003,646.4333333333333,237.94333333333333,297.6666666666667,False,Toys
2021-11-20,330.6,645.0,240.18,300.0,False,Toys
2021-11-21,319.8,647.85,235.695,289.9,False,Toys
2021-11-22,309.0,650.7,231.21,279.8,False,Toys
2021-11-23,275.5,662.3,242.16,279.0,False,Toys
2021-11-24,285.7,661.9,240.69333333333333,286.96666666666664,False,Toys
2021-11-25,295.90000000000003,661.5,239.22666666666666,294.93333333333334,False,Toys
2021-11-26,306.1,661.1,237.76,302.9,False,Toys
2021-11-27,337.9,658.0,238.94,311.1,False,Toys
2021-11-28,308.0,666.4,247.67,296.5,False,Toys
2021-11-29,300.3,672.8,241.52,302.5,False,Toys
2021-11-30,286.6,673.8,233.37,278.6,False,Toys
2021-12-01,288.2,672.9,243.97,265.1,False,Toys
2021-12-02,324.2,657.9,237.39,297.7,False,Toys
2021-12-03,314.56666666666666,660.6333333333333,236.89,289.76666666666665,False,Toys
2021-12-04,304.93333333333334,663.3666666666667,236.39,281.8333333333333,False,Toys
2021-12-05,295.3,666.1,235.89,273.9,False,Toys
2021-12-06,309.79999999999995,660.175,232.5525,291.625,False,Toys
2021-12-07,324.29999999999995,654.25,229.215,309.35,False,Toys
2021-12-08,350.84999999999997,663.375,234.7225,347.32500000000005,False,Toys
2021-12-09,377.4,672.5,240.23,385.3,True,Toys
2021-12-10,342.85,676.65,238.31,346.15,False,Toys
2021-12-11,308.3,680.8,236.39,307.0,False,Toys
2021-12-12,296.2,692.4,240.48,309.9,False,Toys
2021-12-13,279.6,699.7,236.33,2771.0,False,Toys
2021-12-14,288.1,697.8,241.51,262.3,False,Toys
2021-12-15,303.53333333333336,690.5666666666666,240.59,278.8666666666667,False,Toys
2021-12-16,318.96666666666664,683.3333333333334,239.67,295.43333333333334,False,Toys
2021-12-17,334.4,676.1,238.75,312.0,False,Toys
2021-12-18,307.8,693.5,239.89,287.4,False,Toys
2021-12-19,279.1,698.4,242.1,267.8,False,Toys
2021-12-20,271.1,708.8,236.79,253.2,False,Toys
2021-12-21,720.25,699.75,239.675,275.54999999999995,False,Toys
2021-12-22,1169.4,690.7,242.56,297.9,False,Toys
2021-12-23,740.25,686.6,242.38,293.25,False,Toys
2021-12-24,311.1,682.5,242.2,288.6,False,Toys
2021-12-25,305.9,685.1,243.05,294.0,False,Toys
2021-12-26,289.9,685.6500000000001,240.65,276.85,False,Toys
2021-12-27,273.9,686.2,238.25,259.7,False,Toys
2021-12-28,280.5,682.4,235.68,280.2,False,Toys
2021-12-29,270.4,681.1,243.14,253.8,False,Toys
2021-12-30,286.9,679.6,239.07,276.4,False,Toys
2021-12-31,285.35,678.35,244.2,280.35,False,Toys
2022-01-01,283.8,677.1,249.33,284.3,False,Toys
2022-01-02,341.6,691.5,233.56,326.3,True,Toys
2022-01-03,264.9,677.2,238.03,276.3,False,Toys
2022-01-04,274.9,673.2,233.75,247.5,False,Toys
2022-01-05,291.7,616.8,239.17,282.0,False,Toys
2022-01-06,298.4,645.4,234.83999999999997,300.1,False,Toys
2022-01-07,305.1,674.0,230.51,318.2,False,Toys
2022-01-08,288.7,680.0,240.71,300.2,False,Toys
2022-01-09,418.25,632.7,246.235,412.6,False,Toys
2022-01-10,267.5,684.3,235.26,273.8,False,Toys
2022-01-11,280.9,682.2666666666667,237.04,279.8333333333333,False,Toys
2022-01-12,294.3,680.2333333333333,238.82,285.8666666666667,False,Toys
2022-01-13,307.7,678.2,240.6,291.9,False,Toys
2022-01-14,316.575,683.825,239.24,306.67499999999995,False,Toys
2022-01-15,325.45,689.45,237.88,321.45,False,Toys
2022-01-16,334.325,695.075,236.51999999999998,336.225,False,Toys
2022-01-17,343.2,700.7,235.16,351.0,True,Toys
2022-01-18,327.5,692.7666666666667,237.88666666666666,331.6666666666667,False,Toys
2022-01-19,311.8,684.8333333333334,240.61333333333334,312.3333333333333,False,Toys
2022-01-20,296.1,676.9,243.34,293.0,False,Toys
2022-01-21,284.4,669.3,240.75,264.6,False,Toys
2022-01-22,286.4,668.0,240.5,262.5,False,Toys
2022-01-23,324.79999999999995,675.6,238.19,303.95,False,Toys
2022-01-24,363.2,683.2,235.88,345.4,True,Toys
2022-01-25,323.45,681.85,240.245,302.65,False,Toys
2022-01-26,283.7,680.5,244.61,259.9,False,Toys
2022-01-27,283.43333333333334,685.2,240.91666666666669,258.5,False,Toys
2022-01-28,283.16666666666663,689.9,237.22333333333333,257.09999999999997,False,Toys
2022-01-29,282.9,694.6,233.53,255.7,False,Toys
2022-01-30,270.7,691.8,243.6,262.0,False,Toys
2022-01-31,227.0,703.2,231.47,215.7,False,Toys
2022-02-01,264.7,693.3,228.99,253.75,False,Toys
2022-02-02,302.4,683.4,226.51,291.8,False,Toys
2022-02-03,307.025,671.95,232.58249999999998,290.0,False,Toys
2022-02-04,311.65,660.5,238.655,288.20000000000005,False,Toys
2022-02-05,304.7,675.1,235.92,285.4,False,Toys
2022-02-06,319.65,627.2,237.505,317.20000000000005,False,Toys
2022-02-07,281.1,689.5,238.66,270.0,False,Toys
2022-02-08,241.3,699.0,234.42,239.2,False,Toys
2022-02-09,260.6,693.3,234.26,238.1,False,Toys
2022-02-10,275.1,682.8,239.76,286.0,False,Toys
2022-02-11,323.25,638.6,237.19,311.35,False,Toys
2022-02-12,300.375,661.1,235.4,295.125,False,Toys
2022-02-13,277.5,683.6,233.61,278.9,False,Toys
2022-02-14,273.43333333333334,683.7666666666667,234.23000000000002,270.3333333333333,False,Toys
2022-02-15,269.3666666666667,683.9333333333334,234.85,261.76666666666665,False,Toys
2022-02-16,265.3,684.1,235.47,253.2,False,Toys
2022-02-17,295.1,674.6,238.61,291.7,False,Toys
2022-02-18,297.2,668.8,242.86,270.7,False,Toys
2022-02-19,303.7,659.6,237.02,285.1,False,Toys
2022-02-20,268.4,676.6,239.13,253.3,False,Toys
2022-02-21,220.0,686.2,233.41,205.7,False,Toys
2022-02-22,249.1,674.0,228.74,232.9,False,Toys
2022-02-23,285.8,660.5,230.46,290.0,False,Toys
2022-02-24,262.7,664.4,235.05,275.1,False,Toys
2022-02-25,285.95,656.75,232.695,281.3,False,Toys
2022-02-26,309.2,649.1,230.34,287.5,False,Toys
2022-02-27,271.4,658.0,233.11,283.8,False,Toys
2022-02-28,264.8,666.0,238.05,263.7,False,Toys
2022-03-01,261.1,669.7,241.59,250.5,False,Toys
2022-03-02,285.5,669.15,237.33,288.0,False,Toys
2022-03-03,300.55,659.175,238.825,299.55,False,Toys
2022-03-04,315.6,649.2,240.32,311.1,False,Toys
2022-03-05,287.5,664.5,242.53,272.1,False,Toys
2022-03-06,310.25,617.85,230.87,306.25,False,Toys
2022-03-07,719.3499999999999,626.5,236.425,305.3,False,Toys
2022-03-08,588.0666666666666,629.7,241.07333333333335,312.43333333333334,False,Toys
2022-03-09,456.7833333333333,632.9,245.72166666666666,319.56666666666666,False,Toys
2022-03-10,325.5,636.1,250.37,326.7,False,Toys
2022-03-11,358.15,637.85,243.63,353.4,False,Toys
2022-03-12,390.8,639.6,236.89,380.1,True,Toys
2022-03-13,272.8,657.7,242.37,248.3,False,Toys
2022-03-14,250.9,662.9,246.25,256.1,False,Toys
2022-03-15,278.1,652.5,238.14,282.9,False,Toys
2022-03-16,288.55,651.05,236.45499999999998,294.25,False,Toys
2022-03-17,299.0,649.6,234.77,305.6,False,Toys
2022-03-18,299.0,639.0,246.54,301.2,False,Toys
2022-03-19,296.6,637.5,240.91,283.6,False,Toys
2022-03-20,279.20000000000005,644.35,234.805,271.3,False,Toys
2022-03-21,261.8,651.2,228.7,259.0,False,Toys
2022-03-22,256.2,652.9,234.72,256.0,False,Toys
2022-03-23,313.6,630.7,243.5,312.3,False,Toys
2022-03-24,301.75,637.75,240.44,301.35,False,Toys
2022-03-25,289.9,644.8,237.38,290.4,False,Toys
2022-03-26,274.4,651.9,244.9,272.6,False,Toys
2022-03-27,295.4,639.3,241.93,290.2,False,Toys
2022-03-28,258.3,656.1,244.39,237.2,False,Toys
2022-03-29,283.5,644.4,234.52,258.8,False,Toys
2022-03-30,287.96,642.6,236.374,269.16,False,Toys
2022-03-31,292.42,640.8,238.228,279.52000000000004,False,Toys
2022-04-01,296.88,639.0,240.082,289.88,False,Toys
2022-04-02,301.34000000000003,637.1999999999999,241.936,300.24,False,Toys
2022-04-03,305.8,635.4,243.79,310.6,False,Toys
2022-04-04,325.0,628.0,233.64,299.9,False,Toys
2022-04-05,320.3,626.95,236.485,307.95,False,Toys
2022-04-06,315.6,625.9,239.33,316.0,False,Toys
2022-04-07,336.43333333333334,618.9,236.56666666666666,341.76666666666665,False,Toys
2022-04-08,357.2666666666667,611.9,233.80333333333334,367.53333333333336,False,Toys
2022-04-09,378.1,604.9,231.04,393.3,False,Toys
2022-04-10,338.15,627.25,233.115,352.4,False,Toys
2022-04-11,298.2,649.6,235.19,311.5,False,Toys
2022-04-12,268.0,395.8,235.91,270.6,False,Toys
2022-04-13,475.4,382.2,243.73,494.2,True,Toys
2022-04-14,314.0,386.1,234.27,46.1,False,Toys
2022-04-15,329.6,380.1,237.42,340.5,False,Toys
2022-04-16,483.4,381.1,236.37,456.1,True,Toys
2022-04-17,302.5,639.3,245.37,291.5,False,Toys
2022-04-18,322.9,633.9,236.19,334.1,False,Toys
2022-04-19,298.5,643.2,244.65,287.2,False,Toys
2022-04-20,323.7,636.2,239.02,325.6,False,Toys
2022-04-21,345.0,627.2,238.54,318.5,False,Toys
2022-04-22,426.6,629.0,230.66,427.6,True,Toys
2022-04-23,309.8,629.0,235.14,320.1,False,Toys
2022-04-24,285.9,626.8,232.19,272.3,False,Toys
2022-04-25,300.7,623.5,238.41,308.8,False,Toys
2022-04-26,307.5,317.5,233.84,278.6,False,Toys
2022-04-27,281.0,318.5,237.5,279.9,False,Toys
2022-04-28,328.6,309.3,235.14,71.0,False,Toys
2022-04-29,340.7,308.9,247.02,321.6,False,Toys
2022-04-30,326.35,487.8,244.41000000000003,303.45000000000005,False,Toys
2022-05-01,312.0,666.7,241.8,285.3,False,Toys
2022-05-02,290.8,607.7,239.22,269.6,False,Toys
2022-05-03,316.0,599.8,236.49,317.6,False,Toys
2022-05-04,336.4,587.6999999999999,235.57333333333335,330.56666666666666,False,Toys
2022-05-05,356.8,575.6,234.65666666666667,343.53333333333336,False,Toys
2022-05-06,377.2,563.5,233.74,356.5,False,Toys
2022-05-07,345.3,582.8,246.87,348.6,False,Toys
2022-05-08,332.4,599.0,234.97,343.7,False,Toys
2022-05-09,297.6,609.3,243.31,301.4,False,Toys
2022-05-10,314.4,596.0,235.67,323.1,False,Toys
2022-05-11,335.5333333333333,585.1666666666666,239.14333333333332,331.43333333333334,False,Toys
2022-05-12,356.6666666666667,574.3333333333334,242.61666666666667,339.7666666666667,False,Toys
2022-05-13,377.8,563.5,246.09,348.1,False,Toys
2022-05-14,347.1,574.2,240.7,357.2,False,Toys
2022-05-15,334.7,573.3,233.99,306.8,False,Toys
2022-05-16,340.1,579.5,232.7,309.8,False,Toys
2022-05-17,343.7,575.5,232.03,352.0,False,Toys
2022-05-18,338.2,578.3,235.09,330.5,False,Toys
2022-05-19,353.2,573.3,238.94,334.1,False,Toys
2022-05-20,342.9,573.6333333333333,239.67666666666668,332.1,False,Toys
2022-05-21,332.6,573.9666666666666,240.41333333333333,330.1,False,Toys
2022-05-22,322.3,574.3,241.15,328.1,False,Toys
2022-05-23,342.2,569.2,232.7,344.4,False,Toys
2022-05-24,332.7,576.2,241.74,300.2,False,Toys
2022-05-25,431.8,573.3,229.41,399.0,True,Toys
2022-05-26,404.95000000000005,564.5,233.405,374.85,False,Toys
2022-05-27,378.1,555.7,237.4,350.7,False,Toys
2022-05-28,362.0,560.0,242.92,345.4,False,Toys
2022-05-29,372.6,561.6,235.12,382.7,False,Toys
2022-05-30,341.9,562.2,238.14,321.4,False,Toys
2022-05-31,331.8,573.1,235.17,305.3,False,Toys
2022-06-01,332.6,575.7,235.0,306.35,False,Toys
2022-06-02,333.4,578.3,234.82999999999998,307.4,False,Toys
2022-06-03,334.2,580.9,234.66,308.45,False,Toys
2022-06-04,335.0,583.5,234.49,309.5,False,Toys
2022-06-05,370.55,574.75,236.215,360.05,False,Toys
2022-06-06,406.1,566.0,237.94,410.6,True,Toys
2022-06-07,380.35,572.2,238.965,380.9,False,Toys
2022-06-08,328.6,572.1,244.25,323.6,False,Toys
2022-06-09,350.70000000000005,570.2,237.985,351.75,False,Toys
2022-06-10,372.8,568.3,231.72,379.9,False,Toys
2022-06-11,354.8,576.3,245.37,349.2,False,Toys
2022-06-12,331.6,584.2,237.19,316.0,False,Toys
2022-06-13,337.5,581.2,236.16,326.1,False,Toys
2022-06-14,349.05,578.6500000000001,235.135,335.4,False,Toys
2022-06-15,360.6,576.1,234.11,344.7,False,Toys
2022-06-16,376.9,570.8,235.12,346.0,False,Toys
2022-06-17,372.4,575.0,235.24,381.0,False,Toys
2022-06-18,382.0,562.0,235.65,360.0,False,Toys
2022-06-19,369.5,575.4,239.49,352.8,False,Toys
2022-06-20,355.5,581.2,238.68,352.4,False,Toys
2022-06-21,341.5,592.6,242.63,331.8,False,Toys
2022-06-22,356.0,584.6,244.68,366.2,False,Toys
2022-06-23,360.9,574.5,236.95,330.9,False,Toys
2022-06-24,374.95,562.0,237.52499999999998,341.85,False,Toys
2022-06-25,389.0,549.5,238.1,352.8,False,Toys
2022-06-26,353.0,558.8,240.39,348.6,False,Toys
2022-06-27,340.6,563.9,232.84,348.9,False,Toys
2022-06-28,345.5,567.1,242.56,341.4,False,Toys
2022-06-29,382.0,557.4,236.21,347.8,False,Toys
2022-06-30,363.4,571.4,232.89,376.8,False,Toys
2022-07-01,370.9,577.1,229.1,384.0,False,Toys
2022-07-02,382.5,571.5,230.4,346.3,False,Toys
2022-07-03,376.5,576.9666666666667,234.41,353.03333333333336,False,Toys
2022-07-04,370.5,582.4333333333333,238.42000000000002,359.76666666666665,False,Toys
2022-07-05,364.5,587.9,242.43,366.5,False,Toys
2022-07-06,396.1333333333333,585.75,240.82666666666668,391.28333333333336,False,Toys
2022-07-07,427.76666666666665,583.6,239.22333333333333,416.06666666666666,False,Toys
2022-07-08,459.4,581.45,237.62,440.85,False,Toys
2022-07-09,417.54999999999995,584.0250000000001,238.885,400.475,False,Toys
2022-07-10,375.7,586.6,240.15,360.1,False,Toys
2022-07-11,370.2,584.0,242.76,362.6,False,Toys
2022-07-12,366.29999999999995,584.9,243.935,367.55,False,Toys
2022-07-13,362.4,585.8,245.11,372.5,False,Toys
2022-07-14,395.6,581.4,233.47,378.9,False,Toys
2022-07-15,403.5,580.1,239.39,409.5,False,Toys
2022-07-16,373.6,583.1,234.51,390.9,False,Toys
2022-07-17,372.5,583.3,244.49,385.0,False,Toys
2022-07-18,360.1,572.6,237.74,331.9,False,Toys
2022-07-19,334.4,585.4,237.24,317.5,False,Toys
2022-07-20,383.3,581.8,226.53,347.8,False,Toys
2022-07-21,383.35,582.0999999999999,228.79500000000002,369.75,False,Toys
2022-07-22,383.4,582.4,231.06,391.7,False,Toys
2022-07-23,383.4,587.3,237.14,350.9,False,Toys
2022-07-24,377.5,584.8,236.52999999999997,363.04999999999995,False,Toys
2022-07-25,371.6,582.3,235.92,375.2,False,Toys
2022-07-26,376.4,584.3,239.62,378.4,False,Toys
2022-07-27,378.93333333333334,579.2333333333333,237.77666666666667,371.2333333333333,False,Toys
2022-07-28,381.46666666666664,574.1666666666666,235.93333333333334,364.06666666666666,False,Toys
2022-07-29,384.0,569.1,234.09,356.9,False,Toys
2022-07-30,396.3,562.7,234.89,408.6,False,Toys
2022-07-31,531.3,558.5,236.39,498.3,True,Toys
2022-08-01,380.5,568.9,238.51,392.5,False,Toys
2022-08-02,341.6,580.2,227.22,318.4,False,Toys
2022-08-03,281.5,655.1,234.85,271.3,False,Toys
2022-08-04,402.3,569.7,240.25,362.7,False,Toys
2022-08-05,397.5,568.7,239.06,399.8,False,Toys
2022-08-06,407.7,574.8,239.62,426.8,False,Toys
2022-08-07,404.96,574.86,236.988,423.72,False,Toys
2022-08-08,402.21999999999997,574.92,234.356,420.64,False,Toys
2022-08-09,399.48,574.98,231.72400000000002,417.56,False,Toys
2022-08-10,396.74,575.04,229.092,414.47999999999996,False,Toys
2022-08-11,394.0,575.1,226.46,411.4,False,Toys
2022-08-12,386.85,575.0,230.73000000000002,389.1,False,Toys
2022-08-13,379.7,574.9,235.0,366.8,False,Toys
2022-08-14,355.54999999999995,589.25,236.79000000000002,350.3,False,Toys
2022-08-15,331.4,603.6,238.58,333.8,False,Toys
2022-08-16,358.4,592.7,236.21,364.9,False,Toys
2022-08-17,359.3,587.9,227.79,338.2,False,Toys
2022-08-18,389.1,585.45,229.18,375.79999999999995,False,Toys
2022-08-19,418.9,583.0,230.57,413.4,False,Toys
2022-08-20,404.1,585.6,239.45,376.0,False,Toys
2022-08-21,363.3,597.1,245.44,380.0,False,Toys
2022-08-22,372.20000000000005,592.55,238.45,376.7,False,Toys
2022-08-23,381.1,588.0,231.46,373.4,False,Toys
2022-08-24,544.8,600.2,243.36,558.3,True,Toys
2022-08-25,381.1,586.6,239.38,372.9,False,Toys
2022-08-26,397.5,583.0,233.19,383.3,False,Toys
2022-08-27,382.8,592.7,235.05,346.2,False,Toys
2022-08-28,388.1,581.8,236.19,355.2,False,Toys
2022-08-29,378.5,593.4,241.775,358.45,False,Toys
2022-08-30,368.9,605.0,247.36,361.7,False,Toys
2022-08-31,370.0,600.1,249.71,387.7,False,Toys
2022-09-01,378.0,596.7,240.46,380.5,False,Toys
2022-09-02,386.0,593.3,231.21,373.3,False,Toys
2022-09-03,319.85,627.05,237.475,297.35,False,Toys
2022-09-04,300.5,653.5,230.24,302.6,False,Toys
2022-09-05,362.8,609.2,233.21,362.0,False,Toys
2022-09-06,382.0,564.1,236.91,350.1,False,Toys
2022-09-07,379.3666666666667,577.3666666666667,237.12333333333333,360.90000000000003,False,Toys
2022-09-08,376.73333333333335,590.6333333333333,237.33666666666667,371.7,False,Toys
2022-09-09,374.1,603.9,237.55,382.5,False,Toys
2022-09-10,378.0,607.1666666666666,238.26000000000002,386.56666666666666,False,Toys
2022-09-11,381.90000000000003,610.4333333333334,238.97,390.6333333333333,False,Toys
2022-09-12,385.8,613.7,239.68,394.7,False,Toys
2022-09-13,345.5,630.9,247.52,328.1,False,Toys
2022-09-14,364.2,622.5,240.875,339.70000000000005,False,Toys
2022-09-15,382.9,614.1,234.23,351.3,False,Toys
2022-09-16,384.8,615.0,235.2,395.3,False,Toys
2022-09-17,375.9,614.3,230.41,350.3,False,Toys
2022-09-18,390.1,602.8,234.28,396.7,False,Toys
2022-09-19,359.5,617.0,229.05,324.8,False,Toys
2022-09-20,370.0,616.0,230.485,334.825,False,Toys
2022-09-21,380.5,615.0,231.92000000000002,344.85,False,Toys
2022-09-22,391.0,614.0,233.355,354.875,False,Toys
2022-09-23,401.5,613.0,234.79,364.9,False,Toys
2022-09-24,339.5,630.5,236.73,335.2,False,Toys
2022-09-25,369.6,620.1,241.99,377.6,False,Toys
2022-09-26,373.1,625.5,241.44,368.0,False,Toys
2022-09-27,341.3,626.0,236.12,342.6,False,Toys
2022-09-28,355.43333333333334,617.9666666666667,238.17333333333335,345.7666666666667,False,Toys
2022-09-29,369.56666666666666,609.9333333333333,240.22666666666666,348.93333333333334,False,Toys
2022-09-30,383.7,601.9,242.28,352.1,False,Toys
2022-10-01,396.8,602.4,240.29,401.3,False,Toys
2022-10-02,481.7,609.1,238.87,447.6,True,Toys
2022-10-03,421.65,613.75,238.9,405.25,False,Toys
2022-10-04,361.6,618.4,238.93,362.9,False,Toys
2022-10-05,513.7,627.7,237.4,474.1,True,Toys
2022-10-06,399.0,605.3,235.16,365.9,False,Toys
2022-10-07,390.5,606.9,232.77,401.5,False,Toys
2022-10-08,364.75,615.9,234.47500000000002,359.95,False,Toys
2022-10-09,339.0,624.9,236.18,318.4,False,Toys
2022-10-10,370.8,615.2,229.17,360.8,False,Toys
2022-10-11,368.5,615.95,232.535,346.25,False,Toys
2022-10-12,366.2,616.7,235.9,331.7,False,Toys
2022-10-13,385.1,615.2,237.81,374.1,False,Toys
2022-10-14,388.9,611.7,231.83,372.1,False,Toys
2022-10-15,373.5,611.6,233.64,359.35,False,Toys
2022-10-16,358.1,611.5,235.45,346.6,False,Toys
2022-10-17,532.8,607.9,230.91,501.0,True,Toys
2022-10-18,366.4,609.5,230.48,348.3,False,Toys
2022-10-19,360.2,602.8,233.41,371.3,False,Toys
2022-10-20,345.8,609.7,229.38,322.3,False,Toys
2022-10-21,347.26666666666665,610.8333333333334,232.14666666666668,320.1333333333333,False,Toys
2022-10-22,348.73333333333335,611.9666666666667,234.91333333333333,317.9666666666667,False,Toys
2022-10-23,350.2,613.1,237.68,315.8,False,Toys
2022-10-24,343.1,612.05,235.995,321.8,False,Toys
2022-10-25,336.0,611.0,234.31,327.8,False,Toys
2022-10-26,372.7,592.8,234.79,350.3,False,Toys
2022-10-27,389.3,346.2,245.02,352.6,False,Toys
2022-10-28,367.7,344.2,238.05,381.7,False,Toys
2022-10-29,374.2,346.5,238.35,83.1,False,Toys
2022-10-30,503.0,352.8,230.33,499.6,True,Toys
2022-10-31,326.5,348.8,244.6,302.7,False,Toys
2022-11-01,317.8,602.8,244.74,312.0,False,Toys
2022-11-02,316.85,622.15,243.57,309.1,False,Toys
2022-11-03,315.9,641.5,242.4,306.2,False,Toys
2022-11-04,335.22499999999997,609.15,237.28500000000003,325.6,False,Toys
2022-11-05,354.54999999999995,576.8,232.17000000000002,345.0,False,Toys
2022-11-06,360.44999999999993,578.8625,234.25375000000003,353.1125,False,Toys
2022-11-07,366.34999999999997,580.925,236.3375,361.225,False,Toys
2022-11-08,372.25,582.9875,238.42125,369.3375,False,Toys
2022-11-09,378.15,585.05,240.505,377.45,False,Toys
2022-11-10,561.5,554.1,230.15,526.6,True,Toys
2022-11-11,330.2,560.9,237.57,328.1,False,Toys
2022-11-12,326.7,571.3,228.58,302.7,False,Toys
2022-11-13,318.75,568.8499999999999,235.78,301.29999999999995,False,Toys
2022-11-14,310.8,566.4,242.98,299.9,False,Toys
2022-11-15,344.0,551.8,225.04,346.7,False,Toys
2022-11-16,354.2,550.9,242.75,352.4,False,Toys
2022-11-17,356.3,552.8,246.93,372.0,False,Toys
2022-11-18,360.5,551.7,236.37,378.2,False,Toys
2022-11-19,348.0,552.8,238.95,314.5,False,Toys
2022-11-20,424.3,559.6,231.99,397.1,True,Toys
2022-11-21,375.25,561.2,235.865,1778.0500000000002,False,Toys
2022-11-22,326.2,562.8,239.74,3159.0,False,Toys
2022-11-23,310.8,568.4,237.33,296.4,False,Toys
2022-11-24,354.2,557.6,230.45,337.4,False,Toys
2022-11-25,340.3,566.2,237.08,338.6,False,Toys
2022-11-26,319.0,571.7,238.24,287.6,False,Toys
2022-11-27,368.625,572.4000000000001,238.42000000000002,333.07500000000005,False,Toys
2022-11-28,418.25,573.1,238.60000000000002,378.55,False,Toys
2022-11-29,467.875,573.8,238.78,424.025,False,Toys
2022-11-30,517.5,574.5,238.96,469.5,True,Toys
2022-12-01,311.5,630.9000000000001,234.93,322.9,False,Toys
2022-12-02,329.45,630.85,236.375,319.15,False,Toys
2022-12-03,334.3,582.1,236.31,350.2,False,Toys
2022-12-04,321.7,588.4,233.28,297.5,False,Toys
2022-12-05,319.0,588.8,235.65,305.6,False,Toys
2022-12-06,304.1,584.0,236.82,302.5,False,Toys
2022-12-07,321.25,584.25,233.29,308.2,False,Toys
2022-12-08,338.4,584.5,229.76,313.9,False,Toys
2022-12-09,333.97499999999997,581.325,230.8425,311.25,False,Toys
2022-12-10,329.54999999999995,578.15,231.925,308.6,False,Toys
2022-12-11,325.125,574.9749999999999,233.0075,305.95,False,Toys
2022-12-12,320.7,571.8,234.09,303.3,False,Toys
2022-12-13,317.85,572.5,236.565,308.45000000000005,False,Toys
2022-12-14,315.0,573.2,239.04,313.6,False,Toys
2022-12-15,356.2,569.9,235.88,360.9,False,Toys
2022-12-16,365.3,564.9,240.39,376.5,False,Toys
2022-12-17,350.1,571.5,236.36,363.9,False,Toys
2022-12-18,291.9,585.6,243.27,282.3,False,Toys
2022-12-19,299.5,583.9,230.28,312.6,False,Toys
2022-12-20,457.2,572.2,235.61,412.6,True,Toys
2022-12-21,402.25,565.75,242.57,378.9,False,Toys
2022-12-22,347.3,559.3,249.53,345.2,False,Toys
2022-12-23,350.9,550.6,233.07,325.3,False,Toys
2022-12-24,329.5,561.0,248.48,299.4,False,Toys
2022-12-25,321.7,561.2,242.48,294.7,False,Toys
2022-12-26,319.4,572.4,245.65,299.8,False,Toys
2022-12-27,301.0,577.8,239.56,279.6,False,Toys
2022-12-28,325.8,565.0,241.28,318.8,False,Toys
2022-12-29,326.20000000000005,570.05,237.94,318.45000000000005,False,Toys
2022-12-30,326.6,575.1,234.6,318.1,False,Toys
2022-12-31,311.6,577.3,241.85,294.4,False,Toys
2023-01-01,295.4,591.6,238.39,308.7,False,Toys
2023-01-02,295.13548387096773,591.5064516129032,238.39612903225805,308.43225806451613,False,Toys
2023-01-03,294.8709677419355,591.4129032258065,238.4022580645161,308.1645161290322,False,Toys
2023-01-04,294.6064516129032,591.3193548387097,238.4083870967742,307.89677419354837,False,Toys
2023-01-05,294.34193548387094,591.2258064516129,238.41451612903225,307.6290322580645,False,Toys
2023-01-06,294.0774193548387,591.1322580645161,238.4206451612903,307.36129032258066,False,Toys
2023-01-07,293.81290322580645,591.0387096774194,238.42677419354837,307.09354838709675,False,Toys
2023-01-08,293.54838709677415,590.9451612903226,238.43290322580646,306.8258064516129,False,Toys
2023-01-09,293.2838709677419,590.8516129032258,238.43903225806451,306.55806451612904,False,Toys
2023-01-10,293.01935483870966,590.758064516129,238.44516129032257,306.2903225806451,False,Toys
2023-01-11,292.7548387096774,590.6645161290323,238.45129032258063,306.02258064516127,False,Toys
2023-01-12,292.49032258064517,590.5709677419355,238.4574193548387,305.7548387096774,False,Toys
2023-01-13,292.22580645161287,590.4774193548387,238.46354838709678,305.48709677419356,False,Toys
2023-01-14,291.9612903225806,590.3838709677419,238.46967741935484,305.21935483870965,False,Toys
2023-01-15,291.6967741935484,590.2903225806452,238.4758064516129,304.9516129032258,False,Toys
2023-01-16,291.43225806451613,590.1967741935484,238.48193548387096,304.68387096774194,False,Toys
2023-01-17,291.16774193548383,590.1032258064516,238.48806451612904,304.416129032258,False,Toys
2023-01-18,290.9032258064516,590.0096774193548,238.4941935483871,304.1483870967742,False,Toys
2023-01-19,290.63870967741934,589.9161290322581,238.50032258064516,303.8806451612903,False,Toys
2023-01-20,290.3741935483871,589.8225806451613,238.50645161290322,303.6129032258064,False,Toys
2023-01-21,290.1096774193548,589.7290322580645,238.5125806451613,303.34516129032255,False,Toys
2023-01-22,289.84516129032255,589.6354838709677,238.51870967741937,303.0774193548387,False,Toys
2023-01-23,289.5806451612903,589.541935483871,238.52483870967743,302.80967741935484,False,Toys
2023-01-24,289.31612903225806,589.4483870967742,238.53096774193548,302.54193548387093,False,Toys
2023-01-25,289.0516129032258,589.3548387096774,238.53709677419354,302.2741935483871,False,Toys
2023-01-26,288.7870967741935,589.2612903225806,238.54322580645163,302.0064516129032,False,Toys
2023-01-27,288.52258064516127,589.167741935484,238.5493548387097,301.7387096774193,False,Toys
2023-01-28,288.258064516129,589.0741935483871,238.55548387096775,301.47096774193545,False,Toys
2023-01-29,287.9935483870968,588.9806451612903,238.5616129032258,301.2032258064516,False,Toys
2023-01-30,287.7290322580645,588.8870967741935,238.5677419354839,300.93548387096774,False,Toys
2023-01-31,287.46451612903223,588.7935483870968,238.57387096774195,300.66774193548383,False,Toys
2023-02-01,287.2,588.7,238.58,300.4,False,Toys
