date,product_category,units_sold,inventory_level,unit_price,promotion_flag,warehouse_dispatch_rate
01-01-2020,Apparel,453.9,719.0,168.09,False,426.4
02-01-2020,Apparel,445.1,716.9,171.46,False,69.9
03-01-2020,Apparel,483.4,711.2,167.15,False,463.2
04-01-2020,Apparel,600.6,712.1,172.11,True,557.1
05-01-2020,Apparel,407.2,1216.3,171.24,False,422.8
06-01-2020,Apparel,428.5,1212.2,169.72,False,409.7
07-01-2020,Apparel,507.2,1321.1,168.92,True,484.7
07-01-2020,Apparel,420.4,1215.0,170.28,False,403.3
08-01-2020,Apparel,393.1,1279.4,169.7,False,406.5
10-01-2020,Apparel,456.3,1187.7,166.84,False,448.3
11-01-2020,Apparel,456.0,779.1,174.53,False,420.0
12-01-2020,Apparel,439.1,783.4,171.85,False,412.7
13-01-2020,Apparel,447.0,784.8,162.92,False,59.0
14-01-2020,Apparel,361.8,801.4,166.79,False,352.3
16-01-2020,Apparel,469.9,1198.0,169.42,False,464.0
17-01-2020,Apparel,486.4,1186.5,168.7,False,467.9
18-01-2020,Apparel,484.9,1191.7,166.63,False,487.3
19-01-2020,Apparel,424.7,1219.4,169.25,False,425.7
20-01-2020,Apparel,400.2,1230.6,164.31,False,376.7
21-01-2020,Apparel,428.7,1226.6,175.51,False,446.7
22-01-2020,Apparel,464.6,1223.6,168.48,False,483.2
23-01-2020,Apparel,422.3,1239.3,171.18,False,394.1
24-01-2020,Apparel,737.4,1212.4,172.63,True,736.0
25-01-2020,Apparel,422.6,1230.1,170.27,False,428.7
30-01-2020,Apparel,470.0,1204.9,167.99,False,475.1
01-02-2020,Apparel,445.3,1220.1,171.06,False,458.7
02-02-2020,Apparel,409.2,1229.8,172.05,False,382.8
04-02-2020,Apparel,388.3,824.7,168.85,False,47.7
04-02-2020,Apparel,423.6,1229.7,172.54,False,414.6
05-02-2020,Apparel,437.6,1230.9,173.12,False,408.9
06-02-2020,Apparel,430.1,1233.4,167.03,False,446.8
07-02-2020,Apparel,458.8,1224.6,173.91,False,413.2
09-02-2020,Apparel,426.6,1224.7,170.1,False,429.4
10-02-2020,Apparel,375.7,1240.9,167.72,False,378.1
14-02-2020,Apparel,446.1,1237.6,175.88,False,411.8
15-02-2020,Apparel,431.0,1235.0,166.85,False,450.8
16-02-2020,Apparel,632.5,1236.5,167.36,True,581.6
17-02-2020,Apparel,384.9,1237.2,168.73,False,387.3
21-02-2020,Apparel,450.3,1210.9,167.94,False,445.3
23-02-2020,Apparel,406.7,1217.3,170.65,False,391.0
24-02-2020,Apparel,430.6,1211.1,167.3,False,391.8
25-02-2020,Apparel,395.0,1228.3,166.47,False,371.0
26-02-2020,Apparel,406.6,1218.8,172.85,False,370.4
28-02-2020,Apparel,415.9,1221.3,174.13,False,411.0
03-03-2020,Apparel,355.4,1250.5,169.14,False,361.9
04-03-2020,Apparel,388.2,1249.1,170.17,False,404.9
05-03-2020,Apparel,365.0,1321.7,169.7,False,360.4
06-03-2020,Apparel,463.6,1223.8,170.12,False,428.1
08-03-2020,Apparel,417.9,1236.0,169.25,False,378.1
09-03-2020,Apparel,340.3,1258.9,168.22,False,346.3
10-03-2020,Apparel,439.3,1245.2,169.15,False,448.1
11-03-2020,Apparel,461.5,1220.2,169.75,False,483.6
12-03-2020,Apparel,456.0,1230.1,167.19,False,452.4
15-03-2020,Apparel,411.5,1250.6,170.84,False,383.9
19-03-2020,Apparel,419.1,1247.1,167.4,False,392.7
20-03-2020,Apparel,444.8,1244.2,165.96,False,451.1
21-03-2020,Apparel,436.6,1248.3,173.4,False,403.1
24-03-2020,Apparel,362.8,1271.8,167.2,False,375.8
25-03-2020,Apparel,382.2,1267.5,172.04,False,380.8
27-03-2020,Apparel,412.6,1265.5,165.7,False,374.2
29-03-2020,Apparel,386.0,1292.3,168.69,False,404.7
30-03-2020,Apparel,384.8,1295.5,164.92,False,367.5
01-04-2020,Apparel,377.2,826.4,175.48,False,350.1
05-04-2020,Apparel,399.3,1283.5,168.02,False,401.0
05-04-2020,Apparel,375.4,1308.2,170.8,False,389.7
09-04-2020,Apparel,447.8,1239.3,166.93,False,454.0
09-04-2020,Apparel,412.4,1285.6,172.78,False,401.4
11-04-2020,Apparel,427.2,1286.4,172.65,False,387.4
12-04-2020,Apparel,386.0,1288.7,170.01,False,402.3
15-04-2020,Apparel,443.9,1263.5,170.56,False,441.7
16-04-2020,Apparel,412.8,1266.1,172.31,False,394.6
17-04-2020,Apparel,439.1,1260.9,165.06,False,453.8
21-04-2020,Apparel,326.0,1307.1,168.79,False,332.6
25-04-2020,Apparel,393.4,1291.0,173.33,False,382.0
26-04-2020,Apparel,406.4,1294.7,170.74,False,391.0
27-04-2020,Apparel,350.1,1314.7,173.6,False,343.8
28-04-2020,Apparel,358.1,1312.3,163.24,False,327.6
30-04-2020,Apparel,411.6,1297.5,169.68,False,424.2
05-05-2020,Apparel,362.3,1314.0,173.34,False,375.8
06-05-2020,Apparel,395.9,1304.3,170.78,False,375.5
07-05-2020,Apparel,665.8,1301.3,169.57,True,624.1
08-05-2020,Apparel,380.0,1309.5,170.51,False,360.5
09-05-2020,Apparel,421.9,1291.7,170.86,False,410.0
10-05-2020,Apparel,427.9,1296.4,172.15,False,398.1
11-05-2020,Apparel,364.2,1312.9,171.67,False,328.6
13-05-2020,Apparel,569.7,1315.1,164.62,True,525.6
15-05-2020,Apparel,408.4,1300.5,162.93,False,408.7
16-05-2020,Apparel,365.5,1304.8,171.61,False,330.0
17-05-2020,Apparel,334.3,1321.9,165.52,False,305.9
19-05-2020,Apparel,369.9,1306.1,172.22,False,351.6
22-05-2020,Apparel,415.3,1303.4,172.22,False,417.8
23-05-2020,Apparel,358.0,1326.2,160.37,False,355.8
26-05-2020,Apparel,371.2,1314.8,167.21,False,350.0
27-05-2020,Apparel,572.3,1319.1,167.15,True,584.5
28-05-2020,Apparel,414.1,1304.8,168.47,False,405.5
29-05-2020,Apparel,379.3,1312.6,168.28,False,341.9
01-06-2020,Apparel,320.3,1341.2,173.01,False,308.5
03-06-2020,Apparel,394.9,1309.7,167.83,False,392.4
04-06-2020,Apparel,393.7,1310.6,173.55,False,381.0
06-06-2020,Apparel,388.9,1317.4,167.84,False,386.5
07-06-2020,Apparel,376.8,1318.2,168.54,False,394.5
08-06-2020,Apparel,358.0,1321.1,170.15,False,330.3
08-06-2020,Apparel,424.1,1247.9,167.16,False,423.1
11-06-2020,Apparel,611.9,1300.6,172.36,True,616.6
13-06-2020,Apparel,428.2,1283.6,171.06,False,397.6
14-06-2020,Apparel,392.7,1287.9,165.33,False,362.0
15-06-2020,Apparel,353.3,1299.8,171.33,False,330.7
16-06-2020,Apparel,370.1,1288.6,170.16,False,361.9
17-06-2020,Apparel,438.2,1271.3,172.32,False,425.5
18-06-2020,Apparel,414.6,1280.8,170.24,False,431.2
20-06-2020,Apparel,359.7,1309.7,168.91,False,360.3
21-06-2020,Apparel,356.2,1313.6,176.26,False,349.4
22-06-2020,Apparel,352.3,1315.7,170.66,False,324.9
24-06-2020,Apparel,388.9,1316.0,172.83,False,389.1
28-06-2020,Apparel,321.4,1336.7,168.19,False,327.2
29-06-2020,Apparel,352.9,1328.2,172.55,False,330.5
04-07-2020,Apparel,398.1,1309.4,169.76,False,405.6
05-07-2020,Apparel,391.9,1313.8,170.24,False,405.5
07-07-2020,Apparel,360.4,1315.2,171.23,False,367.8
08-07-2020,Apparel,561.0,1311.1,161.74,True,530.5
09-07-2020,Apparel,383.8,1312.8,167.43,False,347.3
10-07-2020,Apparel,408.0,1309.6,169.62,False,379.5
13-07-2020,Apparel,489.0,1319.3,170.9,True,492.7
14-07-2020,Apparel,372.4,1310.0,170.84,False,336.9
17-07-2020,Apparel,425.2,1293.7,177.03,False,413.8
20-07-2020,Apparel,351.4,1306.0,167.66,False,353.8
21-07-2020,Apparel,364.4,1304.2,166.35,False,344.0
25-07-2020,Apparel,399.9,1290.4,172.93,False,418.7
26-07-2020,Apparel,360.8,1294.2,173.65,False,357.4
27-07-2020,Apparel,344.8,1297.0,166.84,False,313.3
29-07-2020,Apparel,378.9,1287.2,165.66,False,369.6
31-07-2020,Apparel,439.0,1270.5,172.9,False,395.7
02-08-2020,Apparel,401.2,1273.3,169.04,False,414.4
04-08-2020,Apparel,387.7,1294.9,164.56,False,405.7
07-08-2020,Apparel,468.7,1237.4,174.27,False,439.1
08-08-2020,Apparel,423.5,1245.0,170.09,False,434.8
09-08-2020,Apparel,1007.6,1244.3,168.32,False,387.4
10-08-2020,Apparel,371.9,1257.5,167.77,False,389.9
11-08-2020,Apparel,419.2,1241.9,166.97,False,426.6
12-08-2020,Apparel,467.1,773.8,166.06,False,444.3
12-08-2020,Apparel,414.1,1238.9,168.83,False,376.4
13-08-2020,Apparel,441.6,1235.1,168.14,False,411.7
14-08-2020,Apparel,424.4,1243.8,168.65,False,444.8
15-08-2020,Apparel,400.4,1248.5,168.8,False,406.5
16-08-2020,Apparel,524.2,1237.6,166.67,True,511.6
22-08-2020,Apparel,403.6,1248.2,172.75,False,369.7
23-08-2020,Apparel,465.9,1255.4,166.22,True,477.0
25-08-2020,Apparel,394.5,1255.6,174.3,False,393.9
26-08-2020,Apparel,471.4,1222.3,169.07,False,456.3
27-08-2020,Apparel,469.1,1214.4,171.36,False,429.9
30-08-2020,Apparel,431.3,1231.2,168.39,False,403.3
02-09-2020,Apparel,425.1,1241.8,169.28,False,438.5
03-09-2020,Apparel,474.6,1228.5,172.11,False,435.2
05-09-2020,Apparel,456.0,1234.4,163.91,False,465.8
09-09-2020,Apparel,384.6,1264.4,170.33,False,374.9
10-09-2020,Apparel,401.0,1263.8,170.4,False,397.3
11-09-2020,Apparel,468.1,1242.7,165.94,False,474.8
12-09-2020,Apparel,470.4,1238.4,171.24,False,450.0
13-09-2020,Apparel,365.1,1264.3,165.2,False,339.0
14-09-2020,Apparel,374.7,1259.5,164.68,False,366.0
16-09-2020,Apparel,622.1,1229.7,169.68,True,628.4
17-09-2020,Apparel,456.2,1232.3,173.39,False,410.7
18-09-2020,Apparel,441.7,1229.2,173.8,False,400.6
19-09-2020,Apparel,489.9,1215.1,173.24,False,466.2
20-09-2020,Apparel,400.0,1239.1,169.02,False,373.6
22-09-2020,Apparel,417.0,1225.2,174.65,False,402.6
23-09-2020,Apparel,449.6,1217.5,173.18,False,425.1
25-09-2020,Apparel,462.1,1203.2,171.31,False,480.3
27-09-2020,Apparel,387.0,1230.8,170.85,False,397.2
28-09-2020,Apparel,423.1,1226.5,163.65,False,412.5
29-09-2020,Apparel,582.8,1236.6,169.26,True,539.5
01-10-2020,Apparel,413.5,1248.1,165.27,False,377.5
04-10-2020,Apparel,420.7,1243.3,169.68,False,407.8
07-10-2020,Apparel,451.8,1230.8,164.5,False,442.2
08-10-2020,Apparel,465.2,1226.2,165.38,False,479.6
10-10-2020,Apparel,422.4,1236.4,172.42,False,399.3
11-10-2020,Apparel,466.3,1221.2,167.46,False,468.0
12-10-2020,Apparel,446.7,1221.9,165.7,False,457.9
14-10-2020,Apparel,438.4,1231.4,169.96,False,448.2
15-10-2020,Apparel,451.6,1228.3,166.82,False,440.4
16-10-2020,Apparel,447.6,1233.3,166.8,False,404.6
19-10-2020,Apparel,372.4,1265.7,173.66,False,381.5
22-10-2020,Apparel,1614.3,1237.2,170.24,False,429.9
25-10-2020,Apparel,443.6,1238.1,170.04,False,441.7
27-10-2020,Apparel,426.3,1232.2,171.42,False,401.6
28-10-2020,Apparel,448.3,1228.5,173.31,False,447.0
31-10-2020,Apparel,471.1,1228.4,168.4,False,488.8
05-11-2020,Apparel,519.3,961.6,163.62,False,69.4
06-11-2020,Apparel,484.4,973.6,171.18,False,452.0
07-11-2020,Apparel,457.3,984.9,169.15,False,425.9
08-11-2020,Apparel,410.1,1262.4,164.95,False,411.3
09-11-2020,Apparel,389.6,1268.9,167.28,False,398.7
10-11-2020,Apparel,443.8,1253.9,165.03,False,450.5
13-11-2020,Apparel,493.9,1240.9,170.16,False,502.2
16-11-2020,Apparel,1878.8,1273.0,171.13,False,408.7
18-11-2020,Apparel,476.9,1256.2,172.29,False,476.0
20-11-2020,Apparel,496.3,1249.7,167.05,False,462.5
23-11-2020,Apparel,436.8,1265.4,170.27,False,449.0
24-11-2020,Apparel,461.3,1255.8,172.2,False,443.2
26-11-2020,Apparel,511.5,1251.3,162.66,False,523.5
27-11-2020,Apparel,759.8,1236.1,173.53,True,692.9
28-11-2020,Apparel,483.2,1240.3,174.94,False,435.4
29-11-2020,Apparel,433.7,1253.5,172.39,False,426.4
30-11-2020,Apparel,500.9,1232.7,172.01,False,460.2
01-12-2020,Apparel,583.4,1257.2,166.2,True,587.8
02-12-2020,Apparel,441.6,1251.2,171.29,False,420.7
03-12-2020,Apparel,503.8,1227.9,166.98,False,520.1
04-12-2020,Apparel,489.5,764.7,169.02,False,513.4
05-12-2020,Apparel,508.9,760.2,172.73,False,466.2
07-12-2020,Apparel,402.8,1309.6,166.85,False,415.1
09-12-2020,Apparel,625.5,1252.3,174.18,True,644.0
10-12-2020,Apparel,482.3,1241.1,171.99,False,460.7
11-12-2020,Apparel,521.7,1232.7,172.1,False,495.5
14-12-2020,Apparel,436.8,1260.6,166.18,False,456.1
16-12-2020,Apparel,475.7,1250.4,168.63,False,481.9
18-12-2020,Apparel,468.3,1253.6,172.22,False,452.9
19-12-2020,Apparel,475.6,1250.6,171.77,False,494.0
20-12-2020,Apparel,463.9,1261.4,172.62,False,442.7
22-12-2020,Apparel,423.0,1283.0,167.51,False,404.7
24-12-2020,Apparel,489.7,1264.2,169.03,False,498.9
25-12-2020,Apparel,515.1,1256.8,167.97,False,4889.0
26-12-2020,Apparel,443.6,1274.8,169.59,False,425.9
27-12-2020,Apparel,418.5,1280.1,170.72,False,377.4
28-12-2020,Apparel,471.8,1252.2,168.57,False,479.4
01-01-2021,Apparel,462.8,1261.4,171.35,False,470.4
02-01-2021,Apparel,490.2,1250.8,168.11,False,510.3
02-01-2021,Apparel,394.1,1300.5,163.73,False,364.5
04-01-2021,Apparel,446.2,1280.5,167.39,False,423.5
04-01-2021,Apparel,448.8,1275.2,166.88,False,465.8
06-01-2021,Apparel,421.4,1282.2,169.66,False,428.6
12-01-2021,Apparel,434.6,1283.0,172.19,False,414.2
13-01-2021,Apparel,451.4,1284.6,166.55,False,469.7
14-01-2021,Apparel,477.3,1274.3,168.52,False,490.8
15-01-2021,Apparel,429.6,1292.3,178.17,False,411.9
16-01-2021,Apparel,480.2,1281.5,181.23,False,504.1
17-01-2021,Apparel,433.0,1295.7,174.62,False,406.0
20-01-2021,Apparel,437.8,1009.3,166.43,False,438.8
21-01-2021,Apparel,509.3,994.4,169.59,False,529.7
22-01-2021,Apparel,491.1,999.5,167.33,False,98.2
25-01-2021,Apparel,421.3,1298.4,173.9,False,408.0
28-01-2021,Apparel,472.7,1283.1,174.93,False,473.6
29-01-2021,Apparel,602.5,1276.1,164.41,True,603.0
30-01-2021,Apparel,436.7,1292.6,171.68,False,450.5
02-02-2021,Apparel,413.0,1283.1,170.53,False,420.1
07-02-2021,Apparel,566.7,1284.7,171.87,True,583.7
08-02-2021,Apparel,374.7,1292.8,169.24,False,391.5
11-02-2021,Apparel,460.4,1318.2,167.72,False,481.5
12-02-2021,Apparel,498.7,1243.1,169.52,False,469.4
13-02-2021,Apparel,491.2,1243.5,172.58,False,449.3
14-02-2021,Apparel,459.1,1245.8,165.11,False,432.1
16-02-2021,Apparel,446.3,1256.6,170.83,False,402.5
17-02-2021,Apparel,482.5,1249.2,171.3,False,444.1
18-02-2021,Apparel,469.6,1260.5,172.14,False,427.4
19-02-2021,Apparel,490.2,1253.3,172.99,False,510.4
21-02-2021,Apparel,452.7,1262.0,169.42,False,422.3
22-02-2021,Apparel,461.2,1264.2,170.75,False,452.1
24-02-2021,Apparel,427.2,1277.3,167.79,False,396.0
25-02-2021,Apparel,435.5,1279.4,170.74,False,403.5
01-03-2021,Apparel,395.9,1291.5,165.09,False,411.8
01-03-2021,Apparel,455.2,1270.3,167.01,False,475.4
02-03-2021,Apparel,420.8,1282.3,166.6,False,419.1
04-03-2021,Apparel,450.0,1267.0,172.22,False,442.4
05-03-2021,Apparel,361.2,1320.6,168.47,False,347.4
06-03-2021,Apparel,463.5,1269.4,164.34,False,461.1
07-03-2021,Apparel,413.0,1286.5,169.26,False,382.8
08-03-2021,Apparel,391.0,1288.2,173.31,False,383.8
09-03-2021,Apparel,432.5,1277.5,165.99,False,449.4
10-03-2021,Apparel,438.5,1278.2,169.24,False,409.3
11-03-2021,Apparel,496.3,1265.0,165.09,False,513.5
14-03-2021,Apparel,653.8,1268.5,174.51,True,654.4
15-03-2021,Apparel,419.1,1278.4,171.77,False,388.3
18-03-2021,Apparel,453.6,1276.5,169.17,False,416.2
19-03-2021,Apparel,432.6,1286.2,171.83,False,403.3
21-03-2021,Apparel,436.9,1281.9,173.69,False,422.8
22-03-2021,Apparel,401.8,1300.1,173.69,False,372.7
23-03-2021,Apparel,389.6,1300.9,175.51,False,369.7
24-03-2021,Apparel,424.1,1284.5,168.67,False,412.9
27-03-2021,Apparel,462.3,1276.2,166.23,False,467.7
28-03-2021,Apparel,399.5,1293.7,175.76,False,378.6
29-03-2021,Apparel,393.0,1294.9,167.77,False,377.8
30-03-2021,Apparel,396.4,1293.8,174.55,False,373.2
02-04-2021,Apparel,481.7,1264.1,168.77,False,437.9
05-04-2021,Apparel,394.8,1299.7,167.97,False,392.9
06-04-2021,Apparel,434.1,1285.2,167.89,False,436.1
06-04-2021,Apparel,473.7,1285.9,175.15,False,449.7
09-04-2021,Apparel,500.2,1268.7,166.91,False,475.9
10-04-2021,Apparel,638.9,1299.1,171.02,True,669.8
11-04-2021,Apparel,510.5,1303.9,176.17,False,534.3
11-04-2021,Apparel,428.7,1295.9,169.6,False,386.6
12-04-2021,Apparel,421.9,1306.4,167.14,False,392.7
13-04-2021,Apparel,382.5,1324.8,167.26,False,374.0
15-04-2021,Apparel,638.7,1307.5,169.53,True,636.1
18-04-2021,Apparel,416.8,1307.9,165.0,False,424.8
20-04-2021,Apparel,382.2,1314.8,176.84,False,393.4
21-04-2021,Apparel,441.3,1294.2,166.25,False,400.9
22-04-2021,Apparel,523.3,1312.7,164.32,True,547.7
23-04-2021,Apparel,427.9,1311.9,170.37,False,402.2
24-04-2021,Apparel,449.2,1293.7,171.95,False,454.5
25-04-2021,Apparel,423.1,1297.0,168.7,False,385.7
26-04-2021,Apparel,387.9,1296.8,166.88,False,357.0
27-04-2021,Apparel,413.7,1286.1,172.08,False,375.2
29-04-2021,Apparel,433.0,1284.1,172.64,False,419.6
30-04-2021,Apparel,431.7,1285.8,164.36,False,433.1
04-05-2021,Apparel,555.8,1310.3,170.95,True,538.1
06-05-2021,Apparel,674.0,1297.2,170.62,True,698.8
07-05-2021,Apparel,459.6,1300.8,171.91,False,450.9
09-05-2021,Apparel,397.9,1324.5,167.14,False,372.3
09-05-2021,Apparel,412.2,1305.9,172.77,False,376.3
10-05-2021,Apparel,379.9,1327.6,169.8,False,386.9
11-05-2021,Apparel,380.8,1321.7,172.74,False,347.0
12-05-2021,Apparel,383.8,1320.2,164.56,False,351.2
14-05-2021,Apparel,433.8,1302.0,171.48,False,393.0
15-05-2021,Apparel,416.3,1306.3,161.67,False,428.2
16-05-2021,Apparel,430.7,1308.5,168.08,False,425.4
18-05-2021,Apparel,390.7,1327.8,167.48,False,351.7
19-05-2021,Apparel,417.3,1320.4,171.35,False,381.2
20-05-2021,Apparel,438.3,1317.9,171.0,False,398.6
22-05-2021,Apparel,430.9,1308.3,172.34,False,402.8
23-05-2021,Apparel,382.4,1320.1,174.49,False,368.4
25-05-2021,Apparel,364.3,1330.8,172.54,False,362.5
26-05-2021,Apparel,443.7,1301.5,168.05,False,458.8
27-05-2021,Apparel,445.9,1295.2,167.12,False,406.9
28-05-2021,Apparel,453.0,1290.4,169.27,False,440.7
29-05-2021,Apparel,397.2,1310.2,170.85,False,378.8
30-05-2021,Apparel,358.8,1317.2,166.35,False,359.7
02-06-2021,Apparel,473.2,1275.3,170.95,False,429.1
02-06-2021,Apparel,435.1,1297.4,167.98,False,407.7
05-06-2021,Apparel,450.3,1291.0,168.09,False,461.2
06-06-2021,Apparel,413.5,1300.1,166.44,False,399.1
10-06-2021,Apparel,435.7,1286.6,169.6,False,448.9
11-06-2021,Apparel,455.3,1281.2,174.79,False,429.0
12-06-2021,Apparel,373.7,1315.8,165.03,False,383.8
13-06-2021,Apparel,379.9,1309.0,168.54,False,375.4
14-06-2021,Apparel,339.3,1310.9,168.47,False,326.1
16-06-2021,Apparel,386.1,1291.6,167.49,False,360.3
17-06-2021,Apparel,388.6,1283.3,174.49,False,372.0
18-06-2021,Apparel,454.0,1260.8,170.83,False,437.7
19-06-2021,Apparel,423.5,1271.3,171.23,False,390.8
20-06-2021,Apparel,416.4,1272.6,171.99,False,418.6
22-06-2021,Apparel,396.4,1282.2,165.04,False,373.8
23-06-2021,Apparel,422.0,1268.8,168.98,False,384.8
27-06-2021,Apparel,364.2,1301.6,165.85,False,356.8
28-06-2021,Apparel,337.5,1310.3,169.99,False,307.5
29-06-2021,Apparel,386.6,1292.0,169.46,False,373.4
30-06-2021,Apparel,397.4,1293.8,168.94,False,3610.0
02-07-2021,Apparel,438.7,1284.2,168.2,False,419.9
03-07-2021,Apparel,460.1,1278.9,166.29,False,419.6
04-07-2021,Apparel,420.5,1298.1,167.37,False,420.2
07-07-2021,Apparel,445.8,1292.6,171.83,False,423.1
08-07-2021,Apparel,450.0,1289.2,167.26,False,445.2
10-07-2021,Apparel,440.5,1297.3,173.74,False,4202.0
11-07-2021,Apparel,427.2,1299.8,167.38,False,443.2
13-07-2021,Apparel,414.3,1300.1,174.03,False,388.9
14-07-2021,Apparel,417.7,1292.8,168.28,False,433.1
15-07-2021,Apparel,459.2,1280.6,171.6,False,431.7
18-07-2021,Apparel,355.1,1306.4,174.31,False,339.0
20-07-2021,Apparel,417.0,1291.7,164.98,False,3981.0
24-07-2021,Apparel,423.7,1287.5,171.54,False,384.0
25-07-2021,Apparel,421.9,1286.9,173.15,False,414.5
26-07-2021,Apparel,410.5,1287.4,175.44,False,401.2
27-07-2021,Apparel,409.5,1288.3,175.92,False,390.8
28-07-2021,Apparel,444.3,1288.4,172.9,False,447.5
30-07-2021,Apparel,527.2,1289.4,172.18,True,544.1
02-08-2021,Apparel,380.4,1288.9,167.83,False,381.1
03-08-2021,Apparel,362.3,1297.5,167.42,False,357.0
04-08-2021,Apparel,452.5,1264.5,168.93,False,432.6
05-08-2021,Apparel,410.3,1313.2,173.97,False,412.4
07-08-2021,Apparel,395.4,1287.9,168.91,False,371.0
08-08-2021,Apparel,435.5,1280.0,167.62,False,450.4
13-08-2021,Apparel,495.3,1257.5,169.06,False,476.6
14-08-2021,Apparel,445.2,1271.2,171.43,False,411.4
16-08-2021,Apparel,459.7,1257.1,167.61,False,479.6
17-08-2021,Apparel,399.1,1277.7,168.69,False,411.5
18-08-2021,Apparel,422.7,1278.6,168.68,False,422.5
19-08-2021,Apparel,446.4,1278.5,167.68,False,428.6
23-08-2021,Apparel,436.1,1276.5,175.75,False,396.7
26-08-2021,Apparel,434.7,1285.6,168.3,False,445.7
27-08-2021,Apparel,453.0,1273.5,173.06,False,444.8
28-08-2021,Apparel,433.7,1277.7,168.19,False,398.8
29-08-2021,Apparel,434.3,1278.5,168.48,False,424.5
30-08-2021,Apparel,428.0,1284.7,168.37,False,429.1
02-09-2021,Apparel,451.9,1292.5,166.65,False,437.4
03-09-2021,Apparel,473.5,1281.1,169.32,False,460.3
06-09-2021,Apparel,356.4,1307.8,168.91,False,353.0
06-09-2021,Apparel,465.6,1296.8,175.17,False,460.8
07-09-2021,Apparel,422.9,1309.0,176.52,False,424.4
08-09-2021,Apparel,442.8,1312.2,166.83,False,430.3
09-09-2021,Apparel,468.6,1310.3,169.47,False,436.4
10-09-2021,Apparel,669.6,1305.7,170.15,True,670.4
11-09-2021,Apparel,470.5,1317.0,175.29,False,428.8
13-09-2021,Apparel,443.2,1328.3,167.27,False,451.8
14-09-2021,Apparel,416.2,1331.8,165.38,False,401.6
15-09-2021,Apparel,478.1,1313.8,177.19,False,463.0
16-09-2021,Apparel,512.2,1309.6,170.13,False,492.3
19-09-2021,Apparel,457.2,1325.5,171.14,False,437.0
21-09-2021,Apparel,421.9,1340.5,167.33,False,389.6
22-09-2021,Apparel,645.4,1338.3,171.76,True,608.6
23-09-2021,Apparel,485.6,1330.0,173.99,False,477.9
24-09-2021,Apparel,453.4,1348.0,165.34,False,446.8
30-09-2021,Apparel,529.2,1312.3,170.09,False,537.2
05-10-2021,Apparel,476.2,1327.7,165.01,False,447.1
06-10-2021,Apparel,3255.4,1324.8,174.39,True,740.1
07-10-2021,Apparel,540.8,1310.2,169.34,False,515.1
08-10-2021,Apparel,432.6,1275.3,171.21,False,446.3
08-10-2021,Apparel,538.5,1307.8,168.33,False,495.2
09-10-2021,Apparel,513.4,1309.7,166.66,False,482.9
11-10-2021,Apparel,458.3,1308.9,166.63,False,431.7
12-10-2021,Apparel,448.6,1335.5,172.27,False,413.2
13-10-2021,Apparel,464.0,1327.0,170.23,False,425.2
14-10-2021,Apparel,615.7,1323.0,171.99,True,607.8
16-10-2021,Apparel,464.7,1333.3,167.21,False,422.9
17-10-2021,Apparel,444.7,1333.9,172.13,False,430.0
21-10-2021,Apparel,525.2,1303.2,173.78,False,498.4
22-10-2021,Apparel,504.6,1304.8,173.41,False,4952.0
23-10-2021,Apparel,467.8,1317.0,169.94,False,430.1
24-10-2021,Apparel,504.5,1305.4,173.93,False,472.9
26-10-2021,Apparel,451.9,1339.1,166.39,False,420.9
28-10-2021,Apparel,500.7,1319.6,167.25,False,460.7
01-11-2021,Apparel,477.4,1321.1,175.93,False,441.9
02-11-2021,Apparel,443.1,1264.3,172.66,False,450.6
03-11-2021,Apparel,582.8,1315.3,164.74,True,565.7
05-11-2021,Apparel,483.2,1302.6,172.32,False,449.9
08-11-2021,Apparel,465.5,1307.8,169.88,False,469.7
08-11-2021,Apparel,710.9,1268.4,170.5,True,731.2
09-11-2021,Apparel,450.4,1314.8,166.69,False,462.4
10-11-2021,Apparel,453.9,1333.8,165.58,False,474.2
13-11-2021,Apparel,477.9,1291.7,168.36,False,480.9
16-11-2021,Apparel,489.7,1281.7,169.95,False,477.5
17-11-2021,Apparel,582.3,1291.8,177.03,True,575.0
18-11-2021,Apparel,512.5,1275.7,163.83,False,510.4
19-11-2021,Apparel,536.0,1271.6,167.9,False,537.4
21-11-2021,Apparel,493.4,1271.0,166.01,False,502.6
22-11-2021,Apparel,457.6,1278.6,173.02,False,469.6
23-11-2021,Apparel,464.9,1275.8,168.46,False,426.4
24-11-2021,Apparel,492.2,1266.0,168.23,False,463.2
25-11-2021,Apparel,522.3,1260.4,170.59,False,538.2
26-11-2021,Apparel,505.1,1271.2,176.7,False,496.6
29-11-2021,Apparel,403.9,1309.8,167.95,False,399.7
30-11-2021,Apparel,653.5,1298.2,165.11,True,660.1
01-12-2021,Apparel,525.1,1270.7,173.98,False,533.6
02-12-2021,Apparel,499.1,1275.2,170.41,False,520.6
05-12-2021,Apparel,519.5,1276.5,164.49,False,476.0
06-12-2021,Apparel,480.1,1292.3,172.49,False,464.6
07-12-2021,Apparel,450.8,1320.0,167.73,True,424.7
09-12-2021,Apparel,464.5,1307.3,167.67,False,421.1
10-12-2021,Apparel,534.0,1290.6,172.18,False,551.9
12-12-2021,Apparel,517.1,1301.1,172.93,False,511.6
13-12-2021,Apparel,449.7,1319.3,167.35,False,413.5
16-12-2021,Apparel,510.1,1302.1,172.73,False,500.1
19-12-2021,Apparel,504.6,1313.9,181.04,False,465.2
21-12-2021,Apparel,411.1,1353.2,164.48,False,423.4
22-12-2021,Apparel,476.4,1328.8,169.41,False,464.3
24-12-2021,Apparel,505.9,1308.0,172.24,False,510.5
25-12-2021,Apparel,520.6,1300.3,166.73,False,508.3
26-12-2021,Apparel,459.9,1311.5,177.0,False,448.6
27-12-2021,Apparel,445.0,1321.5,172.62,False,412.1
29-12-2021,Apparel,539.3,1292.1,169.55,False,534.9
30-12-2021,Apparel,521.9,1301.1,166.86,False,501.2
02-01-2022,Apparel,517.9,1315.5,174.76,False,532.0
05-01-2022,Apparel,486.6,1342.2,172.58,False,443.8
07-01-2022,Apparel,523.5,1334.9,168.81,False,481.6
13-01-2022,Apparel,506.6,1333.6,163.73,False,531.1
14-01-2022,Apparel,539.0,1319.4,177.86,False,564.6
15-01-2022,Apparel,474.9,1338.9,164.11,False,474.5
17-01-2022,Apparel,438.6,1351.7,175.55,False,416.3
18-01-2022,Apparel,442.8,1347.0,173.69,False,406.2
20-01-2022,Apparel,521.5,1318.6,176.54,False,482.1
21-01-2022,Apparel,514.5,1326.2,164.56,False,535.3
22-01-2022,Apparel,483.9,1334.6,176.7,False,440.6
23-01-2022,Apparel,485.3,1332.8,169.33,False,455.9
25-01-2022,Apparel,441.6,1343.9,169.83,False,439.6
26-01-2022,Apparel,481.7,1334.4,164.97,False,480.3
27-01-2022,Apparel,526.3,1314.7,171.96,False,511.4
28-01-2022,Apparel,482.6,1343.0,170.34,False,478.0
02-02-2022,Apparel,472.2,1341.5,168.16,False,492.1
04-02-2022,Apparel,459.7,1353.8,172.22,False,450.3
05-02-2022,Apparel,439.8,1394.1,166.43,False,401.1
05-02-2022,Apparel,457.7,1354.7,172.86,False,416.7
07-02-2022,Apparel,400.5,1366.8,167.39,False,404.8
08-02-2022,Apparel,435.4,1413.9,172.15,False,449.1
08-02-2022,Apparel,453.2,1346.5,169.13,False,439.8
09-02-2022,Apparel,473.0,1340.6,173.86,False,472.9
10-02-2022,Apparel,472.3,1336.2,166.54,False,491.9
11-02-2022,Apparel,505.7,1322.3,170.55,False,493.6
14-02-2022,Apparel,437.3,1327.8,158.61,False,427.7
16-02-2022,Apparel,449.5,1318.6,162.74,False,404.9
18-02-2022,Apparel,520.5,1296.1,167.69,False,503.5
20-02-2022,Apparel,548.6,1313.2,163.83,True,525.1
23-02-2022,Apparel,587.5,1304.6,172.42,True,576.8
24-02-2022,Apparel,724.7,1295.0,165.47,True,716.8
25-02-2022,Apparel,468.9,1310.6,165.07,False,472.3
27-02-2022,Apparel,438.9,1317.7,170.04,False,459.0
04-03-2022,Apparel,496.0,1309.0,175.98,False,471.7
04-03-2022,Apparel,449.0,1351.0,169.49,False,445.3
06-03-2022,Apparel,473.5,1318.6,174.44,False,456.9
07-03-2022,Apparel,464.7,1334.7,171.17,False,434.2
08-03-2022,Apparel,436.8,1337.8,175.67,False,412.1
09-03-2022,Apparel,448.3,1336.6,168.46,False,440.0
13-03-2022,Apparel,461.1,1330.0,166.7,False,432.9
18-03-2022,Apparel,480.5,1330.8,174.0,False,498.9
20-03-2022,Apparel,460.5,1331.9,166.89,False,462.6
22-03-2022,Apparel,436.5,1342.8,166.95,False,398.5
23-03-2022,Apparel,458.3,1329.2,171.85,False,429.9
24-03-2022,Apparel,472.7,1327.6,171.6,False,491.7
25-03-2022,Apparel,489.0,1323.8,163.81,False,482.1
27-03-2022,Apparel,441.9,1340.3,167.64,False,451.9
30-03-2022,Apparel,408.6,1353.1,170.11,False,415.5
31-03-2022,Apparel,490.1,1329.0,173.53,False,486.2
01-04-2022,Apparel,454.3,1347.3,172.49,False,460.6
02-04-2022,Apparel,539.0,1324.3,167.67,False,539.9
04-04-2022,Apparel,423.6,1358.5,176.15,False,400.3
05-04-2022,Apparel,405.0,1373.1,167.79,False,422.6
07-04-2022,Apparel,422.5,1434.4,167.85,False,417.0
10-04-2022,Apparel,442.3,1358.5,174.44,False,451.3
11-04-2022,Apparel,2668.6,805.6,171.49,True,781.9
12-04-2022,Apparel,538.0,1380.3,169.0,False,491.4
13-04-2022,Apparel,409.4,1377.2,166.61,False,428.9
14-04-2022,Apparel,453.4,1368.7,171.9,False,468.5
15-04-2022,Apparel,498.1,1355.9,165.08,False,467.7
17-04-2022,Apparel,468.0,1361.9,168.73,False,458.4
18-04-2022,Apparel,439.9,1375.2,174.52,False,437.6
19-04-2022,Apparel,450.2,1371.2,167.01,False,409.8
20-04-2022,Apparel,453.4,1375.1,170.31,False,456.1
22-04-2022,Apparel,496.7,1369.5,164.42,False,511.6
23-04-2022,Apparel,429.4,1390.5,165.93,False,399.7
24-04-2022,Apparel,436.7,1391.3,170.38,False,446.0
27-04-2022,Apparel,454.6,1392.4,170.58,False,459.4
30-04-2022,Apparel,498.9,1390.1,175.15,False,486.4
03-05-2022,Apparel,434.3,1410.0,170.24,False,436.4
07-05-2022,Apparel,463.8,1407.4,171.84,False,432.4
09-05-2022,Apparel,435.4,1393.0,167.86,False,440.8
09-05-2022,Apparel,403.2,1425.0,165.97,False,376.9
10-05-2022,Apparel,541.0,1422.0,170.48,True,512.8
11-05-2022,Apparel,472.7,1407.2,167.63,False,484.2
14-05-2022,Apparel,406.3,1442.4,169.73,False,383.2
16-05-2022,Apparel,418.1,1428.8,169.81,False,388.0
18-05-2022,Apparel,432.6,1428.5,169.04,False,392.8
19-05-2022,Apparel,655.5,1425.1,168.72,True,615.4
20-05-2022,Apparel,456.6,1417.5,170.2,False,416.9
21-05-2022,Apparel,441.4,1421.0,168.02,False,417.4
22-05-2022,Apparel,413.5,1429.0,168.43,False,424.4
23-05-2022,Apparel,350.5,1445.9,169.82,False,359.2
26-05-2022,Apparel,425.1,1431.3,172.31,False,388.8
27-05-2022,Apparel,460.8,1418.9,170.88,False,457.2
28-05-2022,Apparel,461.7,1417.3,160.98,False,434.9
29-05-2022,Apparel,429.4,1419.3,166.86,False,433.4
31-05-2022,Apparel,460.5,1411.4,173.66,False,442.1
01-06-2022,Apparel,516.5,1339.5,166.67,False,487.7
01-06-2022,Apparel,391.3,1433.3,166.29,False,384.8
03-06-2022,Apparel,473.5,1399.3,166.26,False,458.0
06-06-2022,Apparel,381.2,1432.0,169.85,False,398.0
08-06-2022,Apparel,403.8,1421.9,166.62,False,407.2
08-06-2022,Apparel,471.3,1413.5,164.07,False,490.2
10-06-2022,Apparel,467.0,1416.1,166.92,False,485.7
12-06-2022,Apparel,397.3,1428.9,168.59,False,410.1
13-06-2022,Apparel,418.0,1426.9,171.56,False,4273.0
14-06-2022,Apparel,408.0,1432.1,169.01,False,403.6
16-06-2022,Apparel,462.4,1416.4,171.07,False,483.2
18-06-2022,Apparel,470.9,1420.1,174.86,False,462.8
19-06-2022,Apparel,458.0,1424.9,173.56,False,477.5
21-06-2022,Apparel,432.8,1429.6,171.79,False,425.5
23-06-2022,Apparel,452.3,1408.6,172.14,False,423.9
24-06-2022,Apparel,460.9,1401.6,169.2,False,464.4
26-06-2022,Apparel,481.2,1388.9,168.06,False,476.9
27-06-2022,Apparel,417.0,1417.0,171.41,False,393.8
28-06-2022,Apparel,580.2,1424.8,175.58,True,532.1
29-06-2022,Apparel,418.7,1418.2,169.55,False,418.6
02-07-2022,Apparel,452.8,1422.6,170.68,False,443.9
03-07-2022,Apparel,445.3,1430.5,168.36,False,452.0
06-07-2022,Apparel,473.2,1430.1,164.23,False,427.4
07-07-2022,Apparel,482.4,1418.7,172.04,False,461.5
08-07-2022,Apparel,479.8,1424.9,169.87,False,456.0
10-07-2022,Apparel,435.5,1435.0,171.58,False,424.0
11-07-2022,Apparel,478.8,1378.1,175.49,False,479.1
12-07-2022,Apparel,394.6,1461.4,169.79,False,361.6
13-07-2022,Apparel,453.8,1443.1,166.75,False,446.6
15-07-2022,Apparel,455.1,1438.2,170.75,False,414.6
16-07-2022,Apparel,463.3,1439.8,169.12,False,435.7
18-07-2022,Apparel,445.0,1440.7,167.58,False,401.0
19-07-2022,Apparel,453.7,1443.8,166.66,False,442.8
20-07-2022,Apparel,446.7,1435.9,174.6,False,437.8
22-07-2022,Apparel,490.2,1416.2,169.96,False,470.2
25-07-2022,Apparel,405.5,944.5,172.79,False,420.3
26-07-2022,Apparel,504.4,940.0,165.33,True,43.9
28-07-2022,Apparel,472.1,923.5,169.88,False,474.7
29-07-2022,Apparel,462.3,1418.2,163.54,False,454.7
31-07-2022,Apparel,409.6,1421.5,171.9,False,386.4
04-08-2022,Apparel,502.3,1393.5,172.75,False,507.4
04-08-2022,Apparel,418.1,1373.2,163.64,False,427.4
05-08-2022,Apparel,472.4,1402.5,172.66,False,443.9
07-08-2022,Apparel,1450.4,984.5,173.9,False,472.3
08-08-2022,Apparel,426.7,993.0,172.61,False,391.1
09-08-2022,Apparel,479.7,1362.1,165.44,False,470.2
13-08-2022,Apparel,511.8,1407.0,166.41,False,476.6
15-08-2022,Apparel,478.1,1421.5,168.61,False,492.2
16-08-2022,Apparel,424.8,1441.1,167.97,False,437.9
18-08-2022,Apparel,480.5,1428.1,165.38,False,499.0
19-08-2022,Apparel,510.1,1410.1,170.41,False,494.5
20-08-2022,Apparel,472.3,1420.4,168.01,False,434.7
22-08-2022,Apparel,431.3,1438.4,174.07,False,432.4
23-08-2022,Apparel,461.9,1427.0,172.41,False,432.7
24-08-2022,Apparel,523.5,1432.8,174.94,True,521.4
26-08-2022,Apparel,503.9,1397.0,169.9,False,468.2
27-08-2022,Apparel,467.0,1409.0,165.52,False,4634.0
29-08-2022,Apparel,445.3,1411.5,171.31,False,433.3
06-09-2022,Apparel,466.5,1415.1,169.0,False,477.0
07-09-2022,Apparel,506.8,1352.5,167.5,False,499.6
09-09-2022,Apparel,529.6,1347.1,169.75,False,523.8
13-09-2022,Apparel,479.4,1361.5,170.91,False,439.2
15-09-2022,Apparel,526.8,1351.9,165.23,False,519.3
16-09-2022,Apparel,546.6,1335.7,165.79,False,563.5
18-09-2022,Apparel,511.1,1341.7,172.35,False,495.1
20-09-2022,Apparel,445.2,1365.8,167.9,False,443.7
22-09-2022,Apparel,539.0,1334.4,169.0,False,522.8
24-09-2022,Apparel,834.1,1334.8,167.0,True,846.1
25-09-2022,Apparel,477.8,1356.9,167.88,False,444.2
26-09-2022,Apparel,461.6,1357.4,166.76,False,476.1
27-09-2022,Apparel,452.1,1361.1,169.34,False,457.2
04-10-2022,Apparel,472.9,1359.9,168.77,False,491.8
06-10-2022,Apparel,540.9,1349.9,167.12,False,532.9
08-10-2022,Apparel,502.4,1348.5,170.45,False,463.4
10-10-2022,Apparel,478.3,1353.3,171.68,False,441.5
11-10-2022,Apparel,498.0,1343.1,169.15,False,463.5
16-10-2022,Apparel,476.5,1348.8,164.6,False,497.6
17-10-2022,Apparel,469.7,1353.0,172.65,False,473.4
18-10-2022,Apparel,463.6,1340.2,174.45,False,469.7
19-10-2022,Apparel,513.2,1326.9,164.41,False,515.6
20-10-2022,Apparel,498.9,1327.9,169.09,False,512.5
24-10-2022,Apparel,489.9,1340.7,170.07,False,444.3
25-10-2022,Apparel,450.7,1357.9,172.17,False,428.8
27-10-2022,Apparel,524.3,1345.5,169.67,False,487.5
28-10-2022,Apparel,872.1,1340.7,166.32,True,870.9
29-10-2022,Apparel,511.6,1351.2,175.87,False,488.6
30-10-2022,Apparel,491.1,1356.7,173.52,False,484.6
31-10-2022,Apparel,506.6,809.8,168.68,False,482.3
01-11-2022,Apparel,511.4,807.8,163.27,False,489.8
02-11-2022,Apparel,534.5,807.0,165.22,False,33.8
03-11-2022,Apparel,535.5,1302.1,165.19,False,538.7
06-11-2022,Apparel,503.0,1369.7,169.48,False,527.5
07-11-2022,Apparel,428.7,1440.5,174.8,False,419.4
08-11-2022,Apparel,469.7,1389.7,172.16,False,459.2
11-11-2022,Apparel,535.5,1380.5,169.19,False,517.5
14-11-2022,Apparel,507.2,1391.7,171.13,False,503.6
16-11-2022,Apparel,574.8,1373.2,174.8,False,593.0
17-11-2022,Apparel,556.5,1377.9,168.72,False,567.3
18-11-2022,Apparel,543.0,1381.8,167.05,False,491.0
19-11-2022,Apparel,471.7,1412.7,169.23,False,442.8
20-11-2022,Apparel,632.8,1411.2,167.96,True,600.6
21-11-2022,Apparel,1423.3,1435.6,167.38,False,390.2
27-11-2022,Apparel,522.2,1393.7,172.91,False,526.0
28-11-2022,Apparel,465.4,1411.0,164.58,False,434.3
29-11-2022,Apparel,500.6,1408.5,167.37,False,505.8
30-11-2022,Apparel,552.4,1389.6,172.24,False,510.7
02-12-2022,Apparel,546.3,1385.7,170.52,False,561.5
03-12-2022,Apparel,491.3,1399.9,166.32,False,446.0
04-12-2022,Apparel,404.5,1373.9,165.7,False,406.7
05-12-2022,Apparel,504.9,1388.2,168.34,False,502.5
07-12-2022,Apparel,536.5,1379.1,171.34,False,513.0
09-12-2022,Apparel,454.4,1366.3,171.29,False,427.6
11-12-2022,Apparel,505.3,1395.5,172.83,False,485.0
12-12-2022,Apparel,674.5,1399.4,167.45,True,702.0
13-12-2022,Apparel,508.7,1395.2,172.55,False,477.6
14-12-2022,Apparel,556.8,1377.4,172.79,False,559.7
15-12-2022,Apparel,531.1,1383.0,169.9,False,524.2
16-12-2022,Apparel,569.6,1362.8,168.2,False,551.0
17-12-2022,Apparel,529.8,1364.4,165.18,False,488.3
18-12-2022,Apparel,683.5,1365.6,170.12,True,674.8
19-12-2022,Apparel,469.8,1375.1,172.82,False,483.2
20-12-2022,Apparel,464.1,1377.3,175.62,False,484.6
21-12-2022,Apparel,497.2,1357.0,168.68,False,517.5
22-12-2022,Apparel,549.5,1336.1,161.17,False,5593.0
23-12-2022,Apparel,586.7,1327.2,166.6,False,582.1
26-12-2022,Apparel,632.4,1358.9,166.72,True,615.1
28-12-2022,Apparel,549.7,1345.7,171.25,False,541.1
29-12-2022,Apparel,560.1,1340.8,183.12,False,576.5
31-12-2022,Apparel,499.9,1361.0,173.43,False,464.6
01-01-2023,Apparel,491.1,1364.5,172.35,False,478.5
03-01-2023,Apparel,635.9,1382.2,173.06,True,594.5
04-01-2023,Apparel,543.9,1369.4,165.04,False,535.4
02-01-2020,Automotive Parts,337.6,819.5,213.49,False,307.2
02-01-2020,Automotive Parts,348.8,786.5,219.17,False,356.6
03-01-2020,Automotive Parts,308.2,835.1,217.96,False,287.5
04-01-2020,Automotive Parts,313.5,835.5,212.92,False,315.3
05-01-2020,Automotive Parts,308.3,838.7,214.16,False,309.1
06-01-2020,Automotive Parts,271.4,844.2,223.34,False,247.1
07-01-2020,Automotive Parts,296.4,839.7,217.75,False,286.8
08-01-2020,Automotive Parts,314.7,833.4,212.43,False,284.5
09-01-2020,Automotive Parts,227.9,764.9,220.75,False,228.5
11-01-2020,Automotive Parts,348.1,818.4,217.08,False,330.6
13-01-2020,Automotive Parts,369.4,838.4,211.45,True,356.0
14-01-2020,Automotive Parts,299.6,844.2,217.32,False,308.9
16-01-2020,Automotive Parts,320.9,831.4,220.55,False,328.5
19-01-2020,Automotive Parts,354.1,811.4,215.02,False,359.0
21-01-2020,Automotive Parts,331.1,805.0,210.49,False,334.6
22-01-2020,Automotive Parts,303.8,819.2,221.51,False,310.3
23-01-2020,Automotive Parts,358.3,810.0,227.83,False,346.8
24-01-2020,Automotive Parts,348.2,810.0,220.09,False,318.7
26-01-2020,Automotive Parts,308.8,815.0,216.27,False,279.0
27-01-2020,Automotive Parts,352.3,795.0,218.99,False,344.2
29-01-2020,Automotive Parts,335.3,794.0,214.53,False,313.3
30-01-2020,Automotive Parts,354.6,787.0,215.26,False,348.8
31-01-2020,Automotive Parts,356.7,787.6,218.52,False,352.9
02-02-2020,Automotive Parts,339.2,789.6,219.06,False,309.3
03-02-2020,Automotive Parts,277.6,560.3,217.79,False,27.2
03-02-2020,Automotive Parts,322.7,796.6,215.46,False,304.9
04-02-2020,Automotive Parts,307.5,796.7,218.05,False,301.7
05-02-2020,Automotive Parts,364.6,777.7,213.88,False,333.0
06-02-2020,Automotive Parts,350.2,784.3,212.92,False,327.3
07-02-2020,Automotive Parts,354.9,772.2,217.94,False,327.0
08-02-2020,Automotive Parts,335.9,789.4,218.72,False,304.9
10-02-2020,Automotive Parts,310.0,800.9,219.94,False,315.1
11-02-2020,Automotive Parts,266.6,676.0,210.93,False,271.3
12-02-2020,Automotive Parts,328.1,801.3,227.6,False,298.5
14-02-2020,Automotive Parts,352.5,789.1,212.35,False,319.1
19-02-2020,Automotive Parts,304.2,796.6,225.07,False,291.1
20-02-2020,Automotive Parts,363.8,783.1,218.64,False,366.7
22-02-2020,Automotive Parts,346.4,789.0,221.76,False,335.7
23-02-2020,Automotive Parts,313.7,794.1,218.34,False,285.3
24-02-2020,Automotive Parts,354.6,788.6,220.61,False,337.8
25-02-2020,Automotive Parts,302.4,809.2,222.09,False,312.0
28-02-2020,Automotive Parts,359.8,773.7,214.44,False,376.0
29-02-2020,Automotive Parts,392.2,536.3,220.38,False,361.8
03-03-2020,Automotive Parts,321.8,549.3,216.97,False,297.5
05-03-2020,Automotive Parts,333.9,785.5,218.39,False,312.0
06-03-2020,Automotive Parts,360.1,777.7,213.97,False,334.3
07-03-2020,Automotive Parts,265.6,807.0,216.77,False,244.4
08-03-2020,Automotive Parts,342.0,777.8,219.9,False,336.7
12-03-2020,Automotive Parts,359.0,411.3,212.68,False,339.4
15-03-2020,Automotive Parts,338.8,766.4,222.8,False,339.9
17-03-2020,Automotive Parts,316.7,770.1,222.5,False,311.8
19-03-2020,Automotive Parts,333.8,772.4,217.66,False,328.9
20-03-2020,Automotive Parts,390.2,759.2,217.07,False,359.6
21-03-2020,Automotive Parts,309.1,788.6,217.37,False,321.5
22-03-2020,Automotive Parts,348.7,774.9,212.4,False,351.0
23-03-2020,Automotive Parts,308.1,786.6,220.43,False,292.1
25-03-2020,Automotive Parts,340.9,796.0,227.33,False,339.0
26-03-2020,Automotive Parts,348.0,798.0,218.17,False,338.6
27-03-2020,Automotive Parts,361.4,783.2,227.55,False,334.5
30-03-2020,Automotive Parts,296.4,806.4,214.97,False,270.5
31-03-2020,Automotive Parts,295.3,810.5,216.68,False,267.9
02-04-2020,Automotive Parts,344.1,787.9,220.81,False,356.9
03-04-2020,Automotive Parts,342.6,786.3,211.46,False,319.3
04-04-2020,Automotive Parts,312.6,794.8,219.11,False,327.4
05-04-2020,Automotive Parts,320.7,787.5,208.8,False,303.5
11-04-2020,Automotive Parts,327.0,776.4,214.82,False,334.6
11-04-2020,Automotive Parts,270.5,672.1,221.85,False,282.6
12-04-2020,Automotive Parts,309.0,786.3,222.08,False,303.4
13-04-2020,Automotive Parts,300.4,783.4,216.64,False,312.6
14-04-2020,Automotive Parts,305.4,787.4,215.77,False,275.2
15-04-2020,Automotive Parts,293.3,799.5,222.9,False,296.4
16-04-2020,Automotive Parts,343.2,791.6,220.09,False,350.7
17-04-2020,Automotive Parts,344.9,794.4,214.75,False,336.1
19-04-2020,Automotive Parts,308.9,807.7,212.75,False,309.7
22-04-2020,Automotive Parts,301.4,806.9,210.16,False,297.1
23-04-2020,Automotive Parts,330.3,800.8,222.14,False,326.3
24-04-2020,Automotive Parts,323.9,805.6,225.21,False,324.3
26-04-2020,Automotive Parts,319.1,814.5,214.2,False,333.2
27-04-2020,Automotive Parts,291.4,818.8,221.78,False,282.0
28-04-2020,Automotive Parts,293.2,824.7,209.98,False,303.5
29-04-2020,Automotive Parts,324.0,816.3,212.94,False,311.4
30-04-2020,Automotive Parts,311.6,828.2,217.0,False,296.7
01-05-2020,Automotive Parts,472.4,813.8,219.42,True,438.1
03-05-2020,Automotive Parts,390.0,820.5,218.72,True,397.5
05-05-2020,Automotive Parts,264.5,841.4,211.63,False,244.0
06-05-2020,Automotive Parts,303.3,831.1,215.72,False,283.2
07-05-2020,Automotive Parts,322.0,833.0,222.66,False,321.6
08-05-2020,Automotive Parts,408.7,832.7,219.04,True,409.2
11-05-2020,Automotive Parts,287.1,841.8,216.94,False,267.2
12-05-2020,Automotive Parts,297.4,622.7,209.82,False,307.0
13-05-2020,Automotive Parts,279.9,839.8,207.66,False,271.0
14-05-2020,Automotive Parts,322.8,822.4,218.3,False,317.6
15-05-2020,Automotive Parts,297.1,434.2,213.76,False,276.4
16-05-2020,Automotive Parts,306.7,435.1,223.12,False,278.1
19-05-2020,Automotive Parts,294.5,442.1,218.3,False,280.9
20-05-2020,Automotive Parts,283.3,853.5,218.49,False,287.8
22-05-2020,Automotive Parts,287.7,839.2,220.03,False,271.5
23-05-2020,Automotive Parts,299.1,844.3,215.07,False,282.4
24-05-2020,Automotive Parts,281.3,852.7,215.81,False,262.3
25-05-2020,Automotive Parts,275.3,855.4,212.32,False,276.4
27-05-2020,Automotive Parts,313.7,837.1,216.33,False,302.2
28-05-2020,Automotive Parts,280.3,840.8,214.04,False,264.5
29-05-2020,Automotive Parts,328.5,825.4,214.88,False,337.0
31-05-2020,Automotive Parts,270.6,861.7,223.22,False,272.9
01-06-2020,Automotive Parts,239.4,875.8,222.31,False,222.8
02-06-2020,Automotive Parts,264.8,873.6,224.93,False,268.3
03-06-2020,Automotive Parts,284.9,866.3,220.04,False,277.5
04-06-2020,Automotive Parts,280.7,875.1,214.5,False,281.8
04-06-2020,Automotive Parts,309.3,791.8,223.41,False,302.8
06-06-2020,Automotive Parts,288.9,881.3,212.24,False,264.9
07-06-2020,Automotive Parts,254.3,893.3,220.82,False,258.9
09-06-2020,Automotive Parts,252.8,892.6,215.92,False,238.8
10-06-2020,Automotive Parts,280.2,884.1,217.8,False,253.7
11-06-2020,Automotive Parts,303.5,875.4,217.33,False,299.0
12-06-2020,Automotive Parts,373.6,870.4,214.13,True,337.7
13-06-2020,Automotive Parts,268.4,876.2,215.93,False,269.5
15-06-2020,Automotive Parts,233.4,875.5,220.04,False,229.8
19-06-2020,Automotive Parts,394.4,861.2,222.9,True,382.6
21-06-2020,Automotive Parts,283.7,868.6,221.27,True,261.5
23-06-2020,Automotive Parts,317.4,854.8,214.96,True,325.5
24-06-2020,Automotive Parts,282.2,837.0,219.77,False,255.4
26-06-2020,Automotive Parts,305.5,817.4,216.98,False,281.8
27-06-2020,Automotive Parts,270.5,820.9,214.9,False,245.0
28-06-2020,Automotive Parts,236.4,822.4,219.45,False,224.8
29-06-2020,Automotive Parts,213.8,834.7,214.92,False,216.8
01-07-2020,Automotive Parts,269.2,820.4,217.44,False,256.6
02-07-2020,Automotive Parts,261.9,813.2,223.29,False,242.3
03-07-2020,Automotive Parts,344.7,780.5,220.33,False,320.6
10-07-2020,Automotive Parts,281.3,786.7,219.81,False,260.5
11-07-2020,Automotive Parts,276.8,786.2,221.76,False,260.5
12-07-2020,Automotive Parts,251.8,793.7,218.48,False,240.3
13-07-2020,Automotive Parts,230.5,797.2,218.49,False,227.8
14-07-2020,Automotive Parts,228.9,801.2,219.47,False,222.1
15-07-2020,Automotive Parts,255.5,792.5,224.22,False,2334.0
16-07-2020,Automotive Parts,257.4,787.0,212.08,False,248.1
17-07-2020,Automotive Parts,293.5,779.1,213.07,False,276.7
19-07-2020,Automotive Parts,212.2,787.3,216.26,False,204.2
20-07-2020,Automotive Parts,256.3,766.0,222.48,False,232.5
23-07-2020,Automotive Parts,276.1,750.4,217.87,False,265.5
24-07-2020,Automotive Parts,269.3,749.4,223.01,False,267.5
25-07-2020,Automotive Parts,268.6,757.6,212.23,False,257.1
28-07-2020,Automotive Parts,311.5,771.1,226.46,True,297.5
29-07-2020,Automotive Parts,267.3,762.0,217.41,False,278.0
31-07-2020,Automotive Parts,249.8,770.7,216.97,False,246.2
01-08-2020,Automotive Parts,259.4,768.6,223.53,False,256.4
03-08-2020,Automotive Parts,229.6,778.0,221.04,False,231.1
04-08-2020,Automotive Parts,335.3,777.8,222.39,False,346.9
04-08-2020,Automotive Parts,233.3,764.7,215.67,False,230.6
05-08-2020,Automotive Parts,230.2,756.6,214.41,False,214.4
06-08-2020,Automotive Parts,274.4,744.1,225.36,False,277.1
07-08-2020,Automotive Parts,244.2,760.3,222.54,False,223.1
07-08-2020,Automotive Parts,258.6,800.0,221.11,False,237.5
08-08-2020,Automotive Parts,245.2,757.6,215.76,False,245.3
09-08-2020,Automotive Parts,188.1,773.7,215.62,False,185.3
10-08-2020,Automotive Parts,215.7,764.9,211.45,False,204.5
11-08-2020,Automotive Parts,214.4,758.1,222.34,False,197.9
14-08-2020,Automotive Parts,271.3,732.9,209.05,False,265.6
15-08-2020,Automotive Parts,254.2,738.6,219.3,False,255.3
16-08-2020,Automotive Parts,237.6,756.9,218.04,False,227.8
17-08-2020,Automotive Parts,228.4,757.5,222.78,False,214.7
18-08-2020,Automotive Parts,220.8,762.2,216.05,False,222.2
19-08-2020,Automotive Parts,246.2,511.7,217.28,False,235.4
20-08-2020,Automotive Parts,267.1,510.9,215.27,False,278.6
22-08-2020,Automotive Parts,228.0,518.7,220.02,False,224.2
24-08-2020,Automotive Parts,225.6,753.4,215.81,False,212.1
25-08-2020,Automotive Parts,236.9,745.8,222.22,False,243.8
26-08-2020,Automotive Parts,264.3,741.6,222.49,False,248.5
28-08-2020,Automotive Parts,274.0,746.3,219.15,False,279.7
29-08-2020,Automotive Parts,245.1,756.9,226.45,False,256.0
30-08-2020,Automotive Parts,260.1,750.1,219.13,False,246.5
31-08-2020,Automotive Parts,240.7,758.8,215.0,False,223.4
02-09-2020,Automotive Parts,432.9,784.9,219.02,True,420.6
04-09-2020,Automotive Parts,302.8,782.8,221.74,False,280.6
04-09-2020,Automotive Parts,266.4,741.2,213.79,False,258.0
05-09-2020,Automotive Parts,328.9,835.0,217.47,False,336.8
05-09-2020,Automotive Parts,273.5,746.5,217.09,False,287.0
07-09-2020,Automotive Parts,215.4,751.3,211.84,False,225.5
08-09-2020,Automotive Parts,248.8,745.2,214.55,False,261.1
09-09-2020,Automotive Parts,243.5,748.4,225.09,False,232.7
11-09-2020,Automotive Parts,250.1,744.1,214.81,False,227.9
12-09-2020,Automotive Parts,258.2,747.2,212.57,False,255.2
15-09-2020,Automotive Parts,217.0,762.2,210.82,False,207.8
16-09-2020,Automotive Parts,245.1,756.5,220.86,False,224.8
17-09-2020,Automotive Parts,313.6,735.2,216.73,False,326.3
18-09-2020,Automotive Parts,285.9,733.0,219.38,False,284.7
21-09-2020,Automotive Parts,229.1,746.7,214.88,False,217.4
22-09-2020,Automotive Parts,262.9,736.8,219.17,False,260.5
24-09-2020,Automotive Parts,268.5,744.5,228.68,False,249.9
25-09-2020,Automotive Parts,278.5,730.5,222.81,False,277.4
27-09-2020,Automotive Parts,244.1,733.7,212.11,False,239.5
28-09-2020,Automotive Parts,228.0,741.7,213.47,False,214.5
01-10-2020,Automotive Parts,390.7,725.9,218.16,True,359.5
02-10-2020,Automotive Parts,269.0,740.0,216.35,False,252.2
03-10-2020,Automotive Parts,267.6,740.1,219.32,False,270.6
04-10-2020,Automotive Parts,244.0,746.8,216.9,False,241.6
04-10-2020,Automotive Parts,349.2,769.0,220.71,False,346.0
05-10-2020,Automotive Parts,312.5,747.4,216.43,True,305.3
05-10-2020,Automotive Parts,285.4,843.7,223.06,False,286.0
07-10-2020,Automotive Parts,263.0,744.5,215.54,False,237.0
08-10-2020,Automotive Parts,343.2,725.9,223.98,True,326.0
09-10-2020,Automotive Parts,287.9,724.3,216.7,False,264.2
11-10-2020,Automotive Parts,281.2,721.9,211.99,False,272.7
12-10-2020,Automotive Parts,330.2,605.8,217.19,False,328.0
13-10-2020,Automotive Parts,257.6,728.9,216.0,False,242.9
15-10-2020,Automotive Parts,301.9,712.3,212.39,False,300.8
16-10-2020,Automotive Parts,301.0,708.7,218.95,False,291.7
17-10-2020,Automotive Parts,264.9,716.7,217.9,False,270.3
19-10-2020,Automotive Parts,245.1,722.3,220.35,False,245.7
20-10-2020,Automotive Parts,323.2,722.8,216.91,True,2990.0
21-10-2020,Automotive Parts,285.3,711.2,217.67,False,292.7
22-10-2020,Automotive Parts,322.1,706.5,212.33,False,325.8
23-10-2020,Automotive Parts,297.6,706.5,214.75,False,302.6
24-10-2020,Automotive Parts,278.9,710.1,219.09,False,276.6
25-10-2020,Automotive Parts,275.9,717.9,218.97,False,287.2
26-10-2020,Automotive Parts,287.0,707.2,221.93,False,291.4
27-10-2020,Automotive Parts,264.3,704.0,211.59,False,270.7
28-10-2020,Automotive Parts,292.2,679.4,221.53,False,299.4
29-10-2020,Automotive Parts,289.4,679.9,217.28,False,299.9
31-10-2020,Automotive Parts,288.7,673.0,215.43,False,282.8
01-11-2020,Automotive Parts,270.6,673.7,218.91,False,283.8
05-11-2020,Automotive Parts,318.6,662.2,218.62,False,326.5
06-11-2020,Automotive Parts,273.9,674.0,219.92,False,271.9
07-11-2020,Automotive Parts,286.3,664.2,221.77,False,284.2
10-11-2020,Automotive Parts,261.5,667.6,219.8,False,258.7
15-11-2020,Automotive Parts,282.4,658.4,214.04,False,262.5
17-11-2020,Automotive Parts,275.1,666.6,220.71,False,249.4
18-11-2020,Automotive Parts,336.9,642.7,222.82,False,351.9
21-11-2020,Automotive Parts,322.5,635.1,211.0,False,293.2
22-11-2020,Automotive Parts,322.6,631.5,217.87,False,319.0
23-11-2020,Automotive Parts,359.2,651.1,222.25,True,337.7
24-11-2020,Automotive Parts,289.3,638.9,211.62,False,298.6
27-11-2020,Automotive Parts,339.5,635.9,221.03,False,352.4
28-11-2020,Automotive Parts,344.0,627.2,223.58,False,341.4
01-12-2020,Automotive Parts,320.0,834.9,209.85,False,290.0
01-12-2020,Automotive Parts,312.7,417.5,216.48,False,45.0
02-12-2020,Automotive Parts,288.2,421.5,219.08,False,289.5
06-12-2020,Automotive Parts,309.8,610.9,218.81,False,306.8
07-12-2020,Automotive Parts,285.1,615.1,213.97,False,278.1
09-12-2020,Automotive Parts,325.6,609.2,220.98,False,314.4
10-12-2020,Automotive Parts,242.6,739.2,214.21,False,249.2
11-12-2020,Automotive Parts,527.4,601.2,211.87,True,551.9
11-12-2020,Automotive Parts,321.0,650.8,220.09,False,300.1
12-12-2020,Automotive Parts,344.3,598.9,226.33,False,324.3
14-12-2020,Automotive Parts,324.8,597.1,220.88,False,314.3
15-12-2020,Automotive Parts,321.7,590.1,220.24,False,301.5
16-12-2020,Automotive Parts,484.1,591.4,215.45,True,491.5
17-12-2020,Automotive Parts,360.6,586.0,224.99,False,370.4
18-12-2020,Automotive Parts,352.4,581.6,214.05,False,324.9
19-12-2020,Automotive Parts,363.2,572.6,210.76,False,351.9
21-12-2020,Automotive Parts,338.2,594.8,216.68,False,341.0
22-12-2020,Automotive Parts,310.9,594.9,225.41,False,282.9
24-12-2020,Automotive Parts,375.0,576.4,222.03,False,377.5
26-12-2020,Automotive Parts,358.8,582.4,222.16,False,358.9
27-12-2020,Automotive Parts,341.9,586.2,219.42,False,315.9
28-12-2020,Automotive Parts,338.7,590.1,223.54,False,312.9
30-12-2020,Automotive Parts,364.8,370.2,216.66,False,352.6
31-12-2020,Automotive Parts,359.3,379.4,218.49,False,336.9
01-01-2021,Automotive Parts,375.2,382.9,224.88,False,43.9
03-01-2021,Automotive Parts,358.7,386.6,218.56,False,334.2
04-01-2021,Automotive Parts,303.8,616.5,226.95,False,310.6
05-01-2021,Automotive Parts,342.9,605.4,212.97,False,309.6
06-01-2021,Automotive Parts,333.2,614.1,219.63,False,314.6
07-01-2021,Automotive Parts,483.9,607.3,218.84,True,484.2
10-01-2021,Automotive Parts,509.5,595.1,219.71,True,518.8
13-01-2021,Automotive Parts,368.6,595.7,216.22,False,380.6
16-01-2021,Automotive Parts,373.4,595.0,217.24,False,338.1
17-01-2021,Automotive Parts,325.6,606.3,219.05,False,322.4
18-01-2021,Automotive Parts,339.6,596.2,221.39,False,347.6
19-01-2021,Automotive Parts,464.4,591.0,221.95,True,425.0
20-01-2021,Automotive Parts,478.6,581.1,219.63,True,474.9
21-01-2021,Automotive Parts,366.7,590.1,211.5,False,355.8
22-01-2021,Automotive Parts,559.8,581.4,211.45,True,559.0
23-01-2021,Automotive Parts,378.3,583.3,215.98,False,363.3
25-01-2021,Automotive Parts,351.8,591.2,212.26,False,356.9
27-01-2021,Automotive Parts,434.5,599.6,221.71,True,419.9
28-01-2021,Automotive Parts,376.9,591.3,218.63,False,394.0
29-01-2021,Automotive Parts,1065.1,590.6,221.3,False,389.6
31-01-2021,Automotive Parts,359.9,603.9,222.56,False,354.2
01-02-2021,Automotive Parts,322.9,614.0,221.77,False,312.9
01-02-2021,Automotive Parts,522.7,393.5,221.1,True,478.7
02-02-2021,Automotive Parts,367.6,599.9,222.86,False,351.4
04-02-2021,Automotive Parts,374.1,609.1,224.22,False,391.5
05-02-2021,Automotive Parts,338.4,650.6,212.44,False,342.5
06-02-2021,Automotive Parts,361.5,617.8,211.28,False,370.9
07-02-2021,Automotive Parts,392.1,617.1,226.66,False,401.3
08-02-2021,Automotive Parts,326.9,643.5,220.04,False,316.0
10-02-2021,Automotive Parts,295.8,688.5,220.33,False,275.1
10-02-2021,Automotive Parts,353.1,642.7,217.65,False,318.8
11-02-2021,Automotive Parts,395.7,630.6,224.34,False,412.5
12-02-2021,Automotive Parts,384.1,633.5,217.6,False,358.9
14-02-2021,Automotive Parts,377.9,630.5,212.28,False,388.2
15-02-2021,Automotive Parts,343.0,640.0,217.94,False,339.8
17-02-2021,Automotive Parts,365.2,639.2,216.01,False,372.0
18-02-2021,Automotive Parts,383.8,635.2,225.82,False,388.0
21-02-2021,Automotive Parts,359.5,630.6,215.41,False,344.4
22-02-2021,Automotive Parts,345.7,637.1,213.73,False,332.4
23-02-2021,Automotive Parts,435.6,642.7,218.96,True,423.4
24-02-2021,Automotive Parts,386.2,624.3,215.17,False,391.9
25-02-2021,Automotive Parts,388.7,625.8,228.98,False,390.1
26-02-2021,Automotive Parts,354.5,632.1,218.64,False,340.2
28-02-2021,Automotive Parts,343.3,643.2,223.52,False,320.6
01-03-2021,Automotive Parts,325.5,642.4,211.5,False,331.7
02-03-2021,Automotive Parts,355.6,630.6,215.18,False,339.0
03-03-2021,Automotive Parts,363.3,632.2,219.57,False,368.8
04-03-2021,Automotive Parts,365.6,640.1,211.53,False,370.7
05-03-2021,Automotive Parts,354.2,637.8,219.61,False,355.6
08-03-2021,Automotive Parts,351.0,618.9,219.29,False,316.5
10-03-2021,Automotive Parts,446.3,614.0,215.32,True,441.7
12-03-2021,Automotive Parts,378.8,442.2,222.25,False,390.9
13-03-2021,Automotive Parts,337.9,449.2,213.91,False,21.7
15-03-2021,Automotive Parts,339.5,452.1,222.41,False,356.4
18-03-2021,Automotive Parts,384.3,590.4,212.47,False,356.4
20-03-2021,Automotive Parts,396.0,588.6,214.31,False,373.2
24-03-2021,Automotive Parts,373.3,591.9,213.27,False,358.6
25-03-2021,Automotive Parts,359.7,598.8,215.12,False,351.8
26-03-2021,Automotive Parts,395.6,588.9,215.96,False,384.9
28-03-2021,Automotive Parts,359.9,589.3,216.65,False,336.8
31-03-2021,Automotive Parts,397.0,586.5,220.82,False,366.7
02-04-2021,Automotive Parts,389.2,588.9,219.39,False,358.7
03-04-2021,Automotive Parts,377.8,597.2,210.96,False,392.3
04-04-2021,Automotive Parts,342.1,608.1,211.78,False,358.2
05-04-2021,Automotive Parts,332.9,618.5,213.03,False,317.3
08-04-2021,Automotive Parts,362.4,608.6,214.76,False,378.9
09-04-2021,Automotive Parts,377.8,608.9,211.04,False,363.9
10-04-2021,Automotive Parts,345.6,613.0,216.78,False,316.3
11-04-2021,Automotive Parts,298.6,621.4,223.13,False,288.7
12-04-2021,Automotive Parts,302.7,619.5,216.73,False,273.9
14-04-2021,Automotive Parts,353.9,590.1,223.97,False,354.2
15-04-2021,Automotive Parts,360.7,585.6,215.28,False,338.9
17-04-2021,Automotive Parts,350.9,605.4,217.39,False,352.6
18-04-2021,Automotive Parts,305.1,617.2,213.75,False,274.7
20-04-2021,Automotive Parts,325.7,620.3,218.54,False,295.9
21-04-2021,Automotive Parts,353.9,611.6,215.09,False,365.8
22-04-2021,Automotive Parts,352.4,609.6,216.86,False,366.4
24-04-2021,Automotive Parts,340.3,612.8,216.08,False,355.9
25-04-2021,Automotive Parts,334.8,617.3,219.47,False,317.3
26-04-2021,Automotive Parts,355.3,626.4,219.78,False,347.5
27-04-2021,Automotive Parts,314.9,632.4,211.6,False,315.8
28-04-2021,Automotive Parts,347.9,632.2,221.86,False,364.4
30-04-2021,Automotive Parts,349.8,645.0,222.0,False,342.4
01-05-2021,Automotive Parts,353.1,645.3,214.76,False,368.3
02-05-2021,Automotive Parts,391.1,610.2,226.58,False,391.8
03-05-2021,Automotive Parts,297.8,668.4,209.6,False,293.8
07-05-2021,Automotive Parts,357.6,660.1,222.85,False,348.8
08-05-2021,Automotive Parts,282.5,668.1,218.4,False,284.3
09-05-2021,Automotive Parts,321.6,677.4,221.54,False,336.6
10-05-2021,Automotive Parts,274.6,691.9,218.92,False,248.8
11-05-2021,Automotive Parts,349.4,672.7,219.18,False,363.2
17-05-2021,Automotive Parts,299.0,690.9,217.51,False,300.7
18-05-2021,Automotive Parts,301.0,693.4,216.46,False,312.2
19-05-2021,Automotive Parts,329.0,689.6,216.24,False,340.4
20-05-2021,Automotive Parts,441.0,680.8,219.57,True,424.6
21-05-2021,Automotive Parts,338.3,687.1,222.87,False,308.3
23-05-2021,Automotive Parts,313.5,701.3,212.57,False,318.4
24-05-2021,Automotive Parts,263.5,708.8,222.97,False,261.2
26-05-2021,Automotive Parts,288.1,695.6,213.08,False,277.5
28-05-2021,Automotive Parts,341.6,680.5,215.63,False,350.9
30-05-2021,Automotive Parts,303.1,688.8,213.81,False,315.8
31-05-2021,Automotive Parts,296.6,696.8,222.18,False,294.8
01-06-2021,Automotive Parts,287.3,700.1,209.3,False,300.2
02-06-2021,Automotive Parts,288.5,691.8,219.06,False,288.4
03-06-2021,Automotive Parts,408.5,609.4,216.16,False,415.7
03-06-2021,Automotive Parts,297.3,694.3,220.21,False,293.6
04-06-2021,Automotive Parts,349.5,675.6,212.46,False,328.2
04-06-2021,Automotive Parts,451.9,610.2,217.12,True,415.8
05-06-2021,Automotive Parts,369.3,658.2,216.38,False,356.6
06-06-2021,Automotive Parts,268.1,705.7,216.57,False,258.7
08-06-2021,Automotive Parts,326.7,686.9,222.61,False,296.4
09-06-2021,Automotive Parts,316.8,690.3,218.06,False,298.6
10-06-2021,Automotive Parts,330.6,685.2,217.01,False,303.6
11-06-2021,Automotive Parts,325.9,663.0,216.41,False,327.4
12-06-2021,Automotive Parts,319.1,689.8,215.82,False,312.7
13-06-2021,Automotive Parts,334.8,700.5,226.5,True,339.6
14-06-2021,Automotive Parts,276.2,703.3,211.49,False,277.2
15-06-2021,Automotive Parts,308.4,692.6,216.44,False,297.6
18-06-2021,Automotive Parts,324.9,675.5,223.13,False,335.2
19-06-2021,Automotive Parts,303.8,674.5,217.43,False,306.2
20-06-2021,Automotive Parts,256.5,686.5,221.99,False,246.6
21-06-2021,Automotive Parts,270.9,687.0,216.5,False,268.2
23-06-2021,Automotive Parts,299.5,671.6,219.5,False,291.0
24-06-2021,Automotive Parts,297.5,673.3,219.42,False,284.8
25-06-2021,Automotive Parts,320.5,665.9,218.68,False,313.3
26-06-2021,Automotive Parts,315.0,677.6,212.52,False,297.6
27-06-2021,Automotive Parts,283.0,685.0,213.58,False,255.6
28-06-2021,Automotive Parts,280.7,684.4,223.75,False,289.9
29-06-2021,Automotive Parts,299.5,677.5,215.61,False,295.2
30-06-2021,Automotive Parts,258.9,696.3,221.05,False,254.5
04-07-2021,Automotive Parts,250.5,693.3,217.52,False,240.6
04-07-2021,Automotive Parts,378.1,602.1,217.49,False,352.8
05-07-2021,Automotive Parts,258.7,693.7,219.37,False,251.4
06-07-2021,Automotive Parts,276.5,704.6,224.69,False,260.8
06-07-2021,Automotive Parts,282.6,684.3,220.12,False,271.5
07-07-2021,Automotive Parts,393.4,680.6,213.46,True,410.2
08-07-2021,Automotive Parts,308.6,671.0,221.13,False,317.1
09-07-2021,Automotive Parts,250.8,711.1,217.67,False,248.9
10-07-2021,Automotive Parts,283.0,696.5,215.2,False,276.6
11-07-2021,Automotive Parts,272.4,692.8,223.84,False,246.4
12-07-2021,Automotive Parts,330.1,656.9,211.15,False,343.8
13-07-2021,Automotive Parts,243.0,688.6,228.95,False,225.2
14-07-2021,Automotive Parts,286.5,672.1,213.05,False,263.2
15-07-2021,Automotive Parts,319.1,661.5,220.92,False,334.6
16-07-2021,Automotive Parts,302.3,659.0,216.53,False,304.9
17-07-2021,Automotive Parts,266.4,669.3,216.65,False,268.9
18-07-2021,Automotive Parts,329.9,670.0,209.51,True,337.4
20-07-2021,Automotive Parts,264.8,675.4,211.88,False,246.2
21-07-2021,Automotive Parts,275.5,672.7,218.51,False,255.9
22-07-2021,Automotive Parts,258.9,678.1,213.5,False,264.4
25-07-2021,Automotive Parts,247.4,670.4,215.73,False,236.7
26-07-2021,Automotive Parts,240.0,673.4,215.87,False,232.0
28-07-2021,Automotive Parts,289.1,656.6,212.36,False,282.0
29-07-2021,Automotive Parts,327.8,642.5,225.43,False,302.1
30-07-2021,Automotive Parts,280.2,660.9,207.36,False,263.4
01-08-2021,Automotive Parts,536.2,598.0,219.83,True,508.1
02-08-2021,Automotive Parts,269.3,670.4,216.71,False,254.0
04-08-2021,Automotive Parts,314.3,675.4,220.47,True,307.1
06-08-2021,Automotive Parts,303.6,666.9,212.45,False,274.7
07-08-2021,Automotive Parts,260.6,682.8,219.17,False,260.0
08-08-2021,Automotive Parts,283.3,673.7,217.57,False,279.5
09-08-2021,Automotive Parts,377.8,682.3,215.52,True,395.2
11-08-2021,Automotive Parts,281.4,671.4,218.92,False,278.1
12-08-2021,Automotive Parts,254.4,681.5,222.27,False,260.2
15-08-2021,Automotive Parts,266.2,690.7,216.66,False,272.7
16-08-2021,Automotive Parts,239.7,693.1,218.03,False,247.8
17-08-2021,Automotive Parts,244.9,684.4,208.35,False,225.0
18-08-2021,Automotive Parts,299.2,669.6,225.2,False,269.5
19-08-2021,Automotive Parts,263.9,681.9,220.65,False,238.4
20-08-2021,Automotive Parts,285.6,675.9,207.73,False,266.2
21-08-2021,Automotive Parts,333.6,682.3,215.79,True,307.1
22-08-2021,Automotive Parts,278.1,677.0,223.45,False,283.1
23-08-2021,Automotive Parts,203.5,699.5,224.2,False,199.7
24-08-2021,Automotive Parts,236.8,691.6,220.11,False,233.6
25-08-2021,Automotive Parts,269.7,690.6,217.31,False,252.5
26-08-2021,Automotive Parts,305.2,690.5,219.47,False,288.0
27-08-2021,Automotive Parts,265.5,706.6,220.47,False,254.7
28-08-2021,Automotive Parts,291.0,692.3,218.23,False,266.7
29-08-2021,Automotive Parts,265.3,702.3,218.53,False,261.3
30-08-2021,Automotive Parts,251.0,698.8,213.84,False,236.8
31-08-2021,Automotive Parts,267.3,693.8,222.07,False,277.4
01-09-2021,Automotive Parts,254.2,705.0,215.96,False,238.3
02-09-2021,Automotive Parts,320.4,648.0,223.64,False,312.8
03-09-2021,Automotive Parts,319.3,683.0,216.21,False,299.5
05-09-2021,Automotive Parts,272.7,700.8,216.89,False,250.5
06-09-2021,Automotive Parts,268.8,706.3,219.84,False,251.8
08-09-2021,Automotive Parts,254.8,708.6,220.15,False,263.9
09-09-2021,Automotive Parts,273.7,702.9,217.53,False,279.9
10-09-2021,Automotive Parts,291.9,688.8,212.78,False,290.7
10-09-2021,Automotive Parts,277.4,689.8,226.17,False,287.7
11-09-2021,Automotive Parts,312.6,683.2,210.92,False,302.6
11-09-2021,Automotive Parts,301.6,663.0,217.46,False,275.1
12-09-2021,Automotive Parts,267.3,697.0,216.06,False,244.2
13-09-2021,Automotive Parts,251.6,696.4,223.85,False,236.8
14-09-2021,Automotive Parts,326.5,694.5,214.1,True,326.5
15-09-2021,Automotive Parts,311.4,689.2,217.99,False,309.2
16-09-2021,Automotive Parts,305.6,692.2,218.16,False,287.9
17-09-2021,Automotive Parts,280.7,701.0,216.83,False,294.4
19-09-2021,Automotive Parts,277.6,711.6,215.32,False,258.8
20-09-2021,Automotive Parts,227.9,727.3,216.02,False,225.0
22-09-2021,Automotive Parts,271.3,708.1,217.2,False,255.2
23-09-2021,Automotive Parts,312.1,697.3,206.59,False,288.5
25-09-2021,Automotive Parts,279.7,705.8,223.77,False,274.1
26-09-2021,Automotive Parts,282.3,702.2,211.06,False,267.3
27-09-2021,Automotive Parts,243.0,717.3,211.52,False,220.0
28-09-2021,Automotive Parts,284.0,703.2,211.49,False,294.0
29-09-2021,Automotive Parts,285.8,700.3,216.92,False,283.3
30-09-2021,Automotive Parts,285.3,696.8,225.56,False,273.4
04-10-2021,Automotive Parts,265.0,700.9,214.67,False,250.1
05-10-2021,Automotive Parts,285.9,694.8,212.71,False,297.6
06-10-2021,Automotive Parts,315.4,686.2,222.27,False,303.7
08-10-2021,Automotive Parts,308.6,686.8,219.38,False,296.7
12-10-2021,Automotive Parts,283.7,701.6,218.95,False,277.5
13-10-2021,Automotive Parts,292.4,693.5,222.13,False,273.5
14-10-2021,Automotive Parts,298.7,687.2,214.67,False,305.5
15-10-2021,Automotive Parts,314.3,680.4,217.12,False,288.1
17-10-2021,Automotive Parts,272.8,677.7,218.81,False,260.2
18-10-2021,Automotive Parts,277.2,681.7,222.68,False,249.9
19-10-2021,Automotive Parts,279.2,681.4,217.93,False,257.8
20-10-2021,Automotive Parts,324.5,676.1,215.0,False,338.2
21-10-2021,Automotive Parts,312.0,673.8,217.91,False,289.4
22-10-2021,Automotive Parts,326.4,678.8,212.23,False,326.8
23-10-2021,Automotive Parts,282.4,686.6,221.48,False,258.6
27-10-2021,Automotive Parts,333.2,664.6,216.12,False,314.6
30-10-2021,Automotive Parts,332.8,667.3,213.97,False,325.0
01-11-2021,Automotive Parts,323.1,674.1,213.65,False,310.6
02-11-2021,Automotive Parts,333.8,674.6,221.53,False,304.5
04-11-2021,Automotive Parts,356.4,653.1,213.81,False,355.4
07-11-2021,Automotive Parts,316.3,663.6,224.22,False,289.6
08-11-2021,Automotive Parts,443.0,659.3,217.77,True,427.2
11-11-2021,Automotive Parts,469.5,644.1,210.21,True,435.2
13-11-2021,Automotive Parts,309.7,670.8,223.37,False,299.4
14-11-2021,Automotive Parts,333.3,660.7,228.48,False,342.1
16-11-2021,Automotive Parts,308.3,663.7,213.76,False,290.7
17-11-2021,Automotive Parts,350.4,646.9,217.3,False,352.7
18-11-2021,Automotive Parts,382.5,630.8,219.74,False,350.6
20-11-2021,Automotive Parts,348.6,656.3,214.37,False,341.7
21-11-2021,Automotive Parts,327.8,658.6,209.97,False,334.1
22-11-2021,Automotive Parts,310.9,666.8,213.12,False,307.6
23-11-2021,Automotive Parts,293.8,671.3,217.29,False,274.1
24-11-2021,Automotive Parts,359.9,656.2,219.75,False,350.0
26-11-2021,Automotive Parts,357.9,658.6,221.71,False,340.0
27-11-2021,Automotive Parts,372.7,649.6,216.9,False,382.6
29-11-2021,Automotive Parts,320.8,666.3,223.84,False,297.8
30-11-2021,Automotive Parts,316.9,666.4,215.27,False,319.6
01-12-2021,Automotive Parts,372.0,655.1,220.2,False,342.0
05-12-2021,Automotive Parts,340.7,656.1,214.82,False,325.8
07-12-2021,Automotive Parts,403.2,687.4,217.2,True,404.5
09-12-2021,Automotive Parts,374.6,647.0,222.14,False,345.4
12-12-2021,Automotive Parts,365.7,657.8,223.85,False,383.5
13-12-2021,Automotive Parts,508.2,663.3,220.9,True,466.0
14-12-2021,Automotive Parts,344.5,646.5,213.48,False,339.1
15-12-2021,Automotive Parts,361.3,656.1,218.45,False,357.7
16-12-2021,Automotive Parts,366.7,659.0,223.42,False,374.5
17-12-2021,Automotive Parts,383.7,656.8,220.14,False,3789.0
18-12-2021,Automotive Parts,335.7,672.7,226.19,False,322.5
19-12-2021,Automotive Parts,336.1,668.0,216.82,False,304.9
20-12-2021,Automotive Parts,329.6,675.2,221.66,False,315.5
21-12-2021,Automotive Parts,350.9,666.0,226.38,False,316.7
22-12-2021,Automotive Parts,355.6,664.2,217.1,False,355.0
23-12-2021,Automotive Parts,361.0,662.9,220.0,False,364.1
24-12-2021,Automotive Parts,396.3,658.5,217.27,False,396.0
25-12-2021,Automotive Parts,380.2,493.2,225.04,False,393.9
26-12-2021,Automotive Parts,360.9,500.7,219.21,False,378.0
27-12-2021,Automotive Parts,339.9,503.6,220.52,False,23.1
28-12-2021,Automotive Parts,354.8,502.2,218.21,False,360.9
29-12-2021,Automotive Parts,366.0,496.0,213.65,False,351.6
30-12-2021,Automotive Parts,578.5,660.5,210.61,True,603.3
31-12-2021,Automotive Parts,390.1,665.0,218.04,False,374.0
02-01-2022,Automotive Parts,378.1,681.5,219.05,False,392.0
03-01-2022,Automotive Parts,330.3,688.0,215.08,False,332.8
04-01-2022,Automotive Parts,374.6,673.8,218.13,False,339.7
05-01-2022,Automotive Parts,359.2,684.9,217.24,False,376.7
05-01-2022,Automotive Parts,360.4,544.9,223.25,False,363.7
06-01-2022,Automotive Parts,358.8,688.8,219.73,False,367.8
08-01-2022,Automotive Parts,270.3,564.0,211.91,False,280.0
09-01-2022,Automotive Parts,367.6,353.4,216.76,False,91.3
11-01-2022,Automotive Parts,442.6,361.4,217.8,True,416.9
13-01-2022,Automotive Parts,393.9,675.7,219.85,False,378.7
14-01-2022,Automotive Parts,408.6,668.1,212.15,False,378.0
15-01-2022,Automotive Parts,370.7,686.5,221.12,False,3731.0
16-01-2022,Automotive Parts,363.4,691.9,223.65,False,361.9
18-01-2022,Automotive Parts,352.9,689.9,218.96,False,322.3
19-01-2022,Automotive Parts,349.9,693.3,221.46,False,347.9
20-01-2022,Automotive Parts,384.1,682.4,221.15,False,389.7
21-01-2022,Automotive Parts,417.3,668.6,219.53,False,419.3
23-01-2022,Automotive Parts,401.0,670.2,217.14,False,388.8
24-01-2022,Automotive Parts,355.3,676.9,219.63,False,349.4
25-01-2022,Automotive Parts,389.2,660.6,216.07,False,387.7
30-01-2022,Automotive Parts,361.8,645.8,223.47,False,332.1
31-01-2022,Automotive Parts,346.8,649.7,214.15,False,323.4
01-02-2022,Automotive Parts,372.9,648.6,214.3,False,342.9
02-02-2022,Automotive Parts,385.6,650.0,215.0,False,386.2
05-02-2022,Automotive Parts,407.6,641.1,218.25,False,422.5
06-02-2022,Automotive Parts,368.0,649.0,208.44,False,343.4
07-02-2022,Automotive Parts,377.4,635.6,214.37,False,353.5
08-02-2022,Automotive Parts,355.6,640.1,222.53,False,323.2
11-02-2022,Automotive Parts,406.0,623.1,218.22,False,401.3
15-02-2022,Automotive Parts,358.9,627.1,228.17,False,341.9
16-02-2022,Automotive Parts,392.8,615.9,219.67,False,398.1
17-02-2022,Automotive Parts,607.0,599.9,219.26,True,620.3
18-02-2022,Automotive Parts,401.3,601.1,216.56,False,414.3
19-02-2022,Automotive Parts,369.7,612.0,219.05,False,386.6
20-02-2022,Automotive Parts,368.9,617.0,214.18,False,367.5
22-02-2022,Automotive Parts,375.5,614.3,213.92,False,364.9
23-02-2022,Automotive Parts,380.2,610.3,216.36,False,395.1
24-02-2022,Automotive Parts,409.7,605.1,217.11,False,406.5
25-02-2022,Automotive Parts,404.5,606.2,216.23,False,418.2
26-02-2022,Automotive Parts,401.9,612.5,212.75,False,398.6
27-02-2022,Automotive Parts,361.4,627.9,220.41,False,326.8
28-02-2022,Automotive Parts,391.4,619.9,225.26,False,387.9
01-03-2022,Automotive Parts,361.9,623.7,221.62,False,345.8
03-03-2022,Automotive Parts,419.1,601.2,218.12,False,415.8
04-03-2022,Automotive Parts,375.5,591.3,214.14,False,367.4
05-03-2022,Automotive Parts,460.0,541.7,216.52,True,462.5
06-03-2022,Automotive Parts,405.8,598.5,216.9,False,395.1
08-03-2022,Automotive Parts,311.1,546.1,221.57,False,321.5
08-03-2022,Automotive Parts,388.2,596.1,217.99,False,388.2
09-03-2022,Automotive Parts,400.8,592.7,220.69,False,391.4
10-03-2022,Automotive Parts,563.6,593.1,218.25,True,547.1
11-03-2022,Automotive Parts,409.4,591.7,208.96,False,395.9
12-03-2022,Automotive Parts,381.6,467.1,211.01,False,379.8
13-03-2022,Automotive Parts,406.2,599.0,213.64,False,372.9
14-03-2022,Automotive Parts,371.7,603.3,209.52,False,370.8
15-03-2022,Automotive Parts,400.8,599.4,217.2,False,400.9
16-03-2022,Automotive Parts,421.2,592.5,219.75,False,4418.0
17-03-2022,Automotive Parts,384.5,602.4,219.33,False,351.4
21-03-2022,Automotive Parts,381.3,603.0,215.69,False,350.6
22-03-2022,Automotive Parts,334.9,609.1,220.33,False,332.1
23-03-2022,Automotive Parts,389.6,588.9,223.55,False,382.5
24-03-2022,Automotive Parts,437.5,570.2,217.74,False,395.1
25-03-2022,Automotive Parts,395.4,582.5,221.8,False,392.8
26-03-2022,Automotive Parts,409.8,575.2,216.84,False,373.0
28-03-2022,Automotive Parts,507.0,579.2,215.02,True,475.7
29-03-2022,Automotive Parts,385.0,580.0,215.41,False,399.8
31-03-2022,Automotive Parts,421.9,559.9,222.6,False,419.8
01-04-2022,Automotive Parts,401.2,572.1,221.5,False,410.7
02-04-2022,Automotive Parts,399.5,641.9,214.2,False,384.5
03-04-2022,Automotive Parts,420.4,602.4,221.1,False,410.5
05-04-2022,Automotive Parts,366.2,598.1,223.19,False,373.8
06-04-2022,Automotive Parts,354.0,519.5,219.35,False,332.6
07-04-2022,Automotive Parts,408.6,580.0,221.48,False,423.4
08-04-2022,Automotive Parts,333.2,543.1,217.97,False,314.0
10-04-2022,Automotive Parts,401.3,586.4,212.14,False,385.9
11-04-2022,Automotive Parts,370.6,602.8,220.35,False,387.6
14-04-2022,Automotive Parts,380.9,593.5,213.04,False,347.6
15-04-2022,Automotive Parts,369.1,597.4,220.88,False,348.7
16-04-2022,Automotive Parts,393.9,588.1,219.9,False,361.0
17-04-2022,Automotive Parts,378.3,588.9,220.64,False,385.1
18-04-2022,Automotive Parts,359.7,595.9,218.86,False,334.0
19-04-2022,Automotive Parts,380.4,580.5,210.69,False,356.8
20-04-2022,Automotive Parts,378.6,572.9,222.31,False,397.0
21-04-2022,Automotive Parts,390.5,565.3,216.28,False,404.5
23-04-2022,Automotive Parts,364.0,565.1,217.85,False,358.6
25-04-2022,Automotive Parts,359.9,427.4,218.21,False,360.6
26-04-2022,Automotive Parts,522.3,417.1,214.64,True,61.4
28-04-2022,Automotive Parts,389.4,402.8,218.54,False,386.3
29-04-2022,Automotive Parts,407.4,528.0,218.87,False,388.6
30-04-2022,Automotive Parts,381.0,534.7,224.18,False,350.7
04-05-2022,Automotive Parts,337.6,543.4,217.15,False,321.0
05-05-2022,Automotive Parts,380.3,539.1,212.69,False,353.2
06-05-2022,Automotive Parts,406.2,525.3,218.71,False,377.7
07-05-2022,Automotive Parts,365.8,541.3,217.6,False,338.0
10-05-2022,Automotive Parts,330.0,542.8,217.35,False,312.8
13-05-2022,Automotive Parts,352.4,525.0,221.15,False,358.1
14-05-2022,Automotive Parts,378.6,521.0,214.33,False,387.1
16-05-2022,Automotive Parts,291.5,544.2,213.63,False,280.6
17-05-2022,Automotive Parts,322.7,533.7,218.34,False,295.1
18-05-2022,Automotive Parts,351.9,523.7,218.7,False,329.1
19-05-2022,Automotive Parts,372.6,512.0,220.72,False,368.6
20-05-2022,Automotive Parts,378.2,506.5,216.87,False,361.6
21-05-2022,Automotive Parts,357.5,509.4,214.55,False,345.6
23-05-2022,Automotive Parts,338.2,519.9,220.96,False,329.9
25-05-2022,Automotive Parts,332.8,523.5,214.75,False,336.4
26-05-2022,Automotive Parts,355.3,518.5,215.75,False,330.3
27-05-2022,Automotive Parts,362.8,509.3,213.67,False,354.7
28-05-2022,Automotive Parts,346.8,511.5,211.16,False,312.8
29-05-2022,Automotive Parts,293.5,520.0,219.54,False,292.9
31-05-2022,Automotive Parts,322.8,516.7,216.13,False,322.5
01-06-2022,Automotive Parts,409.9,516.6,217.0,True,426.7
02-06-2022,Automotive Parts,361.6,514.8,217.32,False,369.4
03-06-2022,Automotive Parts,358.3,519.2,220.31,False,352.4
05-06-2022,Automotive Parts,314.4,532.8,218.31,False,287.2
06-06-2022,Automotive Parts,285.5,541.6,217.11,False,281.4
12-06-2022,Automotive Parts,301.2,575.9,216.75,False,316.0
14-06-2022,Automotive Parts,302.4,573.0,215.9,False,302.3
15-06-2022,Automotive Parts,315.3,569.4,218.27,False,289.5
16-06-2022,Automotive Parts,468.8,555.6,221.99,True,443.5
17-06-2022,Automotive Parts,358.5,554.9,213.23,False,369.4
18-06-2022,Automotive Parts,336.9,557.9,219.7,False,318.3
19-06-2022,Automotive Parts,324.6,568.7,218.14,False,312.9
20-06-2022,Automotive Parts,312.7,572.3,214.09,False,309.8
21-06-2022,Automotive Parts,295.0,578.2,211.3,False,286.7
22-06-2022,Automotive Parts,324.4,557.3,210.65,False,317.6
23-06-2022,Automotive Parts,507.5,553.0,215.7,True,501.7
24-06-2022,Automotive Parts,332.0,549.9,216.93,False,334.3
27-06-2022,Automotive Parts,294.3,560.2,216.2,False,308.3
28-06-2022,Automotive Parts,330.1,545.2,214.9,False,299.3
29-06-2022,Automotive Parts,328.1,546.7,214.66,False,309.6
02-07-2022,Automotive Parts,341.3,554.6,218.84,False,343.2
03-07-2022,Automotive Parts,312.3,567.3,220.62,False,318.5
04-07-2022,Automotive Parts,272.8,585.2,215.69,False,267.2
05-07-2022,Automotive Parts,340.9,568.0,218.68,False,351.1
06-07-2022,Automotive Parts,296.0,573.9,218.26,False,283.6
08-07-2022,Automotive Parts,310.3,568.6,208.02,False,284.7
09-07-2022,Automotive Parts,314.7,564.2,224.44,False,285.8
09-07-2022,Automotive Parts,329.1,508.9,214.32,False,341.9
10-07-2022,Automotive Parts,309.1,562.7,214.58,False,302.6
11-07-2022,Automotive Parts,308.9,570.9,223.56,False,320.7
12-07-2022,Automotive Parts,287.2,584.0,219.45,False,268.6
13-07-2022,Automotive Parts,305.4,580.5,215.41,False,284.4
14-07-2022,Automotive Parts,332.9,572.4,214.23,False,332.4
15-07-2022,Automotive Parts,322.4,575.0,220.29,False,319.6
16-07-2022,Automotive Parts,266.8,592.8,220.52,False,253.5
18-07-2022,Automotive Parts,303.1,586.0,227.63,False,294.2
20-07-2022,Automotive Parts,317.0,575.4,210.56,False,317.5
21-07-2022,Automotive Parts,298.3,580.3,217.41,False,304.2
22-07-2022,Automotive Parts,322.1,565.3,212.03,False,293.1
24-07-2022,Automotive Parts,305.4,572.2,218.71,False,291.2
25-07-2022,Automotive Parts,288.3,573.7,219.56,False,288.1
28-07-2022,Automotive Parts,317.3,554.8,217.94,False,324.6
29-07-2022,Automotive Parts,340.2,547.5,221.44,False,311.4
31-07-2022,Automotive Parts,274.1,555.6,212.91,False,272.8
02-08-2022,Automotive Parts,275.8,558.3,212.63,False,275.1
05-08-2022,Automotive Parts,274.9,559.7,214.53,False,265.5
06-08-2022,Automotive Parts,300.8,559.3,216.06,False,288.8
06-08-2022,Automotive Parts,491.8,532.3,215.88,True,499.4
07-08-2022,Automotive Parts,295.7,562.9,212.93,False,294.3
08-08-2022,Automotive Parts,268.5,570.2,226.6,False,258.8
10-08-2022,Automotive Parts,292.9,556.2,225.02,False,276.9
14-08-2022,Automotive Parts,289.6,553.9,225.18,False,276.6
17-08-2022,Automotive Parts,274.3,575.4,216.05,False,266.6
18-08-2022,Automotive Parts,319.3,555.6,217.49,False,301.5
20-08-2022,Automotive Parts,313.1,558.8,227.41,False,314.5
21-08-2022,Automotive Parts,264.3,573.1,226.29,False,274.4
22-08-2022,Automotive Parts,397.3,566.2,212.71,True,374.2
23-08-2022,Automotive Parts,258.1,576.2,221.46,False,267.1
24-08-2022,Automotive Parts,407.8,562.7,219.13,True,402.7
25-08-2022,Automotive Parts,313.4,549.4,213.67,False,290.9
26-08-2022,Automotive Parts,311.5,547.9,223.21,False,296.3
29-08-2022,Automotive Parts,272.5,551.9,220.8,False,273.2
30-08-2022,Automotive Parts,241.9,560.0,214.49,False,253.3
31-08-2022,Automotive Parts,320.1,536.4,228.16,False,297.0
01-09-2022,Automotive Parts,315.3,535.0,212.69,False,316.7
02-09-2022,Automotive Parts,331.9,523.1,212.42,False,326.6
03-09-2022,Automotive Parts,310.7,531.9,218.87,False,282.7
04-09-2022,Automotive Parts,298.1,532.0,221.83,False,293.1
06-09-2022,Automotive Parts,337.2,542.1,216.13,False,305.6
06-09-2022,Automotive Parts,307.6,513.7,220.55,False,282.1
08-09-2022,Automotive Parts,301.2,551.7,218.47,False,284.2
15-09-2022,Automotive Parts,321.5,500.5,220.59,False,289.5
16-09-2022,Automotive Parts,318.1,507.5,216.36,False,289.1
17-09-2022,Automotive Parts,303.1,505.6,213.97,False,296.7
20-09-2022,Automotive Parts,286.4,498.9,218.22,False,279.4
21-09-2022,Automotive Parts,315.6,488.7,217.68,False,296.7
24-09-2022,Automotive Parts,295.9,502.6,220.27,False,296.9
25-09-2022,Automotive Parts,296.0,501.1,212.99,False,303.1
27-09-2022,Automotive Parts,285.7,506.6,214.46,False,295.1
29-09-2022,Automotive Parts,320.3,493.9,210.62,False,300.4
04-10-2022,Automotive Parts,309.1,501.9,220.0,False,296.6
06-10-2022,Automotive Parts,327.8,503.4,216.48,False,337.9
06-10-2022,Automotive Parts,325.3,553.9,213.87,False,336.8
07-10-2022,Automotive Parts,322.2,511.0,218.3,False,291.0
09-10-2022,Automotive Parts,314.9,523.3,221.71,False,3278.0
10-10-2022,Automotive Parts,285.3,526.3,225.73,False,297.4
11-10-2022,Automotive Parts,374.2,507.2,219.27,False,373.7
11-10-2022,Automotive Parts,293.2,524.2,214.75,False,271.2
14-10-2022,Automotive Parts,355.6,491.0,218.81,False,364.7
16-10-2022,Automotive Parts,294.2,513.1,216.92,False,286.3
17-10-2022,Automotive Parts,296.8,515.7,221.25,False,271.2
18-10-2022,Automotive Parts,346.6,508.1,225.01,False,334.6
20-10-2022,Automotive Parts,339.0,508.4,228.06,False,326.2
22-10-2022,Automotive Parts,519.8,503.4,216.27,True,469.4
23-10-2022,Automotive Parts,311.2,512.4,215.29,False,288.0
24-10-2022,Automotive Parts,292.7,512.0,221.75,False,287.7
25-10-2022,Automotive Parts,318.2,501.5,213.22,False,297.3
26-10-2022,Automotive Parts,333.3,495.8,214.16,False,322.5
27-10-2022,Automotive Parts,365.7,494.0,216.62,False,359.1
30-10-2022,Automotive Parts,337.7,501.1,221.31,False,305.8
31-10-2022,Automotive Parts,340.4,501.1,215.1,False,312.8
02-11-2022,Automotive Parts,345.2,524.9,219.82,False,341.8
03-11-2022,Automotive Parts,372.4,510.6,220.36,False,343.4
04-11-2022,Automotive Parts,391.3,507.2,219.4,False,377.5
05-11-2022,Automotive Parts,352.6,518.2,217.34,False,357.1
06-11-2022,Automotive Parts,363.0,508.8,218.17,False,330.6
07-11-2022,Automotive Parts,336.7,517.4,217.0,False,343.1
08-11-2022,Automotive Parts,1366.0,546.5,215.1,False,302.0
09-11-2022,Automotive Parts,383.3,505.2,222.7,False,389.9
09-11-2022,Automotive Parts,313.7,518.7,216.11,False,322.6
11-11-2022,Automotive Parts,347.7,510.0,216.14,False,315.2
12-11-2022,Automotive Parts,361.3,500.5,225.25,False,379.0
12-11-2022,Automotive Parts,433.3,507.1,220.92,True,405.1
13-11-2022,Automotive Parts,1451.8,513.1,217.99,False,300.3
14-11-2022,Automotive Parts,333.0,513.5,215.89,False,342.6
15-11-2022,Automotive Parts,994.7,511.6,220.67,False,321.6
18-11-2022,Automotive Parts,403.7,464.8,215.6,False,375.1
19-11-2022,Automotive Parts,369.4,476.5,225.14,False,384.2
20-11-2022,Automotive Parts,349.0,493.3,215.79,False,339.6
21-11-2022,Automotive Parts,346.3,494.0,221.67,False,327.7
22-11-2022,Automotive Parts,431.2,500.3,230.16,True,390.5
23-11-2022,Automotive Parts,367.6,478.3,207.23,False,381.8
24-11-2022,Automotive Parts,391.5,474.5,220.7,False,369.3
25-11-2022,Automotive Parts,399.6,467.4,216.56,False,3777.0
26-11-2022,Automotive Parts,411.8,470.2,218.91,False,391.3
27-11-2022,Automotive Parts,351.0,487.7,218.43,False,366.7
28-11-2022,Automotive Parts,332.5,487.0,214.22,False,317.0
29-11-2022,Automotive Parts,383.8,476.1,218.97,False,391.2
30-11-2022,Automotive Parts,402.6,467.2,211.14,False,408.6
01-12-2022,Automotive Parts,378.3,476.5,212.0,False,348.2
02-12-2022,Automotive Parts,412.6,464.0,221.4,False,407.5
02-12-2022,Automotive Parts,601.6,619.4,215.06,True,579.6
05-12-2022,Automotive Parts,376.6,484.6,223.74,False,384.6
05-12-2022,Automotive Parts,384.5,521.5,219.9,False,353.7
07-12-2022,Automotive Parts,370.0,491.1,219.57,False,350.7
08-12-2022,Automotive Parts,385.1,496.4,213.66,False,361.5
09-12-2022,Automotive Parts,416.2,526.4,224.67,True,404.3
09-12-2022,Automotive Parts,416.7,484.2,217.03,False,404.3
12-12-2022,Automotive Parts,373.8,501.5,221.57,False,385.0
14-12-2022,Automotive Parts,398.3,488.4,215.24,False,381.9
15-12-2022,Automotive Parts,405.3,486.9,221.66,False,386.4
16-12-2022,Automotive Parts,378.3,492.3,219.21,False,359.0
18-12-2022,Automotive Parts,386.9,490.8,232.29,False,351.6
19-12-2022,Automotive Parts,369.3,496.6,223.07,False,354.7
20-12-2022,Automotive Parts,402.0,486.8,221.49,False,414.3
22-12-2022,Automotive Parts,375.9,485.1,211.55,False,375.8
23-12-2022,Automotive Parts,415.0,472.1,218.61,False,381.3
25-12-2022,Automotive Parts,373.7,490.7,213.61,False,355.8
26-12-2022,Automotive Parts,376.3,500.4,213.58,False,344.5
27-12-2022,Automotive Parts,349.9,505.9,218.02,False,323.1
29-12-2022,Automotive Parts,430.2,491.4,216.14,False,429.8
30-12-2022,Automotive Parts,452.7,478.1,208.93,False,417.6
31-12-2022,Automotive Parts,441.9,483.4,219.46,False,455.2
01-01-2023,Automotive Parts,375.8,505.0,219.97,False,357.2
02-01-2023,Automotive Parts,370.2,509.4,211.43,False,386.5
03-01-2023,Automotive Parts,384.4,504.6,216.23,False,363.2
01-04-2023,Automotive Parts,412.8,486.9,211.16,False,420.6
01-01-2020,Beauty,292.3,1029.7,165.15,False,305.7
02-01-2020,Beauty,301.6,1023.4,161.52,False,300.4
04-01-2020,Beauty,285.6,1030.2,166.0,False,270.0
05-01-2020,Beauty,270.8,1035.8,166.83,False,259.1
05-01-2020,Beauty,399.3,1067.3,168.98,False,373.4
06-01-2020,Beauty,234.6,1051.7,157.77,False,2272.0
06-01-2020,Beauty,383.5,1107.9,163.6,False,386.1
07-01-2020,Beauty,270.0,1047.0,160.06,False,265.2
08-01-2020,Beauty,405.5,1080.9,167.97,False,393.4
09-01-2020,Beauty,337.8,1068.5,164.22,False,334.7
10-01-2020,Beauty,290.7,1032.3,163.62,False,304.9
11-01-2020,Beauty,294.2,1032.5,169.26,False,302.0
12-01-2020,Beauty,251.0,1045.3,166.93,False,246.4
13-01-2020,Beauty,265.1,1044.3,161.84,False,272.4
15-01-2020,Beauty,320.2,1019.2,159.6,False,305.0
17-01-2020,Beauty,330.4,1011.4,158.06,False,334.9
19-01-2020,Beauty,288.2,1019.3,166.05,False,302.3
20-01-2020,Beauty,277.0,1032.7,163.17,False,268.5
23-01-2020,Beauty,323.1,539.7,164.4,False,308.1
26-01-2020,Beauty,269.7,552.5,161.37,False,262.4
28-01-2020,Beauty,297.7,1021.8,162.52,False,295.4
29-01-2020,Beauty,287.3,1027.7,164.84,False,285.5
30-01-2020,Beauty,349.3,1012.3,166.33,False,345.5
03-02-2020,Beauty,272.4,1036.1,156.97,False,273.8
05-02-2020,Beauty,315.9,1022.5,162.26,False,320.5
06-02-2020,Beauty,374.3,1102.7,160.69,False,361.0
06-02-2020,Beauty,345.7,1009.0,162.19,False,339.6
07-02-2020,Beauty,309.0,1030.6,171.4,False,292.6
09-02-2020,Beauty,354.4,1074.8,161.77,False,337.1
09-02-2020,Beauty,280.0,1043.5,156.79,False,276.4
11-02-2020,Beauty,320.5,1036.4,165.95,False,317.9
12-02-2020,Beauty,459.3,1049.3,160.17,True,473.9
12-02-2020,Beauty,405.4,1080.5,168.65,True,365.1
14-02-2020,Beauty,333.1,1049.0,162.46,False,339.2
15-02-2020,Beauty,341.7,1051.4,159.3,False,339.2
18-02-2020,Beauty,281.8,1063.4,164.99,False,277.9
22-02-2020,Beauty,345.0,1059.1,164.39,False,332.8
23-02-2020,Beauty,307.9,1083.8,160.54,False,314.6
25-02-2020,Beauty,297.6,1090.0,164.0,False,288.1
26-02-2020,Beauty,308.8,1087.9,168.84,False,306.2
27-02-2020,Beauty,356.1,1078.3,163.98,False,358.2
28-02-2020,Beauty,379.1,1074.3,166.35,False,385.8
01-03-2020,Beauty,334.1,1014.4,162.11,False,301.6
01-03-2020,Beauty,330.0,1091.2,165.4,False,321.1
02-03-2020,Beauty,276.5,1117.6,162.54,False,288.4
05-03-2020,Beauty,491.2,1101.0,162.12,True,467.4
07-03-2020,Beauty,362.1,1114.2,168.57,False,348.1
07-03-2020,Beauty,406.3,1100.2,164.08,False,395.5
08-03-2020,Beauty,866.2,1126.9,157.31,False,329.9
09-03-2020,Beauty,352.1,1119.7,166.48,False,331.6
10-03-2020,Beauty,412.4,1129.8,164.61,True,413.1
12-03-2020,Beauty,372.3,1113.7,163.21,False,350.2
14-03-2020,Beauty,331.9,1125.8,166.08,False,319.1
15-03-2020,Beauty,339.9,1127.0,168.03,False,307.8
16-03-2020,Beauty,328.5,1132.0,160.29,False,307.5
17-03-2020,Beauty,265.5,1154.4,161.16,False,269.3
19-03-2020,Beauty,393.5,1120.8,161.48,False,376.3
20-03-2020,Beauty,322.5,1138.8,164.62,False,335.3
24-03-2020,Beauty,304.3,1133.0,163.73,False,310.4
25-03-2020,Beauty,349.7,1112.1,163.4,False,338.0
27-03-2020,Beauty,378.0,1102.1,167.94,False,345.0
28-03-2020,Beauty,358.1,1113.5,163.52,False,338.2
30-03-2020,Beauty,330.3,1119.6,166.6,False,336.9
31-03-2020,Beauty,321.5,1123.8,167.92,False,295.0
01-04-2020,Beauty,368.9,1104.4,161.32,False,344.9
02-04-2020,Beauty,278.5,1036.2,162.37,False,260.0
04-04-2020,Beauty,380.3,1102.6,161.86,False,351.8
05-04-2020,Beauty,330.8,1120.4,165.94,False,336.8
06-04-2020,Beauty,445.8,1094.2,166.23,False,420.5
08-04-2020,Beauty,356.1,1089.7,172.81,False,331.9
09-04-2020,Beauty,366.5,1109.8,167.22,False,342.3
11-04-2020,Beauty,2587.8,1105.8,164.9,True,552.3
13-04-2020,Beauty,317.9,1134.3,166.12,False,310.7
14-04-2020,Beauty,353.7,1116.6,164.05,False,347.2
17-04-2020,Beauty,391.8,1085.6,164.77,False,392.2
18-04-2020,Beauty,387.8,1090.3,158.88,False,354.3
20-04-2020,Beauty,565.0,1088.7,160.65,True,560.2
22-04-2020,Beauty,371.8,1083.1,162.24,False,371.5
23-04-2020,Beauty,615.3,1077.7,163.54,True,587.5
25-04-2020,Beauty,506.7,1057.1,163.2,True,524.0
26-04-2020,Beauty,531.4,1064.2,164.45,True,482.8
27-04-2020,Beauty,329.7,1082.7,159.62,False,324.1
28-04-2020,Beauty,393.6,1062.8,165.65,False,365.7
29-04-2020,Beauty,388.4,1060.1,159.35,False,396.3
30-04-2020,Beauty,396.5,1061.4,163.46,False,379.1
02-05-2020,Beauty,428.2,1069.6,168.35,False,435.4
03-05-2020,Beauty,390.3,1087.9,165.9,False,396.9
04-05-2020,Beauty,355.9,1096.1,164.29,False,359.0
05-05-2020,Beauty,532.2,1094.7,165.05,True,558.7
08-05-2020,Beauty,415.4,1062.9,168.4,False,406.8
09-05-2020,Beauty,393.8,1094.7,166.27,False,373.5
11-05-2020,Beauty,366.2,1116.1,170.21,False,333.0
13-05-2020,Beauty,362.0,1115.7,163.86,False,372.2
14-05-2020,Beauty,413.7,1104.4,167.01,False,424.7
16-05-2020,Beauty,387.0,1111.6,167.89,False,400.2
17-05-2020,Beauty,379.8,1119.2,160.85,False,342.0
18-05-2020,Beauty,368.6,1118.8,163.86,False,363.6
19-05-2020,Beauty,386.5,1114.3,163.37,False,374.1
21-05-2020,Beauty,421.2,1106.0,169.19,False,386.2
23-05-2020,Beauty,425.5,1102.7,164.42,False,418.6
25-05-2020,Beauty,464.1,1130.9,161.82,True,484.0
26-05-2020,Beauty,360.7,1133.5,166.08,False,337.9
27-05-2020,Beauty,423.3,1109.0,165.12,False,414.5
28-05-2020,Beauty,1250.4,1113.3,162.83,False,370.9
29-05-2020,Beauty,468.7,1089.8,166.54,False,472.4
31-05-2020,Beauty,371.5,1115.3,167.3,False,384.7
05-06-2020,Beauty,414.2,1105.4,167.95,False,428.6
05-06-2020,Beauty,403.1,1089.6,169.65,False,412.8
07-06-2020,Beauty,383.1,1118.5,161.96,False,368.9
11-06-2020,Beauty,414.3,1111.0,165.6,False,386.6
12-06-2020,Beauty,420.4,1111.2,168.3,False,396.9
12-06-2020,Beauty,293.6,1076.9,164.86,False,286.4
13-06-2020,Beauty,415.6,1112.7,166.33,False,386.3
14-06-2020,Beauty,524.8,1115.9,165.22,True,483.4
15-06-2020,Beauty,371.0,1134.3,166.97,False,335.4
16-06-2020,Beauty,407.7,1126.3,171.01,False,428.0
18-06-2020,Beauty,427.9,1118.3,161.61,False,431.9
19-06-2020,Beauty,611.9,1123.6,158.88,True,611.7
20-06-2020,Beauty,382.8,1131.7,164.99,False,365.4
21-06-2020,Beauty,372.6,1135.7,159.89,False,364.5
23-06-2020,Beauty,402.4,1123.9,165.13,False,413.1
28-06-2020,Beauty,364.1,560.6,162.68,False,364.7
29-06-2020,Beauty,394.8,558.8,166.09,False,84.6
30-06-2020,Beauty,382.4,556.8,163.83,False,391.6
01-07-2020,Beauty,402.6,552.8,168.35,False,396.9
02-07-2020,Beauty,418.8,1095.7,163.6,False,418.5
04-07-2020,Beauty,335.9,1120.0,168.75,False,319.5
05-07-2020,Beauty,396.6,1099.9,165.07,False,394.9
05-07-2020,Beauty,417.6,1091.8,165.96,False,392.7
07-07-2020,Beauty,375.0,1099.0,156.69,False,346.4
08-07-2020,Beauty,357.6,1100.1,167.08,False,329.2
10-07-2020,Beauty,418.7,1090.2,167.16,False,380.0
14-07-2020,Beauty,616.8,1098.8,164.46,True,632.8
15-07-2020,Beauty,392.0,1093.6,169.2,False,407.7
16-07-2020,Beauty,436.6,1079.2,164.82,False,443.9
17-07-2020,Beauty,440.2,1077.1,160.36,False,408.7
20-07-2020,Beauty,383.6,1092.3,165.96,False,397.1
21-07-2020,Beauty,343.2,1104.5,164.87,False,340.2
22-07-2020,Beauty,406.9,1077.2,159.69,False,402.9
23-07-2020,Beauty,426.2,1078.8,171.49,False,446.9
24-07-2020,Beauty,424.6,1085.6,163.01,False,403.2
26-07-2020,Beauty,379.6,1109.1,164.2,False,352.5
27-07-2020,Beauty,366.0,1112.8,168.23,False,341.7
28-07-2020,Beauty,353.4,1117.1,168.21,False,339.0
29-07-2020,Beauty,376.9,1102.5,167.94,False,376.0
30-07-2020,Beauty,424.0,1090.3,162.82,False,428.3
31-07-2020,Beauty,425.1,1085.3,160.38,False,403.9
01-08-2020,Beauty,298.6,1035.6,159.43,False,300.4
02-08-2020,Beauty,382.4,1086.9,162.18,False,370.8
02-08-2020,Beauty,352.2,1026.9,158.86,False,352.9
04-08-2020,Beauty,499.5,1112.4,170.91,True,453.2
06-08-2020,Beauty,590.4,1066.7,165.71,True,592.2
08-08-2020,Beauty,401.2,1076.7,163.03,False,388.2
09-08-2020,Beauty,367.3,1082.1,157.95,False,372.6
10-08-2020,Beauty,362.1,1085.8,158.24,False,333.8
11-08-2020,Beauty,337.1,1086.7,165.55,False,304.6
12-08-2020,Beauty,387.8,1078.7,167.8,False,378.7
15-08-2020,Beauty,386.9,1080.9,166.54,False,396.6
16-08-2020,Beauty,348.1,1095.3,168.19,False,356.3
17-08-2020,Beauty,355.5,1089.9,166.24,False,372.0
18-08-2020,Beauty,381.8,1091.9,172.97,False,396.3
19-08-2020,Beauty,353.5,1097.7,164.02,False,360.0
20-08-2020,Beauty,403.3,1084.0,159.25,False,407.0
21-08-2020,Beauty,409.0,1079.5,165.29,False,416.4
22-08-2020,Beauty,422.9,1065.4,161.41,False,407.7
23-08-2020,Beauty,358.0,1084.0,159.56,False,355.3
24-08-2020,Beauty,351.7,1078.4,164.42,False,342.8
27-08-2020,Beauty,424.2,1053.1,168.68,False,441.9
28-08-2020,Beauty,404.9,1059.7,167.44,False,374.6
29-08-2020,Beauty,389.6,1058.8,168.1,False,354.9
30-08-2020,Beauty,351.6,1056.9,165.31,False,367.4
01-09-2020,Beauty,340.1,1017.7,169.22,False,356.2
03-09-2020,Beauty,416.3,1058.9,154.36,False,419.6
04-09-2020,Beauty,400.3,1061.8,169.08,False,413.8
05-09-2020,Beauty,349.3,1076.5,167.76,False,350.8
06-09-2020,Beauty,346.6,1072.0,164.7,False,359.8
07-09-2020,Beauty,333.2,1063.5,168.45,False,304.4
08-09-2020,Beauty,448.7,1064.7,160.03,True,438.3
09-09-2020,Beauty,490.3,1054.0,165.76,True,451.8
13-09-2020,Beauty,373.3,1044.1,164.25,False,389.0
14-09-2020,Beauty,355.5,1059.6,158.62,False,361.5
15-09-2020,Beauty,336.1,1065.2,168.68,False,331.5
16-09-2020,Beauty,357.4,1061.4,162.07,False,3523.0
17-09-2020,Beauty,409.4,1051.7,172.02,False,377.4
18-09-2020,Beauty,388.2,1052.6,166.82,False,396.6
21-09-2020,Beauty,330.1,1066.0,174.45,False,340.0
22-09-2020,Beauty,338.1,1060.8,165.31,False,326.4
23-09-2020,Beauty,371.7,1048.1,165.22,False,361.2
24-09-2020,Beauty,343.5,1065.2,166.57,False,332.9
26-09-2020,Beauty,370.6,1068.6,166.43,False,372.7
27-09-2020,Beauty,338.2,1080.0,170.82,False,322.1
28-09-2020,Beauty,400.9,1089.2,169.17,True,416.8
29-09-2020,Beauty,317.7,1085.9,165.4,False,325.1
30-09-2020,Beauty,336.1,1077.7,162.37,False,328.0
01-10-2020,Beauty,365.0,1067.9,162.21,False,357.3
02-10-2020,Beauty,393.4,1066.0,166.74,False,383.1
02-10-2020,Beauty,265.6,1050.7,156.67,False,274.9
03-10-2020,Beauty,343.9,1077.6,170.24,False,330.6
04-10-2020,Beauty,454.2,1092.3,167.89,True,456.7
05-10-2020,Beauty,323.1,1090.9,168.23,False,333.5
06-10-2020,Beauty,329.7,1093.2,167.1,False,322.3
08-10-2020,Beauty,367.4,1069.5,161.43,False,335.9
11-10-2020,Beauty,297.5,1095.8,164.29,False,287.2
12-10-2020,Beauty,287.9,1101.0,164.75,False,294.4
13-10-2020,Beauty,309.1,1092.1,159.81,False,300.6
14-10-2020,Beauty,335.5,1077.5,170.48,False,350.8
15-10-2020,Beauty,408.2,1059.1,166.05,False,422.3
17-10-2020,Beauty,366.5,1074.7,169.94,False,377.4
18-10-2020,Beauty,317.3,1085.3,166.68,False,331.5
20-10-2020,Beauty,323.7,1087.4,161.57,False,311.9
21-10-2020,Beauty,369.8,1070.4,168.71,False,363.7
22-10-2020,Beauty,366.9,1061.0,155.3,False,385.1
23-10-2020,Beauty,388.2,1068.2,167.94,False,356.1
24-10-2020,Beauty,377.7,1069.2,169.73,False,380.9
26-10-2020,Beauty,296.6,1096.0,166.1,False,279.9
28-10-2020,Beauty,343.3,821.8,158.51,False,327.4
29-10-2020,Beauty,378.7,817.8,161.47,False,78.9
30-10-2020,Beauty,365.4,823.9,163.86,False,337.2
31-10-2020,Beauty,333.8,832.2,166.21,False,310.5
02-11-2020,Beauty,303.8,1101.8,165.81,False,297.9
03-11-2020,Beauty,322.2,1097.1,163.35,False,308.2
04-11-2020,Beauty,360.0,1092.0,162.06,False,346.3
05-11-2020,Beauty,346.5,1106.5,160.82,False,312.2
07-11-2020,Beauty,416.2,1089.1,162.28,False,421.5
12-11-2020,Beauty,381.9,1087.6,164.04,False,380.7
13-11-2020,Beauty,521.2,1095.2,169.31,True,479.4
14-11-2020,Beauty,395.8,1088.8,166.91,False,372.0
16-11-2020,Beauty,404.2,1103.1,168.03,True,379.6
17-11-2020,Beauty,302.6,1115.4,163.39,False,305.9
18-11-2020,Beauty,310.2,1115.7,164.6,False,282.6
19-11-2020,Beauty,341.8,1100.9,165.48,False,332.3
20-11-2020,Beauty,374.4,1081.3,165.24,False,338.2
21-11-2020,Beauty,379.5,1072.5,169.8,False,392.5
22-11-2020,Beauty,301.6,1097.1,166.08,False,285.5
24-11-2020,Beauty,262.9,1110.2,166.57,False,272.3
25-11-2020,Beauty,320.5,1098.2,166.1,False,290.5
26-11-2020,Beauty,355.7,1076.1,160.9,False,335.5
27-11-2020,Beauty,359.3,1073.1,166.69,False,372.1
28-11-2020,Beauty,336.8,1081.9,164.4,False,336.5
29-11-2020,Beauty,270.5,1092.7,163.17,False,249.7
30-11-2020,Beauty,398.9,1094.5,169.02,True,387.4
01-12-2020,Beauty,315.0,1080.6,162.96,False,315.6
03-12-2020,Beauty,374.0,1053.8,163.91,False,353.6
04-12-2020,Beauty,393.3,1049.3,157.98,False,411.2
05-12-2020,Beauty,339.9,1061.4,161.98,False,313.4
08-12-2020,Beauty,318.3,1065.6,168.22,False,304.3
09-12-2020,Beauty,346.4,1050.0,163.77,False,354.3
09-12-2020,Beauty,329.2,1054.5,167.83,False,345.2
10-12-2020,Beauty,374.3,1043.8,159.05,False,377.7
11-12-2020,Beauty,351.2,1059.8,169.03,False,360.8
12-12-2020,Beauty,363.6,1057.2,167.72,False,352.7
13-12-2020,Beauty,320.5,1064.3,170.35,False,291.4
14-12-2020,Beauty,265.8,1083.4,163.01,False,258.1
15-12-2020,Beauty,315.7,1060.9,160.6,False,329.0
16-12-2020,Beauty,335.8,1055.9,165.79,False,329.1
18-12-2020,Beauty,355.8,1050.5,164.32,False,354.9
21-12-2020,Beauty,264.3,1058.4,162.52,False,242.0
22-12-2020,Beauty,436.2,1041.0,163.74,True,401.5
24-12-2020,Beauty,338.7,1036.6,166.62,False,335.5
26-12-2020,Beauty,425.2,1030.5,163.86,True,421.4
27-12-2020,Beauty,300.7,1047.4,159.77,False,273.8
28-12-2020,Beauty,445.7,1046.0,164.3,True,431.6
02-01-2021,Beauty,255.6,1018.5,164.02,False,255.0
04-01-2021,Beauty,303.3,1038.6,166.73,False,305.9
05-01-2021,Beauty,406.0,1030.6,164.49,True,382.7
06-01-2021,Beauty,325.8,1029.4,163.86,False,330.9
07-01-2021,Beauty,483.9,965.5,165.26,False,467.9
08-01-2021,Beauty,360.6,1031.4,164.73,False,335.7
09-01-2021,Beauty,366.1,1037.4,162.7,False,337.1
11-01-2021,Beauty,355.7,1044.6,163.28,True,362.9
12-01-2021,Beauty,309.2,1042.2,158.76,False,319.7
13-01-2021,Beauty,332.8,1037.8,172.1,False,300.0
14-01-2021,Beauty,362.4,1025.3,168.74,False,338.4
17-01-2021,Beauty,305.1,1023.0,160.49,False,291.5
18-01-2021,Beauty,322.5,1020.2,164.12,False,304.2
20-01-2021,Beauty,391.2,993.4,169.41,False,367.4
21-01-2021,Beauty,326.7,1006.9,166.74,False,296.3
22-01-2021,Beauty,360.0,987.1,161.26,False,373.2
24-01-2021,Beauty,329.5,1013.1,171.93,False,311.2
30-01-2021,Beauty,363.4,995.2,161.93,False,380.9
02-02-2021,Beauty,350.9,981.3,163.41,False,358.9
06-02-2021,Beauty,487.1,980.1,173.78,True,460.1
07-02-2021,Beauty,332.8,977.2,164.39,False,308.4
09-02-2021,Beauty,296.4,984.4,170.48,False,268.9
09-02-2021,Beauty,426.8,1031.8,164.03,False,426.1
10-02-2021,Beauty,333.0,975.5,167.19,False,345.8
11-02-2021,Beauty,375.9,961.7,164.62,False,376.1
12-02-2021,Beauty,408.1,953.9,163.46,False,423.1
13-02-2021,Beauty,343.2,966.6,168.87,False,314.6
14-02-2021,Beauty,1116.3,968.5,163.71,False,337.6
15-02-2021,Beauty,332.8,966.0,162.41,False,312.6
16-02-2021,Beauty,296.3,966.1,163.54,False,274.4
17-02-2021,Beauty,380.0,948.3,158.63,False,364.1
20-02-2021,Beauty,385.6,947.3,161.63,False,359.9
21-02-2021,Beauty,345.0,960.2,164.1,False,335.7
22-02-2021,Beauty,310.0,976.7,169.59,False,322.3
26-02-2021,Beauty,400.5,951.4,165.99,False,418.8
27-02-2021,Beauty,384.6,962.8,166.67,False,395.9
01-03-2021,Beauty,321.2,1032.7,158.78,False,306.7
01-03-2021,Beauty,382.2,1000.0,166.15,True,384.4
02-03-2021,Beauty,337.9,993.4,165.97,False,328.6
03-03-2021,Beauty,371.7,981.6,170.25,False,345.5
05-03-2021,Beauty,434.7,957.4,168.16,False,421.6
06-03-2021,Beauty,371.2,979.7,165.66,False,365.0
08-03-2021,Beauty,336.3,981.3,162.24,False,346.5
11-03-2021,Beauty,440.8,962.2,163.93,False,427.7
13-03-2021,Beauty,1591.8,969.5,167.89,False,4123.0
14-03-2021,Beauty,373.4,984.0,163.74,False,345.0
15-03-2021,Beauty,343.3,992.9,168.42,False,320.4
16-03-2021,Beauty,320.2,1015.6,161.78,False,293.2
18-03-2021,Beauty,398.4,1000.6,162.35,False,380.6
20-03-2021,Beauty,388.2,994.0,166.25,False,394.9
21-03-2021,Beauty,374.1,986.9,170.62,False,365.7
23-03-2021,Beauty,369.6,993.0,168.37,False,376.9
24-03-2021,Beauty,391.4,984.8,168.26,False,395.9
26-03-2021,Beauty,437.3,966.2,157.55,False,447.9
27-03-2021,Beauty,415.0,971.8,169.71,False,384.2
28-03-2021,Beauty,371.1,988.1,163.87,False,369.2
29-03-2021,Beauty,457.2,990.3,162.1,True,437.9
30-03-2021,Beauty,356.0,987.3,166.06,False,354.4
31-03-2021,Beauty,397.4,978.0,165.5,False,391.6
02-04-2021,Beauty,380.0,986.2,163.62,False,393.4
03-04-2021,Beauty,439.5,970.6,161.16,False,430.6
03-04-2021,Beauty,364.6,983.9,165.03,False,360.9
05-04-2021,Beauty,434.7,1016.0,165.22,False,443.1
05-04-2021,Beauty,361.3,999.0,167.12,False,364.2
07-04-2021,Beauty,419.0,994.6,163.38,False,397.0
11-04-2021,Beauty,365.1,992.5,166.71,False,364.6
13-04-2021,Beauty,392.3,1009.5,168.78,False,394.3
14-04-2021,Beauty,404.9,1001.3,167.55,False,394.1
15-04-2021,Beauty,446.9,996.5,172.01,False,444.2
16-04-2021,Beauty,414.7,1008.0,165.24,False,384.0
18-04-2021,Beauty,417.4,1008.0,164.61,False,380.1
21-04-2021,Beauty,414.1,1000.9,167.4,False,388.1
22-04-2021,Beauty,512.4,969.6,164.98,False,526.9
24-04-2021,Beauty,371.5,1022.6,163.64,False,337.0
25-04-2021,Beauty,408.4,1013.4,166.43,False,409.1
26-04-2021,Beauty,373.9,1024.2,162.12,False,338.0
27-04-2021,Beauty,405.8,1016.9,161.91,False,386.0
29-04-2021,Beauty,452.3,1007.9,165.43,False,419.9
01-05-2021,Beauty,421.3,1014.4,164.04,False,406.7
02-05-2021,Beauty,386.0,1021.7,162.03,False,356.1
07-05-2021,Beauty,441.3,995.6,163.07,False,462.7
10-05-2021,Beauty,388.7,1027.2,163.66,False,382.8
11-05-2021,Beauty,408.8,1019.2,169.4,False,427.4
12-05-2021,Beauty,445.3,1013.1,167.99,False,4449.0
12-05-2021,Beauty,428.7,977.4,169.38,True,440.3
13-05-2021,Beauty,436.0,1024.1,165.74,False,449.1
14-05-2021,Beauty,478.4,1014.3,166.13,False,468.5
15-05-2021,Beauty,407.3,1045.8,164.81,False,426.4
16-05-2021,Beauty,530.3,1044.4,170.12,True,480.3
17-05-2021,Beauty,425.1,1037.9,165.33,False,397.2
18-05-2021,Beauty,408.4,1039.1,162.87,False,428.2
19-05-2021,Beauty,521.4,1032.9,166.69,True,4701.0
20-05-2021,Beauty,425.8,1025.8,170.57,False,427.6
21-05-2021,Beauty,480.0,1010.5,165.95,False,454.9
22-05-2021,Beauty,428.0,1018.5,165.87,False,425.9
23-05-2021,Beauty,406.6,1025.6,165.99,False,415.4
24-05-2021,Beauty,420.8,1029.1,163.88,False,431.8
26-05-2021,Beauty,408.9,1032.8,168.07,False,424.8
27-05-2021,Beauty,436.8,1022.3,162.95,False,435.5
28-05-2021,Beauty,454.5,1011.2,161.09,False,419.1
29-05-2021,Beauty,470.8,1009.5,165.37,False,492.8
30-05-2021,Beauty,395.3,1033.6,161.23,False,391.3
31-05-2021,Beauty,381.9,1036.3,166.51,False,355.0
05-06-2021,Beauty,488.8,994.7,162.27,False,445.6
06-06-2021,Beauty,434.7,1016.0,163.57,False,409.8
07-06-2021,Beauty,428.4,1014.7,170.44,False,394.5
08-06-2021,Beauty,437.6,1028.1,163.51,False,425.2
09-06-2021,Beauty,433.1,1006.7,160.99,False,453.7
10-06-2021,Beauty,443.9,1007.4,168.41,False,405.1
13-06-2021,Beauty,415.3,1005.1,168.27,False,415.0
14-06-2021,Beauty,398.1,999.5,160.59,False,414.2
16-06-2021,Beauty,431.2,989.7,169.63,False,406.0
19-06-2021,Beauty,409.7,1008.3,168.96,False,404.1
21-06-2021,Beauty,364.2,1020.8,162.69,False,352.2
22-06-2021,Beauty,399.5,999.8,165.45,False,415.7
23-06-2021,Beauty,438.3,984.6,161.68,False,401.6
24-06-2021,Beauty,534.7,1000.0,167.95,True,550.8
25-06-2021,Beauty,522.1,967.2,164.66,False,495.0
27-06-2021,Beauty,428.6,1002.3,161.88,False,429.6
28-06-2021,Beauty,404.8,1003.9,158.44,False,416.8
29-06-2021,Beauty,440.3,994.2,164.72,False,420.4
30-06-2021,Beauty,434.0,989.4,159.22,False,447.1
02-07-2021,Beauty,470.7,968.4,157.47,False,424.7
03-07-2021,Beauty,457.1,983.6,160.07,False,445.9
05-07-2021,Beauty,388.0,1007.4,159.55,False,387.6
07-07-2021,Beauty,395.5,1008.1,165.24,False,400.1
08-07-2021,Beauty,436.9,1021.8,169.36,False,393.3
08-07-2021,Beauty,453.2,993.2,166.46,False,448.4
09-07-2021,Beauty,443.8,1007.0,168.37,False,444.3
10-07-2021,Beauty,469.0,996.1,165.32,False,4512.0
11-07-2021,Beauty,376.2,1022.2,167.23,False,359.2
12-07-2021,Beauty,400.6,1009.6,166.53,False,382.6
13-07-2021,Beauty,383.5,1017.1,164.04,False,384.1
14-07-2021,Beauty,450.6,1003.5,165.64,False,457.6
17-07-2021,Beauty,455.6,1004.5,162.21,False,470.7
18-07-2021,Beauty,442.2,1012.8,165.1,False,401.7
19-07-2021,Beauty,418.5,1025.2,161.49,False,416.8
20-07-2021,Beauty,383.3,1034.4,166.8,False,369.6
21-07-2021,Beauty,401.2,1030.4,166.62,False,419.9
22-07-2021,Beauty,447.0,1020.8,161.21,False,434.7
23-07-2021,Beauty,431.6,1029.8,170.34,False,448.1
24-07-2021,Beauty,465.7,1017.6,166.51,False,468.1
28-07-2021,Beauty,426.0,1029.2,169.43,False,428.8
29-07-2021,Beauty,455.1,1024.2,167.34,False,438.5
30-07-2021,Beauty,498.6,1014.8,165.4,False,498.2
31-07-2021,Beauty,453.6,1032.1,160.91,False,434.6
01-08-2021,Beauty,430.6,1043.3,163.49,False,426.9
03-08-2021,Beauty,385.1,1053.5,164.94,False,387.0
04-08-2021,Beauty,386.5,1047.3,165.83,False,357.4
04-08-2021,Beauty,415.0,983.3,159.09,False,410.7
06-08-2021,Beauty,386.3,1020.6,171.61,False,378.0
08-08-2021,Beauty,438.7,1013.6,167.97,False,395.9
09-08-2021,Beauty,375.4,1038.1,165.51,False,360.0
10-08-2021,Beauty,388.8,1029.8,162.35,False,389.6
11-08-2021,Beauty,443.5,1011.5,162.65,False,401.2
12-08-2021,Beauty,457.2,1013.0,170.16,False,452.4
13-08-2021,Beauty,450.2,1012.7,164.93,False,428.3
14-08-2021,Beauty,441.4,1009.1,170.11,False,442.9
15-08-2021,Beauty,426.2,1013.9,165.14,False,4304.0
17-08-2021,Beauty,378.8,1026.0,167.34,False,373.1
19-08-2021,Beauty,417.1,1011.9,160.58,False,436.8
20-08-2021,Beauty,475.1,992.3,159.2,False,433.0
21-08-2021,Beauty,448.6,1005.8,168.47,False,407.1
22-08-2021,Beauty,355.3,1035.9,160.88,False,351.5
25-08-2021,Beauty,389.1,1019.3,160.71,False,371.5
28-08-2021,Beauty,417.7,1015.2,169.68,False,410.2
29-08-2021,Beauty,396.1,1033.2,168.28,False,405.9
30-08-2021,Beauty,351.9,1050.5,167.68,False,324.6
01-09-2021,Beauty,425.4,1031.0,167.89,False,429.6
03-09-2021,Beauty,432.0,1033.3,164.83,False,425.8
04-09-2021,Beauty,435.0,635.8,165.78,False,420.0
05-09-2021,Beauty,361.2,647.9,162.92,False,362.7
07-09-2021,Beauty,364.3,641.8,162.05,False,3778.0
09-09-2021,Beauty,420.8,1014.4,168.96,False,404.0
14-09-2021,Beauty,458.1,1012.8,169.38,True,469.3
15-09-2021,Beauty,557.0,1000.8,167.36,True,573.2
18-09-2021,Beauty,435.7,995.1,163.4,False,394.4
19-09-2021,Beauty,439.4,994.4,167.46,False,450.6
20-09-2021,Beauty,377.7,1019.1,172.65,False,364.2
21-09-2021,Beauty,353.9,1021.1,156.82,False,323.5
23-09-2021,Beauty,412.2,998.7,164.67,False,381.5
24-09-2021,Beauty,418.0,1000.1,167.56,False,379.0
25-09-2021,Beauty,401.7,1003.8,168.99,False,408.7
27-09-2021,Beauty,364.5,1023.7,165.81,False,369.2
30-09-2021,Beauty,399.1,1020.1,158.04,False,410.9
01-10-2021,Beauty,424.4,1015.7,161.82,False,399.1
02-10-2021,Beauty,423.5,1010.3,168.16,False,403.3
03-10-2021,Beauty,375.9,977.8,166.82,False,355.2
05-10-2021,Beauty,413.0,992.9,163.96,False,403.2
06-10-2021,Beauty,382.3,1003.7,165.73,False,376.6
07-10-2021,Beauty,407.7,987.7,162.79,False,369.4
08-10-2021,Beauty,397.3,996.9,168.03,False,409.2
09-10-2021,Beauty,419.9,988.2,163.25,False,415.0
09-10-2021,Beauty,1217.8,989.8,166.51,False,435.1
10-10-2021,Beauty,395.7,997.3,166.79,False,406.9
11-10-2021,Beauty,367.1,1000.8,163.37,False,337.1
14-10-2021,Beauty,407.7,988.3,163.31,False,402.9
16-10-2021,Beauty,379.0,684.3,164.79,False,373.0
17-10-2021,Beauty,337.0,689.5,168.29,False,325.3
18-10-2021,Beauty,331.7,694.5,164.35,False,47.8
19-10-2021,Beauty,343.0,694.2,165.65,False,353.2
20-10-2021,Beauty,391.1,686.5,163.26,False,365.0
21-10-2021,Beauty,334.8,1019.5,167.77,False,341.1
22-10-2021,Beauty,376.7,1014.0,159.27,False,368.6
25-10-2021,Beauty,318.4,1015.0,167.34,False,321.6
26-10-2021,Beauty,352.0,1003.0,164.52,False,324.9
27-10-2021,Beauty,350.9,1000.1,168.28,False,327.2
29-10-2021,Beauty,387.3,990.9,161.77,False,378.6
30-10-2021,Beauty,371.2,994.3,161.97,False,387.6
31-10-2021,Beauty,515.9,996.0,165.19,True,517.4
01-11-2021,Beauty,344.3,987.8,160.37,False,324.9
02-11-2021,Beauty,355.4,986.6,166.21,False,339.5
03-11-2021,Beauty,334.2,988.5,165.81,False,333.8
05-11-2021,Beauty,384.4,972.2,164.6,False,355.8
06-11-2021,Beauty,508.0,988.4,163.77,True,515.3
06-11-2021,Beauty,498.9,991.0,167.38,False,491.2
07-11-2021,Beauty,356.4,994.6,163.38,False,337.7
09-11-2021,Beauty,482.2,988.4,168.28,True,491.6
09-11-2021,Beauty,435.0,991.2,167.56,False,436.9
12-11-2021,Beauty,398.0,993.1,160.83,False,414.3
13-11-2021,Beauty,371.2,1004.0,165.33,False,379.5
14-11-2021,Beauty,475.6,1008.1,167.52,True,446.4
16-11-2021,Beauty,510.7,1012.8,167.05,True,467.3
17-11-2021,Beauty,368.7,997.0,163.05,False,339.9
18-11-2021,Beauty,414.0,985.4,165.7,False,428.4
21-11-2021,Beauty,338.6,992.2,164.47,False,305.9
22-11-2021,Beauty,355.5,985.2,163.75,False,341.6
23-11-2021,Beauty,285.4,1003.5,167.43,False,269.1
25-11-2021,Beauty,415.1,971.8,166.62,False,430.2
26-11-2021,Beauty,418.9,967.1,170.01,False,387.1
28-11-2021,Beauty,335.0,991.0,162.11,False,314.8
29-11-2021,Beauty,306.0,990.5,161.09,False,296.7
30-11-2021,Beauty,332.2,985.9,161.83,False,341.7
01-12-2021,Beauty,353.4,978.4,164.33,False,345.2
02-12-2021,Beauty,381.1,966.9,164.07,False,399.4
03-12-2021,Beauty,436.6,945.3,167.26,False,436.7
04-12-2021,Beauty,389.6,955.2,167.46,False,358.7
04-12-2021,Beauty,380.8,999.3,163.49,False,390.0
06-12-2021,Beauty,470.7,991.9,163.27,False,428.1
07-12-2021,Beauty,332.9,979.5,170.97,False,312.6
08-12-2021,Beauty,332.8,979.9,168.27,False,308.1
09-12-2021,Beauty,382.2,967.0,167.3,False,380.0
10-12-2021,Beauty,388.3,960.9,161.41,False,377.6
15-12-2021,Beauty,345.8,978.5,167.12,False,346.8
16-12-2021,Beauty,385.4,968.2,162.16,False,396.9
17-12-2021,Beauty,363.9,976.2,165.62,False,347.9
18-12-2021,Beauty,360.7,983.2,165.54,False,354.3
19-12-2021,Beauty,361.8,987.2,167.55,False,347.8
20-12-2021,Beauty,287.4,1009.7,162.1,False,278.5
21-12-2021,Beauty,385.4,981.4,156.2,False,368.3
23-12-2021,Beauty,382.5,983.0,163.62,False,399.0
25-12-2021,Beauty,363.2,987.3,166.88,False,332.9
27-12-2021,Beauty,310.8,725.6,164.14,False,285.5
28-12-2021,Beauty,309.2,734.0,164.05,False,280.7
30-12-2021,Beauty,381.1,722.7,163.19,False,380.1
31-12-2021,Beauty,549.1,722.0,168.15,True,522.6
01-01-2022,Beauty,335.1,1011.6,166.53,False,344.2
02-01-2022,Beauty,335.1,1002.3,162.06,False,320.9
04-01-2022,Beauty,428.7,1002.3,165.8,False,415.5
05-01-2022,Beauty,424.8,986.9,159.82,False,418.6
06-01-2022,Beauty,585.3,993.7,161.07,True,548.3
07-01-2022,Beauty,420.8,976.8,166.53,False,440.9
10-01-2022,Beauty,574.0,940.4,160.67,True,597.2
11-01-2022,Beauty,334.2,1006.3,167.51,False,317.3
15-01-2022,Beauty,376.4,989.0,158.24,False,373.1
17-01-2022,Beauty,321.5,1002.1,167.66,False,336.3
18-01-2022,Beauty,300.6,1018.8,158.49,False,295.5
20-01-2022,Beauty,412.4,986.2,163.25,False,410.5
21-01-2022,Beauty,408.3,982.6,164.07,False,421.2
25-01-2022,Beauty,374.7,1011.9,167.9,False,351.9
28-01-2022,Beauty,413.5,1002.2,162.86,False,420.9
29-01-2022,Beauty,411.5,998.7,161.78,False,381.5
30-01-2022,Beauty,369.5,1012.1,160.98,False,350.9
01-02-2022,Beauty,345.5,1022.7,164.82,False,350.8
03-02-2022,Beauty,419.6,995.1,165.58,False,401.9
05-02-2022,Beauty,396.5,1016.6,172.28,False,383.0
06-02-2022,Beauty,401.6,1009.9,164.8,False,393.5
08-02-2022,Beauty,321.6,1038.6,168.08,False,302.6
09-02-2022,Beauty,353.1,1023.9,162.81,False,366.3
09-02-2022,Beauty,461.2,951.1,169.16,False,452.4
10-02-2022,Beauty,403.1,1011.4,165.52,False,371.1
11-02-2022,Beauty,498.9,1017.4,168.25,True,461.6
12-02-2022,Beauty,426.4,1013.7,170.06,False,389.1
17-02-2022,Beauty,449.5,1006.4,163.35,False,417.0
19-02-2022,Beauty,423.9,1011.9,164.16,False,389.6
21-02-2022,Beauty,347.1,1035.3,166.03,False,323.6
22-02-2022,Beauty,364.8,1033.4,165.07,False,364.2
23-02-2022,Beauty,412.8,1010.6,163.79,False,430.4
24-02-2022,Beauty,453.2,802.2,163.48,False,410.0
26-02-2022,Beauty,409.4,823.7,163.1,False,56.1
27-02-2022,Beauty,384.9,832.1,163.95,False,397.5
28-02-2022,Beauty,373.2,831.1,162.24,False,350.2
01-03-2022,Beauty,379.9,1040.2,157.86,False,376.5
02-03-2022,Beauty,339.0,1052.3,167.33,False,316.2
04-03-2022,Beauty,441.4,1016.0,167.08,False,413.9
07-03-2022,Beauty,391.6,1032.2,166.54,False,384.6
09-03-2022,Beauty,540.5,1043.1,162.96,True,511.6
10-03-2022,Beauty,423.5,1033.7,164.71,False,406.9
11-03-2022,Beauty,435.9,1029.3,162.9,False,439.0
13-03-2022,Beauty,396.4,1042.9,168.31,False,390.8
15-03-2022,Beauty,381.6,1026.8,169.3,False,374.9
17-03-2022,Beauty,419.2,1007.0,162.61,False,398.7
20-03-2022,Beauty,401.5,1020.9,164.85,False,385.0
21-03-2022,Beauty,380.6,1024.4,161.89,False,345.5
23-03-2022,Beauty,400.1,1012.2,165.93,False,396.0
25-03-2022,Beauty,688.8,997.1,166.42,True,622.0
26-03-2022,Beauty,443.6,998.5,167.15,False,440.7
27-03-2022,Beauty,442.5,1003.1,160.55,False,407.2
28-03-2022,Beauty,409.8,1015.4,170.26,False,386.6
29-03-2022,Beauty,418.9,1020.5,170.24,False,409.8
30-03-2022,Beauty,661.5,1002.0,160.47,True,669.0
01-04-2022,Beauty,300.7,1025.5,164.97,False,297.4
02-04-2022,Beauty,416.1,1007.9,162.71,False,401.8
03-04-2022,Beauty,421.9,1010.8,165.56,False,427.5
04-04-2022,Beauty,402.2,1017.5,163.09,False,375.5
06-04-2022,Beauty,425.1,1017.0,165.76,False,433.1
07-04-2022,Beauty,444.1,1014.8,163.39,False,445.1
08-04-2022,Beauty,487.8,931.9,168.32,False,477.6
09-04-2022,Beauty,484.8,996.4,167.81,False,470.7
10-04-2022,Beauty,406.4,948.9,172.0,False,376.8
10-04-2022,Beauty,2040.4,1007.2,164.15,False,470.9
13-04-2022,Beauty,630.1,1007.8,165.72,True,595.5
14-04-2022,Beauty,491.3,994.6,162.7,False,513.7
15-04-2022,Beauty,458.9,1002.7,164.56,False,461.4
16-04-2022,Beauty,476.6,997.1,164.46,False,464.5
17-04-2022,Beauty,432.2,1011.9,159.84,False,450.0
18-04-2022,Beauty,472.6,1028.1,161.36,True,478.7
19-04-2022,Beauty,400.3,1021.2,166.8,False,389.0
20-04-2022,Beauty,422.1,1027.2,167.81,False,435.8
21-04-2022,Beauty,486.5,1013.6,161.51,False,493.9
23-04-2022,Beauty,438.0,1020.4,167.83,False,446.1
24-04-2022,Beauty,411.2,1031.9,164.72,False,390.0
26-04-2022,Beauty,417.6,1035.8,166.02,False,377.9
30-04-2022,Beauty,458.0,1019.4,162.19,False,419.6
04-05-2022,Beauty,418.1,1034.4,166.3,False,404.7
06-05-2022,Beauty,466.5,1034.5,163.04,False,480.7
06-05-2022,Beauty,534.2,1003.5,166.94,False,499.9
08-05-2022,Beauty,467.4,1030.7,166.06,False,427.3
09-05-2022,Beauty,614.7,1033.0,165.69,True,608.3
10-05-2022,Beauty,431.8,1033.6,162.69,False,437.2
11-05-2022,Beauty,455.5,1021.9,162.24,False,453.4
15-05-2022,Beauty,418.6,1036.0,164.56,False,406.4
16-05-2022,Beauty,612.7,1036.3,161.61,True,603.0
17-05-2022,Beauty,419.7,1031.4,161.34,False,421.3
18-05-2022,Beauty,438.0,1031.4,168.13,False,449.3
19-05-2022,Beauty,469.6,1028.0,173.91,False,426.1
20-05-2022,Beauty,510.4,1009.9,162.48,False,520.3
21-05-2022,Beauty,460.3,1026.7,163.11,False,463.3
22-05-2022,Beauty,470.3,1018.7,168.18,False,490.1
23-05-2022,Beauty,446.8,1021.9,168.7,False,444.9
24-05-2022,Beauty,439.1,1025.2,162.48,False,407.0
26-05-2022,Beauty,460.7,1005.8,165.15,False,464.0
27-05-2022,Beauty,465.1,1011.3,159.6,False,437.5
29-05-2022,Beauty,440.7,1036.2,165.56,False,457.9
30-05-2022,Beauty,436.7,1035.7,170.76,False,415.7
31-05-2022,Beauty,432.7,1028.2,166.25,False,444.1
02-06-2022,Beauty,469.2,1022.5,170.33,False,492.5
03-06-2022,Beauty,445.8,1033.6,162.99,False,424.1
03-06-2022,Beauty,386.4,1027.9,164.75,False,356.1
04-06-2022,Beauty,494.3,1026.3,156.48,False,506.5
06-06-2022,Beauty,417.6,1054.7,157.28,False,398.0
08-06-2022,Beauty,462.7,1040.6,166.04,False,470.3
09-06-2022,Beauty,514.3,1025.6,160.74,False,495.3
10-06-2022,Beauty,494.4,1023.7,164.88,False,488.4
12-06-2022,Beauty,590.0,1037.3,161.51,True,534.9
13-06-2022,Beauty,453.5,1043.1,165.69,False,435.8
14-06-2022,Beauty,421.9,1060.5,169.56,False,397.2
15-06-2022,Beauty,473.6,1044.0,166.4,False,436.8
19-06-2022,Beauty,486.9,1037.1,167.83,False,462.7
21-06-2022,Beauty,649.0,1042.9,164.67,True,631.4
22-06-2022,Beauty,495.2,1021.4,166.84,False,448.1
23-06-2022,Beauty,499.8,1010.9,162.84,False,507.6
24-06-2022,Beauty,492.2,1013.6,167.18,False,490.9
25-06-2022,Beauty,447.6,1025.3,161.98,False,433.7
26-06-2022,Beauty,471.4,1016.6,163.13,False,435.3
27-06-2022,Beauty,452.2,1017.5,165.88,False,458.0
28-06-2022,Beauty,416.6,1025.3,161.74,False,395.4
29-06-2022,Beauty,478.2,1004.5,165.71,False,499.1
01-07-2022,Beauty,710.9,981.5,165.08,True,733.8
03-07-2022,Beauty,430.3,1010.6,167.83,False,441.7
04-07-2022,Beauty,428.1,1007.8,164.51,False,427.1
05-07-2022,Beauty,454.7,997.7,165.3,False,454.2
07-07-2022,Beauty,519.2,963.2,169.67,False,517.9
08-07-2022,Beauty,456.6,952.0,162.88,False,433.0
09-07-2022,Beauty,471.6,954.4,163.26,False,439.5
12-07-2022,Beauty,477.4,955.2,162.88,False,446.0
15-07-2022,Beauty,502.2,936.1,165.51,False,469.5
16-07-2022,Beauty,470.7,951.1,167.37,False,483.6
18-07-2022,Beauty,421.0,961.2,170.97,False,395.4
21-07-2022,Beauty,515.2,931.4,170.0,False,532.2
22-07-2022,Beauty,467.2,947.8,163.8,False,486.7
24-07-2022,Beauty,474.5,932.9,164.55,False,431.1
25-07-2022,Beauty,624.0,942.5,169.09,True,619.7
27-07-2022,Beauty,481.3,930.0,169.26,False,449.0
28-07-2022,Beauty,493.1,934.7,166.5,False,495.2
29-07-2022,Beauty,474.5,934.6,167.38,False,469.9
30-07-2022,Beauty,476.1,935.3,162.82,False,471.9
31-07-2022,Beauty,420.4,963.1,164.58,False,432.3
01-08-2022,Beauty,393.7,968.9,166.93,False,362.3
02-08-2022,Beauty,585.7,959.3,164.2,True,613.4
03-08-2022,Beauty,453.4,952.9,163.6,False,450.2
05-08-2022,Beauty,487.7,938.3,162.36,False,465.9
06-08-2022,Beauty,465.9,948.2,162.42,False,424.5
08-08-2022,Beauty,430.9,955.8,160.43,False,437.1
09-08-2022,Beauty,451.2,947.9,171.76,False,465.7
10-08-2022,Beauty,473.5,934.7,167.43,False,427.0
12-08-2022,Beauty,411.8,971.4,166.4,False,408.6
14-08-2022,Beauty,453.9,951.3,160.04,False,425.4
16-08-2022,Beauty,419.9,951.9,164.06,False,413.1
18-08-2022,Beauty,459.0,944.7,159.48,False,473.5
19-08-2022,Beauty,489.1,939.9,161.86,False,480.2
20-08-2022,Beauty,451.2,955.4,165.17,False,418.1
21-08-2022,Beauty,428.3,958.8,162.67,False,426.6
22-08-2022,Beauty,415.8,952.9,163.05,False,394.9
23-08-2022,Beauty,416.2,963.9,162.55,False,410.7
24-08-2022,Beauty,453.0,952.7,167.26,False,447.7
25-08-2022,Beauty,475.9,941.0,166.39,False,494.8
26-08-2022,Beauty,496.5,929.8,166.83,False,468.9
27-08-2022,Beauty,437.3,946.3,166.57,False,447.8
28-08-2022,Beauty,438.6,949.3,171.38,False,440.3
29-08-2022,Beauty,421.0,959.4,166.93,False,415.8
01-09-2022,Beauty,428.3,954.2,161.01,False,404.9
01-09-2022,Beauty,336.2,995.3,168.04,False,302.7
03-09-2022,Beauty,436.5,953.5,168.16,False,404.0
06-09-2022,Beauty,432.6,956.5,162.66,False,411.4
07-09-2022,Beauty,423.9,957.8,167.27,False,393.3
08-09-2022,Beauty,503.0,467.1,170.56,False,509.5
10-09-2022,Beauty,737.2,475.8,162.74,True,89.0
11-09-2022,Beauty,421.9,977.0,158.94,False,404.5
12-09-2022,Beauty,433.4,483.9,163.64,False,410.8
13-09-2022,Beauty,397.7,973.6,166.6,False,382.3
14-09-2022,Beauty,450.0,955.5,163.72,False,430.1
15-09-2022,Beauty,490.5,937.6,158.12,False,475.4
17-09-2022,Beauty,458.8,950.2,165.57,False,464.5
20-09-2022,Beauty,395.1,958.1,160.8,False,364.6
21-09-2022,Beauty,713.6,930.2,165.84,True,652.8
22-09-2022,Beauty,449.5,932.3,166.15,False,419.8
23-09-2022,Beauty,451.4,932.1,163.62,False,440.0
24-09-2022,Beauty,452.1,929.7,163.98,False,440.3
25-09-2022,Beauty,370.9,958.8,165.69,False,361.7
26-09-2022,Beauty,373.4,964.7,165.28,False,377.2
28-09-2022,Beauty,397.6,961.1,168.77,False,401.0
29-09-2022,Beauty,440.0,949.8,164.61,False,427.0
30-09-2022,Beauty,454.7,941.2,165.34,False,463.2
01-10-2022,Beauty,343.9,996.1,163.4,False,316.5
02-10-2022,Beauty,403.4,949.2,163.06,False,390.3
03-10-2022,Beauty,405.4,948.6,168.43,False,366.5
05-10-2022,Beauty,428.9,937.0,162.08,False,387.9
07-10-2022,Beauty,421.2,934.8,168.33,False,391.8
07-10-2022,Beauty,443.8,959.2,165.87,False,410.8
09-10-2022,Beauty,392.7,945.9,166.63,False,367.4
10-10-2022,Beauty,372.0,946.1,167.41,False,356.8
11-10-2022,Beauty,592.3,938.1,162.6,True,567.6
12-10-2022,Beauty,362.9,956.5,162.85,False,352.6
14-10-2022,Beauty,424.8,943.9,166.35,False,415.8
15-10-2022,Beauty,429.7,943.5,165.52,False,435.0
16-10-2022,Beauty,360.6,975.7,160.76,False,336.0
17-10-2022,Beauty,398.5,965.1,161.33,False,393.5
18-10-2022,Beauty,361.3,987.2,165.1,False,370.9
19-10-2022,Beauty,397.0,992.4,166.67,False,400.8
20-10-2022,Beauty,452.3,973.2,170.63,False,414.7
21-10-2022,Beauty,440.3,968.5,165.46,False,444.8
22-10-2022,Beauty,429.1,969.6,168.46,False,392.4
23-10-2022,Beauty,395.4,993.9,172.2,False,404.1
24-10-2022,Beauty,351.1,1013.2,167.93,False,358.7
25-10-2022,Beauty,384.3,993.3,162.64,False,395.2
27-10-2022,Beauty,421.9,973.8,159.96,False,415.3
28-10-2022,Beauty,466.0,951.0,166.1,False,474.5
31-10-2022,Beauty,494.0,973.4,163.08,True,465.5
01-11-2022,Beauty,383.8,968.9,171.56,False,382.4
02-11-2022,Beauty,412.3,960.3,167.15,False,391.1
04-11-2022,Beauty,440.1,958.0,163.97,False,432.3
05-11-2022,Beauty,411.7,972.5,168.91,False,406.6
06-11-2022,Beauty,394.4,973.2,164.5,False,368.0
07-11-2022,Beauty,336.8,986.5,171.1,False,328.8
13-11-2022,Beauty,375.4,990.6,158.4,False,374.6
14-11-2022,Beauty,359.5,994.8,167.81,False,374.8
15-11-2022,Beauty,331.6,1003.6,167.89,False,308.0
17-11-2022,Beauty,429.5,982.5,158.06,False,429.5
19-11-2022,Beauty,425.9,988.2,166.78,False,440.7
20-11-2022,Beauty,388.4,994.6,167.3,False,401.1
23-11-2022,Beauty,391.5,995.3,166.66,False,359.8
24-11-2022,Beauty,409.5,995.5,160.94,False,420.8
25-11-2022,Beauty,426.1,990.6,163.66,False,433.5
26-11-2022,Beauty,432.0,992.7,164.01,False,389.9
28-11-2022,Beauty,369.7,1007.2,162.84,False,351.2
01-12-2022,Beauty,409.4,992.7,166.1,False,427.6
03-12-2022,Beauty,394.9,989.5,166.12,False,368.7
04-12-2022,Beauty,383.9,1032.8,160.82,False,351.2
05-12-2022,Beauty,344.8,996.0,162.57,False,359.6
06-12-2022,Beauty,367.0,985.2,167.53,False,345.2
07-12-2022,Beauty,383.9,974.7,162.22,False,361.9
10-12-2022,Beauty,438.7,956.7,163.1,False,413.8
14-12-2022,Beauty,525.4,975.3,166.59,True,476.8
16-12-2022,Beauty,450.6,943.1,166.9,False,421.9
17-12-2022,Beauty,378.0,973.5,164.74,False,355.2
18-12-2022,Beauty,363.9,970.8,164.18,False,356.5
19-12-2022,Beauty,363.2,972.2,168.13,False,362.4
20-12-2022,Beauty,358.7,972.5,161.06,False,328.0
21-12-2022,Beauty,394.9,960.4,169.12,False,392.9
22-12-2022,Beauty,407.7,955.7,169.74,False,368.0
26-12-2022,Beauty,350.6,796.7,161.96,False,344.1
27-12-2022,Beauty,462.4,800.3,165.47,True,428.0
28-12-2022,Beauty,382.3,997.8,162.03,False,382.1
30-12-2022,Beauty,565.5,976.5,158.54,True,534.9
31-12-2022,Beauty,386.5,986.2,162.35,False,389.6
02-01-2023,Beauty,342.5,994.9,160.63,False,345.0
08-01-2020,Clothing,450.3,1203.3,166.46,False,459.9
09-01-2020,Clothing,735.1,1178.7,174.47,True,727.3
09-01-2020,Clothing,415.5,1238.7,166.23,False,416.3
15-01-2020,Clothing,437.5,783.8,171.45,False,452.0
26-01-2020,Clothing,399.7,1231.3,176.0,False,414.1
27-01-2020,Clothing,370.2,1232.8,172.44,False,377.8
06-02-2020,Clothing,388.6,1318.5,171.82,False,395.7
12-02-2020,Clothing,448.7,1226.2,173.9,False,418.4
18-02-2020,Clothing,1928.3,1215.5,175.15,False,428.7
19-02-2020,Clothing,442.3,1215.8,167.37,False,400.7
22-02-2020,Clothing,432.7,1211.2,171.62,False,450.6
29-02-2020,Clothing,472.8,1203.2,171.79,False,463.7
05-03-2020,Clothing,405.3,1237.4,167.91,False,399.5
07-03-2020,Clothing,680.2,1293.5,167.61,True,702.8
08-03-2020,Clothing,357.9,1283.3,166.71,False,343.6
13-03-2020,Clothing,451.0,1232.3,169.5,False,466.3
16-03-2020,Clothing,394.9,1244.5,173.85,False,377.5
28-03-2020,Clothing,404.4,1272.3,170.33,False,370.9
31-03-2020,Clothing,370.4,822.9,172.83,False,357.4
11-04-2020,Clothing,446.7,981.4,176.87,False,407.9
23-04-2020,Clothing,433.6,1279.9,170.41,False,399.7
29-04-2020,Clothing,382.8,1305.4,163.85,False,381.1
12-05-2020,Clothing,346.4,1331.1,167.78,False,325.9
20-05-2020,Clothing,409.0,1292.6,164.38,False,420.6
30-05-2020,Clothing,385.5,1312.2,171.06,False,372.3
10-06-2020,Clothing,377.9,1308.0,167.46,False,360.9
25-06-2020,Clothing,398.0,1316.3,180.56,False,373.2
15-07-2020,Clothing,388.2,1305.0,168.45,False,402.2
24-07-2020,Clothing,502.0,1248.7,169.05,False,522.5
04-08-2020,Clothing,366.6,1278.6,164.1,False,350.5
17-08-2020,Clothing,379.1,1258.3,176.81,False,395.4
18-08-2020,Clothing,400.6,1250.9,170.3,False,377.5
21-08-2020,Clothing,436.6,1243.7,171.0,False,437.2
24-08-2020,Clothing,387.8,1257.1,171.46,False,392.0
06-09-2020,Clothing,336.6,1283.2,170.61,False,346.1
15-09-2020,Clothing,428.7,1237.0,172.32,False,435.9
21-09-2020,Clothing,401.5,1235.7,167.9,False,397.7
24-09-2020,Clothing,471.9,1197.9,168.69,False,427.1
03-10-2020,Clothing,391.2,1238.5,174.34,False,371.8
13-10-2020,Clothing,429.2,1228.2,161.41,False,420.3
18-10-2020,Clothing,491.8,1223.6,170.85,False,448.8
24-10-2020,Clothing,443.2,1235.3,175.8,False,407.6
29-10-2020,Clothing,447.5,1227.0,171.2,False,459.9
02-11-2020,Clothing,602.3,1247.2,170.13,True,565.8
14-11-2020,Clothing,646.6,1244.6,166.21,True,666.9
15-11-2020,Clothing,462.9,1258.5,173.61,False,474.1
17-11-2020,Clothing,451.1,1262.4,172.03,False,430.2
19-11-2020,Clothing,1417.0,1250.3,171.75,False,480.2
12-12-2020,Clothing,436.0,1252.9,173.65,False,409.3
15-12-2020,Clothing,426.1,1268.9,167.71,False,385.3
21-12-2020,Clothing,411.8,1281.3,164.85,False,383.1
29-12-2020,Clothing,474.3,1256.9,168.11,False,451.5
30-12-2020,Clothing,452.0,1265.2,170.71,False,466.0
08-01-2021,Clothing,479.9,1260.4,168.31,False,456.1
10-01-2021,Clothing,517.1,1274.3,169.48,True,502.8
23-01-2021,Clothing,573.7,1009.6,164.9,True,599.7
24-01-2021,Clothing,462.2,1008.3,173.34,False,422.8
26-01-2021,Clothing,385.5,1304.6,167.2,False,381.0
15-02-2021,Clothing,415.3,1262.5,167.85,False,384.3
23-02-2021,Clothing,621.8,1282.3,171.01,True,630.1
27-02-2021,Clothing,473.4,1274.4,170.25,False,446.1
03-03-2021,Clothing,449.4,1269.5,172.05,False,440.1
04-03-2021,Clothing,441.4,1284.2,165.86,False,415.6
12-03-2021,Clothing,454.7,1278.7,174.24,False,471.6
13-03-2021,Clothing,436.2,1284.2,175.19,False,445.6
17-03-2021,Clothing,376.7,1295.4,170.77,False,384.0
26-03-2021,Clothing,456.8,1275.7,170.21,False,429.6
19-04-2021,Clothing,388.6,1322.2,170.34,False,405.2
01-05-2021,Clothing,405.8,1295.7,169.78,False,376.3
02-05-2021,Clothing,382.0,1310.0,171.87,False,350.2
01-06-2021,Clothing,387.9,1309.1,171.65,False,351.7
03-06-2021,Clothing,661.2,1295.7,165.59,True,613.1
01-07-2021,Clothing,426.3,1288.8,164.04,False,440.9
11-07-2021,Clothing,723.5,1305.0,165.13,True,657.9
21-07-2021,Clothing,381.2,1305.3,169.35,False,363.7
29-07-2021,Clothing,468.3,1283.6,165.83,False,457.3
21-08-2021,Clothing,467.4,1265.2,166.36,False,430.2
07-09-2021,Clothing,466.0,1287.4,168.43,False,456.4
20-09-2021,Clothing,400.0,1344.4,173.85,False,412.8
27-09-2021,Clothing,463.0,1333.1,172.13,False,421.5
19-10-2021,Clothing,485.9,1312.2,170.41,False,495.5
27-10-2021,Clothing,480.6,1327.1,172.1,False,433.8
30-10-2021,Clothing,505.0,1317.8,170.91,False,519.0
03-12-2021,Clothing,754.7,1289.0,168.56,True,769.5
07-12-2021,Clothing,509.2,1284.6,166.05,False,481.8
09-12-2021,Clothing,616.2,1324.5,172.77,True,585.4
11-12-2021,Clothing,506.4,1305.1,170.38,False,512.8
20-12-2021,Clothing,445.2,1334.4,168.38,False,465.2
23-12-2021,Clothing,526.3,1302.7,166.0,False,496.3
28-12-2021,Clothing,447.1,1322.2,168.26,False,422.1
03-01-2022,Clothing,512.5,1296.8,162.38,False,530.9
09-01-2022,Clothing,489.5,1335.9,167.08,False,478.9
30-01-2022,Clothing,484.6,1338.5,174.98,False,470.9
31-01-2022,Clothing,419.2,1353.0,171.59,False,404.5
03-02-2022,Clothing,446.1,1352.4,173.82,False,413.0
06-02-2022,Clothing,505.0,1337.1,174.04,False,504.6
12-02-2022,Clothing,442.9,1330.0,169.11,False,444.2
17-02-2022,Clothing,483.5,1307.1,166.72,False,489.9
19-02-2022,Clothing,467.2,1309.0,167.9,False,431.6
21-02-2022,Clothing,432.3,1316.2,176.57,False,402.7
05-03-2022,Clothing,431.3,1330.3,169.48,False,390.1
10-03-2022,Clothing,485.3,1318.6,170.28,False,487.6
14-03-2022,Clothing,400.1,1347.5,170.73,False,399.9
17-03-2022,Clothing,490.3,1327.3,171.91,False,479.7
19-03-2022,Clothing,448.4,1339.9,168.28,False,445.3
26-03-2022,Clothing,486.0,1324.4,171.47,False,489.0
28-03-2022,Clothing,423.3,1343.5,170.6,False,421.0
07-04-2022,Clothing,670.2,1347.8,171.69,True,6787.0
11-04-2022,Clothing,413.0,1368.0,162.52,False,408.8
26-04-2022,Clothing,404.4,1408.9,166.69,False,421.1
13-05-2022,Clothing,450.3,1422.2,170.03,False,446.1
24-05-2022,Clothing,421.2,1436.4,169.84,False,410.5
02-06-2022,Clothing,418.3,1425.7,175.05,False,434.8
04-06-2022,Clothing,499.5,1337.0,174.89,False,520.0
20-06-2022,Clothing,401.9,1439.6,164.58,False,417.7
30-06-2022,Clothing,450.4,1423.8,174.25,False,461.6
01-07-2022,Clothing,460.3,1423.5,167.09,False,451.4
24-07-2022,Clothing,445.6,940.0,172.43,False,430.3
27-07-2022,Clothing,443.2,929.8,166.03,False,431.9
30-07-2022,Clothing,455.2,1413.1,171.34,False,467.2
01-08-2022,Clothing,397.5,1425.9,171.1,False,417.4
10-08-2022,Clothing,448.6,989.8,168.69,False,418.8
11-08-2022,Clothing,490.8,980.9,173.24,False,459.2
12-08-2022,Clothing,516.3,1402.4,173.6,False,480.6
14-08-2022,Clothing,423.5,1435.3,173.58,False,439.9
17-08-2022,Clothing,471.3,1428.0,169.03,False,433.0
01-09-2022,Clothing,507.8,1386.0,165.71,False,522.2
04-09-2022,Clothing,445.5,1396.2,167.32,False,452.8
11-09-2022,Clothing,518.1,1342.3,179.74,False,513.6
19-09-2022,Clothing,467.8,1361.2,167.3,False,445.1
23-09-2022,Clothing,529.2,1335.8,170.78,False,516.1
28-09-2022,Clothing,449.3,1363.6,168.67,False,430.8
01-10-2022,Clothing,504.3,1343.6,170.38,False,495.2
05-10-2022,Clothing,514.6,1356.2,169.88,False,532.9
07-10-2022,Clothing,503.8,1352.2,167.98,False,457.8
12-10-2022,Clothing,491.8,1345.8,169.0,False,500.3
14-10-2022,Clothing,539.8,1326.0,169.62,False,529.7
03-11-2022,Clothing,541.6,808.5,175.59,False,494.3
05-11-2022,Clothing,509.0,1366.6,165.25,False,500.2
09-11-2022,Clothing,537.7,1369.8,172.04,False,539.4
01-12-2022,Clothing,504.3,1401.3,167.61,False,482.7
09-12-2022,Clothing,567.4,1375.3,172.58,False,555.1
27-12-2022,Clothing,642.2,1374.2,171.12,True,591.0
02-01-2023,Clothing,467.6,1383.6,165.74,False,475.6
01-01-2020,Electronics,177.1,528.9,46.33,False,178.1
03-01-2020,Electronics,196.4,510.5,46.62,False,181.6
04-01-2020,Electronics,192.1,512.0,45.59,False,198.1
06-01-2020,Electronics,198.2,527.3,46.55,True,206.4
09-01-2020,Electronics,201.4,519.1,46.02,False,181.5
13-01-2020,Electronics,165.3,537.3,47.82,False,159.0
14-01-2020,Electronics,158.9,533.8,48.03,False,146.2
17-01-2020,Electronics,226.8,519.8,47.96,False,237.7
19-01-2020,Electronics,207.5,533.8,46.71,False,188.3
20-01-2020,Electronics,178.9,535.9,45.7,False,165.8
21-01-2020,Electronics,179.5,535.0,46.59,False,162.4
26-01-2020,Electronics,174.8,524.9,48.16,False,166.1
27-01-2020,Electronics,197.4,519.4,46.8,False,187.8
29-01-2020,Electronics,206.2,520.1,46.57,False,208.5
30-01-2020,Electronics,247.0,519.0,46.91,False,227.4
31-01-2020,Electronics,224.4,523.3,46.54,False,220.4
01-02-2020,Electronics,234.7,521.4,46.92,False,212.2
02-02-2020,Electronics,185.8,530.1,46.81,False,180.2
03-02-2020,Electronics,283.8,531.9,47.61,True,288.2
04-02-2020,Electronics,188.3,537.5,46.89,False,178.9
06-02-2020,Electronics,313.3,546.2,46.78,True,325.6
08-02-2020,Electronics,246.1,528.0,48.02,False,248.1
09-02-2020,Electronics,213.9,411.4,47.43,False,207.5
10-02-2020,Electronics,560.8,416.2,48.25,False,206.5
11-02-2020,Electronics,112.8,527.1,46.39,False,102.2
12-02-2020,Electronics,181.0,543.1,47.98,False,173.9
13-02-2020,Electronics,232.6,255.4,47.42,False,13.7
16-02-2020,Electronics,351.9,543.0,48.46,True,356.2
17-02-2020,Electronics,204.6,550.2,46.43,False,209.8
18-02-2020,Electronics,236.5,542.0,47.29,False,234.4
19-02-2020,Electronics,240.0,540.4,47.51,False,249.1
20-02-2020,Electronics,259.8,533.4,46.53,False,256.8
21-02-2020,Electronics,267.3,532.1,46.37,False,262.3
22-02-2020,Electronics,250.1,544.2,47.88,False,252.6
23-02-2020,Electronics,226.6,541.2,48.64,False,225.0
24-02-2020,Electronics,201.5,541.9,47.0,False,208.4
25-02-2020,Electronics,228.0,526.2,47.59,False,232.1
26-02-2020,Electronics,322.1,518.4,47.48,True,315.9
27-02-2020,Electronics,277.6,499.2,47.22,False,279.1
29-02-2020,Electronics,313.7,514.5,46.0,True,302.4
01-03-2020,Electronics,234.7,514.1,46.85,False,223.0
02-03-2020,Electronics,240.5,508.9,46.54,False,246.6
03-03-2020,Electronics,224.1,514.6,46.54,False,204.8
05-03-2020,Electronics,257.6,507.1,46.23,False,233.7
06-03-2020,Electronics,264.8,501.3,47.96,False,266.5
07-03-2020,Electronics,259.4,506.2,46.31,False,269.4
11-03-2020,Electronics,254.9,488.1,48.54,False,254.3
13-03-2020,Electronics,296.1,473.6,47.08,False,269.0
14-03-2020,Electronics,264.4,475.7,45.28,False,261.6
16-03-2020,Electronics,238.8,484.8,45.92,False,246.3
17-03-2020,Electronics,234.5,496.2,47.72,False,243.8
19-03-2020,Electronics,284.9,483.5,45.18,False,282.6
22-03-2020,Electronics,237.7,515.3,47.04,False,242.8
23-03-2020,Electronics,231.7,505.9,45.7,False,225.9
25-03-2020,Electronics,256.6,505.6,47.28,False,251.3
26-03-2020,Electronics,400.9,486.2,46.98,True,391.1
28-03-2020,Electronics,278.8,488.6,45.74,False,270.4
29-03-2020,Electronics,255.2,496.5,48.76,False,250.9
31-03-2020,Electronics,240.6,498.9,46.42,False,248.1
01-04-2020,Electronics,260.4,496.2,46.3,False,255.4
02-04-2020,Electronics,274.4,486.8,47.71,False,248.8
04-04-2020,Electronics,414.7,478.4,45.32,True,413.1
05-04-2020,Electronics,259.5,488.6,45.74,False,238.3
06-04-2020,Electronics,232.6,506.3,46.2,False,240.0
08-04-2020,Electronics,252.4,495.5,47.29,False,235.9
09-04-2020,Electronics,285.8,484.9,45.0,False,291.5
11-04-2020,Electronics,257.3,489.7,45.2,False,263.7
13-04-2020,Electronics,229.8,499.2,47.06,False,2181.0
14-04-2020,Electronics,255.8,491.8,47.1,False,242.2
16-04-2020,Electronics,299.2,478.3,45.74,False,276.1
17-04-2020,Electronics,280.9,489.1,46.54,False,263.0
18-04-2020,Electronics,268.4,489.7,46.65,False,255.8
19-04-2020,Electronics,251.9,494.4,46.08,False,237.2
20-04-2020,Electronics,245.6,496.6,46.39,False,236.5
23-04-2020,Electronics,281.0,494.0,47.5,False,275.7
24-04-2020,Electronics,284.0,493.5,45.21,False,262.9
26-04-2020,Electronics,239.5,494.5,47.3,False,224.7
27-04-2020,Electronics,250.5,491.3,45.02,False,252.8
28-04-2020,Electronics,232.4,499.9,46.61,False,224.9
29-04-2020,Electronics,247.4,500.1,47.63,False,257.7
30-04-2020,Electronics,283.0,487.9,45.77,False,258.3
01-05-2020,Electronics,171.0,518.7,48.03,False,173.1
03-05-2020,Electronics,388.0,491.7,46.9,True,362.6
05-05-2020,Electronics,236.8,499.0,46.38,False,232.7
06-05-2020,Electronics,266.2,535.1,47.69,False,242.1
07-05-2020,Electronics,275.4,494.3,46.76,False,266.9
11-05-2020,Electronics,161.4,520.2,45.66,False,154.7
11-05-2020,Electronics,226.5,513.4,47.9,False,237.6
13-05-2020,Electronics,228.8,522.4,46.44,False,212.2
17-05-2020,Electronics,237.9,528.1,45.46,False,247.7
18-05-2020,Electronics,211.6,541.7,47.88,False,197.2
19-05-2020,Electronics,228.6,537.6,45.93,False,217.3
23-05-2020,Electronics,246.1,537.0,45.98,False,236.0
24-05-2020,Electronics,225.3,541.4,47.22,False,211.0
25-05-2020,Electronics,284.3,545.2,46.53,True,263.5
26-05-2020,Electronics,214.4,540.1,46.02,False,224.1
27-05-2020,Electronics,220.5,547.6,48.83,False,203.1
28-05-2020,Electronics,256.3,541.2,46.02,False,268.4
29-05-2020,Electronics,241.2,543.9,47.75,False,220.7
30-05-2020,Electronics,243.2,543.1,46.53,False,248.5
31-05-2020,Electronics,229.2,549.8,47.55,False,217.0
04-06-2020,Electronics,257.5,541.1,46.61,False,242.1
06-06-2020,Electronics,248.7,538.3,46.75,False,260.4
07-06-2020,Electronics,204.9,555.4,46.86,False,202.8
10-06-2020,Electronics,207.1,567.1,48.09,False,214.7
11-06-2020,Electronics,247.2,551.0,47.46,False,225.7
13-06-2020,Electronics,223.6,564.7,48.57,False,201.9
14-06-2020,Electronics,213.6,560.2,47.13,False,204.7
15-06-2020,Electronics,180.9,567.5,47.43,False,181.0
16-06-2020,Electronics,268.4,569.4,47.07,True,258.0
17-06-2020,Electronics,206.7,554.9,47.34,False,209.0
18-06-2020,Electronics,236.6,544.0,44.9,False,228.1
19-06-2020,Electronics,237.5,546.8,46.18,False,233.5
22-06-2020,Electronics,183.1,552.9,46.08,False,176.2
23-06-2020,Electronics,198.6,552.7,48.56,False,186.0
25-06-2020,Electronics,212.7,547.7,45.45,False,213.3
26-06-2020,Electronics,237.6,541.7,45.57,False,220.7
27-06-2020,Electronics,210.3,555.9,46.79,False,1902.0
28-06-2020,Electronics,195.8,566.0,45.42,False,204.6
29-06-2020,Electronics,179.8,572.6,47.43,False,166.1
30-06-2020,Electronics,193.4,570.9,45.55,False,176.9
03-07-2020,Electronics,208.1,546.0,46.26,False,210.0
04-07-2020,Electronics,236.2,505.8,47.17,False,231.1
04-07-2020,Electronics,215.2,542.2,47.11,False,211.9
05-07-2020,Electronics,181.0,557.1,48.74,False,178.4
07-07-2020,Electronics,175.4,548.3,47.05,False,162.1
09-07-2020,Electronics,310.9,519.8,46.33,True,298.5
12-07-2020,Electronics,197.7,543.2,46.25,False,181.0
12-07-2020,Electronics,156.2,360.0,46.12,False,155.9
13-07-2020,Electronics,140.4,566.3,47.12,False,131.3
14-07-2020,Electronics,171.3,552.4,45.82,False,164.4
15-07-2020,Electronics,193.7,536.4,46.11,False,174.4
16-07-2020,Electronics,204.5,543.6,48.65,False,200.6
18-07-2020,Electronics,202.5,536.4,47.05,False,198.0
19-07-2020,Electronics,208.5,554.8,45.41,True,218.4
20-07-2020,Electronics,138.7,559.7,48.16,False,143.8
22-07-2020,Electronics,184.5,540.9,47.76,False,167.9
23-07-2020,Electronics,276.4,537.5,46.28,True,266.1
24-07-2020,Electronics,207.9,535.0,45.78,False,197.3
25-07-2020,Electronics,179.5,547.3,46.01,False,167.0
27-07-2020,Electronics,133.6,557.6,47.13,False,127.4
28-07-2020,Electronics,146.2,556.8,47.63,False,137.4
29-07-2020,Electronics,175.2,549.7,47.64,False,177.8
30-07-2020,Electronics,185.0,552.2,45.3,False,171.5
31-07-2020,Electronics,314.6,547.3,46.82,True,315.5
01-08-2020,Electronics,192.7,516.5,46.74,False,176.3
02-08-2020,Electronics,147.4,556.0,48.36,False,145.8
03-08-2020,Electronics,228.1,508.2,45.66,False,238.3
05-08-2020,Electronics,168.4,551.2,47.8,False,157.0
06-08-2020,Electronics,204.1,564.5,45.95,False,190.3
07-08-2020,Electronics,204.1,537.8,45.07,False,186.2
08-08-2020,Electronics,168.3,552.2,45.98,False,152.7
09-08-2020,Electronics,144.8,551.0,45.23,False,151.9
11-08-2020,Electronics,203.8,543.6,46.42,True,199.6
12-08-2020,Electronics,163.2,542.7,46.9,False,150.1
14-08-2020,Electronics,179.1,527.9,47.68,False,174.2
15-08-2020,Electronics,172.4,526.4,45.23,False,175.5
16-08-2020,Electronics,140.1,542.6,47.59,False,139.6
17-08-2020,Electronics,121.1,555.7,47.18,False,112.6
18-08-2020,Electronics,141.2,556.0,46.6,False,140.6
19-08-2020,Electronics,151.5,549.0,47.67,False,141.9
21-08-2020,Electronics,186.8,545.9,47.02,False,182.7
22-08-2020,Electronics,171.8,546.7,44.54,False,156.3
23-08-2020,Electronics,132.7,556.8,46.57,False,125.9
24-08-2020,Electronics,116.2,557.0,45.73,False,107.0
27-08-2020,Electronics,145.3,551.6,47.49,False,130.9
28-08-2020,Electronics,183.4,542.4,47.69,False,171.0
29-08-2020,Electronics,191.2,553.7,47.5,True,196.4
30-08-2020,Electronics,140.0,563.4,47.21,False,128.9
01-09-2020,Electronics,135.8,572.2,48.22,False,129.3
03-09-2020,Electronics,401.9,557.9,46.34,False,168.1
03-09-2020,Electronics,243.1,510.0,45.98,False,232.4
05-09-2020,Electronics,150.1,563.9,46.48,False,147.8
06-09-2020,Electronics,223.4,559.4,46.23,False,217.1
06-09-2020,Electronics,126.5,563.5,47.14,False,131.9
07-09-2020,Electronics,112.5,566.4,47.34,False,113.2
08-09-2020,Electronics,123.8,563.1,46.34,False,117.7
09-09-2020,Electronics,139.7,562.5,45.52,False,142.5
10-09-2020,Electronics,169.4,558.6,45.55,False,161.2
12-09-2020,Electronics,138.8,560.1,47.27,False,130.8
13-09-2020,Electronics,126.4,562.2,47.37,False,120.9
14-09-2020,Electronics,118.9,558.4,45.76,False,116.0
15-09-2020,Electronics,130.3,554.5,47.41,False,123.0
16-09-2020,Electronics,145.8,552.1,46.77,False,148.3
17-09-2020,Electronics,138.5,554.5,45.75,False,133.2
18-09-2020,Electronics,227.9,538.2,47.55,True,237.5
20-09-2020,Electronics,125.9,550.7,47.25,False,128.8
21-09-2020,Electronics,105.6,551.7,46.15,False,110.8
22-09-2020,Electronics,119.3,551.3,45.05,False,111.7
23-09-2020,Electronics,130.9,551.0,47.08,False,120.4
24-09-2020,Electronics,163.3,539.6,45.55,False,155.8
25-09-2020,Electronics,161.4,535.2,45.67,False,159.7
27-09-2020,Electronics,130.3,541.2,45.31,False,131.8
29-09-2020,Electronics,122.5,543.2,46.75,False,113.3
30-09-2020,Electronics,146.4,532.4,46.83,False,134.9
01-10-2020,Electronics,150.8,530.0,48.29,False,147.8
01-10-2020,Electronics,212.6,518.5,47.02,False,191.5
02-10-2020,Electronics,157.5,526.4,47.95,False,162.4
04-10-2020,Electronics,135.3,525.9,48.03,False,137.5
05-10-2020,Electronics,233.4,513.8,47.29,False,237.9
07-10-2020,Electronics,323.7,532.0,46.79,True,326.3
08-10-2020,Electronics,155.9,504.4,45.13,False,142.4
09-10-2020,Electronics,171.6,496.6,46.45,False,180.0
10-10-2020,Electronics,148.9,493.1,46.63,False,146.3
11-10-2020,Electronics,132.6,501.9,46.88,False,137.7
13-10-2020,Electronics,105.1,516.8,45.21,False,95.3
14-10-2020,Electronics,149.4,505.2,45.86,False,155.7
15-10-2020,Electronics,165.9,493.9,45.0,False,155.6
17-10-2020,Electronics,166.1,489.8,46.22,False,172.3
18-10-2020,Electronics,120.4,514.5,45.52,False,125.7
19-10-2020,Electronics,112.5,514.2,47.14,False,114.3
20-10-2020,Electronics,133.4,511.3,46.27,False,136.9
21-10-2020,Electronics,162.8,494.7,46.52,False,162.6
22-10-2020,Electronics,164.3,488.4,46.56,False,160.9
23-10-2020,Electronics,187.6,478.7,47.23,False,174.9
24-10-2020,Electronics,149.9,493.5,46.49,False,140.9
25-10-2020,Electronics,137.9,499.9,47.36,False,142.7
26-10-2020,Electronics,119.2,506.9,46.52,False,120.4
28-10-2020,Electronics,150.4,493.9,46.1,False,138.7
29-10-2020,Electronics,178.5,480.9,44.97,False,164.7
31-10-2020,Electronics,232.2,503.7,48.41,True,212.7
01-11-2020,Electronics,154.1,509.8,46.63,False,146.3
01-11-2020,Electronics,207.1,521.9,46.94,False,194.0
03-11-2020,Electronics,115.9,519.8,47.05,False,120.9
04-11-2020,Electronics,146.0,523.7,45.69,False,152.2
06-11-2020,Electronics,194.2,515.3,46.58,False,186.4
07-11-2020,Electronics,177.7,541.0,47.34,False,174.2
08-11-2020,Electronics,187.6,528.2,46.88,True,172.2
09-11-2020,Electronics,125.4,525.4,45.45,False,128.1
10-11-2020,Electronics,168.2,511.4,46.87,False,157.3
11-11-2020,Electronics,152.6,516.1,46.91,False,158.9
12-11-2020,Electronics,172.3,511.5,46.1,False,167.0
13-11-2020,Electronics,189.6,513.3,47.65,False,180.9
14-11-2020,Electronics,180.0,518.6,47.2,False,175.9
15-11-2020,Electronics,216.8,527.6,47.86,True,220.3
16-11-2020,Electronics,129.1,535.3,47.8,False,127.5
17-11-2020,Electronics,182.5,544.3,47.72,True,170.3
19-11-2020,Electronics,186.9,531.0,47.07,False,184.0
21-11-2020,Electronics,193.0,515.0,48.02,False,195.3
23-11-2020,Electronics,143.6,531.1,45.58,False,136.8
24-11-2020,Electronics,149.6,544.3,46.28,False,143.8
26-11-2020,Electronics,187.9,538.1,46.87,False,177.8
28-11-2020,Electronics,192.0,530.8,45.63,False,190.1
29-11-2020,Electronics,151.9,551.5,45.6,False,142.2
30-11-2020,Electronics,158.5,555.3,45.06,False,144.8
01-12-2020,Electronics,145.3,560.9,48.09,False,146.5
03-12-2020,Electronics,202.2,532.5,46.18,False,186.2
04-12-2020,Electronics,255.2,491.2,45.81,False,253.3
05-12-2020,Electronics,185.8,349.9,47.24,False,171.8
05-12-2020,Electronics,217.2,516.6,45.08,False,196.7
06-12-2020,Electronics,257.9,550.2,46.7,False,255.4
06-12-2020,Electronics,160.8,356.4,47.69,False,22.7
09-12-2020,Electronics,184.7,516.8,47.81,False,175.5
10-12-2020,Electronics,217.0,515.3,46.74,False,2215.0
10-12-2020,Electronics,102.2,514.4,46.77,False,98.4
11-12-2020,Electronics,227.0,513.1,48.08,False,225.4
12-12-2020,Electronics,317.5,512.6,47.64,True,291.4
15-12-2020,Electronics,199.5,526.0,49.16,False,181.4
16-12-2020,Electronics,300.4,523.8,47.79,True,283.9
18-12-2020,Electronics,227.3,513.4,45.33,False,2059.0
19-12-2020,Electronics,216.2,514.0,46.41,False,219.0
20-12-2020,Electronics,169.9,534.6,47.7,False,166.5
21-12-2020,Electronics,182.4,535.3,46.9,False,186.4
23-12-2020,Electronics,201.3,545.3,47.59,False,195.4
24-12-2020,Electronics,238.0,542.2,45.33,False,215.2
25-12-2020,Electronics,248.4,546.2,46.16,False,231.8
27-12-2020,Electronics,206.3,559.8,46.43,False,205.2
28-12-2020,Electronics,184.3,577.9,47.14,False,181.0
30-12-2020,Electronics,220.2,560.7,48.56,False,200.0
31-12-2020,Electronics,246.5,548.5,48.31,False,248.2
01-01-2021,Electronics,241.4,551.1,46.48,False,249.1
02-01-2021,Electronics,280.0,562.3,46.76,True,287.3
04-01-2021,Electronics,184.0,574.5,45.58,False,170.6
04-01-2021,Electronics,322.5,452.4,46.48,False,303.2
06-01-2021,Electronics,247.9,548.3,46.85,False,250.3
09-01-2021,Electronics,228.9,558.5,47.39,False,223.4
10-01-2021,Electronics,235.6,559.3,47.47,False,245.2
11-01-2021,Electronics,210.4,574.0,47.52,False,192.9
12-01-2021,Electronics,222.6,570.0,47.88,False,220.3
13-01-2021,Electronics,248.4,555.2,45.85,False,257.9
14-01-2021,Electronics,259.7,549.0,47.33,False,246.9
15-01-2021,Electronics,263.3,547.1,45.75,False,276.1
16-01-2021,Electronics,243.8,544.0,47.03,False,228.4
19-01-2021,Electronics,225.6,552.1,46.89,False,211.7
20-01-2021,Electronics,246.0,546.9,48.39,False,239.6
22-01-2021,Electronics,274.5,545.0,45.95,False,284.6
23-01-2021,Electronics,264.8,545.1,46.57,False,249.6
24-01-2021,Electronics,312.7,546.1,46.48,True,286.8
26-01-2021,Electronics,232.3,557.2,46.3,False,227.0
27-01-2021,Electronics,239.9,554.9,46.87,False,216.7
29-01-2021,Electronics,285.1,539.9,45.91,False,295.7
30-01-2021,Electronics,277.1,545.3,47.18,False,263.8
31-01-2021,Electronics,266.9,558.8,46.96,False,262.8
01-02-2021,Electronics,249.2,563.0,47.55,False,258.1
02-02-2021,Electronics,243.3,565.8,46.87,False,247.1
03-02-2021,Electronics,395.0,508.7,46.07,True,369.5
05-02-2021,Electronics,297.6,539.6,46.67,False,277.2
06-02-2021,Electronics,262.1,523.3,46.64,False,269.4
06-02-2021,Electronics,281.6,548.7,46.42,False,269.2
08-02-2021,Electronics,1029.1,546.7,46.35,False,2424.0
09-02-2021,Electronics,244.5,545.5,46.93,False,223.0
10-02-2021,Electronics,280.6,541.4,47.96,False,293.4
11-02-2021,Electronics,176.0,424.8,46.28,False,180.4
13-02-2021,Electronics,468.9,530.5,45.75,True,472.9
14-02-2021,Electronics,257.5,544.1,45.91,False,264.6
15-02-2021,Electronics,237.1,547.1,46.57,False,244.7
16-02-2021,Electronics,389.1,529.1,47.1,True,358.7
17-02-2021,Electronics,289.6,520.0,47.34,False,271.3
18-02-2021,Electronics,297.9,520.2,46.01,False,311.6
20-02-2021,Electronics,299.9,508.3,48.05,False,276.1
21-02-2021,Electronics,243.8,522.9,45.94,False,244.4
22-02-2021,Electronics,252.9,514.8,46.81,False,245.6
23-02-2021,Electronics,251.2,514.1,47.59,False,236.4
25-02-2021,Electronics,300.4,490.9,46.13,False,302.5
26-02-2021,Electronics,302.2,496.3,47.04,False,284.8
27-02-2021,Electronics,297.1,491.5,45.65,False,307.5
01-03-2021,Electronics,265.7,507.7,47.84,False,270.8
03-03-2021,Electronics,288.7,498.8,46.0,False,301.5
05-03-2021,Electronics,329.1,483.0,46.23,False,305.5
06-03-2021,Electronics,304.9,489.6,46.57,False,275.8
07-03-2021,Electronics,289.7,497.3,46.47,False,296.5
09-03-2021,Electronics,267.9,501.7,46.71,False,258.2
10-03-2021,Electronics,303.4,489.0,46.44,False,284.3
11-03-2021,Electronics,321.9,486.7,47.02,False,305.5
12-03-2021,Electronics,327.1,481.5,48.77,False,339.5
17-03-2021,Electronics,292.2,479.2,45.88,False,279.1
18-03-2021,Electronics,327.4,474.1,47.93,False,308.6
19-03-2021,Electronics,323.3,476.3,46.04,False,322.5
21-03-2021,Electronics,296.1,479.5,46.92,False,273.7
22-03-2021,Electronics,289.0,484.6,47.94,False,281.6
23-03-2021,Electronics,358.1,501.0,46.36,True,364.4
24-03-2021,Electronics,297.3,486.2,46.1,False,269.8
25-03-2021,Electronics,313.8,480.6,46.4,False,298.7
27-03-2021,Electronics,308.1,479.6,45.7,False,315.3
28-03-2021,Electronics,286.7,490.8,46.78,False,278.5
29-03-2021,Electronics,428.3,476.2,47.57,True,432.9
30-03-2021,Electronics,305.0,472.1,47.27,False,307.7
31-03-2021,Electronics,275.4,478.2,46.6,False,282.5
02-04-2021,Electronics,271.7,547.0,47.8,False,249.1
03-04-2021,Electronics,306.1,489.1,47.91,False,276.4
06-04-2021,Electronics,275.6,473.3,46.73,False,275.5
09-04-2021,Electronics,332.2,462.8,47.42,False,311.1
10-04-2021,Electronics,308.2,473.3,46.2,False,308.4
12-04-2021,Electronics,277.8,492.4,48.23,False,271.0
14-04-2021,Electronics,306.6,481.7,47.52,False,291.6
15-04-2021,Electronics,318.9,476.3,46.6,False,319.2
16-04-2021,Electronics,332.4,473.7,48.21,False,322.7
18-04-2021,Electronics,302.0,483.8,46.62,False,282.2
19-04-2021,Electronics,408.7,488.5,46.15,True,402.5
20-04-2021,Electronics,271.3,498.4,46.75,False,280.3
22-04-2021,Electronics,313.3,488.1,46.59,False,323.3
23-04-2021,Electronics,339.9,472.1,45.27,False,310.2
24-04-2021,Electronics,1284.0,471.0,46.99,False,339.4
25-04-2021,Electronics,288.8,475.7,46.64,False,280.2
26-04-2021,Electronics,287.4,478.0,47.58,False,2767.0
27-04-2021,Electronics,276.8,499.9,47.13,False,284.5
28-04-2021,Electronics,447.5,495.9,45.63,True,410.7
29-04-2021,Electronics,315.1,489.0,47.18,False,286.7
30-04-2021,Electronics,324.2,485.9,45.73,False,332.5
01-05-2021,Electronics,307.7,495.8,45.83,False,287.0
02-05-2021,Electronics,289.8,504.7,47.33,False,276.6
04-05-2021,Electronics,286.2,505.2,45.19,False,284.7
05-05-2021,Electronics,308.6,498.3,47.35,False,312.1
06-05-2021,Electronics,312.2,362.7,46.29,False,327.3
07-05-2021,Electronics,306.8,356.7,46.06,False,286.2
08-05-2021,Electronics,314.9,349.3,47.3,False,31.7
09-05-2021,Electronics,296.2,355.5,48.22,False,267.4
12-05-2021,Electronics,318.6,394.1,46.05,True,3148.0
12-05-2021,Electronics,296.2,486.0,45.66,False,300.0
13-05-2021,Electronics,329.2,476.8,45.26,False,306.7
14-05-2021,Electronics,297.4,488.1,44.86,False,298.4
15-05-2021,Electronics,307.6,486.4,48.03,False,300.4
16-05-2021,Electronics,275.9,316.2,45.0,False,267.8
17-05-2021,Electronics,703.9,318.9,46.5,False,246.6
18-05-2021,Electronics,274.0,315.3,46.39,False,61.4
19-05-2021,Electronics,274.4,324.5,46.25,False,253.6
20-05-2021,Electronics,310.8,321.2,47.39,False,281.9
21-05-2021,Electronics,325.8,504.4,45.48,False,328.9
22-05-2021,Electronics,298.9,514.5,47.42,False,309.8
23-05-2021,Electronics,353.6,521.2,47.38,True,325.9
24-05-2021,Electronics,349.6,529.7,46.54,True,357.4
25-05-2021,Electronics,249.2,525.6,45.69,False,231.6
26-05-2021,Electronics,262.7,526.3,46.35,False,241.1
27-05-2021,Electronics,318.6,505.0,46.92,False,301.4
29-05-2021,Electronics,279.7,502.0,43.93,False,255.1
30-05-2021,Electronics,253.5,513.3,46.91,False,234.9
31-05-2021,Electronics,241.0,529.4,46.93,False,246.7
01-06-2021,Electronics,252.8,531.0,45.47,False,230.6
03-06-2021,Electronics,312.8,507.0,47.24,False,323.3
04-06-2021,Electronics,291.1,508.8,45.79,False,288.4
06-06-2021,Electronics,263.7,511.6,47.22,False,261.7
09-06-2021,Electronics,387.4,506.6,48.5,True,353.3
10-06-2021,Electronics,290.5,497.6,45.42,False,279.1
10-06-2021,Electronics,185.5,457.7,46.67,False,168.1
12-06-2021,Electronics,282.3,512.0,46.55,False,294.3
13-06-2021,Electronics,255.8,520.5,47.16,False,262.7
14-06-2021,Electronics,227.9,527.0,46.55,False,228.3
15-06-2021,Electronics,228.5,531.2,46.85,False,234.9
16-06-2021,Electronics,262.9,512.6,46.97,False,251.4
18-06-2021,Electronics,298.6,501.8,45.94,False,303.5
19-06-2021,Electronics,269.5,506.5,44.94,False,255.7
20-06-2021,Electronics,234.5,517.5,46.89,False,232.6
22-06-2021,Electronics,228.8,523.9,46.49,False,217.6
23-06-2021,Electronics,251.9,521.7,47.44,False,262.5
27-06-2021,Electronics,241.1,520.3,46.59,False,250.3
29-06-2021,Electronics,333.3,513.0,47.55,True,305.0
30-06-2021,Electronics,250.1,502.7,45.84,False,261.1
01-07-2021,Electronics,262.6,501.9,46.14,False,243.5
02-07-2021,Electronics,241.6,555.6,47.01,False,239.6
02-07-2021,Electronics,276.9,493.9,48.1,False,262.9
03-07-2021,Electronics,320.3,511.4,45.7,True,314.4
04-07-2021,Electronics,493.0,462.5,46.49,True,489.4
04-07-2021,Electronics,230.2,516.5,46.88,False,216.1
05-07-2021,Electronics,205.5,520.3,45.62,False,215.2
07-07-2021,Electronics,243.9,505.8,46.16,False,242.2
08-07-2021,Electronics,262.6,490.0,45.87,False,271.0
09-07-2021,Electronics,239.8,486.0,47.16,False,2307.0
10-07-2021,Electronics,233.3,483.5,47.69,False,237.9
11-07-2021,Electronics,224.7,489.2,46.22,False,235.4
12-07-2021,Electronics,217.8,492.2,46.81,False,221.2
14-07-2021,Electronics,227.5,488.3,46.33,False,230.9
15-07-2021,Electronics,233.7,475.6,47.3,False,211.5
16-07-2021,Electronics,279.2,460.3,48.4,False,290.8
17-07-2021,Electronics,363.5,462.5,45.72,True,362.8
18-07-2021,Electronics,223.3,472.4,46.81,False,203.1
19-07-2021,Electronics,205.6,477.6,46.35,False,198.8
20-07-2021,Electronics,212.5,475.1,46.43,False,210.2
22-07-2021,Electronics,237.5,471.2,45.66,False,218.7
23-07-2021,Electronics,341.4,467.8,47.48,True,341.9
24-07-2021,Electronics,230.7,476.2,45.69,False,241.0
25-07-2021,Electronics,220.1,476.4,45.57,False,213.8
27-07-2021,Electronics,189.5,480.6,46.48,False,177.5
29-07-2021,Electronics,247.3,475.6,46.12,False,259.4
30-07-2021,Electronics,239.3,476.9,46.07,False,239.0
04-08-2021,Electronics,217.2,484.0,46.99,False,223.4
05-08-2021,Electronics,240.4,487.0,45.43,False,217.5
06-08-2021,Electronics,234.3,492.7,48.75,False,224.8
07-08-2021,Electronics,210.2,507.4,48.34,False,214.4
09-08-2021,Electronics,195.3,504.6,47.98,False,177.7
09-08-2021,Electronics,190.5,484.0,46.77,False,172.0
10-08-2021,Electronics,214.1,445.5,46.14,False,208.2
10-08-2021,Electronics,188.1,506.6,46.56,False,177.7
11-08-2021,Electronics,314.8,505.5,48.19,True,317.1
13-08-2021,Electronics,221.0,503.5,46.79,False,219.2
14-08-2021,Electronics,218.2,501.6,46.05,False,219.2
15-08-2021,Electronics,179.2,520.1,46.31,False,163.5
16-08-2021,Electronics,161.7,530.2,48.19,False,149.5
17-08-2021,Electronics,182.2,518.5,47.55,False,174.5
19-08-2021,Electronics,235.5,504.3,46.29,False,236.6
20-08-2021,Electronics,216.6,515.0,47.31,False,204.6
22-08-2021,Electronics,169.5,528.0,47.57,False,170.6
24-08-2021,Electronics,152.4,522.1,46.25,False,156.0
26-08-2021,Electronics,198.1,499.6,45.67,False,188.6
27-08-2021,Electronics,226.9,490.4,46.95,False,205.3
28-08-2021,Electronics,215.4,498.9,44.29,False,203.8
30-08-2021,Electronics,180.2,504.2,46.52,False,188.6
31-08-2021,Electronics,255.8,509.1,46.26,True,231.6
01-09-2021,Electronics,198.8,496.5,47.64,False,184.7
02-09-2021,Electronics,204.3,493.7,47.09,False,187.8
03-09-2021,Electronics,221.4,486.1,46.35,False,203.6
04-09-2021,Electronics,260.6,498.2,46.08,True,242.1
05-09-2021,Electronics,180.4,493.0,46.16,False,175.8
07-09-2021,Electronics,162.5,481.6,46.19,False,169.9
09-09-2021,Electronics,205.6,474.4,46.66,False,211.0
12-09-2021,Electronics,179.8,468.9,46.1,False,183.5
13-09-2021,Electronics,142.3,477.9,46.49,False,148.3
14-09-2021,Electronics,167.6,473.4,44.62,False,151.0
15-09-2021,Electronics,188.9,467.9,46.78,False,197.4
16-09-2021,Electronics,193.9,468.1,47.23,False,176.2
19-09-2021,Electronics,292.1,473.5,48.43,True,268.6
20-09-2021,Electronics,153.1,482.9,47.56,False,144.0
22-09-2021,Electronics,193.4,462.2,47.62,False,198.9
23-09-2021,Electronics,199.4,463.0,47.57,False,186.5
24-09-2021,Electronics,212.2,460.4,46.63,False,218.4
25-09-2021,Electronics,180.7,476.3,47.32,False,188.0
26-09-2021,Electronics,163.2,467.8,47.27,False,154.8
27-09-2021,Electronics,140.5,474.7,47.42,False,141.2
28-09-2021,Electronics,158.1,468.8,48.08,False,145.9
30-09-2021,Electronics,203.4,452.4,44.92,False,207.9
01-10-2021,Electronics,215.6,449.8,45.65,False,195.7
02-10-2021,Electronics,181.4,463.5,47.52,False,184.1
04-10-2021,Electronics,151.1,471.2,46.6,False,152.9
05-10-2021,Electronics,167.3,465.2,48.02,False,170.8
07-10-2021,Electronics,202.1,452.8,47.17,False,184.5
09-10-2021,Electronics,207.7,469.5,46.94,False,204.6
10-10-2021,Electronics,171.3,455.0,48.57,False,173.4
11-10-2021,Electronics,171.7,446.0,46.61,False,161.4
12-10-2021,Electronics,157.0,449.7,47.43,False,141.9
13-10-2021,Electronics,185.8,434.4,46.3,False,178.8
14-10-2021,Electronics,221.6,422.1,46.66,False,228.3
16-10-2021,Electronics,203.8,422.1,46.44,False,186.2
17-10-2021,Electronics,167.8,428.6,46.78,False,167.0
20-10-2021,Electronics,175.0,427.7,46.81,False,182.0
21-10-2021,Electronics,196.6,422.8,45.55,False,204.4
22-10-2021,Electronics,230.6,413.0,46.42,False,208.3
25-10-2021,Electronics,151.0,432.9,47.07,False,151.9
28-10-2021,Electronics,204.8,417.3,46.64,False,214.5
31-10-2021,Electronics,185.0,419.5,47.8,False,184.7
01-11-2021,Electronics,214.8,424.0,46.1,True,222.4
03-11-2021,Electronics,194.7,420.7,47.53,False,190.6
04-11-2021,Electronics,295.5,481.2,46.44,False,293.5
04-11-2021,Electronics,198.6,414.2,46.78,False,184.5
06-11-2021,Electronics,199.0,409.9,46.05,False,196.7
07-11-2021,Electronics,188.8,403.4,47.31,False,172.8
08-11-2021,Electronics,180.1,411.0,45.38,False,174.2
10-11-2021,Electronics,191.4,409.0,45.21,False,188.0
11-11-2021,Electronics,234.0,392.4,46.78,False,221.2
12-11-2021,Electronics,233.2,396.5,47.11,False,216.7
13-11-2021,Electronics,209.6,401.9,48.03,False,211.7
14-11-2021,Electronics,163.0,425.2,46.37,False,148.6
15-11-2021,Electronics,181.3,421.4,47.14,False,166.7
16-11-2021,Electronics,194.5,409.8,48.44,False,192.5
17-11-2021,Electronics,221.0,405.2,46.52,False,199.4
19-11-2021,Electronics,229.7,396.8,47.15,False,238.0
20-11-2021,Electronics,218.8,398.6,47.59,False,218.3
22-11-2021,Electronics,176.7,411.3,46.06,False,180.4
24-11-2021,Electronics,206.9,407.8,47.94,False,190.4
25-11-2021,Electronics,241.0,393.7,44.86,False,236.1
27-11-2021,Electronics,235.4,384.1,46.32,False,227.2
28-11-2021,Electronics,204.8,394.8,47.16,False,204.1
29-11-2021,Electronics,194.8,401.8,49.03,False,194.9
30-11-2021,Electronics,209.0,406.3,48.38,False,192.5
02-12-2021,Electronics,311.3,531.9,47.27,False,311.1
04-12-2021,Electronics,245.8,384.6,48.48,False,244.3
07-12-2021,Electronics,214.1,391.4,45.04,False,223.7
08-12-2021,Electronics,232.3,495.1,47.05,False,223.2
09-12-2021,Electronics,249.0,379.1,45.98,False,226.8
10-12-2021,Electronics,252.4,383.0,45.59,False,254.5
11-12-2021,Electronics,261.8,388.1,46.85,False,247.2
12-12-2021,Electronics,250.5,388.5,46.25,False,2589.0
13-12-2021,Electronics,221.6,391.6,46.45,False,201.6
14-12-2021,Electronics,230.6,387.3,47.02,False,234.3
16-12-2021,Electronics,250.4,381.8,48.58,False,258.1
19-12-2021,Electronics,217.2,380.4,47.61,False,204.0
22-12-2021,Electronics,253.4,375.5,47.28,False,239.5
23-12-2021,Electronics,283.2,362.8,47.86,False,278.7
25-12-2021,Electronics,263.3,242.1,46.85,False,244.5
27-12-2021,Electronics,232.9,241.1,46.51,False,226.9
28-12-2021,Electronics,227.1,240.4,46.31,False,218.3
29-12-2021,Electronics,248.0,352.6,47.51,False,226.8
30-12-2021,Electronics,262.2,351.2,47.48,False,275.2
31-12-2021,Electronics,298.2,332.0,47.29,False,303.5
01-01-2022,Electronics,269.4,343.0,46.76,False,248.4
02-01-2022,Electronics,277.5,355.9,46.55,False,272.4
02-01-2022,Electronics,267.3,337.7,46.35,False,277.2
04-01-2022,Electronics,352.4,300.7,47.16,False,363.3
06-01-2022,Electronics,383.7,336.8,46.14,True,388.2
07-01-2022,Electronics,301.3,336.4,47.02,False,298.6
08-01-2022,Electronics,289.8,339.6,46.05,False,277.9
09-01-2022,Electronics,248.4,348.2,47.26,False,232.0
10-01-2022,Electronics,1041.2,347.4,46.04,False,259.3
11-01-2022,Electronics,206.9,299.1,47.65,False,203.5
11-01-2022,Electronics,309.0,352.1,46.25,True,323.9
13-01-2022,Electronics,296.3,341.1,46.99,False,280.8
15-01-2022,Electronics,420.4,333.3,45.73,True,436.4
17-01-2022,Electronics,248.5,368.0,46.76,False,226.6
18-01-2022,Electronics,291.5,352.6,47.51,False,275.9
20-01-2022,Electronics,309.4,357.6,47.5,False,281.9
21-01-2022,Electronics,307.1,353.9,47.01,False,296.5
22-01-2022,Electronics,295.1,348.9,46.07,False,270.4
24-01-2022,Electronics,268.9,344.2,46.62,False,245.7
25-01-2022,Electronics,272.4,338.9,45.17,False,284.6
26-01-2022,Electronics,294.3,331.2,45.97,False,290.4
27-01-2022,Electronics,337.8,322.9,45.28,False,326.7
28-01-2022,Electronics,321.2,333.0,48.18,False,307.0
29-01-2022,Electronics,321.3,329.6,46.66,False,324.3
30-01-2022,Electronics,296.2,339.5,47.93,False,291.7
31-01-2022,Electronics,431.9,347.5,46.93,True,413.9
02-02-2022,Electronics,315.2,343.4,46.73,False,309.9
04-02-2022,Electronics,335.4,336.8,47.05,False,347.5
06-02-2022,Electronics,288.0,355.3,46.61,False,277.7
07-02-2022,Electronics,290.8,363.8,46.32,False,289.3
08-02-2022,Electronics,292.0,371.7,47.17,False,286.2
11-02-2022,Electronics,328.2,347.8,46.33,False,317.8
14-02-2022,Electronics,295.5,349.1,47.22,False,306.9
16-02-2022,Electronics,463.1,360.9,46.41,True,443.5
17-02-2022,Electronics,345.5,236.8,46.97,False,359.9
18-02-2022,Electronics,341.9,231.1,45.78,False,340.9
19-02-2022,Electronics,350.2,228.6,45.46,False,61.7
21-02-2022,Electronics,295.5,245.1,46.61,False,277.5
23-02-2022,Electronics,330.4,357.1,45.48,False,302.2
24-02-2022,Electronics,340.4,343.9,47.35,False,350.4
25-02-2022,Electronics,351.8,342.6,46.0,False,339.9
26-02-2022,Electronics,348.9,347.4,47.5,False,365.7
27-02-2022,Electronics,512.9,353.3,48.13,True,514.3
28-02-2022,Electronics,320.0,355.2,45.58,False,293.7
01-03-2022,Electronics,318.2,356.4,45.79,False,304.1
02-03-2022,Electronics,331.8,350.7,48.0,False,327.1
03-03-2022,Electronics,353.6,338.0,47.22,False,335.5
04-03-2022,Electronics,335.1,300.6,45.42,False,338.8
04-03-2022,Electronics,357.5,338.2,48.35,False,330.4
05-03-2022,Electronics,356.4,331.1,47.32,False,368.4
06-03-2022,Electronics,425.1,346.3,47.44,True,414.4
07-03-2022,Electronics,491.4,346.9,46.26,True,487.4
09-03-2022,Electronics,253.0,274.6,45.51,False,250.1
09-03-2022,Electronics,341.9,335.4,45.95,False,327.5
12-03-2022,Electronics,487.9,332.8,46.32,True,503.5
13-03-2022,Electronics,334.5,335.7,45.14,False,336.0
14-03-2022,Electronics,319.0,331.8,46.17,False,289.9
15-03-2022,Electronics,393.3,329.9,45.56,True,395.8
16-03-2022,Electronics,335.9,322.8,46.86,False,322.7
17-03-2022,Electronics,363.1,306.8,47.54,False,373.6
18-03-2022,Electronics,373.5,299.9,45.09,False,355.8
20-03-2022,Electronics,333.7,303.2,45.92,False,304.0
22-03-2022,Electronics,330.6,301.7,47.26,False,303.4
24-03-2022,Electronics,360.3,305.8,46.8,False,339.8
25-03-2022,Electronics,381.6,300.9,46.35,False,389.0
26-03-2022,Electronics,368.2,307.7,48.47,False,373.4
27-03-2022,Electronics,346.2,313.2,47.2,False,325.9
28-03-2022,Electronics,322.3,317.0,45.43,False,308.7
29-03-2022,Electronics,326.9,319.7,46.92,False,341.8
30-03-2022,Electronics,337.2,321.4,48.09,False,327.8
31-03-2022,Electronics,377.9,294.2,46.86,False,346.1
01-04-2022,Electronics,242.9,355.2,45.61,False,237.1
04-04-2022,Electronics,333.9,306.8,48.43,False,308.4
05-04-2022,Electronics,329.8,304.9,46.71,False,3219.0
07-04-2022,Electronics,355.4,298.1,47.98,False,358.4
10-04-2022,Electronics,194.4,311.4,47.19,False,200.1
13-04-2022,Electronics,347.7,285.3,47.75,False,361.9
14-04-2022,Electronics,380.6,278.6,44.95,False,382.9
15-04-2022,Electronics,363.2,286.4,46.26,False,351.5
17-04-2022,Electronics,355.1,276.4,46.71,False,335.7
18-04-2022,Electronics,329.6,296.4,45.84,False,335.6
19-04-2022,Electronics,323.6,294.5,48.45,False,306.7
20-04-2022,Electronics,545.7,280.2,46.11,True,554.7
21-04-2022,Electronics,360.6,280.9,47.74,False,334.4
22-04-2022,Electronics,373.3,272.8,46.99,False,376.9
23-04-2022,Electronics,375.4,269.9,47.06,False,386.5
24-04-2022,Electronics,356.1,279.8,46.37,False,359.6
25-04-2022,Electronics,303.5,300.2,48.78,False,285.2
28-04-2022,Electronics,360.2,286.9,47.64,False,335.8
29-04-2022,Electronics,373.3,281.4,50.07,False,387.9
30-04-2022,Electronics,372.1,281.4,48.11,False,370.3
01-05-2022,Electronics,495.9,292.7,46.57,True,495.3
02-05-2022,Electronics,323.3,296.3,46.29,False,302.4
04-05-2022,Electronics,322.4,293.3,47.17,False,311.3
05-05-2022,Electronics,366.2,280.7,45.73,False,376.1
06-05-2022,Electronics,365.0,277.9,46.63,False,346.1
07-05-2022,Electronics,362.2,275.5,47.27,False,368.7
08-05-2022,Electronics,275.2,242.4,47.91,False,267.6
10-05-2022,Electronics,315.0,294.2,45.53,False,324.7
11-05-2022,Electronics,343.3,291.6,46.14,False,310.4
12-05-2022,Electronics,386.6,312.5,48.26,True,380.7
13-05-2022,Electronics,373.4,289.5,47.54,False,364.3
15-05-2022,Electronics,312.1,300.1,47.02,False,298.3
16-05-2022,Electronics,288.0,308.3,47.43,False,275.3
17-05-2022,Electronics,320.4,302.5,47.38,False,300.2
18-05-2022,Electronics,438.9,306.2,46.62,True,403.8
19-05-2022,Electronics,432.6,295.3,46.46,True,416.4
21-05-2022,Electronics,336.3,307.5,46.68,False,341.2
22-05-2022,Electronics,309.2,327.4,46.46,False,309.3
23-05-2022,Electronics,300.7,330.5,45.31,False,306.9
24-05-2022,Electronics,303.0,329.3,44.8,False,290.1
25-05-2022,Electronics,342.4,309.5,46.55,False,351.2
26-05-2022,Electronics,350.5,302.8,46.46,False,320.7
27-05-2022,Electronics,342.5,299.3,47.36,False,353.5
30-05-2022,Electronics,302.6,292.9,47.16,False,272.7
31-05-2022,Electronics,305.0,291.4,47.11,False,292.5
02-06-2022,Electronics,469.7,280.7,47.42,True,475.1
03-06-2022,Electronics,331.7,287.6,47.07,False,319.6
04-06-2022,Electronics,321.6,295.5,46.77,False,322.6
04-06-2022,Electronics,340.0,305.8,45.32,False,320.7
05-06-2022,Electronics,287.6,310.7,47.5,False,288.9
06-06-2022,Electronics,296.2,300.2,45.71,False,290.2
07-06-2022,Electronics,290.9,300.0,46.31,False,267.8
08-06-2022,Electronics,307.1,288.6,45.82,False,288.8
09-06-2022,Electronics,207.2,206.3,45.47,False,199.1
09-06-2022,Electronics,325.4,277.9,46.01,False,339.4
13-06-2022,Electronics,296.9,302.9,47.11,False,294.4
16-06-2022,Electronics,353.5,285.4,45.24,False,324.8
17-06-2022,Electronics,326.0,293.3,44.57,False,315.5
20-06-2022,Electronics,274.5,309.9,46.31,False,272.9
21-06-2022,Electronics,288.2,304.2,48.04,False,301.9
22-06-2022,Electronics,432.2,303.6,47.41,True,425.1
25-06-2022,Electronics,291.1,322.2,47.11,False,301.3
27-06-2022,Electronics,284.2,308.5,45.88,False,261.6
29-06-2022,Electronics,289.3,297.8,46.39,False,266.0
30-06-2022,Electronics,454.6,280.5,48.66,True,451.8
01-07-2022,Electronics,310.1,281.0,45.06,False,312.4
03-07-2022,Electronics,262.2,293.4,46.24,False,244.8
05-07-2022,Electronics,265.5,300.4,46.3,False,268.1
07-07-2022,Electronics,310.5,280.1,46.56,False,323.4
11-07-2022,Electronics,244.4,281.5,47.03,False,235.6
12-07-2022,Electronics,249.1,287.8,47.73,False,226.6
13-07-2022,Electronics,264.9,274.8,46.06,False,244.9
14-07-2022,Electronics,294.8,259.5,46.88,False,293.3
16-07-2022,Electronics,285.1,263.4,46.43,False,271.6
17-07-2022,Electronics,261.6,271.7,46.54,False,271.0
18-07-2022,Electronics,246.0,276.7,47.64,False,238.9
19-07-2022,Electronics,246.9,271.7,47.94,False,237.6
20-07-2022,Electronics,259.6,271.5,46.78,False,259.7
21-07-2022,Electronics,305.0,258.7,46.23,False,318.8
22-07-2022,Electronics,301.8,252.2,46.87,False,304.6
23-07-2022,Electronics,265.9,270.7,47.75,False,266.8
26-07-2022,Electronics,241.2,273.3,45.8,False,237.9
27-07-2022,Electronics,273.5,257.4,47.9,False,258.5
28-07-2022,Electronics,290.1,249.3,47.3,False,284.5
30-07-2022,Electronics,342.6,253.6,46.81,True,335.5
31-07-2022,Electronics,357.7,252.3,46.17,True,342.0
02-08-2022,Electronics,238.6,253.1,47.81,False,242.1
03-08-2022,Electronics,251.9,251.5,45.94,False,256.0
03-08-2022,Electronics,328.9,343.3,47.5,False,323.1
04-08-2022,Electronics,254.0,251.7,47.56,False,2543.0
05-08-2022,Electronics,351.4,277.6,46.74,False,317.9
06-08-2022,Electronics,280.7,251.7,47.39,False,272.6
07-08-2022,Electronics,232.4,265.8,45.99,False,213.7
07-08-2022,Electronics,326.1,276.0,45.56,False,306.0
08-08-2022,Electronics,216.6,275.8,47.91,False,211.4
10-08-2022,Electronics,247.6,258.9,46.99,False,241.0
12-08-2022,Electronics,310.3,279.8,46.87,False,312.7
13-08-2022,Electronics,262.1,253.5,46.21,False,266.0
14-08-2022,Electronics,240.2,255.7,47.2,False,222.8
15-08-2022,Electronics,211.3,248.8,47.17,False,200.4
16-08-2022,Electronics,226.8,241.1,47.15,False,236.3
17-08-2022,Electronics,245.0,230.9,46.05,False,220.9
19-08-2022,Electronics,277.0,224.0,46.97,False,267.0
20-08-2022,Electronics,262.0,239.5,48.22,False,258.0
21-08-2022,Electronics,228.6,252.0,46.65,False,220.8
22-08-2022,Electronics,219.4,259.7,47.94,False,221.9
25-08-2022,Electronics,262.9,256.0,47.12,False,243.9
27-08-2022,Electronics,237.2,260.5,46.22,False,244.7
29-08-2022,Electronics,194.8,283.7,46.21,False,190.3
30-08-2022,Electronics,215.7,281.2,45.71,False,211.0
31-08-2022,Electronics,235.0,283.4,47.98,False,216.9
02-09-2022,Electronics,256.7,271.6,47.29,False,267.3
04-09-2022,Electronics,229.9,284.0,47.01,False,224.4
04-09-2022,Electronics,513.1,296.8,47.13,True,534.8
05-09-2022,Electronics,214.9,281.6,46.06,False,201.6
07-09-2022,Electronics,305.0,278.6,46.6,False,307.3
08-09-2022,Electronics,244.4,188.4,46.93,False,18.4
09-09-2022,Electronics,259.5,193.7,45.11,False,245.2
10-09-2022,Electronics,263.8,193.6,46.17,False,256.2
11-09-2022,Electronics,230.9,261.4,45.92,False,233.6
13-09-2022,Electronics,220.7,264.6,45.07,False,200.3
15-09-2022,Electronics,244.3,256.0,46.38,False,240.3
16-09-2022,Electronics,246.6,248.8,47.66,False,229.2
17-09-2022,Electronics,250.2,245.0,48.73,False,254.3
18-09-2022,Electronics,232.2,254.0,47.64,False,224.2
19-09-2022,Electronics,193.0,267.2,46.38,False,174.2
22-09-2022,Electronics,240.2,259.0,46.81,False,239.7
23-09-2022,Electronics,243.6,258.3,45.37,False,225.2
25-09-2022,Electronics,223.0,271.8,47.78,False,217.1
27-09-2022,Electronics,216.6,274.4,46.04,False,224.6
30-09-2022,Electronics,266.8,270.1,46.33,False,266.3
01-10-2022,Electronics,229.3,287.8,47.91,False,226.7
02-10-2022,Electronics,337.8,348.2,47.23,False,321.4
02-10-2022,Electronics,205.4,297.8,45.01,False,188.2
03-10-2022,Electronics,356.9,332.4,45.14,False,363.5
03-10-2022,Electronics,204.7,295.9,48.22,False,208.8
06-10-2022,Electronics,376.0,298.1,46.43,True,353.0
07-10-2022,Electronics,253.2,292.1,45.87,False,258.4
08-10-2022,Electronics,224.6,290.0,47.9,False,230.0
11-10-2022,Electronics,313.5,290.5,47.56,True,297.6
12-10-2022,Electronics,266.6,294.2,46.93,False,256.7
13-10-2022,Electronics,262.2,153.5,45.7,False,258.6
14-10-2022,Electronics,263.1,156.1,46.38,False,259.6
17-10-2022,Electronics,208.8,168.2,46.76,False,202.6
18-10-2022,Electronics,205.5,309.9,47.16,False,188.0
19-10-2022,Electronics,232.1,297.7,45.2,False,211.5
20-10-2022,Electronics,260.6,296.5,46.46,False,243.8
21-10-2022,Electronics,253.1,292.7,44.93,False,239.0
22-10-2022,Electronics,245.2,294.9,47.93,False,243.8
23-10-2022,Electronics,226.6,301.8,46.31,False,230.9
24-10-2022,Electronics,217.5,294.1,48.4,False,222.1
26-10-2022,Electronics,364.6,285.9,46.71,True,329.8
27-10-2022,Electronics,258.2,285.6,47.76,False,233.0
28-10-2022,Electronics,258.8,283.9,48.17,False,243.7
29-10-2022,Electronics,273.0,272.2,46.81,False,270.1
30-10-2022,Electronics,232.9,285.4,44.8,False,214.5
31-10-2022,Electronics,217.3,290.8,46.55,False,201.5
02-11-2022,Electronics,247.8,289.4,46.57,False,244.7
03-11-2022,Electronics,351.4,332.6,46.11,False,328.1
03-11-2022,Electronics,252.5,279.8,46.2,False,238.3
04-11-2022,Electronics,322.7,303.5,47.17,False,321.1
05-11-2022,Electronics,239.2,293.7,46.72,False,242.0
06-11-2022,Electronics,320.8,278.9,47.91,False,295.5
06-11-2022,Electronics,226.1,301.7,46.35,False,230.6
07-11-2022,Electronics,219.1,306.5,46.23,False,209.3
08-11-2022,Electronics,208.5,306.3,46.56,False,208.5
09-11-2022,Electronics,236.0,300.9,45.7,False,231.3
10-11-2022,Electronics,265.9,290.4,46.33,False,268.1
11-11-2022,Electronics,259.3,307.0,47.47,False,255.7
13-11-2022,Electronics,229.2,309.7,46.96,False,210.5
14-11-2022,Electronics,210.0,314.0,46.8,False,199.0
15-11-2022,Electronics,237.4,313.2,47.52,False,245.1
17-11-2022,Electronics,281.6,285.3,45.96,False,273.8
19-11-2022,Electronics,253.9,303.0,45.99,False,253.9
20-11-2022,Electronics,245.5,303.2,46.62,False,248.8
21-11-2022,Electronics,227.1,312.6,47.72,False,238.1
22-11-2022,Electronics,226.2,308.4,46.15,False,214.8
23-11-2022,Electronics,256.1,293.8,47.91,False,261.2
24-11-2022,Electronics,278.5,292.1,48.34,False,262.0
26-11-2022,Electronics,285.1,290.6,46.54,False,277.2
27-11-2022,Electronics,315.0,304.0,47.32,True,284.4
28-11-2022,Electronics,235.8,310.1,48.34,False,236.9
30-11-2022,Electronics,280.2,287.5,47.75,False,266.8
01-12-2022,Electronics,257.1,353.5,46.73,False,266.4
02-12-2022,Electronics,309.0,280.3,46.96,False,304.0
03-12-2022,Electronics,280.9,293.4,48.33,False,285.2
04-12-2022,Electronics,277.6,295.1,46.48,False,281.1
06-12-2022,Electronics,246.0,310.6,46.58,False,251.5
07-12-2022,Electronics,276.9,291.2,48.18,False,266.0
09-12-2022,Electronics,218.4,266.8,45.51,False,198.7
10-12-2022,Electronics,206.9,295.1,47.33,False,210.8
11-12-2022,Electronics,277.5,288.8,45.65,False,289.6
12-12-2022,Electronics,240.5,307.5,47.51,False,227.2
13-12-2022,Electronics,253.5,303.0,48.08,False,234.7
15-12-2022,Electronics,287.7,299.2,46.83,False,273.9
17-12-2022,Electronics,353.9,286.9,45.16,True,343.1
18-12-2022,Electronics,273.1,290.7,47.28,False,265.8
19-12-2022,Electronics,266.3,294.5,47.83,False,267.3
21-12-2022,Electronics,279.2,279.9,46.68,False,289.8
22-12-2022,Electronics,314.7,264.4,46.73,False,295.8
23-12-2022,Electronics,333.3,256.4,46.97,False,316.9
26-12-2022,Electronics,283.0,274.0,45.82,False,260.7
27-12-2022,Electronics,292.3,272.9,44.82,False,293.6
28-12-2022,Electronics,319.0,261.0,47.37,False,290.2
29-12-2022,Electronics,344.2,253.5,46.32,False,326.4
31-12-2022,Electronics,317.1,273.2,46.67,False,321.6
01-01-2023,Electronics,314.4,273.7,46.77,False,324.7
03-01-2023,Electronics,308.9,260.4,47.58,False,312.5
04-01-2023,Electronics,452.3,264.8,46.22,True,468.7
01-01-2020,Furniture,261.3,780.4,73.82,False,243.5
02-01-2020,Furniture,281.1,773.8,76.01,False,268.5
03-01-2020,Furniture,292.9,760.3,73.95,False,279.5
04-01-2020,Furniture,260.1,769.7,74.99,False,248.6
05-01-2020,Furniture,265.4,761.5,73.87,False,262.6
05-01-2020,Furniture,211.4,777.2,73.86,False,211.2
06-01-2020,Furniture,363.1,764.0,73.76,True,333.7
07-01-2020,Furniture,282.8,760.3,77.74,False,290.2
07-01-2020,Furniture,238.7,810.7,75.36,False,231.4
08-01-2020,Furniture,267.3,770.1,75.07,False,262.5
11-01-2020,Furniture,271.8,767.7,76.18,False,263.4
11-01-2020,Furniture,336.3,788.5,76.98,False,305.4
12-01-2020,Furniture,392.8,820.9,76.05,True,376.7
13-01-2020,Furniture,245.2,781.2,75.97,False,246.8
14-01-2020,Furniture,251.9,778.6,73.85,False,248.7
15-01-2020,Furniture,251.5,776.7,74.69,False,239.5
16-01-2020,Furniture,256.9,773.0,73.7,False,242.4
17-01-2020,Furniture,266.7,769.1,74.43,False,264.6
18-01-2020,Furniture,248.3,778.2,74.76,False,225.8
19-01-2020,Furniture,241.4,770.2,72.3,False,233.8
20-01-2020,Furniture,238.9,774.1,74.03,False,225.0
21-01-2020,Furniture,240.9,773.8,76.16,False,225.7
23-01-2020,Furniture,253.6,764.5,77.2,False,255.8
26-01-2020,Furniture,236.7,769.9,73.24,False,2345.0
28-01-2020,Furniture,218.5,774.4,73.18,False,204.4
29-01-2020,Furniture,253.3,757.2,72.96,False,244.7
31-01-2020,Furniture,239.2,767.5,75.07,False,249.2
02-02-2020,Furniture,223.2,789.2,74.94,False,218.2
04-02-2020,Furniture,195.6,799.2,75.09,False,179.6
05-02-2020,Furniture,214.2,797.4,76.32,False,194.5
06-02-2020,Furniture,244.1,784.6,73.4,False,227.2
06-02-2020,Furniture,341.8,771.2,74.55,True,345.6
08-02-2020,Furniture,198.9,793.3,74.04,False,180.5
09-02-2020,Furniture,211.6,792.6,73.59,False,198.9
11-02-2020,Furniture,342.2,781.4,76.62,False,320.2
13-02-2020,Furniture,206.1,777.8,74.96,False,202.5
14-02-2020,Furniture,209.9,776.1,75.05,False,192.8
15-02-2020,Furniture,239.8,764.4,73.5,False,221.5
17-02-2020,Furniture,208.5,777.0,76.65,False,192.8
21-02-2020,Furniture,225.3,749.7,73.42,False,235.2
22-02-2020,Furniture,197.6,759.5,74.62,False,207.4
27-02-2020,Furniture,224.2,741.4,73.17,False,232.7
28-02-2020,Furniture,211.3,743.4,74.14,False,192.4
01-03-2020,Furniture,206.6,739.8,75.49,False,206.2
02-03-2020,Furniture,159.7,757.1,71.93,False,150.9
03-03-2020,Furniture,181.0,754.5,76.1,False,183.4
05-03-2020,Furniture,269.3,781.7,75.82,True,263.2
07-03-2020,Furniture,207.2,746.0,75.3,False,198.5
07-03-2020,Furniture,292.0,551.3,74.64,False,274.2
10-03-2020,Furniture,185.1,745.2,75.14,False,194.2
11-03-2020,Furniture,192.3,743.6,74.24,False,174.5
12-03-2020,Furniture,446.4,806.7,74.19,True,464.9
12-03-2020,Furniture,236.1,738.5,73.69,False,239.1
13-03-2020,Furniture,189.0,751.5,74.07,False,195.1
14-03-2020,Furniture,247.9,735.5,73.86,False,228.9
15-03-2020,Furniture,165.8,763.6,72.84,False,158.5
16-03-2020,Furniture,191.2,748.9,74.31,False,175.6
17-03-2020,Furniture,163.7,761.6,72.0,False,1654.0
23-03-2020,Furniture,163.4,774.2,74.67,False,163.9
24-03-2020,Furniture,160.1,772.0,75.89,False,146.0
25-03-2020,Furniture,154.7,785.4,73.23,False,140.2
29-03-2020,Furniture,154.4,799.1,74.92,False,150.2
30-03-2020,Furniture,181.9,793.0,71.43,False,181.0
31-03-2020,Furniture,181.8,790.3,74.98,False,169.1
02-04-2020,Furniture,169.1,786.4,76.2,False,166.7
03-04-2020,Furniture,286.6,748.9,73.42,True,279.1
03-04-2020,Furniture,241.5,761.9,73.57,False,220.1
04-04-2020,Furniture,203.8,769.6,74.77,False,190.2
07-04-2020,Furniture,156.8,790.7,76.51,False,147.9
08-04-2020,Furniture,186.3,780.8,75.07,False,189.6
10-04-2020,Furniture,189.3,783.4,74.03,False,173.6
12-04-2020,Furniture,345.7,807.7,75.48,False,319.2
12-04-2020,Furniture,164.2,791.7,76.86,False,162.4
13-04-2020,Furniture,164.0,786.4,75.76,False,158.4
14-04-2020,Furniture,147.5,784.2,73.26,False,142.3
15-04-2020,Furniture,185.4,770.6,73.82,False,182.5
16-04-2020,Furniture,177.0,774.1,72.89,False,182.9
18-04-2020,Furniture,185.4,780.0,73.12,False,189.2
20-04-2020,Furniture,192.6,767.2,76.11,False,188.8
21-04-2020,Furniture,146.2,781.8,73.84,False,144.5
23-04-2020,Furniture,200.8,759.0,74.83,False,205.2
24-04-2020,Furniture,164.2,767.8,74.46,False,169.5
26-04-2020,Furniture,188.2,777.9,75.64,False,174.8
27-04-2020,Furniture,188.2,783.7,74.28,False,197.2
28-04-2020,Furniture,163.1,789.2,72.65,False,158.6
29-04-2020,Furniture,155.8,795.0,74.3,False,144.2
30-04-2020,Furniture,217.5,773.5,75.52,False,202.9
02-05-2020,Furniture,176.4,783.7,74.4,False,174.6
03-05-2020,Furniture,180.2,758.8,73.14,False,181.9
06-05-2020,Furniture,237.1,773.2,76.49,False,218.4
07-05-2020,Furniture,212.9,789.0,75.99,False,204.2
09-05-2020,Furniture,350.6,811.0,73.44,False,339.4
10-05-2020,Furniture,329.6,781.3,73.51,False,313.9
11-05-2020,Furniture,174.6,801.1,75.15,False,183.0
12-05-2020,Furniture,182.3,792.3,75.78,False,167.3
13-05-2020,Furniture,198.7,780.8,78.28,False,1791.0
16-05-2020,Furniture,216.1,748.3,73.08,False,219.8
17-05-2020,Furniture,268.7,761.3,73.38,True,264.4
18-05-2020,Furniture,185.5,758.9,75.45,False,175.4
21-05-2020,Furniture,195.3,463.0,71.05,False,45.7
22-05-2020,Furniture,256.0,454.9,72.75,False,263.1
24-05-2020,Furniture,224.3,773.3,74.99,True,203.3
25-05-2020,Furniture,297.1,762.9,74.84,True,280.5
26-05-2020,Furniture,221.6,752.6,74.99,False,212.1
27-05-2020,Furniture,209.5,755.9,74.27,False,190.3
28-05-2020,Furniture,232.2,756.4,77.49,False,219.5
29-05-2020,Furniture,215.6,766.4,74.17,False,224.9
30-05-2020,Furniture,206.2,769.2,72.43,False,210.1
31-05-2020,Furniture,192.0,770.6,74.12,False,174.6
01-06-2020,Furniture,202.6,767.0,77.14,False,205.1
03-06-2020,Furniture,237.9,764.6,73.62,False,233.4
03-06-2020,Furniture,179.6,756.2,76.6,False,174.5
04-06-2020,Furniture,224.5,776.7,74.04,False,222.8
05-06-2020,Furniture,198.8,792.1,74.66,False,205.2
06-06-2020,Furniture,227.5,780.6,73.6,False,210.4
09-06-2020,Furniture,191.4,790.4,73.86,False,192.1
10-06-2020,Furniture,219.5,780.2,74.26,False,208.2
11-06-2020,Furniture,234.8,779.5,73.54,False,229.0
13-06-2020,Furniture,289.9,779.8,77.71,True,281.6
15-06-2020,Furniture,216.4,788.9,77.03,False,211.7
16-06-2020,Furniture,282.9,791.6,73.57,True,289.4
18-06-2020,Furniture,297.1,790.6,74.88,True,289.0
19-06-2020,Furniture,258.8,783.6,74.03,False,257.8
20-06-2020,Furniture,266.7,783.1,74.27,False,250.7
21-06-2020,Furniture,221.1,793.7,76.58,False,228.9
22-06-2020,Furniture,213.7,798.1,75.35,False,211.7
23-06-2020,Furniture,201.3,803.6,76.42,False,201.0
25-06-2020,Furniture,283.6,781.4,75.17,False,268.0
27-06-2020,Furniture,240.6,801.1,73.32,False,223.4
29-06-2020,Furniture,229.3,806.6,75.03,False,237.3
30-06-2020,Furniture,249.8,808.9,75.61,False,228.5
02-07-2020,Furniture,275.8,556.9,74.46,False,264.1
04-07-2020,Furniture,284.6,551.2,74.51,False,17.6
06-07-2020,Furniture,241.5,776.5,75.48,False,235.5
06-07-2020,Furniture,274.6,552.6,73.71,False,254.8
08-07-2020,Furniture,336.0,824.5,73.35,False,328.8
08-07-2020,Furniture,686.0,813.3,73.81,False,241.1
10-07-2020,Furniture,355.7,759.3,74.66,False,328.5
12-07-2020,Furniture,267.7,817.0,72.54,False,273.9
14-07-2020,Furniture,272.1,819.6,74.63,False,283.1
16-07-2020,Furniture,303.2,803.8,74.13,False,298.4
17-07-2020,Furniture,288.2,819.2,73.65,False,260.0
19-07-2020,Furniture,292.3,819.3,75.21,False,272.8
20-07-2020,Furniture,267.0,831.3,73.09,False,276.5
21-07-2020,Furniture,256.3,845.9,73.94,False,248.0
24-07-2020,Furniture,312.2,839.9,76.68,False,286.2
25-07-2020,Furniture,287.3,844.9,74.61,False,275.8
28-07-2020,Furniture,313.4,825.4,72.95,False,301.7
29-07-2020,Furniture,356.1,805.6,74.07,False,328.3
30-07-2020,Furniture,319.0,820.6,75.78,False,333.0
31-07-2020,Furniture,334.5,821.8,73.73,False,314.6
02-08-2020,Furniture,285.3,832.2,73.92,False,297.5
03-08-2020,Furniture,296.6,823.8,75.13,False,3100.0
03-08-2020,Furniture,153.8,761.6,72.11,False,155.9
04-08-2020,Furniture,299.8,820.1,75.2,False,282.1
06-08-2020,Furniture,196.9,787.7,76.54,False,205.9
06-08-2020,Furniture,331.8,813.3,72.28,False,305.8
08-08-2020,Furniture,315.7,834.5,75.75,False,286.3
10-08-2020,Furniture,325.5,828.3,73.8,False,299.0
12-08-2020,Furniture,313.9,834.0,72.01,False,327.1
16-08-2020,Furniture,306.1,841.1,75.29,False,317.8
18-08-2020,Furniture,310.0,849.1,77.77,False,295.9
19-08-2020,Furniture,341.2,838.3,77.08,False,342.4
20-08-2020,Furniture,369.6,822.4,71.76,False,360.1
21-08-2020,Furniture,346.1,824.1,75.28,False,329.0
22-08-2020,Furniture,353.1,817.6,73.61,False,342.6
23-08-2020,Furniture,327.1,819.4,71.71,False,336.5
24-08-2020,Furniture,321.2,818.0,73.86,False,328.6
25-08-2020,Furniture,322.7,815.0,71.49,False,306.3
26-08-2020,Furniture,317.5,817.1,72.44,False,290.4
27-08-2020,Furniture,326.1,819.7,74.85,False,306.9
29-08-2020,Furniture,341.0,824.7,72.93,False,340.1
30-08-2020,Furniture,320.5,828.8,72.39,False,327.0
31-08-2020,Furniture,336.7,824.0,74.01,False,306.0
01-09-2020,Furniture,344.2,821.4,72.43,False,343.1
03-09-2020,Furniture,328.1,814.6,74.17,False,340.7
04-09-2020,Furniture,344.4,809.4,75.9,False,331.2
06-09-2020,Furniture,351.7,816.1,74.91,False,364.4
07-09-2020,Furniture,257.4,817.9,74.77,False,265.0
08-09-2020,Furniture,334.1,809.4,75.42,False,342.0
10-09-2020,Furniture,357.7,805.2,74.42,False,325.5
13-09-2020,Furniture,518.7,814.3,73.83,True,486.9
15-09-2020,Furniture,339.5,817.4,74.55,False,331.2
16-09-2020,Furniture,358.6,813.1,75.52,False,372.3
17-09-2020,Furniture,374.3,805.2,75.96,False,344.4
19-09-2020,Furniture,356.7,807.1,73.0,False,361.4
20-09-2020,Furniture,363.8,806.4,75.62,False,369.4
21-09-2020,Furniture,342.1,821.4,75.01,False,314.0
22-09-2020,Furniture,344.4,815.1,75.83,False,324.2
23-09-2020,Furniture,365.2,807.4,73.46,False,356.0
24-09-2020,Furniture,388.5,790.6,73.27,False,372.3
27-09-2020,Furniture,443.0,799.4,72.25,True,423.2
28-09-2020,Furniture,342.8,797.4,73.88,False,325.5
30-09-2020,Furniture,368.6,781.4,75.25,False,355.7
01-10-2020,Furniture,246.0,771.0,75.23,False,233.1
01-10-2020,Furniture,359.1,784.3,74.76,False,363.0
06-10-2020,Furniture,328.3,769.9,74.35,False,324.9
08-10-2020,Furniture,398.2,757.8,74.11,False,401.7
09-10-2020,Furniture,402.0,758.7,73.21,False,380.1
10-10-2020,Furniture,378.6,776.6,73.82,False,361.0
11-10-2020,Furniture,483.8,782.5,75.45,True,491.2
12-10-2020,Furniture,348.1,796.1,72.74,False,354.0
13-10-2020,Furniture,345.2,793.7,74.13,False,332.1
14-10-2020,Furniture,360.3,790.9,74.45,False,326.9
15-10-2020,Furniture,389.8,777.5,78.02,False,378.8
18-10-2020,Furniture,349.1,780.1,72.58,False,364.8
19-10-2020,Furniture,353.7,785.5,76.25,False,357.5
20-10-2020,Furniture,349.5,780.5,73.91,False,345.7
21-10-2020,Furniture,381.8,767.5,73.97,False,363.5
22-10-2020,Furniture,390.9,765.5,74.6,False,410.0
23-10-2020,Furniture,383.1,778.5,77.28,False,396.4
24-10-2020,Furniture,345.6,782.8,72.78,False,356.4
25-10-2020,Furniture,356.4,778.5,75.44,False,321.5
26-10-2020,Furniture,361.4,776.5,74.39,False,368.5
28-10-2020,Furniture,588.8,773.1,75.35,True,605.5
29-10-2020,Furniture,351.4,775.2,72.63,False,363.5
30-10-2020,Furniture,373.3,769.3,71.37,False,339.6
31-10-2020,Furniture,341.4,778.2,73.82,False,340.9
04-11-2020,Furniture,365.1,782.9,73.92,False,334.4
06-11-2020,Furniture,369.0,774.5,76.13,False,348.4
07-11-2020,Furniture,366.9,783.3,74.03,False,331.2
08-11-2020,Furniture,336.7,795.1,75.64,False,333.3
09-11-2020,Furniture,319.6,800.8,74.15,False,304.6
09-11-2020,Furniture,349.0,801.3,72.32,False,360.1
12-11-2020,Furniture,319.3,823.8,73.92,False,295.6
12-11-2020,Furniture,346.7,813.4,73.25,False,357.2
13-11-2020,Furniture,387.7,805.1,74.78,False,390.6
14-11-2020,Furniture,385.6,805.1,72.65,False,389.4
18-11-2020,Furniture,319.6,823.1,76.24,False,314.4
20-11-2020,Furniture,365.2,820.7,73.53,False,341.9
21-11-2020,Furniture,493.8,830.2,73.05,True,449.2
22-11-2020,Furniture,333.1,828.9,75.45,False,340.8
23-11-2020,Furniture,316.4,832.5,73.77,False,305.0
24-11-2020,Furniture,318.6,826.3,73.03,False,327.3
27-11-2020,Furniture,380.1,805.7,76.97,False,356.3
28-11-2020,Furniture,332.4,820.5,73.03,False,347.0
29-11-2020,Furniture,318.7,815.9,74.12,False,3197.0
30-11-2020,Furniture,445.7,815.0,74.15,True,409.7
02-12-2020,Furniture,351.3,808.0,72.85,False,320.3
05-12-2020,Furniture,330.6,810.7,74.27,False,298.7
07-12-2020,Furniture,319.1,812.9,72.37,False,290.5
08-12-2020,Furniture,290.1,820.7,74.42,False,267.2
09-12-2020,Furniture,355.4,807.9,72.1,False,331.7
10-12-2020,Furniture,322.4,814.1,76.27,False,314.1
12-12-2020,Furniture,296.4,833.2,73.5,False,279.1
13-12-2020,Furniture,304.6,839.0,72.32,False,309.0
14-12-2020,Furniture,288.2,838.8,74.3,False,298.1
16-12-2020,Furniture,1006.6,842.6,74.5,False,283.4
18-12-2020,Furniture,328.6,831.8,75.29,False,302.7
19-12-2020,Furniture,296.3,845.4,75.74,False,271.4
20-12-2020,Furniture,295.1,849.7,72.94,False,303.3
21-12-2020,Furniture,323.8,855.3,72.56,False,328.8
23-12-2020,Furniture,492.8,864.0,73.46,True,504.0
24-12-2020,Furniture,311.0,866.5,73.07,False,305.3
25-12-2020,Furniture,299.2,867.5,73.42,False,281.9
26-12-2020,Furniture,286.7,865.9,74.58,False,266.9
28-12-2020,Furniture,269.9,870.9,74.95,False,249.4
01-01-2021,Furniture,288.0,855.9,73.63,False,264.1
04-01-2021,Furniture,212.9,961.3,74.69,False,213.8
04-01-2021,Furniture,295.5,855.0,73.89,False,293.1
05-01-2021,Furniture,257.2,864.0,76.77,False,233.5
06-01-2021,Furniture,252.7,860.9,70.48,False,236.8
09-01-2021,Furniture,301.1,858.9,76.1,False,287.3
11-01-2021,Furniture,365.0,1016.9,75.49,False,3744.0
11-01-2021,Furniture,235.0,877.2,75.44,False,213.7
12-01-2021,Furniture,349.9,613.8,74.42,False,352.3
13-01-2021,Furniture,275.2,860.6,73.48,False,270.0
18-01-2021,Furniture,243.8,883.0,73.69,False,221.9
19-01-2021,Furniture,239.6,884.3,74.61,False,226.8
20-01-2021,Furniture,292.7,874.6,77.98,False,299.9
22-01-2021,Furniture,293.0,578.7,77.08,False,271.9
23-01-2021,Furniture,295.1,577.8,73.91,False,43.8
25-01-2021,Furniture,270.1,581.0,72.34,False,251.6
26-01-2021,Furniture,243.3,881.4,73.85,False,248.0
27-01-2021,Furniture,225.7,890.0,75.61,False,220.6
28-01-2021,Furniture,262.5,881.8,75.3,False,243.0
29-01-2021,Furniture,249.1,893.2,74.99,False,230.6
30-01-2021,Furniture,244.6,890.9,74.64,False,226.8
31-01-2021,Furniture,270.1,887.1,75.5,False,255.0
01-02-2021,Furniture,254.0,892.7,78.75,False,265.5
01-02-2021,Furniture,452.5,858.0,74.68,True,413.9
04-02-2021,Furniture,268.4,890.9,74.04,False,246.5
05-02-2021,Furniture,281.5,889.5,74.74,False,284.0
06-02-2021,Furniture,245.8,904.0,73.6,False,249.9
07-02-2021,Furniture,355.3,901.2,74.82,True,339.3
08-02-2021,Furniture,330.0,989.5,74.78,False,304.5
08-02-2021,Furniture,214.2,904.0,74.65,False,209.5
09-02-2021,Furniture,256.0,891.3,77.19,False,233.5
10-02-2021,Furniture,287.1,899.0,74.93,True,285.5
11-02-2021,Furniture,268.5,885.0,73.9,False,268.2
13-02-2021,Furniture,249.3,891.5,73.43,False,237.8
14-02-2021,Furniture,219.0,899.3,73.0,False,226.5
17-02-2021,Furniture,263.0,896.3,73.65,False,264.5
18-02-2021,Furniture,232.5,905.8,74.1,False,225.5
19-02-2021,Furniture,254.1,910.3,74.81,False,250.7
20-02-2021,Furniture,225.0,921.9,75.77,False,232.0
22-02-2021,Furniture,206.1,937.2,72.59,False,210.6
23-02-2021,Furniture,201.3,946.4,74.14,False,190.1
24-02-2021,Furniture,191.7,943.6,72.59,False,185.7
25-02-2021,Furniture,217.6,940.2,74.73,False,205.7
26-02-2021,Furniture,230.9,934.3,76.63,False,216.2
27-02-2021,Furniture,246.6,922.2,72.41,False,244.9
28-02-2021,Furniture,195.3,943.1,72.02,False,202.4
01-03-2021,Furniture,295.6,853.1,75.67,False,271.2
01-03-2021,Furniture,223.7,936.3,75.17,False,212.8
02-03-2021,Furniture,255.4,887.7,78.15,False,261.7
03-03-2021,Furniture,192.0,941.0,76.11,False,192.6
04-03-2021,Furniture,246.3,912.3,72.6,False,229.3
05-03-2021,Furniture,263.7,910.7,73.77,False,258.4
06-03-2021,Furniture,202.5,923.1,74.14,False,196.0
09-03-2021,Furniture,183.0,939.9,76.21,False,176.8
10-03-2021,Furniture,187.0,940.5,75.03,False,192.3
12-03-2021,Furniture,216.9,930.8,74.58,False,218.0
13-03-2021,Furniture,193.6,937.5,76.24,False,182.5
14-03-2021,Furniture,217.1,944.4,73.93,False,200.5
15-03-2021,Furniture,190.1,958.7,73.75,False,182.1
16-03-2021,Furniture,196.0,956.9,73.91,False,199.9
17-03-2021,Furniture,206.2,948.3,74.63,False,194.7
18-03-2021,Furniture,218.7,946.3,75.76,False,219.3
19-03-2021,Furniture,245.1,940.4,74.79,False,224.1
20-03-2021,Furniture,201.0,956.0,74.96,False,192.1
21-03-2021,Furniture,197.9,954.5,74.4,False,1991.0
22-03-2021,Furniture,143.4,980.0,73.24,False,129.2
23-03-2021,Furniture,213.7,951.5,73.78,False,223.9
24-03-2021,Furniture,204.6,954.1,73.11,False,191.6
25-03-2021,Furniture,239.8,948.8,76.84,False,244.1
26-03-2021,Furniture,235.7,957.3,75.52,False,223.1
27-03-2021,Furniture,187.4,969.5,74.51,False,185.0
29-03-2021,Furniture,211.2,969.1,73.36,False,214.0
30-03-2021,Furniture,255.0,974.6,76.72,True,260.6
31-03-2021,Furniture,214.2,961.4,75.27,False,207.3
02-04-2021,Furniture,225.8,962.9,75.33,False,230.0
03-04-2021,Furniture,198.9,978.5,74.66,False,207.3
10-04-2021,Furniture,217.8,979.1,74.59,False,219.2
11-04-2021,Furniture,386.5,1022.5,75.17,False,358.6
11-04-2021,Furniture,207.7,991.2,71.66,False,202.8
12-04-2021,Furniture,174.8,998.2,73.95,False,172.4
14-04-2021,Furniture,287.3,976.5,75.25,True,270.4
15-04-2021,Furniture,232.8,964.4,72.66,False,241.1
16-04-2021,Furniture,239.5,969.9,75.04,False,218.4
17-04-2021,Furniture,237.0,966.1,76.65,False,246.6
18-04-2021,Furniture,219.5,976.2,75.72,False,229.5
20-04-2021,Furniture,197.5,993.0,71.82,False,190.3
21-04-2021,Furniture,214.7,992.4,77.28,False,213.8
25-04-2021,Furniture,189.8,1021.6,76.76,False,178.7
26-04-2021,Furniture,185.9,1023.9,76.12,False,175.5
27-04-2021,Furniture,177.6,1024.2,75.08,False,165.0
30-04-2021,Furniture,208.8,1003.1,76.08,False,208.8
02-05-2021,Furniture,183.6,1025.7,75.67,False,190.4
04-05-2021,Furniture,278.1,1012.2,74.02,True,277.6
04-05-2021,Furniture,149.9,997.3,76.26,False,154.6
05-05-2021,Furniture,243.3,1009.7,72.94,False,255.1
06-05-2021,Furniture,223.5,1018.0,74.15,False,220.2
07-05-2021,Furniture,276.6,1010.7,73.5,False,280.2
08-05-2021,Furniture,205.1,1022.5,73.27,False,194.2
11-05-2021,Furniture,196.3,1032.4,74.06,False,178.3
12-05-2021,Furniture,352.7,1018.2,72.3,False,323.6
12-05-2021,Furniture,252.9,1014.3,75.36,False,232.1
13-05-2021,Furniture,219.3,1021.7,71.69,False,215.4
14-05-2021,Furniture,352.5,1009.2,76.99,True,341.4
15-05-2021,Furniture,247.2,998.6,75.23,False,226.3
17-05-2021,Furniture,310.2,1009.7,74.94,True,311.8
18-05-2021,Furniture,223.1,999.5,75.35,False,221.6
19-05-2021,Furniture,206.8,997.7,76.22,False,210.3
20-05-2021,Furniture,214.5,996.2,74.45,False,197.6
21-05-2021,Furniture,275.7,974.8,72.63,False,260.8
23-05-2021,Furniture,776.0,1005.9,71.71,False,190.0
24-05-2021,Furniture,220.3,1005.5,75.3,False,227.3
27-05-2021,Furniture,232.8,1006.2,75.64,False,233.2
28-05-2021,Furniture,340.4,991.0,75.94,True,346.2
29-05-2021,Furniture,286.9,978.5,73.37,False,259.3
30-05-2021,Furniture,214.0,1001.2,73.36,False,196.6
31-05-2021,Furniture,210.3,1000.2,74.98,False,196.7
01-06-2021,Furniture,232.0,994.0,74.73,False,224.6
02-06-2021,Furniture,243.8,994.8,75.81,False,221.3
03-06-2021,Furniture,434.8,985.0,72.59,True,415.9
04-06-2021,Furniture,258.5,992.7,75.15,False,246.5
05-06-2021,Furniture,244.8,998.7,75.79,False,237.9
07-06-2021,Furniture,231.7,1001.1,72.78,False,227.7
07-06-2021,Furniture,279.0,1004.9,73.34,False,275.4
08-06-2021,Furniture,309.4,1007.2,77.08,True,307.0
10-06-2021,Furniture,265.2,982.3,76.84,False,242.8
11-06-2021,Furniture,246.2,991.8,72.75,False,237.4
12-06-2021,Furniture,377.5,993.6,71.53,True,351.5
13-06-2021,Furniture,246.5,988.1,73.49,False,251.8
14-06-2021,Furniture,248.6,988.9,74.67,False,227.9
15-06-2021,Furniture,253.9,983.2,76.47,False,234.5
16-06-2021,Furniture,257.4,987.8,76.1,False,237.2
18-06-2021,Furniture,248.0,571.8,73.19,False,236.3
19-06-2021,Furniture,867.9,569.5,75.3,False,238.0
21-06-2021,Furniture,263.1,572.7,74.6,False,269.2
22-06-2021,Furniture,222.3,578.7,72.46,False,212.9
23-06-2021,Furniture,258.9,1009.0,74.18,False,240.6
25-06-2021,Furniture,300.3,1001.7,73.95,False,277.0
26-06-2021,Furniture,239.8,1018.0,75.28,False,238.5
27-06-2021,Furniture,267.4,1011.6,74.02,False,251.7
29-06-2021,Furniture,318.3,1018.0,73.57,True,290.7
30-06-2021,Furniture,284.5,1011.2,74.64,False,262.8
02-07-2021,Furniture,308.3,1014.1,74.42,False,282.6
03-07-2021,Furniture,300.6,1016.5,75.92,False,294.8
03-07-2021,Furniture,214.2,927.1,75.14,False,224.0
04-07-2021,Furniture,187.8,984.2,72.35,False,1967.0
04-07-2021,Furniture,275.8,1012.6,73.24,False,281.4
07-07-2021,Furniture,294.0,990.2,75.38,False,287.8
08-07-2021,Furniture,382.2,998.4,72.92,True,358.9
13-07-2021,Furniture,304.9,993.4,74.48,False,318.4
14-07-2021,Furniture,297.0,998.9,76.08,False,274.9
15-07-2021,Furniture,298.4,997.2,73.6,False,275.7
16-07-2021,Furniture,322.2,988.5,75.25,False,314.5
17-07-2021,Furniture,304.8,994.3,75.25,False,281.3
18-07-2021,Furniture,285.0,1001.3,73.95,False,258.5
19-07-2021,Furniture,300.3,1001.6,73.83,False,315.2
20-07-2021,Furniture,308.9,997.0,72.97,False,287.7
22-07-2021,Furniture,312.8,1003.8,74.37,False,285.9
23-07-2021,Furniture,340.5,1000.3,75.14,False,350.6
24-07-2021,Furniture,353.4,996.8,71.73,False,343.7
28-07-2021,Furniture,443.8,999.2,75.21,True,462.1
30-07-2021,Furniture,330.7,996.9,74.38,False,316.1
31-07-2021,Furniture,323.6,997.4,73.76,False,319.8
01-08-2021,Furniture,343.1,987.3,74.97,False,325.5
01-08-2021,Furniture,326.2,845.7,76.37,False,317.4
04-08-2021,Furniture,333.2,982.8,74.9,False,346.7
04-08-2021,Furniture,288.5,978.9,74.3,True,301.5
06-08-2021,Furniture,346.1,969.3,72.01,False,354.6
09-08-2021,Furniture,439.0,976.7,76.18,True,443.5
10-08-2021,Furniture,310.0,992.2,75.37,False,300.5
11-08-2021,Furniture,352.8,977.9,74.73,False,340.1
12-08-2021,Furniture,334.4,986.7,74.11,False,321.4
13-08-2021,Furniture,345.1,990.4,75.89,False,347.9
15-08-2021,Furniture,526.6,976.7,75.99,True,552.1
16-08-2021,Furniture,340.1,980.1,75.33,False,355.9
17-08-2021,Furniture,336.3,981.5,73.25,False,338.9
19-08-2021,Furniture,365.4,967.1,76.05,False,352.4
20-08-2021,Furniture,373.3,969.5,73.58,False,379.4
21-08-2021,Furniture,378.9,961.5,74.49,False,386.3
22-08-2021,Furniture,333.3,969.0,74.43,False,344.5
25-08-2021,Furniture,354.6,963.0,74.65,False,326.2
26-08-2021,Furniture,391.5,952.6,74.29,False,359.8
27-08-2021,Furniture,408.1,956.6,70.96,False,422.0
28-08-2021,Furniture,360.6,978.4,73.38,False,358.6
29-08-2021,Furniture,346.6,977.4,76.67,False,315.6
30-08-2021,Furniture,1127.2,980.0,76.68,False,326.4
31-08-2021,Furniture,350.3,982.7,74.51,False,332.3
02-09-2021,Furniture,370.2,960.2,76.03,False,347.1
03-09-2021,Furniture,441.1,962.0,75.8,True,447.0
05-09-2021,Furniture,348.4,963.3,70.73,False,314.6
06-09-2021,Furniture,222.8,1000.8,73.88,False,232.8
06-09-2021,Furniture,384.7,948.5,75.04,False,381.0
07-09-2021,Furniture,364.1,965.4,73.87,False,352.7
07-09-2021,Furniture,330.6,997.0,74.64,False,302.3
09-09-2021,Furniture,380.9,961.0,73.88,False,375.4
10-09-2021,Furniture,355.3,969.5,72.41,False,372.5
11-09-2021,Furniture,588.7,968.6,75.0,True,618.1
12-09-2021,Furniture,360.7,1034.5,78.18,False,361.9
12-09-2021,Furniture,557.9,967.9,76.17,True,515.2
14-09-2021,Furniture,364.8,966.0,75.55,False,342.3
16-09-2021,Furniture,369.0,960.0,73.72,False,382.9
18-09-2021,Furniture,404.8,944.4,74.24,False,416.9
19-09-2021,Furniture,373.6,949.5,75.3,False,343.8
21-09-2021,Furniture,343.4,961.1,74.22,False,314.7
22-09-2021,Furniture,368.0,951.7,74.08,False,380.5
23-09-2021,Furniture,384.2,945.8,72.77,False,389.8
25-09-2021,Furniture,385.1,960.5,75.2,False,361.6
26-09-2021,Furniture,379.5,973.5,77.25,False,342.7
27-09-2021,Furniture,367.3,976.2,73.61,False,364.2
28-09-2021,Furniture,474.6,982.7,72.13,True,482.9
30-09-2021,Furniture,380.5,974.1,75.11,False,392.4
01-10-2021,Furniture,401.7,964.1,74.31,False,392.1
01-10-2021,Furniture,241.4,875.3,75.49,False,221.3
02-10-2021,Furniture,404.8,963.7,71.35,False,371.9
04-10-2021,Furniture,355.7,983.5,70.59,False,342.9
05-10-2021,Furniture,385.1,978.9,74.33,False,370.9
07-10-2021,Furniture,391.6,969.5,75.96,False,401.6
08-10-2021,Furniture,380.3,973.7,74.31,False,380.4
11-10-2021,Furniture,384.5,989.5,74.42,False,377.2
13-10-2021,Furniture,384.8,999.7,72.13,False,380.3
14-10-2021,Furniture,589.3,999.3,73.15,True,538.3
17-10-2021,Furniture,372.8,1000.2,70.64,False,374.5
18-10-2021,Furniture,355.9,1013.7,75.3,False,336.6
19-10-2021,Furniture,378.6,1010.9,75.12,False,353.0
20-10-2021,Furniture,410.3,1008.7,73.72,False,383.5
22-10-2021,Furniture,414.7,1008.1,73.26,False,416.8
23-10-2021,Furniture,379.1,1022.5,74.55,False,386.8
24-10-2021,Furniture,365.8,1027.3,72.83,False,345.5
26-10-2021,Furniture,359.0,1022.0,75.51,False,356.4
27-10-2021,Furniture,588.4,1025.4,75.51,True,545.4
28-10-2021,Furniture,384.0,1019.2,72.13,False,384.4
29-10-2021,Furniture,424.6,1008.1,75.11,False,394.3
30-10-2021,Furniture,368.1,1019.4,74.82,False,368.9
31-10-2021,Furniture,380.2,1019.0,72.21,False,359.4
02-11-2021,Furniture,350.7,1023.7,76.02,False,363.6
03-11-2021,Furniture,375.7,1019.3,77.03,False,347.2
05-11-2021,Furniture,408.1,1011.0,75.51,False,375.2
06-11-2021,Furniture,403.2,1019.8,75.26,False,421.7
07-11-2021,Furniture,394.5,1018.6,73.29,False,387.0
07-11-2021,Furniture,281.1,1013.9,73.75,False,280.6
08-11-2021,Furniture,330.3,1037.7,75.15,False,344.4
09-11-2021,Furniture,322.5,1042.1,72.21,False,304.2
11-11-2021,Furniture,369.6,1021.2,72.65,False,349.2
13-11-2021,Furniture,360.2,1014.3,73.12,False,332.6
17-11-2021,Furniture,381.9,1004.7,75.35,False,391.1
18-11-2021,Furniture,383.7,1005.9,76.92,False,368.6
19-11-2021,Furniture,385.4,1003.6,74.44,False,348.4
20-11-2021,Furniture,376.3,1009.2,74.73,False,342.6
21-11-2021,Furniture,358.7,1020.1,75.24,False,330.4
22-11-2021,Furniture,335.6,1020.3,74.13,False,317.9
23-11-2021,Furniture,309.5,1024.8,73.12,False,322.6
24-11-2021,Furniture,892.6,1018.9,75.74,False,323.7
25-11-2021,Furniture,376.8,1007.0,73.03,False,379.0
26-11-2021,Furniture,360.5,1017.8,75.8,False,363.3
27-11-2021,Furniture,336.4,1036.4,73.93,False,339.5
28-11-2021,Furniture,345.1,1029.9,73.71,False,340.0
29-11-2021,Furniture,457.4,1030.2,72.87,True,467.8
30-11-2021,Furniture,320.9,615.0,75.31,False,311.3
01-12-2021,Furniture,257.8,867.7,75.49,False,250.9
02-12-2021,Furniture,341.7,614.0,76.03,False,46.4
03-12-2021,Furniture,387.7,604.5,76.81,False,364.9
04-12-2021,Furniture,370.5,605.0,73.78,False,350.6
08-12-2021,Furniture,390.0,1041.5,73.59,True,361.5
10-12-2021,Furniture,335.0,1008.6,72.8,False,331.6
12-12-2021,Furniture,357.8,1029.1,72.95,False,335.0
14-12-2021,Furniture,337.3,639.7,73.42,False,315.0
15-12-2021,Furniture,345.8,637.1,75.13,False,61.1
16-12-2021,Furniture,331.3,641.5,72.41,False,336.5
17-12-2021,Furniture,360.2,638.7,73.91,False,370.3
19-12-2021,Furniture,315.6,1047.5,73.19,False,310.0
20-12-2021,Furniture,302.6,1045.6,72.49,False,273.1
21-12-2021,Furniture,398.1,1042.5,74.8,True,368.0
22-12-2021,Furniture,348.5,1027.8,75.56,False,333.9
24-12-2021,Furniture,377.3,1023.9,74.98,False,375.3
25-12-2021,Furniture,311.4,1039.9,73.44,False,289.7
26-12-2021,Furniture,311.3,1038.2,74.24,False,304.1
27-12-2021,Furniture,312.8,653.0,76.92,False,308.7
29-12-2021,Furniture,316.2,651.3,74.71,False,29.4
30-12-2021,Furniture,311.4,653.3,72.67,False,293.4
31-12-2021,Furniture,344.9,655.4,73.79,False,310.4
01-01-2022,Furniture,328.9,1048.3,77.12,False,297.7
02-01-2022,Furniture,293.4,1060.0,77.25,False,297.8
03-01-2022,Furniture,313.2,1053.9,76.44,False,319.9
04-01-2022,Furniture,402.7,1058.0,73.63,True,378.0
05-01-2022,Furniture,193.9,1184.1,75.72,False,201.8
05-01-2022,Furniture,302.5,1064.7,75.4,False,280.5
06-01-2022,Furniture,319.5,1064.2,72.99,False,292.5
07-01-2022,Furniture,334.4,1057.4,72.75,False,313.3
09-01-2022,Furniture,1162.7,1071.0,73.53,False,279.6
10-01-2022,Furniture,386.6,1079.8,74.76,True,389.5
12-01-2022,Furniture,308.8,1074.1,77.3,False,293.8
14-01-2022,Furniture,285.8,1081.2,74.7,False,298.9
17-01-2022,Furniture,266.3,1086.0,76.73,False,255.6
18-01-2022,Furniture,277.7,1091.5,74.56,False,282.5
19-01-2022,Furniture,286.3,1085.6,74.3,False,273.3
20-01-2022,Furniture,322.2,1072.6,71.65,False,310.0
22-01-2022,Furniture,303.9,1074.2,74.56,False,305.5
23-01-2022,Furniture,290.3,1074.2,77.54,False,296.6
24-01-2022,Furniture,261.5,1081.2,74.56,False,269.7
25-01-2022,Furniture,269.5,1076.7,70.47,False,266.3
26-01-2022,Furniture,299.4,1079.4,77.51,False,281.0
27-01-2022,Furniture,325.8,1066.6,74.94,False,307.4
28-01-2022,Furniture,274.6,1089.6,73.68,False,252.7
29-01-2022,Furniture,289.5,1076.3,74.52,False,302.4
30-01-2022,Furniture,264.4,716.6,75.51,False,271.9
02-02-2022,Furniture,272.3,722.7,74.52,False,275.5
03-02-2022,Furniture,269.3,723.4,73.46,False,271.7
04-02-2022,Furniture,242.7,1130.3,73.48,False,230.0
05-02-2022,Furniture,401.5,1087.7,71.6,True,369.9
08-02-2022,Furniture,247.0,1098.7,76.8,False,236.8
08-02-2022,Furniture,308.1,1152.1,70.7,False,315.7
11-02-2022,Furniture,258.9,1099.2,74.2,False,243.0
11-02-2022,Furniture,401.4,1146.6,73.48,False,390.2
12-02-2022,Furniture,285.5,1096.1,77.37,False,258.0
13-02-2022,Furniture,240.3,1102.8,72.5,False,223.9
14-02-2022,Furniture,262.3,1100.1,75.36,False,269.9
15-02-2022,Furniture,247.5,1104.8,76.47,False,253.8
16-02-2022,Furniture,379.5,1106.0,73.48,True,378.7
17-02-2022,Furniture,259.0,1095.4,76.7,False,251.3
18-02-2022,Furniture,288.0,1089.9,74.7,False,283.3
19-02-2022,Furniture,274.9,1102.2,73.6,False,283.2
21-02-2022,Furniture,230.9,1118.4,74.83,False,232.6
23-02-2022,Furniture,246.3,1097.9,77.92,False,232.9
27-02-2022,Furniture,261.2,1107.5,75.6,False,236.9
28-02-2022,Furniture,256.6,1132.0,77.54,True,249.9
01-03-2022,Furniture,200.3,1126.0,75.84,False,191.9
03-03-2022,Furniture,254.8,1103.4,74.73,False,239.1
04-03-2022,Furniture,245.4,1108.3,74.04,False,252.5
05-03-2022,Furniture,260.6,1102.8,75.6,False,234.8
06-03-2022,Furniture,195.2,1122.4,72.55,False,181.6
07-03-2022,Furniture,211.6,1123.5,75.02,False,200.7
14-03-2022,Furniture,214.1,1123.3,75.67,False,203.2
15-03-2022,Furniture,232.6,1115.1,73.06,False,242.5
16-03-2022,Furniture,243.2,1114.7,74.84,False,242.0
17-03-2022,Furniture,239.8,1112.2,74.65,False,251.3
18-03-2022,Furniture,224.5,1106.6,75.69,False,222.2
19-03-2022,Furniture,202.8,1118.5,75.15,False,188.5
20-03-2022,Furniture,1221.1,1113.3,76.92,True,269.4
21-03-2022,Furniture,343.0,1126.8,75.38,True,339.9
22-03-2022,Furniture,215.4,1128.7,72.38,False,214.5
23-03-2022,Furniture,208.1,1130.8,74.37,False,202.6
24-03-2022,Furniture,219.8,1129.5,72.98,False,224.7
25-03-2022,Furniture,222.5,1130.4,75.75,False,231.5
28-03-2022,Furniture,222.9,1135.8,72.77,False,203.5
30-03-2022,Furniture,219.1,1138.1,73.27,False,210.0
31-03-2022,Furniture,231.7,1138.1,75.23,False,217.7
04-04-2022,Furniture,236.2,1130.9,74.43,False,217.8
05-04-2022,Furniture,190.4,1150.4,73.44,False,179.6
06-04-2022,Furniture,214.5,1144.2,73.77,False,193.8
07-04-2022,Furniture,253.4,1137.8,74.02,False,252.6
08-04-2022,Furniture,239.8,1138.8,73.06,False,227.7
10-04-2022,Furniture,226.7,1134.7,73.03,False,212.9
11-04-2022,Furniture,186.5,1145.6,76.95,False,183.8
13-04-2022,Furniture,205.4,1138.5,74.29,False,207.9
14-04-2022,Furniture,250.7,1121.2,72.49,False,241.7
17-04-2022,Furniture,205.0,1149.8,74.27,False,214.3
18-04-2022,Furniture,211.7,1155.3,72.19,False,203.3
19-04-2022,Furniture,210.8,1157.7,77.49,False,208.1
20-04-2022,Furniture,210.4,1172.7,74.68,False,190.9
21-04-2022,Furniture,242.7,1163.6,73.52,False,224.8
22-04-2022,Furniture,250.5,1161.6,75.8,False,244.0
24-04-2022,Furniture,202.2,1194.9,76.3,False,211.7
25-04-2022,Furniture,238.3,1201.5,73.25,True,235.4
26-04-2022,Furniture,233.7,1181.5,74.34,False,227.3
27-04-2022,Furniture,245.1,1172.5,73.33,False,244.3
28-04-2022,Furniture,243.4,1175.2,76.53,False,230.5
29-04-2022,Furniture,251.6,1161.5,74.99,False,248.5
30-04-2022,Furniture,336.4,1164.8,75.09,True,321.5
02-05-2022,Furniture,213.6,1169.9,73.67,False,195.1
04-05-2022,Furniture,229.9,1167.2,74.46,False,227.6
05-05-2022,Furniture,246.5,1160.9,72.96,False,228.6
06-05-2022,Furniture,266.9,1156.0,71.46,False,277.0
07-05-2022,Furniture,256.2,1161.8,76.06,False,234.2
08-05-2022,Furniture,244.2,1160.5,74.27,False,238.6
09-05-2022,Furniture,255.9,1154.8,72.69,False,243.0
12-05-2022,Furniture,236.2,1155.3,71.69,False,243.6
13-05-2022,Furniture,263.5,1146.5,72.6,False,254.0
14-05-2022,Furniture,241.6,1161.7,73.11,False,226.0
16-05-2022,Furniture,206.7,1161.1,72.72,False,213.8
21-05-2022,Furniture,263.7,1151.3,75.21,False,240.2
22-05-2022,Furniture,237.2,1157.6,72.17,False,234.5
23-05-2022,Furniture,213.1,1168.5,75.29,False,216.2
24-05-2022,Furniture,233.9,1168.3,74.55,False,237.4
25-05-2022,Furniture,260.2,1162.0,76.74,False,265.1
26-05-2022,Furniture,258.5,1167.6,76.39,False,265.7
28-05-2022,Furniture,268.9,1160.4,74.51,False,251.0
29-05-2022,Furniture,245.0,1166.2,74.49,False,254.0
31-05-2022,Furniture,237.7,1164.0,73.88,False,221.1
02-06-2022,Furniture,275.8,1150.9,76.41,False,278.5
05-06-2022,Furniture,246.1,1160.0,75.57,False,244.4
06-06-2022,Furniture,266.9,1163.5,75.17,False,268.6
07-06-2022,Furniture,260.5,1162.9,74.41,False,249.7
07-06-2022,Furniture,397.3,1154.0,75.46,True,412.0
08-06-2022,Furniture,274.0,1157.8,75.99,False,280.1
10-06-2022,Furniture,426.3,1108.2,71.93,False,388.3
10-06-2022,Furniture,300.0,1140.2,77.41,False,306.2
14-06-2022,Furniture,262.4,1139.0,72.52,False,265.4
15-06-2022,Furniture,288.8,1135.5,74.72,False,266.7
16-06-2022,Furniture,311.4,1131.5,71.28,False,300.4
17-06-2022,Furniture,284.9,1140.1,77.93,False,296.4
18-06-2022,Furniture,303.7,1136.5,75.25,False,312.4
19-06-2022,Furniture,262.5,1149.9,75.71,False,237.5
20-06-2022,Furniture,283.5,1139.6,70.79,False,279.2
21-06-2022,Furniture,254.0,1159.9,74.96,False,252.4
22-06-2022,Furniture,253.8,1153.0,73.72,False,251.5
23-06-2022,Furniture,309.7,1138.0,73.29,False,298.2
24-06-2022,Furniture,307.8,1137.1,76.52,False,288.3
29-06-2022,Furniture,301.3,1146.3,72.13,False,293.7
01-07-2022,Furniture,303.1,1147.6,74.77,False,273.0
02-07-2022,Furniture,268.6,1097.3,76.36,False,258.7
02-07-2022,Furniture,320.4,1143.7,73.67,False,310.8
03-07-2022,Furniture,307.2,1145.4,75.58,False,281.3
04-07-2022,Furniture,360.5,1161.1,74.47,True,363.9
07-07-2022,Furniture,287.6,1160.7,72.14,False,278.9
10-07-2022,Furniture,326.7,1139.3,73.2,False,307.2
11-07-2022,Furniture,306.5,1148.8,76.3,False,309.1
12-07-2022,Furniture,311.1,1152.4,76.4,False,307.1
13-07-2022,Furniture,867.6,1150.4,75.91,False,298.1
15-07-2022,Furniture,360.2,1141.4,75.71,False,354.4
16-07-2022,Furniture,330.6,1150.1,75.89,False,311.1
17-07-2022,Furniture,325.6,1151.5,74.41,False,295.8
22-07-2022,Furniture,365.3,1139.5,72.92,False,375.4
23-07-2022,Furniture,379.2,1133.5,76.66,False,346.1
24-07-2022,Furniture,330.5,1148.7,73.28,False,299.9
27-07-2022,Furniture,338.5,1138.3,73.41,False,321.9
28-07-2022,Furniture,328.0,1147.7,74.76,False,312.1
01-08-2022,Furniture,319.9,1151.2,72.99,False,308.2
01-08-2022,Furniture,316.1,1067.5,73.11,False,329.1
03-08-2022,Furniture,368.7,1133.9,74.05,False,384.3
04-08-2022,Furniture,367.6,1126.7,75.1,False,382.2
05-08-2022,Furniture,372.9,1124.5,71.18,False,336.7
06-08-2022,Furniture,364.5,1123.9,75.12,False,348.8
08-08-2022,Furniture,341.9,1130.3,73.27,False,330.1
09-08-2022,Furniture,393.6,1166.2,75.5,False,412.5
10-08-2022,Furniture,345.1,1129.6,74.57,False,361.6
11-08-2022,Furniture,382.2,1120.2,75.53,False,389.3
13-08-2022,Furniture,379.6,1123.1,76.21,False,370.7
15-08-2022,Furniture,337.6,1151.8,73.3,False,334.0
16-08-2022,Furniture,354.7,1145.5,73.0,False,355.4
17-08-2022,Furniture,354.5,1149.8,75.47,False,370.9
18-08-2022,Furniture,490.0,1148.0,77.25,True,473.7
20-08-2022,Furniture,345.4,1155.0,75.17,False,3308.0
21-08-2022,Furniture,363.4,649.5,75.68,False,369.5
23-08-2022,Furniture,368.4,652.1,76.78,False,21.7
25-08-2022,Furniture,385.4,650.3,74.88,False,401.0
26-08-2022,Furniture,402.9,1149.6,73.32,False,376.3
27-08-2022,Furniture,387.0,1149.9,73.92,False,403.2
28-08-2022,Furniture,342.9,1163.2,73.34,False,341.9
29-08-2022,Furniture,351.6,1159.1,73.32,False,349.0
30-08-2022,Furniture,401.2,1148.7,73.55,False,391.4
02-09-2022,Furniture,384.7,1166.0,73.66,False,376.8
02-09-2022,Furniture,234.6,1098.7,75.28,False,239.8
03-09-2022,Furniture,229.7,1118.6,72.87,False,220.9
03-09-2022,Furniture,412.2,1151.8,75.05,False,400.2
06-09-2022,Furniture,386.0,1157.1,77.11,False,399.7
06-09-2022,Furniture,276.8,1148.6,72.56,False,288.6
08-09-2022,Furniture,345.3,1132.9,72.99,False,350.0
09-09-2022,Furniture,404.6,1161.1,74.71,False,424.6
10-09-2022,Furniture,390.6,1162.7,72.43,False,407.4
11-09-2022,Furniture,393.6,1156.9,76.14,False,363.5
11-09-2022,Furniture,390.0,1160.1,74.31,False,361.6
14-09-2022,Furniture,523.3,1162.7,75.31,True,525.0
17-09-2022,Furniture,396.1,1149.9,72.85,False,3830.0
19-09-2022,Furniture,402.6,1150.6,74.22,False,374.5
20-09-2022,Furniture,375.5,1158.3,73.29,False,338.2
22-09-2022,Furniture,403.9,1142.0,73.04,False,422.6
25-09-2022,Furniture,391.5,1142.4,72.9,False,388.8
26-09-2022,Furniture,368.7,1148.0,73.24,False,347.5
27-09-2022,Furniture,372.3,1141.5,73.81,False,379.2
28-09-2022,Furniture,517.6,1125.4,70.94,True,486.7
29-09-2022,Furniture,439.0,1110.7,76.13,False,452.7
01-10-2022,Furniture,396.2,1125.9,73.02,False,375.3
02-10-2022,Furniture,504.5,1128.3,72.53,True,492.9
02-10-2022,Furniture,247.3,1099.6,73.27,False,229.2
03-10-2022,Furniture,379.0,1125.4,74.23,False,344.7
03-10-2022,Furniture,252.3,1110.3,74.85,False,231.9
04-10-2022,Furniture,402.7,1119.8,77.35,False,414.5
08-10-2022,Furniture,400.1,1112.7,72.22,False,398.1
09-10-2022,Furniture,391.3,1115.1,74.28,False,385.2
11-10-2022,Furniture,399.1,1112.0,73.63,False,391.4
12-10-2022,Furniture,399.0,1122.1,74.34,False,384.4
14-10-2022,Furniture,424.1,1114.0,75.99,False,413.2
15-10-2022,Furniture,413.3,1114.8,73.07,False,396.9
16-10-2022,Furniture,394.3,1118.3,74.24,False,388.6
17-10-2022,Furniture,380.2,1123.0,74.46,False,368.9
18-10-2022,Furniture,413.8,1112.9,71.07,False,406.4
19-10-2022,Furniture,395.1,1114.4,73.41,False,406.2
20-10-2022,Furniture,426.0,1110.6,74.42,False,411.4
21-10-2022,Furniture,374.1,1125.8,76.54,False,382.3
22-10-2022,Furniture,412.7,1118.2,72.35,False,397.7
23-10-2022,Furniture,403.7,1120.5,74.4,False,423.0
24-10-2022,Furniture,394.1,1121.9,74.49,False,390.2
25-10-2022,Furniture,406.0,1124.3,73.72,False,384.8
27-10-2022,Furniture,418.5,1127.4,76.12,False,433.9
28-10-2022,Furniture,416.3,1128.7,73.24,False,433.3
29-10-2022,Furniture,409.6,1133.1,75.29,False,417.3
30-10-2022,Furniture,400.5,1136.0,77.61,False,400.1
01-11-2022,Furniture,515.2,1142.8,72.08,True,512.0
05-11-2022,Furniture,431.4,1135.2,74.49,False,406.2
07-11-2022,Furniture,391.4,1148.4,76.1,False,406.8
10-11-2022,Furniture,405.4,1154.2,76.72,False,408.4
11-11-2022,Furniture,417.7,1150.8,75.3,False,392.4
13-11-2022,Furniture,380.9,1164.9,77.81,False,363.7
14-11-2022,Furniture,382.1,1157.1,73.68,False,365.7
15-11-2022,Furniture,381.8,1151.0,75.71,False,345.3
16-11-2022,Furniture,463.8,1161.2,70.12,True,425.3
17-11-2022,Furniture,424.0,1146.4,75.79,False,392.4
18-11-2022,Furniture,416.6,1150.8,75.31,False,428.8
19-11-2022,Furniture,404.6,1156.4,73.65,False,398.1
20-11-2022,Furniture,355.3,1171.1,71.64,False,355.6
22-11-2022,Furniture,369.8,1168.6,76.73,False,355.5
23-11-2022,Furniture,494.0,1170.4,75.83,True,503.7
24-11-2022,Furniture,367.2,1168.7,70.51,False,354.4
25-11-2022,Furniture,410.4,1147.7,77.28,False,412.8
26-11-2022,Furniture,395.2,1154.0,72.09,False,411.0
27-11-2022,Furniture,390.6,1146.0,72.96,False,363.0
28-11-2022,Furniture,363.9,1157.5,73.99,False,366.7
29-11-2022,Furniture,388.3,1149.8,74.65,False,402.4
30-11-2022,Furniture,373.4,1149.4,74.97,False,373.9
03-12-2022,Furniture,379.3,1138.1,77.87,False,379.5
04-12-2022,Furniture,1192.1,1139.4,72.03,False,336.7
05-12-2022,Furniture,338.5,1140.1,75.49,False,306.2
06-12-2022,Furniture,361.5,1126.8,73.2,False,361.4
07-12-2022,Furniture,360.7,1129.2,73.24,False,360.2
08-12-2022,Furniture,374.2,1126.5,72.82,False,354.2
09-12-2022,Furniture,371.5,1123.3,75.3,False,373.3
09-12-2022,Furniture,400.7,1156.8,73.81,False,373.4
11-12-2022,Furniture,355.1,1123.5,75.21,False,357.9
11-12-2022,Furniture,385.3,1165.7,74.25,False,363.9
12-12-2022,Furniture,345.4,1130.5,74.19,False,358.6
13-12-2022,Furniture,352.9,1129.8,74.58,False,348.6
14-12-2022,Furniture,375.8,1109.3,75.49,False,371.7
17-12-2022,Furniture,366.1,1116.9,74.8,False,379.8
18-12-2022,Furniture,339.0,1121.4,73.5,False,343.5
19-12-2022,Furniture,337.0,1129.1,72.63,False,313.0
20-12-2022,Furniture,355.0,1132.1,75.71,False,349.8
21-12-2022,Furniture,331.7,1138.9,76.89,False,310.6
22-12-2022,Furniture,525.9,1125.6,72.63,True,519.4
23-12-2022,Furniture,351.9,1131.9,74.97,False,362.3
25-12-2022,Furniture,358.7,1122.4,72.07,False,354.4
26-12-2022,Furniture,336.0,1128.2,75.23,False,303.9
27-12-2022,Furniture,350.1,1121.7,74.01,False,333.4
28-12-2022,Furniture,355.5,1117.2,74.37,False,360.9
30-12-2022,Furniture,365.8,1110.5,75.16,False,381.3
31-12-2022,Furniture,343.8,1117.0,70.44,False,355.7
01-01-2023,Furniture,338.9,1115.7,74.32,False,344.6
03-01-2023,Furniture,324.7,1119.4,71.24,False,313.5
04-01-2023,Furniture,311.2,1125.9,72.61,False,291.6
02-01-2020,Groceries,302.1,649.9,108.64,False,315.7
03-01-2020,Groceries,292.3,649.4,104.55,False,284.1
04-01-2020,Groceries,261.2,664.0,109.62,False,274.1
05-01-2020,Groceries,260.9,673.9,107.88,False,240.3
05-01-2020,Groceries,286.1,619.7,108.32,False,299.3
06-01-2020,Groceries,233.1,685.9,109.47,False,218.2
09-01-2020,Groceries,304.3,667.9,105.2,False,296.6
10-01-2020,Groceries,304.0,667.1,112.07,False,305.6
11-01-2020,Groceries,287.0,670.6,107.92,False,293.3
12-01-2020,Groceries,226.4,683.4,107.16,False,215.7
13-01-2020,Groceries,207.1,692.5,109.21,False,210.6
15-01-2020,Groceries,261.3,690.7,107.24,False,270.5
16-01-2020,Groceries,323.3,684.4,108.24,False,332.5
17-01-2020,Groceries,301.3,696.0,105.6,False,313.2
18-01-2020,Groceries,285.2,689.7,107.45,False,263.5
19-01-2020,Groceries,237.0,710.6,103.43,False,217.4
20-01-2020,Groceries,234.9,699.5,105.45,False,242.6
21-01-2020,Groceries,236.6,697.6,107.5,False,214.9
22-01-2020,Groceries,253.1,695.0,109.58,False,265.8
24-01-2020,Groceries,302.6,663.0,108.99,False,286.7
25-01-2020,Groceries,280.9,670.7,106.09,False,280.3
26-01-2020,Groceries,266.0,677.0,101.62,False,241.0
28-01-2020,Groceries,344.4,689.2,108.53,True,326.8
29-01-2020,Groceries,271.1,675.6,108.92,False,260.9
30-01-2020,Groceries,289.3,679.9,107.65,False,280.4
31-01-2020,Groceries,287.2,685.9,108.02,False,259.6
03-02-2020,Groceries,241.2,706.7,108.0,False,252.0
04-02-2020,Groceries,248.7,704.3,107.53,False,259.3
04-02-2020,Groceries,267.4,644.3,106.22,False,265.1
05-02-2020,Groceries,248.9,700.9,104.3,False,229.2
05-02-2020,Groceries,269.3,624.5,108.29,False,274.5
06-02-2020,Groceries,185.7,623.7,105.9,False,186.1
09-02-2020,Groceries,258.8,687.5,110.75,False,260.2
10-02-2020,Groceries,223.1,700.8,107.01,False,215.4
11-02-2020,Groceries,210.8,600.3,108.87,False,191.6
15-02-2020,Groceries,279.9,683.7,111.27,False,285.0
16-02-2020,Groceries,264.9,472.0,106.76,False,257.8
17-02-2020,Groceries,226.3,478.9,109.88,False,231.8
18-02-2020,Groceries,326.0,481.6,107.95,True,20.9
19-02-2020,Groceries,240.3,485.9,107.64,False,231.4
20-02-2020,Groceries,294.4,472.7,106.92,False,268.6
21-02-2020,Groceries,290.4,694.3,112.03,False,296.4
23-02-2020,Groceries,229.0,709.5,107.68,False,232.7
25-02-2020,Groceries,229.7,703.3,108.58,False,229.0
26-02-2020,Groceries,270.3,696.6,105.21,False,247.8
27-02-2020,Groceries,306.8,691.3,109.29,False,311.4
28-02-2020,Groceries,319.1,689.5,107.68,False,334.2
01-03-2020,Groceries,245.8,707.6,108.87,False,222.6
03-03-2020,Groceries,239.0,707.4,108.74,False,218.2
05-03-2020,Groceries,393.1,682.6,107.63,True,370.0
06-03-2020,Groceries,296.1,681.5,107.7,False,289.0
07-03-2020,Groceries,251.4,691.2,111.12,False,229.5
10-03-2020,Groceries,247.4,678.5,107.61,False,238.5
13-03-2020,Groceries,404.2,639.6,107.13,True,369.0
15-03-2020,Groceries,260.0,665.5,105.91,False,238.0
17-03-2020,Groceries,241.6,654.2,107.86,False,218.2
19-03-2020,Groceries,990.7,644.0,109.4,False,242.7
20-03-2020,Groceries,297.2,386.5,107.12,False,308.9
23-03-2020,Groceries,239.0,397.3,105.71,False,250.2
24-03-2020,Groceries,295.5,405.1,107.27,True,274.4
25-03-2020,Groceries,257.5,656.9,105.48,False,232.1
26-03-2020,Groceries,290.2,648.0,110.49,False,271.2
28-03-2020,Groceries,245.9,670.9,106.51,False,243.6
29-03-2020,Groceries,241.2,667.9,106.71,False,225.9
30-03-2020,Groceries,201.8,672.1,107.22,False,199.3
31-03-2020,Groceries,218.5,664.8,107.9,False,225.3
01-04-2020,Groceries,239.4,659.1,107.83,False,247.8
03-04-2020,Groceries,274.0,638.7,108.42,False,282.7
05-04-2020,Groceries,227.0,661.5,109.59,False,219.3
07-04-2020,Groceries,216.2,668.9,104.28,False,204.4
09-04-2020,Groceries,278.4,630.5,104.17,False,285.8
10-04-2020,Groceries,278.3,635.2,106.4,False,276.3
12-04-2020,Groceries,236.9,646.3,106.93,False,219.8
13-04-2020,Groceries,220.2,642.1,104.05,False,218.1
16-04-2020,Groceries,268.2,628.9,107.76,False,266.7
17-04-2020,Groceries,266.0,632.4,106.81,False,279.3
18-04-2020,Groceries,261.3,628.2,108.45,False,273.4
19-04-2020,Groceries,236.4,640.1,108.32,False,235.8
20-04-2020,Groceries,208.9,639.0,109.13,False,217.3
22-04-2020,Groceries,340.6,634.0,106.95,True,316.7
23-04-2020,Groceries,752.0,616.0,104.14,False,263.0
27-04-2020,Groceries,206.0,461.1,109.6,False,209.1
28-04-2020,Groceries,220.9,454.9,106.39,False,215.8
04-05-2020,Groceries,187.5,645.3,110.07,False,183.5
05-05-2020,Groceries,186.8,641.5,107.7,False,192.8
06-05-2020,Groceries,230.6,626.2,110.54,False,208.6
07-05-2020,Groceries,265.0,614.8,109.97,False,242.5
08-05-2020,Groceries,266.9,617.5,107.93,False,251.8
09-05-2020,Groceries,259.2,624.0,110.05,False,242.8
10-05-2020,Groceries,243.0,634.5,108.47,False,235.7
11-05-2020,Groceries,197.1,646.2,108.8,False,192.1
13-05-2020,Groceries,358.4,627.1,108.73,True,364.6
14-05-2020,Groceries,275.7,611.9,110.04,False,270.2
15-05-2020,Groceries,409.6,611.1,105.13,True,394.5
16-05-2020,Groceries,245.1,623.1,112.67,False,233.7
17-05-2020,Groceries,206.1,632.7,107.94,False,208.2
19-05-2020,Groceries,191.7,635.9,104.57,False,195.5
21-05-2020,Groceries,277.7,616.9,107.39,False,250.9
22-05-2020,Groceries,274.8,618.2,111.11,False,260.7
23-05-2020,Groceries,230.7,631.6,107.94,False,229.1
26-05-2020,Groceries,195.3,622.0,107.7,False,205.0
27-05-2020,Groceries,228.5,615.8,107.46,False,229.1
29-05-2020,Groceries,267.4,600.4,111.23,False,266.9
30-05-2020,Groceries,265.3,599.6,104.56,False,270.4
31-05-2020,Groceries,193.2,614.7,107.17,False,177.9
01-06-2020,Groceries,197.3,615.9,109.27,False,192.1
02-06-2020,Groceries,317.1,672.9,111.95,False,306.3
03-06-2020,Groceries,222.1,608.4,106.61,False,204.5
04-06-2020,Groceries,261.9,596.0,108.8,False,254.2
05-06-2020,Groceries,1046.4,605.1,111.98,False,215.7
06-06-2020,Groceries,264.0,595.9,111.32,False,274.5
07-06-2020,Groceries,208.7,611.2,111.52,False,192.5
09-06-2020,Groceries,170.1,625.5,109.46,False,156.4
12-06-2020,Groceries,272.9,593.1,109.91,False,270.6
12-06-2020,Groceries,294.2,572.2,103.5,False,302.9
13-06-2020,Groceries,237.3,607.4,106.83,False,242.8
14-06-2020,Groceries,203.9,625.2,106.92,False,199.9
15-06-2020,Groceries,189.7,627.5,110.0,False,178.6
16-06-2020,Groceries,197.4,621.1,109.89,False,189.4
17-06-2020,Groceries,244.7,610.4,109.19,False,230.9
18-06-2020,Groceries,246.1,609.6,106.86,False,224.8
19-06-2020,Groceries,372.2,614.2,109.76,True,378.9
20-06-2020,Groceries,252.7,620.7,109.56,False,245.8
21-06-2020,Groceries,196.8,638.5,110.06,False,199.4
23-06-2020,Groceries,193.7,641.4,107.59,False,181.3
26-06-2020,Groceries,251.6,612.4,105.64,False,263.7
27-06-2020,Groceries,256.5,615.1,104.12,False,261.0
29-06-2020,Groceries,165.1,639.3,110.14,False,154.5
30-06-2020,Groceries,188.9,630.0,111.04,False,171.1
02-07-2020,Groceries,257.5,618.7,108.58,False,251.8
03-07-2020,Groceries,249.4,624.5,106.19,False,243.1
06-07-2020,Groceries,178.1,627.7,105.74,False,185.0
07-07-2020,Groceries,164.7,634.5,104.71,False,170.8
09-07-2020,Groceries,435.0,594.4,110.72,True,415.5
12-07-2020,Groceries,292.4,614.6,105.75,True,305.0
14-07-2020,Groceries,196.8,618.1,110.22,False,192.1
17-07-2020,Groceries,408.9,592.6,103.89,True,370.6
18-07-2020,Groceries,239.6,605.4,109.32,False,243.6
20-07-2020,Groceries,182.7,625.3,107.1,False,184.5
21-07-2020,Groceries,171.5,626.7,108.13,False,163.6
22-07-2020,Groceries,216.6,616.5,109.33,False,196.4
24-07-2020,Groceries,255.9,603.3,108.53,False,237.2
25-07-2020,Groceries,237.5,610.3,110.68,False,240.4
26-07-2020,Groceries,184.3,633.8,105.71,False,171.7
30-07-2020,Groceries,245.1,575.5,106.42,False,222.9
01-08-2020,Groceries,243.5,681.0,103.88,False,254.5
01-08-2020,Groceries,256.2,566.4,106.76,False,235.3
02-08-2020,Groceries,195.9,585.9,103.95,False,183.3
02-08-2020,Groceries,276.9,676.1,107.06,False,256.5
03-08-2020,Groceries,246.1,687.3,107.14,False,254.4
03-08-2020,Groceries,181.3,593.9,107.31,False,180.5
04-08-2020,Groceries,200.0,588.6,108.58,False,181.3
05-08-2020,Groceries,235.4,583.9,107.59,False,217.8
06-08-2020,Groceries,248.9,580.6,109.0,False,234.8
07-08-2020,Groceries,196.1,619.3,109.15,False,205.6
11-08-2020,Groceries,174.4,608.5,107.82,False,167.1
12-08-2020,Groceries,220.1,607.7,106.86,False,204.6
13-08-2020,Groceries,245.8,598.1,106.95,False,226.2
14-08-2020,Groceries,268.5,594.9,107.3,False,242.9
15-08-2020,Groceries,224.6,609.5,102.21,False,208.9
17-08-2020,Groceries,186.7,633.1,106.66,False,182.6
18-08-2020,Groceries,194.0,626.2,105.94,False,196.5
19-08-2020,Groceries,209.7,615.5,107.82,False,210.4
20-08-2020,Groceries,244.6,612.1,101.93,False,221.1
22-08-2020,Groceries,232.4,611.9,112.27,False,237.9
23-08-2020,Groceries,209.6,620.3,107.72,False,189.3
25-08-2020,Groceries,194.1,607.6,110.11,False,203.0
26-08-2020,Groceries,234.3,598.4,107.35,False,228.4
27-08-2020,Groceries,350.3,585.1,110.32,True,355.2
28-08-2020,Groceries,270.7,579.2,105.79,False,259.8
29-08-2020,Groceries,250.9,585.6,104.7,False,257.1
31-08-2020,Groceries,178.2,612.1,107.55,False,181.4
01-09-2020,Groceries,207.3,606.0,108.3,False,204.8
04-09-2020,Groceries,267.4,439.4,108.91,False,276.3
06-09-2020,Groceries,219.6,451.0,107.94,False,11.9
07-09-2020,Groceries,195.4,460.0,103.42,False,177.4
08-09-2020,Groceries,188.2,465.8,107.53,False,180.9
09-09-2020,Groceries,218.4,604.8,109.11,False,220.5
11-09-2020,Groceries,272.1,586.4,109.38,False,278.1
13-09-2020,Groceries,217.8,610.4,106.21,False,216.9
14-09-2020,Groceries,184.3,620.2,106.7,False,188.1
15-09-2020,Groceries,194.1,613.1,105.21,False,199.6
16-09-2020,Groceries,230.8,596.6,106.89,False,234.0
17-09-2020,Groceries,224.9,600.1,108.26,False,225.3
20-09-2020,Groceries,208.6,608.6,109.91,False,198.6
21-09-2020,Groceries,201.2,614.0,107.51,False,191.5
22-09-2020,Groceries,179.8,625.9,109.21,False,188.6
25-09-2020,Groceries,266.9,595.2,109.04,False,2433.0
26-09-2020,Groceries,265.5,593.5,109.49,False,276.2
27-09-2020,Groceries,232.6,597.8,105.66,False,236.4
28-09-2020,Groceries,175.4,612.2,103.62,False,173.7
29-09-2020,Groceries,203.9,596.5,106.18,False,188.3
30-09-2020,Groceries,239.2,587.8,106.53,False,245.0
02-10-2020,Groceries,281.1,335.5,106.96,False,274.0
03-10-2020,Groceries,265.3,341.1,107.75,False,269.4
04-10-2020,Groceries,218.1,353.8,108.73,False,14.7
06-10-2020,Groceries,210.3,355.1,106.89,False,191.2
07-10-2020,Groceries,260.7,586.2,111.44,False,254.2
07-10-2020,Groceries,238.9,601.2,110.06,False,245.5
09-10-2020,Groceries,288.7,575.8,106.75,False,260.9
10-10-2020,Groceries,265.9,591.5,107.67,False,276.0
11-10-2020,Groceries,225.3,609.8,105.73,False,223.0
12-10-2020,Groceries,229.9,608.1,107.13,False,213.8
13-10-2020,Groceries,207.4,613.8,108.22,False,200.7
15-10-2020,Groceries,283.5,597.6,104.81,False,276.1
17-10-2020,Groceries,282.8,608.1,105.98,False,257.4
18-10-2020,Groceries,387.5,621.8,108.24,True,400.3
19-10-2020,Groceries,204.3,631.2,107.79,False,206.8
20-10-2020,Groceries,215.8,620.9,108.43,False,205.1
22-10-2020,Groceries,270.1,396.6,107.36,False,275.9
23-10-2020,Groceries,286.3,398.6,104.75,False,33.1
24-10-2020,Groceries,290.6,399.6,106.42,False,275.1
25-10-2020,Groceries,269.0,401.4,106.62,False,245.8
27-10-2020,Groceries,207.6,617.7,109.82,False,208.0
28-10-2020,Groceries,269.7,592.2,105.39,False,262.3
30-10-2020,Groceries,448.8,583.1,105.47,True,434.3
01-11-2020,Groceries,229.5,605.8,104.74,False,234.4
02-11-2020,Groceries,243.9,688.6,106.69,False,222.2
03-11-2020,Groceries,238.3,601.5,107.01,False,221.2
05-11-2020,Groceries,272.0,583.5,109.07,False,257.3
08-11-2020,Groceries,250.8,586.2,104.71,False,261.2
09-11-2020,Groceries,227.8,589.8,108.89,False,213.0
10-11-2020,Groceries,207.7,604.4,110.87,False,200.0
11-11-2020,Groceries,278.7,594.7,110.15,False,275.9
12-11-2020,Groceries,303.6,589.0,110.77,False,304.2
12-11-2020,Groceries,481.4,569.5,108.53,True,445.5
16-11-2020,Groceries,249.5,594.7,105.98,False,245.6
17-11-2020,Groceries,247.5,584.7,100.47,False,257.2
20-11-2020,Groceries,304.8,569.5,105.14,False,281.2
22-11-2020,Groceries,264.9,585.4,103.91,False,246.7
23-11-2020,Groceries,246.6,586.6,110.23,False,231.4
24-11-2020,Groceries,253.7,580.3,108.83,False,263.5
25-11-2020,Groceries,279.2,574.1,108.5,False,279.7
26-11-2020,Groceries,322.1,562.1,110.42,False,319.7
27-11-2020,Groceries,307.6,562.3,107.85,False,299.0
28-11-2020,Groceries,320.3,559.5,109.39,False,317.2
01-12-2020,Groceries,254.3,591.1,109.99,False,241.3
02-12-2020,Groceries,275.9,582.8,107.34,False,277.4
02-12-2020,Groceries,250.7,687.0,108.62,False,258.9
03-12-2020,Groceries,303.5,573.2,109.72,False,274.9
03-12-2020,Groceries,315.8,643.7,108.91,False,326.1
04-12-2020,Groceries,325.6,571.6,108.22,False,319.0
05-12-2020,Groceries,213.5,635.9,107.71,False,209.0
05-12-2020,Groceries,321.7,568.3,107.42,False,311.2
09-12-2020,Groceries,271.3,581.0,108.17,False,251.3
09-12-2020,Groceries,250.2,592.2,110.21,False,232.6
13-12-2020,Groceries,273.2,586.4,109.34,False,272.4
14-12-2020,Groceries,271.4,584.7,104.4,False,265.2
15-12-2020,Groceries,273.3,586.5,109.18,False,271.5
16-12-2020,Groceries,292.6,582.3,109.82,False,274.3
17-12-2020,Groceries,344.5,564.9,111.06,False,311.9
18-12-2020,Groceries,344.9,567.3,108.49,False,355.1
20-12-2020,Groceries,264.9,579.4,105.0,False,263.3
21-12-2020,Groceries,273.1,580.4,108.56,False,264.0
22-12-2020,Groceries,353.5,577.2,107.36,True,352.7
23-12-2020,Groceries,287.8,576.7,107.04,False,291.9
24-12-2020,Groceries,336.0,563.6,108.44,False,304.8
25-12-2020,Groceries,356.4,560.5,107.87,False,329.6
26-12-2020,Groceries,332.8,563.4,105.15,False,344.3
27-12-2020,Groceries,274.7,588.9,106.12,False,282.1
28-12-2020,Groceries,262.2,589.9,108.14,False,274.1
29-12-2020,Groceries,265.8,586.7,104.08,False,246.3
31-12-2020,Groceries,333.0,564.3,106.46,False,322.1
02-01-2021,Groceries,271.9,574.6,109.35,False,278.3
03-01-2021,Groceries,279.7,571.0,108.23,False,277.7
04-01-2021,Groceries,242.2,578.4,110.22,False,231.3
04-01-2021,Groceries,321.9,620.6,105.23,False,317.4
06-01-2021,Groceries,424.4,552.1,105.39,True,439.8
07-01-2021,Groceries,351.6,529.9,108.07,False,363.8
08-01-2021,Groceries,219.2,700.5,109.52,False,217.9
08-01-2021,Groceries,343.0,527.5,109.41,False,324.0
09-01-2021,Groceries,269.9,746.0,108.97,False,254.5
10-01-2021,Groceries,281.5,542.3,106.41,False,293.7
11-01-2021,Groceries,275.4,543.7,105.58,False,2536.0
11-01-2021,Groceries,296.2,813.2,103.07,False,308.8
14-01-2021,Groceries,371.9,523.3,106.36,False,374.3
15-01-2021,Groceries,336.3,538.4,108.69,False,334.2
16-01-2021,Groceries,355.6,524.3,110.65,False,330.4
17-01-2021,Groceries,297.7,546.7,107.59,False,281.5
19-01-2021,Groceries,452.5,547.6,107.6,True,424.9
20-01-2021,Groceries,319.4,535.3,109.8,False,304.6
21-01-2021,Groceries,342.0,527.5,105.72,False,331.9
22-01-2021,Groceries,332.9,535.7,108.8,False,320.7
25-01-2021,Groceries,293.4,572.5,107.56,False,285.6
26-01-2021,Groceries,280.0,570.4,107.74,False,281.2
27-01-2021,Groceries,310.0,559.0,107.73,False,316.9
28-01-2021,Groceries,368.7,535.2,108.67,False,365.7
30-01-2021,Groceries,318.9,552.9,104.0,False,329.4
02-02-2021,Groceries,455.9,572.8,105.76,True,450.1
03-02-2021,Groceries,295.5,606.2,111.67,False,307.2
03-02-2021,Groceries,316.2,562.9,104.42,False,285.1
04-02-2021,Groceries,332.2,564.2,108.29,False,313.8
07-02-2021,Groceries,285.3,593.2,109.15,False,258.6
09-02-2021,Groceries,295.5,736.9,108.12,False,270.0
09-02-2021,Groceries,288.0,593.4,106.96,False,275.2
10-02-2021,Groceries,316.1,580.4,106.19,False,320.5
11-02-2021,Groceries,340.7,569.3,107.19,False,314.0
12-02-2021,Groceries,352.0,567.3,106.55,False,368.8
14-02-2021,Groceries,301.2,588.2,104.51,False,311.8
15-02-2021,Groceries,298.4,590.8,106.86,False,296.1
17-02-2021,Groceries,323.9,581.3,107.32,False,320.5
19-02-2021,Groceries,338.6,298.3,108.02,False,339.5
21-02-2021,Groceries,271.1,309.7,110.89,False,284.6
25-02-2021,Groceries,336.0,598.9,106.63,False,302.5
26-02-2021,Groceries,338.6,592.7,103.66,False,324.2
27-02-2021,Groceries,325.2,598.5,108.75,False,304.1
01-03-2021,Groceries,290.5,606.8,107.45,False,280.9
03-03-2021,Groceries,305.1,603.5,106.62,False,314.4
06-03-2021,Groceries,327.3,617.2,103.09,False,306.0
08-03-2021,Groceries,405.9,642.9,106.51,True,415.1
08-03-2021,Groceries,252.6,703.2,108.41,False,253.8
09-03-2021,Groceries,275.5,640.7,110.43,False,260.7
11-03-2021,Groceries,339.0,620.2,105.17,False,323.9
12-03-2021,Groceries,362.8,614.1,108.74,False,351.8
16-03-2021,Groceries,291.8,637.1,107.99,False,273.9
18-03-2021,Groceries,352.2,626.8,107.69,False,317.1
20-03-2021,Groceries,341.9,626.4,105.72,False,340.4
21-03-2021,Groceries,310.3,631.0,107.65,False,297.7
24-03-2021,Groceries,313.2,624.1,107.01,False,311.4
26-03-2021,Groceries,526.6,605.5,106.51,True,482.2
27-03-2021,Groceries,337.6,601.2,106.84,False,342.0
28-03-2021,Groceries,290.3,620.0,105.68,False,263.5
29-03-2021,Groceries,262.8,634.0,104.25,False,252.0
30-03-2021,Groceries,280.9,630.4,108.4,False,287.9
02-04-2021,Groceries,434.7,610.5,109.59,True,416.8
03-04-2021,Groceries,321.7,610.5,106.15,False,305.0
03-04-2021,Groceries,367.7,595.7,108.03,False,353.1
04-04-2021,Groceries,306.7,613.4,109.17,False,317.9
06-04-2021,Groceries,257.8,623.3,107.23,False,241.2
07-04-2021,Groceries,291.4,613.3,106.51,False,273.7
08-04-2021,Groceries,320.8,607.7,106.37,False,328.8
11-04-2021,Groceries,339.5,808.0,108.4,False,327.5
12-04-2021,Groceries,244.4,634.6,108.76,False,234.3
13-04-2021,Groceries,280.8,621.6,106.6,False,274.5
14-04-2021,Groceries,292.7,624.5,110.29,False,276.6
16-04-2021,Groceries,342.1,601.5,108.13,False,341.9
17-04-2021,Groceries,319.1,613.4,102.38,False,289.7
19-04-2021,Groceries,252.2,640.8,104.56,False,229.1
20-04-2021,Groceries,257.1,643.3,102.28,False,236.5
23-04-2021,Groceries,356.6,605.2,110.18,False,370.6
24-04-2021,Groceries,299.5,630.4,109.66,False,295.6
25-04-2021,Groceries,268.1,647.4,105.52,False,259.4
26-04-2021,Groceries,261.1,644.8,103.23,False,257.3
29-04-2021,Groceries,305.5,640.8,108.88,False,278.8
30-04-2021,Groceries,338.6,633.0,108.05,False,322.7
01-05-2021,Groceries,325.4,634.6,110.53,False,322.2
02-05-2021,Groceries,290.9,646.0,110.45,False,287.4
02-05-2021,Groceries,340.7,572.4,110.28,False,323.4
03-05-2021,Groceries,267.3,654.9,107.31,False,241.7
04-05-2021,Groceries,248.9,676.1,109.96,False,227.3
05-05-2021,Groceries,291.5,666.5,109.42,False,262.4
06-05-2021,Groceries,788.9,701.8,104.25,False,278.5
07-05-2021,Groceries,235.9,638.7,110.4,False,237.4
07-05-2021,Groceries,303.1,663.6,105.66,False,296.0
08-05-2021,Groceries,303.3,672.4,105.98,False,277.2
09-05-2021,Groceries,249.7,766.7,105.84,False,254.5
09-05-2021,Groceries,370.3,682.6,107.82,True,355.9
10-05-2021,Groceries,256.6,690.2,106.54,False,268.4
11-05-2021,Groceries,243.9,695.7,105.91,False,223.3
12-05-2021,Groceries,280.0,688.8,111.08,False,292.8
13-05-2021,Groceries,300.4,680.6,106.2,False,273.9
14-05-2021,Groceries,325.3,659.6,106.61,False,318.1
15-05-2021,Groceries,305.8,667.2,109.41,False,305.2
16-05-2021,Groceries,272.3,673.7,105.94,False,273.1
17-05-2021,Groceries,248.9,686.8,108.11,False,237.1
18-05-2021,Groceries,255.9,680.8,110.28,False,235.9
20-05-2021,Groceries,415.0,666.1,109.4,True,397.2
21-05-2021,Groceries,329.2,665.7,107.13,False,299.4
22-05-2021,Groceries,309.2,675.0,105.25,False,285.0
24-05-2021,Groceries,251.3,690.4,108.08,False,256.6
25-05-2021,Groceries,225.7,697.7,107.92,False,203.4
27-05-2021,Groceries,311.1,678.6,107.53,False,296.0
28-05-2021,Groceries,313.2,681.9,106.81,False,291.8
29-05-2021,Groceries,313.1,681.1,110.43,False,293.7
30-05-2021,Groceries,252.6,702.8,106.8,False,241.0
01-06-2021,Groceries,296.3,713.3,106.67,True,309.5
02-06-2021,Groceries,296.2,693.9,103.98,False,301.2
03-06-2021,Groceries,293.5,698.0,106.79,False,293.2
04-06-2021,Groceries,308.7,697.7,103.95,False,319.0
07-06-2021,Groceries,231.9,702.3,109.49,False,219.3
09-06-2021,Groceries,295.9,681.4,107.91,False,303.3
10-06-2021,Groceries,310.9,682.0,108.27,False,280.0
12-06-2021,Groceries,279.8,682.8,108.56,False,263.6
13-06-2021,Groceries,261.4,678.2,107.35,False,266.0
14-06-2021,Groceries,238.8,688.4,109.11,False,235.1
15-06-2021,Groceries,244.1,685.4,110.15,False,240.7
16-06-2021,Groceries,258.7,682.0,111.56,False,246.1
17-06-2021,Groceries,307.4,659.7,110.47,False,279.5
18-06-2021,Groceries,318.8,658.0,110.35,False,322.7
19-06-2021,Groceries,290.3,670.9,101.67,False,299.2
22-06-2021,Groceries,215.4,679.0,108.4,False,222.0
26-06-2021,Groceries,300.9,630.1,109.8,False,300.0
28-06-2021,Groceries,305.2,666.1,106.67,True,276.4
01-07-2021,Groceries,287.3,634.4,109.65,False,298.0
02-07-2021,Groceries,307.1,626.3,106.56,False,311.7
03-07-2021,Groceries,275.5,626.1,112.91,False,248.6
03-07-2021,Groceries,292.8,631.6,108.26,False,294.6
04-07-2021,Groceries,253.3,633.4,107.52,False,260.0
06-07-2021,Groceries,235.3,646.3,108.39,False,242.7
07-07-2021,Groceries,255.6,641.0,110.03,False,255.7
08-07-2021,Groceries,278.5,637.4,107.66,False,266.7
09-07-2021,Groceries,299.4,628.5,109.1,False,295.4
12-07-2021,Groceries,340.8,654.2,106.64,True,347.1
13-07-2021,Groceries,210.8,667.2,110.19,False,217.6
14-07-2021,Groceries,238.7,665.5,109.41,False,217.6
15-07-2021,Groceries,283.7,652.1,107.28,False,260.6
16-07-2021,Groceries,289.3,650.4,110.77,False,287.5
18-07-2021,Groceries,248.1,662.3,108.7,False,226.6
20-07-2021,Groceries,231.6,667.4,110.75,False,227.0
21-07-2021,Groceries,246.4,675.3,108.15,False,249.5
22-07-2021,Groceries,298.9,657.1,107.05,False,298.3
23-07-2021,Groceries,320.1,658.7,109.91,False,314.8
24-07-2021,Groceries,282.7,670.9,103.71,False,273.9
26-07-2021,Groceries,250.0,676.4,109.31,False,242.3
27-07-2021,Groceries,232.4,684.3,109.16,False,211.5
28-07-2021,Groceries,272.4,681.3,105.52,False,254.0
29-07-2021,Groceries,463.9,674.1,106.46,True,477.6
30-07-2021,Groceries,302.8,670.2,108.11,False,289.9
31-07-2021,Groceries,300.3,668.0,106.02,False,308.8
02-08-2021,Groceries,283.2,723.7,107.45,True,263.7
04-08-2021,Groceries,251.3,702.7,107.18,False,257.2
05-08-2021,Groceries,310.7,685.4,107.43,False,308.2
06-08-2021,Groceries,228.4,701.9,106.81,False,232.9
07-08-2021,Groceries,272.0,713.7,107.93,False,280.7
08-08-2021,Groceries,249.5,709.1,105.95,False,246.2
09-08-2021,Groceries,250.5,776.1,106.99,False,232.1
09-08-2021,Groceries,217.0,729.8,108.67,False,217.3
10-08-2021,Groceries,245.5,726.1,103.86,False,236.7
11-08-2021,Groceries,274.9,810.7,112.77,False,268.8
12-08-2021,Groceries,304.3,697.6,110.01,False,317.3
13-08-2021,Groceries,289.0,704.5,109.16,False,296.4
15-08-2021,Groceries,247.6,717.2,108.01,False,230.3
18-08-2021,Groceries,278.3,715.4,108.7,False,283.5
19-08-2021,Groceries,316.7,701.0,103.75,False,295.5
22-08-2021,Groceries,276.5,740.6,106.88,False,259.9
23-08-2021,Groceries,239.1,761.3,106.07,False,222.2
24-08-2021,Groceries,236.7,761.0,112.71,False,220.7
25-08-2021,Groceries,300.8,731.2,104.08,False,304.4
27-08-2021,Groceries,327.8,728.1,110.3,False,329.2
28-08-2021,Groceries,361.3,742.9,106.62,True,337.1
31-08-2021,Groceries,246.0,758.0,105.63,False,240.6
03-09-2021,Groceries,363.5,747.6,106.56,True,359.8
04-09-2021,Groceries,279.9,753.5,105.45,False,283.2
06-09-2021,Groceries,247.2,776.7,109.72,False,243.8
13-09-2021,Groceries,238.9,808.5,104.55,False,234.7
14-09-2021,Groceries,254.8,800.2,107.57,False,238.1
15-09-2021,Groceries,278.4,795.3,109.02,False,256.9
17-09-2021,Groceries,327.5,781.1,105.31,False,343.3
18-09-2021,Groceries,297.4,795.9,106.26,False,287.5
20-09-2021,Groceries,256.1,809.5,103.34,False,258.1
23-09-2021,Groceries,293.3,791.9,106.31,False,274.4
24-09-2021,Groceries,302.6,797.8,108.13,False,312.7
26-09-2021,Groceries,266.1,804.6,109.35,False,269.6
28-09-2021,Groceries,248.7,812.8,107.23,False,254.4
29-09-2021,Groceries,287.5,803.1,108.19,False,270.8
01-10-2021,Groceries,1253.7,793.7,107.04,True,478.2
02-10-2021,Groceries,297.6,801.9,106.86,False,287.5
07-10-2021,Groceries,284.6,637.4,108.06,False,259.7
09-10-2021,Groceries,307.8,808.3,107.49,False,305.1
10-10-2021,Groceries,282.0,825.6,102.67,False,253.9
13-10-2021,Groceries,285.8,820.6,108.89,False,272.3
15-10-2021,Groceries,338.9,808.8,106.91,False,325.9
16-10-2021,Groceries,323.7,820.7,110.66,False,300.6
17-10-2021,Groceries,265.9,834.7,110.02,False,242.0
18-10-2021,Groceries,264.4,834.0,106.69,False,253.5
19-10-2021,Groceries,265.9,833.3,103.61,False,243.4
20-10-2021,Groceries,311.3,829.7,107.88,False,314.3
22-10-2021,Groceries,331.6,815.5,103.38,False,327.1
23-10-2021,Groceries,329.2,812.3,109.51,False,303.9
24-10-2021,Groceries,286.8,819.7,107.28,False,298.5
25-10-2021,Groceries,280.9,815.3,104.73,False,292.1
26-10-2021,Groceries,273.0,819.0,104.53,False,268.3
27-10-2021,Groceries,320.7,800.7,103.14,False,299.9
30-10-2021,Groceries,335.9,807.0,103.93,False,323.5
02-11-2021,Groceries,288.5,819.0,102.95,False,283.7
03-11-2021,Groceries,496.9,806.6,105.82,True,521.1
05-11-2021,Groceries,377.7,790.9,109.41,False,343.5
06-11-2021,Groceries,311.8,679.7,107.8,False,306.4
06-11-2021,Groceries,311.0,806.1,106.37,False,281.8
07-11-2021,Groceries,249.5,652.3,106.76,False,261.2
07-11-2021,Groceries,282.6,814.2,107.76,False,255.6
08-11-2021,Groceries,266.0,711.7,107.63,False,270.6
09-11-2021,Groceries,287.4,814.5,111.11,False,271.7
11-11-2021,Groceries,368.9,789.8,107.65,False,336.7
13-11-2021,Groceries,343.3,788.7,114.02,False,360.0
14-11-2021,Groceries,283.1,810.9,105.66,False,269.7
15-11-2021,Groceries,288.7,818.5,114.14,False,267.0
16-11-2021,Groceries,296.2,820.4,105.68,False,271.9
17-11-2021,Groceries,316.0,823.1,105.92,False,302.5
18-11-2021,Groceries,365.6,802.7,107.99,False,346.0
19-11-2021,Groceries,357.4,809.9,106.62,False,335.6
21-11-2021,Groceries,317.2,829.2,106.41,False,330.0
22-11-2021,Groceries,279.9,831.3,108.89,False,274.7
23-11-2021,Groceries,324.3,821.9,106.16,False,313.8
24-11-2021,Groceries,325.5,816.4,106.79,False,336.2
25-11-2021,Groceries,543.1,800.5,108.61,True,557.1
27-11-2021,Groceries,387.8,794.8,106.66,False,382.6
28-11-2021,Groceries,323.9,816.4,111.9,False,331.9
30-11-2021,Groceries,301.0,820.2,106.6,False,304.0
01-12-2021,Groceries,326.0,807.2,107.1,False,327.0
01-12-2021,Groceries,270.5,547.4,105.07,False,253.3
02-12-2021,Groceries,372.0,792.9,107.9,False,388.8
04-12-2021,Groceries,355.5,794.0,109.53,False,371.9
05-12-2021,Groceries,334.8,804.2,110.46,False,311.3
06-12-2021,Groceries,312.0,810.6,108.34,False,322.4
07-12-2021,Groceries,295.9,813.4,105.21,False,284.0
08-12-2021,Groceries,322.7,806.3,106.64,False,318.6
10-12-2021,Groceries,500.9,796.3,106.3,True,490.1
12-12-2021,Groceries,339.0,812.3,110.9,False,349.7
15-12-2021,Groceries,416.2,815.5,105.59,True,399.9
16-12-2021,Groceries,381.9,798.3,109.33,False,371.6
18-12-2021,Groceries,358.2,804.7,107.32,False,361.7
21-12-2021,Groceries,305.2,829.2,106.53,False,287.8
22-12-2021,Groceries,354.0,814.6,107.81,False,338.8
23-12-2021,Groceries,377.5,812.9,108.76,False,340.3
24-12-2021,Groceries,383.8,812.7,107.77,False,359.5
25-12-2021,Groceries,377.3,809.4,105.69,False,369.6
26-12-2021,Groceries,322.3,820.5,109.81,False,305.7
27-12-2021,Groceries,310.5,816.8,109.13,False,290.8
28-12-2021,Groceries,342.2,809.7,109.13,False,327.9
29-12-2021,Groceries,350.6,810.0,107.01,False,352.1
31-12-2021,Groceries,612.6,798.8,108.71,True,591.3
01-01-2022,Groceries,374.0,808.6,105.96,False,339.5
03-01-2022,Groceries,316.1,824.3,105.61,False,318.6
04-01-2022,Groceries,312.0,824.5,107.54,False,321.8
05-01-2022,Groceries,368.7,807.7,106.54,False,359.2
06-01-2022,Groceries,386.4,802.9,105.11,False,362.5
06-01-2022,Groceries,328.8,753.4,108.79,False,303.6
07-01-2022,Groceries,353.5,765.1,105.61,False,322.0
10-01-2022,Groceries,346.8,804.5,108.17,False,361.6
11-01-2022,Groceries,327.5,812.3,108.59,False,304.8
12-01-2022,Groceries,382.0,794.1,102.79,False,367.8
13-01-2022,Groceries,393.7,789.0,109.34,False,389.3
14-01-2022,Groceries,484.3,789.0,105.71,True,493.2
16-01-2022,Groceries,365.5,788.6,104.26,False,333.6
17-01-2022,Groceries,322.8,798.1,105.51,False,333.4
19-01-2022,Groceries,369.7,781.7,109.87,False,385.2
20-01-2022,Groceries,375.0,775.5,104.6,False,358.4
23-01-2022,Groceries,475.7,785.0,108.35,True,491.2
24-01-2022,Groceries,346.1,778.6,108.33,False,324.0
25-01-2022,Groceries,347.6,777.4,108.87,False,360.0
26-01-2022,Groceries,367.1,775.3,107.65,False,370.1
27-01-2022,Groceries,380.2,776.6,106.74,False,344.2
28-01-2022,Groceries,397.9,778.5,105.49,False,417.6
29-01-2022,Groceries,517.3,801.1,108.13,True,534.8
30-01-2022,Groceries,375.3,801.8,108.63,False,383.0
31-01-2022,Groceries,321.3,818.7,109.76,False,333.4
02-02-2022,Groceries,368.6,803.1,107.89,False,346.6
05-02-2022,Groceries,390.2,780.0,110.84,False,359.9
07-02-2022,Groceries,333.9,795.7,107.89,False,311.8
08-02-2022,Groceries,346.3,795.0,104.5,False,357.9
08-02-2022,Groceries,276.1,800.5,105.04,False,288.3
09-02-2022,Groceries,365.6,793.3,109.4,False,379.3
10-02-2022,Groceries,310.6,765.1,107.36,False,311.9
10-02-2022,Groceries,405.9,771.4,108.85,False,418.1
11-02-2022,Groceries,610.6,781.9,108.4,True,589.0
13-02-2022,Groceries,362.4,795.5,108.88,False,371.8
14-02-2022,Groceries,329.3,793.9,108.14,False,321.3
15-02-2022,Groceries,456.2,779.3,106.49,True,464.8
16-02-2022,Groceries,499.7,789.7,112.03,True,494.1
17-02-2022,Groceries,400.8,771.7,103.67,False,397.6
18-02-2022,Groceries,528.1,778.3,107.26,True,538.8
21-02-2022,Groceries,330.9,791.2,106.76,False,332.5
22-02-2022,Groceries,324.8,783.0,106.7,False,323.2
23-02-2022,Groceries,385.4,770.6,107.54,False,373.9
26-02-2022,Groceries,356.6,780.8,107.95,False,333.9
27-02-2022,Groceries,349.2,777.5,109.47,False,359.8
01-03-2022,Groceries,350.7,769.2,104.82,False,352.8
02-03-2022,Groceries,356.6,765.3,104.58,False,343.4
02-03-2022,Groceries,403.0,786.2,106.96,False,371.5
03-03-2022,Groceries,394.5,757.2,106.95,False,366.4
04-03-2022,Groceries,405.4,747.9,104.56,False,388.7
06-03-2022,Groceries,359.1,759.9,106.84,False,342.2
07-03-2022,Groceries,296.7,781.3,108.09,False,269.1
08-03-2022,Groceries,347.0,764.5,112.88,False,332.9
08-03-2022,Groceries,318.9,783.1,103.94,False,288.1
10-03-2022,Groceries,282.8,776.1,108.2,False,268.9
12-03-2022,Groceries,393.6,739.9,106.52,False,387.9
13-03-2022,Groceries,555.0,755.5,109.73,True,555.1
16-03-2022,Groceries,355.2,762.6,109.64,False,365.8
17-03-2022,Groceries,401.6,746.3,109.89,False,378.7
18-03-2022,Groceries,429.1,741.1,105.82,False,438.4
20-03-2022,Groceries,322.6,773.0,107.48,False,308.8
21-03-2022,Groceries,313.4,779.2,107.76,False,320.4
22-03-2022,Groceries,328.5,773.2,107.23,False,306.7
23-03-2022,Groceries,345.1,764.3,105.87,False,350.2
24-03-2022,Groceries,387.9,738.7,107.21,False,402.6
25-03-2022,Groceries,393.6,736.0,107.35,False,381.4
28-03-2022,Groceries,310.6,753.9,110.33,False,307.4
29-03-2022,Groceries,292.1,761.7,102.69,False,2826.0
30-03-2022,Groceries,379.9,729.5,109.84,False,349.4
02-04-2022,Groceries,362.8,737.9,105.5,False,350.1
05-04-2022,Groceries,314.1,756.7,104.92,False,288.8
06-04-2022,Groceries,345.5,760.5,109.52,False,315.4
08-04-2022,Groceries,521.3,752.8,106.15,True,475.7
08-04-2022,Groceries,328.1,783.3,106.68,False,320.4
09-04-2022,Groceries,375.7,756.3,107.92,False,340.3
10-04-2022,Groceries,337.2,759.7,105.41,False,309.1
12-04-2022,Groceries,327.5,768.1,105.61,False,304.4
13-04-2022,Groceries,341.1,774.4,110.66,False,332.4
15-04-2022,Groceries,393.7,756.9,109.54,False,399.3
18-04-2022,Groceries,296.9,775.9,109.29,False,277.8
19-04-2022,Groceries,295.3,771.5,108.42,False,302.2
20-04-2022,Groceries,353.4,755.2,104.44,False,367.0
21-04-2022,Groceries,366.5,753.4,108.57,False,362.2
24-04-2022,Groceries,328.8,770.3,103.7,False,335.1
25-04-2022,Groceries,299.9,768.4,106.23,False,314.0
26-04-2022,Groceries,300.8,766.4,104.75,False,309.6
27-04-2022,Groceries,360.8,745.1,103.91,False,365.6
28-04-2022,Groceries,370.3,745.9,106.58,False,337.3
29-04-2022,Groceries,369.0,745.0,110.46,False,359.3
01-05-2022,Groceries,459.9,765.2,104.84,True,469.5
02-05-2022,Groceries,284.6,784.6,107.8,False,265.5
03-05-2022,Groceries,376.7,760.7,106.23,False,358.6
03-05-2022,Groceries,327.1,770.9,105.98,False,326.2
05-05-2022,Groceries,526.4,745.1,106.27,True,515.1
06-05-2022,Groceries,390.6,748.9,105.8,False,389.4
07-05-2022,Groceries,478.6,764.9,102.46,True,438.8
08-05-2022,Groceries,333.7,769.7,108.17,False,333.3
09-05-2022,Groceries,305.0,777.8,108.82,False,279.5
10-05-2022,Groceries,298.7,783.7,106.65,False,294.0
11-05-2022,Groceries,341.2,766.5,108.18,False,337.8
12-05-2022,Groceries,369.1,760.4,108.69,False,365.1
12-05-2022,Groceries,348.2,779.2,108.46,False,323.2
13-05-2022,Groceries,396.1,751.3,108.35,False,391.6
14-05-2022,Groceries,353.2,764.1,108.14,False,356.3
15-05-2022,Groceries,301.6,781.9,109.53,False,282.8
16-05-2022,Groceries,302.9,786.7,105.57,False,291.5
18-05-2022,Groceries,325.4,771.3,107.85,False,311.9
19-05-2022,Groceries,370.9,755.5,110.11,False,367.4
20-05-2022,Groceries,395.0,756.1,107.93,False,357.3
21-05-2022,Groceries,491.0,762.5,103.3,True,496.9
22-05-2022,Groceries,320.1,778.2,104.58,False,308.4
23-05-2022,Groceries,289.6,776.8,109.38,False,301.8
26-05-2022,Groceries,357.0,747.2,105.49,False,346.0
28-05-2022,Groceries,350.7,744.9,105.82,False,359.1
30-05-2022,Groceries,282.7,767.4,108.73,False,254.7
31-05-2022,Groceries,287.6,768.3,108.44,False,261.5
02-06-2022,Groceries,349.9,738.0,105.6,False,322.3
03-06-2022,Groceries,360.5,737.7,107.03,False,332.4
04-06-2022,Groceries,352.3,733.0,106.05,False,318.5
06-06-2022,Groceries,460.0,753.1,106.06,True,432.3
07-06-2022,Groceries,303.1,761.9,105.91,False,274.5
08-06-2022,Groceries,339.8,756.2,106.02,False,351.0
13-06-2022,Groceries,299.4,770.5,106.81,False,300.6
14-06-2022,Groceries,286.3,785.3,106.84,False,285.9
15-06-2022,Groceries,334.0,764.4,105.44,False,3379.0
16-06-2022,Groceries,355.4,767.4,110.37,False,333.0
18-06-2022,Groceries,337.1,766.2,109.27,False,323.2
19-06-2022,Groceries,305.8,778.5,105.97,False,310.5
20-06-2022,Groceries,283.0,788.3,104.46,False,255.2
21-06-2022,Groceries,404.9,781.6,104.39,True,405.1
22-06-2022,Groceries,339.1,776.2,107.99,False,322.2
24-06-2022,Groceries,349.1,776.8,111.15,False,336.4
26-06-2022,Groceries,316.3,786.2,107.25,False,316.6
27-06-2022,Groceries,294.3,796.4,109.37,False,280.7
28-06-2022,Groceries,307.1,781.5,107.81,False,297.4
29-06-2022,Groceries,319.3,778.6,107.03,False,295.0
30-06-2022,Groceries,344.0,771.0,107.38,False,335.0
03-07-2022,Groceries,321.8,771.6,108.38,False,305.7
04-07-2022,Groceries,267.0,790.0,104.86,False,242.1
05-07-2022,Groceries,397.9,780.5,104.74,True,364.3
06-07-2022,Groceries,313.9,776.6,104.31,False,317.3
08-07-2022,Groceries,339.4,766.9,109.11,False,348.7
10-07-2022,Groceries,296.3,788.5,108.24,False,268.9
11-07-2022,Groceries,422.6,770.2,107.63,True,393.0
11-07-2022,Groceries,300.3,789.2,109.15,False,306.6
12-07-2022,Groceries,271.6,791.9,108.42,False,249.9
12-07-2022,Groceries,387.1,611.4,109.92,False,359.6
13-07-2022,Groceries,362.2,788.2,109.24,True,354.5
15-07-2022,Groceries,339.1,780.3,107.78,False,336.8
16-07-2022,Groceries,325.4,780.8,107.52,False,307.9
18-07-2022,Groceries,272.8,803.4,108.27,False,250.5
19-07-2022,Groceries,269.9,804.2,106.23,False,256.5
21-07-2022,Groceries,367.2,775.4,106.61,False,331.5
22-07-2022,Groceries,385.1,770.6,105.59,False,352.4
24-07-2022,Groceries,288.7,799.3,105.69,False,301.8
25-07-2022,Groceries,270.4,803.5,106.71,False,251.5
26-07-2022,Groceries,299.2,800.3,105.06,False,275.1
27-07-2022,Groceries,882.8,799.7,105.96,False,295.3
28-07-2022,Groceries,320.2,791.9,107.58,False,301.2
29-07-2022,Groceries,348.0,779.0,103.5,False,354.4
30-07-2022,Groceries,329.1,788.6,108.25,False,325.4
31-07-2022,Groceries,296.5,788.7,108.16,False,282.1
01-08-2022,Groceries,261.9,803.7,107.59,False,259.8
05-08-2022,Groceries,348.4,779.7,104.58,False,339.2
06-08-2022,Groceries,322.2,779.4,106.03,False,322.0
07-08-2022,Groceries,303.2,775.4,106.7,False,279.7
08-08-2022,Groceries,308.2,769.1,107.72,False,312.8
10-08-2022,Groceries,306.6,520.6,109.72,False,309.6
11-08-2022,Groceries,351.8,505.5,107.02,False,346.1
12-08-2022,Groceries,337.4,507.0,109.89,False,18.3
14-08-2022,Groceries,278.5,521.7,104.95,False,278.6
15-08-2022,Groceries,265.4,776.4,107.64,False,269.0
16-08-2022,Groceries,287.2,770.6,105.68,False,286.0
17-08-2022,Groceries,318.4,755.1,111.15,False,333.1
18-08-2022,Groceries,366.3,742.7,109.7,False,377.3
19-08-2022,Groceries,340.4,761.6,104.7,False,355.5
20-08-2022,Groceries,329.2,770.9,109.58,False,327.2
21-08-2022,Groceries,330.9,765.9,107.32,False,341.7
22-08-2022,Groceries,294.1,787.6,104.75,False,264.7
24-08-2022,Groceries,325.0,777.8,110.29,False,318.0
25-08-2022,Groceries,344.4,778.3,107.22,False,329.3
26-08-2022,Groceries,337.0,779.6,107.08,False,318.2
28-08-2022,Groceries,283.6,801.1,108.38,False,283.9
30-08-2022,Groceries,1210.2,794.1,108.7,False,257.9
31-08-2022,Groceries,439.0,779.3,109.77,True,400.8
01-09-2022,Groceries,345.2,807.8,109.07,False,325.4
01-09-2022,Groceries,361.6,774.5,107.68,False,352.1
03-09-2022,Groceries,337.1,784.9,109.74,False,332.5
05-09-2022,Groceries,290.3,795.7,109.77,False,297.7
07-09-2022,Groceries,341.6,785.0,105.95,False,311.5
08-09-2022,Groceries,349.5,787.8,107.32,False,351.2
09-09-2022,Groceries,342.9,788.9,107.34,False,354.8
11-09-2022,Groceries,321.0,800.4,107.0,False,321.9
12-09-2022,Groceries,311.9,797.0,111.06,False,305.7
13-09-2022,Groceries,298.2,792.9,109.17,False,313.0
14-09-2022,Groceries,327.8,784.2,108.34,False,324.7
16-09-2022,Groceries,530.5,773.4,109.71,True,516.3
17-09-2022,Groceries,355.3,778.2,109.75,False,333.5
19-09-2022,Groceries,306.9,788.2,109.39,False,310.4
20-09-2022,Groceries,1234.5,787.1,108.86,False,313.0
21-09-2022,Groceries,335.0,771.2,109.18,False,321.3
22-09-2022,Groceries,534.8,764.3,102.89,True,487.8
23-09-2022,Groceries,364.2,758.0,107.42,False,360.4
25-09-2022,Groceries,316.1,778.4,107.97,False,304.4
27-09-2022,Groceries,318.2,772.1,104.59,False,312.9
28-09-2022,Groceries,331.8,769.4,105.51,False,343.0
29-09-2022,Groceries,373.5,749.9,107.25,False,361.2
30-09-2022,Groceries,388.9,739.1,106.01,False,391.5
01-10-2022,Groceries,348.0,754.4,105.53,False,350.2
03-10-2022,Groceries,376.9,745.8,106.83,False,374.5
04-10-2022,Groceries,316.9,764.4,106.32,False,305.5
06-10-2022,Groceries,378.6,751.7,109.99,False,353.3
06-10-2022,Groceries,369.5,750.3,107.85,False,366.1
07-10-2022,Groceries,398.0,742.6,107.21,False,407.2
08-10-2022,Groceries,361.8,753.8,104.81,False,353.0
09-10-2022,Groceries,349.5,789.2,109.74,False,365.0
09-10-2022,Groceries,320.3,777.7,108.73,False,327.8
10-10-2022,Groceries,318.8,778.4,108.46,False,292.8
11-10-2022,Groceries,329.5,769.7,103.72,False,344.1
13-10-2022,Groceries,364.7,751.3,104.71,False,335.3
14-10-2022,Groceries,404.5,754.9,105.63,False,411.8
15-10-2022,Groceries,364.7,759.4,109.84,False,339.9
17-10-2022,Groceries,304.4,791.1,102.55,False,287.1
20-10-2022,Groceries,372.6,764.6,106.76,False,384.9
21-10-2022,Groceries,400.0,762.2,108.28,False,4120.0
22-10-2022,Groceries,353.0,782.8,106.06,False,351.0
23-10-2022,Groceries,353.3,774.1,107.66,False,334.8
25-10-2022,Groceries,393.3,775.6,108.21,True,385.1
26-10-2022,Groceries,337.4,776.3,102.86,False,323.5
28-10-2022,Groceries,384.0,770.5,105.79,False,364.1
30-10-2022,Groceries,347.7,782.6,104.94,False,319.5
31-10-2022,Groceries,313.2,793.4,107.28,False,327.6
01-11-2022,Groceries,430.8,783.2,109.32,True,446.6
02-11-2022,Groceries,371.5,770.7,107.54,False,368.6
03-11-2022,Groceries,384.5,762.1,106.93,False,390.5
04-11-2022,Groceries,384.3,758.8,105.51,False,375.9
06-11-2022,Groceries,352.7,763.4,106.56,False,365.9
08-11-2022,Groceries,346.7,761.0,107.37,False,338.7
09-11-2022,Groceries,384.7,747.1,107.23,False,351.7
13-11-2022,Groceries,346.0,781.3,106.03,False,330.4
14-11-2022,Groceries,347.3,780.4,106.64,False,344.5
15-11-2022,Groceries,330.3,788.7,107.89,False,311.2
17-11-2022,Groceries,565.0,769.7,110.44,True,517.0
19-11-2022,Groceries,391.2,774.5,111.81,False,368.5
21-11-2022,Groceries,349.1,788.8,106.0,False,347.2
22-11-2022,Groceries,338.2,788.4,112.45,False,319.4
23-11-2022,Groceries,552.3,792.2,106.32,True,567.4
26-11-2022,Groceries,416.5,760.5,110.84,False,403.1
27-11-2022,Groceries,378.9,775.7,110.3,False,348.4
28-11-2022,Groceries,332.1,793.0,109.79,False,317.3
29-11-2022,Groceries,357.9,777.3,105.29,False,346.7
01-12-2022,Groceries,406.6,763.6,110.57,False,371.8
02-12-2022,Groceries,375.3,799.1,100.88,False,385.4
03-12-2022,Groceries,396.0,759.0,105.98,False,360.8
06-12-2022,Groceries,412.7,782.3,105.2,True,402.5
08-12-2022,Groceries,592.3,605.8,105.75,True,577.9
10-12-2022,Groceries,406.6,604.8,106.61,False,380.5
11-12-2022,Groceries,379.4,613.7,104.25,False,344.7
12-12-2022,Groceries,354.1,774.3,108.58,False,330.2
13-12-2022,Groceries,354.3,760.9,105.3,False,342.1
14-12-2022,Groceries,415.8,743.0,110.82,False,401.3
18-12-2022,Groceries,386.8,754.6,103.52,False,360.5
21-12-2022,Groceries,403.8,746.1,107.97,False,366.7
22-12-2022,Groceries,412.7,742.4,105.88,False,420.3
23-12-2022,Groceries,441.1,734.2,107.33,False,413.5
27-12-2022,Groceries,360.8,758.5,108.55,False,327.6
28-12-2022,Groceries,416.9,739.0,110.43,False,381.1
30-12-2022,Groceries,423.5,742.7,106.77,False,405.2
31-12-2022,Groceries,399.8,749.7,107.5,False,390.9
01-01-2023,Groceries,390.5,751.7,109.1,False,354.8
03-01-2023,Groceries,398.8,749.2,104.94,False,372.6
04-01-2023,Groceries,429.7,744.4,108.17,False,421.9
01-01-2020,Office Supplies,363.4,882.1,91.4,False,331.7
02-01-2020,Office Supplies,385.4,874.9,91.11,False,381.8
04-01-2020,Office Supplies,361.7,885.2,87.91,False,374.6
05-01-2020,Office Supplies,355.0,883.8,92.87,False,336.3
06-01-2020,Office Supplies,467.7,891.7,89.41,True,441.1
07-01-2020,Office Supplies,477.6,895.2,88.95,True,451.9
08-01-2020,Office Supplies,377.6,877.4,87.46,False,384.3
09-01-2020,Office Supplies,400.9,870.3,87.52,False,406.3
10-01-2020,Office Supplies,514.8,877.8,87.58,True,515.3
10-01-2020,Office Supplies,376.1,810.7,90.05,False,354.4
11-01-2020,Office Supplies,378.7,872.8,90.02,False,373.6
12-01-2020,Office Supplies,353.8,878.2,91.51,False,352.0
13-01-2020,Office Supplies,302.9,886.0,90.75,False,289.9
14-01-2020,Office Supplies,306.7,888.8,85.58,False,302.3
17-01-2020,Office Supplies,433.8,864.9,86.49,False,440.7
19-01-2020,Office Supplies,330.3,903.4,91.05,False,340.3
20-01-2020,Office Supplies,334.6,909.3,92.86,False,341.8
21-01-2020,Office Supplies,348.6,904.7,90.12,False,339.3
22-01-2020,Office Supplies,369.1,484.9,87.58,False,336.0
23-01-2020,Office Supplies,413.8,483.3,89.69,False,429.9
24-01-2020,Office Supplies,377.0,489.1,89.15,False,21.1
25-01-2020,Office Supplies,357.3,491.7,91.72,False,339.3
26-01-2020,Office Supplies,348.9,496.8,90.07,False,332.8
27-01-2020,Office Supplies,303.0,926.6,89.59,False,304.6
28-01-2020,Office Supplies,325.8,915.2,88.17,False,325.6
29-01-2020,Office Supplies,352.1,908.4,92.18,False,321.0
30-01-2020,Office Supplies,385.5,890.0,91.15,False,399.9
31-01-2020,Office Supplies,532.8,879.7,93.08,True,507.0
01-02-2020,Office Supplies,387.7,887.5,91.29,False,356.5
02-02-2020,Office Supplies,361.2,892.8,90.43,False,348.8
03-02-2020,Office Supplies,303.9,912.3,91.68,False,286.1
05-02-2020,Office Supplies,345.8,900.7,91.35,False,332.6
06-02-2020,Office Supplies,365.5,900.3,92.65,False,375.4
09-02-2020,Office Supplies,428.2,928.7,86.15,True,393.7
10-02-2020,Office Supplies,314.7,923.8,88.7,False,294.8
12-02-2020,Office Supplies,388.6,901.8,88.82,False,370.1
13-02-2020,Office Supplies,375.7,904.7,90.49,False,370.0
14-02-2020,Office Supplies,409.1,894.3,90.21,False,382.5
15-02-2020,Office Supplies,369.4,904.2,87.9,False,373.3
17-02-2020,Office Supplies,323.8,523.0,86.51,False,317.7
18-02-2020,Office Supplies,338.0,520.2,90.71,False,18.3
19-02-2020,Office Supplies,348.2,521.8,88.49,False,363.2
20-02-2020,Office Supplies,354.9,522.9,88.92,False,371.2
21-02-2020,Office Supplies,382.8,908.4,86.86,False,372.2
22-02-2020,Office Supplies,369.7,913.3,90.16,False,334.2
23-02-2020,Office Supplies,337.7,919.5,89.01,False,350.4
24-02-2020,Office Supplies,299.2,928.0,88.97,False,303.3
25-02-2020,Office Supplies,313.3,927.2,86.17,False,316.2
27-02-2020,Office Supplies,353.3,917.5,91.56,False,350.0
28-02-2020,Office Supplies,364.7,910.2,88.22,False,336.6
29-02-2020,Office Supplies,345.0,917.1,91.13,False,350.6
01-03-2020,Office Supplies,325.8,914.6,86.62,False,339.9
02-03-2020,Office Supplies,289.8,921.8,86.71,False,295.5
03-03-2020,Office Supplies,291.9,927.0,89.37,False,285.5
04-03-2020,Office Supplies,346.5,870.0,87.73,False,359.9
05-03-2020,Office Supplies,336.6,912.8,88.44,False,312.2
06-03-2020,Office Supplies,353.7,908.3,90.96,False,318.6
08-03-2020,Office Supplies,321.1,908.8,94.87,False,302.9
09-03-2020,Office Supplies,288.5,917.5,88.17,False,284.5
10-03-2020,Office Supplies,342.5,910.5,88.92,True,327.0
12-03-2020,Office Supplies,377.9,884.7,90.36,False,366.2
13-03-2020,Office Supplies,352.8,892.9,87.94,False,368.6
14-03-2020,Office Supplies,353.7,891.1,90.47,False,368.1
15-03-2020,Office Supplies,300.8,896.9,91.27,False,307.1
16-03-2020,Office Supplies,283.2,892.0,91.96,False,292.9
17-03-2020,Office Supplies,311.5,881.8,88.85,False,305.1
18-03-2020,Office Supplies,363.8,863.8,90.76,False,340.6
20-03-2020,Office Supplies,383.9,856.1,88.86,False,374.0
22-03-2020,Office Supplies,292.3,884.8,89.07,False,283.9
23-03-2020,Office Supplies,279.1,881.9,89.67,False,254.2
24-03-2020,Office Supplies,290.9,879.3,88.51,False,286.2
25-03-2020,Office Supplies,306.5,872.5,87.51,False,281.3
26-03-2020,Office Supplies,428.4,873.6,87.28,True,410.6
28-03-2020,Office Supplies,317.4,864.2,89.19,False,314.0
29-03-2020,Office Supplies,305.3,870.3,90.44,False,296.8
30-03-2020,Office Supplies,276.9,879.8,87.69,False,264.6
31-03-2020,Office Supplies,263.3,891.8,94.07,False,250.5
02-04-2020,Office Supplies,513.1,867.7,92.08,True,520.7
04-04-2020,Office Supplies,327.9,873.3,89.83,False,295.6
05-04-2020,Office Supplies,288.5,890.3,90.74,False,302.9
08-04-2020,Office Supplies,276.6,880.4,89.48,False,290.0
09-04-2020,Office Supplies,298.8,878.9,89.48,False,305.2
10-04-2020,Office Supplies,310.1,875.2,91.68,False,288.9
11-04-2020,Office Supplies,275.7,885.2,88.17,False,2655.0
12-04-2020,Office Supplies,279.9,891.6,88.73,False,281.9
13-04-2020,Office Supplies,237.2,918.3,91.13,False,239.5
14-04-2020,Office Supplies,301.4,897.0,90.3,False,312.1
16-04-2020,Office Supplies,304.4,896.4,88.99,False,286.3
17-04-2020,Office Supplies,308.8,906.0,90.91,False,323.0
18-04-2020,Office Supplies,280.8,912.2,90.17,False,259.4
19-04-2020,Office Supplies,279.5,910.1,89.17,False,269.1
21-04-2020,Office Supplies,263.2,922.9,90.68,False,250.2
22-04-2020,Office Supplies,261.0,920.2,89.94,False,246.7
23-04-2020,Office Supplies,338.3,890.1,90.6,False,316.4
25-04-2020,Office Supplies,314.5,890.4,91.74,False,325.0
26-04-2020,Office Supplies,269.6,912.0,88.15,False,271.0
27-04-2020,Office Supplies,252.6,919.4,90.15,False,254.4
28-04-2020,Office Supplies,255.4,910.3,89.52,False,253.7
30-04-2020,Office Supplies,327.9,888.0,88.25,False,313.6
01-05-2020,Office Supplies,435.6,884.8,90.7,True,428.0
02-05-2020,Office Supplies,294.4,895.3,87.66,False,279.9
03-05-2020,Office Supplies,282.2,892.3,92.15,False,289.6
04-05-2020,Office Supplies,225.2,911.7,92.2,False,212.5
05-05-2020,Office Supplies,235.0,905.1,88.28,False,220.5
06-05-2020,Office Supplies,294.7,882.4,90.33,False,305.1
06-05-2020,Office Supplies,267.0,896.0,89.16,False,253.6
07-05-2020,Office Supplies,252.9,879.8,89.1,False,255.5
09-05-2020,Office Supplies,266.9,903.1,90.18,False,268.9
10-05-2020,Office Supplies,239.9,921.3,90.6,False,233.5
11-05-2020,Office Supplies,251.5,922.4,90.39,False,263.7
12-05-2020,Office Supplies,331.8,923.6,87.48,True,330.6
13-05-2020,Office Supplies,258.2,921.6,91.37,False,255.4
15-05-2020,Office Supplies,310.2,907.9,91.95,False,322.9
16-05-2020,Office Supplies,314.1,903.1,89.79,False,303.1
17-05-2020,Office Supplies,280.2,905.2,89.34,False,264.9
18-05-2020,Office Supplies,210.4,931.7,90.19,False,195.5
19-05-2020,Office Supplies,259.6,919.4,90.11,False,244.5
20-05-2020,Office Supplies,291.7,912.2,85.35,False,292.8
21-05-2020,Office Supplies,325.2,897.4,91.16,False,303.0
23-05-2020,Office Supplies,270.7,908.5,91.27,False,244.0
24-05-2020,Office Supplies,268.0,909.5,90.19,False,271.1
25-05-2020,Office Supplies,249.9,917.3,90.88,False,245.6
26-05-2020,Office Supplies,235.4,923.7,90.19,False,218.7
27-05-2020,Office Supplies,327.6,909.4,88.35,True,297.8
28-05-2020,Office Supplies,306.0,892.4,90.21,False,293.4
29-05-2020,Office Supplies,304.3,894.0,91.67,False,292.1
30-05-2020,Office Supplies,295.7,899.6,93.53,False,286.1
01-06-2020,Office Supplies,245.7,917.6,92.25,False,229.0
02-06-2020,Office Supplies,203.7,928.0,90.27,False,194.5
04-06-2020,Office Supplies,321.6,877.3,87.84,False,297.2
06-06-2020,Office Supplies,284.0,879.3,87.43,False,267.8
07-06-2020,Office Supplies,250.2,885.0,87.25,False,256.1
08-06-2020,Office Supplies,217.7,897.6,86.73,False,221.5
09-06-2020,Office Supplies,251.0,889.1,89.27,False,246.1
12-06-2020,Office Supplies,286.1,892.8,87.15,False,296.6
13-06-2020,Office Supplies,279.1,894.2,89.66,False,274.3
14-06-2020,Office Supplies,237.9,906.5,86.09,False,227.9
16-06-2020,Office Supplies,226.4,913.9,90.03,False,224.4
17-06-2020,Office Supplies,253.3,906.0,88.56,False,248.7
19-06-2020,Office Supplies,349.2,900.8,91.19,True,338.9
21-06-2020,Office Supplies,237.5,910.2,87.39,False,235.3
22-06-2020,Office Supplies,205.1,922.7,86.95,False,212.7
23-06-2020,Office Supplies,256.0,905.9,85.93,False,244.6
24-06-2020,Office Supplies,277.4,901.6,88.16,False,287.1
25-06-2020,Office Supplies,283.7,899.5,88.79,False,257.6
26-06-2020,Office Supplies,306.3,886.2,91.62,False,307.4
28-06-2020,Office Supplies,284.4,896.4,88.44,False,281.0
29-06-2020,Office Supplies,275.9,913.4,90.29,True,269.2
01-07-2020,Office Supplies,399.8,900.2,92.05,True,411.8
02-07-2020,Office Supplies,395.6,899.7,85.65,False,414.7
04-07-2020,Office Supplies,296.9,878.2,91.73,False,290.9
06-07-2020,Office Supplies,346.4,890.0,91.33,True,363.1
07-07-2020,Office Supplies,256.0,891.7,89.26,False,255.0
10-07-2020,Office Supplies,345.0,865.8,93.22,False,316.3
11-07-2020,Office Supplies,276.0,893.5,89.76,False,256.9
13-07-2020,Office Supplies,200.5,907.2,90.62,False,207.0
14-07-2020,Office Supplies,225.6,897.1,89.87,False,223.2
15-07-2020,Office Supplies,248.4,894.3,91.85,False,235.4
16-07-2020,Office Supplies,320.0,869.0,88.1,False,309.0
17-07-2020,Office Supplies,326.4,866.9,89.69,False,303.2
21-07-2020,Office Supplies,238.2,891.2,91.11,False,238.3
23-07-2020,Office Supplies,305.6,868.3,87.93,False,304.8
24-07-2020,Office Supplies,338.7,859.5,90.71,False,343.9
25-07-2020,Office Supplies,313.5,858.3,91.55,False,291.4
26-07-2020,Office Supplies,263.3,867.0,87.0,False,240.8
27-07-2020,Office Supplies,257.8,879.3,85.11,False,270.0
28-07-2020,Office Supplies,229.8,889.3,88.71,False,214.1
29-07-2020,Office Supplies,313.9,868.4,89.92,False,305.2
30-07-2020,Office Supplies,456.0,877.5,92.01,True,443.9
31-07-2020,Office Supplies,313.7,867.9,90.17,False,322.8
01-08-2020,Office Supplies,317.7,868.4,92.06,False,317.4
02-08-2020,Office Supplies,253.2,885.2,91.25,False,264.4
05-08-2020,Office Supplies,294.2,885.8,89.32,False,282.2
05-08-2020,Office Supplies,294.6,894.5,90.85,False,288.1
06-08-2020,Office Supplies,337.0,868.6,89.49,False,334.5
08-08-2020,Office Supplies,299.9,870.6,89.88,False,300.2
09-08-2020,Office Supplies,275.8,873.5,88.08,False,256.5
10-08-2020,Office Supplies,249.7,882.5,88.9,False,260.4
11-08-2020,Office Supplies,261.9,880.6,90.57,False,262.9
11-08-2020,Office Supplies,366.3,812.9,87.67,False,330.7
12-08-2020,Office Supplies,290.1,874.9,89.23,False,296.9
13-08-2020,Office Supplies,306.4,871.2,89.56,False,286.3
16-08-2020,Office Supplies,263.4,880.4,90.57,False,241.1
18-08-2020,Office Supplies,270.2,873.0,85.59,False,278.7
19-08-2020,Office Supplies,263.5,883.0,88.63,False,247.6
21-08-2020,Office Supplies,370.6,846.1,88.63,False,356.8
22-08-2020,Office Supplies,289.0,875.0,91.47,False,293.4
23-08-2020,Office Supplies,270.3,450.4,92.07,False,279.7
24-08-2020,Office Supplies,228.6,457.0,90.29,False,224.1
27-08-2020,Office Supplies,355.8,436.9,89.5,False,365.4
29-08-2020,Office Supplies,325.5,861.0,91.02,False,325.5
31-08-2020,Office Supplies,353.9,865.5,93.48,True,369.0
03-09-2020,Office Supplies,330.9,855.5,88.97,False,310.9
04-09-2020,Office Supplies,505.0,842.4,89.71,True,505.0
07-09-2020,Office Supplies,312.7,880.7,89.62,False,297.4
08-09-2020,Office Supplies,296.3,846.3,89.03,False,273.1
09-09-2020,Office Supplies,337.7,834.0,90.16,False,311.7
10-09-2020,Office Supplies,328.4,851.8,87.68,False,316.5
13-09-2020,Office Supplies,303.4,847.6,90.92,False,293.4
15-09-2020,Office Supplies,295.9,849.5,89.09,False,274.6
16-09-2020,Office Supplies,346.8,829.5,84.22,False,360.0
17-09-2020,Office Supplies,334.9,830.8,91.28,False,318.1
18-09-2020,Office Supplies,373.9,819.6,89.57,False,340.4
19-09-2020,Office Supplies,332.5,826.4,90.34,False,303.5
20-09-2020,Office Supplies,296.2,836.5,89.67,False,298.7
21-09-2020,Office Supplies,286.7,837.3,91.99,False,298.9
23-09-2020,Office Supplies,323.6,826.5,89.7,False,327.2
24-09-2020,Office Supplies,358.1,809.4,91.78,False,339.0
27-09-2020,Office Supplies,297.2,833.2,90.49,False,293.8
29-09-2020,Office Supplies,307.0,837.0,92.13,False,288.1
30-09-2020,Office Supplies,320.4,827.8,89.26,False,304.4
06-10-2020,Office Supplies,265.3,899.5,91.17,False,264.7
06-10-2020,Office Supplies,1062.9,840.1,89.75,False,303.3
07-10-2020,Office Supplies,370.4,818.8,86.48,False,371.9
08-10-2020,Office Supplies,349.1,824.6,84.2,False,346.4
09-10-2020,Office Supplies,404.3,803.5,89.96,False,405.8
12-10-2020,Office Supplies,414.9,833.5,88.7,False,400.0
14-10-2020,Office Supplies,365.3,814.8,88.4,False,366.0
15-10-2020,Office Supplies,393.3,812.4,87.09,False,412.4
16-10-2020,Office Supplies,371.5,817.7,90.67,False,368.9
17-10-2020,Office Supplies,376.5,810.7,91.21,False,359.3
19-10-2020,Office Supplies,309.4,829.1,91.81,False,283.7
20-10-2020,Office Supplies,347.8,812.6,90.42,False,348.5
21-10-2020,Office Supplies,374.9,811.0,89.41,False,379.4
22-10-2020,Office Supplies,391.4,811.4,86.18,False,391.4
23-10-2020,Office Supplies,406.7,805.8,89.69,False,416.0
24-10-2020,Office Supplies,404.6,807.2,89.32,False,364.6
25-10-2020,Office Supplies,359.0,818.4,92.08,False,370.0
26-10-2020,Office Supplies,326.3,838.9,89.33,False,314.0
27-10-2020,Office Supplies,321.4,849.9,90.48,False,317.6
28-10-2020,Office Supplies,354.5,832.7,88.9,False,334.1
29-10-2020,Office Supplies,469.1,823.1,90.18,True,471.0
31-10-2020,Office Supplies,401.4,801.9,88.15,False,418.8
01-11-2020,Office Supplies,395.7,809.1,91.85,False,384.8
02-11-2020,Office Supplies,284.1,841.9,91.43,False,283.6
02-11-2020,Office Supplies,428.8,915.0,92.6,True,447.0
03-11-2020,Office Supplies,432.2,896.5,90.9,True,444.2
06-11-2020,Office Supplies,401.4,800.2,91.36,False,399.0
07-11-2020,Office Supplies,362.4,810.1,89.39,False,371.1
09-11-2020,Office Supplies,311.0,832.8,88.44,False,293.0
10-11-2020,Office Supplies,364.8,817.0,90.48,False,363.6
11-11-2020,Office Supplies,391.6,808.8,87.74,False,353.2
12-11-2020,Office Supplies,598.4,798.6,88.83,True,546.6
13-11-2020,Office Supplies,421.1,789.8,89.27,False,417.1
14-11-2020,Office Supplies,522.6,788.7,89.79,True,482.3
15-11-2020,Office Supplies,358.7,819.5,89.26,False,344.0
16-11-2020,Office Supplies,355.6,821.6,84.89,False,362.7
19-11-2020,Office Supplies,1761.7,803.4,90.66,False,403.7
20-11-2020,Office Supplies,419.3,805.9,88.98,False,427.2
22-11-2020,Office Supplies,363.3,834.7,92.84,False,342.9
23-11-2020,Office Supplies,355.1,837.9,89.95,False,372.0
25-11-2020,Office Supplies,387.0,832.3,90.6,False,398.2
26-11-2020,Office Supplies,434.1,815.8,88.32,False,425.9
28-11-2020,Office Supplies,400.5,814.0,89.09,False,420.5
29-11-2020,Office Supplies,398.0,818.1,88.45,False,358.6
01-12-2020,Office Supplies,349.0,838.9,89.74,False,342.8
02-12-2020,Office Supplies,561.2,818.9,91.44,True,579.7
05-12-2020,Office Supplies,430.7,823.7,90.46,False,447.3
06-12-2020,Office Supplies,412.7,825.4,90.56,False,377.4
07-12-2020,Office Supplies,257.5,895.7,88.16,False,241.0
08-12-2020,Office Supplies,356.2,849.7,90.12,False,339.4
09-12-2020,Office Supplies,396.1,835.5,86.87,False,365.2
11-12-2020,Office Supplies,423.4,829.7,89.79,False,399.8
12-12-2020,Office Supplies,402.5,835.3,90.04,False,366.2
13-12-2020,Office Supplies,387.1,841.3,88.1,False,364.2
15-12-2020,Office Supplies,511.8,838.9,89.02,True,525.4
16-12-2020,Office Supplies,393.5,843.4,89.75,False,362.3
17-12-2020,Office Supplies,431.6,836.6,86.7,False,430.8
18-12-2020,Office Supplies,429.7,830.2,88.79,False,448.9
19-12-2020,Office Supplies,392.7,839.4,88.26,False,407.6
20-12-2020,Office Supplies,373.6,854.6,91.3,False,374.4
22-12-2020,Office Supplies,566.1,860.1,89.95,True,512.5
23-12-2020,Office Supplies,377.4,854.9,93.28,False,340.3
25-12-2020,Office Supplies,439.2,834.6,93.05,False,401.6
26-12-2020,Office Supplies,418.5,849.9,89.34,False,413.1
28-12-2020,Office Supplies,373.2,861.0,85.73,False,361.0
29-12-2020,Office Supplies,379.7,859.7,91.38,False,358.1
30-12-2020,Office Supplies,380.8,855.7,89.9,False,377.0
31-12-2020,Office Supplies,588.5,845.2,86.64,True,581.0
02-01-2021,Office Supplies,391.9,849.3,88.0,False,401.8
03-01-2021,Office Supplies,392.4,842.1,86.12,False,375.9
04-01-2021,Office Supplies,323.1,864.1,90.09,False,314.2
04-01-2021,Office Supplies,380.8,859.3,88.71,False,357.9
05-01-2021,Office Supplies,323.8,635.5,88.65,False,322.1
05-01-2021,Office Supplies,349.7,864.5,87.56,False,343.8
07-01-2021,Office Supplies,375.3,860.7,89.57,False,371.7
09-01-2021,Office Supplies,422.3,860.7,90.14,False,415.3
10-01-2021,Office Supplies,514.0,874.4,91.65,True,504.4
14-01-2021,Office Supplies,420.6,845.8,91.39,False,439.7
17-01-2021,Office Supplies,364.1,866.9,89.92,False,334.4
18-01-2021,Office Supplies,390.3,862.4,90.43,False,351.4
20-01-2021,Office Supplies,404.9,851.2,89.64,False,392.9
21-01-2021,Office Supplies,454.8,842.7,91.59,False,418.3
23-01-2021,Office Supplies,440.8,848.6,90.37,False,413.9
27-01-2021,Office Supplies,379.5,866.3,87.4,False,363.4
28-01-2021,Office Supplies,433.2,851.8,90.72,False,424.6
29-01-2021,Office Supplies,428.5,850.7,88.36,False,435.3
30-01-2021,Office Supplies,401.9,855.0,90.23,False,387.5
31-01-2021,Office Supplies,370.2,870.8,89.26,False,333.6
01-02-2021,Office Supplies,369.8,881.7,92.46,False,386.1
02-02-2021,Office Supplies,1744.5,890.3,85.26,True,459.4
03-02-2021,Office Supplies,501.0,912.6,89.27,True,520.7
04-02-2021,Office Supplies,404.0,860.3,93.61,False,400.0
07-02-2021,Office Supplies,350.0,881.4,91.35,False,365.5
09-02-2021,Office Supplies,386.9,812.0,86.88,False,351.8
10-02-2021,Office Supplies,373.1,871.0,89.94,False,359.6
11-02-2021,Office Supplies,417.0,817.7,88.86,False,404.7
12-02-2021,Office Supplies,456.8,847.3,86.11,False,449.4
14-02-2021,Office Supplies,369.0,866.9,85.38,False,352.0
15-02-2021,Office Supplies,344.1,881.1,88.62,False,359.9
16-02-2021,Office Supplies,353.6,886.1,89.74,False,333.0
18-02-2021,Office Supplies,390.4,880.0,92.81,False,356.9
21-02-2021,Office Supplies,356.5,890.0,88.22,False,356.0
24-02-2021,Office Supplies,390.2,882.5,92.26,False,405.8
25-02-2021,Office Supplies,490.3,883.9,85.49,True,459.0
26-02-2021,Office Supplies,680.0,872.0,85.55,True,684.0
27-02-2021,Office Supplies,543.8,898.2,94.09,True,537.1
28-02-2021,Office Supplies,341.9,914.5,84.97,False,353.9
01-03-2021,Office Supplies,331.0,919.9,92.09,False,315.2
03-03-2021,Office Supplies,366.0,893.5,89.24,False,380.8
04-03-2021,Office Supplies,448.0,867.8,90.01,False,422.7
06-03-2021,Office Supplies,386.7,874.2,91.87,False,398.4
07-03-2021,Office Supplies,349.3,880.1,88.57,False,343.4
09-03-2021,Office Supplies,316.7,891.8,89.47,False,298.0
10-03-2021,Office Supplies,375.6,878.5,87.84,False,391.3
11-03-2021,Office Supplies,393.6,864.8,91.41,False,356.8
12-03-2021,Office Supplies,385.0,861.2,88.28,False,385.9
13-03-2021,Office Supplies,368.3,861.3,90.61,False,369.8
14-03-2021,Office Supplies,340.8,864.2,91.91,False,344.0
16-03-2021,Office Supplies,317.8,871.4,89.71,False,290.9
17-03-2021,Office Supplies,458.6,869.1,90.44,True,478.6
18-03-2021,Office Supplies,388.5,857.2,89.01,False,403.7
20-03-2021,Office Supplies,398.8,841.3,91.09,False,370.4
21-03-2021,Office Supplies,330.4,865.0,91.25,False,298.2
22-03-2021,Office Supplies,307.8,867.6,91.6,False,311.5
26-03-2021,Office Supplies,393.7,849.6,87.44,False,386.2
27-03-2021,Office Supplies,385.7,860.3,88.68,False,388.5
28-03-2021,Office Supplies,325.9,878.7,90.79,False,319.8
30-03-2021,Office Supplies,358.3,871.4,92.6,False,374.4
31-03-2021,Office Supplies,339.5,878.8,93.18,False,342.4
02-04-2021,Office Supplies,406.7,853.6,88.44,False,423.7
03-04-2021,Office Supplies,368.1,865.8,87.48,False,354.2
06-04-2021,Office Supplies,297.8,889.0,93.67,False,284.9
07-04-2021,Office Supplies,326.1,879.7,89.8,False,325.4
08-04-2021,Office Supplies,321.7,459.1,92.28,False,329.5
09-04-2021,Office Supplies,363.8,870.0,88.57,False,353.6
10-04-2021,Office Supplies,347.7,874.6,93.7,False,325.1
14-04-2021,Office Supplies,342.2,888.7,90.88,False,339.0
15-04-2021,Office Supplies,374.7,881.4,88.25,False,345.2
16-04-2021,Office Supplies,350.8,893.1,90.22,False,347.8
17-04-2021,Office Supplies,359.3,896.3,91.39,False,332.6
18-04-2021,Office Supplies,323.1,905.6,92.12,False,333.2
21-04-2021,Office Supplies,309.4,927.4,89.47,False,318.2
22-04-2021,Office Supplies,414.4,900.8,88.8,False,401.0
23-04-2021,Office Supplies,354.8,915.0,88.13,False,329.3
26-04-2021,Office Supplies,264.0,955.1,88.55,False,247.3
30-04-2021,Office Supplies,373.6,626.6,87.72,False,378.3
02-05-2021,Office Supplies,1247.2,853.3,90.39,False,433.5
03-05-2021,Office Supplies,287.8,940.2,86.86,False,277.9
04-05-2021,Office Supplies,308.5,930.8,91.79,False,315.0
04-05-2021,Office Supplies,285.9,893.1,89.97,False,291.5
05-05-2021,Office Supplies,356.4,916.6,88.14,False,334.7
06-05-2021,Office Supplies,335.4,915.3,91.43,False,331.8
07-05-2021,Office Supplies,237.6,923.5,89.5,False,237.2
07-05-2021,Office Supplies,355.3,912.0,91.59,False,353.8
11-05-2021,Office Supplies,297.9,937.0,86.87,False,272.6
12-05-2021,Office Supplies,356.1,927.6,89.8,False,327.2
13-05-2021,Office Supplies,324.5,934.2,94.35,False,298.2
14-05-2021,Office Supplies,359.2,933.4,93.55,False,360.8
15-05-2021,Office Supplies,315.3,947.0,88.3,False,295.5
16-05-2021,Office Supplies,299.8,948.7,83.25,False,301.2
17-05-2021,Office Supplies,301.1,954.8,88.32,False,281.1
20-05-2021,Office Supplies,316.2,946.2,86.09,False,314.2
21-05-2021,Office Supplies,573.0,929.7,86.23,True,582.3
22-05-2021,Office Supplies,481.5,945.4,92.23,True,436.0
23-05-2021,Office Supplies,311.6,934.0,88.74,False,304.1
24-05-2021,Office Supplies,286.6,934.2,89.83,False,275.2
25-05-2021,Office Supplies,261.5,620.3,89.25,False,235.8
26-05-2021,Office Supplies,288.4,616.4,87.37,False,285.5
27-05-2021,Office Supplies,379.4,595.1,90.53,False,50.5
30-05-2021,Office Supplies,266.3,948.5,89.17,False,242.9
31-05-2021,Office Supplies,1794.0,935.6,89.66,True,417.4
01-06-2021,Office Supplies,299.1,930.4,90.71,False,304.6
02-06-2021,Office Supplies,307.4,917.7,89.09,False,320.5
03-06-2021,Office Supplies,333.4,913.7,89.95,False,347.5
04-06-2021,Office Supplies,343.2,918.9,89.99,False,309.4
06-06-2021,Office Supplies,289.4,944.4,91.58,False,295.5
07-06-2021,Office Supplies,288.6,940.8,92.09,False,284.4
08-06-2021,Office Supplies,269.1,940.6,89.41,False,260.1
10-06-2021,Office Supplies,351.3,912.9,93.55,False,367.2
11-06-2021,Office Supplies,352.0,902.7,89.72,False,326.5
13-06-2021,Office Supplies,259.8,931.5,88.66,False,238.3
14-06-2021,Office Supplies,272.4,926.6,88.25,False,255.2
15-06-2021,Office Supplies,273.3,926.8,91.91,False,260.1
16-06-2021,Office Supplies,304.0,916.7,90.54,False,283.8
17-06-2021,Office Supplies,348.5,902.1,89.48,False,324.5
18-06-2021,Office Supplies,446.8,913.3,87.97,True,418.5
19-06-2021,Office Supplies,310.8,912.2,90.8,False,291.4
22-06-2021,Office Supplies,289.7,917.9,90.4,False,262.2
24-06-2021,Office Supplies,328.3,904.5,88.59,False,306.8
25-06-2021,Office Supplies,348.9,893.5,91.4,False,321.3
26-06-2021,Office Supplies,301.1,908.2,88.77,False,281.4
27-06-2021,Office Supplies,258.6,921.4,87.19,False,268.4
28-06-2021,Office Supplies,264.8,909.9,89.23,False,262.7
29-06-2021,Office Supplies,255.1,919.9,91.18,False,230.1
30-06-2021,Office Supplies,296.2,913.5,91.44,False,308.8
01-07-2021,Office Supplies,330.8,900.0,88.28,False,346.3
03-07-2021,Office Supplies,340.4,902.5,87.41,False,310.4
04-07-2021,Office Supplies,290.6,920.3,87.29,False,287.7
08-07-2021,Office Supplies,311.7,898.1,92.14,False,305.7
09-07-2021,Office Supplies,316.1,896.4,88.12,False,313.4
10-07-2021,Office Supplies,457.7,893.5,88.98,True,465.6
10-07-2021,Office Supplies,571.3,816.8,87.33,True,599.4
11-07-2021,Office Supplies,305.7,887.2,91.43,False,288.6
12-07-2021,Office Supplies,282.0,898.0,92.17,False,273.4
13-07-2021,Office Supplies,288.8,893.6,89.67,False,294.7
14-07-2021,Office Supplies,300.5,884.8,89.36,False,274.1
15-07-2021,Office Supplies,351.6,862.5,90.83,False,337.4
16-07-2021,Office Supplies,322.6,875.2,90.93,False,308.1
18-07-2021,Office Supplies,296.5,885.2,92.24,False,267.6
19-07-2021,Office Supplies,285.3,874.1,89.86,False,274.4
21-07-2021,Office Supplies,353.8,560.6,88.47,False,363.9
22-07-2021,Office Supplies,337.0,564.1,89.89,False,339.2
25-07-2021,Office Supplies,289.6,571.6,88.7,False,263.5
26-07-2021,Office Supplies,300.1,868.7,90.17,False,278.6
29-07-2021,Office Supplies,331.6,837.6,90.04,False,343.5
30-07-2021,Office Supplies,531.2,818.3,94.26,True,508.2
01-08-2021,Office Supplies,574.9,845.0,89.61,True,586.8
01-08-2021,Office Supplies,292.5,460.9,89.3,False,302.7
02-08-2021,Office Supplies,299.6,459.1,92.72,False,48.5
05-08-2021,Office Supplies,341.1,829.3,88.4,False,310.1
06-08-2021,Office Supplies,365.2,815.8,89.18,False,375.4
07-08-2021,Office Supplies,339.0,815.2,89.02,False,332.3
08-08-2021,Office Supplies,283.5,828.7,92.04,False,256.1
09-08-2021,Office Supplies,302.6,825.5,92.38,False,297.7
10-08-2021,Office Supplies,436.7,797.9,89.0,False,455.0
10-08-2021,Office Supplies,373.2,824.6,89.91,True,381.0
11-08-2021,Office Supplies,369.4,796.9,89.79,False,3419.0
12-08-2021,Office Supplies,438.7,780.2,85.59,False,395.3
12-08-2021,Office Supplies,373.8,795.2,87.14,False,388.7
13-08-2021,Office Supplies,412.5,777.2,90.89,False,398.0
14-08-2021,Office Supplies,360.0,798.5,93.31,False,347.8
15-08-2021,Office Supplies,316.5,811.1,92.33,False,324.4
16-08-2021,Office Supplies,331.4,800.3,89.06,False,333.8
17-08-2021,Office Supplies,302.4,805.5,89.68,False,281.7
18-08-2021,Office Supplies,324.5,797.9,89.99,False,326.9
19-08-2021,Office Supplies,365.4,790.6,88.51,False,347.7
20-08-2021,Office Supplies,385.2,785.9,91.02,False,362.3
21-08-2021,Office Supplies,355.8,787.1,86.61,False,339.6
22-08-2021,Office Supplies,355.5,791.1,91.79,False,361.5
23-08-2021,Office Supplies,275.6,818.8,90.05,False,2734.0
26-08-2021,Office Supplies,361.2,798.4,88.93,False,366.3
28-08-2021,Office Supplies,350.4,802.9,89.71,False,366.6
29-08-2021,Office Supplies,337.6,817.9,89.88,False,310.3
30-08-2021,Office Supplies,318.5,825.1,87.23,False,297.2
03-09-2021,Office Supplies,399.0,800.0,88.09,False,397.6
05-09-2021,Office Supplies,315.5,929.8,89.83,False,313.2
06-09-2021,Office Supplies,327.2,923.7,89.15,False,330.7
06-09-2021,Office Supplies,364.3,817.9,88.85,False,341.5
08-09-2021,Office Supplies,406.7,803.8,89.77,False,413.6
10-09-2021,Office Supplies,415.4,804.7,88.4,False,394.2
12-09-2021,Office Supplies,365.7,821.2,90.73,False,354.4
13-09-2021,Office Supplies,327.1,836.5,90.55,False,3379.0
14-09-2021,Office Supplies,353.5,825.4,88.18,False,357.2
15-09-2021,Office Supplies,331.4,831.7,90.25,False,320.2
16-09-2021,Office Supplies,393.0,805.5,89.22,False,396.0
17-09-2021,Office Supplies,410.9,799.7,89.45,False,392.8
18-09-2021,Office Supplies,418.4,794.9,91.9,False,388.0
20-09-2021,Office Supplies,357.9,822.4,93.28,False,332.6
21-09-2021,Office Supplies,331.8,835.5,90.69,False,317.2
22-09-2021,Office Supplies,450.3,825.6,91.54,True,426.4
23-09-2021,Office Supplies,406.5,815.3,91.14,False,409.4
24-09-2021,Office Supplies,404.7,815.1,88.81,False,398.2
25-09-2021,Office Supplies,372.3,828.7,86.55,False,354.6
26-09-2021,Office Supplies,396.8,810.3,91.35,False,380.8
27-09-2021,Office Supplies,374.7,814.0,87.64,False,390.9
28-09-2021,Office Supplies,354.6,820.1,88.0,False,328.7
29-09-2021,Office Supplies,388.8,810.3,89.06,False,391.2
30-09-2021,Office Supplies,424.1,799.0,90.36,False,399.9
01-10-2021,Office Supplies,645.0,800.8,87.95,True,603.9
03-10-2021,Office Supplies,383.9,820.9,87.74,False,345.6
04-10-2021,Office Supplies,354.2,824.0,88.65,False,324.5
05-10-2021,Office Supplies,359.2,821.7,90.46,False,325.3
06-10-2021,Office Supplies,404.3,812.6,90.72,False,382.5
09-10-2021,Office Supplies,386.1,815.4,89.43,False,355.8
10-10-2021,Office Supplies,369.8,823.9,89.86,False,343.6
11-10-2021,Office Supplies,409.1,816.9,92.21,False,409.7
12-10-2021,Office Supplies,343.5,855.4,91.36,False,318.1
14-10-2021,Office Supplies,413.0,845.1,92.49,False,380.3
15-10-2021,Office Supplies,418.2,839.5,88.4,False,383.2
17-10-2021,Office Supplies,399.1,850.1,88.51,False,393.5
18-10-2021,Office Supplies,367.3,855.5,88.12,False,350.7
20-10-2021,Office Supplies,387.5,838.3,89.38,False,356.4
21-10-2021,Office Supplies,437.3,822.0,90.08,False,394.6
22-10-2021,Office Supplies,423.7,830.1,90.75,False,442.0
23-10-2021,Office Supplies,434.3,822.0,91.11,False,402.0
24-10-2021,Office Supplies,384.6,826.2,89.39,False,363.1
25-10-2021,Office Supplies,386.5,834.3,90.99,False,380.9
26-10-2021,Office Supplies,383.0,839.5,89.4,False,348.1
27-10-2021,Office Supplies,557.0,847.0,87.78,True,582.4
28-10-2021,Office Supplies,466.0,816.4,89.17,False,423.5
29-10-2021,Office Supplies,445.6,823.9,86.42,False,451.0
30-10-2021,Office Supplies,452.4,815.0,86.58,False,428.8
02-11-2021,Office Supplies,484.4,863.0,90.82,True,448.5
03-11-2021,Office Supplies,400.6,822.7,90.88,False,380.3
05-11-2021,Office Supplies,432.9,806.1,90.36,False,397.0
06-11-2021,Office Supplies,460.2,797.8,88.36,False,416.0
07-11-2021,Office Supplies,417.3,814.8,89.33,False,433.4
08-11-2021,Office Supplies,370.3,829.3,90.55,False,361.6
09-11-2021,Office Supplies,362.3,819.9,86.15,False,369.3
09-11-2021,Office Supplies,361.8,829.7,90.82,False,360.2
11-11-2021,Office Supplies,481.9,796.7,88.24,False,444.3
12-11-2021,Office Supplies,455.9,805.7,92.43,False,455.6
14-11-2021,Office Supplies,426.0,818.7,88.02,False,403.2
15-11-2021,Office Supplies,386.0,825.3,89.65,False,389.1
16-11-2021,Office Supplies,398.0,818.5,89.37,False,371.4
18-11-2021,Office Supplies,451.0,792.6,87.58,False,446.1
19-11-2021,Office Supplies,443.1,790.6,89.36,False,416.2
23-11-2021,Office Supplies,392.1,806.6,89.4,False,390.7
24-11-2021,Office Supplies,434.2,796.8,90.37,False,454.6
25-11-2021,Office Supplies,468.1,783.1,90.28,False,468.1
27-11-2021,Office Supplies,478.2,776.0,90.3,False,437.4
28-11-2021,Office Supplies,442.1,788.7,87.03,False,438.3
29-11-2021,Office Supplies,374.9,811.0,86.44,False,346.7
01-12-2021,Office Supplies,416.3,804.6,88.39,False,398.7
02-12-2021,Office Supplies,454.4,793.7,89.37,False,412.5
05-12-2021,Office Supplies,419.9,811.2,91.35,False,407.5
06-12-2021,Office Supplies,423.9,797.8,88.42,False,394.1
07-12-2021,Office Supplies,427.9,791.8,90.24,False,445.6
11-12-2021,Office Supplies,454.3,767.3,89.36,False,411.5
16-12-2021,Office Supplies,468.4,770.6,90.21,False,424.3
19-12-2021,Office Supplies,451.2,776.9,91.81,False,470.1
20-12-2021,Office Supplies,437.9,782.3,91.87,False,452.5
21-12-2021,Office Supplies,420.6,784.9,89.28,False,395.6
23-12-2021,Office Supplies,470.7,772.1,88.96,False,439.0
24-12-2021,Office Supplies,510.9,767.5,90.75,False,501.1
25-12-2021,Office Supplies,449.1,781.1,87.91,False,428.2
26-12-2021,Office Supplies,402.9,785.4,89.22,False,379.8
27-12-2021,Office Supplies,422.5,774.5,89.49,False,403.8
28-12-2021,Office Supplies,419.1,768.7,88.06,False,408.0
30-12-2021,Office Supplies,440.5,758.9,88.35,False,417.8
31-12-2021,Office Supplies,481.8,747.1,91.13,False,484.0
01-01-2022,Office Supplies,452.5,758.2,87.71,False,407.5
03-01-2022,Office Supplies,402.4,779.8,89.48,False,398.5
04-01-2022,Office Supplies,431.3,768.1,85.3,False,396.6
06-01-2022,Office Supplies,501.8,752.3,87.01,False,495.4
07-01-2022,Office Supplies,630.7,758.9,90.67,True,595.4
07-01-2022,Office Supplies,403.5,677.7,88.92,False,397.8
10-01-2022,Office Supplies,428.3,742.7,90.79,False,433.0
11-01-2022,Office Supplies,414.1,407.9,90.05,False,398.8
13-01-2022,Office Supplies,480.7,734.7,90.13,False,495.1
14-01-2022,Office Supplies,459.5,743.8,88.77,False,445.7
15-01-2022,Office Supplies,466.7,733.5,90.65,False,462.3
16-01-2022,Office Supplies,367.3,758.0,89.73,False,369.6
17-01-2022,Office Supplies,368.7,753.4,90.02,False,353.9
20-01-2022,Office Supplies,599.5,714.5,88.95,True,555.1
21-01-2022,Office Supplies,488.0,721.6,85.3,False,487.5
22-01-2022,Office Supplies,460.0,725.0,91.16,False,422.0
24-01-2022,Office Supplies,362.8,767.6,86.52,False,363.4
26-01-2022,Office Supplies,421.7,748.0,89.54,False,426.8
28-01-2022,Office Supplies,463.3,734.3,90.46,False,458.1
29-01-2022,Office Supplies,483.8,726.3,88.37,False,485.2
30-01-2022,Office Supplies,402.9,746.9,87.33,False,396.7
31-01-2022,Office Supplies,402.0,738.4,88.11,False,373.6
01-02-2022,Office Supplies,424.6,768.4,90.95,False,405.2
01-02-2022,Office Supplies,409.8,738.0,89.89,False,395.5
02-02-2022,Office Supplies,453.7,722.1,91.73,False,409.3
03-02-2022,Office Supplies,462.6,714.3,90.29,False,427.3
04-02-2022,Office Supplies,496.9,458.1,88.46,False,448.0
06-02-2022,Office Supplies,388.1,474.5,89.34,False,77.5
07-02-2022,Office Supplies,372.0,479.7,92.68,False,356.8
07-02-2022,Office Supplies,403.7,684.7,91.24,False,365.4
08-02-2022,Office Supplies,344.2,677.4,91.55,False,348.2
09-02-2022,Office Supplies,558.8,726.8,88.77,True,575.4
09-02-2022,Office Supplies,396.2,745.7,90.28,False,394.1
10-02-2022,Office Supplies,488.2,719.0,87.92,False,487.4
11-02-2022,Office Supplies,437.7,737.5,88.85,False,401.5
13-02-2022,Office Supplies,417.1,736.5,87.35,False,393.4
14-02-2022,Office Supplies,376.0,745.3,93.01,False,393.7
15-02-2022,Office Supplies,410.0,732.8,90.44,False,406.9
16-02-2022,Office Supplies,383.0,743.0,88.54,False,364.5
17-02-2022,Office Supplies,462.7,725.7,90.53,False,418.4
18-02-2022,Office Supplies,457.8,725.4,90.97,False,439.8
19-02-2022,Office Supplies,1090.8,731.9,87.17,False,427.5
21-02-2022,Office Supplies,415.2,739.5,90.82,False,422.0
22-02-2022,Office Supplies,403.6,741.6,90.57,False,421.5
24-02-2022,Office Supplies,421.1,740.1,91.59,False,381.1
25-02-2022,Office Supplies,430.2,735.3,89.73,False,388.0
26-02-2022,Office Supplies,445.5,722.4,89.52,False,443.7
27-02-2022,Office Supplies,404.9,722.6,88.24,False,3992.0
28-02-2022,Office Supplies,394.1,726.6,92.67,False,410.5
01-03-2022,Office Supplies,385.2,735.5,92.5,False,355.9
02-03-2022,Office Supplies,414.9,731.5,92.08,False,416.2
03-03-2022,Office Supplies,441.0,728.2,89.57,False,423.7
04-03-2022,Office Supplies,624.3,724.0,93.06,True,646.1
05-03-2022,Office Supplies,455.0,725.3,88.26,False,454.9
06-03-2022,Office Supplies,378.4,739.8,91.01,False,356.8
08-03-2022,Office Supplies,375.1,738.7,89.93,False,354.4
09-03-2022,Office Supplies,409.0,730.4,90.32,False,403.1
10-03-2022,Office Supplies,433.6,727.8,90.42,False,454.5
10-03-2022,Office Supplies,385.9,752.0,89.92,False,401.5
11-03-2022,Office Supplies,425.4,727.3,90.91,False,406.0
11-03-2022,Office Supplies,493.0,736.1,87.97,False,463.6
16-03-2022,Office Supplies,401.1,749.0,87.27,False,367.0
17-03-2022,Office Supplies,445.2,737.5,89.57,False,438.4
18-03-2022,Office Supplies,443.9,740.6,92.07,False,453.3
20-03-2022,Office Supplies,374.1,759.9,88.22,False,364.2
21-03-2022,Office Supplies,352.5,766.1,90.55,False,359.9
22-03-2022,Office Supplies,361.4,763.4,88.92,False,344.2
23-03-2022,Office Supplies,451.6,731.6,88.04,False,442.1
24-03-2022,Office Supplies,407.1,743.1,87.86,False,414.8
25-03-2022,Office Supplies,411.8,748.7,89.01,False,429.2
28-03-2022,Office Supplies,343.4,766.2,90.13,False,333.2
29-03-2022,Office Supplies,356.4,749.2,92.06,False,353.4
30-03-2022,Office Supplies,397.0,737.1,86.08,False,391.7
31-03-2022,Office Supplies,413.0,732.8,88.31,False,381.1
02-04-2022,Office Supplies,435.4,715.2,92.0,False,400.3
03-04-2022,Office Supplies,371.7,740.0,90.87,False,347.0
04-04-2022,Office Supplies,346.2,750.9,91.56,False,342.0
06-04-2022,Office Supplies,553.1,736.3,87.82,True,509.7
07-04-2022,Office Supplies,419.6,728.7,89.14,False,423.4
08-04-2022,Office Supplies,420.4,727.7,91.96,False,437.0
08-04-2022,Office Supplies,409.9,667.8,92.06,False,415.0
09-04-2022,Office Supplies,406.7,735.4,92.77,False,384.0
10-04-2022,Office Supplies,577.5,740.6,89.1,True,535.9
12-04-2022,Office Supplies,373.9,733.9,87.91,False,345.9
13-04-2022,Office Supplies,374.2,728.9,89.13,False,374.5
15-04-2022,Office Supplies,402.9,719.6,90.29,False,383.1
16-04-2022,Office Supplies,407.4,718.3,88.13,False,407.3
17-04-2022,Office Supplies,323.6,745.7,85.8,False,334.1
18-04-2022,Office Supplies,331.3,743.7,92.58,False,321.5
19-04-2022,Office Supplies,387.5,723.4,85.19,False,351.9
21-04-2022,Office Supplies,393.4,714.2,89.3,False,409.9
25-04-2022,Office Supplies,343.3,736.5,90.07,False,338.9
26-04-2022,Office Supplies,347.7,732.6,88.49,False,326.4
27-04-2022,Office Supplies,384.3,723.2,91.92,False,361.8
28-04-2022,Office Supplies,402.3,704.2,90.88,False,414.7
01-05-2022,Office Supplies,422.8,771.4,91.13,False,423.9
01-05-2022,Office Supplies,370.6,695.4,88.77,False,386.5
03-05-2022,Office Supplies,330.6,710.3,92.14,False,299.0
04-05-2022,Office Supplies,374.8,694.6,90.93,False,391.2
04-05-2022,Office Supplies,324.6,748.6,91.2,False,321.4
05-05-2022,Office Supplies,380.2,694.7,90.52,False,353.1
06-05-2022,Office Supplies,420.9,680.7,90.97,False,409.0
08-05-2022,Office Supplies,332.0,702.1,90.41,False,305.6
09-05-2022,Office Supplies,364.5,748.0,87.65,False,345.2
09-05-2022,Office Supplies,310.9,701.6,88.52,False,292.7
11-05-2022,Office Supplies,368.8,681.3,88.18,False,336.4
12-05-2022,Office Supplies,357.4,689.7,92.12,False,351.2
13-05-2022,Office Supplies,410.8,680.1,93.71,False,412.7
14-05-2022,Office Supplies,386.8,704.4,90.05,False,400.6
15-05-2022,Office Supplies,338.0,716.9,88.87,False,348.9
16-05-2022,Office Supplies,335.7,722.9,89.28,False,326.2
17-05-2022,Office Supplies,486.9,715.9,90.85,True,441.4
19-05-2022,Office Supplies,425.8,690.9,90.08,False,442.0
20-05-2022,Office Supplies,386.2,701.6,88.34,False,360.2
21-05-2022,Office Supplies,464.6,706.4,90.66,True,455.8
22-05-2022,Office Supplies,334.0,719.9,89.45,False,336.6
23-05-2022,Office Supplies,292.0,728.3,88.33,False,269.6
27-05-2022,Office Supplies,383.5,713.4,89.49,False,373.4
28-05-2022,Office Supplies,383.6,719.3,90.65,False,371.1
29-05-2022,Office Supplies,345.9,725.6,88.9,False,316.7
30-05-2022,Office Supplies,293.0,739.8,90.46,False,284.8
01-06-2022,Office Supplies,346.2,719.1,89.16,False,362.2
02-06-2022,Office Supplies,364.7,709.3,91.45,False,374.1
03-06-2022,Office Supplies,379.0,700.2,92.79,False,375.4
04-06-2022,Office Supplies,385.4,698.3,88.19,False,367.9
06-06-2022,Office Supplies,332.4,722.9,89.02,False,326.3
08-06-2022,Office Supplies,340.5,731.4,89.83,False,355.3
16-06-2022,Office Supplies,389.5,694.1,92.68,False,373.9
20-06-2022,Office Supplies,293.0,721.1,91.05,False,303.5
21-06-2022,Office Supplies,343.8,698.3,88.05,False,340.7
23-06-2022,Office Supplies,344.0,697.4,88.02,False,347.1
24-06-2022,Office Supplies,382.5,681.9,88.28,False,350.3
25-06-2022,Office Supplies,356.7,689.9,90.59,False,350.9
26-06-2022,Office Supplies,342.5,698.9,89.89,False,323.9
28-06-2022,Office Supplies,286.8,705.7,93.15,False,275.4
29-06-2022,Office Supplies,356.8,685.5,88.88,False,344.1
03-07-2022,Office Supplies,311.3,711.9,89.19,False,283.5
03-07-2022,Office Supplies,375.4,740.0,91.31,False,341.4
05-07-2022,Office Supplies,330.8,706.9,90.62,False,319.2
06-07-2022,Office Supplies,317.7,731.3,91.45,False,327.9
07-07-2022,Office Supplies,399.0,679.4,88.26,False,409.9
08-07-2022,Office Supplies,349.2,696.2,88.81,False,342.6
13-07-2022,Office Supplies,341.6,710.1,90.33,False,342.4
15-07-2022,Office Supplies,393.4,693.8,89.71,False,393.4
16-07-2022,Office Supplies,404.8,690.2,90.1,False,393.7
18-07-2022,Office Supplies,327.9,700.4,93.14,False,331.7
20-07-2022,Office Supplies,379.2,685.8,90.0,False,354.8
22-07-2022,Office Supplies,410.4,672.8,89.88,False,421.8
23-07-2022,Office Supplies,364.8,690.5,88.21,False,363.0
24-07-2022,Office Supplies,353.3,693.2,89.43,False,340.0
25-07-2022,Office Supplies,305.9,698.7,88.36,False,295.0
27-07-2022,Office Supplies,343.2,688.6,89.35,False,320.8
29-07-2022,Office Supplies,393.8,668.0,88.27,False,377.6
30-07-2022,Office Supplies,407.9,659.1,88.92,False,401.9
31-07-2022,Office Supplies,328.3,683.0,89.13,False,330.9
06-08-2022,Office Supplies,391.5,681.0,94.52,False,393.9
07-08-2022,Office Supplies,401.3,685.7,87.53,False,365.8
08-08-2022,Office Supplies,349.7,701.6,88.98,False,354.3
09-08-2022,Office Supplies,343.0,699.1,93.09,False,358.1
10-08-2022,Office Supplies,357.3,700.7,90.93,False,329.9
11-08-2022,Office Supplies,395.6,685.2,88.89,False,371.3
13-08-2022,Office Supplies,536.7,704.3,88.04,True,492.6
15-08-2022,Office Supplies,317.0,720.9,89.75,False,305.9
16-08-2022,Office Supplies,346.0,714.0,90.14,False,318.4
17-08-2022,Office Supplies,361.2,717.1,89.16,False,344.2
19-08-2022,Office Supplies,426.8,702.3,89.33,False,418.4
20-08-2022,Office Supplies,551.0,714.8,89.22,True,501.2
21-08-2022,Office Supplies,370.1,717.7,93.82,False,345.0
22-08-2022,Office Supplies,353.7,726.6,91.24,False,368.3
26-08-2022,Office Supplies,433.3,708.4,90.3,False,430.7
27-08-2022,Office Supplies,418.2,717.3,93.67,False,395.1
28-08-2022,Office Supplies,365.3,737.0,89.79,False,382.6
30-08-2022,Office Supplies,312.4,758.4,92.41,False,282.5
31-08-2022,Office Supplies,380.5,737.4,89.23,False,360.2
01-09-2022,Office Supplies,437.1,722.7,91.62,False,399.6
03-09-2022,Office Supplies,401.3,732.2,86.69,False,394.7
07-09-2022,Office Supplies,535.4,730.3,91.95,True,504.4
07-09-2022,Office Supplies,373.3,686.6,90.5,False,357.7
09-09-2022,Office Supplies,427.2,741.5,92.32,False,399.7
10-09-2022,Office Supplies,412.6,756.0,92.0,False,399.8
11-09-2022,Office Supplies,396.0,746.1,88.48,False,393.6
13-09-2022,Office Supplies,365.1,741.7,89.43,False,361.2
14-09-2022,Office Supplies,397.4,731.7,91.1,False,362.5
15-09-2022,Office Supplies,417.4,722.5,92.43,False,403.9
16-09-2022,Office Supplies,443.3,708.2,92.14,False,427.0
18-09-2022,Office Supplies,416.9,705.4,89.32,False,433.8
19-09-2022,Office Supplies,347.4,728.3,90.58,False,358.2
20-09-2022,Office Supplies,377.4,716.6,89.92,False,368.1
21-09-2022,Office Supplies,382.3,715.3,87.35,False,375.6
22-09-2022,Office Supplies,425.5,704.1,91.06,False,441.4
23-09-2022,Office Supplies,461.4,701.1,91.29,False,425.6
24-09-2022,Office Supplies,435.6,712.7,88.3,False,411.3
25-09-2022,Office Supplies,389.5,738.1,87.32,False,377.8
28-09-2022,Office Supplies,401.5,735.5,90.93,False,417.9
29-09-2022,Office Supplies,448.7,726.4,90.69,False,432.7
30-09-2022,Office Supplies,451.0,729.2,90.06,False,421.5
02-10-2022,Office Supplies,388.6,756.5,90.04,False,382.5
04-10-2022,Office Supplies,354.1,761.7,88.83,False,343.2
05-10-2022,Office Supplies,424.8,742.0,92.74,False,442.9
06-10-2022,Office Supplies,474.4,732.0,90.34,False,467.8
07-10-2022,Office Supplies,431.4,753.0,89.14,False,401.5
09-10-2022,Office Supplies,399.7,744.2,92.45,False,395.6
10-10-2022,Office Supplies,394.7,754.0,93.31,False,358.2
11-10-2022,Office Supplies,487.2,734.4,89.51,False,442.6
11-10-2022,Office Supplies,524.6,746.8,86.34,True,550.8
13-10-2022,Office Supplies,664.3,748.2,89.83,True,608.2
16-10-2022,Office Supplies,416.2,761.1,88.63,False,379.9
17-10-2022,Office Supplies,398.6,766.4,91.38,False,394.7
18-10-2022,Office Supplies,426.5,755.4,90.37,False,436.8
19-10-2022,Office Supplies,454.8,748.4,88.23,False,454.5
23-10-2022,Office Supplies,466.1,742.9,91.91,False,484.5
25-10-2022,Office Supplies,427.0,765.8,93.18,False,413.8
26-10-2022,Office Supplies,434.4,761.1,89.88,False,427.9
27-10-2022,Office Supplies,492.0,741.8,89.9,False,456.0
28-10-2022,Office Supplies,473.4,755.9,89.95,False,444.5
29-10-2022,Office Supplies,480.1,746.3,90.18,False,495.0
31-10-2022,Office Supplies,436.6,760.3,89.45,False,417.9
01-11-2022,Office Supplies,426.4,761.3,89.57,False,442.4
04-11-2022,Office Supplies,485.7,735.7,92.25,False,461.8
05-11-2022,Office Supplies,478.1,733.2,90.54,False,454.0
06-11-2022,Office Supplies,451.3,736.3,89.07,False,413.0
07-11-2022,Office Supplies,607.5,747.7,88.22,True,598.1
09-11-2022,Office Supplies,642.9,736.7,91.73,True,672.5
11-11-2022,Office Supplies,498.5,731.2,91.06,False,503.1
13-11-2022,Office Supplies,454.0,746.6,91.15,False,447.1
14-11-2022,Office Supplies,414.1,756.8,89.83,False,414.2
15-11-2022,Office Supplies,464.5,738.8,87.94,False,467.3
16-11-2022,Office Supplies,496.3,725.0,86.25,False,504.6
17-11-2022,Office Supplies,499.1,722.1,87.64,False,516.1
20-11-2022,Office Supplies,473.9,740.5,87.83,False,488.0
21-11-2022,Office Supplies,443.4,748.4,89.25,False,411.1
22-11-2022,Office Supplies,425.9,757.2,89.1,False,445.9
23-11-2022,Office Supplies,468.5,731.7,89.48,False,488.9
24-11-2022,Office Supplies,523.5,712.0,88.8,False,525.7
26-11-2022,Office Supplies,461.0,726.5,89.34,False,424.4
27-11-2022,Office Supplies,451.2,719.3,89.42,False,419.8
28-11-2022,Office Supplies,433.9,715.9,91.74,False,444.6
29-11-2022,Office Supplies,431.1,722.1,84.41,False,390.2
30-11-2022,Office Supplies,474.8,712.6,88.59,False,492.6
01-12-2022,Office Supplies,455.6,395.0,90.05,False,442.1
01-12-2022,Office Supplies,526.3,696.0,91.91,False,528.3
02-12-2022,Office Supplies,537.7,695.0,88.1,False,487.7
04-12-2022,Office Supplies,428.0,726.5,87.76,False,433.6
06-12-2022,Office Supplies,437.1,730.7,88.92,False,424.0
07-12-2022,Office Supplies,522.5,705.6,88.7,False,538.6
07-12-2022,Office Supplies,328.2,714.6,90.06,False,335.6
08-12-2022,Office Supplies,498.9,720.9,92.03,False,467.4
11-12-2022,Office Supplies,444.7,740.9,89.81,False,464.4
11-12-2022,Office Supplies,485.5,733.8,90.54,False,437.8
12-12-2022,Office Supplies,454.9,745.7,91.47,False,446.2
13-12-2022,Office Supplies,459.5,745.5,89.82,False,458.2
14-12-2022,Office Supplies,481.8,744.9,88.9,False,440.8
15-12-2022,Office Supplies,516.9,730.9,92.45,False,513.6
16-12-2022,Office Supplies,540.0,718.1,91.13,False,526.2
17-12-2022,Office Supplies,515.3,720.7,88.15,False,539.5
18-12-2022,Office Supplies,750.8,725.2,91.96,True,776.7
19-12-2022,Office Supplies,456.8,727.8,92.27,False,478.5
20-12-2022,Office Supplies,459.7,718.7,90.78,False,455.3
21-12-2022,Office Supplies,536.1,705.6,90.2,False,555.6
25-12-2022,Office Supplies,456.1,753.7,85.86,False,439.3
26-12-2022,Office Supplies,429.2,762.1,88.62,False,433.1
27-12-2022,Office Supplies,673.0,763.6,90.93,True,623.7
29-12-2022,Office Supplies,494.8,749.5,90.1,False,451.1
30-12-2022,Office Supplies,544.9,729.5,88.31,False,549.0
31-12-2022,Office Supplies,498.2,740.2,88.33,False,475.7
02-01-2023,Office Supplies,461.1,751.3,90.54,False,438.1
04-01-2023,Office Supplies,498.9,740.8,90.95,False,485.1
01-01-2020,Pet Supplies,298.5,804.4,196.85,False,306.6
02-01-2020,Pet Supplies,298.1,807.0,191.7,False,281.1
03-01-2020,Pet Supplies,931.2,803.9,192.42,False,295.0
04-01-2020,Pet Supplies,306.4,809.5,200.14,False,309.4
05-01-2020,Pet Supplies,266.4,815.9,191.48,False,257.4
06-01-2020,Pet Supplies,247.0,827.6,198.77,False,243.2
07-01-2020,Pet Supplies,259.2,827.9,193.95,False,255.8
09-01-2020,Pet Supplies,308.6,768.5,196.38,False,318.5
12-01-2020,Pet Supplies,276.9,803.7,191.13,False,287.0
13-01-2020,Pet Supplies,242.6,822.0,193.48,False,247.1
14-01-2020,Pet Supplies,253.3,822.7,190.2,False,245.1
15-01-2020,Pet Supplies,259.2,828.2,194.95,False,268.2
19-01-2020,Pet Supplies,274.9,809.4,202.37,False,262.7
21-01-2020,Pet Supplies,271.2,824.5,196.78,False,269.8
22-01-2020,Pet Supplies,258.3,829.5,198.48,False,263.3
24-01-2020,Pet Supplies,299.3,823.3,200.3,False,307.4
25-01-2020,Pet Supplies,285.1,827.9,191.61,False,260.8
26-01-2020,Pet Supplies,240.3,841.9,196.76,False,231.0
27-01-2020,Pet Supplies,230.2,850.8,194.86,False,231.7
28-01-2020,Pet Supplies,247.5,842.5,194.21,False,230.9
29-01-2020,Pet Supplies,249.3,837.9,194.66,False,227.4
31-01-2020,Pet Supplies,294.8,832.2,193.59,False,277.5
03-02-2020,Pet Supplies,224.1,846.1,200.93,False,220.1
05-02-2020,Pet Supplies,233.4,836.0,192.64,False,235.4
06-02-2020,Pet Supplies,292.2,819.9,194.81,False,270.5
06-02-2020,Pet Supplies,255.5,834.5,197.7,False,230.8
07-02-2020,Pet Supplies,292.7,772.6,193.83,False,268.6
07-02-2020,Pet Supplies,287.7,819.9,196.57,False,290.3
08-02-2020,Pet Supplies,271.9,829.9,195.19,False,261.3
09-02-2020,Pet Supplies,944.4,825.1,189.99,False,246.4
10-02-2020,Pet Supplies,247.3,827.4,194.94,False,241.9
11-02-2020,Pet Supplies,236.5,827.9,198.58,False,214.5
12-02-2020,Pet Supplies,256.1,821.6,200.73,False,236.5
14-02-2020,Pet Supplies,305.2,814.3,194.46,False,299.2
15-02-2020,Pet Supplies,236.5,824.9,197.81,False,237.3
16-02-2020,Pet Supplies,267.5,813.6,203.25,False,247.8
18-02-2020,Pet Supplies,238.4,823.7,195.18,False,226.1
20-02-2020,Pet Supplies,328.2,801.6,188.57,False,328.3
21-02-2020,Pet Supplies,284.0,815.7,198.57,False,279.2
23-02-2020,Pet Supplies,237.4,834.5,188.93,False,218.7
24-02-2020,Pet Supplies,236.6,825.7,194.44,False,231.7
26-02-2020,Pet Supplies,249.9,830.0,194.52,False,243.7
27-02-2020,Pet Supplies,286.4,822.1,200.66,False,259.0
28-02-2020,Pet Supplies,282.0,823.2,190.24,False,280.7
29-02-2020,Pet Supplies,282.2,825.0,196.5,False,285.3
03-03-2020,Pet Supplies,247.5,830.4,198.55,False,258.6
04-03-2020,Pet Supplies,248.3,823.1,195.28,False,244.1
10-03-2020,Pet Supplies,225.2,835.6,199.09,False,206.0
11-03-2020,Pet Supplies,267.8,825.8,192.49,False,252.1
13-03-2020,Pet Supplies,286.0,812.9,197.64,False,292.7
14-03-2020,Pet Supplies,253.1,815.3,199.0,False,238.7
15-03-2020,Pet Supplies,249.7,817.0,204.56,False,247.8
16-03-2020,Pet Supplies,217.7,825.5,200.6,False,223.8
17-03-2020,Pet Supplies,309.7,825.1,198.07,True,300.2
18-03-2020,Pet Supplies,263.4,817.3,187.18,False,267.4
19-03-2020,Pet Supplies,254.6,816.7,195.52,False,236.0
20-03-2020,Pet Supplies,264.2,809.9,200.56,False,246.0
21-03-2020,Pet Supplies,246.8,821.1,195.99,False,249.7
22-03-2020,Pet Supplies,301.9,829.8,197.6,True,287.8
23-03-2020,Pet Supplies,326.6,831.0,193.9,True,295.2
24-03-2020,Pet Supplies,213.5,817.6,193.7,False,222.9
25-03-2020,Pet Supplies,247.9,812.0,192.86,False,230.7
26-03-2020,Pet Supplies,270.8,804.1,196.96,False,258.0
27-03-2020,Pet Supplies,270.4,800.2,197.4,False,258.6
28-03-2020,Pet Supplies,231.3,815.0,204.38,False,240.8
29-03-2020,Pet Supplies,230.3,817.4,190.56,False,217.1
30-03-2020,Pet Supplies,296.3,833.5,195.61,True,289.8
01-04-2020,Pet Supplies,253.8,814.3,193.96,False,239.2
03-04-2020,Pet Supplies,294.3,784.2,195.79,False,298.3
04-04-2020,Pet Supplies,336.6,798.3,197.93,True,344.8
05-04-2020,Pet Supplies,241.4,793.5,193.07,False,229.7
07-04-2020,Pet Supplies,280.3,800.9,201.98,True,265.0
10-04-2020,Pet Supplies,276.0,776.0,197.82,False,259.3
11-04-2020,Pet Supplies,279.6,771.8,190.09,False,269.4
12-04-2020,Pet Supplies,229.2,776.7,194.38,False,235.2
13-04-2020,Pet Supplies,193.5,793.1,198.54,False,199.9
14-04-2020,Pet Supplies,196.6,787.9,195.01,False,187.3
15-04-2020,Pet Supplies,239.0,783.0,197.24,False,231.5
17-04-2020,Pet Supplies,254.8,776.4,193.34,False,246.4
18-04-2020,Pet Supplies,245.4,771.6,206.07,False,243.5
19-04-2020,Pet Supplies,170.7,798.8,197.09,False,172.8
20-04-2020,Pet Supplies,216.1,794.5,196.48,False,205.8
21-04-2020,Pet Supplies,232.4,792.6,192.77,False,240.0
22-04-2020,Pet Supplies,222.6,793.4,193.85,False,201.1
23-04-2020,Pet Supplies,237.7,786.8,194.37,False,226.4
24-04-2020,Pet Supplies,409.6,777.3,201.68,True,371.6
25-04-2020,Pet Supplies,272.4,786.9,200.23,False,260.3
26-04-2020,Pet Supplies,212.0,815.4,206.07,False,213.9
27-04-2020,Pet Supplies,186.4,826.1,202.36,False,178.9
28-04-2020,Pet Supplies,186.7,822.5,197.73,False,187.6
30-04-2020,Pet Supplies,276.3,806.6,192.35,False,277.4
01-05-2020,Pet Supplies,258.5,815.0,202.96,False,252.2
02-05-2020,Pet Supplies,235.0,819.5,188.28,False,245.6
03-05-2020,Pet Supplies,258.6,815.5,203.28,False,246.0
03-05-2020,Pet Supplies,261.8,827.3,194.09,False,254.9
04-05-2020,Pet Supplies,206.7,829.3,196.18,False,201.6
05-05-2020,Pet Supplies,212.4,837.1,195.04,False,219.3
08-05-2020,Pet Supplies,253.4,828.4,191.98,False,233.9
08-05-2020,Pet Supplies,305.4,739.3,196.21,False,284.7
09-05-2020,Pet Supplies,257.6,823.2,198.21,False,236.3
11-05-2020,Pet Supplies,198.8,843.7,190.43,False,192.6
12-05-2020,Pet Supplies,202.9,846.3,196.89,False,184.6
13-05-2020,Pet Supplies,242.3,834.1,198.66,False,238.9
14-05-2020,Pet Supplies,264.9,831.9,192.36,False,254.0
15-05-2020,Pet Supplies,269.8,822.2,196.2,False,279.0
16-05-2020,Pet Supplies,278.4,812.4,193.71,False,269.0
17-05-2020,Pet Supplies,245.3,819.7,192.27,False,243.1
18-05-2020,Pet Supplies,192.8,834.8,191.65,False,188.1
19-05-2020,Pet Supplies,302.8,832.4,203.4,True,284.8
20-05-2020,Pet Supplies,205.9,825.3,188.15,False,208.0
21-05-2020,Pet Supplies,263.8,807.8,199.78,False,255.7
22-05-2020,Pet Supplies,298.6,805.9,201.57,False,288.8
24-05-2020,Pet Supplies,241.0,831.9,190.87,False,234.3
26-05-2020,Pet Supplies,279.9,834.5,187.37,True,275.7
27-05-2020,Pet Supplies,281.7,811.5,198.33,False,288.4
28-05-2020,Pet Supplies,285.5,816.3,196.71,False,296.1
29-05-2020,Pet Supplies,284.8,820.1,198.59,False,273.1
30-05-2020,Pet Supplies,255.2,830.0,198.87,False,266.2
03-06-2020,Pet Supplies,233.9,839.3,196.27,False,215.7
04-06-2020,Pet Supplies,284.9,817.7,191.81,False,278.8
04-06-2020,Pet Supplies,215.1,798.5,196.75,False,199.5
05-06-2020,Pet Supplies,260.5,826.2,200.07,False,249.3
06-06-2020,Pet Supplies,361.0,823.0,201.63,True,369.3
08-06-2020,Pet Supplies,200.3,830.1,190.91,False,203.0
13-06-2020,Pet Supplies,276.0,776.7,193.68,False,257.8
14-06-2020,Pet Supplies,381.4,790.6,197.93,True,353.0
15-06-2020,Pet Supplies,219.7,786.4,197.75,False,208.9
16-06-2020,Pet Supplies,230.2,786.4,205.11,False,231.4
17-06-2020,Pet Supplies,242.9,790.0,202.59,False,222.9
18-06-2020,Pet Supplies,277.1,774.7,200.57,False,272.8
19-06-2020,Pet Supplies,321.1,770.9,199.28,False,332.4
20-06-2020,Pet Supplies,281.8,790.5,190.27,False,279.3
21-06-2020,Pet Supplies,255.4,798.5,196.96,False,260.5
22-06-2020,Pet Supplies,231.0,815.9,198.48,False,217.3
23-06-2020,Pet Supplies,244.5,800.2,196.47,False,226.6
24-06-2020,Pet Supplies,280.1,788.9,199.1,False,284.1
25-06-2020,Pet Supplies,307.0,782.7,192.91,False,322.0
26-06-2020,Pet Supplies,445.5,784.9,193.6,True,414.3
27-06-2020,Pet Supplies,288.5,787.6,200.9,False,262.7
29-06-2020,Pet Supplies,232.0,794.2,201.07,False,233.3
30-06-2020,Pet Supplies,249.0,791.3,194.22,False,244.4
04-07-2020,Pet Supplies,293.1,768.9,193.45,False,268.5
05-07-2020,Pet Supplies,267.3,824.0,201.1,False,270.8
05-07-2020,Pet Supplies,385.3,783.3,194.15,True,358.3
06-07-2020,Pet Supplies,225.2,791.0,194.01,False,215.1
11-07-2020,Pet Supplies,310.4,753.7,194.28,False,324.7
13-07-2020,Pet Supplies,248.5,769.8,199.87,False,248.5
15-07-2020,Pet Supplies,301.3,760.0,201.63,False,277.2
17-07-2020,Pet Supplies,328.7,764.9,190.64,False,300.0
18-07-2020,Pet Supplies,283.8,770.4,201.12,False,274.0
19-07-2020,Pet Supplies,246.0,779.8,198.43,False,240.4
21-07-2020,Pet Supplies,249.2,782.3,195.88,False,247.0
22-07-2020,Pet Supplies,312.3,759.3,196.21,False,307.6
23-07-2020,Pet Supplies,322.3,757.6,200.13,False,292.8
24-07-2020,Pet Supplies,313.2,758.3,198.35,False,297.7
27-07-2020,Pet Supplies,257.5,771.9,196.66,False,265.2
28-07-2020,Pet Supplies,262.2,774.0,195.33,False,250.8
30-07-2020,Pet Supplies,301.4,746.2,194.71,False,297.9
03-08-2020,Pet Supplies,277.0,745.1,194.97,False,281.5
03-08-2020,Pet Supplies,204.7,841.1,205.12,False,196.5
04-08-2020,Pet Supplies,256.9,749.0,202.83,False,234.8
06-08-2020,Pet Supplies,392.1,731.6,194.68,True,391.8
07-08-2020,Pet Supplies,320.0,734.5,193.15,False,321.0
07-08-2020,Pet Supplies,273.8,773.3,199.0,False,277.1
08-08-2020,Pet Supplies,331.3,730.3,193.42,False,315.9
09-08-2020,Pet Supplies,295.8,745.5,197.45,False,305.6
10-08-2020,Pet Supplies,243.5,761.0,195.03,False,239.8
11-08-2020,Pet Supplies,317.1,756.6,196.62,True,318.8
13-08-2020,Pet Supplies,330.7,740.3,192.47,False,329.5
14-08-2020,Pet Supplies,330.2,736.2,192.54,False,339.3
17-08-2020,Pet Supplies,292.9,745.2,198.24,False,263.8
18-08-2020,Pet Supplies,250.9,754.5,200.72,False,253.6
19-08-2020,Pet Supplies,327.1,738.3,198.03,False,313.9
20-08-2020,Pet Supplies,348.2,737.4,189.71,False,346.6
21-08-2020,Pet Supplies,333.3,742.4,190.76,False,329.1
22-08-2020,Pet Supplies,313.5,739.8,187.42,False,284.4
23-08-2020,Pet Supplies,293.5,746.7,201.39,False,282.4
24-08-2020,Pet Supplies,251.1,762.5,200.58,False,229.1
25-08-2020,Pet Supplies,265.5,761.6,203.58,False,257.2
28-08-2020,Pet Supplies,352.7,745.9,205.48,False,363.0
31-08-2020,Pet Supplies,283.5,777.3,202.83,False,272.3
03-09-2020,Pet Supplies,352.9,753.3,190.9,False,337.3
04-09-2020,Pet Supplies,269.4,783.2,190.61,False,276.9
07-09-2020,Pet Supplies,303.2,758.3,203.68,False,317.2
07-09-2020,Pet Supplies,307.7,777.6,189.81,False,293.1
08-09-2020,Pet Supplies,282.5,787.5,201.48,False,259.1
10-09-2020,Pet Supplies,344.9,766.6,198.66,False,316.3
11-09-2020,Pet Supplies,301.9,807.7,197.16,False,298.4
11-09-2020,Pet Supplies,588.3,758.4,197.34,True,590.7
12-09-2020,Pet Supplies,363.6,764.8,198.8,False,335.5
13-09-2020,Pet Supplies,309.8,791.3,205.36,False,296.6
14-09-2020,Pet Supplies,313.8,787.4,197.43,False,296.1
15-09-2020,Pet Supplies,303.7,794.6,190.96,False,276.4
16-09-2020,Pet Supplies,334.0,785.5,196.16,False,300.9
17-09-2020,Pet Supplies,355.3,782.3,193.2,False,346.4
18-09-2020,Pet Supplies,340.6,781.3,203.1,False,340.6
20-09-2020,Pet Supplies,304.8,793.0,194.54,False,312.7
21-09-2020,Pet Supplies,310.5,787.3,197.65,False,280.1
23-09-2020,Pet Supplies,424.5,787.1,192.23,True,388.7
24-09-2020,Pet Supplies,340.5,784.8,196.59,False,346.2
26-09-2020,Pet Supplies,355.9,787.3,200.16,False,358.0
27-09-2020,Pet Supplies,305.4,810.1,195.74,False,287.8
30-09-2020,Pet Supplies,352.9,805.6,196.46,False,370.4
01-10-2020,Pet Supplies,369.5,793.8,197.46,False,353.1
03-10-2020,Pet Supplies,335.0,791.8,191.92,False,315.6
04-10-2020,Pet Supplies,316.8,787.1,189.97,False,318.5
05-10-2020,Pet Supplies,197.6,848.0,193.72,False,181.9
07-10-2020,Pet Supplies,340.7,777.5,190.01,False,308.6
08-10-2020,Pet Supplies,376.7,774.9,206.73,False,350.3
10-10-2020,Pet Supplies,347.0,791.0,193.9,False,334.0
11-10-2020,Pet Supplies,327.0,802.3,196.89,False,316.1
12-10-2020,Pet Supplies,311.8,809.8,202.37,False,323.3
14-10-2020,Pet Supplies,347.3,793.3,196.02,False,318.9
16-10-2020,Pet Supplies,501.4,799.7,199.8,True,510.3
18-10-2020,Pet Supplies,319.6,829.3,192.48,False,335.4
19-10-2020,Pet Supplies,303.4,837.2,200.1,False,288.2
20-10-2020,Pet Supplies,301.4,832.9,195.66,False,293.2
21-10-2020,Pet Supplies,440.4,824.9,197.49,True,400.5
22-10-2020,Pet Supplies,368.2,804.4,198.18,False,355.6
23-10-2020,Pet Supplies,379.6,801.3,195.74,False,376.4
24-10-2020,Pet Supplies,383.8,801.1,196.64,False,390.1
26-10-2020,Pet Supplies,302.4,831.7,198.94,False,287.6
27-10-2020,Pet Supplies,320.1,821.3,202.62,False,303.6
28-10-2020,Pet Supplies,316.8,823.2,196.08,False,306.8
29-10-2020,Pet Supplies,382.2,805.1,197.81,False,393.8
30-10-2020,Pet Supplies,384.6,807.5,198.29,False,399.6
31-10-2020,Pet Supplies,327.7,826.3,193.86,False,317.0
01-11-2020,Pet Supplies,325.7,831.9,189.46,False,299.3
01-11-2020,Pet Supplies,327.0,789.3,195.31,False,314.3
02-11-2020,Pet Supplies,290.5,842.1,197.37,False,277.9
03-11-2020,Pet Supplies,316.2,825.3,196.37,False,307.9
05-11-2020,Pet Supplies,392.3,790.5,200.38,False,393.4
10-11-2020,Pet Supplies,290.0,805.4,194.26,False,272.8
11-11-2020,Pet Supplies,1279.2,787.9,196.51,False,298.5
12-11-2020,Pet Supplies,587.0,756.8,201.84,True,551.3
13-11-2020,Pet Supplies,533.3,767.8,195.68,True,544.2
14-11-2020,Pet Supplies,320.4,786.7,196.92,False,298.0
16-11-2020,Pet Supplies,305.9,773.8,199.43,False,287.2
17-11-2020,Pet Supplies,296.2,774.7,203.18,False,285.9
18-11-2020,Pet Supplies,521.7,759.7,201.23,True,471.2
19-11-2020,Pet Supplies,363.7,761.6,192.91,False,367.5
21-11-2020,Pet Supplies,341.2,763.5,195.7,False,343.7
24-11-2020,Pet Supplies,329.5,757.8,192.39,False,324.0
26-11-2020,Pet Supplies,332.4,765.1,201.47,False,338.7
27-11-2020,Pet Supplies,367.3,758.5,196.66,False,359.8
29-11-2020,Pet Supplies,469.7,770.0,191.52,True,434.6
30-11-2020,Pet Supplies,288.2,778.6,195.75,False,294.1
02-12-2020,Pet Supplies,330.3,764.8,201.11,False,301.2
03-12-2020,Pet Supplies,245.7,829.2,203.14,False,223.6
03-12-2020,Pet Supplies,363.8,752.7,204.63,False,339.9
04-12-2020,Pet Supplies,346.5,770.9,194.11,False,348.0
05-12-2020,Pet Supplies,359.7,768.8,198.73,False,364.0
06-12-2020,Pet Supplies,314.9,782.6,202.21,False,316.4
07-12-2020,Pet Supplies,283.3,797.4,197.25,False,276.6
08-12-2020,Pet Supplies,300.1,790.3,193.26,False,289.2
10-12-2020,Pet Supplies,358.7,777.9,198.04,False,373.4
12-12-2020,Pet Supplies,449.7,789.6,198.11,True,410.4
13-12-2020,Pet Supplies,343.0,791.8,195.91,False,315.0
14-12-2020,Pet Supplies,308.8,796.8,198.58,False,283.3
16-12-2020,Pet Supplies,328.6,794.3,194.18,False,311.7
17-12-2020,Pet Supplies,355.8,793.3,193.07,False,348.1
18-12-2020,Pet Supplies,355.7,792.3,198.25,False,337.4
19-12-2020,Pet Supplies,351.3,795.6,196.83,False,343.6
20-12-2020,Pet Supplies,298.1,810.6,197.47,False,298.9
21-12-2020,Pet Supplies,266.9,827.4,200.23,False,266.9
24-12-2020,Pet Supplies,355.6,809.3,195.28,False,364.9
26-12-2020,Pet Supplies,365.4,819.8,204.03,False,380.8
27-12-2020,Pet Supplies,323.3,834.0,198.13,False,314.2
29-12-2020,Pet Supplies,297.7,843.1,199.28,False,309.0
30-12-2020,Pet Supplies,328.2,832.9,189.62,False,311.6
31-12-2020,Pet Supplies,373.1,825.0,195.0,False,346.8
02-01-2021,Pet Supplies,342.5,835.4,199.04,False,335.0
02-01-2021,Pet Supplies,261.0,838.4,194.51,False,249.1
03-01-2021,Pet Supplies,263.6,813.0,198.7,False,254.9
05-01-2021,Pet Supplies,443.5,832.2,193.72,True,461.9
06-01-2021,Pet Supplies,278.5,836.5,201.59,False,251.6
07-01-2021,Pet Supplies,349.2,818.4,198.66,False,343.7
08-01-2021,Pet Supplies,340.8,818.6,199.7,False,351.1
08-01-2021,Pet Supplies,769.0,785.1,196.44,False,286.9
10-01-2021,Pet Supplies,380.6,463.4,196.58,False,386.5
10-01-2021,Pet Supplies,296.0,840.7,191.56,False,302.8
11-01-2021,Pet Supplies,272.8,838.3,199.6,False,255.1
12-01-2021,Pet Supplies,379.0,824.5,195.47,False,382.1
13-01-2021,Pet Supplies,303.0,829.9,197.57,False,313.8
16-01-2021,Pet Supplies,353.7,811.3,196.13,False,362.2
18-01-2021,Pet Supplies,261.0,838.1,197.1,False,238.1
19-01-2021,Pet Supplies,261.1,833.9,193.84,False,263.4
20-01-2021,Pet Supplies,310.2,819.1,196.82,False,292.5
21-01-2021,Pet Supplies,355.4,806.2,193.32,False,370.4
22-01-2021,Pet Supplies,435.4,819.0,196.56,True,397.9
23-01-2021,Pet Supplies,290.3,827.1,203.04,False,275.4
25-01-2021,Pet Supplies,287.6,822.7,195.73,False,266.4
26-01-2021,Pet Supplies,245.7,836.1,195.79,False,244.8
27-01-2021,Pet Supplies,1134.3,818.1,204.17,False,317.9
28-01-2021,Pet Supplies,303.6,809.7,196.64,False,300.8
30-01-2021,Pet Supplies,320.5,806.0,189.14,False,320.0
31-01-2021,Pet Supplies,301.2,821.8,189.92,False,277.9
02-02-2021,Pet Supplies,279.0,833.0,194.12,False,263.7
03-02-2021,Pet Supplies,269.4,811.4,190.34,False,256.2
03-02-2021,Pet Supplies,333.3,815.5,196.77,False,326.9
04-02-2021,Pet Supplies,360.7,809.6,194.8,False,347.6
06-02-2021,Pet Supplies,287.3,818.2,204.46,False,268.6
08-02-2021,Pet Supplies,281.6,821.4,200.81,False,259.5
09-02-2021,Pet Supplies,258.4,827.1,194.25,False,236.6
10-02-2021,Pet Supplies,384.8,464.0,196.15,False,368.2
10-02-2021,Pet Supplies,371.0,825.2,193.07,True,376.2
11-02-2021,Pet Supplies,319.5,812.6,192.87,False,328.9
13-02-2021,Pet Supplies,284.5,536.2,195.62,False,279.6
15-02-2021,Pet Supplies,251.7,544.5,193.71,False,28.7
17-02-2021,Pet Supplies,439.6,541.2,196.49,True,438.9
18-02-2021,Pet Supplies,457.2,804.6,202.5,True,477.7
19-02-2021,Pet Supplies,326.7,806.8,197.29,False,309.3
21-02-2021,Pet Supplies,422.6,808.1,198.02,True,398.4
23-02-2021,Pet Supplies,266.9,815.3,194.88,False,277.5
24-02-2021,Pet Supplies,282.7,813.3,199.7,False,289.0
25-02-2021,Pet Supplies,314.9,803.9,198.65,False,308.8
01-03-2021,Pet Supplies,324.2,829.4,190.8,False,298.8
04-03-2021,Pet Supplies,303.1,819.9,197.66,False,308.7
05-03-2021,Pet Supplies,313.5,824.0,196.84,False,327.9
08-03-2021,Pet Supplies,304.5,785.1,196.14,False,297.6
10-03-2021,Pet Supplies,251.0,843.4,199.71,False,230.9
11-03-2021,Pet Supplies,358.5,839.3,202.33,False,360.3
12-03-2021,Pet Supplies,327.6,822.5,194.08,False,303.2
14-03-2021,Pet Supplies,233.9,838.8,197.79,False,216.3
15-03-2021,Pet Supplies,220.5,847.8,195.05,False,220.1
16-03-2021,Pet Supplies,248.4,839.8,191.28,False,257.2
17-03-2021,Pet Supplies,272.8,826.6,197.79,False,250.4
18-03-2021,Pet Supplies,396.2,832.4,197.41,True,367.4
19-03-2021,Pet Supplies,336.3,812.5,198.53,False,349.2
20-03-2021,Pet Supplies,279.8,840.4,194.69,False,265.9
21-03-2021,Pet Supplies,262.2,847.9,192.52,False,2737.0
22-03-2021,Pet Supplies,251.7,854.9,188.15,False,243.4
23-03-2021,Pet Supplies,284.3,861.4,195.74,True,264.0
24-03-2021,Pet Supplies,265.7,854.6,190.88,False,243.6
25-03-2021,Pet Supplies,287.4,845.7,197.58,False,287.2
26-03-2021,Pet Supplies,290.4,843.3,197.58,False,263.6
27-03-2021,Pet Supplies,306.8,849.1,193.12,False,303.5
28-03-2021,Pet Supplies,261.9,862.7,200.2,False,245.2
29-03-2021,Pet Supplies,336.4,867.9,194.1,True,326.1
30-03-2021,Pet Supplies,236.0,882.8,187.96,False,213.0
01-04-2021,Pet Supplies,308.5,859.7,195.99,False,281.6
02-04-2021,Pet Supplies,307.5,855.1,192.31,False,279.0
03-04-2021,Pet Supplies,261.4,870.8,188.14,False,241.6
04-04-2021,Pet Supplies,260.0,862.2,194.73,False,242.6
05-04-2021,Pet Supplies,225.6,871.7,194.65,False,231.5
06-04-2021,Pet Supplies,220.4,877.6,200.74,False,2285.0
07-04-2021,Pet Supplies,302.6,818.0,201.16,False,310.6
09-04-2021,Pet Supplies,303.0,853.4,201.73,False,302.7
11-04-2021,Pet Supplies,411.0,810.5,198.0,False,4302.0
13-04-2021,Pet Supplies,236.0,861.1,196.9,False,239.0
14-04-2021,Pet Supplies,278.7,844.2,194.3,False,273.0
15-04-2021,Pet Supplies,315.3,832.1,192.4,False,319.2
18-04-2021,Pet Supplies,298.2,840.3,195.53,False,285.6
19-04-2021,Pet Supplies,247.2,859.8,201.05,False,239.5
21-04-2021,Pet Supplies,266.7,850.0,200.16,False,249.3
22-04-2021,Pet Supplies,303.7,834.0,191.85,False,298.7
23-04-2021,Pet Supplies,309.7,834.4,203.02,False,286.7
24-04-2021,Pet Supplies,253.1,847.6,200.69,False,248.5
27-04-2021,Pet Supplies,204.9,888.2,200.11,False,211.8
28-04-2021,Pet Supplies,285.7,864.1,199.82,False,261.8
30-04-2021,Pet Supplies,469.2,846.3,195.52,True,456.9
01-05-2021,Pet Supplies,263.8,851.4,196.73,False,271.5
04-05-2021,Pet Supplies,253.7,862.2,194.96,False,243.5
05-05-2021,Pet Supplies,243.9,861.5,201.71,False,232.8
07-05-2021,Pet Supplies,308.0,845.6,198.18,False,297.7
08-05-2021,Pet Supplies,278.3,855.8,199.18,False,286.7
10-05-2021,Pet Supplies,242.6,868.1,199.58,False,252.3
12-05-2021,Pet Supplies,256.7,865.2,194.21,False,253.8
13-05-2021,Pet Supplies,288.9,866.1,195.62,False,283.6
14-05-2021,Pet Supplies,298.0,865.8,201.12,False,293.3
15-05-2021,Pet Supplies,323.9,879.7,202.87,True,329.7
18-05-2021,Pet Supplies,251.7,877.2,203.72,False,256.4
20-05-2021,Pet Supplies,259.9,878.1,196.33,False,252.0
21-05-2021,Pet Supplies,290.8,879.3,202.54,False,268.4
22-05-2021,Pet Supplies,262.1,890.8,196.08,False,240.0
23-05-2021,Pet Supplies,251.9,892.4,196.0,False,245.6
24-05-2021,Pet Supplies,245.7,887.4,199.02,False,235.7
25-05-2021,Pet Supplies,244.0,888.0,197.41,False,245.3
26-05-2021,Pet Supplies,278.2,880.5,193.26,False,275.5
27-05-2021,Pet Supplies,290.6,874.0,192.82,False,263.9
29-05-2021,Pet Supplies,320.6,850.0,195.74,False,328.4
30-05-2021,Pet Supplies,260.2,861.1,203.23,False,240.0
31-05-2021,Pet Supplies,248.7,859.5,196.41,False,258.6
01-06-2021,Pet Supplies,229.2,866.7,190.87,False,225.3
02-06-2021,Pet Supplies,268.0,855.0,200.89,False,263.7
03-06-2021,Pet Supplies,261.9,853.7,191.7,False,268.1
03-06-2021,Pet Supplies,272.6,828.2,200.08,False,278.0
04-06-2021,Pet Supplies,334.1,828.7,199.02,False,312.4
06-06-2021,Pet Supplies,273.9,535.8,195.61,False,249.6
07-06-2021,Pet Supplies,235.5,543.4,187.24,False,29.7
07-06-2021,Pet Supplies,281.3,808.3,204.17,False,289.2
09-06-2021,Pet Supplies,275.1,531.9,199.6,False,248.3
10-06-2021,Pet Supplies,303.3,830.6,194.28,False,303.2
11-06-2021,Pet Supplies,353.8,810.6,202.39,False,343.3
12-06-2021,Pet Supplies,308.9,817.8,196.99,False,309.4
14-06-2021,Pet Supplies,225.5,839.6,197.83,False,203.8
15-06-2021,Pet Supplies,262.0,830.0,195.51,False,263.2
16-06-2021,Pet Supplies,281.6,821.8,193.49,False,294.6
17-06-2021,Pet Supplies,306.8,816.2,199.0,False,309.4
18-06-2021,Pet Supplies,298.5,817.1,200.62,False,2955.0
19-06-2021,Pet Supplies,312.2,810.6,200.8,False,284.0
20-06-2021,Pet Supplies,297.5,810.9,191.94,False,273.1
21-06-2021,Pet Supplies,220.8,840.8,192.73,False,214.2
22-06-2021,Pet Supplies,281.8,833.4,197.58,False,288.0
23-06-2021,Pet Supplies,278.3,837.4,202.43,False,291.2
25-06-2021,Pet Supplies,298.8,826.2,195.33,False,304.6
26-06-2021,Pet Supplies,321.4,816.9,198.1,False,301.9
27-06-2021,Pet Supplies,262.8,835.2,201.31,False,240.2
28-06-2021,Pet Supplies,241.6,837.7,194.58,False,240.8
30-06-2021,Pet Supplies,288.2,827.7,196.38,False,282.7
01-07-2021,Pet Supplies,325.0,814.0,190.14,False,316.0
04-07-2021,Pet Supplies,254.9,873.9,194.63,False,241.4
07-07-2021,Pet Supplies,321.6,792.4,197.02,False,326.4
09-07-2021,Pet Supplies,328.2,788.9,189.99,False,328.3
11-07-2021,Pet Supplies,328.9,779.6,197.2,False,321.0
12-07-2021,Pet Supplies,265.0,803.5,203.12,False,261.4
13-07-2021,Pet Supplies,272.4,800.8,193.05,False,274.9
14-07-2021,Pet Supplies,327.2,783.1,191.34,False,294.6
15-07-2021,Pet Supplies,305.5,794.0,196.48,False,292.1
16-07-2021,Pet Supplies,345.3,776.5,192.69,False,336.0
17-07-2021,Pet Supplies,307.3,799.3,195.26,False,279.7
20-07-2021,Pet Supplies,292.2,801.8,199.48,False,263.8
21-07-2021,Pet Supplies,431.4,786.5,196.4,True,441.2
24-07-2021,Pet Supplies,357.2,769.6,192.22,False,354.1
25-07-2021,Pet Supplies,268.3,797.2,191.29,False,262.8
27-07-2021,Pet Supplies,268.4,795.2,196.7,False,268.2
28-07-2021,Pet Supplies,295.9,782.6,194.25,False,269.7
29-07-2021,Pet Supplies,472.6,776.1,192.53,True,442.2
30-07-2021,Pet Supplies,457.1,765.9,201.03,True,460.6
31-07-2021,Pet Supplies,320.3,772.7,193.97,False,306.1
02-08-2021,Pet Supplies,297.8,785.1,197.96,False,292.6
04-08-2021,Pet Supplies,327.2,781.9,199.04,False,324.4
05-08-2021,Pet Supplies,374.5,768.9,190.77,False,362.6
06-08-2021,Pet Supplies,380.4,773.5,196.63,False,355.6
07-08-2021,Pet Supplies,327.4,789.1,198.08,False,300.0
08-08-2021,Pet Supplies,302.0,798.9,188.17,False,294.1
09-08-2021,Pet Supplies,299.8,801.0,199.65,False,295.0
11-08-2021,Pet Supplies,333.0,797.1,194.65,False,340.3
11-08-2021,Pet Supplies,308.6,833.5,200.26,False,317.6
12-08-2021,Pet Supplies,491.8,791.7,194.78,True,449.4
13-08-2021,Pet Supplies,327.3,800.3,194.09,False,294.6
14-08-2021,Pet Supplies,342.0,793.3,200.63,False,310.4
15-08-2021,Pet Supplies,314.3,801.0,197.51,False,282.9
16-08-2021,Pet Supplies,315.8,802.7,197.5,False,319.1
18-08-2021,Pet Supplies,342.5,801.4,199.14,False,330.9
21-08-2021,Pet Supplies,370.5,785.4,200.15,False,337.4
23-08-2021,Pet Supplies,291.3,809.3,198.5,False,271.7
27-08-2021,Pet Supplies,369.2,783.5,197.22,False,377.8
29-08-2021,Pet Supplies,327.0,799.6,197.86,False,305.0
31-08-2021,Pet Supplies,316.1,790.4,204.83,False,291.3
01-09-2021,Pet Supplies,328.5,781.3,192.57,False,328.9
02-09-2021,Pet Supplies,366.5,770.8,202.62,False,345.8
04-09-2021,Pet Supplies,335.8,780.9,190.72,False,345.4
05-09-2021,Pet Supplies,302.5,794.8,202.61,False,281.0
06-09-2021,Pet Supplies,312.3,792.1,195.47,False,319.2
07-09-2021,Pet Supplies,322.6,792.3,194.9,False,332.2
08-09-2021,Pet Supplies,407.0,786.8,191.52,True,419.1
10-09-2021,Pet Supplies,371.8,777.9,190.68,False,367.7
10-09-2021,Pet Supplies,377.8,842.9,185.23,False,350.9
13-09-2021,Pet Supplies,322.0,801.6,200.08,False,334.0
14-09-2021,Pet Supplies,331.9,800.5,196.96,False,301.3
15-09-2021,Pet Supplies,343.8,793.1,192.61,False,332.1
17-09-2021,Pet Supplies,573.3,778.8,194.29,True,5764.0
18-09-2021,Pet Supplies,372.4,782.7,197.37,False,378.9
19-09-2021,Pet Supplies,327.1,798.7,190.92,False,335.1
20-09-2021,Pet Supplies,314.6,802.2,199.61,False,295.7
22-09-2021,Pet Supplies,347.8,789.3,196.93,False,331.8
24-09-2021,Pet Supplies,420.4,772.9,194.61,False,407.6
26-09-2021,Pet Supplies,354.1,474.4,195.43,False,358.7
27-09-2021,Pet Supplies,406.2,473.8,195.26,True,83.1
28-09-2021,Pet Supplies,369.8,474.7,198.2,False,360.0
29-09-2021,Pet Supplies,346.2,480.5,195.66,False,327.3
30-09-2021,Pet Supplies,412.7,784.8,200.21,False,400.1
03-10-2021,Pet Supplies,350.5,474.2,190.96,False,32.6
04-10-2021,Pet Supplies,444.7,860.0,195.33,True,431.8
04-10-2021,Pet Supplies,337.0,480.8,195.06,False,330.6
06-10-2021,Pet Supplies,349.9,826.3,201.47,False,359.9
07-10-2021,Pet Supplies,418.9,813.1,188.3,False,426.4
08-10-2021,Pet Supplies,430.6,821.0,188.9,False,429.8
10-10-2021,Pet Supplies,348.2,865.3,202.12,False,322.5
12-10-2021,Pet Supplies,334.3,869.2,198.69,False,342.4
12-10-2021,Pet Supplies,399.7,816.4,191.98,False,410.1
13-10-2021,Pet Supplies,349.6,863.6,192.4,False,320.5
14-10-2021,Pet Supplies,376.8,853.6,196.8,False,343.7
15-10-2021,Pet Supplies,395.1,843.9,191.9,False,389.2
16-10-2021,Pet Supplies,390.2,848.4,194.36,False,379.9
17-10-2021,Pet Supplies,333.5,850.2,192.56,False,339.8
18-10-2021,Pet Supplies,479.2,840.9,197.81,True,490.1
19-10-2021,Pet Supplies,329.4,840.4,201.21,False,314.7
21-10-2021,Pet Supplies,387.3,823.2,196.06,False,394.1
22-10-2021,Pet Supplies,379.4,826.1,198.96,False,346.6
27-10-2021,Pet Supplies,398.3,815.1,199.7,False,3774.0
28-10-2021,Pet Supplies,409.0,813.8,194.01,False,428.1
29-10-2021,Pet Supplies,404.9,819.5,204.6,False,416.8
30-10-2021,Pet Supplies,361.6,826.6,197.39,False,365.4
31-10-2021,Pet Supplies,382.5,825.0,204.95,False,371.0
01-11-2021,Pet Supplies,332.6,840.1,198.04,False,330.2
02-11-2021,Pet Supplies,335.6,845.4,193.64,False,305.6
05-11-2021,Pet Supplies,433.1,799.0,193.33,False,427.5
06-11-2021,Pet Supplies,384.3,814.4,204.39,False,360.7
07-11-2021,Pet Supplies,449.1,829.2,198.19,True,413.4
09-11-2021,Pet Supplies,349.4,790.6,198.89,False,321.9
10-11-2021,Pet Supplies,375.4,817.2,192.4,False,376.0
11-11-2021,Pet Supplies,370.9,823.2,197.68,False,378.8
13-11-2021,Pet Supplies,382.4,811.9,196.88,False,366.2
14-11-2021,Pet Supplies,338.5,820.5,199.43,False,346.5
15-11-2021,Pet Supplies,331.8,822.2,195.41,False,332.2
17-11-2021,Pet Supplies,379.9,809.8,198.85,False,347.7
18-11-2021,Pet Supplies,372.4,811.0,202.19,False,351.6
19-11-2021,Pet Supplies,389.6,802.3,197.26,False,406.4
20-11-2021,Pet Supplies,408.0,796.4,194.46,False,386.8
21-11-2021,Pet Supplies,364.6,820.8,196.05,False,345.5
22-11-2021,Pet Supplies,302.1,838.8,199.23,False,279.4
24-11-2021,Pet Supplies,358.2,821.2,193.57,False,364.0
26-11-2021,Pet Supplies,401.6,804.6,198.0,False,414.3
27-11-2021,Pet Supplies,382.2,818.4,193.25,False,363.5
30-11-2021,Pet Supplies,300.3,842.8,195.95,False,293.0
01-12-2021,Pet Supplies,318.9,827.6,201.23,False,302.3
02-12-2021,Pet Supplies,351.3,832.5,197.07,False,334.4
02-12-2021,Pet Supplies,330.4,815.3,197.05,False,326.3
03-12-2021,Pet Supplies,560.2,817.7,200.12,True,565.8
04-12-2021,Pet Supplies,375.4,816.6,191.1,False,372.7
05-12-2021,Pet Supplies,353.3,823.6,199.53,False,336.1
06-12-2021,Pet Supplies,326.6,836.1,196.51,False,306.5
07-12-2021,Pet Supplies,329.7,837.2,202.14,False,318.3
09-12-2021,Pet Supplies,395.3,814.5,195.31,False,410.8
11-12-2021,Pet Supplies,404.1,808.6,194.13,False,384.1
12-12-2021,Pet Supplies,328.6,827.4,202.12,False,314.1
13-12-2021,Pet Supplies,347.8,830.5,197.53,False,361.0
14-12-2021,Pet Supplies,344.2,826.1,194.09,False,346.4
15-12-2021,Pet Supplies,345.4,816.2,195.54,False,359.8
16-12-2021,Pet Supplies,368.4,807.5,192.38,False,363.9
17-12-2021,Pet Supplies,381.2,801.1,197.67,False,378.6
20-12-2021,Pet Supplies,338.6,810.8,191.47,False,315.1
23-12-2021,Pet Supplies,348.9,807.1,197.09,False,325.6
24-12-2021,Pet Supplies,380.3,790.8,195.76,False,383.8
25-12-2021,Pet Supplies,339.0,804.6,201.55,False,309.7
26-12-2021,Pet Supplies,337.7,809.2,196.78,False,340.4
29-12-2021,Pet Supplies,341.1,817.4,189.92,False,355.7
30-12-2021,Pet Supplies,338.9,828.9,197.51,False,322.2
31-12-2021,Pet Supplies,382.2,816.4,196.52,False,397.8
04-01-2022,Pet Supplies,314.9,851.1,196.53,False,288.1
05-01-2022,Pet Supplies,339.8,838.4,196.48,False,345.0
07-01-2022,Pet Supplies,390.0,819.1,199.12,False,374.4
07-01-2022,Pet Supplies,355.1,786.6,198.22,False,339.5
08-01-2022,Pet Supplies,353.6,836.2,195.68,False,357.5
09-01-2022,Pet Supplies,331.8,837.0,199.3,False,307.0
13-01-2022,Pet Supplies,362.1,830.6,193.3,False,361.8
15-01-2022,Pet Supplies,324.2,848.6,193.56,False,314.8
16-01-2022,Pet Supplies,344.8,832.6,194.91,False,353.8
17-01-2022,Pet Supplies,310.7,842.5,203.11,False,294.1
18-01-2022,Pet Supplies,342.7,830.3,196.97,False,337.9
20-01-2022,Pet Supplies,488.3,825.8,200.67,True,480.1
22-01-2022,Pet Supplies,350.1,828.2,200.26,False,363.4
23-01-2022,Pet Supplies,321.8,845.5,199.66,False,302.9
24-01-2022,Pet Supplies,295.9,848.9,195.64,False,2968.0
25-01-2022,Pet Supplies,303.5,847.4,195.9,False,311.9
27-01-2022,Pet Supplies,325.5,837.9,195.5,False,339.5
28-01-2022,Pet Supplies,382.0,816.3,197.65,False,352.9
29-01-2022,Pet Supplies,321.3,833.0,196.57,False,325.1
30-01-2022,Pet Supplies,286.5,841.9,196.65,False,275.8
31-01-2022,Pet Supplies,302.2,836.8,194.45,False,290.3
01-02-2022,Pet Supplies,308.3,835.4,198.81,False,302.4
02-02-2022,Pet Supplies,315.3,839.5,193.38,False,290.7
06-02-2022,Pet Supplies,323.7,813.4,202.73,False,324.5
08-02-2022,Pet Supplies,295.4,845.6,203.28,False,281.1
09-02-2022,Pet Supplies,468.8,723.9,194.31,True,474.5
13-02-2022,Pet Supplies,309.4,836.3,195.88,False,320.7
14-02-2022,Pet Supplies,281.1,845.9,196.99,False,280.8
15-02-2022,Pet Supplies,425.9,854.3,193.95,True,443.4
16-02-2022,Pet Supplies,317.0,834.7,199.18,False,311.8
17-02-2022,Pet Supplies,559.5,820.3,198.21,True,539.6
19-02-2022,Pet Supplies,307.7,836.6,198.68,False,296.3
20-02-2022,Pet Supplies,302.4,835.2,195.88,False,281.4
21-02-2022,Pet Supplies,285.1,841.8,201.48,False,266.8
22-02-2022,Pet Supplies,285.1,840.0,189.22,False,267.9
23-02-2022,Pet Supplies,298.9,837.3,201.17,False,299.5
25-02-2022,Pet Supplies,354.1,803.8,191.85,False,368.7
26-02-2022,Pet Supplies,344.4,813.2,190.87,False,317.3
27-02-2022,Pet Supplies,310.4,829.9,194.63,False,296.3
28-02-2022,Pet Supplies,265.0,843.3,194.11,False,239.7
02-03-2022,Pet Supplies,311.5,818.6,193.21,False,291.1
03-03-2022,Pet Supplies,415.3,810.5,197.5,True,390.0
04-03-2022,Pet Supplies,331.3,806.5,196.78,False,344.4
05-03-2022,Pet Supplies,311.6,812.0,191.65,False,292.3
06-03-2022,Pet Supplies,286.2,817.1,194.81,False,277.1
07-03-2022,Pet Supplies,266.7,827.6,195.82,False,275.1
09-03-2022,Pet Supplies,288.1,806.5,193.91,False,294.1
11-03-2022,Pet Supplies,309.7,803.9,202.39,False,283.8
11-03-2022,Pet Supplies,438.2,704.5,198.16,False,452.7
13-03-2022,Pet Supplies,282.1,818.0,193.33,False,294.1
15-03-2022,Pet Supplies,269.6,815.4,190.56,False,251.8
16-03-2022,Pet Supplies,316.9,805.1,195.55,False,289.8
18-03-2022,Pet Supplies,311.1,812.8,195.82,False,294.9
19-03-2022,Pet Supplies,301.7,818.8,196.69,False,313.1
20-03-2022,Pet Supplies,288.2,824.7,189.46,False,287.3
21-03-2022,Pet Supplies,276.4,825.4,193.56,False,266.2
22-03-2022,Pet Supplies,276.5,830.0,199.4,False,288.9
23-03-2022,Pet Supplies,313.1,821.5,197.62,False,305.4
25-03-2022,Pet Supplies,330.9,819.7,194.55,False,312.7
26-03-2022,Pet Supplies,337.0,819.6,196.12,False,345.3
27-03-2022,Pet Supplies,275.7,840.3,197.99,False,266.2
28-03-2022,Pet Supplies,367.4,853.7,189.25,True,347.7
29-03-2022,Pet Supplies,269.2,838.1,195.66,False,264.8
30-03-2022,Pet Supplies,333.0,829.3,197.21,False,311.3
01-04-2022,Pet Supplies,336.9,830.9,201.84,False,305.4
03-04-2022,Pet Supplies,237.9,865.2,198.28,False,219.8
04-04-2022,Pet Supplies,231.3,864.8,199.9,False,242.3
05-04-2022,Pet Supplies,259.8,853.8,199.76,False,247.3
06-04-2022,Pet Supplies,308.6,836.3,198.09,False,285.3
07-04-2022,Pet Supplies,319.1,834.6,195.9,False,326.0
09-04-2022,Pet Supplies,415.2,850.6,193.19,True,376.3
10-04-2022,Pet Supplies,266.5,855.5,197.0,False,255.7
12-04-2022,Pet Supplies,247.0,863.8,197.39,False,245.4
13-04-2022,Pet Supplies,286.9,848.3,191.55,False,280.5
14-04-2022,Pet Supplies,334.3,840.5,198.32,False,327.6
15-04-2022,Pet Supplies,336.3,837.0,195.31,False,319.6
16-04-2022,Pet Supplies,307.2,848.3,197.21,False,318.3
17-04-2022,Pet Supplies,257.9,859.9,204.4,False,255.1
18-04-2022,Pet Supplies,247.6,657.8,193.98,False,239.1
19-04-2022,Pet Supplies,375.5,656.2,191.29,True,350.0
20-04-2022,Pet Supplies,275.1,656.5,194.36,False,45.7
21-04-2022,Pet Supplies,306.7,645.7,195.93,False,277.6
22-04-2022,Pet Supplies,329.7,640.2,199.33,False,317.4
23-04-2022,Pet Supplies,299.8,855.1,192.09,False,294.5
24-04-2022,Pet Supplies,272.1,856.5,199.28,False,281.2
25-04-2022,Pet Supplies,272.6,857.3,204.42,False,283.1
26-04-2022,Pet Supplies,258.0,857.6,194.46,False,259.0
29-04-2022,Pet Supplies,320.8,819.7,192.39,False,316.9
30-04-2022,Pet Supplies,300.8,821.2,191.96,False,289.9
01-05-2022,Pet Supplies,309.2,821.4,193.21,False,320.1
02-05-2022,Pet Supplies,237.9,840.4,195.95,False,241.0
02-05-2022,Pet Supplies,358.0,826.3,192.43,False,344.1
04-05-2022,Pet Supplies,319.2,819.1,195.18,False,327.6
05-05-2022,Pet Supplies,334.5,460.3,200.7,False,339.7
06-05-2022,Pet Supplies,316.6,466.0,196.71,False,315.6
07-05-2022,Pet Supplies,295.6,470.2,197.9,False,57.4
09-05-2022,Pet Supplies,258.3,477.8,195.28,False,267.0
11-05-2022,Pet Supplies,316.0,806.4,193.8,False,327.5
12-05-2022,Pet Supplies,304.7,805.6,202.48,False,275.0
13-05-2022,Pet Supplies,324.6,801.0,195.93,False,296.1
14-05-2022,Pet Supplies,304.6,628.7,191.38,False,279.3
16-05-2022,Pet Supplies,241.2,644.6,192.38,False,19.6
17-05-2022,Pet Supplies,247.6,646.1,199.55,False,234.6
18-05-2022,Pet Supplies,307.1,630.1,196.22,False,309.4
19-05-2022,Pet Supplies,317.2,800.0,191.78,False,291.8
20-05-2022,Pet Supplies,323.2,809.2,197.38,False,292.8
21-05-2022,Pet Supplies,298.7,821.1,200.88,False,269.5
22-05-2022,Pet Supplies,299.5,819.0,197.2,False,271.8
26-05-2022,Pet Supplies,297.6,823.9,194.05,False,299.9
28-05-2022,Pet Supplies,303.1,811.0,193.69,False,278.1
29-05-2022,Pet Supplies,287.3,823.5,196.52,False,288.7
31-05-2022,Pet Supplies,287.3,817.4,197.76,False,273.5
01-06-2022,Pet Supplies,387.2,815.1,198.42,True,369.6
02-06-2022,Pet Supplies,304.4,844.5,192.94,False,274.5
04-06-2022,Pet Supplies,305.8,823.8,196.06,False,276.1
06-06-2022,Pet Supplies,448.3,834.6,198.23,True,455.5
08-06-2022,Pet Supplies,376.1,828.2,199.31,True,380.6
10-06-2022,Pet Supplies,356.7,815.9,191.94,False,356.5
11-06-2022,Pet Supplies,313.2,831.0,192.49,False,303.8
12-06-2022,Pet Supplies,292.2,840.1,193.69,False,273.9
14-06-2022,Pet Supplies,301.7,826.8,201.46,False,279.7
15-06-2022,Pet Supplies,286.1,828.7,198.76,False,269.2
17-06-2022,Pet Supplies,367.1,800.6,201.51,False,343.2
18-06-2022,Pet Supplies,328.7,807.2,201.69,False,337.3
19-06-2022,Pet Supplies,410.6,821.3,203.95,True,393.2
20-06-2022,Pet Supplies,269.1,827.0,201.32,False,251.8
21-06-2022,Pet Supplies,429.6,805.1,202.35,True,395.8
22-06-2022,Pet Supplies,330.6,795.5,203.46,False,328.9
23-06-2022,Pet Supplies,340.3,794.9,195.04,False,316.8
24-06-2022,Pet Supplies,375.7,783.8,198.47,False,393.0
25-06-2022,Pet Supplies,324.5,789.7,194.12,False,313.8
27-06-2022,Pet Supplies,303.4,787.8,195.64,False,303.2
28-06-2022,Pet Supplies,265.1,795.9,192.12,False,251.5
29-06-2022,Pet Supplies,296.7,791.9,204.57,False,278.8
30-06-2022,Pet Supplies,357.4,778.9,191.52,False,335.7
02-07-2022,Pet Supplies,353.8,789.9,198.65,False,341.2
04-07-2022,Pet Supplies,328.2,793.3,195.74,False,339.5
05-07-2022,Pet Supplies,412.1,801.5,193.0,True,376.3
06-07-2022,Pet Supplies,504.6,790.5,205.07,True,476.1
07-07-2022,Pet Supplies,559.8,789.1,197.37,True,507.9
08-07-2022,Pet Supplies,364.3,787.6,201.4,False,371.0
09-07-2022,Pet Supplies,373.1,739.0,197.22,False,373.0
10-07-2022,Pet Supplies,395.1,803.2,202.8,True,389.4
11-07-2022,Pet Supplies,272.5,806.2,191.23,False,258.8
12-07-2022,Pet Supplies,320.5,785.8,197.2,False,330.4
13-07-2022,Pet Supplies,316.2,789.2,197.72,False,285.2
14-07-2022,Pet Supplies,348.0,770.7,192.86,False,347.6
15-07-2022,Pet Supplies,368.8,750.7,196.96,False,343.3
16-07-2022,Pet Supplies,375.1,742.1,198.2,False,373.6
18-07-2022,Pet Supplies,297.9,776.0,192.75,False,304.5
20-07-2022,Pet Supplies,370.6,399.6,193.1,False,348.8
21-07-2022,Pet Supplies,367.6,396.0,197.13,False,373.4
22-07-2022,Pet Supplies,537.1,395.7,203.2,True,26.9
24-07-2022,Pet Supplies,303.5,410.1,201.43,False,282.8
28-07-2022,Pet Supplies,400.2,513.1,193.82,False,31.7
29-07-2022,Pet Supplies,392.6,515.5,196.27,False,376.4
30-07-2022,Pet Supplies,345.6,525.7,191.54,False,316.8
01-08-2022,Pet Supplies,476.9,765.3,195.3,True,434.8
03-08-2022,Pet Supplies,360.7,749.3,200.14,False,338.7
04-08-2022,Pet Supplies,359.0,749.3,192.65,False,369.7
05-08-2022,Pet Supplies,362.2,744.6,197.56,False,329.2
07-08-2022,Pet Supplies,350.7,749.7,191.34,False,359.7
08-08-2022,Pet Supplies,514.1,748.4,200.03,True,496.9
09-08-2022,Pet Supplies,302.1,758.5,187.67,False,272.4
10-08-2022,Pet Supplies,359.8,741.0,202.38,False,358.6
11-08-2022,Pet Supplies,369.5,735.9,197.96,False,364.0
12-08-2022,Pet Supplies,380.7,735.1,198.11,False,395.2
14-08-2022,Pet Supplies,366.7,738.3,199.89,False,371.6
15-08-2022,Pet Supplies,328.2,758.4,200.78,False,315.0
17-08-2022,Pet Supplies,372.3,750.7,193.07,False,344.3
18-08-2022,Pet Supplies,383.4,748.4,197.76,False,352.1
20-08-2022,Pet Supplies,368.8,756.4,195.27,False,366.2
21-08-2022,Pet Supplies,342.2,763.5,195.9,False,321.7
22-08-2022,Pet Supplies,487.3,749.9,195.47,True,446.2
23-08-2022,Pet Supplies,316.6,764.0,202.64,False,316.9
24-08-2022,Pet Supplies,383.4,739.0,192.96,False,358.5
25-08-2022,Pet Supplies,395.6,733.2,194.82,False,394.1
26-08-2022,Pet Supplies,416.3,726.2,206.36,False,379.1
27-08-2022,Pet Supplies,531.8,734.6,200.41,True,549.9
29-08-2022,Pet Supplies,359.7,745.6,195.16,False,361.4
30-08-2022,Pet Supplies,343.6,749.6,196.66,False,337.4
02-09-2022,Pet Supplies,331.8,828.1,203.94,False,320.7
04-09-2022,Pet Supplies,372.0,728.8,196.88,False,359.9
05-09-2022,Pet Supplies,327.6,746.6,196.44,False,303.2
07-09-2022,Pet Supplies,314.1,807.9,198.78,False,325.3
08-09-2022,Pet Supplies,403.7,728.2,196.51,False,369.6
10-09-2022,Pet Supplies,378.1,729.3,200.69,False,351.2
12-09-2022,Pet Supplies,349.0,734.0,196.13,False,340.9
13-09-2022,Pet Supplies,339.1,734.7,193.36,False,308.7
14-09-2022,Pet Supplies,352.4,736.7,199.81,False,344.5
15-09-2022,Pet Supplies,409.5,721.7,193.72,False,375.9
16-09-2022,Pet Supplies,1520.3,727.8,192.93,False,418.7
17-09-2022,Pet Supplies,394.2,737.8,197.64,False,357.8
19-09-2022,Pet Supplies,475.0,733.9,200.37,True,496.6
20-09-2022,Pet Supplies,362.0,737.2,201.16,False,327.0
22-09-2022,Pet Supplies,414.4,720.8,199.18,False,380.4
23-09-2022,Pet Supplies,436.2,721.6,197.83,False,441.8
24-09-2022,Pet Supplies,391.3,736.9,202.76,False,367.4
25-09-2022,Pet Supplies,389.9,737.5,194.32,False,402.0
26-09-2022,Pet Supplies,332.2,755.4,188.98,False,337.9
27-09-2022,Pet Supplies,329.3,753.9,188.6,False,314.4
28-09-2022,Pet Supplies,396.8,735.3,198.33,False,375.8
29-09-2022,Pet Supplies,416.3,725.0,207.16,False,412.9
30-09-2022,Pet Supplies,425.2,715.9,195.92,False,388.6
01-10-2022,Pet Supplies,329.2,837.3,201.47,False,321.9
01-10-2022,Pet Supplies,427.8,717.7,199.3,False,395.0
03-10-2022,Pet Supplies,375.1,742.4,197.49,False,344.8
05-10-2022,Pet Supplies,522.2,720.8,196.24,True,520.3
06-10-2022,Pet Supplies,418.1,718.7,202.57,False,380.1
08-10-2022,Pet Supplies,406.2,720.4,197.56,False,368.6
09-10-2022,Pet Supplies,374.3,737.1,196.82,False,346.4
10-10-2022,Pet Supplies,344.9,746.8,196.3,False,348.8
14-10-2022,Pet Supplies,448.8,720.9,187.04,False,438.7
15-10-2022,Pet Supplies,508.6,735.5,194.18,True,484.0
16-10-2022,Pet Supplies,398.2,741.3,198.89,False,417.2
18-10-2022,Pet Supplies,383.4,729.0,195.98,False,378.3
19-10-2022,Pet Supplies,377.5,731.6,198.54,False,351.0
20-10-2022,Pet Supplies,430.1,706.1,194.82,False,401.5
21-10-2022,Pet Supplies,450.3,708.5,205.08,False,442.8
23-10-2022,Pet Supplies,400.3,723.3,195.37,False,377.4
24-10-2022,Pet Supplies,469.4,740.0,196.85,True,436.6
25-10-2022,Pet Supplies,351.9,737.9,201.91,False,323.2
26-10-2022,Pet Supplies,398.8,720.9,197.35,False,366.2
27-10-2022,Pet Supplies,432.6,700.5,194.83,False,422.6
28-10-2022,Pet Supplies,440.6,701.7,201.69,False,432.4
29-10-2022,Pet Supplies,405.1,703.8,195.62,False,400.2
01-11-2022,Pet Supplies,370.6,717.7,197.21,False,357.5
01-11-2022,Pet Supplies,442.4,855.9,195.09,True,408.1
02-11-2022,Pet Supplies,409.9,716.1,192.21,False,409.5
04-11-2022,Pet Supplies,2752.9,697.1,198.87,True,669.9
05-11-2022,Pet Supplies,422.5,704.6,200.4,False,432.4
06-11-2022,Pet Supplies,381.7,716.4,201.54,False,385.4
08-11-2022,Pet Supplies,345.5,734.3,197.75,False,324.7
09-11-2022,Pet Supplies,394.5,716.8,192.24,False,404.5
10-11-2022,Pet Supplies,428.8,699.5,203.84,False,408.9
12-11-2022,Pet Supplies,424.4,689.0,190.02,False,433.6
14-11-2022,Pet Supplies,368.8,707.2,203.08,False,380.4
17-11-2022,Pet Supplies,421.2,691.5,195.88,False,382.2
19-11-2022,Pet Supplies,437.4,685.5,194.39,False,441.5
20-11-2022,Pet Supplies,391.9,701.0,196.38,False,385.5
21-11-2022,Pet Supplies,334.5,723.0,195.4,False,331.5
22-11-2022,Pet Supplies,393.7,692.8,199.45,False,383.9
23-11-2022,Pet Supplies,406.6,695.4,202.85,False,420.6
24-11-2022,Pet Supplies,419.3,689.6,195.51,False,403.0
26-11-2022,Pet Supplies,397.2,682.9,198.2,False,408.2
29-11-2022,Pet Supplies,355.0,694.7,198.03,False,371.5
30-11-2022,Pet Supplies,404.5,678.2,194.12,False,410.9
01-12-2022,Pet Supplies,335.2,840.4,197.57,False,320.6
02-12-2022,Pet Supplies,457.6,667.4,196.46,False,463.5
03-12-2022,Pet Supplies,335.8,800.9,198.58,False,348.0
03-12-2022,Pet Supplies,401.4,682.3,203.5,False,391.1
04-12-2022,Pet Supplies,347.1,698.6,194.41,False,325.5
05-12-2022,Pet Supplies,380.1,683.7,200.04,False,391.9
06-12-2022,Pet Supplies,351.8,693.0,197.09,False,343.8
07-12-2022,Pet Supplies,389.8,685.3,202.93,False,404.3
09-12-2022,Pet Supplies,401.6,683.2,193.66,False,392.9
12-12-2022,Pet Supplies,355.8,696.4,198.58,False,326.0
13-12-2022,Pet Supplies,343.1,699.4,196.66,False,311.5
14-12-2022,Pet Supplies,370.2,687.2,199.26,False,364.5
15-12-2022,Pet Supplies,414.7,679.8,199.25,False,428.2
17-12-2022,Pet Supplies,429.3,668.8,204.46,False,387.2
18-12-2022,Pet Supplies,377.4,684.3,199.58,False,355.4
19-12-2022,Pet Supplies,355.9,689.6,198.03,False,372.4
20-12-2022,Pet Supplies,359.8,692.8,198.85,False,350.7
21-12-2022,Pet Supplies,363.5,689.8,195.35,False,367.4
23-12-2022,Pet Supplies,419.8,667.2,195.3,False,418.4
25-12-2022,Pet Supplies,381.7,685.2,201.27,False,354.1
29-12-2022,Pet Supplies,413.5,661.9,195.07,False,373.0
31-12-2022,Pet Supplies,417.0,652.5,202.88,False,404.7
03-01-2023,Pet Supplies,333.5,672.6,198.45,False,335.3
04-01-2023,Pet Supplies,598.4,659.1,199.77,True,598.6
03-01-2020,Sporting Goods,694.8,1429.0,127.04,True,638.1
04-01-2020,Sporting Goods,509.0,1383.6,122.9,False,522.1
06-01-2020,Sporting Goods,654.5,1098.0,129.43,True,119.3
06-01-2020,Sporting Goods,423.1,1377.0,125.31,False,422.7
07-01-2020,Sporting Goods,511.4,1364.4,129.51,False,530.9
07-01-2020,Sporting Goods,460.6,1097.1,127.02,False,472.7
08-01-2020,Sporting Goods,431.4,1107.4,131.67,False,400.3
09-01-2020,Sporting Goods,518.7,1441.0,130.23,False,540.8
10-01-2020,Sporting Goods,527.3,1439.2,129.7,False,548.7
11-01-2020,Sporting Goods,504.9,1445.9,128.54,False,495.3
13-01-2020,Sporting Goods,468.8,1439.2,131.15,False,449.1
16-01-2020,Sporting Goods,826.9,1418.0,130.74,True,800.8
17-01-2020,Sporting Goods,523.4,1429.9,130.32,False,515.7
18-01-2020,Sporting Goods,475.7,1447.5,129.74,False,484.1
20-01-2020,Sporting Goods,400.8,1465.3,127.19,False,368.6
21-01-2020,Sporting Goods,429.7,1455.1,127.45,False,431.7
23-01-2020,Sporting Goods,530.2,1433.9,125.0,False,516.6
25-01-2020,Sporting Goods,462.4,1453.0,127.5,False,482.2
26-01-2020,Sporting Goods,384.7,1470.0,129.25,False,389.2
27-01-2020,Sporting Goods,437.5,1452.0,124.22,False,420.8
28-01-2020,Sporting Goods,486.6,1436.3,123.96,False,451.1
29-01-2020,Sporting Goods,460.0,1442.3,128.12,False,435.5
30-01-2020,Sporting Goods,479.3,1436.4,124.99,False,476.7
01-02-2020,Sporting Goods,471.9,1435.7,124.83,False,426.5
03-02-2020,Sporting Goods,497.6,1423.3,126.03,False,493.1
03-02-2020,Sporting Goods,490.2,1433.7,129.63,False,453.2
05-02-2020,Sporting Goods,474.2,1441.6,128.58,False,495.5
06-02-2020,Sporting Goods,511.1,1434.4,127.43,False,476.5
08-02-2020,Sporting Goods,515.0,1428.2,130.81,False,487.3
09-02-2020,Sporting Goods,498.0,1426.5,131.57,False,507.3
11-02-2020,Sporting Goods,602.1,1437.0,132.56,True,624.6
13-02-2020,Sporting Goods,543.9,1413.6,128.75,False,550.4
14-02-2020,Sporting Goods,479.3,1435.8,129.08,False,438.8
15-02-2020,Sporting Goods,510.8,1420.3,122.57,False,520.3
16-02-2020,Sporting Goods,473.2,1440.2,127.16,False,436.0
17-02-2020,Sporting Goods,462.3,1451.9,133.38,False,426.7
19-02-2020,Sporting Goods,443.3,1448.1,119.28,False,405.7
21-02-2020,Sporting Goods,569.3,1402.4,128.31,False,561.3
23-02-2020,Sporting Goods,470.2,1434.8,128.46,False,452.0
24-02-2020,Sporting Goods,465.8,1432.4,131.21,False,432.0
27-02-2020,Sporting Goods,564.1,1400.8,127.04,False,514.1
28-02-2020,Sporting Goods,528.4,1409.9,129.8,False,490.2
29-02-2020,Sporting Goods,510.4,1414.1,127.67,False,517.0
01-03-2020,Sporting Goods,514.0,1416.2,129.36,False,466.8
08-03-2020,Sporting Goods,464.7,1389.5,122.3,False,473.5
08-03-2020,Sporting Goods,677.2,1416.8,126.07,True,625.0
09-03-2020,Sporting Goods,437.7,1446.2,124.56,False,435.5
10-03-2020,Sporting Goods,472.9,1439.5,129.61,False,479.7
13-03-2020,Sporting Goods,531.6,1424.0,127.15,False,492.7
14-03-2020,Sporting Goods,532.0,1420.6,130.27,False,549.8
15-03-2020,Sporting Goods,499.0,1423.2,130.3,False,454.1
16-03-2020,Sporting Goods,486.1,1428.1,129.67,False,510.4
17-03-2020,Sporting Goods,481.1,1432.6,128.65,False,440.9
18-03-2020,Sporting Goods,486.3,1425.9,127.41,False,501.2
19-03-2020,Sporting Goods,531.8,1410.9,125.3,False,504.0
20-03-2020,Sporting Goods,898.4,1393.5,122.93,True,885.4
21-03-2020,Sporting Goods,576.1,1393.5,128.08,False,533.4
22-03-2020,Sporting Goods,451.8,1425.2,130.36,False,438.8
23-03-2020,Sporting Goods,479.2,1418.1,128.73,False,473.4
27-03-2020,Sporting Goods,792.5,1373.0,128.39,True,812.5
29-03-2020,Sporting Goods,518.4,1394.1,127.66,False,537.3
30-03-2020,Sporting Goods,499.5,1393.0,129.0,False,486.4
02-04-2020,Sporting Goods,534.8,1429.2,126.53,False,519.2
02-04-2020,Sporting Goods,544.1,1372.1,127.85,False,560.1
03-04-2020,Sporting Goods,560.9,1357.2,128.66,False,511.5
04-04-2020,Sporting Goods,516.8,1364.9,128.29,False,481.4
06-04-2020,Sporting Goods,504.8,1369.1,128.13,False,507.8
07-04-2020,Sporting Goods,513.2,1359.6,120.61,False,503.4
09-04-2020,Sporting Goods,470.6,1382.1,128.22,False,492.7
11-04-2020,Sporting Goods,538.1,1355.7,129.24,False,495.3
14-04-2020,Sporting Goods,496.2,1369.0,130.69,False,515.9
16-04-2020,Sporting Goods,565.3,1350.5,127.1,False,558.6
17-04-2020,Sporting Goods,896.7,1347.3,131.89,True,858.3
18-04-2020,Sporting Goods,633.9,1367.7,127.53,True,618.1
20-04-2020,Sporting Goods,486.2,1365.8,132.83,False,488.2
21-04-2020,Sporting Goods,472.1,1368.9,135.84,False,426.9
22-04-2020,Sporting Goods,545.9,1343.0,132.15,False,540.7
24-04-2020,Sporting Goods,547.0,1333.2,128.5,False,573.4
25-04-2020,Sporting Goods,517.4,1349.1,128.65,False,478.9
26-04-2020,Sporting Goods,494.4,1359.0,126.61,False,486.0
27-04-2020,Sporting Goods,505.1,1352.6,128.56,False,493.1
28-04-2020,Sporting Goods,472.7,1372.2,127.68,False,447.1
29-04-2020,Sporting Goods,546.4,1343.5,135.04,False,537.9
30-04-2020,Sporting Goods,587.8,1336.0,126.97,False,589.7
01-05-2020,Sporting Goods,458.9,1097.3,128.52,False,430.6
02-05-2020,Sporting Goods,500.2,1365.6,125.94,False,484.6
04-05-2020,Sporting Goods,545.2,1362.5,129.71,False,548.9
05-05-2020,Sporting Goods,463.6,1373.8,130.84,False,439.2
07-05-2020,Sporting Goods,528.4,1359.5,130.53,False,530.2
08-05-2020,Sporting Goods,630.0,1318.7,131.1,False,607.3
09-05-2020,Sporting Goods,508.4,1355.4,128.99,False,475.1
11-05-2020,Sporting Goods,501.2,1396.7,126.42,False,475.3
12-05-2020,Sporting Goods,504.8,1356.1,131.1,False,468.5
13-05-2020,Sporting Goods,525.5,1356.3,131.69,False,533.6
14-05-2020,Sporting Goods,532.1,1348.9,129.41,False,530.9
15-05-2020,Sporting Goods,614.3,1335.5,124.53,False,564.0
16-05-2020,Sporting Goods,561.5,1347.3,126.81,False,512.6
17-05-2020,Sporting Goods,537.3,1356.4,126.57,False,507.6
18-05-2020,Sporting Goods,468.6,1367.6,130.86,False,488.6
19-05-2020,Sporting Goods,504.2,1349.0,125.24,False,504.2
20-05-2020,Sporting Goods,565.4,1328.6,128.75,False,516.4
21-05-2020,Sporting Goods,556.0,1333.7,128.14,False,582.4
22-05-2020,Sporting Goods,579.4,1322.5,129.42,False,523.2
24-05-2020,Sporting Goods,502.6,1341.2,125.39,False,462.5
25-05-2020,Sporting Goods,464.8,1359.0,130.08,False,445.1
26-05-2020,Sporting Goods,476.1,1356.0,128.37,False,486.7
27-05-2020,Sporting Goods,538.1,1343.5,130.93,False,546.3
28-05-2020,Sporting Goods,509.9,1347.6,131.26,False,480.9
30-05-2020,Sporting Goods,560.0,1332.9,128.61,False,541.8
31-05-2020,Sporting Goods,471.4,1365.8,130.97,False,490.6
02-06-2020,Sporting Goods,483.9,1354.9,130.52,False,504.2
03-06-2020,Sporting Goods,507.0,1345.4,126.32,False,511.3
04-06-2020,Sporting Goods,553.5,1336.3,131.28,False,581.0
05-06-2020,Sporting Goods,563.2,1318.4,127.26,False,532.1
06-06-2020,Sporting Goods,548.4,1328.1,126.35,False,544.0
07-06-2020,Sporting Goods,494.1,1349.7,132.01,False,518.7
07-06-2020,Sporting Goods,474.4,1377.1,130.05,False,482.8
09-06-2020,Sporting Goods,464.9,1346.4,129.27,False,479.7
13-06-2020,Sporting Goods,544.2,1320.3,130.79,False,535.2
14-06-2020,Sporting Goods,525.3,1330.1,125.72,False,519.2
16-06-2020,Sporting Goods,501.0,1351.3,129.17,False,469.9
17-06-2020,Sporting Goods,549.1,1337.1,128.32,False,526.0
18-06-2020,Sporting Goods,634.7,1313.6,129.74,False,654.3
19-06-2020,Sporting Goods,569.9,1330.4,128.62,False,590.4
20-06-2020,Sporting Goods,515.4,1345.4,129.22,False,525.3
21-06-2020,Sporting Goods,498.8,1359.5,128.39,False,489.5
22-06-2020,Sporting Goods,506.8,1364.9,127.81,False,506.4
23-06-2020,Sporting Goods,477.8,1369.2,130.44,False,464.6
24-06-2020,Sporting Goods,495.6,1363.5,131.18,False,460.5
25-06-2020,Sporting Goods,528.4,1352.3,126.13,False,480.4
26-06-2020,Sporting Goods,613.2,1327.1,124.36,False,631.4
28-06-2020,Sporting Goods,499.8,1362.3,125.78,False,465.4
29-06-2020,Sporting Goods,439.6,1381.5,125.0,False,435.1
02-07-2020,Sporting Goods,520.4,1364.4,129.65,False,476.2
02-07-2020,Sporting Goods,475.8,1442.8,128.6,False,494.5
03-07-2020,Sporting Goods,551.7,1417.0,131.93,False,577.7
03-07-2020,Sporting Goods,526.5,1360.4,127.58,False,514.1
04-07-2020,Sporting Goods,490.2,1379.5,128.47,False,487.2
07-07-2020,Sporting Goods,490.8,1374.3,129.2,False,453.8
08-07-2020,Sporting Goods,602.4,1385.5,122.9,True,563.6
09-07-2020,Sporting Goods,534.4,1360.1,128.87,False,521.5
11-07-2020,Sporting Goods,553.4,1356.7,128.19,False,560.5
12-07-2020,Sporting Goods,436.9,1389.1,129.45,False,453.7
13-07-2020,Sporting Goods,491.1,1372.7,126.01,False,496.0
14-07-2020,Sporting Goods,512.7,1362.3,130.9,False,511.5
16-07-2020,Sporting Goods,564.9,1352.7,125.67,False,513.2
19-07-2020,Sporting Goods,496.1,1371.7,129.5,False,478.9
20-07-2020,Sporting Goods,452.8,1381.8,127.36,False,408.7
21-07-2020,Sporting Goods,434.6,1387.5,126.54,False,437.0
22-07-2020,Sporting Goods,488.1,1365.9,128.65,False,464.9
23-07-2020,Sporting Goods,517.0,1362.5,125.92,False,532.6
24-07-2020,Sporting Goods,516.3,1361.4,134.28,False,503.9
26-07-2020,Sporting Goods,480.6,1367.5,129.61,False,456.6
28-07-2020,Sporting Goods,410.4,1375.0,129.48,False,409.9
29-07-2020,Sporting Goods,499.2,1344.7,128.75,False,492.5
30-07-2020,Sporting Goods,540.0,1339.3,129.46,False,514.7
31-07-2020,Sporting Goods,518.0,1349.1,125.35,False,490.5
01-08-2020,Sporting Goods,542.4,1352.5,126.94,False,493.5
02-08-2020,Sporting Goods,445.1,1383.5,129.18,False,426.3
05-08-2020,Sporting Goods,459.8,1402.8,130.81,False,460.8
06-08-2020,Sporting Goods,680.2,1338.3,122.48,True,652.4
07-08-2020,Sporting Goods,512.2,1382.9,130.38,False,512.3
08-08-2020,Sporting Goods,535.8,1381.6,126.92,False,555.9
09-08-2020,Sporting Goods,464.2,1401.6,132.47,False,473.1
11-08-2020,Sporting Goods,408.7,1423.4,129.95,False,395.1
12-08-2020,Sporting Goods,462.8,1391.0,128.91,False,417.6
12-08-2020,Sporting Goods,483.5,1398.3,129.53,False,505.3
13-08-2020,Sporting Goods,473.4,1377.0,124.3,False,469.1
14-08-2020,Sporting Goods,455.9,1382.2,132.76,False,464.5
15-08-2020,Sporting Goods,482.7,1370.8,127.04,False,477.8
16-08-2020,Sporting Goods,486.1,1366.6,124.3,False,472.4
17-08-2020,Sporting Goods,421.0,1386.0,128.46,False,439.0
19-08-2020,Sporting Goods,485.9,1363.2,126.08,False,472.9
20-08-2020,Sporting Goods,510.3,1356.7,130.55,False,460.8
21-08-2020,Sporting Goods,550.1,1347.1,131.37,False,538.0
22-08-2020,Sporting Goods,534.8,1350.1,128.35,False,528.8
23-08-2020,Sporting Goods,503.0,1366.3,127.38,False,485.8
24-08-2020,Sporting Goods,401.0,1391.3,125.84,False,393.2
26-08-2020,Sporting Goods,497.9,1367.1,125.56,False,499.6
27-08-2020,Sporting Goods,505.6,1366.3,129.12,False,495.2
28-08-2020,Sporting Goods,503.5,1369.0,125.41,False,462.7
30-08-2020,Sporting Goods,423.9,1390.1,128.92,False,433.9
31-08-2020,Sporting Goods,482.8,1376.2,125.82,False,448.4
01-09-2020,Sporting Goods,475.8,1371.1,128.08,False,4587.0
02-09-2020,Sporting Goods,424.8,1384.6,124.15,False,426.7
03-09-2020,Sporting Goods,519.0,1364.8,126.6,False,541.0
05-09-2020,Sporting Goods,505.8,1370.4,129.49,False,520.3
07-09-2020,Sporting Goods,435.0,1374.8,129.88,False,397.0
10-09-2020,Sporting Goods,479.4,1350.2,130.37,False,467.4
11-09-2020,Sporting Goods,831.3,1339.3,129.13,True,862.6
12-09-2020,Sporting Goods,466.0,1368.5,129.09,False,419.7
13-09-2020,Sporting Goods,452.6,1384.8,129.58,False,454.0
14-09-2020,Sporting Goods,408.9,1398.6,128.56,False,392.4
15-09-2020,Sporting Goods,482.4,1376.8,130.54,False,496.6
16-09-2020,Sporting Goods,508.1,1371.7,128.29,False,517.8
17-09-2020,Sporting Goods,452.5,1394.9,127.17,False,454.4
18-09-2020,Sporting Goods,784.0,1363.9,128.26,True,709.1
22-09-2020,Sporting Goods,426.1,1394.4,130.06,False,400.8
23-09-2020,Sporting Goods,489.3,1378.9,124.25,False,500.3
26-09-2020,Sporting Goods,468.7,1385.7,128.33,False,438.9
27-09-2020,Sporting Goods,697.4,1378.4,130.36,True,656.7
28-09-2020,Sporting Goods,452.9,1394.5,127.06,False,454.4
29-09-2020,Sporting Goods,428.4,1407.2,129.88,False,430.1
01-10-2020,Sporting Goods,483.0,1385.8,123.57,False,440.0
02-10-2020,Sporting Goods,460.6,1438.7,132.85,False,461.6
02-10-2020,Sporting Goods,530.8,1375.2,132.66,False,500.4
03-10-2020,Sporting Goods,493.2,1386.1,127.07,False,471.3
04-10-2020,Sporting Goods,439.0,1401.5,128.14,False,453.3
06-10-2020,Sporting Goods,480.2,1346.8,130.09,False,473.9
07-10-2020,Sporting Goods,528.7,1362.9,129.28,False,512.1
09-10-2020,Sporting Goods,490.6,1377.7,125.94,False,493.3
12-10-2020,Sporting Goods,454.4,1395.7,123.45,False,4276.0
13-10-2020,Sporting Goods,437.1,1399.6,122.02,False,442.5
18-10-2020,Sporting Goods,473.0,1395.0,128.43,False,486.9
19-10-2020,Sporting Goods,496.6,1422.9,125.66,True,480.0
21-10-2020,Sporting Goods,440.7,1412.6,125.17,False,414.9
22-10-2020,Sporting Goods,489.5,1398.9,127.48,False,507.3
24-10-2020,Sporting Goods,498.9,1400.7,125.87,False,519.7
26-10-2020,Sporting Goods,403.4,1427.7,128.16,False,397.4
27-10-2020,Sporting Goods,454.5,1412.5,127.69,False,427.0
28-10-2020,Sporting Goods,787.7,1393.1,125.76,True,778.8
29-10-2020,Sporting Goods,598.7,1407.3,124.26,True,552.8
31-10-2020,Sporting Goods,495.8,1398.0,130.53,False,447.1
02-11-2020,Sporting Goods,468.6,1413.7,126.14,False,463.4
03-11-2020,Sporting Goods,470.5,1434.1,128.58,False,461.0
03-11-2020,Sporting Goods,437.4,1418.1,129.9,False,415.1
04-11-2020,Sporting Goods,491.9,1400.7,124.74,False,466.6
06-11-2020,Sporting Goods,534.0,1395.6,129.02,False,526.1
11-11-2020,Sporting Goods,479.7,1407.6,127.76,False,487.9
13-11-2020,Sporting Goods,663.2,1392.1,126.08,True,692.0
14-11-2020,Sporting Goods,496.4,1393.3,126.78,False,490.8
15-11-2020,Sporting Goods,478.3,1399.9,130.68,False,452.3
16-11-2020,Sporting Goods,428.6,1424.0,127.41,False,397.1
17-11-2020,Sporting Goods,458.1,1423.2,132.43,False,471.4
18-11-2020,Sporting Goods,467.6,1410.7,124.0,False,483.2
19-11-2020,Sporting Goods,444.8,1413.6,127.63,False,448.5
20-11-2020,Sporting Goods,503.2,1387.0,128.01,False,485.4
21-11-2020,Sporting Goods,463.2,1388.9,127.19,False,425.0
22-11-2020,Sporting Goods,436.5,1392.0,128.3,False,395.5
23-11-2020,Sporting Goods,384.9,1402.9,126.48,False,398.3
24-11-2020,Sporting Goods,433.9,1389.6,123.83,False,414.0
26-11-2020,Sporting Goods,518.1,1354.4,132.77,False,510.1
27-11-2020,Sporting Goods,524.1,1352.8,130.08,False,534.4
28-11-2020,Sporting Goods,507.6,1369.9,125.58,False,528.4
29-11-2020,Sporting Goods,414.6,1397.8,131.92,False,427.1
01-12-2020,Sporting Goods,427.3,1392.1,129.15,False,393.4
03-12-2020,Sporting Goods,597.5,1394.8,124.28,False,547.6
05-12-2020,Sporting Goods,496.8,855.7,125.24,False,455.1
06-12-2020,Sporting Goods,482.9,857.6,129.27,False,493.1
09-12-2020,Sporting Goods,447.8,1415.5,128.01,False,449.4
10-12-2020,Sporting Goods,518.3,1390.0,126.75,False,499.8
11-12-2020,Sporting Goods,523.5,1386.3,128.96,False,534.2
11-12-2020,Sporting Goods,472.8,1406.3,127.63,False,475.4
12-12-2020,Sporting Goods,494.9,1401.3,129.22,False,500.8
14-12-2020,Sporting Goods,417.5,1419.3,126.8,False,393.2
15-12-2020,Sporting Goods,490.7,1404.6,130.93,False,492.3
16-12-2020,Sporting Goods,478.3,1401.6,128.77,False,494.3
17-12-2020,Sporting Goods,492.1,1399.8,131.56,False,483.8
18-12-2020,Sporting Goods,510.5,1392.2,123.78,False,477.0
19-12-2020,Sporting Goods,482.9,1399.3,128.51,False,504.5
21-12-2020,Sporting Goods,465.0,1401.0,126.26,False,465.9
23-12-2020,Sporting Goods,475.0,1403.7,130.8,False,464.1
24-12-2020,Sporting Goods,447.6,1410.1,129.07,False,426.6
25-12-2020,Sporting Goods,497.3,1391.2,129.24,False,463.3
26-12-2020,Sporting Goods,529.3,1388.7,126.24,False,543.5
28-12-2020,Sporting Goods,433.4,1424.2,128.21,False,427.6
30-12-2020,Sporting Goods,505.0,1393.4,130.29,False,459.7
31-12-2020,Sporting Goods,529.2,1390.6,125.67,False,490.7
04-01-2021,Sporting Goods,457.1,1406.4,125.38,False,438.0
05-01-2021,Sporting Goods,455.2,1412.3,130.65,False,475.7
06-01-2021,Sporting Goods,510.2,1325.1,125.5,False,508.2
06-01-2021,Sporting Goods,484.4,1402.9,126.33,False,487.5
07-01-2021,Sporting Goods,557.9,1381.7,130.26,False,530.9
08-01-2021,Sporting Goods,546.1,1390.2,132.77,False,516.7
09-01-2021,Sporting Goods,502.6,1402.6,123.63,False,4798.0
10-01-2021,Sporting Goods,480.8,1412.6,125.22,False,497.6
11-01-2021,Sporting Goods,490.4,1405.5,131.41,False,472.0
12-01-2021,Sporting Goods,504.2,1430.3,126.0,False,496.7
12-01-2021,Sporting Goods,485.3,1404.0,124.58,False,450.8
13-01-2021,Sporting Goods,546.7,1386.3,129.73,False,536.9
16-01-2021,Sporting Goods,512.1,1410.8,133.15,False,496.1
17-01-2021,Sporting Goods,468.8,1419.7,130.67,False,477.8
20-01-2021,Sporting Goods,504.1,1399.9,132.12,False,518.6
21-01-2021,Sporting Goods,527.4,1393.5,129.33,False,508.0
22-01-2021,Sporting Goods,538.1,1397.6,130.83,False,516.4
23-01-2021,Sporting Goods,491.0,1404.6,132.91,False,444.4
24-01-2021,Sporting Goods,542.8,1394.4,128.76,False,520.2
25-01-2021,Sporting Goods,447.6,1424.8,127.62,False,459.1
26-01-2021,Sporting Goods,471.4,1407.2,132.04,False,492.8
27-01-2021,Sporting Goods,1512.4,1390.1,128.86,False,500.3
28-01-2021,Sporting Goods,576.6,1371.3,132.28,False,544.3
29-01-2021,Sporting Goods,580.9,1367.9,132.9,False,582.8
30-01-2021,Sporting Goods,494.3,1391.2,126.87,False,455.9
31-01-2021,Sporting Goods,535.1,1376.2,128.09,False,493.5
01-02-2021,Sporting Goods,458.5,1404.3,128.01,False,421.6
02-02-2021,Sporting Goods,540.8,1376.5,127.94,False,502.5
06-02-2021,Sporting Goods,520.1,1381.8,127.24,False,532.5
08-02-2021,Sporting Goods,462.4,1358.2,125.02,False,444.6
08-02-2021,Sporting Goods,436.1,1405.0,128.86,False,396.8
09-02-2021,Sporting Goods,679.1,1387.5,127.58,True,669.2
09-02-2021,Sporting Goods,487.7,1370.0,126.4,False,501.2
10-02-2021,Sporting Goods,491.0,1382.1,125.79,False,468.4
12-02-2021,Sporting Goods,602.6,1353.3,127.73,False,543.3
14-02-2021,Sporting Goods,536.2,1378.8,131.02,False,544.4
15-02-2021,Sporting Goods,486.2,1392.8,130.42,False,449.0
16-02-2021,Sporting Goods,490.5,1388.9,126.74,False,510.8
17-02-2021,Sporting Goods,516.2,1373.5,124.61,False,466.5
18-02-2021,Sporting Goods,533.3,1370.4,127.35,False,495.0
19-02-2021,Sporting Goods,575.3,1355.7,126.54,False,584.4
21-02-2021,Sporting Goods,540.2,1362.8,126.21,False,510.3
23-02-2021,Sporting Goods,562.7,1060.1,127.66,False,570.2
26-02-2021,Sporting Goods,598.3,1046.3,130.6,False,559.2
28-02-2021,Sporting Goods,512.6,1360.0,130.01,False,484.2
01-03-2021,Sporting Goods,497.7,1393.2,128.66,False,476.6
01-03-2021,Sporting Goods,502.5,1356.3,126.51,False,510.6
02-03-2021,Sporting Goods,501.0,1353.1,126.6,False,466.5
03-03-2021,Sporting Goods,487.1,1365.9,132.52,False,482.6
06-03-2021,Sporting Goods,571.1,1347.8,132.06,False,555.4
07-03-2021,Sporting Goods,507.6,1361.1,127.95,False,520.4
09-03-2021,Sporting Goods,520.6,1356.5,130.96,False,519.7
10-03-2021,Sporting Goods,501.8,1362.1,130.2,False,507.6
11-03-2021,Sporting Goods,537.1,1360.9,124.39,False,519.6
12-03-2021,Sporting Goods,566.9,1354.0,124.9,False,567.0
13-03-2021,Sporting Goods,541.0,1359.6,126.82,False,500.8
14-03-2021,Sporting Goods,537.4,1360.7,120.25,False,489.1
15-03-2021,Sporting Goods,531.6,1366.8,124.32,False,479.2
16-03-2021,Sporting Goods,703.2,1384.5,128.26,True,640.9
18-03-2021,Sporting Goods,631.1,1332.0,127.83,False,593.1
19-03-2021,Sporting Goods,572.3,1349.2,131.99,False,517.9
21-03-2021,Sporting Goods,506.5,1363.3,130.19,False,493.2
22-03-2021,Sporting Goods,525.7,1350.2,125.68,False,481.4
23-03-2021,Sporting Goods,476.1,1365.9,122.04,False,468.5
24-03-2021,Sporting Goods,541.3,1345.6,126.65,False,487.2
25-03-2021,Sporting Goods,579.6,1333.1,127.06,False,580.5
26-03-2021,Sporting Goods,536.0,1347.9,127.2,False,561.6
27-03-2021,Sporting Goods,591.3,1326.0,127.22,False,586.1
28-03-2021,Sporting Goods,550.9,1350.3,129.0,False,566.4
30-03-2021,Sporting Goods,616.0,1327.4,132.32,False,624.8
31-03-2021,Sporting Goods,639.3,1355.8,126.39,True,645.7
01-04-2021,Sporting Goods,861.3,1314.6,129.32,True,879.0
02-04-2021,Sporting Goods,587.6,1315.1,127.54,False,609.2
03-04-2021,Sporting Goods,557.1,1332.7,127.41,False,540.1
06-04-2021,Sporting Goods,488.3,1354.1,131.67,False,498.2
09-04-2021,Sporting Goods,587.6,1322.9,126.74,False,571.0
11-04-2021,Sporting Goods,547.3,1325.5,131.84,False,552.7
14-04-2021,Sporting Goods,537.6,1340.9,129.58,False,551.4
18-04-2021,Sporting Goods,551.7,1335.8,125.83,False,570.2
19-04-2021,Sporting Goods,539.9,1329.5,128.94,False,557.4
20-04-2021,Sporting Goods,565.2,1319.1,124.83,False,539.5
21-04-2021,Sporting Goods,564.9,1324.2,128.21,False,576.2
22-04-2021,Sporting Goods,580.3,1320.5,122.84,False,583.0
23-04-2021,Sporting Goods,652.2,1299.2,127.42,False,657.1
25-04-2021,Sporting Goods,528.5,1347.4,127.47,False,492.6
26-04-2021,Sporting Goods,531.3,1344.4,127.53,False,544.9
27-04-2021,Sporting Goods,507.6,1357.6,129.41,False,501.2
28-04-2021,Sporting Goods,702.0,1347.0,129.92,True,721.6
01-05-2021,Sporting Goods,571.9,1318.1,129.88,False,534.5
02-05-2021,Sporting Goods,512.2,1342.2,127.83,False,481.0
06-05-2021,Sporting Goods,559.9,1311.8,130.76,False,571.5
06-05-2021,Sporting Goods,575.8,1336.0,128.56,False,523.0
07-05-2021,Sporting Goods,598.3,1331.9,125.93,False,551.3
08-05-2021,Sporting Goods,596.6,1329.8,128.92,False,599.9
09-05-2021,Sporting Goods,545.7,1337.6,130.98,False,493.8
10-05-2021,Sporting Goods,535.3,1340.5,129.22,False,535.2
11-05-2021,Sporting Goods,556.1,1330.7,137.22,False,534.7
12-05-2021,Sporting Goods,568.1,1325.4,130.46,False,586.0
13-05-2021,Sporting Goods,596.7,1315.7,127.37,False,539.7
14-05-2021,Sporting Goods,571.8,1325.3,127.72,False,526.5
15-05-2021,Sporting Goods,759.1,1333.0,128.14,True,780.5
18-05-2021,Sporting Goods,608.4,1313.0,128.73,False,609.9
19-05-2021,Sporting Goods,585.2,1310.4,125.6,False,611.2
20-05-2021,Sporting Goods,627.1,1297.6,126.44,False,606.0
21-05-2021,Sporting Goods,573.7,1310.1,128.02,False,583.1
24-05-2021,Sporting Goods,458.3,1347.0,128.01,False,463.4
25-05-2021,Sporting Goods,510.4,1328.5,128.12,False,528.5
26-05-2021,Sporting Goods,541.1,1318.3,125.79,False,566.8
29-05-2021,Sporting Goods,731.6,1313.7,124.06,True,669.0
30-05-2021,Sporting Goods,527.9,1315.7,130.37,False,478.1
31-05-2021,Sporting Goods,488.7,1324.0,129.87,False,471.5
02-06-2021,Sporting Goods,531.5,1315.6,124.96,False,5156.0
03-06-2021,Sporting Goods,948.1,1294.9,129.96,True,860.9
04-06-2021,Sporting Goods,607.9,1288.4,127.73,False,552.7
06-06-2021,Sporting Goods,517.5,1330.2,126.13,False,509.1
07-06-2021,Sporting Goods,510.0,1333.6,127.29,False,480.8
08-06-2021,Sporting Goods,536.6,1321.4,126.6,False,492.7
10-06-2021,Sporting Goods,471.0,1420.5,128.82,False,436.8
10-06-2021,Sporting Goods,782.1,1312.8,129.28,True,748.6
13-06-2021,Sporting Goods,524.0,1338.5,128.32,False,487.7
14-06-2021,Sporting Goods,649.5,1338.3,128.88,True,671.2
15-06-2021,Sporting Goods,478.2,1345.7,128.6,False,430.8
16-06-2021,Sporting Goods,822.4,1325.2,128.5,True,754.2
17-06-2021,Sporting Goods,569.2,1325.0,131.57,False,531.1
18-06-2021,Sporting Goods,622.6,1308.4,131.33,False,589.9
19-06-2021,Sporting Goods,560.5,1324.1,126.74,False,546.0
20-06-2021,Sporting Goods,534.2,1331.9,127.45,False,547.2
21-06-2021,Sporting Goods,511.6,1339.9,128.37,False,532.8
22-06-2021,Sporting Goods,660.0,1360.1,128.27,True,616.0
23-06-2021,Sporting Goods,511.7,1344.0,128.33,False,491.3
24-06-2021,Sporting Goods,519.9,1347.2,127.23,False,520.3
25-06-2021,Sporting Goods,578.3,1332.4,131.23,False,545.5
27-06-2021,Sporting Goods,615.5,1337.5,130.12,True,574.1
28-06-2021,Sporting Goods,519.5,1332.9,131.88,False,468.6
29-06-2021,Sporting Goods,462.2,1355.0,128.21,False,435.6
30-06-2021,Sporting Goods,564.1,1321.4,130.0,False,589.3
01-07-2021,Sporting Goods,515.9,1329.3,134.26,False,527.5
02-07-2021,Sporting Goods,607.9,1302.8,123.5,False,594.1
03-07-2021,Sporting Goods,570.3,1315.4,128.21,False,592.5
05-07-2021,Sporting Goods,472.2,1343.3,129.54,False,481.1
06-07-2021,Sporting Goods,528.1,1328.4,130.04,False,550.6
07-07-2021,Sporting Goods,568.7,1309.6,133.7,False,589.5
08-07-2021,Sporting Goods,570.1,1315.0,129.45,False,523.1
09-07-2021,Sporting Goods,591.9,1303.5,125.37,False,5682.0
12-07-2021,Sporting Goods,488.9,1339.9,126.59,False,463.6
13-07-2021,Sporting Goods,521.7,1326.5,129.57,False,488.0
14-07-2021,Sporting Goods,537.6,1319.0,129.21,False,550.6
15-07-2021,Sporting Goods,564.9,1311.7,125.12,False,545.2
17-07-2021,Sporting Goods,552.2,1315.1,126.29,False,565.3
18-07-2021,Sporting Goods,499.3,1327.1,130.35,False,501.7
19-07-2021,Sporting Goods,456.4,1344.4,124.25,False,443.2
20-07-2021,Sporting Goods,503.8,1324.3,124.56,False,465.6
21-07-2021,Sporting Goods,539.3,1322.5,129.58,False,526.1
22-07-2021,Sporting Goods,518.9,1330.3,125.37,False,513.4
24-07-2021,Sporting Goods,506.9,1331.5,128.08,False,508.8
27-07-2021,Sporting Goods,762.9,1339.3,125.17,True,763.9
28-07-2021,Sporting Goods,461.9,1352.5,130.17,False,439.8
29-07-2021,Sporting Goods,559.9,1329.1,126.6,False,508.9
30-07-2021,Sporting Goods,587.3,1316.7,125.18,False,562.0
31-07-2021,Sporting Goods,568.1,1323.4,126.56,False,550.2
01-08-2021,Sporting Goods,500.1,1342.9,127.02,False,520.7
03-08-2021,Sporting Goods,492.1,1347.5,127.51,False,444.0
04-08-2021,Sporting Goods,582.3,1320.1,132.55,False,531.2
04-08-2021,Sporting Goods,512.9,1337.5,128.92,False,474.3
05-08-2021,Sporting Goods,518.6,1338.8,129.72,False,520.2
07-08-2021,Sporting Goods,519.0,1340.2,130.37,False,533.7
08-08-2021,Sporting Goods,531.4,1333.9,129.43,False,538.8
10-08-2021,Sporting Goods,483.0,1405.8,127.89,False,467.5
10-08-2021,Sporting Goods,506.1,1334.7,127.41,False,485.5
14-08-2021,Sporting Goods,2181.3,1342.1,128.32,False,516.0
15-08-2021,Sporting Goods,507.6,1335.4,127.74,False,462.1
18-08-2021,Sporting Goods,462.5,1347.5,128.17,False,440.7
19-08-2021,Sporting Goods,509.3,1326.4,124.3,False,521.7
21-08-2021,Sporting Goods,531.5,1319.3,125.16,False,516.1
22-08-2021,Sporting Goods,480.3,1328.5,131.5,False,495.4
23-08-2021,Sporting Goods,437.8,1342.6,131.15,False,395.4
26-08-2021,Sporting Goods,555.7,1313.2,124.09,False,515.9
27-08-2021,Sporting Goods,518.8,1330.6,133.63,False,486.9
28-08-2021,Sporting Goods,462.6,1354.8,127.76,False,460.0
29-08-2021,Sporting Goods,550.3,1368.2,130.82,True,554.2
30-08-2021,Sporting Goods,670.4,1376.1,126.74,True,605.9
31-08-2021,Sporting Goods,466.8,1369.6,129.82,False,470.4
03-09-2021,Sporting Goods,562.1,1350.3,131.38,False,508.7
04-09-2021,Sporting Goods,523.7,1364.7,131.75,False,547.6
05-09-2021,Sporting Goods,533.8,1358.3,129.51,False,489.7
06-09-2021,Sporting Goods,599.0,1309.9,126.29,False,548.5
07-09-2021,Sporting Goods,487.6,1374.7,126.59,False,504.8
08-09-2021,Sporting Goods,517.2,1365.2,125.69,False,531.8
10-09-2021,Sporting Goods,681.5,1369.5,132.08,True,676.9
13-09-2021,Sporting Goods,725.5,1395.1,128.82,True,661.6
14-09-2021,Sporting Goods,684.0,1405.9,123.29,True,704.9
15-09-2021,Sporting Goods,466.4,1398.6,124.64,False,469.1
19-09-2021,Sporting Goods,456.2,1407.6,126.37,False,454.7
20-09-2021,Sporting Goods,449.4,1418.4,123.57,False,425.0
21-09-2021,Sporting Goods,470.4,1405.3,132.16,False,442.7
23-09-2021,Sporting Goods,452.2,1406.5,131.05,False,430.5
24-09-2021,Sporting Goods,527.1,1386.9,125.88,False,499.6
25-09-2021,Sporting Goods,524.4,1386.0,127.21,False,4920.0
26-09-2021,Sporting Goods,445.5,1412.5,126.89,False,447.5
27-09-2021,Sporting Goods,479.1,1404.3,131.86,False,462.3
28-09-2021,Sporting Goods,433.8,1425.9,128.89,False,446.8
30-09-2021,Sporting Goods,501.3,1411.5,126.37,False,504.0
01-10-2021,Sporting Goods,518.1,1404.2,131.91,False,507.5
02-10-2021,Sporting Goods,519.9,1403.1,130.81,False,512.4
03-10-2021,Sporting Goods,427.2,1432.4,125.64,False,410.1
04-10-2021,Sporting Goods,513.1,1409.1,129.32,False,509.6
07-10-2021,Sporting Goods,529.5,1403.9,133.97,False,487.3
10-10-2021,Sporting Goods,445.7,1431.1,132.23,False,403.2
12-10-2021,Sporting Goods,708.2,1447.7,123.71,True,722.7
15-10-2021,Sporting Goods,507.9,1387.6,125.52,False,504.9
17-10-2021,Sporting Goods,1726.0,1407.6,130.79,False,487.4
18-10-2021,Sporting Goods,438.5,1407.9,127.06,False,433.3
21-10-2021,Sporting Goods,542.1,1375.7,128.37,False,564.2
22-10-2021,Sporting Goods,576.4,1368.5,129.14,False,594.0
23-10-2021,Sporting Goods,539.3,1378.4,129.12,False,536.7
24-10-2021,Sporting Goods,459.4,1409.6,132.31,False,464.1
25-10-2021,Sporting Goods,471.6,1414.1,129.09,False,467.6
26-10-2021,Sporting Goods,455.7,1419.7,131.45,False,440.2
27-10-2021,Sporting Goods,532.2,1397.0,126.71,False,516.2
28-10-2021,Sporting Goods,524.4,1405.4,125.8,False,499.2
29-10-2021,Sporting Goods,542.3,843.2,130.25,False,515.9
30-10-2021,Sporting Goods,492.7,850.0,129.16,False,513.9
01-11-2021,Sporting Goods,464.0,855.8,128.75,False,454.5
02-11-2021,Sporting Goods,757.6,1349.7,126.06,True,697.3
02-11-2021,Sporting Goods,420.6,864.8,131.23,False,396.0
04-11-2021,Sporting Goods,548.6,1397.4,129.13,False,550.0
05-11-2021,Sporting Goods,553.6,1393.2,129.19,False,575.1
06-11-2021,Sporting Goods,522.3,1337.6,131.7,False,471.6
08-11-2021,Sporting Goods,513.4,1332.7,128.04,False,494.1
09-11-2021,Sporting Goods,469.3,1440.1,128.62,False,435.1
10-11-2021,Sporting Goods,472.7,1434.5,130.54,False,484.2
12-11-2021,Sporting Goods,548.1,1418.3,128.86,False,540.6
13-11-2021,Sporting Goods,499.7,1435.3,129.44,False,460.2
14-11-2021,Sporting Goods,432.4,1457.9,126.13,False,414.5
15-11-2021,Sporting Goods,443.1,1457.0,122.41,False,428.8
16-11-2021,Sporting Goods,483.0,1446.9,128.97,False,503.6
17-11-2021,Sporting Goods,513.7,1434.5,127.9,False,510.0
18-11-2021,Sporting Goods,529.0,1432.9,128.71,False,490.3
19-11-2021,Sporting Goods,525.9,1430.0,126.01,False,518.0
21-11-2021,Sporting Goods,471.3,1446.7,128.98,False,448.9
22-11-2021,Sporting Goods,768.0,1442.5,128.38,True,737.2
23-11-2021,Sporting Goods,489.4,1446.8,128.91,False,450.0
26-11-2021,Sporting Goods,530.3,1428.0,130.51,False,503.1
27-11-2021,Sporting Goods,524.3,1435.8,129.27,False,520.4
29-11-2021,Sporting Goods,444.8,1454.4,125.74,False,432.5
30-11-2021,Sporting Goods,506.1,1431.4,124.72,False,468.0
02-12-2021,Sporting Goods,555.9,1414.6,129.7,False,532.8
03-12-2021,Sporting Goods,544.4,1413.9,124.75,False,521.9
04-12-2021,Sporting Goods,540.2,1332.4,127.7,False,564.1
06-12-2021,Sporting Goods,454.3,1454.9,126.44,False,436.6
07-12-2021,Sporting Goods,438.7,1455.3,125.56,False,401.2
08-12-2021,Sporting Goods,553.1,1318.5,131.82,False,571.6
08-12-2021,Sporting Goods,533.1,1422.5,125.82,False,491.2
11-12-2021,Sporting Goods,515.0,1427.4,126.49,False,506.7
12-12-2021,Sporting Goods,483.2,1433.8,125.35,False,444.0
13-12-2021,Sporting Goods,493.3,1435.0,127.85,False,474.7
14-12-2021,Sporting Goods,484.8,1443.9,133.49,False,446.1
15-12-2021,Sporting Goods,524.6,1430.4,131.39,False,516.1
16-12-2021,Sporting Goods,534.4,1418.0,128.75,False,488.2
17-12-2021,Sporting Goods,536.8,1412.8,130.05,False,483.9
18-12-2021,Sporting Goods,563.1,1406.8,125.95,False,510.4
19-12-2021,Sporting Goods,457.2,1434.3,129.33,False,421.9
21-12-2021,Sporting Goods,492.9,1426.6,131.65,False,495.7
22-12-2021,Sporting Goods,506.7,1423.9,127.56,False,481.6
23-12-2021,Sporting Goods,543.1,786.9,128.93,False,542.5
25-12-2021,Sporting Goods,469.8,797.4,129.8,False,35.7
28-12-2021,Sporting Goods,505.9,1418.9,129.21,False,514.2
29-12-2021,Sporting Goods,547.7,1413.4,131.5,False,495.7
30-12-2021,Sporting Goods,569.6,1405.5,127.16,False,596.8
31-12-2021,Sporting Goods,548.9,1405.3,129.93,False,526.0
01-01-2022,Sporting Goods,531.3,1418.8,128.31,False,479.5
02-01-2022,Sporting Goods,491.9,1426.0,130.28,False,512.9
04-01-2022,Sporting Goods,485.7,1428.7,125.76,False,468.5
05-01-2022,Sporting Goods,505.2,1422.8,129.35,False,464.8
06-01-2022,Sporting Goods,503.5,1428.8,127.72,False,523.4
06-01-2022,Sporting Goods,559.1,1430.0,128.75,False,550.6
07-01-2022,Sporting Goods,520.1,1421.6,129.02,False,481.6
09-01-2022,Sporting Goods,657.3,1440.2,127.34,True,618.8
12-01-2022,Sporting Goods,643.7,1425.7,129.39,True,590.5
13-01-2022,Sporting Goods,561.2,1395.2,125.49,False,558.9
14-01-2022,Sporting Goods,605.7,1380.3,130.51,False,612.9
15-01-2022,Sporting Goods,572.0,1381.2,130.89,False,574.8
16-01-2022,Sporting Goods,481.2,1409.6,129.95,False,455.7
17-01-2022,Sporting Goods,511.7,1403.7,133.0,False,523.2
19-01-2022,Sporting Goods,537.1,1402.5,122.47,False,559.1
20-01-2022,Sporting Goods,556.5,1403.6,129.39,False,5495.0
22-01-2022,Sporting Goods,551.3,1414.8,122.72,False,567.1
23-01-2022,Sporting Goods,509.0,1422.4,128.16,False,528.3
25-01-2022,Sporting Goods,520.9,1416.1,131.75,False,505.3
26-01-2022,Sporting Goods,535.5,1413.5,126.94,False,555.3
27-01-2022,Sporting Goods,931.3,1072.7,124.71,True,870.3
28-01-2022,Sporting Goods,620.8,1077.3,127.82,False,646.2
29-01-2022,Sporting Goods,576.1,1084.5,129.25,False,73.0
30-01-2022,Sporting Goods,545.5,1090.1,132.89,False,561.2
31-01-2022,Sporting Goods,561.5,1084.5,128.87,False,518.6
03-02-2022,Sporting Goods,555.3,1410.3,126.88,False,510.6
06-02-2022,Sporting Goods,496.8,1412.5,130.33,False,460.3
07-02-2022,Sporting Goods,692.0,1404.2,130.19,True,687.5
08-02-2022,Sporting Goods,548.1,1400.7,128.6,False,524.5
09-02-2022,Sporting Goods,581.1,1395.8,128.26,False,564.1
10-02-2022,Sporting Goods,571.2,1397.7,128.07,False,519.7
11-02-2022,Sporting Goods,547.2,1407.8,128.85,False,526.3
12-02-2022,Sporting Goods,574.2,1404.2,129.47,False,572.1
13-02-2022,Sporting Goods,517.1,1426.8,124.42,False,536.1
14-02-2022,Sporting Goods,572.5,1408.9,134.67,False,564.7
15-02-2022,Sporting Goods,514.6,1426.4,123.76,False,495.9
16-02-2022,Sporting Goods,535.9,1419.0,128.89,False,548.9
17-02-2022,Sporting Goods,588.9,1399.7,127.37,False,546.1
19-02-2022,Sporting Goods,589.3,1396.1,124.62,False,586.4
24-02-2022,Sporting Goods,598.1,1420.4,126.92,False,564.2
25-02-2022,Sporting Goods,603.1,1425.1,133.64,False,616.6
27-02-2022,Sporting Goods,492.1,1452.0,126.95,False,467.9
01-03-2022,Sporting Goods,554.3,1434.6,130.06,False,571.0
03-03-2022,Sporting Goods,542.8,1437.2,126.42,False,544.0
05-03-2022,Sporting Goods,530.7,1436.7,131.63,False,499.3
06-03-2022,Sporting Goods,548.4,1425.2,130.61,False,558.3
08-03-2022,Sporting Goods,546.7,1435.0,130.59,False,498.2
09-03-2022,Sporting Goods,525.0,1443.0,132.63,False,506.2
11-03-2022,Sporting Goods,591.3,1424.8,128.14,False,578.3
12-03-2022,Sporting Goods,515.4,1495.5,125.18,False,485.3
13-03-2022,Sporting Goods,539.9,1433.0,130.33,False,564.2
14-03-2022,Sporting Goods,585.7,1422.0,127.74,False,598.7
15-03-2022,Sporting Goods,552.9,1428.8,126.62,False,530.7
16-03-2022,Sporting Goods,566.7,1421.0,124.63,False,529.1
18-03-2022,Sporting Goods,616.9,1412.3,129.64,False,598.6
19-03-2022,Sporting Goods,586.1,1421.5,126.24,False,589.2
20-03-2022,Sporting Goods,602.1,1408.7,126.91,False,602.6
23-03-2022,Sporting Goods,575.3,1416.3,130.55,False,577.8
25-03-2022,Sporting Goods,631.0,1393.3,126.7,False,600.1
26-03-2022,Sporting Goods,858.3,1399.5,131.14,True,836.3
28-03-2022,Sporting Goods,562.7,1426.1,128.28,False,529.3
29-03-2022,Sporting Goods,523.6,1434.9,128.84,False,496.2
30-03-2022,Sporting Goods,634.7,1398.6,129.89,False,648.8
31-03-2022,Sporting Goods,595.6,1405.3,128.16,False,614.7
01-04-2022,Sporting Goods,631.1,1398.5,127.67,False,615.8
02-04-2022,Sporting Goods,552.6,1424.0,131.87,False,541.8
04-04-2022,Sporting Goods,675.1,1431.9,125.87,True,701.7
07-04-2022,Sporting Goods,642.7,1400.0,129.9,False,656.4
08-04-2022,Sporting Goods,601.3,1409.7,126.98,False,561.6
10-04-2022,Sporting Goods,609.1,1414.8,124.29,False,636.0
13-04-2022,Sporting Goods,571.6,1432.7,127.38,False,516.7
14-04-2022,Sporting Goods,634.5,1418.0,130.68,False,584.1
16-04-2022,Sporting Goods,606.8,1420.6,127.01,False,617.3
17-04-2022,Sporting Goods,547.5,1437.7,131.05,False,514.7
20-04-2022,Sporting Goods,562.0,1434.5,126.5,False,513.9
21-04-2022,Sporting Goods,583.0,1430.0,126.59,False,583.9
22-04-2022,Sporting Goods,622.7,1419.2,125.55,False,628.0
23-04-2022,Sporting Goods,618.7,1416.8,126.58,False,579.6
27-04-2022,Sporting Goods,617.5,1409.4,126.2,False,640.3
29-04-2022,Sporting Goods,628.1,1408.1,131.53,False,633.7
30-04-2022,Sporting Goods,602.5,1409.9,129.06,False,593.1
01-05-2022,Sporting Goods,572.3,1413.6,126.55,False,575.3
02-05-2022,Sporting Goods,566.6,1425.2,125.6,False,535.6
04-05-2022,Sporting Goods,594.2,1415.8,127.04,False,605.4
04-05-2022,Sporting Goods,2203.3,1422.1,130.52,False,583.6
07-05-2022,Sporting Goods,602.1,1420.9,131.19,False,553.5
08-05-2022,Sporting Goods,556.3,1437.4,126.93,False,549.8
10-05-2022,Sporting Goods,514.3,1441.8,128.68,False,482.9
11-05-2022,Sporting Goods,601.5,1417.2,128.74,False,581.9
12-05-2022,Sporting Goods,613.5,1409.8,127.1,False,591.9
12-05-2022,Sporting Goods,475.8,1502.0,124.38,False,448.9
13-05-2022,Sporting Goods,639.2,1406.1,126.92,False,644.6
15-05-2022,Sporting Goods,570.7,1420.7,125.89,False,531.5
16-05-2022,Sporting Goods,583.6,1415.7,129.39,False,579.9
17-05-2022,Sporting Goods,527.7,1439.8,128.33,False,512.0
19-05-2022,Sporting Goods,641.6,1405.4,129.53,False,627.9
20-05-2022,Sporting Goods,581.6,1431.5,127.06,False,550.4
21-05-2022,Sporting Goods,604.9,1427.0,130.3,False,629.7
22-05-2022,Sporting Goods,592.6,1426.0,124.04,False,614.3
23-05-2022,Sporting Goods,524.5,1446.1,127.99,False,523.9
24-05-2022,Sporting Goods,510.6,1449.1,129.7,False,474.4
27-05-2022,Sporting Goods,646.9,1412.0,128.26,False,597.4
28-05-2022,Sporting Goods,806.1,1416.3,129.42,True,783.4
29-05-2022,Sporting Goods,558.6,1441.3,125.86,False,537.3
31-05-2022,Sporting Goods,522.8,1448.2,123.96,False,510.6
02-06-2022,Sporting Goods,580.1,1415.4,122.01,False,577.2
04-06-2022,Sporting Goods,616.8,1395.4,125.9,False,644.4
05-06-2022,Sporting Goods,591.6,1425.6,126.67,False,588.4
05-06-2022,Sporting Goods,540.3,1420.4,121.97,False,532.6
06-06-2022,Sporting Goods,569.9,1410.4,128.48,False,570.0
08-06-2022,Sporting Goods,603.6,1399.5,131.63,False,574.0
08-06-2022,Sporting Goods,606.0,1419.3,126.82,False,586.0
09-06-2022,Sporting Goods,608.7,1405.5,127.14,False,615.4
11-06-2022,Sporting Goods,575.4,1415.2,127.49,False,586.9
12-06-2022,Sporting Goods,529.9,1482.2,132.69,False,527.5
13-06-2022,Sporting Goods,479.7,1441.9,129.05,False,446.1
15-06-2022,Sporting Goods,550.3,1406.5,127.16,False,565.6
16-06-2022,Sporting Goods,605.4,1391.7,129.62,False,571.8
17-06-2022,Sporting Goods,579.0,1397.0,125.11,False,524.6
19-06-2022,Sporting Goods,618.4,1375.3,129.93,False,634.9
20-06-2022,Sporting Goods,515.0,1410.9,126.38,False,531.2
22-06-2022,Sporting Goods,571.3,1394.3,128.7,False,570.5
24-06-2022,Sporting Goods,586.2,1383.3,122.46,False,595.3
27-06-2022,Sporting Goods,517.2,1398.9,130.82,False,470.3
28-06-2022,Sporting Goods,540.8,1386.0,129.47,False,558.5
29-06-2022,Sporting Goods,606.9,1372.9,133.62,False,582.1
30-06-2022,Sporting Goods,606.1,1368.8,125.28,False,602.3
01-07-2022,Sporting Goods,659.3,1347.9,127.45,False,668.6
02-07-2022,Sporting Goods,540.1,1381.9,125.73,False,538.4
03-07-2022,Sporting Goods,665.7,1375.2,127.66,True,609.5
03-07-2022,Sporting Goods,519.0,1449.1,126.92,False,525.5
05-07-2022,Sporting Goods,525.4,1380.1,129.63,False,524.7
06-07-2022,Sporting Goods,531.4,1385.2,121.57,False,487.0
06-07-2022,Sporting Goods,584.3,1406.1,126.23,False,565.3
07-07-2022,Sporting Goods,573.3,1370.7,128.05,False,553.7
08-07-2022,Sporting Goods,660.4,1341.5,132.82,False,674.8
10-07-2022,Sporting Goods,518.5,1458.6,126.86,False,534.0
11-07-2022,Sporting Goods,453.7,1413.7,130.6,False,410.4
11-07-2022,Sporting Goods,496.7,1476.0,127.29,False,472.4
12-07-2022,Sporting Goods,721.9,1378.8,126.03,True,717.8
13-07-2022,Sporting Goods,511.8,1394.4,126.95,False,490.6
15-07-2022,Sporting Goods,579.0,1369.4,125.78,False,580.3
16-07-2022,Sporting Goods,530.1,1388.5,127.05,False,490.9
18-07-2022,Sporting Goods,539.9,1390.7,127.37,False,543.8
20-07-2022,Sporting Goods,546.9,1384.6,129.6,False,526.3
22-07-2022,Sporting Goods,601.9,1375.4,130.65,False,584.8
23-07-2022,Sporting Goods,610.7,1383.6,129.47,False,568.7
24-07-2022,Sporting Goods,571.7,1398.1,133.08,False,533.0
25-07-2022,Sporting Goods,1463.2,1410.0,122.46,False,569.6
26-07-2022,Sporting Goods,492.3,1423.6,128.73,False,461.2
27-07-2022,Sporting Goods,528.9,1412.2,124.8,False,539.6
28-07-2022,Sporting Goods,816.1,997.2,125.82,True,770.4
29-07-2022,Sporting Goods,574.1,999.7,128.19,False,601.8
30-07-2022,Sporting Goods,573.6,1003.1,132.77,False,29.1
31-07-2022,Sporting Goods,518.1,1015.2,126.88,False,513.6
01-08-2022,Sporting Goods,504.5,1433.5,130.07,False,500.6
04-08-2022,Sporting Goods,546.5,1423.1,130.0,False,539.2
05-08-2022,Sporting Goods,562.0,1423.7,126.62,False,549.8
08-08-2022,Sporting Goods,483.7,1461.6,126.24,False,436.7
09-08-2022,Sporting Goods,504.1,1449.0,129.49,False,511.0
11-08-2022,Sporting Goods,560.6,1436.6,129.33,False,569.6
11-08-2022,Sporting Goods,709.4,1473.5,130.17,True,662.9
14-08-2022,Sporting Goods,506.9,1450.0,132.19,False,476.8
15-08-2022,Sporting Goods,494.4,1451.8,128.28,False,481.7
17-08-2022,Sporting Goods,798.8,1448.6,128.8,True,812.8
18-08-2022,Sporting Goods,598.2,1426.7,123.86,False,574.0
19-08-2022,Sporting Goods,1949.4,1432.8,130.13,True,700.7
21-08-2022,Sporting Goods,494.8,1448.8,124.54,False,461.4
22-08-2022,Sporting Goods,474.2,1461.5,131.55,False,428.5
23-08-2022,Sporting Goods,509.7,1458.2,127.88,False,490.9
25-08-2022,Sporting Goods,742.2,1442.9,126.44,True,670.2
26-08-2022,Sporting Goods,516.4,1464.5,128.77,False,510.9
27-08-2022,Sporting Goods,555.2,1445.0,126.65,False,520.3
28-08-2022,Sporting Goods,566.1,1437.1,123.28,False,581.0
29-08-2022,Sporting Goods,529.1,1445.9,125.54,False,492.7
30-08-2022,Sporting Goods,471.1,1463.6,127.34,False,439.8
31-08-2022,Sporting Goods,578.8,1428.1,134.35,False,541.7
01-09-2022,Sporting Goods,590.0,1426.4,130.18,False,561.9
02-09-2022,Sporting Goods,562.5,1137.6,127.21,False,526.2
03-09-2022,Sporting Goods,556.9,1145.0,127.09,False,526.9
06-09-2022,Sporting Goods,613.2,1164.9,126.2,True,631.6
07-09-2022,Sporting Goods,510.1,1441.9,128.61,False,496.0
09-09-2022,Sporting Goods,596.1,1424.8,128.46,False,611.0
10-09-2022,Sporting Goods,475.0,1472.9,124.25,False,470.2
10-09-2022,Sporting Goods,535.6,1453.6,129.65,False,555.3
12-09-2022,Sporting Goods,456.6,1490.3,130.43,False,453.3
15-09-2022,Sporting Goods,498.8,1462.6,129.04,False,455.4
16-09-2022,Sporting Goods,563.7,1443.5,131.0,False,563.8
19-09-2022,Sporting Goods,481.0,1470.8,131.33,False,463.4
20-09-2022,Sporting Goods,477.2,1466.9,120.76,False,434.8
21-09-2022,Sporting Goods,521.9,1451.6,122.79,False,534.1
22-09-2022,Sporting Goods,581.9,1429.8,126.51,False,570.9
23-09-2022,Sporting Goods,552.4,1436.1,124.7,False,534.2
24-09-2022,Sporting Goods,524.9,1441.1,129.93,False,532.2
25-09-2022,Sporting Goods,2057.6,1451.2,125.09,False,469.6
26-09-2022,Sporting Goods,476.1,1460.8,127.73,False,451.0
27-09-2022,Sporting Goods,513.3,1453.0,125.75,False,508.5
29-09-2022,Sporting Goods,578.8,1431.4,129.39,False,554.5
01-10-2022,Sporting Goods,2045.5,1424.7,127.9,False,541.8
01-10-2022,Sporting Goods,817.0,1445.8,131.44,True,772.0
02-10-2022,Sporting Goods,516.5,1451.9,128.04,False,534.4
04-10-2022,Sporting Goods,469.3,1466.0,129.28,False,438.7
06-10-2022,Sporting Goods,537.5,1447.0,126.32,False,495.7
06-10-2022,Sporting Goods,618.5,1399.1,129.8,False,630.5
08-10-2022,Sporting Goods,494.1,1475.4,125.89,False,486.7
10-10-2022,Sporting Goods,453.8,1471.0,131.45,False,451.4
12-10-2022,Sporting Goods,550.0,1435.9,130.71,False,535.6
13-10-2022,Sporting Goods,566.4,1435.8,127.51,False,524.2
14-10-2022,Sporting Goods,614.1,1418.7,129.28,False,595.1
16-10-2022,Sporting Goods,512.1,1444.6,127.26,False,494.2
17-10-2022,Sporting Goods,436.8,1469.0,126.86,False,450.4
18-10-2022,Sporting Goods,490.9,1459.4,130.79,False,447.3
19-10-2022,Sporting Goods,571.5,1431.0,126.88,False,597.5
21-10-2022,Sporting Goods,571.1,1423.6,126.62,False,533.2
23-10-2022,Sporting Goods,438.9,1464.0,125.83,False,408.2
24-10-2022,Sporting Goods,467.6,1453.2,133.18,False,429.0
25-10-2022,Sporting Goods,503.8,1452.3,125.5,False,458.7
26-10-2022,Sporting Goods,491.1,1461.3,129.25,False,508.7
27-10-2022,Sporting Goods,535.9,1449.7,129.32,False,491.9
28-10-2022,Sporting Goods,516.0,1454.7,129.29,False,529.5
30-10-2022,Sporting Goods,544.6,1443.8,128.06,False,548.7
31-10-2022,Sporting Goods,500.2,1457.1,125.58,False,488.7
02-11-2022,Sporting Goods,544.0,1459.9,128.77,False,535.1
03-11-2022,Sporting Goods,512.2,1469.5,130.52,False,474.7
05-11-2022,Sporting Goods,552.0,1466.5,128.15,False,518.8
06-11-2022,Sporting Goods,520.7,1476.0,128.73,False,532.7
09-11-2022,Sporting Goods,580.5,1449.9,129.49,False,535.2
09-11-2022,Sporting Goods,487.4,1476.1,129.28,False,503.6
10-11-2022,Sporting Goods,554.4,1463.3,127.34,False,516.5
11-11-2022,Sporting Goods,510.7,1475.9,129.2,False,460.9
12-11-2022,Sporting Goods,875.1,1457.4,128.96,True,918.1
13-11-2022,Sporting Goods,477.4,1485.8,130.89,False,454.1
14-11-2022,Sporting Goods,536.1,1465.3,128.18,False,517.1
15-11-2022,Sporting Goods,465.0,1484.4,127.98,False,440.5
17-11-2022,Sporting Goods,554.5,1467.3,131.45,False,530.5
18-11-2022,Sporting Goods,592.7,1452.4,131.3,False,551.3
19-11-2022,Sporting Goods,530.9,1470.3,124.65,False,523.1
20-11-2022,Sporting Goods,480.2,1486.2,124.58,False,449.5
21-11-2022,Sporting Goods,502.3,1480.8,127.16,False,489.9
22-11-2022,Sporting Goods,503.6,1480.5,131.55,False,491.9
23-11-2022,Sporting Goods,508.2,1482.1,129.63,False,498.8
24-11-2022,Sporting Goods,580.1,1464.8,125.19,False,530.6
25-11-2022,Sporting Goods,846.0,1465.2,129.05,True,847.7
26-11-2022,Sporting Goods,544.2,1472.9,131.03,False,514.4
27-11-2022,Sporting Goods,490.2,1500.3,132.14,False,494.9
28-11-2022,Sporting Goods,510.5,1494.9,128.97,False,507.1
29-11-2022,Sporting Goods,429.3,1524.1,129.26,False,393.6
30-11-2022,Sporting Goods,528.3,1495.2,126.69,False,528.3
01-12-2022,Sporting Goods,844.3,1495.6,123.35,True,771.7
03-12-2022,Sporting Goods,553.1,1431.8,133.51,False,531.9
04-12-2022,Sporting Goods,567.6,1431.5,126.95,False,547.9
06-12-2022,Sporting Goods,595.0,1412.3,128.14,False,552.5
08-12-2022,Sporting Goods,538.0,1444.0,127.72,False,494.5
08-12-2022,Sporting Goods,571.6,1472.4,130.59,False,523.0
10-12-2022,Sporting Goods,567.2,1473.3,129.7,False,525.3
11-12-2022,Sporting Goods,529.1,1489.2,126.16,False,528.6
12-12-2022,Sporting Goods,497.1,1498.2,130.87,False,460.1
13-12-2022,Sporting Goods,487.8,1504.5,127.31,False,488.2
15-12-2022,Sporting Goods,558.4,1494.1,130.35,False,514.9
16-12-2022,Sporting Goods,517.6,1504.4,125.69,False,538.0
18-12-2022,Sporting Goods,483.5,1511.4,130.87,False,461.3
19-12-2022,Sporting Goods,504.0,1513.9,125.66,False,529.1
20-12-2022,Sporting Goods,545.5,1502.7,127.25,False,569.5
21-12-2022,Sporting Goods,561.8,1497.0,129.54,False,583.8
23-12-2022,Sporting Goods,561.2,867.7,125.14,False,5233.0
24-12-2022,Sporting Goods,552.6,866.3,129.21,False,501.7
25-12-2022,Sporting Goods,500.4,876.5,128.48,False,27.3
26-12-2022,Sporting Goods,520.2,871.8,126.05,False,507.9
27-12-2022,Sporting Goods,501.2,881.4,127.95,False,477.7
29-12-2022,Sporting Goods,573.3,1493.2,125.77,False,600.6
30-12-2022,Sporting Goods,590.4,1487.7,130.01,False,586.8
01-01-2023,Sporting Goods,537.6,1500.2,125.89,False,555.9
03-01-2023,Sporting Goods,544.1,1486.2,129.58,False,535.3
04-01-2023,Sporting Goods,529.5,1488.5,131.97,False,540.8
01-01-2020,Toys,388.7,792.3,239.05,True,397.1
02-01-2020,Toys,240.1,797.5,247.51,False,224.2
03-01-2020,Toys,235.8,800.8,230.42,False,228.1
05-01-2020,Toys,187.9,811.0,235.15,False,186.3
06-01-2020,Toys,226.6,803.9,244.67,False,233.2
07-01-2020,Toys,217.3,807.5,236.71,False,212.4
10-01-2020,Toys,241.8,795.5,239.83,False,242.8
11-01-2020,Toys,232.8,786.3,233.61,False,235.8
13-01-2020,Toys,208.5,793.8,235.68,False,189.5
14-01-2020,Toys,211.7,804.8,240.71,False,192.8
16-01-2020,Toys,250.3,798.4,233.51,False,230.9
17-01-2020,Toys,245.3,803.3,241.01,False,243.0
18-01-2020,Toys,666.9,820.0,235.86,False,195.9
19-01-2020,Toys,204.4,819.2,241.6,False,210.2
21-01-2020,Toys,218.0,815.8,243.39,False,200.4
22-01-2020,Toys,255.8,807.5,233.27,False,259.4
23-01-2020,Toys,333.3,819.9,241.61,True,339.1
24-01-2020,Toys,224.8,827.8,246.16,False,232.1
26-01-2020,Toys,205.8,825.0,240.5,False,212.3
27-01-2020,Toys,316.6,826.9,234.57,True,292.1
28-01-2020,Toys,277.8,828.0,230.87,True,253.4
31-01-2020,Toys,240.9,403.7,237.4,False,45.7
01-02-2020,Toys,233.4,405.3,248.77,False,216.9
03-02-2020,Toys,220.7,819.8,240.19,False,224.3
05-02-2020,Toys,275.7,734.5,242.3,False,285.1
06-02-2020,Toys,218.7,810.7,234.45,False,226.4
07-02-2020,Toys,240.0,796.2,237.84,False,233.5
09-02-2020,Toys,219.2,805.8,233.22,False,213.3
10-02-2020,Toys,183.3,803.3,229.93,False,169.9
12-02-2020,Toys,248.1,784.8,241.1,False,223.7
14-02-2020,Toys,239.9,790.7,231.61,False,219.9
15-02-2020,Toys,220.8,793.3,247.95,False,223.2
16-02-2020,Toys,206.3,799.9,234.35,False,187.7
17-02-2020,Toys,231.6,798.9,222.01,False,230.3
18-02-2020,Toys,209.8,803.3,237.63,False,206.7
19-02-2020,Toys,223.8,787.4,239.27,False,217.8
20-02-2020,Toys,255.3,779.2,233.31,False,235.5
22-02-2020,Toys,258.0,772.2,236.78,False,257.2
24-02-2020,Toys,209.8,776.9,237.81,False,199.8
25-02-2020,Toys,175.3,789.4,237.06,False,170.9
27-02-2020,Toys,266.6,775.8,234.18,False,247.4
28-02-2020,Toys,238.1,789.3,242.61,False,234.4
29-02-2020,Toys,207.7,799.6,241.01,False,207.0
01-03-2020,Toys,216.7,791.6,242.29,False,209.9
03-03-2020,Toys,208.1,790.3,245.08,False,214.7
07-03-2020,Toys,241.1,785.6,239.34,False,223.6
08-03-2020,Toys,240.4,783.2,239.4,False,244.2
09-03-2020,Toys,211.3,792.7,236.56,False,199.9
10-03-2020,Toys,203.4,790.7,238.49,False,183.6
11-03-2020,Toys,223.6,786.7,243.28,False,221.9
12-03-2020,Toys,312.0,615.2,229.42,False,295.6
12-03-2020,Toys,238.7,776.8,237.12,False,248.9
13-03-2020,Toys,219.9,774.2,235.41,False,230.8
14-03-2020,Toys,247.4,765.6,243.19,False,227.3
15-03-2020,Toys,228.2,774.6,232.55,False,235.9
16-03-2020,Toys,222.1,778.9,237.23,False,213.6
17-03-2020,Toys,209.2,779.7,235.86,False,191.9
18-03-2020,Toys,241.5,773.0,233.98,False,222.7
20-03-2020,Toys,249.5,772.8,239.3,False,225.5
21-03-2020,Toys,238.4,772.1,241.81,False,225.6
24-03-2020,Toys,243.1,772.6,231.52,False,231.1
25-03-2020,Toys,260.7,757.8,238.13,False,259.6
26-03-2020,Toys,244.3,755.5,238.42,False,241.3
27-03-2020,Toys,276.5,752.0,234.84,False,274.9
28-03-2020,Toys,209.7,769.9,239.92,False,191.0
29-03-2020,Toys,233.0,756.2,236.39,False,234.5
30-03-2020,Toys,209.8,764.8,238.81,False,199.0
31-03-2020,Toys,219.7,759.6,231.72,False,215.3
01-04-2020,Toys,251.6,751.9,239.97,False,231.0
03-04-2020,Toys,269.4,739.4,231.25,False,273.9
04-04-2020,Toys,241.0,748.1,235.63,False,236.1
09-04-2020,Toys,257.6,736.6,236.63,False,238.5
10-04-2020,Toys,242.5,740.7,238.94,False,238.6
12-04-2020,Toys,262.9,620.2,226.9,False,264.4
15-04-2020,Toys,283.1,729.0,236.23,False,282.3
16-04-2020,Toys,232.6,741.2,233.07,False,229.1
17-04-2020,Toys,276.3,734.7,242.49,False,283.9
20-04-2020,Toys,232.8,739.7,231.63,False,243.2
21-04-2020,Toys,248.8,740.9,237.35,False,251.1
22-04-2020,Toys,263.3,738.9,245.2,False,264.5
23-04-2020,Toys,262.0,746.4,242.34,False,260.5
24-04-2020,Toys,275.6,744.7,242.27,False,284.3
25-04-2020,Toys,304.9,735.9,233.63,False,282.5
26-04-2020,Toys,258.5,743.9,241.83,False,261.2
29-04-2020,Toys,334.4,739.7,238.8,True,313.3
30-04-2020,Toys,272.4,726.1,239.02,False,270.8
02-05-2020,Toys,213.1,808.5,246.67,False,194.2
03-05-2020,Toys,234.3,783.0,234.34,False,215.8
04-05-2020,Toys,273.3,736.9,225.62,False,277.4
05-05-2020,Toys,241.3,746.2,240.22,False,218.4
08-05-2020,Toys,322.1,471.2,242.07,False,291.2
08-05-2020,Toys,307.8,733.7,236.19,False,282.5
10-05-2020,Toys,252.4,740.6,242.9,False,262.4
11-05-2020,Toys,235.4,740.8,242.97,False,224.2
14-05-2020,Toys,306.1,726.5,242.14,False,278.0
15-05-2020,Toys,313.8,719.0,239.18,False,326.6
16-05-2020,Toys,294.7,726.5,224.65,False,298.3
17-05-2020,Toys,247.3,743.3,235.82,False,253.1
22-05-2020,Toys,297.9,726.8,237.42,False,300.5
23-05-2020,Toys,287.7,726.2,241.47,False,266.3
24-05-2020,Toys,271.5,725.0,240.58,False,249.2
27-05-2020,Toys,292.8,721.2,228.31,False,277.0
28-05-2020,Toys,303.8,721.3,239.27,False,315.5
29-05-2020,Toys,324.7,715.0,245.06,False,301.8
30-05-2020,Toys,319.7,713.1,239.35,False,328.1
31-05-2020,Toys,309.6,714.4,242.36,False,299.4
04-06-2020,Toys,235.9,754.1,230.6,False,232.1
04-06-2020,Toys,296.4,688.8,237.63,False,286.0
05-06-2020,Toys,296.7,677.8,232.83,False,293.4
06-06-2020,Toys,332.9,665.3,228.47,False,303.3
07-06-2020,Toys,304.6,676.1,238.03,False,297.3
07-06-2020,Toys,275.9,676.1,240.86,False,271.3
08-06-2020,Toys,247.3,689.4,236.95,False,245.8
09-06-2020,Toys,298.6,676.1,236.08,False,276.6
10-06-2020,Toys,434.8,683.4,231.3,True,453.5
11-06-2020,Toys,301.3,683.0,232.11,False,316.2
12-06-2020,Toys,255.3,621.7,244.07,False,247.2
12-06-2020,Toys,324.5,673.9,238.02,False,317.1
14-06-2020,Toys,263.4,690.3,242.78,False,237.4
15-06-2020,Toys,437.1,672.6,243.09,True,437.4
17-06-2020,Toys,297.3,670.1,241.47,False,291.5
18-06-2020,Toys,396.1,661.6,235.18,True,412.0
19-06-2020,Toys,328.3,663.8,235.87,False,329.6
21-06-2020,Toys,301.3,676.1,234.24,False,293.8
25-06-2020,Toys,306.9,663.0,248.46,False,304.1
26-06-2020,Toys,449.0,654.9,229.53,True,411.1
27-06-2020,Toys,316.1,666.6,240.21,False,285.6
28-06-2020,Toys,399.6,661.4,233.02,True,388.4
29-06-2020,Toys,318.9,661.1,237.28,False,325.8
02-07-2020,Toys,301.7,667.7,226.72,False,309.7
04-07-2020,Toys,225.7,755.5,227.14,False,217.6
05-07-2020,Toys,304.9,735.6,232.83,False,304.9
07-07-2020,Toys,265.8,672.7,240.45,False,258.2
09-07-2020,Toys,298.8,660.1,246.5,False,270.8
10-07-2020,Toys,510.3,646.8,236.4,True,464.3
11-07-2020,Toys,312.7,650.9,233.95,False,305.5
14-07-2020,Toys,279.5,662.8,235.47,False,281.8
15-07-2020,Toys,320.3,646.5,242.61,False,332.5
16-07-2020,Toys,340.7,644.4,228.51,False,336.7
17-07-2020,Toys,325.1,649.9,235.71,False,303.9
18-07-2020,Toys,314.8,647.0,229.2,False,329.3
19-07-2020,Toys,323.3,647.7,241.51,False,324.4
20-07-2020,Toys,291.9,658.0,234.53,False,268.6
21-07-2020,Toys,298.3,652.1,231.88,False,294.9
22-07-2020,Toys,337.8,636.0,238.61,False,331.0
24-07-2020,Toys,371.7,633.7,235.36,False,338.9
25-07-2020,Toys,336.4,640.7,234.82,False,320.8
26-07-2020,Toys,307.3,637.0,247.08,False,288.9
27-07-2020,Toys,317.6,632.6,242.71,False,323.0
30-07-2020,Toys,339.6,634.5,238.86,False,309.8
31-07-2020,Toys,337.2,643.3,243.0,False,342.6
01-08-2020,Toys,216.1,808.1,238.54,False,226.7
01-08-2020,Toys,334.6,643.1,240.32,False,331.5
02-08-2020,Toys,351.7,796.2,244.7,True,327.2
02-08-2020,Toys,322.8,650.8,240.82,False,327.7
03-08-2020,Toys,321.9,655.3,234.34,False,292.5
04-08-2020,Toys,345.0,462.2,227.2,False,360.7
04-08-2020,Toys,237.5,750.2,231.52,False,230.2
07-08-2020,Toys,318.8,652.3,234.7,False,293.0
08-08-2020,Toys,322.5,474.1,231.44,False,312.9
09-08-2020,Toys,297.2,629.9,235.39,False,293.8
10-08-2020,Toys,287.0,667.8,241.05,False,282.1
11-08-2020,Toys,300.2,659.5,233.92,False,302.1
12-08-2020,Toys,260.6,611.6,229.99,False,246.7
12-08-2020,Toys,328.2,647.5,234.62,False,303.8
13-08-2020,Toys,331.5,649.2,230.73,False,321.7
14-08-2020,Toys,306.4,655.9,237.22,False,289.5
16-08-2020,Toys,323.8,651.1,229.38,False,331.8
17-08-2020,Toys,489.3,645.3,241.4,True,443.9
19-08-2020,Toys,397.8,647.0,224.35,True,365.5
20-08-2020,Toys,299.5,649.2,229.91,False,281.2
22-08-2020,Toys,335.0,631.1,234.15,False,326.4
23-08-2020,Toys,325.7,627.8,235.51,False,324.8
24-08-2020,Toys,265.8,643.0,236.82,False,257.6
25-08-2020,Toys,324.0,628.6,239.74,False,317.6
26-08-2020,Toys,464.0,633.7,233.28,True,462.4
28-08-2020,Toys,349.3,635.7,248.24,False,325.1
29-08-2020,Toys,311.9,643.6,243.38,False,284.6
31-08-2020,Toys,307.1,649.2,245.1,False,307.2
01-09-2020,Toys,288.4,656.4,235.52,False,295.1
02-09-2020,Toys,332.2,642.4,241.3,False,309.4
05-09-2020,Toys,330.9,621.3,234.06,False,316.1
06-09-2020,Toys,293.0,633.7,237.22,False,280.7
08-09-2020,Toys,321.8,658.6,241.97,False,316.1
09-09-2020,Toys,319.2,621.8,237.54,False,331.6
10-09-2020,Toys,351.4,618.3,231.15,False,332.2
12-09-2020,Toys,336.2,623.1,243.72,False,348.0
13-09-2020,Toys,414.8,635.2,231.1,True,424.5
14-09-2020,Toys,324.2,627.7,237.66,False,303.8
15-09-2020,Toys,299.1,625.7,239.26,False,276.8
16-09-2020,Toys,314.7,619.0,236.71,False,321.7
17-09-2020,Toys,445.3,621.8,232.64,True,455.0
18-09-2020,Toys,367.3,608.0,229.66,False,366.9
19-09-2020,Toys,297.9,626.0,238.36,False,281.4
20-09-2020,Toys,327.6,619.8,233.02,False,319.7
21-09-2020,Toys,304.8,620.0,239.02,False,317.3
22-09-2020,Toys,274.1,635.1,228.9,False,253.1
24-09-2020,Toys,313.8,629.3,239.15,False,325.7
25-09-2020,Toys,330.2,623.4,227.72,False,343.1
28-09-2020,Toys,307.8,635.9,242.04,False,321.0
29-09-2020,Toys,312.4,632.8,232.87,False,303.2
30-09-2020,Toys,297.8,630.1,235.6,False,307.2
01-10-2020,Toys,327.1,619.5,233.29,False,324.2
03-10-2020,Toys,323.7,623.8,235.27,False,291.6
04-10-2020,Toys,285.4,634.1,231.1,False,266.6
06-10-2020,Toys,256.5,652.2,245.84,False,261.9
08-10-2020,Toys,313.7,624.3,233.41,False,316.3
09-10-2020,Toys,311.7,625.5,231.7,False,295.8
11-10-2020,Toys,287.6,631.4,236.76,False,298.1
14-10-2020,Toys,293.2,631.9,222.61,False,282.8
16-10-2020,Toys,313.7,619.2,234.78,False,315.7
17-10-2020,Toys,296.2,627.2,242.46,False,291.8
18-10-2020,Toys,285.3,627.4,233.21,False,261.8
19-10-2020,Toys,281.0,630.5,240.18,False,280.6
20-10-2020,Toys,288.1,621.9,237.36,False,269.4
22-10-2020,Toys,334.1,615.8,233.32,False,327.0
24-10-2020,Toys,331.9,630.0,234.04,False,313.1
25-10-2020,Toys,302.2,632.7,240.86,False,306.3
26-10-2020,Toys,268.1,640.6,236.79,False,273.0
27-10-2020,Toys,268.7,642.9,239.54,False,259.5
29-10-2020,Toys,306.2,632.3,233.45,False,305.5
31-10-2020,Toys,459.1,628.8,247.88,True,416.6
05-11-2020,Toys,286.0,608.3,235.2,False,276.7
06-11-2020,Toys,330.4,603.6,236.75,False,310.2
07-11-2020,Toys,315.5,607.6,235.41,False,306.5
08-11-2020,Toys,299.0,613.6,232.17,False,313.0
09-11-2020,Toys,327.6,627.5,232.15,False,294.9
10-11-2020,Toys,318.9,622.8,226.15,True,319.6
11-11-2020,Toys,286.4,609.4,237.34,False,287.5
12-11-2020,Toys,293.8,608.0,237.9,False,296.6
13-11-2020,Toys,455.8,600.7,244.12,True,421.5
14-11-2020,Toys,313.0,595.7,239.46,False,310.0
16-11-2020,Toys,265.0,615.3,241.4,False,242.1
18-11-2020,Toys,409.7,606.2,235.24,True,378.1
19-11-2020,Toys,253.9,607.7,240.81,False,255.1
20-11-2020,Toys,295.0,592.2,246.79,False,276.0
21-11-2020,Toys,311.7,598.3,234.79,False,289.5
22-11-2020,Toys,287.4,606.3,236.79,False,263.7
23-11-2020,Toys,270.2,608.5,244.27,False,265.2
24-11-2020,Toys,251.8,611.7,234.08,False,242.1
25-11-2020,Toys,276.4,610.6,232.87,False,249.6
26-11-2020,Toys,284.5,611.6,232.9,False,289.3
27-11-2020,Toys,288.9,617.5,240.49,False,268.7
29-11-2020,Toys,251.9,634.3,235.7,False,262.5
01-12-2020,Toys,217.4,792.4,236.26,False,213.8
04-12-2020,Toys,228.1,742.3,226.83,False,234.4
07-12-2020,Toys,292.2,653.2,230.26,False,287.3
07-12-2020,Toys,216.9,627.2,233.6,False,218.4
09-12-2020,Toys,271.8,608.3,236.69,False,255.5
10-12-2020,Toys,300.6,607.3,232.81,False,291.6
11-12-2020,Toys,280.8,613.6,240.19,False,272.4
12-12-2020,Toys,284.5,620.8,236.96,False,258.8
13-12-2020,Toys,241.7,638.2,240.36,False,221.7
14-12-2020,Toys,252.7,638.2,232.49,False,233.3
15-12-2020,Toys,221.8,649.1,243.71,False,232.2
16-12-2020,Toys,269.6,631.2,236.6,False,266.1
17-12-2020,Toys,385.1,630.8,238.81,True,375.2
18-12-2020,Toys,297.9,628.9,238.34,False,276.8
20-12-2020,Toys,258.3,644.4,242.64,False,237.6
21-12-2020,Toys,250.0,638.5,236.35,False,238.4
22-12-2020,Toys,402.7,638.6,233.39,True,404.0
24-12-2020,Toys,263.2,640.0,238.95,False,252.3
25-12-2020,Toys,269.3,636.5,238.47,False,246.8
26-12-2020,Toys,233.4,639.2,239.59,False,244.2
27-12-2020,Toys,314.4,636.3,241.71,True,287.8
28-12-2020,Toys,262.9,630.4,239.15,False,241.1
30-12-2020,Toys,951.2,631.5,236.74,False,233.5
31-12-2020,Toys,282.7,620.6,243.64,False,295.3
03-01-2021,Toys,250.2,627.7,234.84,False,234.1
08-01-2021,Toys,277.2,631.3,238.18,False,290.0
08-01-2021,Toys,359.3,639.3,232.34,False,342.0
09-01-2021,Toys,308.0,642.4,234.37,True,290.1
10-01-2021,Toys,258.0,632.2,242.13,False,261.4
12-01-2021,Toys,249.1,631.4,242.76,False,249.7
14-01-2021,Toys,415.9,324.8,236.34,True,389.2
15-01-2021,Toys,273.8,328.5,240.15,False,35.4
16-01-2021,Toys,275.7,324.7,234.85,False,268.5
17-01-2021,Toys,238.2,331.1,238.83,False,241.3
18-01-2021,Toys,236.4,631.8,243.81,False,246.4
19-01-2021,Toys,1120.3,629.9,243.3,False,256.6
20-01-2021,Toys,239.2,641.1,241.78,False,229.5
22-01-2021,Toys,252.4,629.0,238.59,False,228.8
23-01-2021,Toys,261.4,635.9,237.89,False,2585.0
24-01-2021,Toys,238.8,646.6,250.1,False,228.7
25-01-2021,Toys,231.4,642.2,228.32,False,211.3
26-01-2021,Toys,659.1,636.0,234.4,False,242.7
27-01-2021,Toys,261.5,618.9,238.43,False,271.7
28-01-2021,Toys,263.7,622.4,237.0,False,263.7
29-01-2021,Toys,370.5,619.2,236.37,True,365.2
31-01-2021,Toys,230.0,625.3,235.96,False,229.5
01-02-2021,Toys,246.5,621.5,235.2,False,258.8
02-02-2021,Toys,239.8,618.3,238.68,False,250.1
03-02-2021,Toys,250.3,608.1,227.21,False,250.6
04-02-2021,Toys,235.2,609.8,231.53,False,232.5
05-02-2021,Toys,263.1,600.4,231.13,False,254.6
09-02-2021,Toys,209.8,630.0,238.66,False,205.0
11-02-2021,Toys,260.7,629.2,241.24,False,272.9
13-02-2021,Toys,260.9,641.2,238.27,False,264.0
14-02-2021,Toys,230.7,647.5,240.0,False,237.4
16-02-2021,Toys,233.9,638.9,239.16,False,223.8
17-02-2021,Toys,264.1,624.4,236.75,False,239.0
18-02-2021,Toys,269.3,622.0,244.32,False,248.1
19-02-2021,Toys,244.5,627.2,240.01,False,237.9
20-02-2021,Toys,247.8,629.9,241.88,False,257.1
21-02-2021,Toys,238.9,631.4,246.72,False,222.2
22-02-2021,Toys,235.2,636.1,232.68,False,222.3
25-02-2021,Toys,355.4,639.0,234.05,True,358.2
27-02-2021,Toys,272.5,627.2,232.3,False,266.2
28-02-2021,Toys,262.8,639.0,232.03,False,240.8
01-03-2021,Toys,233.8,650.1,236.53,False,241.3
02-03-2021,Toys,202.0,653.9,245.61,False,203.4
03-03-2021,Toys,245.5,642.1,241.52,False,221.9
05-03-2021,Toys,278.6,631.5,242.65,False,278.7
05-03-2021,Toys,269.0,636.3,242.19,False,248.7
06-03-2021,Toys,241.7,651.3,238.53,False,243.7
07-03-2021,Toys,264.7,637.3,236.46,False,249.6
08-03-2021,Toys,246.3,643.3,243.03,False,229.5
09-03-2021,Toys,223.2,646.5,236.15,False,218.3
10-03-2021,Toys,249.8,651.0,228.14,False,253.6
11-03-2021,Toys,297.2,651.3,231.48,False,286.5
11-03-2021,Toys,266.1,656.6,233.27,False,265.1
13-03-2021,Toys,255.0,669.6,238.21,False,258.3
14-03-2021,Toys,225.5,670.8,238.35,False,223.7
15-03-2021,Toys,244.9,659.2,230.92,False,247.7
16-03-2021,Toys,262.2,649.4,225.97,False,268.2
17-03-2021,Toys,256.8,640.5,241.0,False,234.0
18-03-2021,Toys,289.3,636.3,229.0,False,278.0
19-03-2021,Toys,255.6,641.7,235.91,False,256.9
20-03-2021,Toys,242.5,641.5,235.51,False,227.1
21-03-2021,Toys,246.5,646.9,236.49,False,226.5
22-03-2021,Toys,248.8,643.8,238.96,False,242.7
23-03-2021,Toys,247.7,646.4,233.65,False,253.4
24-03-2021,Toys,290.6,636.6,236.73,False,267.5
26-03-2021,Toys,276.2,642.6,237.69,False,271.6
27-03-2021,Toys,284.0,637.6,243.0,False,260.1
29-03-2021,Toys,256.4,642.9,238.17,False,246.6
30-03-2021,Toys,276.8,632.7,241.38,False,274.8
01-04-2021,Toys,256.7,627.7,245.42,False,264.2
02-04-2021,Toys,312.5,625.9,230.68,False,296.9
04-04-2021,Toys,275.5,633.4,232.24,False,249.7
06-04-2021,Toys,266.7,630.5,234.14,False,270.4
08-04-2021,Toys,268.6,625.1,237.51,False,242.0
10-04-2021,Toys,367.8,611.9,230.87,True,377.4
12-04-2021,Toys,251.2,628.2,243.08,False,252.2
13-04-2021,Toys,262.0,629.8,245.53,False,269.6
14-04-2021,Toys,288.6,623.8,234.8,False,260.3
15-04-2021,Toys,289.0,626.4,241.56,False,282.0
16-04-2021,Toys,302.3,623.8,238.93,False,305.1
17-04-2021,Toys,268.7,626.8,238.79,False,264.9
19-04-2021,Toys,283.9,623.6,238.83,False,276.1
20-04-2021,Toys,275.3,633.0,237.83,False,258.0
21-04-2021,Toys,269.1,631.2,246.43,False,280.2
22-04-2021,Toys,311.2,621.1,226.27,False,312.7
23-04-2021,Toys,288.4,632.3,229.35,False,287.0
24-04-2021,Toys,289.1,623.6,240.85,False,267.9
25-04-2021,Toys,261.8,626.3,238.2,False,242.6
26-04-2021,Toys,258.4,622.2,228.39,False,257.0
27-04-2021,Toys,278.6,624.6,231.98,False,280.9
28-04-2021,Toys,287.8,625.8,234.99,False,271.1
29-04-2021,Toys,298.6,618.9,240.86,False,286.6
30-04-2021,Toys,470.5,615.0,236.16,True,440.8
01-05-2021,Toys,213.9,648.9,231.41,False,196.3
01-05-2021,Toys,306.7,618.6,229.02,False,322.0
05-05-2021,Toys,289.3,641.2,240.7,False,301.9
07-05-2021,Toys,313.0,637.1,235.99,False,297.2
08-05-2021,Toys,301.6,636.5,231.1,False,291.4
09-05-2021,Toys,287.3,640.6,235.73,False,271.3
10-05-2021,Toys,268.9,646.4,236.31,False,260.4
11-05-2021,Toys,291.8,641.9,232.54,False,288.2
12-05-2021,Toys,296.0,641.0,237.35,False,277.2
14-05-2021,Toys,336.7,636.8,234.52,False,303.3
15-05-2021,Toys,388.4,645.1,236.95,True,362.2
17-05-2021,Toys,300.5,644.4,226.44,False,307.6
18-05-2021,Toys,284.3,648.8,231.89,False,276.8
19-05-2021,Toys,307.8,641.1,235.85,False,307.1
20-05-2021,Toys,330.4,631.2,226.77,False,329.6
22-05-2021,Toys,321.6,631.6,231.42,False,314.6
23-05-2021,Toys,295.5,648.2,238.68,False,283.6
24-05-2021,Toys,279.7,657.4,232.8,False,292.2
25-05-2021,Toys,483.3,646.4,233.48,True,4869.0
26-05-2021,Toys,329.6,639.1,234.21,False,313.7
27-05-2021,Toys,342.6,632.5,230.98,False,344.8
28-05-2021,Toys,298.9,643.2,245.98,False,299.5
29-05-2021,Toys,334.4,633.0,226.52,False,331.8
30-05-2021,Toys,302.5,642.3,236.3,False,316.3
01-06-2021,Toys,268.9,651.6,241.15,False,256.7
02-06-2021,Toys,261.3,601.0,237.92,False,255.4
02-06-2021,Toys,299.2,643.4,242.22,False,278.6
03-06-2021,Toys,353.9,622.1,237.75,False,351.2
05-06-2021,Toys,311.7,638.7,234.73,False,302.0
05-06-2021,Toys,346.4,628.9,239.17,False,312.7
06-06-2021,Toys,306.0,638.5,232.72,False,312.9
07-06-2021,Toys,317.0,638.4,239.2,False,327.8
09-06-2021,Toys,339.2,627.5,247.4,False,343.3
10-06-2021,Toys,328.0,631.0,236.63,False,325.8
11-06-2021,Toys,336.3,419.9,236.57,False,306.5
12-06-2021,Toys,271.6,675.9,240.76,False,275.8
12-06-2021,Toys,336.1,426.3,234.6,False,346.6
14-06-2021,Toys,282.4,438.6,236.92,False,286.4
16-06-2021,Toys,422.6,650.4,230.45,True,443.1
17-06-2021,Toys,341.4,647.5,244.63,False,338.1
18-06-2021,Toys,573.6,640.1,234.73,True,550.5
19-06-2021,Toys,349.7,634.4,231.81,False,327.0
20-06-2021,Toys,353.7,638.2,237.75,False,330.0
21-06-2021,Toys,316.6,649.1,241.03,False,297.5
22-06-2021,Toys,316.1,655.1,244.38,False,295.4
23-06-2021,Toys,303.8,660.3,245.6,False,311.9
24-06-2021,Toys,330.6,657.8,237.95,False,341.1
25-06-2021,Toys,364.6,646.0,237.86,False,376.1
26-06-2021,Toys,357.0,637.4,241.35,False,370.8
27-06-2021,Toys,341.2,645.3,238.35,False,357.0
28-06-2021,Toys,318.6,641.9,236.08,False,330.4
29-06-2021,Toys,299.9,648.4,234.6,False,297.9
30-06-2021,Toys,303.3,649.5,233.38,False,313.8
01-07-2021,Toys,341.3,634.8,239.93,False,352.2
02-07-2021,Toys,351.9,638.4,233.36,False,364.0
03-07-2021,Toys,357.2,633.4,235.68,False,336.8
05-07-2021,Toys,1423.7,642.1,235.7,False,315.6
06-07-2021,Toys,304.7,655.1,243.97,False,317.1
07-07-2021,Toys,321.2,654.9,237.04,False,298.3
08-07-2021,Toys,336.7,644.2,238.98,False,326.7
11-07-2021,Toys,344.5,650.0,228.17,False,347.4
15-07-2021,Toys,380.6,639.4,236.64,False,373.8
16-07-2021,Toys,509.8,642.6,241.38,True,459.6
17-07-2021,Toys,354.8,644.5,235.45,False,338.1
18-07-2021,Toys,348.6,651.2,242.55,False,331.9
20-07-2021,Toys,338.3,654.9,240.41,False,350.5
21-07-2021,Toys,338.6,654.0,240.44,False,325.0
22-07-2021,Toys,388.9,646.4,231.86,False,359.1
23-07-2021,Toys,501.3,641.5,231.81,True,480.6
24-07-2021,Toys,310.7,661.3,232.58,False,283.4
27-07-2021,Toys,344.2,645.3,242.45,False,322.2
28-07-2021,Toys,319.6,642.7,239.61,False,320.5
29-07-2021,Toys,384.3,625.8,232.52,False,375.0
30-07-2021,Toys,380.2,629.4,236.19,False,374.2
02-08-2021,Toys,341.0,644.3,233.49,False,345.3
06-08-2021,Toys,324.6,641.9,225.48,False,333.9
08-08-2021,Toys,345.3,467.2,240.54,False,351.8
09-08-2021,Toys,1216.0,651.0,233.59,False,297.3
10-08-2021,Toys,309.0,648.6,236.68,False,282.8
12-08-2021,Toys,304.3,671.9,237.81,False,276.1
12-08-2021,Toys,341.5,642.3,232.7,False,331.6
13-08-2021,Toys,382.6,628.8,225.89,False,354.8
14-08-2021,Toys,358.1,634.5,232.71,False,373.2
18-08-2021,Toys,377.9,629.7,228.71,False,367.0
19-08-2021,Toys,365.3,628.7,235.21,False,380.1
20-08-2021,Toys,381.9,623.7,234.69,False,349.5
21-08-2021,Toys,387.2,622.9,241.14,False,360.2
22-08-2021,Toys,359.0,637.1,240.42,False,355.2
25-08-2021,Toys,351.3,635.1,235.75,False,320.0
27-08-2021,Toys,370.4,614.2,234.28,False,337.9
28-08-2021,Toys,504.1,622.0,233.96,True,523.1
29-08-2021,Toys,473.2,627.5,236.03,True,445.5
30-08-2021,Toys,360.2,617.7,240.74,False,362.8
31-08-2021,Toys,332.7,627.9,239.59,False,320.9
02-09-2021,Toys,385.9,617.4,235.28,False,385.1
04-09-2021,Toys,364.6,619.5,235.77,False,372.4
05-09-2021,Toys,484.2,621.8,234.88,True,440.6
07-09-2021,Toys,341.4,629.4,235.03,False,349.1
08-09-2021,Toys,382.0,615.1,233.79,False,346.4
09-09-2021,Toys,338.3,631.3,248.7,False,308.6
10-09-2021,Toys,356.9,629.4,235.89,False,371.5
12-09-2021,Toys,337.1,635.1,234.1,False,346.1
13-09-2021,Toys,294.9,651.5,234.37,False,272.4
14-09-2021,Toys,318.0,647.2,242.7,False,303.5
15-09-2021,Toys,349.4,636.6,239.35,False,354.5
18-09-2021,Toys,365.4,640.8,237.7,False,336.2
20-09-2021,Toys,311.8,669.7,236.02,False,324.5
21-09-2021,Toys,338.9,668.6,224.42,False,309.3
22-09-2021,Toys,360.0,658.3,231.94,False,352.4
23-09-2021,Toys,344.3,650.8,240.48,False,347.9
24-09-2021,Toys,384.6,644.0,234.45,False,394.3
26-09-2021,Toys,343.4,652.2,237.4,False,327.7
27-09-2021,Toys,448.5,651.9,244.36,True,470.9
28-09-2021,Toys,405.0,656.2,237.16,True,368.2
29-09-2021,Toys,317.0,640.9,239.73,False,296.7
30-09-2021,Toys,372.1,625.3,235.98,False,368.8
01-10-2021,Toys,363.7,633.7,236.14,False,333.5
02-10-2021,Toys,364.2,633.6,238.04,False,333.3
02-10-2021,Toys,274.8,612.6,240.11,False,285.0
03-10-2021,Toys,325.2,645.3,241.51,False,315.9
04-10-2021,Toys,317.0,643.9,233.62,False,287.9
07-10-2021,Toys,335.7,637.2,245.72,False,303.1
08-10-2021,Toys,357.5,627.1,238.63,False,369.9
10-10-2021,Toys,322.4,324.6,234.42,False,321.2
11-10-2021,Toys,292.0,662.3,235.56,False,280.0
12-10-2021,Toys,322.0,323.7,230.73,False,17.2
15-10-2021,Toys,354.6,622.1,240.82,False,331.9
16-10-2021,Toys,330.8,630.0,237.08,False,324.4
17-10-2021,Toys,381.1,623.7,240.69,True,355.0
18-10-2021,Toys,313.7,623.0,227.04,False,320.8
21-10-2021,Toys,350.4,609.6,247.1,False,356.1
22-10-2021,Toys,373.4,595.7,235.54,False,360.7
23-10-2021,Toys,349.7,609.8,234.86,False,323.4
24-10-2021,Toys,333.2,617.1,231.37,False,309.6
25-10-2021,Toys,272.1,640.9,230.35,False,278.0
27-10-2021,Toys,328.0,630.2,239.26,False,298.1
28-10-2021,Toys,333.8,630.1,229.16,False,336.3
29-10-2021,Toys,347.4,621.5,228.8,False,346.8
30-10-2021,Toys,304.1,636.1,239.92,False,310.2
31-10-2021,Toys,332.7,630.4,237.5,False,343.0
01-11-2021,Toys,299.8,638.5,238.52,False,3045.0
04-11-2021,Toys,437.0,644.5,240.66,True,422.4
05-11-2021,Toys,345.6,634.8,238.72,False,347.2
06-11-2021,Toys,287.6,656.2,242.36,False,292.7
07-11-2021,Toys,332.3,641.1,237.89,False,319.6
08-11-2021,Toys,282.3,676.0,238.01,False,255.7
08-11-2021,Toys,355.1,639.6,237.91,False,347.7
09-11-2021,Toys,321.8,642.0,224.18,False,334.3
10-11-2021,Toys,344.9,319.8,232.24,False,347.7
11-11-2021,Toys,337.8,646.0,235.72,False,320.9
12-11-2021,Toys,339.2,650.4,240.55,False,330.9
13-11-2021,Toys,330.5,658.0,239.92,False,328.1
14-11-2021,Toys,322.2,657.0,234.44,False,301.6
15-11-2021,Toys,301.6,664.2,239.25,False,292.4
16-11-2021,Toys,256.5,673.8,228.12,False,240.1
17-11-2021,Toys,321.0,649.3,233.47,False,293.0
20-11-2021,Toys,330.6,645.0,240.18,False,300.0
22-11-2021,Toys,309.0,650.7,231.21,False,279.8
23-11-2021,Toys,275.5,662.3,242.16,False,279.0
26-11-2021,Toys,306.1,661.1,237.76,False,302.9
27-11-2021,Toys,337.9,658.0,238.94,False,311.1
28-11-2021,Toys,308.0,666.4,247.67,False,296.5
29-11-2021,Toys,300.3,672.8,241.52,False,302.5
30-11-2021,Toys,286.6,673.8,233.37,False,278.6
01-12-2021,Toys,288.2,672.9,243.97,False,265.1
02-12-2021,Toys,324.2,657.9,237.39,False,297.7
05-12-2021,Toys,295.3,666.1,235.89,False,273.9
07-12-2021,Toys,328.2,643.7,228.96,False,312.6
07-12-2021,Toys,320.4,664.8,229.47,False,306.1
09-12-2021,Toys,377.4,672.5,240.23,True,385.3
11-12-2021,Toys,308.3,680.8,236.39,False,307.0
12-12-2021,Toys,296.2,692.4,240.48,False,309.9
13-12-2021,Toys,279.6,699.7,236.33,False,2771.0
14-12-2021,Toys,288.1,697.8,241.51,False,262.3
17-12-2021,Toys,334.4,676.1,238.75,False,312.0
18-12-2021,Toys,307.8,693.5,239.89,False,287.4
19-12-2021,Toys,279.1,698.4,242.1,False,267.8
20-12-2021,Toys,271.1,708.8,236.79,False,253.2
22-12-2021,Toys,1169.4,690.7,242.56,False,297.9
24-12-2021,Toys,311.1,682.5,242.2,False,288.6
25-12-2021,Toys,305.9,685.1,243.05,False,294.0
27-12-2021,Toys,273.9,686.2,238.25,False,259.7
28-12-2021,Toys,280.5,682.4,235.68,False,280.2
29-12-2021,Toys,270.4,681.1,243.14,False,253.8
30-12-2021,Toys,286.9,679.6,239.07,False,276.4
01-01-2022,Toys,283.8,677.1,249.33,False,284.3
02-01-2022,Toys,341.6,691.5,233.56,True,326.3
03-01-2022,Toys,264.9,677.2,238.03,False,276.3
04-01-2022,Toys,274.9,673.2,233.75,False,247.5
05-01-2022,Toys,291.7,616.8,239.17,False,282.0
07-01-2022,Toys,305.1,674.0,230.51,False,318.2
08-01-2022,Toys,288.7,680.0,240.71,False,300.2
09-01-2022,Toys,545.5,587.1,247.69,True,544.6
09-01-2022,Toys,291.0,678.3,244.78,False,280.6
10-01-2022,Toys,267.5,684.3,235.26,False,273.8
13-01-2022,Toys,307.7,678.2,240.6,False,291.9
17-01-2022,Toys,343.2,700.7,235.16,True,351.0
20-01-2022,Toys,296.1,676.9,243.34,False,293.0
21-01-2022,Toys,284.4,669.3,240.75,False,264.6
22-01-2022,Toys,286.4,668.0,240.5,False,262.5
24-01-2022,Toys,363.2,683.2,235.88,True,345.4
26-01-2022,Toys,283.7,680.5,244.61,False,259.9
29-01-2022,Toys,282.9,694.6,233.53,False,255.7
30-01-2022,Toys,270.7,691.8,243.6,False,262.0
31-01-2022,Toys,227.0,703.2,231.47,False,215.7
02-02-2022,Toys,302.4,683.4,226.51,False,291.8
04-02-2022,Toys,308.9,679.7,238.01,False,288.8
04-02-2022,Toys,314.4,641.3,239.3,False,287.6
05-02-2022,Toys,304.7,675.1,235.92,False,285.4
06-02-2022,Toys,288.7,679.6,235.31,False,283.1
06-02-2022,Toys,350.6,574.8,239.7,False,351.3
07-02-2022,Toys,281.1,689.5,238.66,False,270.0
08-02-2022,Toys,241.3,699.0,234.42,False,239.2
09-02-2022,Toys,260.6,693.3,234.26,False,238.1
10-02-2022,Toys,275.1,682.8,239.76,False,286.0
11-02-2022,Toys,345.7,590.7,236.26,False,326.3
11-02-2022,Toys,300.8,686.5,238.12,False,296.4
13-02-2022,Toys,277.5,683.6,233.61,False,278.9
16-02-2022,Toys,265.3,684.1,235.47,False,253.2
17-02-2022,Toys,295.1,674.6,238.61,False,291.7
18-02-2022,Toys,297.2,668.8,242.86,False,270.7
19-02-2022,Toys,303.7,659.6,237.02,False,285.1
20-02-2022,Toys,268.4,676.6,239.13,False,253.3
21-02-2022,Toys,220.0,686.2,233.41,False,205.7
22-02-2022,Toys,249.1,674.0,228.74,False,232.9
23-02-2022,Toys,285.8,660.5,230.46,False,290.0
24-02-2022,Toys,262.7,664.4,235.05,False,275.1
26-02-2022,Toys,309.2,649.1,230.34,False,287.5
27-02-2022,Toys,271.4,658.0,233.11,False,283.8
28-02-2022,Toys,264.8,666.0,238.05,False,263.7
01-03-2022,Toys,261.1,669.7,241.59,False,250.5
02-03-2022,Toys,272.1,659.9,234.33,False,282.1
02-03-2022,Toys,298.9,678.4,240.33,False,293.9
04-03-2022,Toys,315.6,649.2,240.32,False,311.1
05-03-2022,Toys,287.5,664.5,242.53,False,272.1
06-03-2022,Toys,252.4,663.2,225.65,False,243.3
06-03-2022,Toys,368.1,572.5,236.09,False,369.2
07-03-2022,Toys,1096.6,659.0,234.38,False,282.3
07-03-2022,Toys,342.1,594.0,238.47,False,328.3
10-03-2022,Toys,325.5,636.1,250.37,False,326.7
12-03-2022,Toys,390.8,639.6,236.89,True,380.1
13-03-2022,Toys,272.8,657.7,242.37,False,248.3
14-03-2022,Toys,250.9,662.9,246.25,False,256.1
15-03-2022,Toys,278.1,652.5,238.14,False,282.9
17-03-2022,Toys,299.0,649.6,234.77,False,305.6
18-03-2022,Toys,299.0,639.0,246.54,False,301.2
19-03-2022,Toys,296.6,637.5,240.91,False,283.6
21-03-2022,Toys,261.8,651.2,228.7,False,259.0
22-03-2022,Toys,256.2,652.9,234.72,False,256.0
23-03-2022,Toys,313.6,630.7,243.5,False,312.3
25-03-2022,Toys,289.9,644.8,237.38,False,290.4
26-03-2022,Toys,274.4,651.9,244.9,False,272.6
27-03-2022,Toys,295.4,639.3,241.93,False,290.2
28-03-2022,Toys,258.3,656.1,244.39,False,237.2
29-03-2022,Toys,283.5,644.4,234.52,False,258.8
03-04-2022,Toys,305.8,635.4,243.79,False,310.6
04-04-2022,Toys,325.0,628.0,233.64,False,299.9
06-04-2022,Toys,315.6,625.9,239.33,False,316.0
09-04-2022,Toys,378.1,604.9,231.04,False,393.3
11-04-2022,Toys,298.2,649.6,235.19,False,311.5
12-04-2022,Toys,268.0,395.8,235.91,False,270.6
13-04-2022,Toys,475.4,382.2,243.73,True,494.2
14-04-2022,Toys,314.0,386.1,234.27,False,46.1
15-04-2022,Toys,329.6,380.1,237.42,False,340.5
16-04-2022,Toys,483.4,381.1,236.37,True,456.1
17-04-2022,Toys,302.5,639.3,245.37,False,291.5
18-04-2022,Toys,322.9,633.9,236.19,False,334.1
19-04-2022,Toys,298.5,643.2,244.65,False,287.2
20-04-2022,Toys,323.7,636.2,239.02,False,325.6
21-04-2022,Toys,345.0,627.2,238.54,False,318.5
22-04-2022,Toys,426.6,629.0,230.66,True,427.6
23-04-2022,Toys,309.8,629.0,235.14,False,320.1
24-04-2022,Toys,285.9,626.8,232.19,False,272.3
25-04-2022,Toys,300.7,623.5,238.41,False,308.8
26-04-2022,Toys,307.5,317.5,233.84,False,278.6
27-04-2022,Toys,281.0,318.5,237.5,False,279.9
28-04-2022,Toys,328.6,309.3,235.14,False,71.0
29-04-2022,Toys,340.7,308.9,247.02,False,321.6
01-05-2022,Toys,312.0,666.7,241.8,False,285.3
02-05-2022,Toys,290.8,607.7,239.22,False,269.6
03-05-2022,Toys,316.0,599.8,236.49,False,317.6
06-05-2022,Toys,377.2,563.5,233.74,False,356.5
07-05-2022,Toys,345.3,582.8,246.87,False,348.6
08-05-2022,Toys,332.4,599.0,234.97,False,343.7
09-05-2022,Toys,297.6,609.3,243.31,False,301.4
10-05-2022,Toys,314.4,596.0,235.67,False,323.1
13-05-2022,Toys,377.8,563.5,246.09,False,348.1
14-05-2022,Toys,347.1,574.2,240.7,False,357.2
15-05-2022,Toys,334.7,573.3,233.99,False,306.8
16-05-2022,Toys,340.1,579.5,232.7,False,309.8
17-05-2022,Toys,343.7,575.5,232.03,False,352.0
18-05-2022,Toys,338.2,578.3,235.09,False,330.5
19-05-2022,Toys,353.2,573.3,238.94,False,334.1
22-05-2022,Toys,322.3,574.3,241.15,False,328.1
23-05-2022,Toys,342.2,569.2,232.7,False,344.4
24-05-2022,Toys,332.7,576.2,241.74,False,300.2
25-05-2022,Toys,431.8,573.3,229.41,True,399.0
27-05-2022,Toys,378.1,555.7,237.4,False,350.7
28-05-2022,Toys,362.0,560.0,242.92,False,345.4
29-05-2022,Toys,372.6,561.6,235.12,False,382.7
30-05-2022,Toys,341.9,562.2,238.14,False,321.4
31-05-2022,Toys,331.8,573.1,235.17,False,305.3
04-06-2022,Toys,335.0,583.5,234.49,False,309.5
06-06-2022,Toys,406.1,566.0,237.94,True,410.6
07-06-2022,Toys,396.8,582.3,241.05,False,404.3
07-06-2022,Toys,363.9,562.1,236.88,False,357.5
08-06-2022,Toys,328.6,572.1,244.25,False,323.6
10-06-2022,Toys,372.8,568.3,231.72,False,379.9
11-06-2022,Toys,354.8,576.3,245.37,False,349.2
12-06-2022,Toys,331.6,584.2,237.19,False,316.0
13-06-2022,Toys,337.5,581.2,236.16,False,326.1
15-06-2022,Toys,360.6,576.1,234.11,False,344.7
16-06-2022,Toys,376.9,570.8,235.12,False,346.0
17-06-2022,Toys,372.4,575.0,235.24,False,381.0
18-06-2022,Toys,382.0,562.0,235.65,False,360.0
19-06-2022,Toys,369.5,575.4,239.49,False,352.8
20-06-2022,Toys,355.5,581.2,238.68,False,352.4
21-06-2022,Toys,341.5,592.6,242.63,False,331.8
22-06-2022,Toys,356.0,584.6,244.68,False,366.2
23-06-2022,Toys,360.9,574.5,236.95,False,330.9
25-06-2022,Toys,389.0,549.5,238.1,False,352.8
26-06-2022,Toys,353.0,558.8,240.39,False,348.6
27-06-2022,Toys,340.6,563.9,232.84,False,348.9
28-06-2022,Toys,345.5,567.1,242.56,False,341.4
29-06-2022,Toys,382.0,557.4,236.21,False,347.8
30-06-2022,Toys,363.4,571.4,232.89,False,376.8
01-07-2022,Toys,370.9,577.1,229.1,False,384.0
02-07-2022,Toys,382.5,571.5,230.4,False,346.3
05-07-2022,Toys,364.5,587.9,242.43,False,366.5
08-07-2022,Toys,357.0,577.1,242.25,False,354.6
08-07-2022,Toys,561.8,585.8,232.99,True,527.1
10-07-2022,Toys,375.7,586.6,240.15,False,360.1
11-07-2022,Toys,370.2,584.0,242.76,False,362.6
13-07-2022,Toys,362.4,585.8,245.11,False,372.5
14-07-2022,Toys,395.6,581.4,233.47,False,378.9
15-07-2022,Toys,403.5,580.1,239.39,False,409.5
16-07-2022,Toys,373.6,583.1,234.51,False,390.9
17-07-2022,Toys,372.5,583.3,244.49,False,385.0
18-07-2022,Toys,360.1,572.6,237.74,False,331.9
19-07-2022,Toys,334.4,585.4,237.24,False,317.5
20-07-2022,Toys,383.3,581.8,226.53,False,347.8
22-07-2022,Toys,383.4,582.4,231.06,False,391.7
23-07-2022,Toys,383.4,587.3,237.14,False,350.9
25-07-2022,Toys,371.6,582.3,235.92,False,375.2
26-07-2022,Toys,376.4,584.3,239.62,False,378.4
29-07-2022,Toys,384.0,569.1,234.09,False,356.9
30-07-2022,Toys,396.3,562.7,234.89,False,408.6
31-07-2022,Toys,531.3,558.5,236.39,True,498.3
01-08-2022,Toys,380.5,568.9,238.51,False,392.5
02-08-2022,Toys,341.6,580.2,227.22,False,318.4
03-08-2022,Toys,281.5,655.1,234.85,False,271.3
04-08-2022,Toys,402.3,569.7,240.25,False,362.7
05-08-2022,Toys,397.5,568.7,239.06,False,399.8
06-08-2022,Toys,407.7,574.8,239.62,False,426.8
11-08-2022,Toys,394.0,575.1,226.46,False,411.4
13-08-2022,Toys,379.7,574.9,235.0,False,366.8
15-08-2022,Toys,331.4,603.6,238.58,False,333.8
16-08-2022,Toys,358.4,592.7,236.21,False,364.9
17-08-2022,Toys,359.3,587.9,227.79,False,338.2
19-08-2022,Toys,418.9,583.0,230.57,False,413.4
20-08-2022,Toys,404.1,585.6,239.45,False,376.0
21-08-2022,Toys,363.3,597.1,245.44,False,380.0
23-08-2022,Toys,381.1,588.0,231.46,False,373.4
24-08-2022,Toys,544.8,600.2,243.36,True,558.3
25-08-2022,Toys,381.1,586.6,239.38,False,372.9
26-08-2022,Toys,397.5,583.0,233.19,False,383.3
27-08-2022,Toys,382.8,592.7,235.05,False,346.2
28-08-2022,Toys,388.1,581.8,236.19,False,355.2
30-08-2022,Toys,368.9,605.0,247.36,False,361.7
31-08-2022,Toys,370.0,600.1,249.71,False,387.7
02-09-2022,Toys,386.0,593.3,231.21,False,373.3
03-09-2022,Toys,372.5,601.3,239.6,False,346.8
03-09-2022,Toys,267.2,652.8,235.35,False,247.9
04-09-2022,Toys,300.5,653.5,230.24,False,302.6
05-09-2022,Toys,362.8,609.2,233.21,False,362.0
06-09-2022,Toys,382.0,564.1,236.91,False,350.1
09-09-2022,Toys,374.1,603.9,237.55,False,382.5
12-09-2022,Toys,385.8,613.7,239.68,False,394.7
13-09-2022,Toys,345.5,630.9,247.52,False,328.1
15-09-2022,Toys,382.9,614.1,234.23,False,351.3
16-09-2022,Toys,384.8,615.0,235.2,False,395.3
17-09-2022,Toys,375.9,614.3,230.41,False,350.3
18-09-2022,Toys,390.1,602.8,234.28,False,396.7
19-09-2022,Toys,359.5,617.0,229.05,False,324.8
23-09-2022,Toys,401.5,613.0,234.79,False,364.9
24-09-2022,Toys,339.5,630.5,236.73,False,335.2
25-09-2022,Toys,369.6,620.1,241.99,False,377.6
26-09-2022,Toys,373.1,625.5,241.44,False,368.0
27-09-2022,Toys,341.3,626.0,236.12,False,342.6
30-09-2022,Toys,383.7,601.9,242.28,False,352.1
01-10-2022,Toys,396.8,602.4,240.29,False,401.3
02-10-2022,Toys,481.7,609.1,238.87,True,447.6
04-10-2022,Toys,361.6,618.4,238.93,False,362.9
05-10-2022,Toys,513.7,627.7,237.4,True,474.1
06-10-2022,Toys,399.0,605.3,235.16,False,365.9
07-10-2022,Toys,390.5,606.9,232.77,False,401.5
09-10-2022,Toys,339.0,624.9,236.18,False,318.4
10-10-2022,Toys,370.8,615.2,229.17,False,360.8
12-10-2022,Toys,366.2,616.7,235.9,False,331.7
13-10-2022,Toys,385.1,615.2,237.81,False,374.1
14-10-2022,Toys,388.9,611.7,231.83,False,372.1
16-10-2022,Toys,358.1,611.5,235.45,False,346.6
17-10-2022,Toys,532.8,607.9,230.91,True,501.0
18-10-2022,Toys,366.4,609.5,230.48,False,348.3
19-10-2022,Toys,360.2,602.8,233.41,False,371.3
20-10-2022,Toys,345.8,609.7,229.38,False,322.3
23-10-2022,Toys,350.2,613.1,237.68,False,315.8
25-10-2022,Toys,336.0,611.0,234.31,False,327.8
26-10-2022,Toys,372.7,592.8,234.79,False,350.3
27-10-2022,Toys,389.3,346.2,245.02,False,352.6
28-10-2022,Toys,367.7,344.2,238.05,False,381.7
29-10-2022,Toys,374.2,346.5,238.35,False,83.1
30-10-2022,Toys,503.0,352.8,230.33,True,499.6
31-10-2022,Toys,326.5,348.8,244.6,False,302.7
01-11-2022,Toys,317.8,602.8,244.74,False,312.0
03-11-2022,Toys,315.9,641.5,242.4,False,306.2
05-11-2022,Toys,325.4,587.8,229.1,False,326.7
05-11-2022,Toys,383.7,565.8,235.24,False,363.3
09-11-2022,Toys,404.3,604.4,237.77,False,405.7
09-11-2022,Toys,352.0,565.7,243.24,False,349.2
10-11-2022,Toys,561.5,554.1,230.15,True,526.6
11-11-2022,Toys,330.2,560.9,237.57,False,328.1
12-11-2022,Toys,326.7,571.3,228.58,False,302.7
14-11-2022,Toys,310.8,566.4,242.98,False,299.9
15-11-2022,Toys,344.0,551.8,225.04,False,346.7
16-11-2022,Toys,354.2,550.9,242.75,False,352.4
17-11-2022,Toys,356.3,552.8,246.93,False,372.0
18-11-2022,Toys,360.5,551.7,236.37,False,378.2
19-11-2022,Toys,348.0,552.8,238.95,False,314.5
20-11-2022,Toys,424.3,559.6,231.99,True,397.1
22-11-2022,Toys,326.2,562.8,239.74,False,3159.0
23-11-2022,Toys,310.8,568.4,237.33,False,296.4
24-11-2022,Toys,354.2,557.6,230.45,False,337.4
25-11-2022,Toys,340.3,566.2,237.08,False,338.6
26-11-2022,Toys,319.0,571.7,238.24,False,287.6
30-11-2022,Toys,517.5,574.5,238.96,True,469.5
01-12-2022,Toys,260.5,692.7,235.7,False,267.8
01-12-2022,Toys,362.5,569.1,234.16,False,378.0
02-12-2022,Toys,296.2,686.1,240.33,False,308.8
02-12-2022,Toys,362.7,575.6,232.42,False,329.5
03-12-2022,Toys,334.3,582.1,236.31,False,350.2
04-12-2022,Toys,321.7,588.4,233.28,False,297.5
05-12-2022,Toys,319.0,588.8,235.65,False,305.6
06-12-2022,Toys,304.1,584.0,236.82,False,302.5
08-12-2022,Toys,338.4,584.5,229.76,False,313.9
12-12-2022,Toys,320.7,571.8,234.09,False,303.3
14-12-2022,Toys,315.0,573.2,239.04,False,313.6
15-12-2022,Toys,356.2,569.9,235.88,False,360.9
16-12-2022,Toys,365.3,564.9,240.39,False,376.5
17-12-2022,Toys,350.1,571.5,236.36,False,363.9
18-12-2022,Toys,291.9,585.6,243.27,False,282.3
19-12-2022,Toys,299.5,583.9,230.28,False,312.6
20-12-2022,Toys,457.2,572.2,235.61,True,412.6
22-12-2022,Toys,347.3,559.3,249.53,False,345.2
23-12-2022,Toys,350.9,550.6,233.07,False,325.3
24-12-2022,Toys,329.5,561.0,248.48,False,299.4
25-12-2022,Toys,321.7,561.2,242.48,False,294.7
26-12-2022,Toys,319.4,572.4,245.65,False,299.8
27-12-2022,Toys,301.0,577.8,239.56,False,279.6
28-12-2022,Toys,325.8,565.0,241.28,False,318.8
30-12-2022,Toys,326.6,575.1,234.6,False,318.1
31-12-2022,Toys,311.6,577.3,241.85,False,294.4
01-01-2023,Toys,295.4,591.6,238.39,False,308.7
01-02-2023,Toys,287.2,588.7,238.58,False,300.4
