order_date,category,units_sold,inventory_on_hand,unit_price,injected_anomaly
2023-01-02,Clothing,317,893,39.25,
2023-01-03,Clothing,370,1066,41.66,
2023-01-04,Clothing,388,659,41.73,
2023-01-05,Clothing,343,626,38.22,
2023-01-06,Clothing,282,647,40.66,
2023-01-07,Clothing,272,522,41.18,
2023-01-08,Clothing,263,396,41.69,
2023-01-09,Clothing,250,590,41.33,
2023-01-10,Clothing,402,1028,38.25,
2023-01-11,Clothing,408,1036,38.94,
2023-01-12,Clothing,347,949,38.41,
2023-01-13,Clothing,267,538,41.98,
2023-01-14,Clothing,310,504,38.98,
2023-01-15,Clothing,308,641,39.21,
2023-01-16,Clothing,319,778,39.98,
2023-01-17,Clothing,425,947,39.32,
2023-01-18,Clothing,388,686,40.52,
2023-01-19,Clothing,350,551,40.42,
2023-01-20,Clothing,300,568,39.51,
2023-01-21,Clothing,296,708,38.08,
2023-01-22,Clothing,323,919,39.28,
2023-01-23,Clothing,337,809,39.4,
2023-01-24,Clothing,375,987,38.45,
2023-01-25,Clothing,457,1197,38.88,
2023-01-26,Clothing,364,1044,40.28,
2023-01-27,Clothing,285,855,41.64,
2023-01-28,Clothing,305,649,38.64,
2023-01-29,Clothing,297,574,39.19,
2023-01-30,Clothing,319,496,38.8,
2023-01-31,Clothing,398,817,41.19,
2023-02-01,Clothing,446,1138,38.69,
2023-02-02,Clothing,415,955,40.0,
2023-02-03,Clothing,349,1019,41.45,
2023-02-04,Clothing,318,838,38.79,
2023-02-05,Clothing,368,779,38.81,
2023-02-06,Clothing,333,720,39.02,
2023-02-07,Clothing,362,795,40.22,
2023-02-08,Clothing,451,1001,39.81,
2023-02-09,Clothing,402,1167,38.12,
2023-02-10,Clothing,390,1120,38.24,
2023-02-11,Clothing,378,1073,38.36,
2023-02-12,Clothing,396,988,38.77,
2023-02-13,Clothing,413,904,39.17,
2023-02-14,Clothing,431,819,39.58,
2023-02-15,Clothing,475,986,40.95,
2023-02-16,Clothing,381,579,39.65,
2023-02-17,Clothing,360,594,41.98,
2023-02-18,Clothing,339,621,39.49,
2023-02-19,Clothing,365,582,38.4,
2023-02-20,Clothing,434,987,39.94,
2023-02-21,Clothing,503,1205,38.66,
2023-02-22,Clothing,446,1035,38.51,
2023-02-23,Clothing,335,572,41.08,
2023-02-24,Clothing,307,521,41.43,
2023-02-25,Clothing,366,944,38.66,
2023-02-26,Clothing,348,926,39.23,
2023-02-27,Clothing,415,819,41.19,
2023-02-28,Clothing,470,888,41.24,
2023-03-01,Clothing,457,904,38.87,
2023-03-02,Clothing,431,1102,38.56,
2023-03-03,Clothing,397,1022,38.94,
2023-03-04,Clothing,363,942,39.33,
2023-03-05,Clothing,354,1077,39.18,
2023-03-06,Clothing,419,1211,38.66,
2023-03-07,Clothing,484,1346,38.13,
2023-03-08,Clothing,472,829,39.6,
2023-03-09,Clothing,314,786,40.4,
2023-03-10,Clothing,362,821,40.64,
2023-03-11,Clothing,373,738,40.06,
2023-03-12,Clothing,384,655,39.48,
2023-03-13,Clothing,395,666,39.0,
2023-03-14,Clothing,427,914,38.45,
2023-03-15,Clothing,511,1209,40.25,
2023-03-16,Clothing,426,1167,41.26,
2023-03-17,Clothing,347,901,38.5,
2023-03-18,Clothing,356,619,39.14,
2023-03-19,Clothing,376,1128,38.01,
2023-03-20,Clothing,397,862,38.17,
2023-03-21,Clothing,410,885,39.57,
2023-03-22,Clothing,545,864,40.33,
2023-03-23,Clothing,402,843,40.0,
2023-03-24,Clothing,380,650,38.65,
2023-03-25,Clothing,358,660,39.53,
2023-03-26,Clothing,374,620,39.69,
2023-03-27,Clothing,359,860,41.77,
2023-03-28,Clothing,476,1209,41.85,
2023-03-29,Clothing,485,758,39.92,
2023-03-30,Clothing,457,1236,40.21,
2023-03-31,Clothing,347,696,40.51,
2023-04-01,Clothing,329,920,39.86,
2023-04-02,Clothing,331,753,41.19,
2023-04-03,Clothing,374,974,38.12,
2023-04-04,Clothing,373,1173,41.21,
2023-04-05,Clothing,372,1014,40.54,
2023-04-06,Clothing,370,854,39.86,
2023-04-07,Clothing,369,695,39.19,
2023-04-08,Clothing,326,768,38.19,
2023-04-09,Clothing,385,849,39.32,
2023-04-10,Clothing,357,663,41.9,
2023-04-11,Clothing,377,738,40.42,
2023-04-12,Clothing,494,1351,40.87,
2023-04-13,Clothing,433,1125,38.36,
2023-04-14,Clothing,322,554,38.12,
2023-04-15,Clothing,339,794,40.07,
2023-04-16,Clothing,354,937,41.19,
2023-04-17,Clothing,370,1040,39.32,
2023-04-18,Clothing,451,1302,41.05,
2023-04-19,Clothing,490,986,40.77,
2023-04-20,Clothing,433,684,40.8,
2023-04-21,Clothing,341,529,38.14,
2023-04-22,Clothing,355,1016,39.1,
2023-04-23,Clothing,369,727,40.11,
2023-04-24,Clothing,418,1063,39.0,
2023-04-25,Clothing,454,978,41.37,
2023-04-26,Clothing,509,926,40.61,
2023-04-27,Clothing,405,816,38.52,
2023-04-28,Clothing,353,706,39.36,
2023-04-29,Clothing,367,870,40.2,
2023-04-30,Clothing,383,788,39.85,
2023-05-01,Clothing,366,1003,41.59,
2023-05-02,Clothing,474,1401,41.07,
2023-05-03,Clothing,468,1052,41.08,
2023-05-04,Clothing,462,704,41.09,
2023-05-05,Clothing,359,1071,38.25,
2023-05-06,Clothing,364,1152,39.75,
2023-05-07,Clothing,370,1233,41.26,
2023-05-08,Clothing,422,1314,39.97,
2023-05-09,Clothing,474,1395,38.68,
2023-05-10,Clothing,524,899,39.59,
2023-05-11,Clothing,463,938,40.16,
2023-05-12,Clothing,403,745,40.72,
2023-05-13,Clothing,342,552,41.28,
2023-05-14,Clothing,352,759,40.58,
2023-05-15,Clothing,373,590,40.12,
2023-05-16,Clothing,438,877,39.68,
2023-05-17,Clothing,462,970,39.71,
2023-05-18,Clothing,410,833,40.42,
2023-05-19,Clothing,359,601,41.57,
2023-05-20,Clothing,327,936,41.18,
2023-05-21,Clothing,388,869,40.51,
2023-05-22,Clothing,1188,2088,39.9,spike
2023-05-23,Clothing,806,951,40.35,
2023-05-24,Clothing,423,646,41.51,
2023-05-25,Clothing,372,803,39.65,
2023-05-26,Clothing,309,622,41.3,
2023-05-27,Clothing,361,1025,40.5,
2023-05-28,Clothing,331,970,40.4,
2023-05-29,Clothing,361,891,41.45,
2023-05-30,Clothing,392,671,41.56,
2023-05-31,Clothing,451,1136,41.99,
2023-06-01,Clothing,386,995,40.66,
2023-06-02,Clothing,322,854,39.33,
2023-06-03,Clothing,337,952,38.0,
2023-06-04,Clothing,370,857,41.54,
2023-06-05,Clothing,326,738,39.2,
2023-06-06,Clothing,391,756,38.77,
2023-06-07,Clothing,435,835,38.5,
2023-06-08,Clothing,440,815,40.57,
2023-06-09,Clothing,279,794,40.03,
2023-06-10,Clothing,321,594,40.63,
2023-06-11,Clothing,385,647,38.93,
2023-06-12,Clothing,400,701,39.17,
2023-06-13,Clothing,414,754,39.42,
2023-06-14,Clothing,424,687,38.54,
2023-06-15,Clothing,386,758,40.88,
2023-06-16,Clothing,298,889,38.28,
2023-06-17,Clothing,292,476,38.89,
2023-06-18,Clothing,342,919,39.49,
2023-06-19,Clothing,346,1001,41.94,
2023-06-20,Clothing,403,978,41.25,
2023-06-21,Clothing,460,954,40.56,
2023-06-22,Clothing,348,850,38.85,
2023-06-23,Clothing,270,465,41.79,
2023-06-24,Clothing,273,743,38.07,
2023-06-25,Clothing,284,554,41.32,
2023-06-26,Clothing,364,614,40.1,
2023-06-27,Clothing,363,588,40.91,
2023-06-28,Clothing,402,780,38.84,
2023-06-29,Clothing,379,992,41.59,
2023-06-30,Clothing,283,811,39.09,
2023-07-01,Clothing,270,630,39.5,
2023-07-02,Clothing,284,712,40.31,
2023-07-03,Clothing,298,794,41.11,
2023-07-04,Clothing,357,580,38.56,
2023-07-05,Clothing,356,736,38.88,
2023-07-06,Clothing,356,891,39.2,
2023-07-07,Clothing,270,807,38.0,
2023-07-08,Clothing,270,723,38.83,
2023-07-09,Clothing,270,640,39.66,
2023-07-10,Clothing,322,774,39.42,
2023-07-11,Clothing,374,909,39.17,
2023-07-12,Clothing,367,629,39.09,
2023-07-13,Clothing,330,865,38.74,
2023-07-14,Clothing,236,366,39.15,
2023-07-15,Clothing,272,457,40.35,
2023-07-16,Clothing,284,606,41.55,
2023-07-17,Clothing,273,706,39.72,
2023-07-18,Clothing,314,506,41.56,
2023-07-19,Clothing,361,1079,41.44,
2023-07-20,Clothing,315,932,38.23,
2023-07-21,Clothing,276,572,41.7,
2023-07-22,Clothing,265,784,41.51,
2023-07-23,Clothing,226,554,41.85,
2023-07-24,Clothing,259,607,41.8,
2023-07-25,Clothing,344,673,38.96,
2023-07-26,Clothing,334,561,39.61,
2023-07-27,Clothing,312,713,40.04,
2023-07-28,Clothing,241,388,41.04,
2023-07-29,Clothing,264,567,38.2,
2023-07-30,Clothing,286,474,38.25,
2023-07-31,Clothing,258,640,38.3,
2023-08-01,Clothing,315,570,39.36,
2023-08-02,Clothing,329,893,40.42,
2023-08-03,Clothing,283,737,39.86,
2023-08-04,Clothing,237,582,39.29,
2023-08-05,Clothing,214,426,41.19,
2023-08-06,Clothing,262,732,41.66,
2023-08-07,Clothing,271,766,38.12,
2023-08-08,Clothing,276,779,40.91,
2023-08-09,Clothing,282,622,41.04,
2023-08-10,Clothing,288,466,41.16,
2023-08-11,Clothing,331,726,39.46,
2023-08-12,Clothing,292,669,39.03,
2023-08-13,Clothing,254,612,38.6,
2023-08-14,Clothing,249,460,41.06,
2023-08-15,Clothing,287,519,40.45,
2023-08-16,Clothing,299,597,41.08,
2023-08-17,Clothing,275,555,39.69,
2023-08-18,Clothing,226,631,39.1,
2023-08-19,Clothing,193,313,40.89,
2023-08-20,Clothing,259,401,38.45,
2023-08-21,Clothing,225,514,41.8,
2023-08-22,Clothing,301,726,41.06,
2023-08-23,Clothing,295,653,39.33,
2023-08-24,Clothing,273,510,41.29,
2023-08-25,Clothing,201,493,38.38,
2023-08-26,Clothing,234,484,41.78,
2023-08-27,Clothing,207,539,41.77,
2023-08-28,Clothing,232,389,41.1,
2023-08-29,Clothing,254,623,39.89,
2023-08-30,Clothing,278,635,38.9,
2023-08-31,Clothing,291,685,40.32,
2023-09-01,Clothing,253,620,40.1,
2023-09-02,Clothing,215,556,39.87,
2023-09-03,Clothing,239,498,40.17,
2023-09-04,Clothing,263,441,40.48,
2023-09-05,Clothing,287,848,40.02,
2023-09-06,Clothing,261,704,40.53,
2023-09-07,Clothing,234,561,41.05,
2023-09-08,Clothing,208,417,41.56,
2023-09-09,Clothing,206,504,41.43,
2023-09-10,Clothing,206,471,41.08,
2023-09-11,Clothing,215,536,38.41,
2023-09-12,Clothing,272,595,41.95,
2023-09-13,Clothing,288,546,40.85,
2023-09-14,Clothing,245,498,41.82,
2023-09-15,Clothing,197,455,40.69,
2023-09-16,Clothing,195,319,39.02,
2023-09-17,Clothing,204,444,38.46,
2023-09-18,Clothing,211,486,38.18,
2023-09-19,Clothing,233,560,39.1,
2023-09-20,Clothing,281,635,41.89,
2023-09-21,Clothing,252,733,40.57,
2023-09-22,Clothing,186,380,39.84,
2023-09-23,Clothing,186,540,39.42,
2023-09-24,Clothing,215,541,41.66,
2023-09-25,Clothing,229,668,40.87,
2023-09-26,Clothing,271,693,39.97,
2023-09-27,Clothing,273,658,41.83,
2023-09-28,Clothing,239,427,40.42,
2023-09-29,Clothing,194,474,41.87,
2023-09-30,Clothing,226,441,40.34,
2023-10-01,Clothing,258,408,38.81,
2023-10-02,Clothing,290,673,40.4,
2023-10-03,Clothing,258,469,40.13,
2023-10-04,Clothing,272,476,39.96,
2023-10-05,Clothing,242,442,39.5,
2023-10-06,Clothing,194,409,41.84,
2023-10-07,Clothing,248,644,40.78,
2023-10-08,Clothing,216,570,38.34,
2023-10-09,Clothing,233,365,38.72,
2023-10-10,Clothing,273,414,38.23,
2023-10-11,Clothing,299,512,41.98,
2023-10-12,Clothing,312,742,41.04,
2023-10-13,Clothing,187,295,39.7,
2023-10-14,Clothing,185,323,38.96,
2023-10-15,Clothing,224,351,39.9,
2023-10-16,Clothing,263,379,40.84,
2023-10-17,Clothing,302,880,41.57,
2023-10-18,Clothing,305,671,40.58,
2023-10-19,Clothing,279,441,39.85,
2023-10-20,Clothing,189,310,39.53,
2023-10-21,Clothing,219,655,38.2,
2023-10-22,Clothing,226,505,41.58,
2023-10-23,Clothing,233,512,41.93,
2023-10-24,Clothing,277,519,38.36,
2023-10-25,Clothing,278,455,40.6,
2023-10-26,Clothing,237,391,41.72,
2023-10-27,Clothing,216,524,39.92,
2023-10-28,Clothing,229,565,41.91,
2023-10-29,Clothing,223,606,39.61,
2023-10-30,Clothing,240,427,40.55,
2023-10-31,Clothing,283,625,41.04,
2023-11-01,Clothing,310,590,40.96,
2023-11-02,Clothing,338,554,40.89,
2023-11-03,Clothing,335,890,40.61,
2023-11-04,Clothing,338,722,39.63,
2023-11-05,Clothing,341,554,38.65,
2023-11-06,Clothing,320,699,41.63,
2023-11-07,Clothing,353,865,40.57,
2023-11-08,Clothing,386,984,39.94,
2023-11-09,Clothing,419,1104,39.3,
2023-11-10,Clothing,282,595,41.48,
2023-11-11,Clothing,340,618,41.8,
2023-11-12,Clothing,325,495,41.97,
2023-11-13,Clothing,374,818,39.58,
2023-11-14,Clothing,422,1159,41.52,
2023-11-15,Clothing,488,1370,41.79,
2023-11-16,Clothing,90,255,38.65,drop
2023-11-17,Clothing,312,744,41.3,
2023-11-18,Clothing,333,732,40.69,
2023-11-19,Clothing,354,824,38.25,
2023-11-20,Clothing,346,546,39.07,
2023-11-21,Clothing,417,733,41.77,
2023-11-22,Clothing,391,714,38.68,
2023-11-23,Clothing,422,974,39.11,
2023-11-24,Clothing,336,648,40.07,
2023-11-25,Clothing,361,637,38.71,
2023-11-26,Clothing,335,796,40.55,
2023-11-27,Clothing,367,626,41.79,
2023-11-28,Clothing,448,1271,38.64,
2023-11-29,Clothing,528,1145,40.88,
2023-11-30,Clothing,404,907,38.06,
2023-12-01,Clothing,372,1066,39.61,
2023-12-02,Clothing,366,634,40.15,
2023-12-03,Clothing,350,736,39.69,
2023-12-04,Clothing,380,722,39.37,
2023-12-05,Clothing,410,708,39.06,
2023-12-06,Clothing,433,1062,41.4,
2023-12-07,Clothing,384,885,41.25,
2023-12-08,Clothing,335,708,41.1,
2023-12-09,Clothing,365,865,38.96,
2023-12-10,Clothing,392,826,40.42,
2023-12-11,Clothing,420,786,41.89,
2023-12-12,Clothing,481,1140,38.71,
2023-12-13,Clothing,536,899,38.6,
2023-12-14,Clothing,388,667,38.43,
2023-12-15,Clothing,372,622,39.08,
2023-12-16,Clothing,355,578,39.74,
2023-12-17,Clothing,378,809,41.95,
2023-12-18,Clothing,445,822,41.23,
2023-12-19,Clothing,31,60,39.48,drop
2023-12-20,Clothing,517,950,39.12,
2023-12-21,Clothing,481,1050,41.84,
2023-12-22,Clothing,354,820,38.52,
2023-12-23,Clothing,391,591,38.25,
2023-12-24,Clothing,429,812,38.35,
2023-12-25,Clothing,467,1032,38.45,
2023-12-26,Clothing,438,1040,41.18,
2023-12-27,Clothing,532,1049,41.67,
2023-12-28,Clothing,465,896,39.21,
2023-12-29,Clothing,398,672,41.55,
2023-12-30,Clothing,391,147,39.53,drop
2023-12-31,Clothing,384,1033,40.89,
2024-01-01,Clothing,321,482,38.7,
2024-01-02,Clothing,396,829,38.0,
2024-01-03,Clothing,386,1105,39.83,
2024-01-04,Clothing,400,1192,41.07,
2024-01-05,Clothing,293,778,41.6,
2024-01-06,Clothing,310,752,40.53,
2024-01-07,Clothing,326,725,39.47,
2024-01-08,Clothing,331,762,39.38,
2024-01-09,Clothing,336,798,39.28,
2024-01-10,Clothing,342,835,39.19,
2024-01-11,Clothing,370,594,40.25,
2024-01-12,Clothing,318,508,40.8,
2024-01-13,Clothing,330,536,41.18,
2024-01-14,Clothing,342,563,41.55,
2024-01-15,Clothing,354,670,41.59,
2024-01-16,Clothing,452,883,41.4,
2024-01-17,Clothing,413,864,38.88,
2024-01-18,Clothing,381,605,38.9,
2024-01-19,Clothing,338,803,41.07,
2024-01-20,Clothing,337,665,38.15,
2024-01-21,Clothing,339,561,38.49,
2024-01-22,Clothing,343,841,38.83,
2024-01-23,Clothing,404,665,38.81,
2024-01-24,Clothing,413,1101,41.83,
2024-01-25,Clothing,375,994,38.66,
2024-01-26,Clothing,337,967,40.99,
2024-01-27,Clothing,351,791,38.43,
2024-01-28,Clothing,341,514,41.12,
2024-01-29,Clothing,387,751,41.1,
2024-01-30,Clothing,433,988,41.07,
2024-01-31,Clothing,424,981,41.64,
2024-02-01,Clothing,382,975,40.42,
2024-02-02,Clothing,340,968,39.2,
2024-02-03,Clothing,329,926,39.61,
2024-02-04,Clothing,392,885,41.55,
2024-02-05,Clothing,422,1026,39.71,
2024-02-06,Clothing,420,677,38.54,
2024-02-07,Clothing,441,955,39.06,
2024-02-08,Clothing,405,1087,39.97,
2024-02-09,Clothing,373,1019,40.24,
2024-02-10,Clothing,341,951,40.5,
2024-02-11,Clothing,356,585,40.86,
2024-02-12,Clothing,396,943,40.93,
2024-02-13,Clothing,469,772,38.96,
2024-02-14,Clothing,481,917,38.32,
2024-02-15,Clothing,405,898,38.92,
2024-02-16,Clothing,329,878,39.51,
2024-02-17,Clothing,349,859,39.31,
2024-02-18,Clothing,370,1159,39.54,
2024-02-19,Clothing,390,595,38.55,
2024-02-20,Clothing,451,766,38.8,
2024-02-21,Clothing,512,936,39.05,
2024-02-22,Clothing,465,1370,39.23,
2024-02-23,Clothing,342,652,38.83,
2024-02-24,Clothing,373,1033,41.26,
2024-02-25,Clothing,409,836,39.54,
2024-02-26,Clothing,380,639,38.78,
2024-02-27,Clothing,395,823,38.98,
2024-02-28,Clothing,411,1007,39.18,
2024-02-29,Clothing,426,847,41.27,
2024-03-01,Clothing,344,775,38.48,
2024-03-02,Clothing,323,659,38.49,
2024-03-03,Clothing,420,793,41.37,
2024-03-04,Clothing,538,1251,40.2,
2024-03-05,Clothing,502,1324,38.71,
2024-03-06,Clothing,369,609,39.23,
2024-03-07,Clothing,440,1198,40.47,
2024-03-08,Clothing,354,1045,39.07,
2024-03-09,Clothing,372,2755,38.09,
2024-03-10,Clothing,2007,4465,38.16,spike
2024-03-11,Clothing,434,1143,40.12,
2024-03-12,Clothing,519,995,38.72,
2024-03-13,Clothing,510,1466,38.78,
2024-03-14,Clothing,462,1298,41.08,
2024-03-15,Clothing,397,982,41.41,
2024-03-16,Clothing,380,1009,40.8,
2024-03-17,Clothing,362,1036,40.18,
2024-03-18,Clothing,413,861,38.74,
2024-03-19,Clothing,517,1533,38.67,
2024-03-20,Clothing,478,1164,38.61,
2024-03-21,Clothing,439,737,38.22,
2024-03-22,Clothing,387,759,39.4,
2024-03-23,Clothing,380,891,38.51,
2024-03-24,Clothing,376,826,39.59,
2024-03-25,Clothing,455,1146,40.17,
2024-03-26,Clothing,534,1120,40.38,
2024-03-27,Clothing,542,1093,40.17,
2024-03-28,Clothing,508,1225,39.34,
2024-03-29,Clothing,446,1017,40.13,
2024-03-30,Clothing,384,809,40.91,
2024-03-31,Clothing,381,599,41.7,
2024-04-01,Clothing,436,804,40.58,
2024-04-02,Clothing,492,1008,39.45,
2024-04-03,Clothing,461,880,39.67,
2024-04-04,Clothing,430,752,39.88,
2024-04-05,Clothing,367,921,38.73,
2024-04-06,Clothing,384,718,39.61,
2024-04-07,Clothing,396,687,40.18,
2024-04-08,Clothing,413,975,39.47,
2024-04-09,Clothing,562,1239,39.09,
2024-04-10,Clothing,499,820,40.44,
2024-04-11,Clothing,436,886,39.51,
2024-04-12,Clothing,381,992,39.43,
2024-04-13,Clothing,399,1085,41.04,
2024-04-14,Clothing,397,1036,40.36,
2024-04-15,Clothing,436,988,39.65,
2024-04-16,Clothing,481,1311,41.1,
2024-04-17,Clothing,457,913,39.46,
2024-04-18,Clothing,435,831,39.91,
2024-04-19,Clothing,415,1237,40.89,
2024-04-20,Clothing,388,632,41.42,
2024-04-21,Clothing,361,821,38.2,
2024-04-22,Clothing,404,1197,40.76,
2024-04-23,Clothing,478,1408,39.61,
2024-04-24,Clothing,552,1619,38.46,
2024-04-25,Clothing,466,809,41.14,
2024-04-26,Clothing,352,680,40.18,
2024-04-27,Clothing,347,669,41.12,
2024-04-28,Clothing,420,883,40.86,
2024-04-29,Clothing,404,1210,40.98,
2024-04-30,Clothing,491,805,38.52,
2024-05-01,Clothing,550,1436,41.56,
2024-05-02,Clothing,510,1202,40.23,
2024-05-03,Clothing,471,969,38.9,
2024-05-04,Clothing,432,804,39.47,
2024-05-05,Clothing,392,638,40.03,
2024-05-06,Clothing,389,829,38.95,
2024-05-07,Clothing,388,842,40.86,
2024-05-08,Clothing,378,820,40.42,
2024-05-09,Clothing,368,797,39.98,
2024-05-10,Clothing,358,774,39.54,
2024-05-11,Clothing,372,877,41.52,
2024-05-12,Clothing,360,767,39.52,
2024-05-13,Clothing,413,1142,41.76,
2024-05-14,Clothing,454,1128,41.36,
2024-05-15,Clothing,495,1114,40.95,
2024-05-16,Clothing,397,1127,39.35,
2024-05-17,Clothing,314,784,38.63,
2024-05-18,Clothing,358,973,38.88,
2024-05-19,Clothing,343,614,40.69,
2024-05-20,Clothing,397,728,38.04,
2024-05-21,Clothing,438,843,41.32,
2024-05-22,Clothing,438,1254,39.52,
2024-05-23,Clothing,402,1072,41.57,
2024-05-24,Clothing,331,675,38.34,
2024-05-25,Clothing,364,606,41.78,
2024-05-26,Clothing,340,847,40.39,
2024-05-27,Clothing,388,620,39.51,
2024-05-28,Clothing,447,909,41.04,
2024-05-29,Clothing,468,1340,40.38,
2024-05-30,Clothing,416,908,38.12,
2024-05-31,Clothing,351,592,40.7,
2024-06-01,Clothing,303,813,39.33,
2024-06-02,Clothing,350,806,38.78,
2024-06-03,Clothing,399,799,39.3,
2024-06-04,Clothing,448,792,39.83,
2024-06-05,Clothing,470,823,38.55,
2024-06-06,Clothing,407,1077,40.3,
2024-06-07,Clothing,300,612,39.42,
2024-06-08,Clothing,358,648,41.28,
2024-06-09,Clothing,386,1009,39.28,
2024-06-10,Clothing,359,1019,39.3,
2024-06-11,Clothing,416,629,40.39,
2024-06-12,Clothing,401,643,39.85,
2024-06-13,Clothing,386,657,39.31,
2024-06-14,Clothing,339,803,39.82,
2024-06-15,Clothing,330,632,41.03,
2024-06-16,Clothing,290,771,41.39,
2024-06-17,Clothing,357,774,39.11,
2024-06-18,Clothing,431,775,38.34,
2024-06-19,Clothing,445,877,38.31,
2024-06-20,Clothing,403,981,39.68,
2024-06-21,Clothing,302,516,40.05,
2024-06-22,Clothing,299,564,39.53,
2024-06-23,Clothing,361,775,40.99,
2024-06-24,Clothing,338,991,40.09,
2024-06-25,Clothing,380,774,39.19,
2024-06-26,Clothing,433,683,40.65,
2024-06-27,Clothing,363,591,40.64,
2024-06-28,Clothing,313,500,40.53,
2024-06-29,Clothing,298,792,40.39,
2024-06-30,Clothing,309,754,38.24,
2024-07-01,Clothing,303,610,40.96,
2024-07-02,Clothing,345,712,39.78,
2024-07-03,Clothing,387,813,38.61,
2024-07-04,Clothing,386,642,40.28,
2024-07-05,Clothing,384,716,40.67,
2024-07-06,Clothing,383,791,41.05,
2024-07-07,Clothing,382,865,41.44,
2024-07-08,Clothing,380,887,40.99,
2024-07-09,Clothing,379,909,40.54,
2024-07-10,Clothing,323,594,40.86,
2024-07-11,Clothing,288,652,40.15,
2024-07-12,Clothing,252,711,39.44,
2024-07-13,Clothing,287,751,41.02,
2024-07-14,Clothing,307,845,38.12,
2024-07-15,Clothing,315,907,41.8,
2024-07-16,Clothing,334,832,41.11,
2024-07-17,Clothing,317,816,40.43,
2024-07-18,Clothing,300,509,40.4,
2024-07-19,Clothing,260,394,38.25,
2024-07-20,Clothing,243,423,40.14,
2024-07-21,Clothing,280,729,39.76,
2024-07-22,Clothing,270,737,39.3,
2024-07-23,Clothing,337,790,40.24,
2024-07-24,Clothing,404,843,41.18,
2024-07-25,Clothing,334,720,38.38,
2024-07-26,Clothing,263,774,38.88,
2024-07-27,Clothing,272,731,38.95,
2024-07-28,Clothing,254,802,39.15,
2024-07-29,Clothing,305,873,39.34,
2024-07-30,Clothing,330,584,41.04,
2024-07-31,Clothing,355,837,39.09,
2024-08-01,Clothing,320,736,40.94,
2024-08-02,Clothing,230,412,38.8,
2024-08-03,Clothing,242,625,40.86,
2024-08-04,Clothing,249,643,39.54,
2024-08-05,Clothing,388,1071,38.38,
2024-08-06,Clothing,333,910,38.48,
2024-08-07,Clothing,330,808,40.11,
2024-08-08,Clothing,293,699,41.8,
2024-08-09,Clothing,277,538,40.38,
2024-08-10,Clothing,262,378,38.95,
2024-08-11,Clothing,246,520,39.25,
2024-08-12,Clothing,283,682,39.56,
2024-08-13,Clothing,320,844,39.86,
2024-08-14,Clothing,308,882,39.3,
2024-08-15,Clothing,318,641,40.61,
2024-08-16,Clothing,236,658,39.26,
2024-08-17,Clothing,233,363,38.44,
2024-08-18,Clothing,244,544,40.15,
2024-08-19,Clothing,279,801,39.52,
2024-08-20,Clothing,334,991,38.66,
2024-08-21,Clothing,343,778,39.35,
2024-08-22,Clothing,265,399,40.05,
2024-08-23,Clothing,209,597,41.15,
2024-08-24,Clothing,1026,2069,41.06,spike
2024-08-25,Clothing,222,606,38.3,
2024-08-26,Clothing,235,677,40.72,
2024-08-27,Clothing,259,448,39.11,
2024-08-28,Clothing,260,446,38.7,
2024-08-29,Clothing,261,443,38.3,
2024-08-30,Clothing,210,364,38.96,
2024-08-31,Clothing,240,703,40.81,
2024-09-01,Clothing,303,625,39.82,
2024-09-02,Clothing,318,641,38.99,
2024-09-03,Clothing,319,492,38.46,
2024-09-04,Clothing,289,708,39.76,
2024-09-05,Clothing,326,1199,38.75,
2024-09-06,Clothing,204,439,38.69,
2024-09-07,Clothing,225,356,39.19,
2024-09-08,Clothing,225,624,40.3,
2024-09-09,Clothing,241,423,39.86,
2024-09-10,Clothing,251,442,38.91,
2024-09-11,Clothing,262,564,40.26,
2024-09-12,Clothing,272,687,41.62,
2024-09-13,Clothing,173,500,41.45,
2024-09-14,Clothing,219,378,41.98,
2024-09-15,Clothing,221,352,40.3,
2024-09-16,Clothing,227,561,39.43,
2024-09-17,Clothing,270,730,40.68,
2024-09-18,Clothing,267,587,40.97,
2024-09-19,Clothing,246,643,38.04,
2024-09-20,Clothing,217,641,39.7,
2024-09-21,Clothing,212,621,38.98,
2024-09-22,Clothing,223,601,38.81,
2024-09-23,Clothing,215,415,40.99,
2024-09-24,Clothing,271,647,40.68,
2024-09-25,Clothing,252,596,40.16,
2024-09-26,Clothing,234,544,39.63,
2024-09-27,Clothing,191,452,40.68,
2024-09-28,Clothing,175,303,39.79,
2024-09-29,Clothing,216,504,40.74,
2024-09-30,Clothing,239,557,40.73,
2024-10-01,Clothing,266,694,40.02,
2024-10-02,Clothing,292,831,39.31,
2024-10-03,Clothing,246,644,39.66,
2024-10-04,Clothing,200,456,40.0,
2024-10-05,Clothing,207,616,39.76,
2024-10-06,Clothing,219,523,40.44,
2024-10-07,Clothing,248,504,40.33,
2024-10-08,Clothing,278,485,40.21,
2024-10-09,Clothing,291,782,39.0,
2024-10-10,Clothing,263,559,40.42,
2024-10-11,Clothing,216,336,40.69,
2024-10-12,Clothing,188,547,39.99,
2024-10-13,Clothing,241,506,41.5,
2024-10-14,Clothing,261,525,40.53,
2024-10-15,Clothing,281,544,39.57,
2024-10-16,Clothing,265,670,39.84,
2024-10-17,Clothing,249,795,40.1,
2024-10-18,Clothing,233,658,41.2,
2024-10-19,Clothing,224,520,40.63,
2024-10-20,Clothing,226,367,41.9,
2024-10-21,Clothing,229,545,41.46,
2024-10-22,Clothing,296,826,40.02,
2024-10-23,Clothing,323,770,39.63,
2024-10-24,Clothing,240,380,39.25,
2024-10-25,Clothing,203,440,38.86,
2024-10-26,Clothing,219,499,40.72,
2024-10-27,Clothing,223,629,38.54,
2024-10-28,Clothing,202,314,39.63,
2024-10-29,Clothing,296,774,40.01,
2024-10-30,Clothing,298,880,38.61,
2024-10-31,Clothing,277,768,39.8,
2024-11-01,Clothing,300,775,38.89,
2024-11-02,Clothing,322,816,40.24,
2024-11-03,Clothing,327,816,38.63,
2024-11-04,Clothing,414,900,39.39,
2024-11-05,Clothing,502,984,40.14,
2024-11-06,Clothing,409,955,39.6,
2024-11-07,Clothing,372,842,40.73,
2024-11-08,Clothing,349,1022,38.83,
2024-11-09,Clothing,332,888,41.53,
2024-11-10,Clothing,347,691,40.94,
2024-11-11,Clothing,407,1098,38.49,
2024-11-12,Clothing,485,1118,39.75,
2024-11-13,Clothing,441,1314,40.36,
2024-11-14,Clothing,374,1166,38.0,
2024-11-15,Clothing,306,767,41.9,
2024-11-16,Clothing,331,605,38.34,
2024-11-17,Clothing,70,205,39.11,drop
2024-11-18,Clothing,369,1060,41.45,
2024-11-19,Clothing,437,781,38.93,
2024-11-20,Clothing,471,722,41.01,
2024-11-21,Clothing,454,1042,41.96,
2024-11-22,Clothing,382,608,41.54,
2024-11-23,Clothing,309,609,41.05,
2024-11-24,Clothing,371,946,39.96,
2024-11-25,Clothing,409,1157,38.56,
2024-11-26,Clothing,447,744,40.83,
2024-11-27,Clothing,501,1452,39.67,
2024-11-28,Clothing,452,699,41.23,
2024-11-29,Clothing,398,1039,41.77,
2024-11-30,Clothing,343,579,41.06,
2024-12-01,Clothing,367,725,39.89,
2024-12-02,Clothing,391,871,38.73,
2024-12-03,Clothing,448,911,39.5,
2024-12-04,Clothing,504,951,40.28,
2024-12-05,Clothing,427,897,39.48,
2024-12-06,Clothing,420,947,39.16,
2024-12-07,Clothing,385,956,38.8,
2024-12-08,Clothing,290,668,41.36,
2024-12-09,Clothing,372,593,40.53,
2024-12-10,Clothing,506,1055,39.7,
2024-12-11,Clothing,569,1537,38.33,
2024-12-12,Clothing,441,806,38.05,
2024-12-13,Clothing,383,874,39.43,
2024-12-14,Clothing,388,942,38.79,
2024-12-15,Clothing,406,1053,40.11,
2024-12-16,Clothing,468,1372,39.24,
2024-12-17,Clothing,505,1083,38.37,
2024-12-18,Clothing,542,1065,38.94,
2024-12-19,Clothing,539,928,41.47,
2024-12-20,Clothing,394,607,39.28,
2024-12-21,Clothing,407,988,38.15,
2024-12-22,Clothing,431,1269,38.51,
2024-12-23,Clothing,455,704,41.25,
2024-12-24,Clothing,489,1039,39.59,
2024-12-25,Clothing,558,1207,38.81,
2024-12-26,Clothing,472,1125,38.45,
2024-12-27,Clothing,397,817,41.39,
2024-12-28,Clothing,399,724,39.76,
2024-12-29,Clothing,436,882,41.13,
2024-12-30,Clothing,458,912,38.64,
2024-12-31,Clothing,547,1253,39.98,
2025-01-01,Clothing,368,684,39.65,
2025-01-02,Clothing,369,722,40.02,
2025-01-03,Clothing,317,753,39.24,
2025-01-04,Clothing,321,624,40.98,
2025-01-05,Clothing,334,726,40.92,
2025-01-06,Clothing,348,828,40.86,
2025-01-07,Clothing,416,1050,38.91,
2025-01-08,Clothing,481,846,40.65,
2025-01-09,Clothing,401,946,38.97,
2025-01-10,Clothing,382,510,38.82,
2025-01-11,Clothing,363,545,39.61,
2025-01-12,Clothing,339,677,40.42,
2025-01-13,Clothing,342,809,38.24,
2025-01-14,Clothing,408,820,38.12,
2025-01-15,Clothing,475,832,38.01,
2025-01-16,Clothing,440,702,41.68,
2025-01-17,Clothing,334,753,38.83,
2025-01-18,Clothing,336,851,41.63,
2025-01-19,Clothing,307,873,41.54,
2025-01-20,Clothing,396,1094,39.15,
2025-01-21,Clothing,455,1315,39.26,
2025-01-22,Clothing,449,1198,39.38,
2025-01-23,Clothing,466,1081,38.47,
2025-01-24,Clothing,319,675,38.97,
2025-01-25,Clothing,392,717,39.5,
2025-01-26,Clothing,386,670,41.31,
2025-01-27,Clothing,430,775,40.74,
2025-01-28,Clothing,490,1086,38.63,
2025-01-29,Clothing,476,1149,39.77,
2025-01-30,Clothing,423,1212,41.35,
2025-01-31,Clothing,306,738,38.08,
2025-02-01,Clothing,371,997,40.68,
2025-02-02,Clothing,370,761,40.24,
2025-02-03,Clothing,403,902,40.74,
2025-02-04,Clothing,401,1015,38.06,
2025-02-05,Clothing,400,956,38.81,
2025-02-06,Clothing,398,896,39.55,
2025-02-07,Clothing,396,837,40.3,
2025-02-08,Clothing,395,777,41.04,
2025-02-09,Clothing,393,718,41.79,
2025-02-10,Clothing,422,806,40.7,
2025-02-11,Clothing,452,893,39.62,
2025-02-12,Clothing,424,964,39.23,
2025-02-13,Clothing,397,1034,38.84,
2025-02-14,Clothing,369,1105,38.45,
2025-02-15,Clothing,379,850,40.66,
2025-02-16,Clothing,422,890,41.72,
2025-02-17,Clothing,422,1010,40.31,
2025-02-18,Clothing,469,951,39.64,
2025-02-19,Clothing,560,942,40.19,
2025-02-20,Clothing,470,1316,40.76,
2025-02-21,Clothing,425,828,40.98,
2025-02-22,Clothing,343,573,38.91,
2025-02-23,Clothing,427,1243,38.98,
2025-02-24,Clothing,371,734,40.33,
2025-02-25,Clothing,446,1060,39.38,
2025-02-26,Clothing,522,1387,38.44,
2025-02-27,Clothing,454,1217,39.28,
2025-02-28,Clothing,387,1047,40.12,
2025-03-01,Clothing,391,1099,40.27,
2025-03-02,Clothing,439,1253,40.19,
2025-03-03,Clothing,481,1268,41.54,
2025-03-04,Clothing,489,817,40.05,
2025-03-05,Clothing,445,1180,38.56,
2025-03-06,Clothing,401,1002,40.01,
2025-03-07,Clothing,357,823,41.46,
2025-03-08,Clothing,368,576,39.65,
2025-03-09,Clothing,392,692,41.17,
2025-03-10,Clothing,460,912,40.38,
2025-03-11,Clothing,528,1132,39.59,
2025-03-12,Clothing,549,1389,38.82,
2025-03-13,Clothing,449,1298,40.18,
2025-03-14,Clothing,344,1028,41.54,
2025-03-15,Clothing,376,803,38.04,
2025-03-16,Clothing,415,716,39.11,
2025-03-17,Clothing,438,1220,39.1,
2025-03-18,Clothing,500,1246,39.34,
2025-03-19,Clothing,563,1271,39.58,
2025-03-20,Clothing,518,868,41.85,
2025-03-21,Clothing,402,738,39.17,
2025-03-22,Clothing,423,828,40.33,
2025-03-23,Clothing,410,634,41.41,
2025-03-24,Clothing,476,881,38.39,
2025-03-25,Clothing,547,1363,38.84,
2025-03-26,Clothing,543,1395,39.29,
2025-03-27,Clothing,539,1533,40.31,
2025-03-28,Clothing,369,776,38.22,
2025-03-29,Clothing,407,767,39.61,
2025-03-30,Clothing,376,810,40.31,
2025-03-31,Clothing,439,1020,39.42,
2025-04-01,Clothing,505,906,39.43,
2025-04-02,Clothing,509,1168,39.06,
2025-04-03,Clothing,513,1430,38.69,
2025-04-04,Clothing,478,1340,39.4,
2025-04-05,Clothing,442,1251,40.11,
2025-04-06,Clothing,387,865,39.02,
2025-04-07,Clothing,470,933,39.2,
2025-04-08,Clothing,474,955,39.97,
2025-04-09,Clothing,477,978,40.73,
2025-04-10,Clothing,481,1000,41.5,
2025-04-11,Clothing,406,808,38.49,
2025-04-12,Clothing,422,973,38.01,
2025-04-13,Clothing,424,810,40.93,
2025-04-14,Clothing,426,910,38.57,
2025-04-15,Clothing,541,1011,39.48,
2025-04-16,Clothing,620,1714,41.58,
2025-04-17,Clothing,481,1345,41.73,
2025-04-18,Clothing,394,977,41.5,
2025-04-19,Clothing,353,608,38.75,
2025-04-20,Clothing,428,1077,40.38,
2025-04-21,Clothing,477,1173,40.11,
2025-04-22,Clothing,623,964,39.23,
2025-04-23,Clothing,526,1213,40.99,
2025-04-24,Clothing,434,1106,41.36,
2025-04-25,Clothing,343,1000,41.73,
2025-04-26,Clothing,387,1159,41.62,
2025-04-27,Clothing,416,636,40.63,
2025-04-28,Clothing,418,1026,38.51,
2025-04-29,Clothing,488,1185,40.96,
2025-04-30,Clothing,561,1555,38.96,
2025-05-01,Clothing,378,778,41.36,
2025-05-02,Clothing,440,837,40.78,
2025-05-03,Clothing,363,770,39.32,
2025-05-04,Clothing,405,658,38.23,
2025-05-05,Clothing,387,915,39.07,
2025-05-06,Clothing,598,1744,40.27,
2025-05-07,Clothing,546,1540,41.31,
2025-05-08,Clothing,452,1058,40.8,
2025-05-09,Clothing,357,576,40.28,
2025-05-10,Clothing,362,668,40.18,
2025-05-11,Clothing,366,759,40.08,
2025-05-12,Clothing,460,853,39.8,
2025-05-13,Clothing,553,947,39.51,
2025-05-14,Clothing,524,1225,40.01,
2025-05-15,Clothing,461,841,40.66,
2025-05-16,Clothing,359,994,41.32,
2025-05-17,Clothing,408,1122,41.3,
2025-05-18,Clothing,430,746,38.38,
2025-05-19,Clothing,452,699,38.9,
2025-05-20,Clothing,437,721,38.78,
2025-05-21,Clothing,458,742,40.06,
2025-05-22,Clothing,480,764,41.35,
2025-05-23,Clothing,403,1122,38.13,
2025-05-24,Clothing,393,866,40.2,
2025-05-25,Clothing,395,1073,40.5,
2025-05-26,Clothing,414,1099,39.3,
2025-05-27,Clothing,456,1125,39.47,
2025-05-28,Clothing,497,1151,39.64,
2025-05-29,Clothing,446,1177,39.81,
2025-05-30,Clothing,345,733,41.43,
2025-05-31,Clothing,354,896,40.55,
2025-06-01,Clothing,372,660,41.32,
2025-06-02,Clothing,418,1062,39.11,
2025-06-03,Clothing,467,876,40.72,
2025-06-04,Clothing,462,1207,40.42,
2025-06-05,Clothing,414,670,39.68,
2025-06-06,Clothing,373,1001,39.03,
2025-06-07,Clothing,318,946,39.56,
2025-06-08,Clothing,346,979,38.4,
2025-06-09,Clothing,412,1011,38.54,
2025-06-10,Clothing,478,1044,38.68,
2025-06-11,Clothing,459,868,38.97,
2025-06-12,Clothing,398,726,39.25,
2025-06-13,Clothing,336,584,39.54,
2025-06-14,Clothing,349,726,40.56,
2025-06-15,Clothing,344,867,40.69,
2025-06-16,Clothing,364,708,40.82,
2025-06-17,Clothing,427,1075,40.95,
2025-06-18,Clothing,519,936,40.83,
2025-06-19,Clothing,461,893,40.8,
2025-06-20,Clothing,403,970,39.49,
2025-06-21,Clothing,345,1020,41.6,
2025-06-22,Clothing,338,697,40.91,
2025-06-23,Clothing,331,529,39.47,
2025-06-24,Clothing,404,901,40.79,
2025-06-25,Clothing,475,1251,40.37,
2025-06-26,Clothing,381,989,40.5,
2025-06-27,Clothing,287,693,38.2,
2025-06-28,Clothing,321,943,39.88,
2025-06-29,Clothing,1264,3134,38.44,spike
2025-06-30,Clothing,364,1030,38.53,
2023-01-02,Electronics,219,549,255.04,
2023-01-03,Electronics,50,127,250.91,drop
2023-01-04,Electronics,270,669,248.44,
2023-01-05,Electronics,237,586,248.68,
2023-01-06,Electronics,204,503,248.92,
2023-01-07,Electronics,215,529,250.22,
2023-01-08,Electronics,226,554,251.53,
2023-01-09,Electronics,241,522,254.38,
2023-01-10,Electronics,266,617,259.92,
2023-01-11,Electronics,245,585,260.48,
2023-01-12,Electronics,225,553,252.44,
2023-01-13,Electronics,204,521,244.4,
2023-01-14,Electronics,232,392,259.2,
2023-01-15,Electronics,232,593,248.84,
2023-01-16,Electronics,251,416,241.51,
2023-01-17,Electronics,284,487,242.26,
2023-01-18,Electronics,292,862,245.95,
2023-01-19,Electronics,271,547,252.18,
2023-01-20,Electronics,199,570,261.09,
2023-01-21,Electronics,203,596,238.31,
2023-01-22,Electronics,241,631,249.4,
2023-01-23,Electronics,219,555,249.35,
2023-01-24,Electronics,303,496,250.75,
2023-01-25,Electronics,326,527,245.32,
2023-01-26,Electronics,315,544,239.2,
2023-01-27,Electronics,204,566,261.6,
2023-01-28,Electronics,251,393,246.6,
2023-01-29,Electronics,246,406,255.36,
2023-01-30,Electronics,268,503,237.9,
2023-01-31,Electronics,311,722,245.52,
2023-02-01,Electronics,307,784,242.85,
2023-02-02,Electronics,270,664,242.04,
2023-02-03,Electronics,237,413,247.88,
2023-02-04,Electronics,224,580,256.59,
2023-02-05,Electronics,306,680,245.63,
2023-02-06,Electronics,273,698,254.75,
2023-02-07,Electronics,329,523,256.71,
2023-02-08,Electronics,258,607,246.92,
2023-02-09,Electronics,244,819,243.4,
2023-02-10,Electronics,252,750,244.65,
2023-02-11,Electronics,260,680,245.9,
2023-02-12,Electronics,268,610,247.14,
2023-02-13,Electronics,303,716,246.18,
2023-02-14,Electronics,339,822,245.23,
2023-02-15,Electronics,330,905,244.27,
2023-02-16,Electronics,322,558,247.23,
2023-02-17,Electronics,233,467,257.88,
2023-02-18,Electronics,258,702,252.34,
2023-02-19,Electronics,250,467,241.85,
2023-02-20,Electronics,271,562,242.13,
2023-02-21,Electronics,306,580,259.04,
2023-02-22,Electronics,299,763,244.45,
2023-02-23,Electronics,292,478,249.2,
2023-02-24,Electronics,231,639,253.95,
2023-02-25,Electronics,276,719,254.52,
2023-02-26,Electronics,276,799,258.93,
2023-02-27,Electronics,284,850,255.28,
2023-02-28,Electronics,298,750,243.99,
2023-03-01,Electronics,348,772,239.68,
2023-03-02,Electronics,302,517,261.2,
2023-03-03,Electronics,274,600,258.98,
2023-03-04,Electronics,246,682,256.76,
2023-03-05,Electronics,275,567,255.79,
2023-03-06,Electronics,303,669,254.04,
2023-03-07,Electronics,331,771,252.3,
2023-03-08,Electronics,359,873,250.55,
2023-03-09,Electronics,322,679,249.6,
2023-03-10,Electronics,306,615,246.24,
2023-03-11,Electronics,290,550,242.87,
2023-03-12,Electronics,274,486,239.51,
2023-03-13,Electronics,276,507,262.11,
2023-03-14,Electronics,353,536,239.72,
2023-03-15,Electronics,369,869,248.44,
2023-03-16,Electronics,304,704,248.69,
2023-03-17,Electronics,269,540,256.42,
2023-03-18,Electronics,259,761,250.09,
2023-03-19,Electronics,280,782,248.57,
2023-03-20,Electronics,280,620,251.52,
2023-03-21,Electronics,334,957,247.68,
2023-03-22,Electronics,369,654,257.48,
2023-03-23,Electronics,309,678,250.17,
2023-03-24,Electronics,256,703,244.07,
2023-03-25,Electronics,242,567,237.96,
2023-03-26,Electronics,293,593,257.61,
2023-03-27,Electronics,308,785,255.16,
2023-03-28,Electronics,338,802,246.18,
2023-03-29,Electronics,414,756,251.83,
2023-03-30,Electronics,355,992,242.17,
2023-03-31,Electronics,245,495,247.78,
2023-04-01,Electronics,270,627,238.15,
2023-04-02,Electronics,290,648,256.38,
2023-04-03,Electronics,309,925,249.08,
2023-04-04,Electronics,353,896,254.7,
2023-04-05,Electronics,332,951,256.83,
2023-04-06,Electronics,368,574,239.25,
2023-04-07,Electronics,286,783,243.62,
2023-04-08,Electronics,265,648,238.84,
2023-04-09,Electronics,226,573,255.65,
2023-04-10,Electronics,295,875,250.2,
2023-04-11,Electronics,332,776,248.95,
2023-04-12,Electronics,369,678,247.7,
2023-04-13,Electronics,339,745,253.64,
2023-04-14,Electronics,279,776,251.08,
2023-04-15,Electronics,261,553,242.74,
2023-04-16,Electronics,287,789,242.34,
2023-04-17,Electronics,309,535,245.99,
2023-04-18,Electronics,318,544,248.58,
2023-04-19,Electronics,328,554,240.06,
2023-04-20,Electronics,340,738,242.63,
2023-04-21,Electronics,264,450,257.64,
2023-04-22,Electronics,280,598,261.5,
2023-04-23,Electronics,268,739,238.85,
2023-04-24,Electronics,296,765,243.79,
2023-04-25,Electronics,342,761,243.97,
2023-04-26,Electronics,371,757,239.61,
2023-04-27,Electronics,317,857,248.15,
2023-04-28,Electronics,261,774,252.96,
2023-04-29,Electronics,230,478,240.9,
2023-04-30,Electronics,284,637,239.57,
2023-05-01,Electronics,284,504,245.4,
2023-05-02,Electronics,280,507,245.62,
2023-05-03,Electronics,276,511,245.83,
2023-05-04,Electronics,273,515,246.05,
2023-05-05,Electronics,269,519,246.27,
2023-05-06,Electronics,253,606,239.18,
2023-05-07,Electronics,208,499,243.63,
2023-05-08,Electronics,163,392,248.08,
2023-05-09,Electronics,118,286,252.53,drop
2023-05-10,Electronics,254,741,256.7,
2023-05-11,Electronics,307,608,261.05,
2023-05-12,Electronics,228,476,249.86,
2023-05-13,Electronics,232,685,242.53,
2023-05-14,Electronics,265,702,258.59,
2023-05-15,Electronics,278,763,261.23,
2023-05-16,Electronics,375,780,260.23,
2023-05-17,Electronics,351,889,258.16,
2023-05-18,Electronics,300,682,243.38,
2023-05-19,Electronics,251,476,258.23,
2023-05-20,Electronics,272,446,240.54,
2023-05-21,Electronics,253,416,246.68,
2023-05-22,Electronics,290,605,239.57,
2023-05-23,Electronics,345,578,260.05,
2023-05-24,Electronics,336,713,261.02,
2023-05-25,Electronics,299,723,257.04,
2023-05-26,Electronics,237,498,256.8,
2023-05-27,Electronics,257,705,245.09,
2023-05-28,Electronics,263,499,249.96,
2023-05-29,Electronics,289,796,258.33,
2023-05-30,Electronics,329,710,247.86,
2023-05-31,Electronics,332,599,261.69,
2023-06-01,Electronics,287,481,255.54,
2023-06-02,Electronics,242,363,249.4,
2023-06-03,Electronics,249,649,254.29,
2023-06-04,Electronics,226,485,238.09,
2023-06-05,Electronics,291,651,254.69,
2023-06-06,Electronics,298,839,260.25,
2023-06-07,Electronics,379,814,255.26,
2023-06-08,Electronics,244,458,244.72,
2023-06-09,Electronics,223,528,253.87,
2023-06-10,Electronics,245,509,261.21,
2023-06-11,Electronics,224,539,243.66,
2023-06-12,Electronics,276,682,258.88,
2023-06-13,Electronics,327,975,245.92,
2023-06-14,Electronics,326,800,259.59,
2023-06-15,Electronics,300,724,247.03,
2023-06-16,Electronics,239,524,248.83,
2023-06-17,Electronics,225,341,256.76,
2023-06-18,Electronics,237,666,248.51,
2023-06-19,Electronics,258,567,249.37,
2023-06-20,Electronics,278,594,246.94,
2023-06-21,Electronics,299,620,244.5,
2023-06-22,Electronics,298,451,258.8,
2023-06-23,Electronics,202,421,240.76,
2023-06-24,Electronics,217,502,254.21,
2023-06-25,Electronics,232,677,237.49,
2023-06-26,Electronics,250,516,261.59,
2023-06-27,Electronics,278,439,255.63,
2023-06-28,Electronics,289,697,252.67,
2023-06-29,Electronics,268,493,247.37,
2023-06-30,Electronics,207,547,243.68,
2023-07-01,Electronics,228,340,250.28,
2023-07-02,Electronics,249,562,238.04,
2023-07-03,Electronics,304,798,256.7,
2023-07-04,Electronics,295,810,249.13,
2023-07-05,Electronics,286,823,241.57,
2023-07-06,Electronics,269,668,243.14,
2023-07-07,Electronics,213,452,257.33,
2023-07-08,Electronics,212,595,238.25,
2023-07-09,Electronics,383,947,241.8,
2023-07-10,Electronics,554,1298,245.34,spike
2023-07-11,Electronics,274,593,260.59,
2023-07-12,Electronics,250,648,251.12,
2023-07-13,Electronics,225,533,241.11,
2023-07-14,Electronics,192,530,254.7,
2023-07-15,Electronics,194,466,245.87,
2023-07-16,Electronics,194,315,241.08,
2023-07-17,Electronics,205,390,249.53,
2023-07-18,Electronics,257,528,256.98,
2023-07-19,Electronics,288,472,257.55,
2023-07-20,Electronics,248,539,240.55,
2023-07-21,Electronics,222,585,256.12,
2023-07-22,Electronics,195,479,255.14,
2023-07-23,Electronics,180,498,259.12,
2023-07-24,Electronics,221,517,241.56,
2023-07-25,Electronics,234,571,251.14,
2023-07-26,Electronics,263,778,240.9,
2023-07-27,Electronics,227,437,240.49,
2023-07-28,Electronics,200,556,241.47,
2023-07-29,Electronics,191,496,260.26,
2023-07-30,Electronics,211,361,251.17,
2023-07-31,Electronics,204,338,237.74,
2023-08-01,Electronics,197,364,243.06,
2023-08-02,Electronics,190,391,248.37,
2023-08-03,Electronics,183,418,253.68,
2023-08-04,Electronics,176,444,259.0,
2023-08-05,Electronics,198,522,253.72,
2023-08-06,Electronics,214,528,250.98,
2023-08-07,Electronics,231,533,248.24,
2023-08-08,Electronics,247,539,245.5,
2023-08-09,Electronics,160,275,238.34,
2023-08-10,Electronics,208,375,261.03,
2023-08-11,Electronics,332,834,245.99,
2023-08-12,Electronics,234,478,248.78,
2023-08-13,Electronics,171,381,241.41,
2023-08-14,Electronics,191,565,247.42,
2023-08-15,Electronics,221,653,238.47,
2023-08-16,Electronics,231,667,244.35,
2023-08-17,Electronics,215,592,245.41,
2023-08-18,Electronics,167,500,253.3,
2023-08-19,Electronics,169,492,245.27,
2023-08-20,Electronics,189,293,258.36,
2023-08-21,Electronics,174,359,245.94,
2023-08-22,Electronics,219,557,260.31,
2023-08-23,Electronics,234,654,257.58,
2023-08-24,Electronics,217,384,246.41,
2023-08-25,Electronics,152,239,251.82,
2023-08-26,Electronics,168,273,256.19,
2023-08-27,Electronics,183,529,241.93,
2023-08-28,Electronics,178,479,261.81,
2023-08-29,Electronics,216,553,256.3,
2023-08-30,Electronics,210,467,249.59,
2023-08-31,Electronics,211,601,250.55,
2023-09-01,Electronics,135,291,245.11,
2023-09-02,Electronics,156,352,251.52,
2023-09-03,Electronics,177,414,257.92,
2023-09-04,Electronics,195,450,255.04,
2023-09-05,Electronics,213,487,252.15,
2023-09-06,Electronics,231,524,249.27,
2023-09-07,Electronics,207,560,258.53,
2023-09-08,Electronics,184,506,254.4,
2023-09-09,Electronics,160,452,250.26,
2023-09-10,Electronics,160,427,254.34,
2023-09-11,Electronics,161,402,258.41,
2023-09-12,Electronics,223,584,248.29,
2023-09-13,Electronics,200,432,246.53,
2023-09-14,Electronics,190,424,248.46,
2023-09-15,Electronics,149,349,251.46,
2023-09-16,Electronics,172,362,255.01,
2023-09-17,Electronics,161,349,253.04,
2023-09-18,Electronics,159,357,249.77,
2023-09-19,Electronics,210,468,245.76,
2023-09-20,Electronics,198,580,251.36,
2023-09-21,Electronics,197,408,250.44,
2023-09-22,Electronics,140,236,253.15,
2023-09-23,Electronics,165,447,241.26,
2023-09-24,Electronics,165,281,247.01,
2023-09-25,Electronics,176,418,250.14,
2023-09-26,Electronics,188,556,253.26,
2023-09-27,Electronics,218,541,261.69,
2023-09-28,Electronics,189,529,241.22,
2023-09-29,Electronics,146,301,261.75,
2023-09-30,Electronics,150,332,259.41,
2023-10-01,Electronics,155,362,257.08,
2023-10-02,Electronics,243,418,251.33,
2023-10-03,Electronics,214,512,247.52,
2023-10-04,Electronics,214,606,257.94,
2023-10-05,Electronics,190,474,257.98,
2023-10-06,Electronics,167,343,258.01,
2023-10-07,Electronics,166,375,255.16,
2023-10-08,Electronics,166,407,252.32,
2023-10-09,Electronics,162,489,247.84,
2023-10-10,Electronics,192,425,250.17,
2023-10-11,Electronics,259,452,259.55,
2023-10-12,Electronics,192,478,251.84,
2023-10-13,Electronics,153,395,260.8,
2023-10-14,Electronics,156,410,260.69,
2023-10-15,Electronics,164,392,251.66,
2023-10-16,Electronics,172,373,242.63,
2023-10-17,Electronics,218,631,248.82,
2023-10-18,Electronics,222,456,257.07,
2023-10-19,Electronics,200,526,253.72,
2023-10-20,Electronics,159,362,240.57,
2023-10-21,Electronics,150,441,251.92,
2023-10-22,Electronics,162,332,245.19,
2023-10-23,Electronics,192,328,249.05,
2023-10-24,Electronics,225,354,258.52,
2023-10-25,Electronics,230,621,252.87,
2023-10-26,Electronics,176,507,247.22,
2023-10-27,Electronics,164,470,257.6,
2023-10-28,Electronics,167,374,262.39,
2023-10-29,Electronics,180,523,259.25,
2023-10-30,Electronics,175,365,258.12,
2023-10-31,Electronics,223,499,246.32,
2023-11-01,Electronics,301,633,239.06,
2023-11-02,Electronics,264,659,243.8,
2023-11-03,Electronics,256,427,247.79,
2023-11-04,Electronics,294,772,254.15,
2023-11-05,Electronics,271,463,257.24,
2023-11-06,Electronics,286,724,258.1,
2023-11-07,Electronics,347,985,260.37,
2023-11-08,Electronics,166,977,244.56,
2023-11-09,Electronics,344,969,240.58,
2023-11-10,Electronics,182,385,253.13,
2023-11-11,Electronics,246,624,240.4,
2023-11-12,Electronics,249,648,250.71,
2023-11-13,Electronics,279,740,259.67,
2023-11-14,Electronics,361,872,246.02,
2023-11-15,Electronics,374,679,239.52,
2023-11-16,Electronics,317,486,260.9,
2023-11-17,Electronics,229,439,262.36,
2023-11-18,Electronics,258,634,247.56,
2023-11-19,Electronics,281,429,241.45,
2023-11-20,Electronics,286,594,241.24,
2023-11-21,Electronics,353,737,259.15,
2023-11-22,Electronics,360,852,260.65,
2023-11-23,Electronics,317,873,256.43,
2023-11-24,Electronics,273,769,239.31,
2023-11-25,Electronics,265,448,252.65,
2023-11-26,Electronics,285,519,248.56,
2023-11-27,Electronics,308,793,240.4,
2023-11-28,Electronics,332,676,243.41,
2023-11-29,Electronics,348,905,240.38,
2023-11-30,Electronics,1639,4873,241.24,spike
2023-12-01,Electronics,275,609,250.32,
2023-12-02,Electronics,310,770,253.62,
2023-12-03,Electronics,345,932,256.91,
2023-12-04,Electronics,356,964,250.92,
2023-12-05,Electronics,368,997,244.93,
2023-12-06,Electronics,406,643,241.45,
2023-12-07,Electronics,362,654,247.5,
2023-12-08,Electronics,319,665,253.56,
2023-12-09,Electronics,275,676,259.61,
2023-12-10,Electronics,298,786,255.61,
2023-12-11,Electronics,321,834,259.15,
2023-12-12,Electronics,389,1034,257.68,
2023-12-13,Electronics,386,825,243.55,
2023-12-14,Electronics,380,844,249.85,
2023-12-15,Electronics,335,706,248.26,
2023-12-16,Electronics,290,567,246.68,
2023-12-17,Electronics,303,701,258.23,
2023-12-18,Electronics,317,658,253.04,
2023-12-19,Electronics,336,682,238.61,
2023-12-20,Electronics,356,656,245.73,spike
2023-12-21,Electronics,375,630,250.72,
2023-12-22,Electronics,327,900,251.28,
2023-12-23,Electronics,305,738,259.68,
2023-12-24,Electronics,316,787,260.94,
2023-12-25,Electronics,328,836,262.19,
2023-12-26,Electronics,426,760,241.27,
2023-12-27,Electronics,415,685,251.33,
2023-12-28,Electronics,385,741,261.39,
2023-12-29,Electronics,755,516,238.97,
2023-12-30,Electronics,1125,1892,242.96,
2023-12-31,Electronics,1495,3268,246.33,spike
2024-01-01,Electronics,253,726,249.46,
2024-01-02,Electronics,272,776,246.45,
2024-01-03,Electronics,291,825,243.44,
2024-01-04,Electronics,310,875,240.43,
2024-01-05,Electronics,254,645,239.43,
2024-01-06,Electronics,225,472,241.06,
2024-01-07,Electronics,251,436,246.56,
2024-01-08,Electronics,243,388,242.15,
2024-01-09,Electronics,240,590,240.72,
2024-01-10,Electronics,236,557,247.53,
2024-01-11,Electronics,232,525,254.35,
2024-01-12,Electronics,229,492,261.16,
2024-01-13,Electronics,235,522,252.86,
2024-01-14,Electronics,242,552,244.56,
2024-01-15,Electronics,248,431,247.83,
2024-01-16,Electronics,319,540,255.56,
2024-01-17,Electronics,325,680,246.4,
2024-01-18,Electronics,305,711,260.03,
2024-01-19,Electronics,255,640,248.18,
2024-01-20,Electronics,265,594,258.11,
2024-01-21,Electronics,275,779,259.96,
2024-01-22,Electronics,281,631,252.47,
2024-01-23,Electronics,319,761,245.39,
2024-01-24,Electronics,341,811,250.76,
2024-01-25,Electronics,305,778,240.29,
2024-01-26,Electronics,255,671,260.83,
2024-01-27,Electronics,236,692,249.55,
2024-01-28,Electronics,259,495,248.37,
2024-01-29,Electronics,1044,2530,249.36,
2024-01-30,Electronics,1830,4564,250.36,spike
2024-01-31,Electronics,388,816,252.29,
2024-02-01,Electronics,310,920,244.42,
2024-02-02,Electronics,269,451,260.24,
2024-02-03,Electronics,279,745,241.07,
2024-02-04,Electronics,296,724,258.67,
2024-02-05,Electronics,313,703,255.87,
2024-02-06,Electronics,370,867,259.41,
2024-02-07,Electronics,348,764,251.49,
2024-02-08,Electronics,326,660,243.57,
2024-02-09,Electronics,240,488,257.24,
2024-02-10,Electronics,262,446,258.92,
2024-02-11,Electronics,269,608,258.98,
2024-02-12,Electronics,281,719,249.86,
2024-02-13,Electronics,60,130,253.81,drop
2024-02-14,Electronics,378,848,251.73,
2024-02-15,Electronics,314,632,256.55,
2024-02-16,Electronics,249,415,261.37,
2024-02-17,Electronics,308,586,248.42,
2024-02-18,Electronics,299,757,242.53,
2024-02-19,Electronics,317,482,246.57,
2024-02-20,Electronics,363,852,249.03,
2024-02-21,Electronics,409,1223,251.49,
2024-02-22,Electronics,345,908,245.29,
2024-02-23,Electronics,268,622,250.26,
2024-02-24,Electronics,299,657,237.55,
2024-02-25,Electronics,321,768,252.6,
2024-02-26,Electronics,343,853,252.46,
2024-02-27,Electronics,364,937,251.87,
2024-02-28,Electronics,386,1022,251.28,
2024-02-29,Electronics,364,720,243.21,
2024-03-01,Electronics,268,755,245.85,
2024-03-02,Electronics,292,830,242.14,
2024-03-03,Electronics,313,671,243.92,
2024-03-04,Electronics,331,762,243.31,
2024-03-05,Electronics,381,854,246.44,
2024-03-06,Electronics,330,1008,247.2,
2024-03-07,Electronics,279,1161,247.96,
2024-03-08,Electronics,228,459,260.99,
2024-03-09,Electronics,280,626,257.21,
2024-03-10,Electronics,332,793,253.43,
2024-03-11,Electronics,1370,3812,255.81,
2024-03-12,Electronics,2407,6830,258.19,spike
2024-03-13,Electronics,400,1096,248.36,
2024-03-14,Electronics,391,997,238.52,
2024-03-15,Electronics,292,781,249.41,
2024-03-16,Electronics,298,766,243.7,
2024-03-17,Electronics,305,750,238.0,
2024-03-18,Electronics,311,691,247.49,
2024-03-19,Electronics,410,804,244.05,
2024-03-20,Electronics,417,872,254.43,
2024-03-21,Electronics,382,940,249.16,
2024-03-22,Electronics,330,606,246.6,
2024-03-23,Electronics,296,461,247.57,
2024-03-24,Electronics,23,44,241.81,drop
2024-03-25,Electronics,387,753,237.77,
2024-03-26,Electronics,418,748,254.0,
2024-03-27,Electronics,432,1043,257.15,
2024-03-28,Electronics,363,588,250.98,
2024-03-29,Electronics,336,690,245.4,
2024-03-30,Electronics,310,791,239.81,
2024-03-31,Electronics,353,1057,240.8,
2024-04-01,Electronics,336,691,249.18,
2024-04-02,Electronics,391,617,254.98,
2024-04-03,Electronics,394,780,260.96,
2024-04-04,Electronics,353,905,254.95,
2024-04-05,Electronics,321,875,259.04,
2024-04-06,Electronics,320,852,257.27,
2024-04-07,Electronics,320,686,252.22,
2024-04-08,Electronics,290,587,256.85,
2024-04-09,Electronics,367,771,237.68,
2024-04-10,Electronics,180,401,243.05,
2024-04-11,Electronics,215,846,256.74,
2024-04-12,Electronics,249,702,254.9,
2024-04-13,Electronics,284,559,253.06,
2024-04-14,Electronics,328,736,238.94,
2024-04-15,Electronics,331,788,242.98,
2024-04-16,Electronics,436,858,262.04,
2024-04-17,Electronics,403,906,254.04,
2024-04-18,Electronics,391,872,256.01,
2024-04-19,Electronics,349,659,240.57,
2024-04-20,Electronics,307,808,246.98,
2024-04-21,Electronics,319,709,252.0,
2024-04-22,Electronics,344,948,247.65,
2024-04-23,Electronics,362,984,244.88,
2024-04-24,Electronics,380,1020,242.1,
2024-04-25,Electronics,398,1115,243.55,
2024-04-26,Electronics,305,612,243.74,
2024-04-27,Electronics,283,513,240.76,
2024-04-28,Electronics,286,703,245.52,
2024-04-29,Electronics,342,793,250.28,
2024-04-30,Electronics,439,724,255.04,
2024-05-01,Electronics,426,736,246.2,
2024-05-02,Electronics,391,800,256.95,
2024-05-03,Electronics,364,703,252.86,
2024-05-04,Electronics,336,607,248.77,
2024-05-05,Electronics,309,510,244.68,
2024-05-06,Electronics,337,822,245.14,
2024-05-07,Electronics,403,1134,237.72,
2024-05-08,Electronics,329,1196,254.54,
2024-05-09,Electronics,356,587,241.15,
2024-05-10,Electronics,347,710,243.15,
2024-05-11,Electronics,339,833,245.14,
2024-05-12,Electronics,330,956,247.14,
2024-05-13,Electronics,344,801,258.92,
2024-05-14,Electronics,376,976,256.65,
2024-05-15,Electronics,407,1152,254.39,
2024-05-16,Electronics,334,647,240.23,
2024-05-17,Electronics,312,751,254.84,
2024-05-18,Electronics,287,671,239.15,
2024-05-19,Electronics,330,952,261.24,
2024-05-20,Electronics,299,568,237.93,
2024-05-21,Electronics,361,1040,242.57,
2024-05-22,Electronics,349,873,246.91,
2024-05-23,Electronics,319,501,244.05,
2024-05-24,Electronics,268,696,246.39,
2024-05-25,Electronics,306,745,249.5,
2024-05-26,Electronics,312,885,252.12,
2024-05-27,Electronics,316,893,254.75,
2024-05-28,Electronics,394,869,250.6,
2024-05-29,Electronics,396,737,260.62,
2024-05-30,Electronics,353,887,246.2,
2024-05-31,Electronics,47,74,251.77,drop
2024-06-01,Electronics,306,520,246.54,
2024-06-02,Electronics,295,705,243.64,
2024-06-03,Electronics,287,726,254.48,
2024-06-04,Electronics,393,843,242.09,
2024-06-05,Electronics,376,804,252.11,
2024-06-06,Electronics,350,729,246.92,
2024-06-07,Electronics,265,774,254.0,
2024-06-08,Electronics,281,597,247.95,
2024-06-09,Electronics,172,293,260.26,
2024-06-10,Electronics,310,708,255.91,
2024-06-11,Electronics,348,668,251.58,
2024-06-12,Electronics,382,864,258.11,
2024-06-13,Electronics,334,771,243.24,
2024-06-14,Electronics,302,415,251.23,
2024-06-15,Electronics,269,698,248.05,
2024-06-16,Electronics,280,733,256.38,
2024-06-17,Electronics,289,546,250.21,
2024-06-18,Electronics,351,973,248.64,
2024-06-19,Electronics,363,562,254.58,
2024-06-20,Electronics,38,65,247.59,drop
2024-06-21,Electronics,240,643,249.51,
2024-06-22,Electronics,260,532,250.46,
2024-06-23,Electronics,274,705,245.51,
2024-06-24,Electronics,287,703,241.49,
2024-06-25,Electronics,310,628,250.88,
2024-06-26,Electronics,334,850,260.27,
2024-06-27,Electronics,304,643,254.82,
2024-06-28,Electronics,227,623,249.36,
2024-06-29,Electronics,251,737,246.26,
2024-06-30,Electronics,248,527,237.88,
2024-07-01,Electronics,288,512,242.62,
2024-07-02,Electronics,346,690,247.37,
2024-07-03,Electronics,294,576,247.33,
2024-07-04,Electronics,290,684,262.36,
2024-07-05,Electronics,244,583,238.63,
2024-07-06,Electronics,252,662,242.34,
2024-07-07,Electronics,259,741,246.06,
2024-07-08,Electronics,246,570,256.88,
2024-07-09,Electronics,257,666,250.81,
2024-07-10,Electronics,340,739,259.62,
2024-07-11,Electronics,314,569,248.7,
2024-07-12,Electronics,216,436,237.98,
2024-07-13,Electronics,234,494,260.78,
2024-07-14,Electronics,253,695,261.29,
2024-07-15,Electronics,233,541,253.43,
2024-07-16,Electronics,273,418,254.3,
2024-07-17,Electronics,295,620,255.17,
2024-07-18,Electronics,241,655,239.42,
2024-07-19,Electronics,228,632,243.06,
2024-07-20,Electronics,225,472,260.28,
2024-07-21,Electronics,218,459,259.11,
2024-07-22,Electronics,262,476,242.01,
2024-07-23,Electronics,283,600,250.3,
2024-07-24,Electronics,304,725,258.6,
2024-07-25,Electronics,280,515,248.62,
2024-07-26,Electronics,201,305,261.22,
2024-07-27,Electronics,187,401,246.27,
2024-07-28,Electronics,250,389,251.58,
2024-07-29,Electronics,233,395,259.91,
2024-07-30,Electronics,298,690,247.31,
2024-07-31,Electronics,278,500,248.02,
2024-08-01,Electronics,261,772,248.73,
2024-08-02,Electronics,200,716,250.41,
2024-08-03,Electronics,282,661,254.87,
2024-08-04,Electronics,282,677,256.94,
2024-08-05,Electronics,281,692,259.02,
2024-08-06,Electronics,281,708,261.09,
2024-08-07,Electronics,274,736,250.83,
2024-08-08,Electronics,242,399,241.29,
2024-08-09,Electronics,208,344,241.5,
2024-08-10,Electronics,212,313,253.11,
2024-08-11,Electronics,217,381,243.71,
2024-08-12,Electronics,207,449,245.09,
2024-08-13,Electronics,263,771,245.7,
2024-08-14,Electronics,240,614,239.25,
2024-08-15,Electronics,237,457,252.05,
2024-08-16,Electronics,201,598,251.29,
2024-08-17,Electronics,190,414,244.05,
2024-08-18,Electronics,224,415,255.24,
2024-08-19,Electronics,190,400,248.94,
2024-08-20,Electronics,248,439,256.97,
2024-08-21,Electronics,266,503,248.53,
2024-08-22,Electronics,217,617,259.49,
2024-08-23,Electronics,200,1426,240.14,spike
2024-08-24,Electronics,183,489,258.76,
2024-08-25,Electronics,191,536,248.52,
2024-08-26,Electronics,202,584,251.19,
2024-08-27,Electronics,236,356,248.63,
2024-08-28,Electronics,225,486,246.08,
2024-08-29,Electronics,214,617,243.52,
2024-08-30,Electronics,157,402,247.02,
2024-08-31,Electronics,178,530,255.55,
2024-09-01,Electronics,195,515,261.76,
2024-09-02,Electronics,252,603,257.52,
2024-09-03,Electronics,308,690,253.28,
2024-09-04,Electronics,249,515,252.69,
2024-09-05,Electronics,232,518,255.25,
2024-09-06,Electronics,273,548,248.02,
2024-09-07,Electronics,227,522,248.96,
2024-09-08,Electronics,181,497,249.89,
2024-09-09,Electronics,201,477,259.16,
2024-09-10,Electronics,249,577,249.72,
2024-09-11,Electronics,267,484,259.43,
2024-09-12,Electronics,231,391,239.97,
2024-09-13,Electronics,163,339,251.89,
2024-09-14,Electronics,191,474,248.7,
2024-09-15,Electronics,207,607,254.37,
2024-09-16,Electronics,186,488,255.67,
2024-09-17,Electronics,230,635,256.3,
2024-09-18,Electronics,215,562,257.06,
2024-09-19,Electronics,217,462,257.83,
2024-09-20,Electronics,176,362,255.14,
2024-09-21,Electronics,166,269,254.61,
2024-09-22,Electronics,202,350,248.38,
2024-09-23,Electronics,195,430,246.43,
2024-09-24,Electronics,206,336,250.71,
2024-09-25,Electronics,202,348,249.13,
2024-09-26,Electronics,198,360,247.55,
2024-09-27,Electronics,172,467,258.89,
2024-09-28,Electronics,187,320,256.55,
2024-09-29,Electronics,199,497,253.62,
2024-09-30,Electronics,190,427,240.05,
2024-10-01,Electronics,198,737,251.35,
2024-10-02,Electronics,248,730,246.0,
2024-10-03,Electronics,326,798,248.15,
2024-10-04,Electronics,405,867,250.3,
2024-10-05,Electronics,228,578,245.04,
2024-10-06,Electronics,206,265,258.52,
2024-10-07,Electronics,185,425,250.15,
2024-10-08,Electronics,238,362,254.3,
2024-10-09,Electronics,248,699,251.55,
2024-10-10,Electronics,201,364,257.2,
2024-10-11,Electronics,194,364,249.0,
2024-10-12,Electronics,332,832,260.96,
2024-10-13,Electronics,192,502,246.21,
2024-10-14,Electronics,203,562,252.8,
2024-10-15,Electronics,214,622,259.38,
2024-10-16,Electronics,226,644,252.54,
2024-10-17,Electronics,237,667,245.69,
2024-10-18,Electronics,170,381,243.83,
2024-10-19,Electronics,185,448,242.22,
2024-10-20,Electronics,178,494,247.48,
2024-10-21,Electronics,204,577,252.16,
2024-10-22,Electronics,234,450,255.98,
2024-10-23,Electronics,263,746,252.49,
2024-10-24,Electronics,224,601,246.32,
2024-10-25,Electronics,210,548,250.58,
2024-10-26,Electronics,195,496,242.13,
2024-10-27,Electronics,201,305,251.38,
2024-10-28,Electronics,212,590,260.39,
2024-10-29,Electronics,223,543,262.21,
2024-10-30,Electronics,248,696,253.18,
2024-10-31,Electronics,254,354,255.59,
2024-11-01,Electronics,261,706,255.17,
2024-11-02,Electronics,288,769,250.74,
2024-11-03,Electronics,316,832,246.31,
2024-11-04,Electronics,334,788,238.09,
2024-11-05,Electronics,334,745,252.11,
2024-11-06,Electronics,342,688,256.24,
2024-11-07,Electronics,350,632,260.36,
2024-11-08,Electronics,344,507,242.31,
2024-11-09,Electronics,339,536,254.08,
2024-11-10,Electronics,333,599,247.29,
2024-11-11,Electronics,297,810,238.25,
2024-11-12,Electronics,342,765,240.6,
2024-11-13,Electronics,387,720,242.96,
2024-11-14,Electronics,359,1024,248.91,
2024-11-15,Electronics,286,928,252.06,
2024-11-16,Electronics,305,832,253.84,
2024-11-17,Electronics,320,819,238.08,
2024-11-18,Electronics,327,667,256.37,
2024-11-19,Electronics,384,954,256.96,
2024-11-20,Electronics,454,706,256.46,
2024-11-21,Electronics,359,824,249.24,
2024-11-22,Electronics,318,942,243.62,
2024-11-23,Electronics,284,481,239.38,
2024-11-24,Electronics,314,878,261.21,
2024-11-25,Electronics,344,1032,259.12,
2024-11-26,Electronics,374,883,241.37,
2024-11-27,Electronics,386,690,240.56,
2024-11-28,Electronics,398,1165,254.91,
2024-11-29,Electronics,281,685,239.63,
2024-11-30,Electronics,316,728,261.23,
2024-12-01,Electronics,330,770,254.46,
2024-12-02,Electronics,353,798,248.67,
2024-12-03,Electronics,434,1186,261.88,
2024-12-04,Electronics,353,765,251.2,
2024-12-05,Electronics,401,761,255.84,
2024-12-06,Electronics,341,597,248.27,
2024-12-07,Electronics,307,741,260.9,
2024-12-08,Electronics,332,766,240.93,
2024-12-09,Electronics,328,667,250.54,
2024-12-10,Electronics,364,793,245.44,
2024-12-11,Electronics,399,919,240.34,
2024-12-12,Electronics,372,910,249.07,
2024-12-13,Electronics,362,955,247.82,
2024-12-14,Electronics,316,871,242.44,
2024-12-15,Electronics,313,792,238.09,
2024-12-16,Electronics,333,819,259.37,
2024-12-17,Electronics,449,802,249.21,
2024-12-18,Electronics,420,778,249.64,
2024-12-19,Electronics,392,754,249.1,
2024-12-20,Electronics,327,573,248.55,
2024-12-21,Electronics,324,742,252.36,
2024-12-22,Electronics,379,911,245.19,
2024-12-23,Electronics,385,949,242.05,
2024-12-24,Electronics,474,871,243.36,
2024-12-25,Electronics,474,1155,245.0,
2024-12-26,Electronics,392,1013,239.79,
2024-12-27,Electronics,330,945,256.53,
2024-12-28,Electronics,389,998,252.48,
2024-12-29,Electronics,404,1155,247.31,
2024-12-30,Electronics,355,1156,257.93,
2024-12-31,Electronics,460,1157,252.7,
2025-01-01,Electronics,330,707,254.11,
2025-01-02,Electronics,300,570,254.97,
2025-01-03,Electronics,251,517,242.01,
2025-01-04,Electronics,368,1421,249.8,
2025-01-05,Electronics,313,521,245.62,
2025-01-06,Electronics,316,825,239.62,
2025-01-07,Electronics,325,639,239.11,
2025-01-08,Electronics,398,722,247.27,
2025-01-09,Electronics,342,682,244.59,
2025-01-10,Electronics,277,548,249.5,
2025-01-11,Electronics,255,443,256.45,
2025-01-12,Electronics,295,509,249.48,
2025-01-13,Electronics,335,575,242.52,
2025-01-14,Electronics,364,700,246.88,
2025-01-15,Electronics,392,824,251.24,
2025-01-16,Electronics,351,949,244.24,
2025-01-17,Electronics,269,778,257.96,
2025-01-18,Electronics,284,651,261.31,
2025-01-19,Electronics,301,811,255.31,
2025-01-20,Electronics,318,651,250.6,
2025-01-21,Electronics,373,1119,238.35,
2025-01-22,Electronics,404,796,239.31,
2025-01-23,Electronics,401,606,257.48,
2025-01-24,Electronics,265,417,260.3,
2025-01-25,Electronics,312,909,258.84,
2025-01-26,Electronics,332,564,260.44,
2025-01-27,Electronics,353,830,254.29,
2025-01-28,Electronics,374,1095,251.89,
2025-01-29,Electronics,411,788,254.65,
2025-01-30,Electronics,383,790,257.41,
2025-01-31,Electronics,272,610,246.29,
2025-02-01,Electronics,302,582,246.62,
2025-02-02,Electronics,331,555,246.94,
2025-02-03,Electronics,340,900,257.06,
2025-02-04,Electronics,392,916,244.3,
2025-02-05,Electronics,394,998,256.94,
2025-02-06,Electronics,379,1079,250.3,
2025-02-07,Electronics,364,1014,252.01,
2025-02-08,Electronics,350,950,253.72,
2025-02-09,Electronics,335,886,255.43,
2025-02-10,Electronics,320,821,257.14,
2025-02-11,Electronics,378,845,255.2,
2025-02-12,Electronics,435,869,253.25,
2025-02-13,Electronics,771,2044,251.8,
2025-02-14,Electronics,1107,3220,250.36,spike
2025-02-15,Electronics,302,496,237.52,
2025-02-16,Electronics,348,902,249.35,
2025-02-17,Electronics,347,762,256.01,
2025-02-18,Electronics,399,1023,242.37,
2025-02-19,Electronics,451,930,259.83,
2025-02-20,Electronics,362,939,261.36,
2025-02-21,Electronics,354,706,243.4,
2025-02-22,Electronics,345,993,239.53,
2025-02-23,Electronics,356,892,239.53,
2025-02-24,Electronics,380,586,239.53,
2025-02-25,Electronics,414,638,239.54,
2025-02-26,Electronics,449,689,239.54,
2025-02-27,Electronics,380,811,242.89,
2025-02-28,Electronics,312,933,246.24,
2025-03-01,Electronics,328,805,253.23,
2025-03-02,Electronics,326,780,249.92,
2025-03-03,Electronics,324,754,246.61,
2025-03-04,Electronics,449,898,258.69,
2025-03-05,Electronics,460,885,245.63,
2025-03-06,Electronics,435,945,260.39,
2025-03-07,Electronics,340,757,252.41,
2025-03-08,Electronics,342,678,248.58,
2025-03-09,Electronics,344,600,244.76,
2025-03-10,Electronics,404,882,248.01,
2025-03-11,Electronics,463,1163,251.26,
2025-03-12,Electronics,457,828,240.24,
2025-03-13,Electronics,381,575,258.24,
2025-03-14,Electronics,345,758,260.31,
2025-03-15,Electronics,321,524,238.21,
2025-03-16,Electronics,321,844,241.14,
2025-03-17,Electronics,368,930,261.15,
2025-03-18,Electronics,436,966,260.58,
2025-03-19,Electronics,504,1003,260.01,
2025-03-20,Electronics,415,997,259.44,
2025-03-21,Electronics,330,920,245.72,
2025-03-22,Electronics,331,758,256.89,
2025-03-23,Electronics,350,882,257.16,
2025-03-24,Electronics,368,673,239.24,
2025-03-25,Electronics,451,1026,238.62,
2025-03-26,Electronics,461,873,245.54,
2025-03-27,Electronics,386,793,243.92,
2025-03-28,Electronics,312,865,256.89,
2025-03-29,Electronics,371,887,255.25,
2025-03-30,Electronics,371,856,248.65,
2025-03-31,Electronics,394,882,237.95,
2025-04-01,Electronics,412,909,241.6,
2025-04-02,Electronics,431,936,245.26,
2025-04-03,Electronics,449,962,248.91,
2025-04-04,Electronics,392,936,252.57,
2025-04-05,Electronics,335,911,256.22,
2025-04-06,Electronics,358,952,250.27,
2025-04-07,Electronics,350,656,254.7,
2025-04-08,Electronics,412,717,257.11,
2025-04-09,Electronics,473,778,259.52,
2025-04-10,Electronics,471,1130,242.25,
2025-04-11,Electronics,334,691,261.43,
2025-04-12,Electronics,360,623,260.79,
2025-04-13,Electronics,373,976,253.04,
2025-04-14,Electronics,390,647,240.57,
2025-04-15,Electronics,439,932,244.67,
2025-04-16,Electronics,488,1092,253.3,
2025-04-17,Electronics,407,777,261.92,
2025-04-18,Electronics,324,806,260.02,
2025-04-19,Electronics,352,549,249.98,
2025-04-20,Electronics,354,835,237.77,
2025-04-21,Electronics,384,1034,250.97,
2025-04-22,Electronics,490,1448,258.51,
2025-04-23,Electronics,412,904,240.87,
2025-04-24,Electronics,389,696,249.46,
2025-04-25,Electronics,365,489,258.04,
2025-04-26,Electronics,342,806,240.14,
2025-04-27,Electronics,341,818,260.0,
2025-04-28,Electronics,389,1045,257.63,
2025-04-29,Electronics,420,990,260.47,
2025-04-30,Electronics,450,935,242.92,
2025-05-01,Electronics,469,774,257.57,
2025-05-02,Electronics,327,662,253.4,
2025-05-03,Electronics,355,834,253.98,
2025-05-04,Electronics,366,716,244.29,
2025-05-05,Electronics,376,1100,255.22,
2025-05-06,Electronics,432,952,258.73,
2025-05-07,Electronics,440,1207,257.39,
2025-05-08,Electronics,414,1008,254.63,
2025-05-09,Electronics,343,728,248.67,
2025-05-10,Electronics,320,631,258.93,
2025-05-11,Electronics,362,566,258.94,
2025-05-12,Electronics,368,853,254.9,
2025-05-13,Electronics,453,762,250.44,
2025-05-14,Electronics,447,1178,237.53,
2025-05-15,Electronics,376,1593,246.89,
2025-05-16,Electronics,1221,2009,238.55,spike
2025-05-17,Electronics,298,882,238.38,
2025-05-18,Electronics,349,779,238.59,
2025-05-19,Electronics,384,943,250.37,
2025-05-20,Electronics,419,894,260.42,
2025-05-21,Electronics,400,779,250.38,
2025-05-22,Electronics,380,664,240.33,
2025-05-23,Electronics,296,447,250.51,
2025-05-24,Electronics,316,482,237.81,
2025-05-25,Electronics,329,652,257.63,
2025-05-26,Electronics,365,1053,241.75,
2025-05-27,Electronics,366,879,244.64,
2025-05-28,Electronics,366,705,247.54,
2025-05-29,Electronics,384,1027,240.07,
2025-05-30,Electronics,305,529,261.49,
2025-05-31,Electronics,313,530,251.2,
2025-06-01,Electronics,344,831,261.6,
2025-06-02,Electronics,382,706,246.87,
2025-06-03,Electronics,421,1123,256.15,
2025-06-04,Electronics,431,1136,250.43,
2025-06-05,Electronics,384,691,254.93,
2025-06-06,Electronics,309,852,252.6,
2025-06-07,Electronics,317,584,250.57,
2025-06-08,Electronics,325,551,254.61,
2025-06-09,Electronics,322,861,245.39,
2025-06-10,Electronics,374,777,250.92,
2025-06-11,Electronics,426,693,256.46,
2025-06-12,Electronics,338,706,256.4,
2025-06-13,Electronics,251,719,256.34,
2025-06-14,Electronics,306,621,248.61,
2025-06-15,Electronics,282,632,257.32,
2025-06-16,Electronics,302,642,240.87,
2025-06-17,Electronics,344,553,240.55,
2025-06-18,Electronics,361,716,242.92,
2025-06-19,Electronics,378,928,253.43,
2025-06-20,Electronics,302,854,246.24,
2025-06-21,Electronics,305,682,245.91,
2025-06-22,Electronics,311,894,261.64,
2025-06-23,Electronics,312,593,243.89,
2025-06-24,Electronics,372,857,243.36,
2025-06-25,Electronics,436,944,249.74,
2025-06-26,Electronics,348,811,252.3,
2025-06-27,Electronics,284,779,254.85,
2025-06-28,Electronics,253,667,262.01,
2025-06-29,Electronics,284,548,242.75,
2025-06-30,Electronics,275,572,261.31,
2023-01-02,Furniture,100,252,387.81,
2023-01-03,Furniture,106,239,386.18,
2023-01-04,Furniture,264,728,398.28,
2023-01-05,Furniture,422,1218,410.38,spike
2023-01-06,Furniture,258,746,414.11,
2023-01-07,Furniture,94,273,417.84,
2023-01-08,Furniture,91,151,396.39,
2023-01-09,Furniture,100,181,389.26,
2023-01-10,Furniture,110,211,382.14,
2023-01-11,Furniture,128,268,402.68,
2023-01-12,Furniture,104,245,400.14,
2023-01-13,Furniture,85,210,398.63,
2023-01-14,Furniture,87,254,398.11,
2023-01-15,Furniture,101,251,415.3,
2023-01-16,Furniture,98,195,417.76,
2023-01-17,Furniture,120,322,389.71,
2023-01-18,Furniture,130,342,413.86,
2023-01-19,Furniture,116,237,390.86,
2023-01-20,Furniture,91,227,394.91,
2023-01-21,Furniture,89,263,393.36,
2023-01-22,Furniture,107,266,391.09,
2023-01-23,Furniture,101,237,392.2,
2023-01-24,Furniture,121,342,385.26,
2023-01-25,Furniture,120,351,397.41,
2023-01-26,Furniture,107,219,390.5,
2023-01-27,Furniture,92,192,402.79,
2023-01-28,Furniture,89,239,415.12,
2023-01-29,Furniture,107,232,379.26,
2023-01-30,Furniture,97,196,392.56,
2023-01-31,Furniture,128,200,413.76,
2023-02-01,Furniture,145,374,418.84,
2023-02-02,Furniture,123,356,388.05,
2023-02-03,Furniture,117,206,412.54,
2023-02-04,Furniture,104,284,393.35,
2023-02-05,Furniture,103,227,404.07,
2023-02-06,Furniture,102,236,414.79,
2023-02-07,Furniture,132,234,415.74,
2023-02-08,Furniture,141,311,385.42,
2023-02-09,Furniture,92,238,397.91,
2023-02-10,Furniture,72,164,407.89,
2023-02-11,Furniture,102,239,417.66,
2023-02-12,Furniture,110,284,405.02,
2023-02-13,Furniture,118,329,392.37,
2023-02-14,Furniture,126,374,379.73,
2023-02-15,Furniture,122,322,407.49,
2023-02-16,Furniture,124,266,401.27,
2023-02-17,Furniture,101,199,408.37,
2023-02-18,Furniture,89,224,394.99,
2023-02-19,Furniture,99,229,380.21,
2023-02-20,Furniture,109,223,379.43,
2023-02-21,Furniture,142,398,403.4,
2023-02-22,Furniture,152,372,406.87,
2023-02-23,Furniture,125,374,395.9,
2023-02-24,Furniture,112,327,398.8,
2023-02-25,Furniture,112,229,381.25,
2023-02-26,Furniture,111,186,405.92,
2023-02-27,Furniture,119,194,382.86,
2023-02-28,Furniture,136,367,383.9,
2023-03-01,Furniture,139,213,394.31,
2023-03-02,Furniture,127,218,393.63,
2023-03-03,Furniture,114,223,392.94,
2023-03-04,Furniture,102,228,392.26,
2023-03-05,Furniture,120,289,396.37,
2023-03-06,Furniture,134,350,404.04,
2023-03-07,Furniture,149,412,411.7,
2023-03-08,Furniture,152,356,383.08,
2023-03-09,Furniture,102,286,405.49,
2023-03-10,Furniture,112,215,414.78,
2023-03-11,Furniture,101,251,401.32,
2023-03-12,Furniture,107,186,410.38,
2023-03-13,Furniture,120,243,400.39,
2023-03-14,Furniture,129,300,388.27,
2023-03-15,Furniture,161,357,398.53,
2023-03-16,Furniture,132,197,382.68,
2023-03-17,Furniture,116,174,408.42,
2023-03-18,Furniture,109,311,400.35,
2023-03-19,Furniture,117,207,406.29,
2023-03-20,Furniture,128,317,391.86,
2023-03-21,Furniture,138,363,402.42,
2023-03-22,Furniture,152,339,392.25,
2023-03-23,Furniture,137,302,409.98,
2023-03-24,Furniture,96,198,415.25,
2023-03-25,Furniture,105,180,402.3,
2023-03-26,Furniture,122,248,389.34,
2023-03-27,Furniture,140,179,387.9,
2023-03-28,Furniture,157,261,381.94,
2023-03-29,Furniture,165,310,387.78,
2023-03-30,Furniture,126,330,393.62,
2023-03-31,Furniture,94,237,398.5,
2023-04-01,Furniture,114,173,396.58,
2023-04-02,Furniture,118,196,405.68,
2023-04-03,Furniture,123,218,414.79,
2023-04-04,Furniture,152,402,381.45,
2023-04-05,Furniture,149,335,401.05,
2023-04-06,Furniture,130,294,401.44,
2023-04-07,Furniture,111,253,401.82,
2023-04-08,Furniture,94,282,417.79,
2023-04-09,Furniture,98,258,400.98,
2023-04-10,Furniture,101,233,384.16,
2023-04-11,Furniture,132,356,390.37,
2023-04-12,Furniture,163,478,396.58,
2023-04-13,Furniture,125,272,386.19,
2023-04-14,Furniture,120,262,388.81,
2023-04-15,Furniture,105,253,410.5,
2023-04-16,Furniture,114,264,392.42,
2023-04-17,Furniture,124,370,387.24,
2023-04-18,Furniture,148,420,404.17,
2023-04-19,Furniture,135,251,385.39,
2023-04-20,Furniture,120,241,382.61,
2023-04-21,Furniture,101,186,396.0,
2023-04-22,Furniture,101,202,402.12,
2023-04-23,Furniture,118,218,406.32,
2023-04-24,Furniture,118,199,417.27,
2023-04-25,Furniture,138,401,405.57,
2023-04-26,Furniture,166,385,391.33,
2023-04-27,Furniture,116,181,385.97,
2023-04-28,Furniture,116,294,417.7,
2023-04-29,Furniture,109,302,397.35,
2023-04-30,Furniture,112,215,407.11,
2023-05-01,Furniture,115,259,395.92,
2023-05-02,Furniture,137,348,412.64,
2023-05-03,Furniture,132,363,410.89,
2023-05-04,Furniture,128,378,409.14,
2023-05-05,Furniture,99,267,417.77,
2023-05-06,Furniture,108,211,397.26,
2023-05-07,Furniture,111,308,407.48,
2023-05-08,Furniture,114,292,393.77,
2023-05-09,Furniture,116,276,380.06,
2023-05-10,Furniture,118,242,391.96,
2023-05-11,Furniture,121,209,403.87,
2023-05-12,Furniture,112,230,411.35,
2023-05-13,Furniture,110,322,407.69,
2023-05-14,Furniture,103,210,406.46,
2023-05-15,Furniture,96,250,411.2,
2023-05-16,Furniture,146,315,391.71,
2023-05-17,Furniture,142,217,379.97,
2023-05-18,Furniture,122,247,387.52,
2023-05-19,Furniture,100,277,405.28,
2023-05-20,Furniture,90,196,417.16,
2023-05-21,Furniture,100,206,386.49,
2023-05-22,Furniture,105,294,386.52,
2023-05-23,Furniture,132,208,379.36,
2023-05-24,Furniture,149,252,387.01,
2023-05-25,Furniture,126,244,396.67,
2023-05-26,Furniture,105,312,410.93,
2023-05-27,Furniture,93,229,384.03,
2023-05-28,Furniture,105,233,397.31,
2023-05-29,Furniture,111,299,405.56,
2023-05-30,Furniture,117,312,385.2,
2023-05-31,Furniture,136,204,397.59,
2023-06-01,Furniture,77,224,414.2,
2023-06-02,Furniture,91,225,382.14,
2023-06-03,Furniture,99,280,408.13,
2023-06-04,Furniture,114,242,385.47,
2023-06-05,Furniture,122,276,398.51,
2023-06-06,Furniture,129,311,411.55,
2023-06-07,Furniture,136,292,404.43,
2023-06-08,Furniture,118,260,403.83,
2023-06-09,Furniture,88,196,391.98,
2023-06-10,Furniture,95,193,399.1,
2023-06-11,Furniture,102,189,406.23,
2023-06-12,Furniture,116,233,394.79,
2023-06-13,Furniture,130,277,383.35,
2023-06-14,Furniture,122,294,407.16,
2023-06-15,Furniture,114,195,387.2,
2023-06-16,Furniture,89,135,399.03,
2023-06-17,Furniture,94,201,406.65,
2023-06-18,Furniture,98,225,398.12,
2023-06-19,Furniture,103,304,408.41,
2023-06-20,Furniture,119,334,400.37,
2023-06-21,Furniture,135,364,392.33,
2023-06-22,Furniture,121,317,412.93,
2023-06-23,Furniture,84,162,384.83,
2023-06-24,Furniture,98,174,398.37,
2023-06-25,Furniture,98,249,399.9,
2023-06-26,Furniture,100,285,410.1,
2023-06-27,Furniture,113,218,417.06,
2023-06-28,Furniture,115,257,385.85,
2023-06-29,Furniture,97,170,393.16,
2023-06-30,Furniture,87,187,397.96,
2023-07-01,Furniture,83,224,408.69,
2023-07-02,Furniture,88,230,394.91,
2023-07-03,Furniture,92,273,404.03,
2023-07-04,Furniture,97,306,379.52,
2023-07-05,Furniture,102,260,386.48,
2023-07-06,Furniture,107,213,393.43,
2023-07-07,Furniture,82,188,411.82,
2023-07-08,Furniture,82,214,408.9,
2023-07-09,Furniture,81,223,380.17,
2023-07-10,Furniture,93,211,408.13,
2023-07-11,Furniture,113,244,399.5,
2023-07-12,Furniture,105,224,399.66,
2023-07-13,Furniture,97,204,399.83,
2023-07-14,Furniture,89,145,379.71,
2023-07-15,Furniture,76,180,384.19,
2023-07-16,Furniture,78,158,382.14,
2023-07-17,Furniture,80,231,389.03,
2023-07-18,Furniture,107,251,394.44,
2023-07-19,Furniture,111,216,418.31,
2023-07-20,Furniture,104,197,390.87,
2023-07-21,Furniture,74,172,393.19,
2023-07-22,Furniture,75,154,391.62,
2023-07-23,Furniture,80,136,398.91,
2023-07-24,Furniture,87,195,379.25,
2023-07-25,Furniture,90,224,397.67,
2023-07-26,Furniture,92,147,385.16,
2023-07-27,Furniture,86,209,384.61,
2023-07-28,Furniture,79,212,383.26,
2023-07-29,Furniture,79,221,411.03,
2023-07-30,Furniture,80,124,418.19,
2023-07-31,Furniture,79,171,390.33,
2023-08-01,Furniture,95,196,412.05,
2023-08-02,Furniture,102,194,418.9,
2023-08-03,Furniture,84,178,416.08,
2023-08-04,Furniture,65,163,413.26,
2023-08-05,Furniture,67,190,410.9,
2023-08-06,Furniture,74,158,409.59,
2023-08-07,Furniture,86,191,404.8,
2023-08-08,Furniture,98,224,400.01,
2023-08-09,Furniture,63,185,395.24,
2023-08-10,Furniture,89,246,396.78,
2023-08-11,Furniture,69,178,380.6,
2023-08-12,Furniture,58,130,387.79,
2023-08-13,Furniture,68,169,386.8,
2023-08-14,Furniture,79,130,385.8,
2023-08-15,Furniture,83,162,396.43,
2023-08-16,Furniture,93,168,402.7,
2023-08-17,Furniture,89,180,398.6,
2023-08-18,Furniture,67,191,385.16,
2023-08-19,Furniture,63,197,386.33,
2023-08-20,Furniture,59,107,406.97,
2023-08-21,Furniture,77,166,389.8,
2023-08-22,Furniture,90,240,414.88,
2023-08-23,Furniture,106,222,409.83,
2023-08-24,Furniture,88,164,382.4,
2023-08-25,Furniture,67,118,390.42,
2023-08-26,Furniture,68,166,401.59,
2023-08-27,Furniture,75,185,417.92,
2023-08-28,Furniture,79,126,408.92,
2023-08-29,Furniture,81,214,384.96,
2023-08-30,Furniture,78,183,383.82,
2023-08-31,Furniture,77,152,404.34,
2023-09-01,Furniture,73,198,387.3,
2023-09-02,Furniture,79,185,389.95,
2023-09-03,Furniture,85,171,392.61,
2023-09-04,Furniture,92,158,395.26,
2023-09-05,Furniture,85,146,398.59,
2023-09-06,Furniture,78,134,401.91,
2023-09-07,Furniture,72,122,405.24,
2023-09-08,Furniture,67,132,393.08,
2023-09-09,Furniture,62,142,380.93,
2023-09-10,Furniture,62,142,398.22,
2023-09-11,Furniture,67,165,392.17,
2023-09-12,Furniture,93,204,406.21,
2023-09-13,Furniture,88,233,400.53,
2023-09-14,Furniture,77,221,394.5,
2023-09-15,Furniture,57,107,414.82,
2023-09-16,Furniture,69,148,389.11,
2023-09-17,Furniture,65,186,398.91,
2023-09-18,Furniture,69,110,412.22,
2023-09-19,Furniture,87,164,415.84,
2023-09-20,Furniture,94,168,409.48,
2023-09-21,Furniture,78,367,394.51,spike
2023-09-22,Furniture,61,121,394.97,
2023-09-23,Furniture,68,148,404.11,
2023-09-24,Furniture,75,133,414.72,
2023-09-25,Furniture,68,150,394.55,
2023-09-26,Furniture,73,188,382.7,
2023-09-27,Furniture,98,268,382.24,
2023-09-28,Furniture,80,123,397.89,
2023-09-29,Furniture,65,128,415.59,
2023-09-30,Furniture,66,142,399.72,
2023-10-01,Furniture,66,157,383.85,
2023-10-02,Furniture,100,284,379.67,
2023-10-03,Furniture,103,184,387.38,
2023-10-04,Furniture,107,220,394.53,
2023-10-05,Furniture,110,257,401.68,
2023-10-06,Furniture,66,150,404.09,
2023-10-07,Furniture,60,164,387.79,
2023-10-08,Furniture,66,175,395.92,
2023-10-09,Furniture,72,164,392.73,
2023-10-10,Furniture,77,152,389.54,
2023-10-11,Furniture,83,216,393.96,
2023-10-12,Furniture,80,152,389.87,
2023-10-13,Furniture,62,130,381.71,
2023-10-14,Furniture,70,126,403.64,
2023-10-15,Furniture,68,134,396.31,
2023-10-16,Furniture,67,142,388.98,
2023-10-17,Furniture,81,151,382.73,
2023-10-18,Furniture,94,281,384.47,
2023-10-19,Furniture,75,165,414.26,
2023-10-20,Furniture,58,174,385.17,
2023-10-21,Furniture,66,127,402.74,
2023-10-22,Furniture,62,168,392.46,
2023-10-23,Furniture,74,205,405.58,
2023-10-24,Furniture,86,146,392.09,
2023-10-25,Furniture,95,255,397.98,
2023-10-26,Furniture,90,137,384.23,
2023-10-27,Furniture,68,178,393.07,
2023-10-28,Furniture,65,126,413.31,
2023-10-29,Furniture,74,209,410.28,
2023-10-30,Furniture,71,200,407.26,
2023-10-31,Furniture,97,266,408.91,
2023-11-01,Furniture,104,278,398.34,
2023-11-02,Furniture,112,291,387.77,
2023-11-03,Furniture,107,275,386.94,
2023-11-04,Furniture,116,259,404.95,
2023-11-05,Furniture,118,227,406.24,
2023-11-06,Furniture,120,288,402.93,
2023-11-07,Furniture,121,349,399.62,
2023-11-08,Furniture,159,345,413.49,
2023-11-09,Furniture,138,341,418.93,
2023-11-10,Furniture,96,269,404.56,
2023-11-11,Furniture,105,190,394.63,
2023-11-12,Furniture,115,248,385.92,
2023-11-13,Furniture,123,332,387.95,
2023-11-14,Furniture,139,324,401.91,
2023-11-15,Furniture,157,387,382.25,
2023-11-16,Furniture,112,222,407.58,
2023-11-17,Furniture,105,230,410.61,
2023-11-18,Furniture,115,311,413.37,
2023-11-19,Furniture,103,266,407.65,
2023-11-20,Furniture,114,269,398.76,
2023-11-21,Furniture,146,367,392.13,
2023-11-22,Furniture,138,371,382.48,
2023-11-23,Furniture,130,368,416.36,
2023-11-24,Furniture,96,175,391.98,
2023-11-25,Furniture,96,215,387.19,
2023-11-26,Furniture,120,284,401.67,
2023-11-27,Furniture,120,189,388.88,
2023-11-28,Furniture,117,179,418.07,
2023-11-29,Furniture,154,257,409.83,
2023-11-30,Furniture,144,371,412.55,
2023-12-01,Furniture,122,282,402.38,
2023-12-02,Furniture,99,194,392.22,
2023-12-03,Furniture,118,254,395.68,
2023-12-04,Furniture,126,247,399.14,
2023-12-05,Furniture,133,240,402.6,
2023-12-06,Furniture,122,264,409.01,
2023-12-07,Furniture,106,284,418.09,
2023-12-08,Furniture,105,237,398.99,
2023-12-09,Furniture,117,262,397.15,
2023-12-10,Furniture,129,286,395.31,
2023-12-11,Furniture,141,301,388.29,
2023-12-12,Furniture,153,316,381.28,
2023-12-13,Furniture,159,356,381.21,
2023-12-14,Furniture,140,397,416.2,
2023-12-15,Furniture,124,356,417.27,
2023-12-16,Furniture,109,316,418.34,
2023-12-17,Furniture,120,306,404.36,
2023-12-18,Furniture,138,271,418.36,
2023-12-19,Furniture,155,259,415.36,
2023-12-20,Furniture,157,336,382.72,
2023-12-21,Furniture,141,331,414.83,
2023-12-22,Furniture,110,320,392.39,
2023-12-23,Furniture,123,233,397.11,
2023-12-24,Furniture,130,303,398.49,
2023-12-25,Furniture,138,373,399.87,
2023-12-26,Furniture,158,290,407.69,
2023-12-27,Furniture,170,435,396.81,
2023-12-28,Furniture,147,310,402.59,
2023-12-29,Furniture,117,185,400.86,
2023-12-30,Furniture,120,332,380.9,
2023-12-31,Furniture,122,204,411.02,
2024-01-01,Furniture,100,177,399.36,
2024-01-02,Furniture,116,208,391.57,
2024-01-03,Furniture,133,240,383.78,
2024-01-04,Furniture,148,382,396.22,
2024-01-05,Furniture,97,201,406.57,
2024-01-06,Furniture,72,178,396.38,drop
2024-01-07,Furniture,110,277,402.94,
2024-01-08,Furniture,118,292,409.5,
2024-01-09,Furniture,126,198,386.53,
2024-01-10,Furniture,122,192,389.14,
2024-01-11,Furniture,119,187,391.75,
2024-01-12,Furniture,94,164,398.62,
2024-01-13,Furniture,98,202,404.04,
2024-01-14,Furniture,103,239,409.47,
2024-01-15,Furniture,111,259,401.79,
2024-01-16,Furniture,132,248,383.18,
2024-01-17,Furniture,119,256,411.22,
2024-01-18,Furniture,123,202,405.49,
2024-01-19,Furniture,93,243,391.63,
2024-01-20,Furniture,103,253,388.12,
2024-01-21,Furniture,100,203,402.5,
2024-01-22,Furniture,100,226,392.99,
2024-01-23,Furniture,146,355,393.76,
2024-01-24,Furniture,157,245,394.54,
2024-01-25,Furniture,137,266,382.9,
2024-01-26,Furniture,107,288,417.34,
2024-01-27,Furniture,633,1460,383.06,spike
2024-01-28,Furniture,109,187,403.68,
2024-01-29,Furniture,122,241,399.28,
2024-01-30,Furniture,135,295,394.88,
2024-01-31,Furniture,160,425,386.69,
2024-02-01,Furniture,129,214,393.93,
2024-02-02,Furniture,100,178,399.96,
2024-02-03,Furniture,108,213,405.99,
2024-02-04,Furniture,112,266,395.24,
2024-02-05,Furniture,117,319,384.5,
2024-02-06,Furniture,130,311,386.2,
2024-02-07,Furniture,170,482,379.95,
2024-02-08,Furniture,128,216,390.36,
2024-02-09,Furniture,111,220,394.57,
2024-02-10,Furniture,94,223,398.78,
2024-02-11,Furniture,120,280,396.73,
2024-02-12,Furniture,130,280,410.2,
2024-02-13,Furniture,143,372,381.85,
2024-02-14,Furniture,157,325,409.36,
2024-02-15,Furniture,138,277,406.31,
2024-02-16,Furniture,119,230,403.26,
2024-02-17,Furniture,99,170,413.19,
2024-02-18,Furniture,122,184,410.78,
2024-02-19,Furniture,124,228,414.58,
2024-02-20,Furniture,127,273,403.34,
2024-02-21,Furniture,130,317,392.11,
2024-02-22,Furniture,150,311,417.61,
2024-02-23,Furniture,104,158,395.52,
2024-02-24,Furniture,116,213,381.63,
2024-02-25,Furniture,128,214,383.32,
2024-02-26,Furniture,128,282,412.36,
2024-02-27,Furniture,144,334,398.06,
2024-02-28,Furniture,159,386,383.77,
2024-02-29,Furniture,143,298,390.65,
2024-03-01,Furniture,110,329,409.84,
2024-03-02,Furniture,116,292,384.79,
2024-03-03,Furniture,126,356,385.52,
2024-03-04,Furniture,144,223,386.24,
2024-03-05,Furniture,147,298,408.12,
2024-03-06,Furniture,114,323,412.17,
2024-03-07,Furniture,116,261,404.12,
2024-03-08,Furniture,117,199,396.08,
2024-03-09,Furniture,119,255,416.99,
2024-03-10,Furniture,119,269,388.48,
2024-03-11,Furniture,128,370,413.45,
2024-03-12,Furniture,157,290,382.04,
2024-03-13,Furniture,141,271,382.77,
2024-03-14,Furniture,158,301,396.14,
2024-03-15,Furniture,123,225,399.21,
2024-03-16,Furniture,128,244,399.29,
2024-03-17,Furniture,132,263,399.37,
2024-03-18,Furniture,129,282,389.52,
2024-03-19,Furniture,163,371,382.53,
2024-03-20,Furniture,173,460,415.8,
2024-03-21,Furniture,140,399,413.31,
2024-03-22,Furniture,113,273,404.95,
2024-03-23,Furniture,120,283,398.39,
2024-03-24,Furniture,130,334,382.43,
2024-03-25,Furniture,141,301,403.33,
2024-03-26,Furniture,149,344,381.53,
2024-03-27,Furniture,142,386,392.9,
2024-03-28,Furniture,136,431,391.95,
2024-03-29,Furniture,129,338,391.0,
2024-03-30,Furniture,122,245,390.05,
2024-03-31,Furniture,118,198,390.94,
2024-04-01,Furniture,113,264,391.84,
2024-04-02,Furniture,135,212,394.97,
2024-04-03,Furniture,170,389,402.02,
2024-04-04,Furniture,142,242,388.63,
2024-04-05,Furniture,126,236,389.25,
2024-04-06,Furniture,110,229,389.86,
2024-04-07,Furniture,126,268,413.86,
2024-04-08,Furniture,123,246,400.86,
2024-04-09,Furniture,166,414,399.91,
2024-04-10,Furniture,172,269,403.88,
2024-04-11,Furniture,148,277,379.8,
2024-04-12,Furniture,143,273,399.4,
2024-04-13,Furniture,126,212,403.97,
2024-04-14,Furniture,125,227,389.57,
2024-04-15,Furniture,129,322,412.95,
2024-04-16,Furniture,174,444,409.08,
2024-04-17,Furniture,175,301,396.57,
2024-04-18,Furniture,149,371,395.19,
2024-04-19,Furniture,124,336,415.83,
2024-04-20,Furniture,115,233,409.29,
2024-04-21,Furniture,139,380,387.57,
2024-04-22,Furniture,141,289,389.55,
2024-04-23,Furniture,156,286,388.44,
2024-04-24,Furniture,170,283,387.34,
2024-04-25,Furniture,132,216,406.52,
2024-04-26,Furniture,115,231,382.31,
2024-04-27,Furniture,125,340,417.31,
2024-04-28,Furniture,132,223,392.16,
2024-04-29,Furniture,138,394,385.5,
2024-04-30,Furniture,167,455,418.8,
2024-05-01,Furniture,168,495,386.45,
2024-05-02,Furniture,137,362,393.48,
2024-05-03,Furniture,137,332,400.04,
2024-05-04,Furniture,138,303,403.88,
2024-05-05,Furniture,138,227,405.22,
2024-05-06,Furniture,146,287,400.06,
2024-05-07,Furniture,135,174,383.3,
2024-05-08,Furniture,125,190,383.82,
2024-05-09,Furniture,114,207,384.33,
2024-05-10,Furniture,96,182,381.45,
2024-05-11,Furniture,120,290,384.11,
2024-05-12,Furniture,119,282,407.31,
2024-05-13,Furniture,131,372,390.67,
2024-05-14,Furniture,143,418,389.1,
2024-05-15,Furniture,155,464,387.53,
2024-05-16,Furniture,130,337,402.08,
2024-05-17,Furniture,110,249,395.9,
2024-05-18,Furniture,624,1125,385.1,spike
2024-05-19,Furniture,372,684,386.97,
2024-05-20,Furniture,119,243,410.19,
2024-05-21,Furniture,148,348,397.88,
2024-05-22,Furniture,147,246,417.13,
2024-05-23,Furniture,131,296,411.4,
2024-05-24,Furniture,112,314,384.05,
2024-05-25,Furniture,104,242,417.34,
2024-05-26,Furniture,129,222,404.33,
2024-05-27,Furniture,127,239,407.79,
2024-05-28,Furniture,157,367,405.26,
2024-05-29,Furniture,157,386,391.02,
2024-05-30,Furniture,127,301,391.98,
2024-05-31,Furniture,107,173,408.76,
2024-06-01,Furniture,110,206,405.17,
2024-06-02,Furniture,113,239,401.59,
2024-06-03,Furniture,116,237,396.24,
2024-06-04,Furniture,119,236,390.88,
2024-06-05,Furniture,122,234,385.53,
2024-06-06,Furniture,125,232,380.18,
2024-06-07,Furniture,120,284,414.74,
2024-06-08,Furniture,105,241,406.57,
2024-06-09,Furniture,72,120,410.97,
2024-06-10,Furniture,114,194,390.12,
2024-06-11,Furniture,159,286,397.66,
2024-06-12,Furniture,147,269,408.95,
2024-06-13,Furniture,135,254,380.54,
2024-06-14,Furniture,120,219,390.01,
2024-06-15,Furniture,107,272,417.74,
2024-06-16,Furniture,109,204,408.92,
2024-06-17,Furniture,134,245,396.6,
2024-06-18,Furniture,133,323,390.28,
2024-06-19,Furniture,132,359,402.39,
2024-06-20,Furniture,131,242,408.18,
2024-06-21,Furniture,92,265,413.54,
2024-06-22,Furniture,92,206,400.3,
2024-06-23,Furniture,93,147,418.94,
2024-06-24,Furniture,92,234,404.3,
2024-06-25,Furniture,131,384,394.99,
2024-06-26,Furniture,127,368,397.34,
2024-06-27,Furniture,110,248,399.68,
2024-06-28,Furniture,104,268,402.98,
2024-06-29,Furniture,99,235,405.07,
2024-06-30,Furniture,94,257,395.13,
2024-07-01,Furniture,103,284,412.21,
2024-07-02,Furniture,122,285,416.98,
2024-07-03,Furniture,142,314,406.88,
2024-07-04,Furniture,153,312,394.54,
2024-07-05,Furniture,163,311,397.18,
2024-07-06,Furniture,90,237,394.62,
2024-07-07,Furniture,103,282,404.72,
2024-07-08,Furniture,108,246,404.57,
2024-07-09,Furniture,125,263,400.79,
2024-07-10,Furniture,128,215,414.01,
2024-07-11,Furniture,110,308,379.42,
2024-07-12,Furniture,88,207,414.55,
2024-07-13,Furniture,99,218,409.25,
2024-07-14,Furniture,89,150,392.66,
2024-07-15,Furniture,94,175,382.05,
2024-07-16,Furniture,124,316,409.06,
2024-07-17,Furniture,126,310,382.06,
2024-07-18,Furniture,110,303,397.38,
2024-07-19,Furniture,85,210,404.61,
2024-07-20,Furniture,90,205,384.07,
2024-07-21,Furniture,90,262,407.55,
2024-07-22,Furniture,102,239,393.98,
2024-07-23,Furniture,114,305,398.82,
2024-07-24,Furniture,125,371,403.65,
2024-07-25,Furniture,105,164,380.81,
2024-07-26,Furniture,91,198,404.28,
2024-07-27,Furniture,88,213,396.56,
2024-07-28,Furniture,86,177,394.68,
2024-07-29,Furniture,98,158,393.77,
2024-07-30,Furniture,121,332,383.43,
2024-07-31,Furniture,108,283,388.29,
2024-08-01,Furniture,95,184,404.19,
2024-08-02,Furniture,82,180,409.11,
2024-08-03,Furniture,89,255,414.02,
2024-08-04,Furniture,86,134,379.28,
2024-08-05,Furniture,118,249,388.44,
2024-08-06,Furniture,111,254,384.1,
2024-08-07,Furniture,103,251,385.89,
2024-08-08,Furniture,96,248,387.68,
2024-08-09,Furniture,76,180,387.56,
2024-08-10,Furniture,75,178,400.51,
2024-08-11,Furniture,80,175,380.27,
2024-08-12,Furniture,100,216,391.62,
2024-08-13,Furniture,119,258,402.97,
2024-08-14,Furniture,106,276,408.88,
2024-08-15,Furniture,91,174,412.96,
2024-08-16,Furniture,78,197,381.32,
2024-08-17,Furniture,80,160,380.38,
2024-08-18,Furniture,86,177,391.97,
2024-08-19,Furniture,79,131,380.59,
2024-08-20,Furniture,111,257,384.85,
2024-08-21,Furniture,94,268,399.56,
2024-08-22,Furniture,88,201,404.52,
2024-08-23,Furniture,77,134,409.48,
2024-08-24,Furniture,71,191,394.83,
2024-08-25,Furniture,80,224,417.44,
2024-08-26,Furniture,90,200,390.22,
2024-08-27,Furniture,100,214,406.8,
2024-08-28,Furniture,92,201,403.64,
2024-08-29,Furniture,84,188,400.47,
2024-08-30,Furniture,62,143,391.43,
2024-08-31,Furniture,70,206,379.34,
2024-09-01,Furniture,66,157,397.0,
2024-09-02,Furniture,74,325,397.86,
2024-09-03,Furniture,83,259,404.43,
2024-09-04,Furniture,96,193,401.79,
2024-09-05,Furniture,110,209,403.03,
2024-09-06,Furniture,123,225,404.27,
2024-09-07,Furniture,70,128,391.86,
2024-09-08,Furniture,74,168,393.56,
2024-09-09,Furniture,77,209,395.26,
2024-09-10,Furniture,98,192,405.22,
2024-09-11,Furniture,93,177,417.81,
2024-09-12,Furniture,84,166,406.15,
2024-09-13,Furniture,69,192,384.25,
2024-09-14,Furniture,73,120,415.8,
2024-09-15,Furniture,78,165,382.09,
2024-09-16,Furniture,74,157,395.24,
2024-09-17,Furniture,94,238,398.67,
2024-09-18,Furniture,95,285,397.46,
2024-09-19,Furniture,91,242,406.94,
2024-09-20,Furniture,80,161,405.73,
2024-09-21,Furniture,69,173,380.52,
2024-09-22,Furniture,76,189,408.43,
2024-09-23,Furniture,78,140,382.91,
2024-09-24,Furniture,87,196,403.75,
2024-09-25,Furniture,87,176,393.71,
2024-09-26,Furniture,87,155,383.67,
2024-09-27,Furniture,74,143,401.72,
2024-09-28,Furniture,63,98,381.13,
2024-09-29,Furniture,71,160,398.81,
2024-09-30,Furniture,90,211,379.51,
2024-10-01,Furniture,109,262,405.45,
2024-10-02,Furniture,96,215,408.99,
2024-10-03,Furniture,82,167,412.54,
2024-10-04,Furniture,69,119,416.08,
2024-10-05,Furniture,70,160,404.66,
2024-10-06,Furniture,70,202,393.23,
2024-10-07,Furniture,74,177,398.97,
2024-10-08,Furniture,90,160,406.48,
2024-10-09,Furniture,92,166,409.0,
2024-10-10,Furniture,94,172,411.53,
2024-10-11,Furniture,72,206,387.99,
2024-10-12,Furniture,71,142,399.33,
2024-10-13,Furniture,74,113,393.6,
2024-10-14,Furniture,86,152,387.24,
2024-10-15,Furniture,97,192,380.88,
2024-10-16,Furniture,94,178,384.68,
2024-10-17,Furniture,92,165,388.47,
2024-10-18,Furniture,79,138,395.46,
2024-10-19,Furniture,66,171,382.35,
2024-10-20,Furniture,74,199,381.45,
2024-10-21,Furniture,78,218,400.43,
2024-10-22,Furniture,91,182,396.75,
2024-10-23,Furniture,88,248,396.46,
2024-10-24,Furniture,88,259,405.53,
2024-10-25,Furniture,75,190,382.75,
2024-10-26,Furniture,63,120,404.91,
2024-10-27,Furniture,74,216,383.91,
2024-10-28,Furniture,79,165,408.92,
2024-10-29,Furniture,90,160,398.6,
2024-10-30,Furniture,104,178,395.07,
2024-10-31,Furniture,88,206,380.71,
2024-11-01,Furniture,98,178,407.38,
2024-11-02,Furniture,109,231,394.24,
2024-11-03,Furniture,119,249,413.74,
2024-11-04,Furniture,113,287,399.26,
2024-11-05,Furniture,152,452,398.97,
2024-11-06,Furniture,146,365,396.02,
2024-11-07,Furniture,139,278,393.08,
2024-11-08,Furniture,105,258,395.63,
2024-11-09,Furniture,104,216,415.48,
2024-11-10,Furniture,107,281,391.8,
2024-11-11,Furniture,130,315,399.13,
2024-11-12,Furniture,134,359,391.98,
2024-11-13,Furniture,137,403,384.82,
2024-11-14,Furniture,148,336,386.51,
2024-11-15,Furniture,132,268,395.55,
2024-11-16,Furniture,118,201,411.81,
2024-11-17,Furniture,123,267,410.67,
2024-11-18,Furniture,121,342,401.37,
2024-11-19,Furniture,153,274,401.74,
2024-11-20,Furniture,144,360,414.03,
2024-11-21,Furniture,135,212,390.43,
2024-11-22,Furniture,123,216,393.7,
2024-11-23,Furniture,118,310,411.62,
2024-11-24,Furniture,122,305,382.56,
2024-11-25,Furniture,111,209,418.06,
2024-11-26,Furniture,173,499,391.27,
2024-11-27,Furniture,155,343,404.98,
2024-11-28,Furniture,138,309,393.27,
2024-11-29,Furniture,122,310,401.8,
2024-11-30,Furniture,120,344,394.64,
2024-12-01,Furniture,121,262,403.81,
2024-12-02,Furniture,134,258,404.46,
2024-12-03,Furniture,146,254,405.11,
2024-12-04,Furniture,148,249,405.76,
2024-12-05,Furniture,149,245,406.41,
2024-12-06,Furniture,120,221,400.04,
2024-12-07,Furniture,122,219,399.07,
2024-12-08,Furniture,110,248,416.1,
2024-12-09,Furniture,124,230,404.71,
2024-12-10,Furniture,161,347,396.76,
2024-12-11,Furniture,152,249,403.57,
2024-12-12,Furniture,153,240,404.08,
2024-12-13,Furniture,134,295,398.8,
2024-12-14,Furniture,122,193,403.74,
2024-12-15,Furniture,129,236,416.13,
2024-12-16,Furniture,147,239,380.97,
2024-12-17,Furniture,177,474,404.25,
2024-12-18,Furniture,186,489,382.21,
2024-12-19,Furniture,156,400,386.15,
2024-12-20,Furniture,136,246,413.25,
2024-12-21,Furniture,139,223,393.45,
2024-12-22,Furniture,142,239,418.82,
2024-12-23,Furniture,159,466,401.26,
2024-12-24,Furniture,182,486,383.71,
2024-12-25,Furniture,177,466,404.65,
2024-12-26,Furniture,164,340,404.6,
2024-12-27,Furniture,123,362,404.54,
2024-12-28,Furniture,145,326,402.71,
2024-12-29,Furniture,160,399,394.2,
2024-12-30,Furniture,147,258,385.35,
2024-12-31,Furniture,180,473,379.92,
2025-01-01,Furniture,148,424,380.3,
2025-01-02,Furniture,106,198,396.29,
2025-01-03,Furniture,111,324,391.03,
2025-01-04,Furniture,102,228,407.42,
2025-01-05,Furniture,106,276,396.89,
2025-01-06,Furniture,111,324,386.36,
2025-01-07,Furniture,142,372,391.36,
2025-01-08,Furniture,138,257,395.57,
2025-01-09,Furniture,114,196,402.01,
2025-01-10,Furniture,89,136,408.45,
2025-01-11,Furniture,19,256,409.95,drop
2025-01-12,Furniture,126,376,410.07,
2025-01-13,Furniture,125,305,383.18,
2025-01-14,Furniture,144,295,396.2,
2025-01-15,Furniture,164,285,409.22,
2025-01-16,Furniture,19,44,383.47,drop
2025-01-17,Furniture,99,190,398.7,
2025-01-18,Furniture,115,291,413.92,
2025-01-19,Furniture,112,284,389.05,
2025-01-20,Furniture,126,198,406.19,
2025-01-21,Furniture,161,304,384.78,
2025-01-22,Furniture,148,410,384.94,
2025-01-23,Furniture,150,429,381.93,
2025-01-24,Furniture,108,253,393.27,
2025-01-25,Furniture,119,348,394.86,
2025-01-26,Furniture,114,252,381.82,
2025-01-27,Furniture,122,240,411.88,
2025-01-28,Furniture,146,277,413.32,
2025-01-29,Furniture,161,424,403.49,
2025-01-30,Furniture,135,351,393.66,
2025-01-31,Furniture,118,196,396.21,
2025-02-01,Furniture,112,280,386.42,
2025-02-02,Furniture,127,254,395.46,
2025-02-03,Furniture,141,334,404.5,
2025-02-04,Furniture,156,414,413.54,
2025-02-05,Furniture,168,481,414.17,
2025-02-06,Furniture,152,359,409.13,
2025-02-07,Furniture,119,242,400.82,
2025-02-08,Furniture,126,298,395.29,
2025-02-09,Furniture,134,355,389.75,
2025-02-10,Furniture,141,411,384.22,
2025-02-11,Furniture,156,450,393.28,
2025-02-12,Furniture,170,488,402.33,
2025-02-13,Furniture,144,398,402.44,
2025-02-14,Furniture,119,308,402.56,
2025-02-15,Furniture,143,417,418.6,
2025-02-16,Furniture,138,303,394.45,
2025-02-17,Furniture,134,351,413.91,
2025-02-18,Furniture,180,406,382.39,
2025-02-19,Furniture,162,377,395.5,
2025-02-20,Furniture,143,278,396.77,
2025-02-21,Furniture,149,322,390.94,
2025-02-22,Furniture,140,257,408.2,
2025-02-23,Furniture,138,366,392.03,
2025-02-24,Furniture,134,271,394.44,
2025-02-25,Furniture,153,335,397.78,
2025-02-26,Furniture,172,399,401.11,
2025-02-27,Furniture,468,1208,403.43,
2025-02-28,Furniture,765,2016,405.75,spike
2025-03-01,Furniture,113,176,412.14,
2025-03-02,Furniture,134,322,402.56,
2025-03-03,Furniture,145,250,392.98,
2025-03-04,Furniture,172,295,415.08,
2025-03-05,Furniture,144,310,417.05,
2025-03-06,Furniture,157,362,392.99,
2025-03-07,Furniture,143,227,417.86,
2025-03-08,Furniture,129,259,404.52,
2025-03-09,Furniture,143,254,379.76,
2025-03-10,Furniture,156,300,384.76,
2025-03-11,Furniture,170,347,389.75,
2025-03-12,Furniture,158,324,390.4,
2025-03-13,Furniture,147,300,391.06,
2025-03-14,Furniture,131,387,391.71,
2025-03-15,Furniture,136,223,417.05,
2025-03-16,Furniture,137,395,389.49,
2025-03-17,Furniture,150,326,394.04,
2025-03-18,Furniture,160,411,387.2,
2025-03-19,Furniture,171,496,380.35,
2025-03-20,Furniture,159,434,407.32,
2025-03-21,Furniture,142,213,409.62,
2025-03-22,Furniture,128,300,410.39,
2025-03-23,Furniture,151,349,382.87,
2025-03-24,Furniture,153,331,379.69,
2025-03-25,Furniture,163,310,398.13,
2025-03-26,Furniture,176,342,386.45,
2025-03-27,Furniture,168,368,400.13,
2025-03-28,Furniture,134,334,414.09,
2025-03-29,Furniture,139,422,415.34,
2025-03-30,Furniture,144,342,403.05,
2025-03-31,Furniture,129,364,391.85,
2025-04-01,Furniture,184,453,410.09,
2025-04-02,Furniture,182,462,409.52,
2025-04-03,Furniture,179,471,408.96,
2025-04-04,Furniture,171,430,407.85,
2025-04-05,Furniture,162,389,406.73,
2025-04-06,Furniture,154,348,405.62,
2025-04-07,Furniture,151,277,393.32,
2025-04-08,Furniture,168,396,405.12,
2025-04-09,Furniture,184,516,416.93,
2025-04-10,Furniture,167,475,394.05,
2025-04-11,Furniture,162,357,387.3,
2025-04-12,Furniture,158,239,380.56,
2025-04-13,Furniture,153,349,402.04,
2025-04-14,Furniture,160,323,413.35,
2025-04-15,Furniture,183,359,395.57,
2025-04-16,Furniture,174,395,410.33,
2025-04-17,Furniture,164,417,384.85,
2025-04-18,Furniture,147,341,391.8,
2025-04-19,Furniture,137,247,399.14,
2025-04-20,Furniture,132,207,404.01,
2025-04-21,Furniture,152,389,408.88,
2025-04-22,Furniture,171,534,398.87,
2025-04-23,Furniture,190,349,385.58,
2025-04-24,Furniture,158,324,399.42,
2025-04-25,Furniture,127,299,413.25,
2025-04-26,Furniture,117,191,405.74,
2025-04-27,Furniture,140,244,410.55,
2025-04-28,Furniture,123,188,402.85,
2025-04-29,Furniture,160,416,402.63,
2025-04-30,Furniture,176,353,385.15,
2025-05-01,Furniture,132,278,412.48,
2025-05-02,Furniture,124,186,414.97,
2025-05-03,Furniture,131,246,414.68,
2025-05-04,Furniture,138,305,414.38,
2025-05-05,Furniture,151,240,383.5,
2025-05-06,Furniture,180,470,400.51,
2025-05-07,Furniture,181,492,387.69,
2025-05-08,Furniture,173,370,415.84,
2025-05-09,Furniture,130,277,404.8,
2025-05-10,Furniture,131,322,414.68,
2025-05-11,Furniture,131,366,408.94,
2025-05-12,Furniture,139,319,413.43,
2025-05-13,Furniture,163,403,403.2,
2025-05-14,Furniture,185,406,394.44,
2025-05-15,Furniture,170,326,385.68,
2025-05-16,Furniture,146,226,400.72,
2025-05-17,Furniture,121,315,392.53,
2025-05-18,Furniture,131,242,389.25,
2025-05-19,Furniture,133,366,404.55,
2025-05-20,Furniture,164,252,399.83,
2025-05-21,Furniture,158,327,408.58,
2025-05-22,Furniture,152,402,417.34,
2025-05-23,Furniture,10,29,413.72,drop
2025-05-24,Furniture,125,252,407.25,
2025-05-25,Furniture,131,241,416.93,
2025-05-26,Furniture,150,289,417.52,
2025-05-27,Furniture,162,396,409.16,
2025-05-28,Furniture,173,503,400.8,
2025-05-29,Furniture,160,465,382.58,
2025-05-30,Furniture,124,340,395.88,
2025-05-31,Furniture,125,201,416.02,
2025-06-01,Furniture,126,200,400.65,
2025-06-02,Furniture,132,199,398.84,
2025-06-03,Furniture,146,250,391.04,
2025-06-04,Furniture,160,302,383.25,
2025-06-05,Furniture,167,500,403.24,
2025-06-06,Furniture,119,355,390.9,
2025-06-07,Furniture,127,190,407.76,
2025-06-08,Furniture,116,259,380.26,
2025-06-09,Furniture,134,254,411.03,
2025-06-10,Furniture,150,306,396.19,
2025-06-11,Furniture,140,279,405.89,
2025-06-12,Furniture,130,260,396.24,
2025-06-13,Furniture,120,241,386.59,
2025-06-14,Furniture,126,285,408.02,
2025-06-15,Furniture,131,245,418.77,
2025-06-16,Furniture,137,221,394.46,
2025-06-17,Furniture,158,461,400.32,
2025-06-18,Furniture,149,428,386.0,
2025-06-19,Furniture,140,273,414.15,
2025-06-20,Furniture,105,207,396.78,
2025-06-21,Furniture,110,278,413.3,
2025-06-22,Furniture,114,196,400.47,
2025-06-23,Furniture,118,210,409.74,
2025-06-24,Furniture,140,271,417.09,
2025-06-25,Furniture,135,233,416.58,
2025-06-26,Furniture,130,195,416.07,
2025-06-27,Furniture,104,266,394.63,
2025-06-28,Furniture,101,243,415.62,
2025-06-29,Furniture,108,265,393.96,
2025-06-30,Furniture,114,305,381.32,
2023-01-02,Groceries,511,1338,8.43,
2023-01-03,Groceries,559,1040,8.55,
2023-01-04,Groceries,624,1333,8.46,
2023-01-05,Groceries,587,1306,8.43,
2023-01-06,Groceries,550,1280,8.39,
2023-01-07,Groceries,513,1254,8.36,
2023-01-08,Groceries,476,1227,8.32,
2023-01-09,Groceries,534,1241,8.82,
2023-01-10,Groceries,520,1254,8.59,
2023-01-11,Groceries,709,2072,8.23,
2023-01-12,Groceries,624,1440,8.48,
2023-01-13,Groceries,459,1200,8.87,
2023-01-14,Groceries,516,1440,8.91,
2023-01-15,Groceries,585,900,8.26,
2023-01-16,Groceries,566,1675,8.58,
2023-01-17,Groceries,655,1744,8.1,
2023-01-18,Groceries,684,1175,8.52,
2023-01-19,Groceries,620,1633,8.72,
2023-01-20,Groceries,511,1492,8.6,
2023-01-21,Groceries,536,1350,8.26,
2023-01-22,Groceries,560,1088,8.49,
2023-01-23,Groceries,666,1762,8.28,
2023-01-24,Groceries,745,1787,8.07,
2023-01-25,Groceries,667,1820,8.76,
2023-01-26,Groceries,656,1950,8.14,
2023-01-27,Groceries,541,968,8.91,
2023-01-28,Groceries,564,1560,8.79,
2023-01-29,Groceries,575,876,8.5,
2023-01-30,Groceries,616,1523,8.31,
2023-01-31,Groceries,727,1486,8.87,
2023-02-01,Groceries,696,1641,8.46,
2023-02-02,Groceries,637,1495,8.77,
2023-02-03,Groceries,648,1209,8.54,
2023-02-04,Groceries,563,1357,8.5,
2023-02-05,Groceries,688,1758,8.7,
2023-02-06,Groceries,631,1503,8.27,
2023-02-07,Groceries,598,1417,8.54,
2023-02-08,Groceries,711,1331,8.71,
2023-02-09,Groceries,690,1430,8.8,
2023-02-10,Groceries,636,1494,8.67,
2023-02-11,Groceries,583,1557,8.54,
2023-02-12,Groceries,621,1621,8.46,
2023-02-13,Groceries,676,1903,8.54,
2023-02-14,Groceries,731,2185,8.62,
2023-02-15,Groceries,710,1719,8.57,
2023-02-16,Groceries,673,1313,8.48,
2023-02-17,Groceries,545,874,8.79,
2023-02-18,Groceries,555,904,8.77,
2023-02-19,Groceries,642,1265,8.4,
2023-02-20,Groceries,709,1550,8.7,
2023-02-21,Groceries,816,2143,8.41,
2023-02-22,Groceries,194,337,8.45,drop
2023-02-23,Groceries,672,1763,8.85,
2023-02-24,Groceries,36,68,8.1,drop
2023-02-25,Groceries,589,1116,8.89,
2023-02-26,Groceries,596,1059,8.89,
2023-02-27,Groceries,604,1002,8.45,
2023-02-28,Groceries,795,1339,8.87,
2023-03-01,Groceries,857,1604,8.27,
2023-03-02,Groceries,855,1641,8.27,
2023-03-03,Groceries,853,1678,8.28,
2023-03-04,Groceries,851,1715,8.28,
2023-03-05,Groceries,848,1753,8.28,
2023-03-06,Groceries,846,1790,8.28,
2023-03-07,Groceries,844,1827,8.29,
2023-03-08,Groceries,842,1864,8.29,
2023-03-09,Groceries,830,2441,8.47,
2023-03-10,Groceries,616,1858,8.8,
2023-03-11,Groceries,580,1274,8.17,
2023-03-12,Groceries,654,1318,8.17,
2023-03-13,Groceries,649,1563,8.18,
2023-03-14,Groceries,767,2160,8.14,
2023-03-15,Groceries,827,2078,8.39,
2023-03-16,Groceries,759,2003,8.25,
2023-03-17,Groceries,614,1150,8.4,
2023-03-18,Groceries,614,1015,8.8,
2023-03-19,Groceries,680,1328,8.74,
2023-03-20,Groceries,2439,6112,8.72,spike
2023-03-21,Groceries,782,4149,8.32,
2023-03-22,Groceries,888,2186,8.3,
2023-03-23,Groceries,832,2336,8.19,
2023-03-24,Groceries,599,1106,8.75,
2023-03-25,Groceries,615,1362,8.59,
2023-03-26,Groceries,651,1176,8.53,
2023-03-27,Groceries,730,1256,8.5,
2023-03-28,Groceries,868,1337,8.16,
2023-03-29,Groceries,892,2565,8.3,
2023-03-30,Groceries,799,2393,8.79,
2023-03-31,Groceries,631,1199,8.61,
2023-04-01,Groceries,552,1448,8.81,
2023-04-02,Groceries,644,1460,8.61,
2023-04-03,Groceries,638,1472,8.26,
2023-04-04,Groceries,835,1953,8.53,
2023-04-05,Groceries,815,2081,8.28,
2023-04-06,Groceries,761,2172,8.53,
2023-04-07,Groceries,585,1666,8.66,
2023-04-08,Groceries,574,1528,8.5,
2023-04-09,Groceries,564,1390,8.35,
2023-04-10,Groceries,727,1489,8.26,
2023-04-11,Groceries,890,1587,8.18,
2023-04-12,Groceries,797,1327,8.45,
2023-04-13,Groceries,709,1650,8.1,
2023-04-14,Groceries,622,1503,8.65,
2023-04-15,Groceries,613,1347,8.74,
2023-04-16,Groceries,608,1267,8.57,
2023-04-17,Groceries,677,1341,8.23,
2023-04-18,Groceries,831,2203,8.46,
2023-04-19,Groceries,848,1397,8.44,
2023-04-20,Groceries,689,1430,8.39,
2023-04-21,Groceries,633,1884,8.73,
2023-04-22,Groceries,659,1639,8.38,
2023-04-23,Groceries,652,1305,8.29,
2023-04-24,Groceries,677,1344,8.2,
2023-04-25,Groceries,815,2435,8.35,
2023-04-26,Groceries,811,2111,8.33,
2023-04-27,Groceries,653,1562,8.31,
2023-04-28,Groceries,583,1657,8.68,
2023-04-29,Groceries,546,831,8.43,
2023-04-30,Groceries,716,1732,8.55,
2023-05-01,Groceries,616,1773,8.14,
2023-05-02,Groceries,620,1698,8.36,
2023-05-03,Groceries,623,1624,8.58,
2023-05-04,Groceries,627,1267,8.51,
2023-05-05,Groceries,630,1659,8.18,
2023-05-06,Groceries,604,1565,8.41,
2023-05-07,Groceries,579,1471,8.65,
2023-05-08,Groceries,688,1684,8.54,
2023-05-09,Groceries,796,1898,8.44,
2023-05-10,Groceries,756,1944,8.44,
2023-05-11,Groceries,716,1991,8.44,
2023-05-12,Groceries,626,1110,8.46,
2023-05-13,Groceries,536,1417,8.22,
2023-05-14,Groceries,555,1542,8.88,
2023-05-15,Groceries,632,1390,8.38,
2023-05-16,Groceries,709,1546,8.09,
2023-05-17,Groceries,797,2296,8.45,
2023-05-18,Groceries,677,1922,8.1,
2023-05-19,Groceries,472,813,8.36,
2023-05-20,Groceries,556,1080,8.14,
2023-05-21,Groceries,631,1346,8.78,
2023-05-22,Groceries,642,1613,8.75,
2023-05-23,Groceries,775,1542,8.47,
2023-05-24,Groceries,799,1470,8.54,
2023-05-25,Groceries,722,1533,8.6,
2023-05-26,Groceries,502,1244,8.66,
2023-05-27,Groceries,486,1005,8.69,
2023-05-28,Groceries,597,1167,8.48,
2023-05-29,Groceries,595,1440,8.53,
2023-05-30,Groceries,757,1713,8.49,
2023-05-31,Groceries,727,1852,8.77,
2023-06-01,Groceries,461,799,8.3,
2023-06-02,Groceries,480,1230,8.23,
2023-06-03,Groceries,595,1335,8.5,
2023-06-04,Groceries,568,900,8.11,
2023-06-05,Groceries,550,1545,8.52,
2023-06-06,Groceries,600,1574,8.54,
2023-06-07,Groceries,650,1602,8.72,
2023-06-08,Groceries,645,1082,8.37,
2023-06-09,Groceries,600,1004,8.44,
2023-06-10,Groceries,556,927,8.52,
2023-06-11,Groceries,549,1266,8.63,
2023-06-12,Groceries,596,1692,8.52,
2023-06-13,Groceries,681,1686,8.38,
2023-06-14,Groceries,656,1417,8.81,
2023-06-15,Groceries,630,1683,8.13,
2023-06-16,Groceries,489,1265,8.5,
2023-06-17,Groceries,548,823,8.12,
2023-06-18,Groceries,540,1621,8.76,
2023-06-19,Groceries,560,1263,8.17,
2023-06-20,Groceries,616,1606,8.34,
2023-06-21,Groceries,671,1950,8.52,
2023-06-22,Groceries,593,1090,8.69,
2023-06-23,Groceries,465,1150,8.57,
2023-06-24,Groceries,522,1293,8.71,
2023-06-25,Groceries,528,999,8.62,
2023-06-26,Groceries,518,1248,8.83,
2023-06-27,Groceries,164,414,8.86,drop
2023-06-28,Groceries,641,1407,8.52,
2023-06-29,Groceries,651,1643,8.17,
2023-06-30,Groceries,489,1452,8.25,
2023-07-01,Groceries,456,1563,8.61,
2023-07-02,Groceries,574,1675,8.59,
2023-07-03,Groceries,692,1786,8.57,
2023-07-04,Groceries,640,1041,8.18,
2023-07-05,Groceries,589,1127,8.18,
2023-07-06,Groceries,538,1212,8.18,
2023-07-07,Groceries,487,1298,8.18,
2023-07-08,Groceries,494,932,8.55,
2023-07-09,Groceries,499,1456,8.07,
2023-07-10,Groceries,548,714,8.66,
2023-07-11,Groceries,580,1207,8.46,
2023-07-12,Groceries,590,933,8.83,
2023-07-13,Groceries,598,1229,8.37,
2023-07-14,Groceries,523,1120,8.84,
2023-07-15,Groceries,448,1072,8.09,
2023-07-16,Groceries,460,1364,8.91,
2023-07-17,Groceries,481,976,8.83,
2023-07-18,Groceries,623,1329,8.17,
2023-07-19,Groceries,614,1781,8.8,
2023-07-20,Groceries,549,1246,8.33,
2023-07-21,Groceries,420,661,8.28,
2023-07-22,Groceries,409,1116,8.55,
2023-07-23,Groceries,404,962,8.87,
2023-07-24,Groceries,463,942,8.75,
2023-07-25,Groceries,545,1147,8.07,
2023-07-26,Groceries,548,1178,8.61,
2023-07-27,Groceries,490,1294,8.32,
2023-07-28,Groceries,390,701,8.28,
2023-07-29,Groceries,436,1224,8.2,
2023-07-30,Groceries,412,1252,8.23,
2023-07-31,Groceries,439,1279,8.73,
2023-08-01,Groceries,601,1204,8.77,
2023-08-02,Groceries,571,1257,8.89,
2023-08-03,Groceries,553,1214,8.75,
2023-08-04,Groceries,535,1170,8.62,
2023-08-05,Groceries,401,819,8.36,
2023-08-06,Groceries,413,829,8.58,
2023-08-07,Groceries,486,1038,8.42,
2023-08-08,Groceries,559,1247,8.26,
2023-08-09,Groceries,519,1230,8.54,
2023-08-10,Groceries,479,1213,8.82,
2023-08-11,Groceries,390,1148,8.83,
2023-08-12,Groceries,342,906,8.53,
2023-08-13,Groceries,389,744,8.24,
2023-08-14,Groceries,385,581,8.65,
2023-08-15,Groceries,541,1565,8.78,
2023-08-16,Groceries,578,1547,8.91,
2023-08-17,Groceries,449,806,8.37,
2023-08-18,Groceries,420,1092,8.68,
2023-08-19,Groceries,390,616,8.66,
2023-08-20,Groceries,384,981,8.6,
2023-08-21,Groceries,440,1052,8.45,
2023-08-22,Groceries,496,846,8.23,
2023-08-23,Groceries,505,762,8.87,
2023-08-24,Groceries,412,758,8.39,
2023-08-25,Groceries,353,753,8.57,
2023-08-26,Groceries,369,1098,8.9,
2023-08-27,Groceries,390,1103,8.62,
2023-08-28,Groceries,396,618,8.4,
2023-08-29,Groceries,513,945,8.79,
2023-08-30,Groceries,447,1029,8.69,
2023-08-31,Groceries,2403,5772,8.48,spike
2023-09-01,Groceries,311,807,8.26,
2023-09-02,Groceries,363,599,8.61,
2023-09-03,Groceries,366,1093,8.38,
2023-09-04,Groceries,390,956,8.36,
2023-09-05,Groceries,414,819,8.35,
2023-09-06,Groceries,495,1244,8.33,
2023-09-07,Groceries,430,806,8.69,
2023-09-08,Groceries,343,781,8.12,
2023-09-09,Groceries,354,744,8.41,
2023-09-10,Groceries,330,931,8.71,
2023-09-11,Groceries,397,659,8.78,
2023-09-12,Groceries,427,1162,8.78,
2023-09-13,Groceries,478,927,8.55,
2023-09-14,Groceries,439,1174,8.5,
2023-09-15,Groceries,384,758,8.07,
2023-09-16,Groceries,349,526,8.39,
2023-09-17,Groceries,333,679,8.84,
2023-09-18,Groceries,377,861,8.22,
2023-09-19,Groceries,453,832,8.61,
2023-09-20,Groceries,441,967,8.83,
2023-09-21,Groceries,387,951,8.47,
2023-09-22,Groceries,315,866,8.72,
2023-09-23,Groceries,328,659,8.21,
2023-09-24,Groceries,356,961,8.08,
2023-09-25,Groceries,390,771,8.5,
2023-09-26,Groceries,1450,2605,8.19,spike
2023-09-27,Groceries,481,1074,8.53,
2023-09-28,Groceries,414,1214,8.66,
2023-09-29,Groceries,313,883,8.39,
2023-09-30,Groceries,370,983,8.42,
2023-10-01,Groceries,428,1082,8.45,
2023-10-02,Groceries,485,1182,8.48,
2023-10-03,Groceries,424,760,8.83,
2023-10-04,Groceries,578,1454,8.44,
2023-10-05,Groceries,624,1734,8.54,
2023-10-06,Groceries,358,902,8.82,
2023-10-07,Groceries,368,830,8.7,
2023-10-08,Groceries,378,757,8.58,
2023-10-09,Groceries,420,580,8.69,
2023-10-10,Groceries,462,863,8.47,
2023-10-11,Groceries,552,1066,8.28,
2023-10-12,Groceries,643,1270,8.09,
2023-10-13,Groceries,322,964,8.1,
2023-10-14,Groceries,305,731,8.39,
2023-10-15,Groceries,332,704,8.32,
2023-10-16,Groceries,360,677,8.26,
2023-10-17,Groceries,431,762,8.17,
2023-10-18,Groceries,467,818,8.79,
2023-10-19,Groceries,430,1164,8.12,
2023-10-20,Groceries,394,986,8.19,
2023-10-21,Groceries,357,1047,8.46,
2023-10-22,Groceries,354,880,8.37,
2023-10-23,Groceries,429,713,8.45,
2023-10-24,Groceries,497,846,8.1,
2023-10-25,Groceries,451,980,8.4,
2023-10-26,Groceries,419,1227,8.12,
2023-10-27,Groceries,330,722,8.49,
2023-10-28,Groceries,359,1008,8.86,
2023-10-29,Groceries,340,979,8.66,
2023-10-30,Groceries,439,708,8.25,
2023-10-31,Groceries,538,1584,8.29,
2023-11-01,Groceries,770,1881,8.63,
2023-11-02,Groceries,624,949,8.65,
2023-11-03,Groceries,478,843,8.78,
2023-11-04,Groceries,525,894,8.51,
2023-11-05,Groceries,525,1080,8.73,
2023-11-06,Groceries,568,1172,8.1,
2023-11-07,Groceries,634,1350,8.67,
2023-11-08,Groceries,736,1146,8.65,
2023-11-09,Groceries,691,1047,8.22,
2023-11-10,Groceries,472,844,8.59,
2023-11-11,Groceries,538,1199,8.78,
2023-11-12,Groceries,502,1224,8.75,
2023-11-13,Groceries,558,1669,8.26,
2023-11-14,Groceries,672,1409,8.19,
2023-11-15,Groceries,722,1732,8.4,
2023-11-16,Groceries,659,1651,8.18,
2023-11-17,Groceries,499,1336,8.65,
2023-11-18,Groceries,533,1010,8.55,
2023-11-19,Groceries,605,1502,8.14,
2023-11-20,Groceries,578,1451,8.21,
2023-11-21,Groceries,690,1319,8.67,
2023-11-22,Groceries,802,2228,8.1,
2023-11-23,Groceries,617,1241,8.56,
2023-11-24,Groceries,576,1468,8.42,
2023-11-25,Groceries,536,929,8.55,
2023-11-26,Groceries,595,1409,8.82,
2023-11-27,Groceries,593,1537,8.68,
2023-11-28,Groceries,789,2298,8.7,
2023-11-29,Groceries,782,1680,8.35,
2023-11-30,Groceries,666,1364,8.33,
2023-12-01,Groceries,575,1245,8.64,
2023-12-02,Groceries,573,1107,8.74,
2023-12-03,Groceries,593,1306,8.84,
2023-12-04,Groceries,666,1614,8.86,
2023-12-05,Groceries,738,1922,8.89,
2023-12-06,Groceries,806,2382,8.85,
2023-12-07,Groceries,711,1921,8.5,
2023-12-08,Groceries,616,1460,8.16,
2023-12-09,Groceries,665,1530,8.52,
2023-12-10,Groceries,387,1047,8.65,
2023-12-11,Groceries,705,1403,8.57,
2023-12-12,Groceries,773,1659,8.41,
2023-12-13,Groceries,775,1875,8.4,
2023-12-14,Groceries,711,1809,8.68,
2023-12-15,Groceries,675,1759,8.61,
2023-12-16,Groceries,639,1708,8.54,
2023-12-17,Groceries,607,1658,8.56,
2023-12-18,Groceries,717,1773,8.57,
2023-12-19,Groceries,828,2413,8.57,
2023-12-20,Groceries,862,1348,8.59,
2023-12-21,Groceries,697,1842,8.9,
2023-12-22,Groceries,1527,3508,8.19,
2023-12-23,Groceries,2357,5175,8.75,spike
2023-12-24,Groceries,1524,3148,8.79,
2023-12-25,Groceries,690,1120,8.83,
2023-12-26,Groceries,877,1381,8.37,
2023-12-27,Groceries,843,2433,8.83,
2023-12-28,Groceries,809,1268,8.58,
2023-12-29,Groceries,644,968,8.7,
2023-12-30,Groceries,631,1263,8.81,
2023-12-31,Groceries,718,1817,8.55,
2024-01-01,Groceries,567,901,8.14,
2024-01-02,Groceries,580,922,8.35,
2024-01-03,Groceries,593,943,8.56,
2024-01-04,Groceries,654,1065,8.58,
2024-01-05,Groceries,436,1263,8.57,
2024-01-06,Groceries,482,1104,8.32,
2024-01-07,Groceries,528,946,8.07,
2024-01-08,Groceries,535,1380,8.89,
2024-01-09,Groceries,619,1558,8.7,
2024-01-10,Groceries,703,1737,8.52,
2024-01-11,Groceries,643,1642,8.59,
2024-01-12,Groceries,531,1547,8.65,
2024-01-13,Groceries,511,1156,8.67,
2024-01-14,Groceries,491,764,8.69,
2024-01-15,Groceries,514,1487,8.57,
2024-01-16,Groceries,719,1917,8.1,
2024-01-17,Groceries,704,1486,8.86,
2024-01-18,Groceries,613,1612,8.49,
2024-01-19,Groceries,513,997,8.12,
2024-01-20,Groceries,536,1565,8.48,
2024-01-21,Groceries,556,954,8.38,
2024-01-22,Groceries,590,1691,8.55,
2024-01-23,Groceries,745,1904,8.2,
2024-01-24,Groceries,776,1417,8.62,
2024-01-25,Groceries,670,1881,8.07,
2024-01-26,Groceries,1534,2657,8.49,spike
2024-01-27,Groceries,507,1319,8.08,
2024-01-28,Groceries,601,1150,8.88,
2024-01-29,Groceries,626,1389,8.7,
2024-01-30,Groceries,651,1628,8.52,
2024-01-31,Groceries,730,1502,8.65,
2024-02-01,Groceries,644,1531,8.58,
2024-02-02,Groceries,531,1222,8.33,
2024-02-03,Groceries,554,1133,8.57,
2024-02-04,Groceries,610,1082,8.65,
2024-02-05,Groceries,634,1173,8.86,
2024-02-06,Groceries,691,1813,8.51,
2024-02-07,Groceries,738,1755,8.46,
2024-02-08,Groceries,688,1284,8.37,
2024-02-09,Groceries,569,1615,8.59,
2024-02-10,Groceries,523,1161,8.32,
2024-02-11,Groceries,562,1354,8.53,
2024-02-12,Groceries,676,1094,8.49,
2024-02-13,Groceries,746,1198,8.45,
2024-02-14,Groceries,848,1301,8.64,
2024-02-15,Groceries,700,1294,8.39,
2024-02-16,Groceries,551,1287,8.14,
2024-02-17,Groceries,621,1859,8.45,
2024-02-18,Groceries,641,1380,8.82,
2024-02-19,Groceries,701,1239,8.07,
2024-02-20,Groceries,760,1776,8.46,
2024-02-21,Groceries,820,2312,8.84,
2024-02-22,Groceries,691,1772,8.71,
2024-02-23,Groceries,615,1232,8.61,
2024-02-24,Groceries,573,1482,8.28,
2024-02-25,Groceries,614,1263,8.9,
2024-02-26,Groceries,654,1509,8.08,
2024-02-27,Groceries,732,1756,8.4,
2024-02-28,Groceries,810,2002,8.72,
2024-02-29,Groceries,766,2132,8.17,
2024-03-01,Groceries,560,1022,8.48,
2024-03-02,Groceries,628,1190,8.85,
2024-03-03,Groceries,588,1037,8.61,
2024-03-04,Groceries,796,1492,8.66,
2024-03-05,Groceries,611,1631,8.44,
2024-03-06,Groceries,540,1439,8.51,
2024-03-07,Groceries,470,1248,8.59,
2024-03-08,Groceries,399,1056,8.66,
2024-03-09,Groceries,516,1269,8.52,
2024-03-10,Groceries,634,1482,8.37,
2024-03-11,Groceries,688,1293,8.22,
2024-03-12,Groceries,806,1797,8.1,
2024-03-13,Groceries,917,1420,8.79,
2024-03-14,Groceries,760,1371,8.43,
2024-03-15,Groceries,602,1739,8.83,
2024-03-16,Groceries,582,1325,8.46,
2024-03-17,Groceries,562,911,8.08,
2024-03-18,Groceries,665,1938,8.56,
2024-03-19,Groceries,762,1749,8.88,
2024-03-20,Groceries,772,2271,8.12,
2024-03-21,Groceries,811,1982,8.22,
2024-03-22,Groceries,599,1149,8.08,
2024-03-23,Groceries,584,1179,8.58,
2024-03-24,Groceries,630,1610,8.13,
2024-03-25,Groceries,676,1469,8.41,
2024-03-26,Groceries,857,2379,8.33,
2024-03-27,Groceries,781,1788,8.63,
2024-03-28,Groceries,705,1198,8.11,
2024-03-29,Groceries,668,1246,8.2,
2024-03-30,Groceries,632,1293,8.3,
2024-03-31,Groceries,652,1438,8.61,
2024-04-01,Groceries,697,1583,8.17,
2024-04-02,Groceries,885,1890,8.75,
2024-04-03,Groceries,818,1643,8.48,
2024-04-04,Groceries,751,1396,8.22,
2024-04-05,Groceries,618,1601,8.66,
2024-04-06,Groceries,698,1811,8.31,
2024-04-07,Groceries,609,1003,8.83,
2024-04-08,Groceries,669,1685,8.5,
2024-04-09,Groceries,622,1446,8.38,
2024-04-10,Groceries,820,1245,8.72,
2024-04-11,Groceries,701,1693,8.8,
2024-04-12,Groceries,599,1087,8.79,
2024-04-13,Groceries,603,1405,8.75,
2024-04-14,Groceries,735,2071,8.53,
2024-04-15,Groceries,676,1763,8.72,
2024-04-16,Groceries,724,2036,8.19,
2024-04-17,Groceries,893,1432,8.36,
2024-04-18,Groceries,736,1246,8.75,
2024-04-19,Groceries,549,1330,8.34,
2024-04-20,Groceries,609,1672,8.73,
2024-04-21,Groceries,647,1171,8.14,
2024-04-22,Groceries,572,989,8.41,
2024-04-23,Groceries,679,1212,8.32,
2024-04-24,Groceries,786,1434,8.22,
2024-04-25,Groceries,725,1358,8.79,
2024-04-26,Groceries,601,1412,8.57,
2024-04-27,Groceries,633,1892,8.6,
2024-04-28,Groceries,603,1150,8.47,
2024-04-29,Groceries,646,1835,8.86,
2024-04-30,Groceries,760,1833,8.89,
2024-05-01,Groceries,862,2065,8.59,
2024-05-02,Groceries,844,2008,8.5,
2024-05-03,Groceries,827,1939,8.43,
2024-05-04,Groceries,738,1929,8.54,
2024-05-05,Groceries,650,1919,8.64,
2024-05-06,Groceries,638,1169,8.6,
2024-05-07,Groceries,744,1251,8.56,
2024-05-08,Groceries,850,1333,8.52,
2024-05-09,Groceries,710,1419,8.31,
2024-05-10,Groceries,582,1009,8.8,
2024-05-11,Groceries,572,1190,8.37,
2024-05-12,Groceries,608,1162,8.24,
2024-05-13,Groceries,644,1133,8.12,
2024-05-14,Groceries,680,1574,8.34,
2024-05-15,Groceries,716,2015,8.57,
2024-05-16,Groceries,759,1503,8.49,
2024-05-17,Groceries,533,950,8.37,
2024-05-18,Groceries,596,1737,8.43,
2024-05-19,Groceries,592,1286,8.46,
2024-05-20,Groceries,632,1505,8.14,
2024-05-21,Groceries,796,1700,8.19,
2024-05-22,Groceries,753,1395,8.54,
2024-05-23,Groceries,651,1151,8.9,
2024-05-24,Groceries,549,1507,8.5,
2024-05-25,Groceries,593,1656,8.8,
2024-05-26,Groceries,561,1164,8.82,
2024-05-27,Groceries,634,1780,8.5,
2024-05-28,Groceries,736,1286,8.76,
2024-05-29,Groceries,816,2333,8.16,
2024-05-30,Groceries,672,1104,8.78,
2024-05-31,Groceries,530,1452,8.52,
2024-06-01,Groceries,271,108,8.71,drop
2024-06-02,Groceries,424,1256,8.54,
2024-06-03,Groceries,577,1342,8.23,
2024-06-04,Groceries,739,1446,8.29,
2024-06-05,Groceries,689,1784,8.07,
2024-06-06,Groceries,687,1090,8.35,
2024-06-07,Groceries,485,1412,8.89,
2024-06-08,Groceries,492,1331,8.65,
2024-06-09,Groceries,536,950,8.23,
2024-06-10,Groceries,646,1600,8.32,
2024-06-11,Groceries,757,2249,8.42,
2024-06-12,Groceries,687,1982,8.51,
2024-06-13,Groceries,617,1714,8.6,
2024-06-14,Groceries,471,743,8.78,
2024-06-15,Groceries,511,801,8.77,
2024-06-16,Groceries,537,1416,8.61,
2024-06-17,Groceries,557,1206,8.33,
2024-06-18,Groceries,758,1954,8.55,
2024-06-19,Groceries,660,1413,8.33,
2024-06-20,Groceries,574,1277,8.45,
2024-06-21,Groceries,487,1185,8.51,
2024-06-22,Groceries,533,1095,8.46,
2024-06-23,Groceries,539,922,8.86,
2024-06-24,Groceries,559,970,8.6,
2024-06-25,Groceries,663,1017,8.8,
2024-06-26,Groceries,710,1339,8.91,
2024-06-27,Groceries,597,1116,8.24,
2024-06-28,Groceries,487,1208,8.74,
2024-06-29,Groceries,520,1526,8.56,
2024-06-30,Groceries,484,1308,8.37,
2024-07-01,Groceries,531,1333,8.43,
2024-07-02,Groceries,603,1421,8.42,
2024-07-03,Groceries,676,1509,8.41,
2024-07-04,Groceries,710,1082,8.66,
2024-07-05,Groceries,664,1443,8.52,
2024-07-06,Groceries,480,1328,8.75,
2024-07-07,Groceries,531,1055,8.89,
2024-07-08,Groceries,574,937,8.43,
2024-07-09,Groceries,618,1458,8.85,
2024-07-10,Groceries,468,1035,8.4,
2024-07-11,Groceries,535,1140,8.77,
2024-07-12,Groceries,446,810,8.5,
2024-07-13,Groceries,478,1115,8.42,
2024-07-14,Groceries,477,891,8.16,
2024-07-15,Groceries,464,837,8.74,
2024-07-16,Groceries,604,1274,8.64,
2024-07-17,Groceries,586,1361,8.68,
2024-07-18,Groceries,540,1190,8.45,
2024-07-19,Groceries,448,1138,8.18,
2024-07-20,Groceries,454,1349,8.28,
2024-07-21,Groceries,451,689,8.34,
2024-07-22,Groceries,491,1442,8.29,
2024-07-23,Groceries,555,1530,8.24,
2024-07-24,Groceries,619,1619,8.18,
2024-07-25,Groceries,506,1156,8.41,
2024-07-26,Groceries,379,932,8.36,
2024-07-27,Groceries,403,980,8.73,
2024-07-28,Groceries,477,1028,8.55,
2024-07-29,Groceries,436,999,8.32,
2024-07-30,Groceries,514,1209,8.7,
2024-07-31,Groceries,614,1017,8.75,
2024-08-01,Groceries,515,1541,8.58,
2024-08-02,Groceries,561,1120,8.91,
2024-08-03,Groceries,607,1707,8.58,
2024-08-04,Groceries,394,823,8.41,
2024-08-05,Groceries,423,636,8.64,
2024-08-06,Groceries,507,1343,8.65,
2024-08-07,Groceries,492,900,8.43,
2024-08-08,Groceries,479,1331,8.33,
2024-08-09,Groceries,428,1131,8.43,
2024-08-10,Groceries,378,931,8.23,
2024-08-11,Groceries,385,930,8.75,
2024-08-12,Groceries,1312,3643,8.56,
2024-08-13,Groceries,2239,6356,8.37,spike
2024-08-14,Groceries,553,1259,8.36,
2024-08-15,Groceries,456,854,8.56,
2024-08-16,Groceries,381,858,8.31,
2024-08-17,Groceries,345,760,8.4,
2024-08-18,Groceries,417,791,8.76,
2024-08-19,Groceries,405,1117,8.69,
2024-08-20,Groceries,555,939,8.3,
2024-08-21,Groceries,472,761,8.5,
2024-08-22,Groceries,434,687,8.77,
2024-08-23,Groceries,366,877,8.34,
2024-08-24,Groceries,391,633,8.3,
2024-08-25,Groceries,399,988,8.65,
2024-08-26,Groceries,413,1115,8.59,
2024-08-27,Groceries,460,1325,8.12,
2024-08-28,Groceries,453,1130,8.12,
2024-08-29,Groceries,446,934,8.13,
2024-08-30,Groceries,361,633,8.7,
2024-08-31,Groceries,348,758,8.61,
2024-09-01,Groceries,534,1325,8.46,
2024-09-02,Groceries,567,1188,8.51,
2024-09-03,Groceries,600,1052,8.56,
2024-09-04,Groceries,508,1081,8.41,
2024-09-05,Groceries,417,1110,8.26,
2024-09-06,Groceries,360,621,8.72,
2024-09-07,Groceries,362,993,8.74,
2024-09-08,Groceries,365,766,8.46,
2024-09-09,Groceries,419,1064,8.65,
2024-09-10,Groceries,483,1013,8.17,
2024-09-11,Groceries,427,1208,8.33,
2024-09-12,Groceries,513,1404,8.27,
2024-09-13,Groceries,334,619,8.64,
2024-09-14,Groceries,374,931,8.55,
2024-09-15,Groceries,385,965,8.84,
2024-09-16,Groceries,353,963,8.23,
2024-09-17,Groceries,401,961,8.2,
2024-09-18,Groceries,523,834,8.74,
2024-09-19,Groceries,430,780,8.5,
2024-09-20,Groceries,340,802,8.25,
2024-09-21,Groceries,316,881,8.39,
2024-09-22,Groceries,348,564,8.63,
2024-09-23,Groceries,381,1122,8.26,
2024-09-24,Groceries,497,1013,8.51,
2024-09-25,Groceries,469,1036,8.38,
2024-09-26,Groceries,441,1059,8.25,
2024-09-27,Groceries,305,492,8.07,
2024-09-28,Groceries,329,883,8.69,
2024-09-29,Groceries,381,893,8.89,
2024-09-30,Groceries,362,903,8.62,
2024-10-01,Groceries,420,881,8.53,
2024-10-02,Groceries,392,834,8.59,
2024-10-03,Groceries,365,787,8.66,
2024-10-04,Groceries,337,740,8.72,
2024-10-05,Groceries,347,688,8.66,
2024-10-06,Groceries,463,806,8.27,
2024-10-07,Groceries,256,466,8.44,
2024-10-08,Groceries,48,127,8.61,drop
2024-10-09,Groceries,473,1101,8.6,
2024-10-10,Groceries,457,915,8.51,
2024-10-11,Groceries,340,696,8.74,
2024-10-12,Groceries,318,900,8.11,
2024-10-13,Groceries,318,492,8.89,
2024-10-14,Groceries,391,680,8.84,
2024-10-15,Groceries,464,868,8.79,
2024-10-16,Groceries,441,758,8.75,
2024-10-17,Groceries,418,647,8.71,
2024-10-18,Groceries,362,955,8.64,
2024-10-19,Groceries,355,766,8.78,
2024-10-20,Groceries,339,1015,8.79,
2024-10-21,Groceries,408,934,8.68,
2024-10-22,Groceries,450,1194,8.45,
2024-10-23,Groceries,482,835,8.72,
2024-10-24,Groceries,467,737,8.24,
2024-10-25,Groceries,356,873,8.51,
2024-10-26,Groceries,340,849,8.33,
2024-10-27,Groceries,370,985,8.11,
2024-10-28,Groceries,383,974,8.5,
2024-10-29,Groceries,508,964,8.73,
2024-10-30,Groceries,470,953,8.79,
2024-10-31,Groceries,436,1110,8.26,
2024-11-01,Groceries,545,1390,8.11,
2024-11-02,Groceries,600,1338,8.22,
2024-11-03,Groceries,610,1286,8.5,
2024-11-04,Groceries,620,1086,8.1,
2024-11-05,Groceries,680,1101,8.24,
2024-11-06,Groceries,694,1705,8.14,
2024-11-07,Groceries,709,1495,8.39,
2024-11-08,Groceries,559,1224,8.4,
2024-11-09,Groceries,552,1116,8.71,
2024-11-10,Groceries,546,951,8.56,
2024-11-11,Groceries,626,1400,8.56,
2024-11-12,Groceries,754,1849,8.63,
2024-11-13,Groceries,838,1988,8.34,
2024-11-14,Groceries,680,1641,8.74,
2024-11-15,Groceries,577,922,8.27,
2024-11-16,Groceries,630,1044,8.76,
2024-11-17,Groceries,683,1745,8.75,
2024-11-18,Groceries,736,1554,8.59,
2024-11-19,Groceries,789,1681,8.45,
2024-11-20,Groceries,780,1600,8.48,
2024-11-21,Groceries,718,2112,8.5,
2024-11-22,Groceries,558,914,8.62,
2024-11-23,Groceries,597,1190,8.24,
2024-11-24,Groceries,620,1234,8.75,
2024-11-25,Groceries,643,1065,8.47,
2024-11-26,Groceries,704,1080,8.25,
2024-11-27,Groceries,741,1821,8.81,
2024-11-28,Groceries,781,1528,8.59,
2024-11-29,Groceries,535,1235,8.74,
2024-11-30,Groceries,621,974,8.88,
2024-12-01,Groceries,624,1198,8.25,
2024-12-02,Groceries,604,1223,8.58,
2024-12-03,Groceries,803,1999,8.91,
2024-12-04,Groceries,835,2276,8.2,
2024-12-05,Groceries,712,1705,8.46,
2024-12-06,Groceries,682,1489,8.3,
2024-12-07,Groceries,600,1732,8.34,
2024-12-08,Groceries,532,1262,8.66,
2024-12-09,Groceries,675,1677,8.71,
2024-12-10,Groceries,817,2092,8.77,
2024-12-11,Groceries,792,2384,8.34,
2024-12-12,Groceries,768,1640,8.88,
2024-12-13,Groceries,639,1838,8.26,
2024-12-14,Groceries,646,1663,8.64,
2024-12-15,Groceries,646,1518,8.79,
2024-12-16,Groceries,776,2091,8.62,
2024-12-17,Groceries,810,1461,8.76,
2024-12-18,Groceries,845,1819,8.16,
2024-12-19,Groceries,728,2080,8.25,
2024-12-20,Groceries,571,1055,8.49,
2024-12-21,Groceries,647,1802,8.47,
2024-12-22,Groceries,685,1574,8.83,
2024-12-23,Groceries,698,1347,8.31,
2024-12-24,Groceries,778,1590,8.67,
2024-12-25,Groceries,964,2681,8.12,
2024-12-26,Groceries,769,1877,8.49,
2024-12-27,Groceries,615,1073,8.86,
2024-12-28,Groceries,650,1496,8.33,
2024-12-29,Groceries,728,1927,8.87,
2024-12-30,Groceries,770,1916,8.63,
2024-12-31,Groceries,811,1446,8.25,
2025-01-01,Groceries,715,1612,8.59,
2025-01-02,Groceries,596,1616,8.63,
2025-01-03,Groceries,667,1620,8.57,
2025-01-04,Groceries,738,1624,8.51,
2025-01-05,Groceries,518,1173,8.38,
2025-01-06,Groceries,553,1374,8.46,
2025-01-07,Groceries,682,1576,8.65,
2025-01-08,Groceries,620,1544,8.2,
2025-01-09,Groceries,668,1136,8.87,
2025-01-10,Groceries,550,1205,8.42,
2025-01-11,Groceries,526,1332,8.35,
2025-01-12,Groceries,502,1458,8.28,
2025-01-13,Groceries,569,1512,8.28,
2025-01-14,Groceries,620,1298,8.37,
2025-01-15,Groceries,670,1083,8.46,
2025-01-16,Groceries,599,1103,8.37,
2025-01-17,Groceries,596,1278,8.28,
2025-01-18,Groceries,526,1575,8.6,
2025-01-19,Groceries,600,1446,8.49,
2025-01-20,Groceries,597,1316,8.7,
2025-01-21,Groceries,716,1159,8.46,
2025-01-22,Groceries,703,1450,8.21,
2025-01-23,Groceries,613,1560,8.67,
2025-01-24,Groceries,574,1669,8.5,
2025-01-25,Groceries,497,890,8.5,
2025-01-26,Groceries,589,1207,8.69,
2025-01-27,Groceries,607,957,8.8,
2025-01-28,Groceries,670,1631,8.79,
2025-01-29,Groceries,779,1689,8.91,
2025-01-30,Groceries,666,1854,8.49,
2025-01-31,Groceries,552,1543,8.79,
2025-02-01,Groceries,509,900,8.2,
2025-02-02,Groceries,620,1471,8.79,
2025-02-03,Groceries,619,1801,8.75,
2025-02-04,Groceries,620,2030,8.66,
2025-02-05,Groceries,621,2258,8.56,
2025-02-06,Groceries,622,1416,8.5,
2025-02-07,Groceries,570,1146,8.83,
2025-02-08,Groceries,595,1236,8.72,
2025-02-09,Groceries,620,1325,8.61,
2025-02-10,Groceries,634,1452,8.43,
2025-02-11,Groceries,805,1290,8.91,
2025-02-12,Groceries,858,1936,8.41,
2025-02-13,Groceries,739,1786,8.34,
2025-02-14,Groceries,620,1636,8.27,
2025-02-15,Groceries,634,1602,8.38,
2025-02-16,Groceries,662,1568,8.71,
2025-02-17,Groceries,690,1833,8.47,
2025-02-18,Groceries,744,1528,8.82,
2025-02-19,Groceries,838,2442,8.7,
2025-02-20,Groceries,637,1803,8.49,
2025-02-21,Groceries,583,1712,8.68,
2025-02-22,Groceries,536,953,8.41,
2025-02-23,Groceries,589,1259,8.55,
2025-02-24,Groceries,672,1565,8.63,
2025-02-25,Groceries,743,1510,8.36,
2025-02-26,Groceries,814,1456,8.1,
2025-02-27,Groceries,710,2127,8.29,
2025-02-28,Groceries,605,2797,8.48,
2025-03-01,Groceries,1194,3468,8.62,spike
2025-03-02,Groceries,627,2576,8.11,
2025-03-03,Groceries,688,1683,8.62,
2025-03-04,Groceries,822,2112,8.3,
2025-03-05,Groceries,879,2473,8.85,
2025-03-06,Groceries,720,1790,8.32,
2025-03-07,Groceries,700,1739,8.41,
2025-03-08,Groceries,680,1688,8.51,
2025-03-09,Groceries,660,1637,8.6,
2025-03-10,Groceries,688,994,8.43,
2025-03-11,Groceries,715,351,8.27,drop
2025-03-12,Groceries,742,822,8.32,
2025-03-13,Groceries,770,1293,8.38,
2025-03-14,Groceries,638,1764,8.67,
2025-03-15,Groceries,629,1680,8.68,
2025-03-16,Groceries,644,1859,8.15,
2025-03-17,Groceries,699,1733,8.58,
2025-03-18,Groceries,811,1798,8.43,
2025-03-19,Groceries,923,1864,8.29,
2025-03-20,Groceries,703,1573,8.51,
2025-03-21,Groceries,583,1714,8.73,
2025-03-22,Groceries,578,1282,8.21,
2025-03-23,Groceries,658,1188,8.29,
2025-03-24,Groceries,649,1553,8.48,
2025-03-25,Groceries,796,2276,8.7,
2025-03-26,Groceries,855,2053,8.57,
2025-03-27,Groceries,779,1982,8.58,
2025-03-28,Groceries,566,1089,8.71,
2025-03-29,Groceries,574,1684,8.7,
2025-03-30,Groceries,630,1512,8.44,
2025-03-31,Groceries,703,1341,8.22,
2025-04-01,Groceries,479,845,8.36,
2025-04-02,Groceries,747,1256,8.08,
2025-04-03,Groceries,732,1243,8.16,
2025-04-04,Groceries,718,1230,8.24,
2025-04-05,Groceries,704,1217,8.31,
2025-04-06,Groceries,689,1204,8.39,
2025-04-07,Groceries,661,1684,8.12,
2025-04-08,Groceries,788,1652,8.13,
2025-04-09,Groceries,915,1619,8.14,
2025-04-10,Groceries,697,1587,8.49,
2025-04-11,Groceries,678,1596,8.67,
2025-04-12,Groceries,658,1605,8.85,
2025-04-13,Groceries,649,1491,8.42,
2025-04-14,Groceries,594,1237,8.29,
2025-04-15,Groceries,815,2226,8.11,
2025-04-16,Groceries,891,2353,8.72,
2025-04-17,Groceries,818,1766,8.19,
2025-04-18,Groceries,760,1753,8.65,
2025-04-19,Groceries,701,1393,8.65,
2025-04-20,Groceries,662,1033,8.12,
2025-04-21,Groceries,712,2053,8.27,
2025-04-22,Groceries,767,1667,8.41,
2025-04-23,Groceries,953,2234,8.82,
2025-04-24,Groceries,796,2012,8.75,
2025-04-25,Groceries,638,1789,8.68,
2025-04-26,Groceries,681,1709,8.84,
2025-04-27,Groceries,670,1726,8.19,
2025-04-28,Groceries,661,1904,8.72,
2025-04-29,Groceries,823,1422,8.89,
2025-04-30,Groceries,818,1760,8.77,
2025-05-01,Groceries,786,2063,8.8,
2025-05-02,Groceries,661,1462,8.23,
2025-05-03,Groceries,507,784,8.23,
2025-05-04,Groceries,619,1552,8.2,
2025-05-05,Groceries,684,1132,8.55,
2025-05-06,Groceries,658,1247,8.09,
2025-05-07,Groceries,841,1411,8.44,
2025-05-08,Groceries,723,1575,8.51,
2025-05-09,Groceries,605,1799,8.44,
2025-05-10,Groceries,559,1457,8.55,
2025-05-11,Groceries,627,1017,8.41,
2025-05-12,Groceries,645,1438,8.71,
2025-05-13,Groceries,759,1877,8.16,
2025-05-14,Groceries,873,2344,8.67,
2025-05-15,Groceries,736,2062,8.48,
2025-05-16,Groceries,678,1573,8.1,
2025-05-17,Groceries,621,1323,8.35,
2025-05-18,Groceries,612,1773,8.07,
2025-05-19,Groceries,588,1508,8.7,
2025-05-20,Groceries,750,2147,8.24,
2025-05-21,Groceries,734,2054,8.32,
2025-05-22,Groceries,719,1960,8.39,
2025-05-23,Groceries,544,976,8.89,
2025-05-24,Groceries,621,1498,8.57,
2025-05-25,Groceries,638,1380,8.68,
2025-05-26,Groceries,644,1226,8.53,
2025-05-27,Groceries,700,1600,8.41,
2025-05-28,Groceries,757,1973,8.3,
2025-05-29,Groceries,662,1243,8.5,
2025-05-30,Groceries,534,1152,8.4,
2025-05-31,Groceries,501,1061,8.53,
2025-06-01,Groceries,625,1838,8.54,
2025-06-02,Groceries,661,1664,8.66,
2025-06-03,Groceries,698,1491,8.79,
2025-06-04,Groceries,734,1317,8.91,
2025-06-05,Groceries,796,2382,8.79,
2025-06-06,Groceries,462,978,8.12,
2025-06-07,Groceries,448,1221,8.14,
2025-06-08,Groceries,541,1310,8.83,
2025-06-09,Groceries,568,932,8.29,
2025-06-10,Groceries,633,1886,8.83,
2025-06-11,Groceries,753,1252,8.83,
2025-06-12,Groceries,658,1392,8.82,
2025-06-13,Groceries,562,1532,8.82,
2025-06-14,Groceries,568,1149,8.63,
2025-06-15,Groceries,573,1512,8.71,
2025-06-16,Groceries,631,1758,8.27,
2025-06-17,Groceries,720,1758,8.8,
2025-06-18,Groceries,736,1220,8.79,
2025-06-19,Groceries,593,1259,8.43,
2025-06-20,Groceries,505,781,8.29,
2025-06-21,Groceries,505,798,8.77,
2025-06-22,Groceries,502,881,8.67,
2025-06-23,Groceries,525,811,8.6,
2025-06-24,Groceries,665,1651,8.31,
2025-06-25,Groceries,732,1456,8.7,
2025-06-26,Groceries,669,1744,8.86,
2025-06-27,Groceries,485,1376,8.62,
2025-06-28,Groceries,467,1291,8.55,
2025-06-29,Groceries,542,1207,8.1,
2025-06-30,Groceries,536,1595,8.77,
2023-01-02,Toys,146,253,24.1,
2023-01-03,Toys,190,562,24.12,
2023-01-04,Toys,163,304,24.44,
2023-01-05,Toys,154,369,25.25,
2023-01-06,Toys,150,207,24.76,
2023-01-07,Toys,145,288,24.45,
2023-01-08,Toys,141,370,24.14,
2023-01-09,Toys,134,227,24.86,
2023-01-10,Toys,158,364,25.54,
2023-01-11,Toys,206,519,24.5,
2023-01-12,Toys,173,384,25.23,
2023-01-13,Toys,140,231,24.19,
2023-01-14,Toys,131,327,24.09,
2023-01-15,Toys,122,269,25.33,
2023-01-16,Toys,134,391,25.32,
2023-01-17,Toys,166,392,25.18,
2023-01-18,Toys,197,338,24.85,
2023-01-19,Toys,167,273,24.44,
2023-01-20,Toys,136,314,24.67,
2023-01-21,Toys,140,348,23.77,
2023-01-22,Toys,149,319,25.92,
2023-01-23,Toys,155,295,24.15,
2023-01-24,Toys,197,334,25.03,
2023-01-25,Toys,204,543,24.94,
2023-01-26,Toys,171,330,24.72,
2023-01-27,Toys,135,336,25.89,
2023-01-28,Toys,135,247,24.83,
2023-01-29,Toys,156,358,24.6,
2023-01-30,Toys,165,331,24.17,
2023-01-31,Toys,198,406,24.49,
2023-02-01,Toys,211,561,25.76,
2023-02-02,Toys,192,473,24.95,
2023-02-03,Toys,173,465,25.67,
2023-02-04,Toys,158,416,24.66,
2023-02-05,Toys,184,476,25.31,
2023-02-06,Toys,175,467,24.79,
2023-02-07,Toys,166,458,24.27,
2023-02-08,Toys,136,369,24.5,
2023-02-09,Toys,105,280,24.73,
2023-02-10,Toys,106,247,23.83,
2023-02-11,Toys,133,306,24.82,
2023-02-12,Toys,160,365,25.8,
2023-02-13,Toys,183,468,25.56,
2023-02-14,Toys,206,570,25.31,
2023-02-15,Toys,208,370,25.16,
2023-02-16,Toys,199,485,25.18,
2023-02-17,Toys,174,379,25.19,
2023-02-18,Toys,165,421,24.5,
2023-02-19,Toys,154,444,25.17,
2023-02-20,Toys,179,472,25.6,
2023-02-21,Toys,190,503,25.39,
2023-02-22,Toys,229,375,24.6,
2023-02-23,Toys,192,567,24.49,
2023-02-24,Toys,159,366,25.24,
2023-02-25,Toys,151,416,25.13,
2023-02-26,Toys,166,467,26.08,
2023-02-27,Toys,201,329,25.72,
2023-02-28,Toys,206,417,25.97,
2023-03-01,Toys,199,405,25.76,
2023-03-02,Toys,192,393,25.55,
2023-03-03,Toys,184,381,25.34,
2023-03-04,Toys,177,369,25.13,
2023-03-05,Toys,170,357,24.92,
2023-03-06,Toys,160,452,25.72,
2023-03-07,Toys,193,446,25.12,
2023-03-08,Toys,224,664,24.27,
2023-03-09,Toys,196,542,24.84,
2023-03-10,Toys,169,420,25.4,
2023-03-11,Toys,181,393,25.27,
2023-03-12,Toys,193,365,25.14,
2023-03-13,Toys,205,338,25.01,
2023-03-14,Toys,217,462,25.91,
2023-03-15,Toys,228,368,24.93,
2023-03-16,Toys,194,339,24.05,
2023-03-17,Toys,171,437,25.85,
2023-03-18,Toys,160,398,25.46,
2023-03-19,Toys,199,347,25.06,
2023-03-20,Toys,176,283,25.41,
2023-03-21,Toys,211,344,24.23,
2023-03-22,Toys,223,370,25.31,
2023-03-23,Toys,203,502,25.68,
2023-03-24,Toys,184,301,25.18,
2023-03-25,Toys,164,467,25.64,
2023-03-26,Toys,183,384,24.05,
2023-03-27,Toys,190,399,25.37,
2023-03-28,Toys,224,509,23.73,
2023-03-29,Toys,241,489,25.64,
2023-03-30,Toys,185,469,23.85,
2023-03-31,Toys,181,504,24.01,
2023-04-01,Toys,175,490,24.29,
2023-04-02,Toys,169,475,24.57,
2023-04-03,Toys,163,461,24.86,
2023-04-04,Toys,216,603,24.1,
2023-04-05,Toys,216,349,25.7,
2023-04-06,Toys,206,424,25.08,
2023-04-07,Toys,161,322,25.9,
2023-04-08,Toys,186,537,23.93,
2023-04-09,Toys,190,472,23.72,
2023-04-10,Toys,211,447,23.96,
2023-04-11,Toys,232,423,24.19,
2023-04-12,Toys,253,398,24.43,
2023-04-13,Toys,189,404,24.47,
2023-04-14,Toys,160,311,24.62,
2023-04-15,Toys,166,28,25.67,drop
2023-04-16,Toys,171,335,25.01,
2023-04-17,Toys,34,77,24.22,drop
2023-04-18,Toys,65,569,25.9,
2023-04-19,Toys,96,544,23.93,
2023-04-20,Toys,128,342,26.19,
2023-04-21,Toys,159,382,25.28,
2023-04-22,Toys,143,421,25.19,
2023-04-23,Toys,170,414,24.54,
2023-04-24,Toys,188,407,24.93,
2023-04-25,Toys,215,593,25.6,
2023-04-26,Toys,245,481,25.68,
2023-04-27,Toys,199,310,25.61,
2023-04-28,Toys,172,289,25.54,
2023-04-29,Toys,177,268,26.15,
2023-04-30,Toys,177,279,24.66,
2023-05-01,Toys,173,487,25.0,
2023-05-02,Toys,232,543,23.79,
2023-05-03,Toys,219,456,24.14,
2023-05-04,Toys,206,369,24.5,
2023-05-05,Toys,166,432,24.26,
2023-05-06,Toys,179,341,25.44,
2023-05-07,Toys,192,370,25.25,
2023-05-08,Toys,205,400,25.05,
2023-05-09,Toys,218,429,24.86,
2023-05-10,Toys,244,603,24.7,
2023-05-11,Toys,184,359,24.55,
2023-05-12,Toys,149,312,25.13,
2023-05-13,Toys,149,433,25.03,
2023-05-14,Toys,167,475,25.38,
2023-05-15,Toys,185,495,24.3,
2023-05-16,Toys,244,396,24.1,
2023-05-17,Toys,217,450,24.78,
2023-05-18,Toys,186,401,24.35,
2023-05-19,Toys,166,395,26.13,
2023-05-20,Toys,145,279,25.58,
2023-05-21,Toys,179,393,25.5,
2023-05-22,Toys,161,358,24.06,
2023-05-23,Toys,213,458,24.97,
2023-05-24,Toys,222,618,25.88,
2023-05-25,Toys,189,537,26.08,
2023-05-26,Toys,139,316,25.0,
2023-05-27,Toys,171,362,23.93,
2023-05-28,Toys,162,423,23.71,
2023-05-29,Toys,169,259,25.67,
2023-05-30,Toys,204,578,24.37,
2023-05-31,Toys,200,490,26.15,
2023-06-01,Toys,180,408,25.65,
2023-06-02,Toys,161,326,25.14,
2023-06-03,Toys,91,191,25.52,
2023-06-04,Toys,21,56,25.9,drop
2023-06-05,Toys,152,335,25.43,
2023-06-06,Toys,186,526,24.55,
2023-06-07,Toys,213,477,24.37,
2023-06-08,Toys,116,250,25.59,
2023-06-09,Toys,120,286,25.36,
2023-06-10,Toys,124,323,25.13,
2023-06-11,Toys,160,324,25.65,
2023-06-12,Toys,166,326,23.83,
2023-06-13,Toys,173,497,25.12,
2023-06-14,Toys,186,285,25.82,
2023-06-15,Toys,176,517,24.91,
2023-06-16,Toys,137,374,25.28,
2023-06-17,Toys,135,301,24.96,
2023-06-18,Toys,159,405,25.51,
2023-06-19,Toys,166,369,25.05,
2023-06-20,Toys,176,352,24.86,
2023-06-21,Toys,187,334,24.67,
2023-06-22,Toys,168,351,24.76,
2023-06-23,Toys,136,357,25.64,
2023-06-24,Toys,141,231,24.22,
2023-06-25,Toys,146,358,24.37,
2023-06-26,Toys,146,350,25.82,
2023-06-27,Toys,17,47,23.72,drop
2023-06-28,Toys,193,393,23.96,
2023-06-29,Toys,159,269,24.14,
2023-06-30,Toys,148,380,24.32,
2023-07-01,Toys,134,341,25.03,
2023-07-02,Toys,151,370,24.97,
2023-07-03,Toys,168,400,24.9,
2023-07-04,Toys,185,429,24.84,
2023-07-05,Toys,179,440,24.78,
2023-07-06,Toys,173,409,26.1,
2023-07-07,Toys,121,401,24.0,
2023-07-08,Toys,127,392,24.26,
2023-07-09,Toys,134,384,24.53,
2023-07-10,Toys,140,273,23.87,
2023-07-11,Toys,170,488,26.0,
2023-07-12,Toys,186,498,26.11,
2023-07-13,Toys,153,311,25.06,
2023-07-14,Toys,136,349,25.69,
2023-07-15,Toys,120,214,25.33,
2023-07-16,Toys,145,334,24.99,
2023-07-17,Toys,153,341,26.11,
2023-07-18,Toys,161,481,25.98,
2023-07-19,Toys,172,328,24.13,
2023-07-20,Toys,148,322,25.25,
2023-07-21,Toys,109,307,25.45,
2023-07-22,Toys,117,255,25.54,
2023-07-23,Toys,132,310,25.68,
2023-07-24,Toys,131,283,25.89,
2023-07-25,Toys,156,428,25.11,
2023-07-26,Toys,152,294,25.37,
2023-07-27,Toys,148,429,25.64,
2023-07-28,Toys,130,184,26.1,
2023-07-29,Toys,112,264,25.93,
2023-07-30,Toys,134,343,25.07,
2023-07-31,Toys,130,333,25.25,
2023-08-01,Toys,166,481,25.58,
2023-08-02,Toys,179,356,24.64,
2023-08-03,Toys,144,308,25.18,
2023-08-04,Toys,108,260,25.72,
2023-08-05,Toys,119,326,24.02,
2023-08-06,Toys,194,346,25.21,
2023-08-07,Toys,131,238,25.25,
2023-08-08,Toys,130,259,25.08,
2023-08-09,Toys,130,288,25.58,
2023-08-10,Toys,129,316,26.07,
2023-08-11,Toys,118,321,25.72,
2023-08-12,Toys,106,327,25.38,
2023-08-13,Toys,116,332,25.03,
2023-08-14,Toys,126,354,26.18,
2023-08-15,Toys,148,377,25.04,
2023-08-16,Toys,150,339,24.8,
2023-08-17,Toys,13,312,25.3,drop
2023-08-18,Toys,108,286,24.07,
2023-08-19,Toys,107,208,25.44,
2023-08-20,Toys,118,259,24.17,
2023-08-21,Toys,128,232,23.93,
2023-08-22,Toys,138,378,23.79,
2023-08-23,Toys,151,254,24.92,
2023-08-24,Toys,138,391,25.79,
2023-08-25,Toys,120,286,24.95,
2023-08-26,Toys,101,252,25.42,
2023-08-27,Toys,112,325,26.0,
2023-08-28,Toys,111,185,24.12,
2023-08-29,Toys,127,281,25.95,
2023-08-30,Toys,152,424,24.27,
2023-08-31,Toys,121,456,25.1,
2023-09-01,Toys,105,488,24.47,
2023-09-02,Toys,174,520,24.68,
2023-09-03,Toys,145,250,23.87,
2023-09-04,Toys,102,201,23.95,
2023-09-05,Toys,123,362,23.95,
2023-09-06,Toys,144,337,24.69,
2023-09-07,Toys,125,310,24.52,
2023-09-08,Toys,105,243,24.44,
2023-09-09,Toys,98,246,24.22,
2023-09-10,Toys,114,199,25.47,
2023-09-11,Toys,106,288,25.49,
2023-09-12,Toys,145,416,23.93,
2023-09-13,Toys,132,296,25.78,
2023-09-14,Toys,134,313,26.16,
2023-09-15,Toys,91,254,25.53,
2023-09-16,Toys,106,194,24.56,
2023-09-17,Toys,98,225,24.69,
2023-09-18,Toys,96,174,24.22,
2023-09-19,Toys,136,344,26.02,
2023-09-20,Toys,132,340,23.77,
2023-09-21,Toys,119,356,25.9,
2023-09-22,Toys,101,180,24.81,
2023-09-23,Toys,103,218,25.1,
2023-09-24,Toys,99,152,24.5,
2023-09-25,Toys,101,272,25.65,
2023-09-26,Toys,110,329,24.11,
2023-09-27,Toys,132,366,24.33,
2023-09-28,Toys,119,292,24.55,
2023-09-29,Toys,97,156,24.67,
2023-09-30,Toys,100,178,24.92,
2023-10-01,Toys,104,200,25.17,
2023-10-02,Toys,138,330,25.54,
2023-10-03,Toys,125,226,23.98,
2023-10-04,Toys,178,434,24.22,
2023-10-05,Toys,122,183,25.32,
2023-10-06,Toys,117,198,24.66,
2023-10-07,Toys,112,212,24.0,
2023-10-08,Toys,107,271,25.18,
2023-10-09,Toys,115,215,25.06,
2023-10-10,Toys,123,343,23.88,
2023-10-11,Toys,134,309,24.52,
2023-10-12,Toys,112,225,24.94,
2023-10-13,Toys,90,141,25.35,
2023-10-14,Toys,106,256,24.65,
2023-10-15,Toys,112,294,25.4,
2023-10-16,Toys,119,331,26.15,
2023-10-17,Toys,750,298,24.98,spike
2023-10-18,Toys,128,265,24.63,
2023-10-19,Toys,110,181,24.25,
2023-10-20,Toys,93,249,24.25,
2023-10-21,Toys,105,195,25.26,
2023-10-22,Toys,103,154,26.0,
2023-10-23,Toys,105,305,25.37,
2023-10-24,Toys,135,244,24.07,
2023-10-25,Toys,129,289,26.08,
2023-10-26,Toys,121,203,25.37,
2023-10-27,Toys,98,242,24.74,
2023-10-28,Toys,105,187,24.23,
2023-10-29,Toys,109,203,24.72,
2023-10-30,Toys,112,244,24.07,
2023-10-31,Toys,139,324,25.3,
2023-11-01,Toys,164,430,24.86,
2023-11-02,Toys,189,536,24.42,
2023-11-03,Toys,164,335,25.1,
2023-11-04,Toys,190,357,24.78,
2023-11-05,Toys,180,389,24.26,
2023-11-06,Toys,171,421,23.74,
2023-11-07,Toys,217,453,26.06,
2023-11-08,Toys,168,305,24.49,
2023-11-09,Toys,195,297,25.42,
2023-11-10,Toys,151,438,23.81,
2023-11-11,Toys,169,264,24.31,
2023-11-12,Toys,180,370,24.7,
2023-11-13,Toys,192,476,25.1,
2023-11-14,Toys,202,531,23.7,
2023-11-15,Toys,201,308,25.7,
2023-11-16,Toys,188,365,24.36,
2023-11-17,Toys,170,293,24.77,
2023-11-18,Toys,153,335,25.18,
2023-11-19,Toys,180,278,25.24,
2023-11-20,Toys,174,417,24.19,
2023-11-21,Toys,209,318,24.5,
2023-11-22,Toys,231,377,25.64,
2023-11-23,Toys,198,425,23.91,
2023-11-24,Toys,164,473,24.42,
2023-11-25,Toys,155,386,24.3,
2023-11-26,Toys,177,500,24.25,
2023-11-27,Toys,182,461,24.86,
2023-11-28,Toys,187,335,23.71,
2023-11-29,Toys,217,576,24.41,
2023-11-30,Toys,198,439,23.84,
2023-12-01,Toys,162,439,24.85,
2023-12-02,Toys,166,432,25.85,
2023-12-03,Toys,169,424,25.0,
2023-12-04,Toys,195,552,24.68,
2023-12-05,Toys,220,681,24.36,
2023-12-06,Toys,246,641,24.33,
2023-12-07,Toys,206,514,24.29,
2023-12-08,Toys,166,386,24.26,
2023-12-09,Toys,162,425,24.81,
2023-12-10,Toys,149,407,25.23,
2023-12-11,Toys,192,380,24.8,
2023-12-12,Toys,235,620,24.55,
2023-12-13,Toys,257,755,25.03,
2023-12-14,Toys,232,409,24.02,
2023-12-15,Toys,208,426,24.34,
2023-12-16,Toys,184,442,24.67,
2023-12-17,Toys,206,591,25.51,
2023-12-18,Toys,193,433,24.68,
2023-12-19,Toys,218,504,26.15,
2023-12-20,Toys,244,574,25.25,
2023-12-21,Toys,224,375,24.92,
2023-12-22,Toys,181,516,24.73,
2023-12-23,Toys,187,504,23.84,
2023-12-24,Toys,190,422,24.36,
2023-12-25,Toys,192,340,24.87,
2023-12-26,Toys,237,566,25.05,
2023-12-27,Toys,249,499,25.86,
2023-12-28,Toys,216,608,25.24,
2023-12-29,Toys,205,424,24.34,
2023-12-30,Toys,197,514,25.63,
2023-12-31,Toys,220,523,24.48,
2024-01-01,Toys,209,235,26.13,
2024-01-02,Toys,198,538,26.14,
2024-01-03,Toys,185,436,24.86,
2024-01-04,Toys,162,362,24.95,
2024-01-05,Toys,139,287,25.04,
2024-01-06,Toys,149,335,25.03,
2024-01-07,Toys,146,355,23.86,
2024-01-08,Toys,155,375,25.93,
2024-01-09,Toys,195,448,24.35,
2024-01-10,Toys,219,610,26.07,
2024-01-11,Toys,184,319,23.74,
2024-01-12,Toys,147,368,25.66,
2024-01-13,Toys,144,328,25.35,
2024-01-14,Toys,142,288,25.04,
2024-01-15,Toys,176,335,24.73,
2024-01-16,Toys,197,362,23.84,
2024-01-17,Toys,197,302,24.28,
2024-01-18,Toys,190,399,26.18,
2024-01-19,Toys,152,313,24.8,
2024-01-20,Toys,149,251,24.84,
2024-01-21,Toys,162,423,23.71,
2024-01-22,Toys,174,358,25.51,
2024-01-23,Toys,213,530,25.91,
2024-01-24,Toys,43,68,24.11,drop
2024-01-25,Toys,801,189,26.01,spike
2024-01-26,Toys,169,310,25.94,
2024-01-27,Toys,156,317,25.77,
2024-01-28,Toys,183,532,24.56,
2024-01-29,Toys,193,569,24.42,
2024-01-30,Toys,203,606,24.29,
2024-01-31,Toys,223,466,24.39,
2024-02-01,Toys,192,462,24.12,
2024-02-02,Toys,161,459,23.84,
2024-02-03,Toys,164,319,25.88,
2024-02-04,Toys,171,315,25.73,
2024-02-05,Toys,182,451,24.68,
2024-02-06,Toys,222,507,24.68,
2024-02-07,Toys,205,484,25.67,
2024-02-08,Toys,200,428,24.62,
2024-02-09,Toys,171,354,24.81,
2024-02-10,Toys,142,430,25.0,
2024-02-11,Toys,173,579,24.28,
2024-02-12,Toys,203,312,25.03,
2024-02-13,Toys,234,487,24.06,
2024-02-14,Toys,235,457,25.09,
2024-02-15,Toys,200,358,25.11,
2024-02-16,Toys,164,258,25.13,
2024-02-17,Toys,175,329,24.72,
2024-02-18,Toys,189,388,24.35,
2024-02-19,Toys,205,452,25.67,
2024-02-20,Toys,222,569,25.86,
2024-02-21,Toys,240,686,26.06,
2024-02-22,Toys,220,458,24.58,
2024-02-23,Toys,183,456,24.39,
2024-02-24,Toys,181,337,24.06,
2024-02-25,Toys,190,382,24.12,
2024-02-26,Toys,187,363,25.69,
2024-02-27,Toys,202,392,25.76,
2024-02-28,Toys,217,420,25.84,
2024-02-29,Toys,231,661,25.97,
2024-03-01,Toys,198,456,25.82,
2024-03-02,Toys,166,251,25.67,
2024-03-03,Toys,155,261,24.93,
2024-03-04,Toys,193,532,24.16,
2024-03-05,Toys,187,486,24.14,
2024-03-06,Toys,182,441,24.13,
2024-03-07,Toys,176,396,24.12,
2024-03-08,Toys,170,350,24.1,
2024-03-09,Toys,174,315,24.55,
2024-03-10,Toys,177,280,25.0,
2024-03-11,Toys,204,360,23.73,
2024-03-12,Toys,235,474,24.78,
2024-03-13,Toys,266,587,25.84,
2024-03-14,Toys,216,426,25.55,
2024-03-15,Toys,176,456,23.85,
2024-03-16,Toys,182,485,24.26,
2024-03-17,Toys,188,515,24.67,
2024-03-18,Toys,222,519,24.75,
2024-03-19,Toys,259,446,25.28,
2024-03-20,Toys,266,733,25.8,
2024-03-21,Toys,42,114,26.02,drop
2024-03-22,Toys,189,487,24.83,
2024-03-23,Toys,194,353,25.58,
2024-03-24,Toys,193,426,23.79,
2024-03-25,Toys,205,605,24.43,
2024-03-26,Toys,256,543,24.02,
2024-03-27,Toys,250,644,24.5,
2024-03-28,Toys,208,551,24.78,
2024-03-29,Toys,196,474,24.32,
2024-03-30,Toys,184,398,23.86,
2024-03-31,Toys,177,528,23.85,
2024-04-01,Toys,190,444,24.63,
2024-04-02,Toys,254,461,25.18,
2024-04-03,Toys,280,780,25.71,
2024-04-04,Toys,234,533,24.43,
2024-04-05,Toys,174,356,24.3,
2024-04-06,Toys,206,482,25.04,
2024-04-07,Toys,180,478,25.14,
2024-04-08,Toys,174,434,24.78,
2024-04-09,Toys,249,398,24.98,
2024-04-10,Toys,232,406,24.88,
2024-04-11,Toys,215,414,24.79,
2024-04-12,Toys,183,462,24.63,
2024-04-13,Toys,181,432,23.9,
2024-04-14,Toys,189,511,25.74,
2024-04-15,Toys,197,305,24.02,
2024-04-16,Toys,260,746,26.17,
2024-04-17,Toys,236,635,25.81,
2024-04-18,Toys,236,407,26.1,
2024-04-19,Toys,200,405,24.85,
2024-04-20,Toys,195,360,23.7,
2024-04-21,Toys,180,401,25.07,
2024-04-22,Toys,206,575,24.76,
2024-04-23,Toys,234,570,24.47,
2024-04-24,Toys,263,564,24.18,
2024-04-25,Toys,224,442,24.28,
2024-04-26,Toys,169,310,26.06,
2024-04-27,Toys,178,545,25.85,
2024-04-28,Toys,187,439,25.69,
2024-04-29,Toys,219,485,26.16,
2024-04-30,Toys,228,673,23.8,
2024-05-01,Toys,227,416,23.85,
2024-05-02,Toys,249,742,25.71,
2024-05-03,Toys,221,470,24.59,
2024-05-04,Toys,210,518,24.7,
2024-05-05,Toys,198,565,24.81,
2024-05-06,Toys,218,611,24.66,
2024-05-07,Toys,237,657,24.51,
2024-05-08,Toys,234,608,25.24,
2024-05-09,Toys,231,558,25.98,
2024-05-10,Toys,204,491,25.51,
2024-05-11,Toys,178,424,25.04,
2024-05-12,Toys,183,505,24.03,
2024-05-13,Toys,210,586,26.15,
2024-05-14,Toys,229,506,25.7,
2024-05-15,Toys,248,426,25.25,
2024-05-16,Toys,207,385,25.8,
2024-05-17,Toys,185,344,24.32,
2024-05-18,Toys,186,412,25.91,
2024-05-19,Toys,186,401,25.63,
2024-05-20,Toys,192,297,23.78,
2024-05-21,Toys,243,545,24.92,
2024-05-22,Toys,236,581,26.07,
2024-05-23,Toys,211,513,24.43,
2024-05-24,Toys,185,534,25.21,
2024-05-25,Toys,159,252,25.33,
2024-05-26,Toys,190,489,24.05,
2024-05-27,Toys,173,300,24.74,
2024-05-28,Toys,203,446,24.27,
2024-05-29,Toys,227,430,25.08,
2024-05-30,Toys,188,445,25.91,
2024-05-31,Toys,149,236,24.62,
2024-06-01,Toys,162,282,23.98,
2024-06-02,Toys,168,331,24.7,
2024-06-03,Toys,190,447,25.37,
2024-06-04,Toys,201,449,25.24,
2024-06-05,Toys,212,451,25.11,
2024-06-06,Toys,198,433,24.83,
2024-06-07,Toys,181,415,24.47,
2024-06-08,Toys,164,397,24.1,
2024-06-09,Toys,138,368,25.1,
2024-06-10,Toys,157,388,25.54,
2024-06-11,Toys,196,501,25.94,
2024-06-12,Toys,224,547,24.07,
2024-06-13,Toys,182,341,24.77,
2024-06-14,Toys,143,420,26.03,
2024-06-15,Toys,156,423,24.01,
2024-06-16,Toys,157,247,24.24,
2024-06-17,Toys,182,408,25.63,
2024-06-18,Toys,191,363,24.31,
2024-06-19,Toys,207,311,25.5,
2024-06-20,Toys,189,366,25.86,
2024-06-21,Toys,173,420,25.72,
2024-06-22,Toys,172,308,23.93,
2024-06-23,Toys,152,413,24.75,
2024-06-24,Toys,176,518,25.35,
2024-06-25,Toys,188,375,25.8,
2024-06-26,Toys,203,534,24.35,
2024-06-27,Toys,211,447,24.94,
2024-06-28,Toys,161,329,25.3,
2024-06-29,Toys,157,442,24.8,
2024-06-30,Toys,154,382,25.34,
2024-07-01,Toys,170,398,24.38,
2024-07-02,Toys,186,415,24.13,
2024-07-03,Toys,195,493,24.16,
2024-07-04,Toys,102,256,24.83,
2024-07-05,Toys,9,19,25.5,drop
2024-07-06,Toys,159,312,25.21,
2024-07-07,Toys,153,432,24.69,
2024-07-08,Toys,178,232,24.44,
2024-07-09,Toys,204,491,24.2,
2024-07-10,Toys,197,333,25.97,
2024-07-11,Toys,159,239,25.06,
2024-07-12,Toys,144,290,24.74,
2024-07-13,Toys,132,334,24.95,
2024-07-14,Toys,149,225,25.16,
2024-07-15,Toys,155,342,25.37,
2024-07-16,Toys,186,492,24.43,
2024-07-17,Toys,174,483,25.58,
2024-07-18,Toys,162,325,24.46,
2024-07-19,Toys,134,218,26.09,
2024-07-20,Toys,138,255,24.51,
2024-07-21,Toys,142,284,24.2,
2024-07-22,Toys,157,252,25.18,
2024-07-23,Toys,169,262,24.98,
2024-07-24,Toys,181,272,24.79,
2024-07-25,Toys,173,415,26.18,
2024-07-26,Toys,129,378,24.65,
2024-07-27,Toys,129,220,24.64,
2024-07-28,Toys,150,248,25.21,
2024-07-29,Toys,136,300,25.23,
2024-07-30,Toys,186,447,25.92,
2024-07-31,Toys,158,435,25.67,
2024-08-01,Toys,130,206,24.8,
2024-08-02,Toys,121,242,25.18,
2024-08-03,Toys,123,337,25.81,
2024-08-04,Toys,160,336,25.46,
2024-08-05,Toys,198,334,25.12,
2024-08-06,Toys,180,330,25.26,
2024-08-07,Toys,162,327,25.39,
2024-08-08,Toys,138,243,25.39,
2024-08-09,Toys,115,248,25.46,
2024-08-10,Toys,124,214,24.9,
2024-08-11,Toys,171,489,24.41,
2024-08-12,Toys,703,1054,25.08,spike
2024-08-13,Toys,155,271,23.99,
2024-08-14,Toys,156,310,24.6,
2024-08-15,Toys,159,348,25.21,
2024-08-16,Toys,101,263,24.26,
2024-08-17,Toys,109,300,25.66,
2024-08-18,Toys,117,325,24.06,
2024-08-19,Toys,125,278,24.1,
2024-08-20,Toys,150,323,25.44,
2024-08-21,Toys,159,437,25.3,
2024-08-22,Toys,134,343,25.32,
2024-08-23,Toys,119,312,25.37,
2024-08-24,Toys,114,179,24.59,
2024-08-25,Toys,121,294,26.07,
2024-08-26,Toys,133,316,25.05,
2024-08-27,Toys,133,433,25.73,
2024-08-28,Toys,134,400,24.82,
2024-08-29,Toys,134,368,23.9,
2024-08-30,Toys,91,255,24.9,
2024-08-31,Toys,113,190,25.08,
2024-09-01,Toys,119,306,25.26,
2024-09-02,Toys,152,324,24.66,
2024-09-03,Toys,184,341,24.07,
2024-09-04,Toys,136,305,25.64,
2024-09-05,Toys,143,391,24.11,
2024-09-06,Toys,130,360,24.22,
2024-09-07,Toys,116,329,24.32,
2024-09-08,Toys,120,312,24.54,
2024-09-09,Toys,125,296,24.75,
2024-09-10,Toys,150,298,25.44,
2024-09-11,Toys,84,256,25.16,
2024-09-12,Toys,18,214,24.86,drop
2024-09-13,Toys,94,155,26.09,
2024-09-14,Toys,100,293,24.88,
2024-09-15,Toys,104,270,24.85,
2024-09-16,Toys,125,334,25.02,
2024-09-17,Toys,142,254,24.54,
2024-09-18,Toys,153,279,24.35,
2024-09-19,Toys,131,216,25.01,
2024-09-20,Toys,93,151,24.63,
2024-09-21,Toys,121,156,24.74,
2024-09-22,Toys,104,160,24.81,
2024-09-23,Toys,115,271,25.35,
2024-09-24,Toys,143,323,23.86,
2024-09-25,Toys,134,284,24.56,
2024-09-26,Toys,125,246,25.27,
2024-09-27,Toys,100,276,25.97,
2024-09-28,Toys,108,242,23.94,
2024-09-29,Toys,331,886,25.64,spike
2024-09-30,Toys,116,207,25.6,
2024-10-01,Toys,139,351,23.81,
2024-10-02,Toys,154,405,24.12,
2024-10-03,Toys,170,460,24.43,
2024-10-04,Toys,186,514,24.74,
2024-10-05,Toys,141,388,25.35,
2024-10-06,Toys,123,240,24.44,
2024-10-07,Toys,114,265,24.48,
2024-10-08,Toys,111,255,24.71,
2024-10-09,Toys,108,244,24.93,
2024-10-10,Toys,106,234,25.16,
2024-10-11,Toys,103,285,25.31,
2024-10-12,Toys,105,251,25.72,
2024-10-13,Toys,113,279,25.22,
2024-10-14,Toys,124,307,25.66,
2024-10-15,Toys,134,334,26.09,
2024-10-16,Toys,135,362,25.57,
2024-10-17,Toys,136,390,25.05,
2024-10-18,Toys,116,269,24.86,
2024-10-19,Toys,96,302,25.95,
2024-10-20,Toys,117,334,23.84,
2024-10-21,Toys,132,361,24.37,
2024-10-22,Toys,142,323,24.9,
2024-10-23,Toys,146,320,25.43,
2024-10-24,Toys,134,318,25.16,
2024-10-25,Toys,106,280,25.63,
2024-10-26,Toys,113,225,25.72,
2024-10-27,Toys,110,247,24.31,
2024-10-28,Toys,115,271,25.02,
2024-10-29,Toys,150,265,25.24,
2024-10-30,Toys,143,280,24.83,
2024-10-31,Toys,134,296,23.84,
2024-11-01,Toys,153,376,24.07,
2024-11-02,Toys,171,440,24.35,
2024-11-03,Toys,167,496,24.4,
2024-11-04,Toys,204,551,25.53,
2024-11-05,Toys,220,602,25.08,
2024-11-06,Toys,237,654,24.63,
2024-11-07,Toys,194,573,25.31,
2024-11-08,Toys,125,492,24.63,
2024-11-09,Toys,160,411,25.64,
2024-11-10,Toys,187,382,25.46,
2024-11-11,Toys,191,378,24.05,
2024-11-12,Toys,230,562,24.84,
2024-11-13,Toys,227,451,24.18,
2024-11-14,Toys,223,413,26.03,
2024-11-15,Toys,168,472,26.09,
2024-11-16,Toys,154,236,25.46,
2024-11-17,Toys,187,551,24.84,
2024-11-18,Toys,209,472,26.02,
2024-11-19,Toys,241,428,25.42,
2024-11-20,Toys,251,407,24.75,
2024-11-21,Toys,204,564,24.1,
2024-11-22,Toys,182,514,25.3,
2024-11-23,Toys,161,307,25.23,
2024-11-24,Toys,185,312,25.55,
2024-11-25,Toys,184,463,25.43,
2024-11-26,Toys,254,651,25.61,
2024-11-27,Toys,265,724,24.56,
2024-11-28,Toys,222,618,26.19,
2024-11-29,Toys,175,512,26.03,
2024-11-30,Toys,208,376,25.13,
2024-12-01,Toys,211,613,26.16,
2024-12-02,Toys,214,628,23.7,
2024-12-03,Toys,265,643,25.07,
2024-12-04,Toys,283,719,24.42,
2024-12-05,Toys,215,415,25.26,
2024-12-06,Toys,183,420,24.56,
2024-12-07,Toys,181,390,24.36,
2024-12-08,Toys,205,459,24.5,
2024-12-09,Toys,229,527,24.65,
2024-12-10,Toys,253,596,24.79,
2024-12-11,Toys,239,544,24.28,
2024-12-12,Toys,225,493,23.77,
2024-12-13,Toys,202,346,23.72,
2024-12-14,Toys,195,466,24.52,
2024-12-15,Toys,229,647,26.0,
2024-12-16,Toys,210,410,23.82,
2024-12-17,Toys,266,496,24.82,
2024-12-18,Toys,304,868,25.81,
2024-12-19,Toys,246,503,26.01,
2024-12-20,Toys,189,468,25.5,
2024-12-21,Toys,178,384,24.98,
2024-12-22,Toys,225,440,24.96,
2024-12-23,Toys,252,647,25.21,
2024-12-24,Toys,271,641,24.43,
2024-12-25,Toys,290,819,24.15,
2024-12-26,Toys,243,461,23.91,
2024-12-27,Toys,166,370,24.32,
2024-12-28,Toys,191,438,25.62,
2024-12-29,Toys,219,480,24.26,
2024-12-30,Toys,225,656,24.41,
2024-12-31,Toys,262,412,24.31,
2025-01-01,Toys,229,541,24.63,
2025-01-02,Toys,178,312,24.12,
2025-01-03,Toys,139,306,24.92,
2025-01-04,Toys,161,409,24.96,
2025-01-05,Toys,162,449,25.93,
2025-01-06,Toys,169,359,24.57,
2025-01-07,Toys,203,585,26.12,
2025-01-08,Toys,186,534,26.1,
2025-01-09,Toys,170,483,26.09,
2025-01-10,Toys,161,404,25.58,
2025-01-11,Toys,152,325,25.07,
2025-01-12,Toys,194,457,26.12,
2025-01-13,Toys,179,313,25.52,
2025-01-14,Toys,212,324,25.7,
2025-01-15,Toys,246,335,25.88,
2025-01-16,Toys,203,346,25.84,
2025-01-17,Toys,146,357,25.91,
2025-01-18,Toys,155,394,24.73,
2025-01-19,Toys,188,551,24.6,
2025-01-20,Toys,197,540,24.41,
2025-01-21,Toys,208,510,24.81,
2025-01-22,Toys,220,407,24.26,
2025-01-23,Toys,211,433,25.55,
2025-01-24,Toys,166,291,23.85,
2025-01-25,Toys,174,359,24.47,
2025-01-26,Toys,181,511,24.43,
2025-01-27,Toys,202,573,23.78,
2025-01-28,Toys,226,348,25.02,
2025-01-29,Toys,252,662,24.46,
2025-01-30,Toys,229,350,23.86,
2025-01-31,Toys,195,360,24.5,
2025-02-01,Toys,172,370,23.89,
2025-02-02,Toys,194,362,24.78,
2025-02-03,Toys,204,444,25.55,
2025-02-04,Toys,214,501,25.37,
2025-02-05,Toys,224,558,25.19,
2025-02-06,Toys,225,652,24.61,
2025-02-07,Toys,204,450,25.1,
2025-02-08,Toys,205,461,25.05,
2025-02-09,Toys,207,471,25.01,
2025-02-10,Toys,208,482,24.96,
2025-02-11,Toys,244,485,25.5,
2025-02-12,Toys,254,712,25.62,
2025-02-13,Toys,222,612,24.83,
2025-02-14,Toys,191,512,24.03,
2025-02-15,Toys,186,540,25.82,
2025-02-16,Toys,209,333,24.69,
2025-02-17,Toys,206,366,25.75,
2025-02-18,Toys,248,429,24.07,
2025-02-19,Toys,262,743,25.76,
2025-02-20,Toys,248,466,24.03,
2025-02-21,Toys,187,417,24.29,
2025-02-22,Toys,185,489,24.54,
2025-02-23,Toys,175,335,24.61,
2025-02-24,Toys,223,457,25.55,
2025-02-25,Toys,234,490,25.79,
2025-02-26,Toys,245,524,26.03,
2025-02-27,Toys,223,282,25.85,
2025-02-28,Toys,200,40,25.67,drop
2025-03-01,Toys,178,228,24.11,
2025-03-02,Toys,198,415,24.72,
2025-03-03,Toys,217,628,23.79,
2025-03-04,Toys,263,640,24.91,
2025-03-05,Toys,262,651,24.23,
2025-03-06,Toys,216,461,24.8,
2025-03-07,Toys,210,459,23.91,
2025-03-08,Toys,204,599,25.03,
2025-03-09,Toys,218,576,25.12,
2025-03-10,Toys,231,554,25.21,
2025-03-11,Toys,244,532,25.3,
2025-03-12,Toys,258,509,25.39,
2025-03-13,Toys,232,400,25.48,
2025-03-14,Toys,207,513,25.06,
2025-03-15,Toys,186,490,24.13,
2025-03-16,Toys,197,323,25.9,
2025-03-17,Toys,213,463,25.79,
2025-03-18,Toys,249,602,25.56,
2025-03-19,Toys,285,742,25.34,
2025-03-20,Toys,233,502,24.3,
2025-03-21,Toys,195,520,23.83,
2025-03-22,Toys,222,538,25.72,
2025-03-23,Toys,195,583,23.85,
2025-03-24,Toys,1279,2850,25.28,spike
2025-03-25,Toys,265,784,24.5,
2025-03-26,Toys,272,422,25.54,
2025-03-27,Toys,232,664,24.63,
2025-03-28,Toys,191,432,25.63,
2025-03-29,Toys,201,364,25.03,
2025-03-30,Toys,218,473,24.9,
2025-03-31,Toys,236,683,24.88,
2025-04-01,Toys,262,765,24.77,
2025-04-02,Toys,227,645,24.55,
2025-04-03,Toys,255,594,26.18,
2025-04-04,Toys,239,532,25.39,
2025-04-05,Toys,223,470,24.6,
2025-04-06,Toys,214,466,24.05,
2025-04-07,Toys,205,613,23.72,
2025-04-08,Toys,242,663,24.42,
2025-04-09,Toys,278,713,25.13,
2025-04-10,Toys,245,572,26.07,
2025-04-11,Toys,202,305,26.14,
2025-04-12,Toys,204,475,24.28,
2025-04-13,Toys,204,574,24.12,
2025-04-14,Toys,219,494,23.94,
2025-04-15,Toys,247,413,24.17,
2025-04-16,Toys,269,438,23.76,
2025-04-17,Toys,251,682,25.12,
2025-04-18,Toys,192,332,23.74,
2025-04-19,Toys,218,541,25.95,
2025-04-20,Toys,217,622,26.16,
2025-04-21,Toys,209,418,26.08,
2025-04-22,Toys,270,455,25.96,
2025-04-23,Toys,264,475,25.33,
2025-04-24,Toys,218,433,25.63,
2025-04-25,Toys,173,391,25.93,
2025-04-26,Toys,205,434,24.09,
2025-04-27,Toys,194,546,23.84,
2025-04-28,Toys,229,607,25.77,
2025-04-29,Toys,250,643,24.84,
2025-04-30,Toys,272,647,25.38,
2025-05-01,Toys,233,535,24.47,
2025-05-02,Toys,211,462,24.49,
2025-05-03,Toys,189,389,24.52,
2025-05-04,Toys,200,585,24.54,
2025-05-05,Toys,230,490,23.88,
2025-05-06,Toys,266,691,26.12,
2025-05-07,Toys,252,696,25.32,
2025-05-08,Toys,237,701,24.51,
2025-05-09,Toys,181,439,25.56,
2025-05-10,Toys,208,428,23.73,
2025-05-11,Toys,200,307,25.64,
2025-05-12,Toys,238,446,24.89,
2025-05-13,Toys,276,586,24.14,
2025-05-14,Toys,259,655,24.96,
2025-05-15,Toys,253,463,25.84,
2025-05-16,Toys,190,558,23.72,
2025-05-17,Toys,191,546,24.25,
2025-05-18,Toys,206,534,26.01,
2025-05-19,Toys,220,470,26.09,
2025-05-20,Toys,235,475,26.01,
2025-05-21,Toys,235,580,25.16,
2025-05-22,Toys,235,686,24.32,
2025-05-23,Toys,204,394,23.96,
2025-05-24,Toys,187,549,26.07,
2025-05-25,Toys,197,318,24.56,
2025-05-26,Toys,187,534,23.73,
2025-05-27,Toys,222,649,24.41,
2025-05-28,Toys,258,764,25.09,
2025-05-29,Toys,239,599,24.81,
2025-05-30,Toys,182,505,25.1,
2025-05-31,Toys,179,477,25.96,
2025-06-01,Toys,184,439,23.71,
2025-06-02,Toys,199,532,24.69,
2025-06-03,Toys,234,599,26.08,
2025-06-04,Toys,241,501,25.83,
2025-06-05,Toys,219,374,25.8,
2025-06-06,Toys,209,247,25.23,
2025-06-07,Toys,199,308,24.86,
2025-06-08,Toys,189,370,24.5,
2025-06-09,Toys,211,431,25.78,
2025-06-10,Toys,233,413,25.27,
2025-06-11,Toys,215,431,24.47,
2025-06-12,Toys,186,450,24.37,
2025-06-13,Toys,157,468,24.27,
2025-06-14,Toys,161,451,25.0,
2025-06-15,Toys,165,435,24.78,
2025-06-16,Toys,189,418,23.8,
2025-06-17,Toys,226,346,25.16,
2025-06-18,Toys,233,693,26.09,
2025-06-19,Toys,211,339,24.83,
2025-06-20,Toys,157,388,25.62,
2025-06-21,Toys,168,485,24.39,
2025-06-22,Toys,186,342,25.85,
2025-06-23,Toys,162,253,24.74,
2025-06-24,Toys,224,378,26.05,
2025-06-25,Toys,216,504,26.11,
2025-06-26,Toys,208,618,23.87,
2025-06-27,Toys,172,266,24.5,
2025-06-28,Toys,155,460,24.93,
2025-06-29,Toys,157,299,24.76,
2025-06-30,Toys,173,295,24.97,
