date,product_category,units_sold,inventory_level,unit_price,promotion_flag,warehouse_dispatch_rate,Unnamed: 7
20-Sep-22,Furnture,375.5,1158.3,73.29,0,338.2,
30-08-2020,"  Beuaty	",351.6,1056.9,165.31,0,367.4,
10-May-20, Beauty,-339.2,1122.2,missing,0,341.8,
07-10-2020,SPORTING GOODS,523.7,-,127.56,FALSE,523.5,
05-08-2022,toys,397.5,568.7,239.06,FALSE,399.8,
12-06-2022,Toys,331.6,584.2,237.19,0,316,
28-Feb-20,office supplies,364.7,910.2,88.22,0,336.6,
06-23-2021,furniture,258.9,1009,74.18,No,240.6,
07-05-2022,APPAREL,426.8,-1440.5,Rs.173.53,0,443.6,
18-11-2020,Auto Parts,336.9,642.7,222.82,0,351.9,
31-Mar-22,"  Electronics	",377.9,294.2,46.86,0,346.1,
10-06-2022,office supplies,-,713.1,86.63,0,368.5,
13-Jul-20,groceries,NA,625.2,111.2,0,159,
31-01-2022,AUTOMOTIVE PARTS,346.8,649.7,214.15,0,323.4,
23-Sep-22,Toy,401.5,613,234.79,No,364.9,
10-08-2022,Groceries,306.6,520.6,109.72,0,309.6,
01-07-2022,Clothing,460.3,1423.5,167.09,N,451.4,
11-Feb-21,"  Grocerys	",340.7,569.3,107.19,0,314,
08-04-2022,"  Beuaty	",487.8,931.9,168.32,0,477.6,
09-05-2021,Electronis,296.2,355.5,48.22,0,267.4,
28-12-2022,Pet Supplies,413.2,669.6,null,0,432,
28-07-2020,"  office supplies	",229.8,889.3,88.71,No,214.1,
04-06-2020,Sporting_Goods,553.5,1336.3,131.28,0,581,
30-10-2021,AUTOMOTIVE PARTS,332.8,667.3,213.97,0,325,
09-02-2020,Pet Supplies,944.4,825.1,189.99,No,246.4,
06-Jul-20,beauty,370.5,1102.2,164.74,FALSE,NULL,
04-16-2022,Electronis,-361,280.9,47.02,FALSE,347.8,
20-07-2022, Toys,383.3,581.8,226.53,N,347.8,
09-Jul-22,BEAUTY,471.6,954.4,163.26,N,439.5,
08-03-2020, Beauty,366.3,-1095.3,164.49,FALSE,352.4,
02-09-2022,Electronis,256.7,271.6,47.29,0,267.3,
26-05-2022,Toys,377.5,561.2,$237.68,0,377.2,
24-06-2022,SPORTING GOODS,586.2,1383.3,122.46,0,595.3,
29-08-2021,Sporting Goods,550.3,1368.2,130.82,1,554.2,
09-09-2020,Auto Parts,243.5,748.4,225.09,0,232.7,
15-03-2022,ELECTRONICS,393.3,329.9,45.56,1,395.8,
08-10-2021,Toys,357.5,627.1,238.63,0,369.9,
18-12-2022,furniture,339,1121.4,73.5,No,343.5,
04-02-2022,Electronis,335.4,336.8,47.05,0,347.5,
03-12-2021,automotive parts,365.7,650.8,N/A,FALSE,3568,
07-10-2020,Sport Goods,528.7,1362.9,129.28,0,512.1,
01-Aug-22,Pet Supplies ,476.9,765.3,195.3,1,434.8,
04-01-2023,apparel,543.9,1369.4,165.04,0,535.4,
07-09-2022, Office Supplies,535.4,730.3,91.95,1,504.4,
04-Sep-22,Sporting_Goods,497.9,1165.7 pcs,127.25,0,47.7,
06-Dec-20,office supplies,412.7,825.4,90.56,No,377.4,
25-09-2021,toys,337.8,-660,231.35,0,352.3,
04-06-2022,Groceries,352.3,733,106.05,FALSE,318.5,
20-02-2022,Sporting_Goods,NA,1418.2,131.88,N,497.5,
29-11-2020,groceries,284,572.7,$105.92,0,297.6,
04-29-2021,Office Supplies,309.5,-,88.99,FALSE,73.7,
19-04-2021,PetSupplies,247.2,859.8,201.05,FALSE,239.5,
08-07-2021,PET SUPPLIES,331.6,,194.68,0,300,
01-06-2022,Toys,NA,567,234.63,0,334.3,
27-12-2021,OfficeSupplies,422.5,774.5,89.49,0,403.8,
11-14-2020,Toy,313,595.7,239.46,No,310,
08-03-2022,OfficeSupplies,375.1,738.7,89.93,No,354.4,
12-08-2021,Furnture,334.4,986.7,74.11,0,321.4,
14-Nov-20,Beauty,395.8,1088.8,166.91,0,372,
18-06-2020,Auto Parts,-,853.9,216.71,0,282.6,
14-01-2020,Automotive Parts,299.6,844.2,217.32,0,308.9,
23-05-2022,Grocery,289.6,776.8,109.38,0,301.8,
21-Apr-22,Clothing,458.8,?,173.26,0,421.3,
05-05-2020,SPORTING GOODS,463.6,1373.8,130.84,0,439.2,
29-10-2021,apparel,502.4,1317.8,NULL,No,506.2,
11-12-2022, Electronics,277.5,288.8,45.65,0,289.6,
12-01-2020,OfficeSupplies,353.8,878.2,91.51,0,352,
08-22-2022,OFFICE SUPPLIES,353.7,726.6,91.24,0,368.3,
29-Dec-22,Pet Supplies,413.5,661.9,195.07,FALSE,373,
01-Jan-21,Toy,296.4,611.7 pcs,239.89,0,279.5,
17-10-2021,Electronic,167.8,428.6,46.78,0,167,
11-06-2021,Toy,336.3,419.9,236.57,0,306.5,
29-11-2022, Toys,305,585.0 pcs,232.28,0,277.5,
16-11-2021,Groceries ,296.2,820.4,105.68,0,271.9,
24-Jan-21,Clothing,462.2,1008.3,173.34,FALSE,422.8,
29-04-2022,OfficeSupplies,413.1,698.3,NA,No,397.7,
07-04-2022,Sport Goods,503.9,1385.6,$129.78,FALSE,496.3,
16-08-2021,Apparel,459.7,1257.1,167.61,0,479.6,
26-02-2021,Office Supplies,680,872,85.55,1,684,
19-09-2021,AUTOMOTIVE PARTS,277.6,711.6,215.32,0,258.8,
24-10-2022,Sport Goods,467.6,1453.2,133.18,0,429,
05-22-2020,Grocery,274.8,618.2,111.11,0,260.7,
19-Apr-22,Automotive Parts,380.4,580.5,210.69,No,356.8,
22-01-2022,apparel,483.9,1334.6,176.7,0,440.6,
28-08-2020,Sporting Goods,503.5,1369,125.41,0,462.7,
13-04-2021, Office Supplies,NA,897.1,91.25,0,322.5,
05-02-2022,OFFICE SUPPLIES,453.8,459.8,N/A,0,433.2,
24-07-2022,"  Toys	",473.3,579,NULL,1,458.8,
29-Jul-22,Office Supplies,393.8,668,88.27,No,377.6,
29-May-22, Toys,372.6,561.6,235.12,N,382.7,
14-07-2020,Grocerys,196.8,618.1,110.22,0,192.1,
03-07-2021,BEAUTY,457.1,983.6,160.07,0,445.9,
13-10-2022,BEAUTY,447.1,940.5,$170.85,N,441.1,
08-01-2021,electronics,244.4,null,46.6,0,229.3,
08-02-2021,Furniture ,330,989.5,74.78,N,304.5,
14-01-2021,BEAUTY,362.4,1025.3,168.74,0,338.4,
03-Apr-20,Electronis,286.1,NULL,46.37,No,294.9,
25-Dec-21,Electronics,263.3,242.1,46.85,N,244.5,
12-02-2021,Groceries ,352,567.3,106.55,0,368.8,
19-09-2022,PET SUPPLIES,475,733.9,200.37,TRUE,496.6,
19-Aug-20,Appearl,428.5,null,999999,0,395.6,
25-01-2022, Apparel,441.6,1343.9,169.83,FALSE,439.6,
09-01-2020,Pet Supplies ,335.9,790.7,Rs.193.56,No,311.5,
08-07-2022, Toys,357,577.1,242.25,0,354.6,
23-01-2020,toys,333.3,819.9,241.61,Y,339.1,
25-May-21,OfficeSupplies,261.5,620.3,89.25,0,235.8,
07-14-2020,automotive parts,228.9,801.2,219.47,0,222.1,
04-11-2020,Furniture,365.1,782.9,73.92,N,334.4,
27-03-2020,Pet Supplies,270.4,800.2,197.4,No,258.6,
06-10-2022,Toys,399,605.3,235.16,0,365.9,
02-28-2022,ELECTRONICS,320,355.2,45.58,0,293.7,
16-08-2020, Apparel,524.2,1237.6,166.67,1,511.6,
06-16-2021,Grocery,258.7,682,111.56,0,246.1,
04-19-2020, Toys,229.6,742.7,?,0,218.2,
16-03-2021,Clothing,NULL,1280.4,167.04,TRUE,513.3,
09-01-2021,ELECTRONICS,228.9,558.5,47.39,N,223.4,
22-03-2020,OfficeSupplies,292.3,884.8,89.07,FALSE,283.9,
13-Mar-22,GROCERIES,555,755.5,109.73,1,555.1,
10-03-2021,Office Supplies,375.6,878.5,87.84,0,391.3,
22-Dec-22,"  PET SUPPLIES	",407.1,?,196.97,0,367.9,
24-10-2021,office supplies,384.6,826.2,89.39,0,363.1,
10-09-2022,office supplies,412.6,756,92,0,399.8,
05-Nov-22, Electronics,239.2,293.7,46.72,0,242,
05-Jun-20,Groceries ,1046.4,605.1,111.98,0,215.7,
28-05-2021,Furnture,340.4,991,75.94,Yes,346.2,
07-07-2021,Groceries,255.6,641,110.03,0,255.7,
25-May-21,Automotive Parts,289.5,?,217.63,0,280,
09-05-2021,furniture,195.5,,72.19,N,179.9,
09-23-2022,Pet Supplies ,436.2,721.6,197.83,0,441.8,
18-05-2021,Beuaty,408.4,1039.1,162.87,0,428.2,
08-02-2021,Automotive Parts,326.9,643.5,220.04,FALSE,316,
23-09-2022,FURNITURE,384.2,1143.5,NULL,0,367.4,
12-09-2021,sporting goods,563.1 units,1408.5,125.28,0,507.1,
10-09-2021,OFFICE SUPPLIES,415.4,804.7,88.4,FALSE,394.2,
10-12-2022,FURNITURE,missing,1123.7,74.53,TRUE,571.7,
07-Feb-21,Office Supplies,350,881.4,91.35,No,365.5,
03-27-2021,Furnture,187.4,969.5,74.51,0,185,
29-09-2020,beauty,317.7,1085.9,165.4,0,325.1,
07-17-2021,OfficeSupplies,300.9,999999,88.65,N,302.8,
10-03-2020,Groceries,247.4,678.5,107.61,FALSE,238.5,
06-02-2020, Toys,218.7,810.7,234.45,N,226.4,
03-11-2020, Beauty,322.2,1097.1,163.35,0,308.2,
15-10-2021,beauty,546.4 units,988.7,163.12,1,565.6,
09-21-2022,Clothing,475.3,1352.4,NULL,FALSE,435.6,
25-Jun-21,Appearl,428,1286.1,$174.23,0,396.4,
29-10-2022,Pet Supplies ,405.1,703.8,195.62,FALSE,400.2,
03-27-2022,OFFICE SUPPLIES,NULL,751.7,87.85,N,368.7,
01-Sep-21,Toy,345.8,629.7,-,FALSE,343.4,
06-03-2022,Grocerys,359.1,759.9,106.84,0,342.2,
11-26-2021,Pet Supplies,401.6,804.6,198,FALSE,414.3,
06-Nov-20,sporting goods,534,1395.6,129.02,FALSE,526.1,
14-Jan-21,Sport Goods,-502,1398.7,133.6,0,492.6,
13-07-2022,Electronics,264.9,274.8,46.06,N,244.9,
05-07-2022,GROCERIES,397.9,780.5,104.74,Yes,364.3,
13-07-2020,"  pet supplies	",248.5,769.8,199.87,0,248.5,
11-12-2020, Beauty,351.2,1059.8,169.03,N,360.8,
05-01-2022,Furniture,193.9,1184.1,75.72,N,201.8,
22-07-2020,Electronis,184.5,540.9,47.76,0,167.9,
02-18-2021,automotive parts,383.8,635.2,225.82,0,388,
26-Oct-22,Electronic,364.6,285.9,46.71,TRUE,329.8,
17-09-2020,Electronic,138.5,554.5,45.75,0,133.2,
27-10-2020,office supplies,321.4,849.9,90.48,0,317.6,
10-Jan-21,Automotive-Parts,509.5,595.1,219.71,Yes,518.8,
27-Jun-21, Electronics,241.1,520.3,46.59,N,250.3,
19-03-2021,Furniture,245.1,940.4,74.79,0,224.1,
11-11-2021,Electronis,234,392.4,46.78,0,221.2,
03-03-2021,Automotive Parts,363.3,632.2,219.57,0,368.8,
26-10-2021,Office Supplies,383,839.5,89.4,FALSE,348.1,
07-Oct-20,Groceries ,260.7,586.2,111.44,0,254.2,
27-Jun-21,Sport Goods,615.5,1337.5,130.12,1,574.1,
09-12-2022,Clothing,567.4,1375.3,172.58,0,555.1,
28-04-2022,Office Supplies,402.3,704.2,90.88,0,414.7,
02-05-2021,Clothing,382,1310,171.87,0,350.2,
17-06-2022,Furniture,284.9,1140.1,77.93,0,296.4,
22-12-2020,Grocerys,353.5,577.2,107.36,Y,352.7,
04-Mar-20,Pet Supplies,248.3,823.1,195.28,0,244.1,
09-03-2020,OFFICE SUPPLIES,288.5,917.5,88.17,0,284.5,
02-01-2022,electronics,277.5,355.9,46.55,N,272.4,
21-Sep-20, Office Supplies,286.7,837.3,91.99,0,298.9,
05-21-2021,"  Furniture	",275.7,974.8,72.63,0,260.8,
16-10-2022,Electronics,600.4,168.9,NULL,0,210.8,
10-Dec-22,Sport Goods,567.2,1473.3,129.7,0,525.3,
13-11-2022,Pet Supplies,374.3,?,193.59,No,387.7,
11-21-2021, Electronics,211,400.1,Rs.47.08,N,193,
04-08-2021,Apparel,452.5,1264.5,168.93,0,432.6,
22-09-2022,Furnture,403.9,1142,73.04,FALSE,422.6,
16-03-2020,Pet Supplies,217.7,825.5,200.6,0,223.8,
15-07-2022,Furnture,360.2,1141.4,75.71,0,354.4,
18-05-2022,GROCERIES,325.4,771.3,107.85,0,311.9,
07-04-2020,Pet Supplies,280.3,800.9,201.98,TRUE,265,
16-02-2021,AUTOMOTIVE PARTS,350.9,639.9,Rs.213.89,0,329.6,
07-05-2021,toys,313,637.1,235.99,0,297.2,
19-08-2022,automotive parts,missing,556.1,222.37,0,326.7,
03-15-2021,Groceries ,254.2,,106.64,0,233.6,
23-04-2020,ELECTRONICS,281,494,47.5,0,275.7,
28-Jul-22,Groceries,320.2,791.9,107.58,0,301.2,
30-03-2020,office supplies,276.9,879.8,87.69,0,264.6,
16-03-2020,"  beauty	",328.5,1132,160.29,0,307.5,
19-02-2020,Beauty,358,1041.4,164.62,0,NA,
30-01-2022,Furnture,264.4,716.6,75.51,0,271.9,
20-09-2021,Clothing,400,1344.4,173.85,0,412.8,
23-Jan-22,AUTOMOTIVE PARTS,401,670.2,217.14,0,388.8,
22-06-2021,automotive parts,N/A,681,218.35,0,238.9,
18-03-2022,electronics,373.5,299.9,45.09,0,355.8,
08-12-2022,Sport Goods,538,1444,127.72,0,494.5,
06-28-2022,PET SUPPLIES,265.1,795.9,192.12,0,251.5,
26-03-2020,Groceries,290.2,648,110.49,0,271.2,
04-11-2021,Automotive Parts,356.4,653.1,213.81,0,355.4,
13-12-2020,Beuaty,320.5,1064.3,170.35,FALSE,291.4,
29-07-2021,Electronics,247.3,475.6,46.12,FALSE,259.4,
11-09-2022,BEAUTY,426.6,482.9,Rs.161.68,0,396.2,
26-10-2022, Apparel,524.9,1336.7,170.72,0,-,
16-07-2022,PetSupplies,375.1,742.1,198.2,0,373.6,
30-12-2021,BEAUTY,381.1,722.7,163.19,0,380.1,
06-Jan-21,Pet Supplies ,278.5,836.5,201.59,0,251.6,
12-10-2022,OFFICE SUPPLIES,-,737.2,87.35,1,592.3,
09-19-2021,Appearl,457.2,1325.5,171.14,0,437,
31-10-2021,Automotive Parts,-,-686.8,216.39,0,298.9,
27-12-2022,Pet Supplies,N/A,687.1,191.79,0,369.3,
20-07-2022,"  OfficeSupplies	",379.2,685.8,90,0,354.8,
07-Mar-21,Electronic,289.7,497.3,46.47,0,296.5,
11-Jul-20,Auto Parts,276.8,786.2,221.76,No,260.5,
17-08-2021,Beuaty,378.8,1026,167.34,FALSE,373.1,
28-08-2020,Pet Supplies ,352.7,745.9,205.48,0,363,
30-07-2020,sporting goods,540,1339.3,129.46,0,514.7,
03-Jul-21,automotive parts,281.8,,214.06,FALSE,270,
20-06-2022,Toys,355.5,581.2,238.68,N,352.4,
16-09-2020,OFFICE SUPPLIES,346.8,829.5,84.22,0,360,
11-19-2021, Apparel,536,1271.6,167.9,0,537.4,
31-Mar-20,office supplies,263.3,891.8,94.07,0,250.5,
25-08-2020,BEAUTY,316.4,1089.5,999999,0,300.6,
01-20-2021,furniture,292.7,874.6,77.98,FALSE,299.9,
11-08-2020,OFFICE SUPPLIES,261.9,880.6,90.57,0,262.9,
24-08-2021,Furniture,-353.1,961.9,73.47,0,342.3,
21-04-2022,Sport Goods,583,1430,126.59,0,583.9,
11-24-2020,AUTOMOTIVE PARTS,289.3,638.9,211.62,0,298.6,
10-08-2022,Clothing,448.6,989.8,168.69,N,418.8,
31-May-21,toys,288.8,N/A,234.1,0,274.2,
27-12-2020,Sporting Goods,444.2,1422.9,132.86,0,?,
05-06-2020,Beauty,414.2,1105.4,167.95,0,428.6,
04-03-2022,ELECTRONICS,335.1,300.6,45.42,FALSE,338.8,
12-09-2022,beauty,390.5 units,976.4,166.3,0,401.7,
04-10-2022,Auto Parts,309.1,501.9,220,0,296.6,
23-10-2021,APPAREL,467.8,1317,169.94,0,430.1,
03-31-2022,"  FURNITURE	",231.7,1138.1,75.23,0,217.7,
13-07-2020,apparel,489,1319.3,170.9,TRUE,492.7,
10-05-2022,Groceries ,missing,765,110.13,0,311.8,
06-09-2020,ELECTRONICS,223.4,559.4,46.23,FALSE,217.1,
20-11-2020,Office Supplies,419.3,805.9,88.98,0,427.2,
08-07-2020,office supplies,360.7,-882.7,91.15,TRUE,348.4,
30-06-2021, Office Supplies,296.2,913.5,91.44,0,308.8,
06-Feb-22,Electronic,288,355.3,46.61,0,277.7,
08-Mar-22,Groceries,347,764.5,112.88,0,332.9,
27-08-2022,Sporting Goods,555.2,1445,126.65,0,520.3,
03-05-2022, Office Supplies,330.6,710.3,92.14,0,299,
05-01-2022,ELECTRONICS,missing,348.7,48.79,0,258.9,
10-10-2022,electronics,N/A,291.7,47.48,No,208.5,
23-02-2021,Groceries,N/A,608,107.23,FALSE,281.9,
28-08-2020, Toys,349.3,635.7,248.24,0,325.1,
08-30-2021,SPORTING GOODS,670.4,1376.1,126.74,1,605.9,
09-04-2020,furniture,999999,784.3,72.43,1,N/A,
01-20-2020,Auto Parts,missing,null,218.87,0,295.9,
06-09-2021, Apparel,356.4,1307.8,168.91,No,353,
17-06-2021,BEAUTY,518.4,993.4,163.37,1,?,
26-04-2022,ELECTRONICS,333.7,289.7,null,0,339.1,
10-08-2021,groceries,245.5,726.1,103.86,0,236.7,
09-01-2020,OFFICE SUPPLIES,400.9,870.3,87.52,0,406.3,
10-10-2022,Furniture,393.6,N/A,73.51,No,368.1,
04-03-2020,Electronics,missing,510.8,46.48,0,234.6,
20-02-2021,Toys,247.8,629.9,241.88,0,257.1,
26-08-2020,Appearl,471.4,1222.3,169.07,N,456.3,
07-27-2022,Pet Supplies,352.1,525.8,N/A,0,344.5,
03-11-2020,"  Groceries	",238.3,601.5,107.01,0,221.2,
21-09-2020,toys,304.8,620,239.02,0,317.3,
04-07-2020,toys,225.7,755.5,227.14,0,217.6,
15-04-2020,Sporting_Goods,784.6,-1357.5,125.64,1,999999,
22-05-2022,OfficeSupplies,334,719.9,89.45,0,336.6,
03-10-2021,BEAUTY,375.9,977.8,166.82,FALSE,355.2,
04-Jan-20,office supplies,361.7,885.2,87.91,N,374.6,
23-03-2020,BEAUTY,?,1136.2,164.07,0,329.9,
17-01-2021,Automotive-Parts,325.6,606.3,219.05,0,322.4,
02-24-2022,Grocery,-401.4,766.9,105.38,FALSE,371.3,
21-May-22,PET SUPPLIES,298.7,821.1,200.88,No,269.5,
09-08-2020,PET SUPPLIES,295.8,745.5,197.45,0,305.6,
12-12-2022,Electronics,240.5,307.5,47.51,FALSE,227.2,
19-11-2022,Office Supplies,509.8 units,724.1,92.44,No,494.5,
19-05-2021,Sporting_Goods,585.2,1310.4,125.6,0,611.2,
17-04-2022,Automotive-Parts,378.3,588.9,220.64,N,385.1,
26-11-2020,Groceries ,322.1,562.1,110.42,No,319.7,
30-09-2021, Office Supplies,424.1,799,90.36,0,399.9,
19-03-2020, Apparel,419.1,1247.1,167.4,0,392.7,
14-06-2021,Toy,282.4,438.6,236.92,0,286.4,
13-11-2021,Toy,330.5,658,239.92,0,328.1,
10-Oct-21,Auto Parts,272.5,697.2,Rs.221.45,No,255.9,
24-08-2021,GROCERIES,236.7,761,112.71,0,220.7,
15-Jan-20,BEAUTY,320.2,1019.2,159.6,N,305,
10-28-2020,Grocerys,269.7,592.2,105.39,N,262.3,
17-Nov-21,Sport Goods,513.7,1434.5,127.9,0,510,
06-05-2021,Sport Goods,559.9,1311.8,130.76,FALSE,571.5,
07-05-2020,Auto Parts,322,833,222.66,FALSE,321.6,
16-06-2022,sporting goods,605.4,1391.7,129.62,FALSE,571.8,
16-Aug-20,Toy,323.8,651.1,229.38,0,331.8,
08-01-2020,Clothing,450.3,1203.3,166.46,N,459.9,
29-Jul-21,Clothing,468.3,1283.6,165.83,0,457.3,
07-23-2021,PetSupplies,384.3 units,762.2,193.41,0,381.4,
14-05-2021,pet supplies,298,865.8,201.12,0,293.3,
20-May-21,office supplies,316.2,946.2,86.09,N,314.2,
28-12-2022,Furniture ,355.5,1117.2,74.37,0,360.9,
20-12-2020,sporting goods,431.4,null,133.57,FALSE,391.7,
27-Apr-22,apparel,454.6,1392.4,170.58,No,459.4,
03-01-2023,SPORTING GOODS,544.1,1486.2,129.58,FALSE,535.3,
07-11-2020,furniture,366.9,783.3,74.03,No,331.2,
08-05-2022,Automotive-Parts,-,537,222.95,0,329.7,
03-07-2020,Sport Goods,551.7,1417,131.93,0,577.7,
20-05-2022, Beauty,510.4,1009.9,162.48,0,520.3,
06-11-2021,electronics,199,409.9,46.05,No,196.7,
11-12-2020,OfficeSupplies,423.4,829.7,89.79,0,399.8,
03-09-2021,Pet Supplies,363.5,778.6,$193.41,No,360.4,
16-02-2021,Pet Supplies ,243.2,NA,199.53,No,250.3,
16-03-2022,toys,309.4,missing,245.35,FALSE,-,
24-Dec-21,Auto Parts,396.3,658.5,217.27,FALSE,396,
18-02-2020,Electronis,236.5,542,47.29,0,234.4,
08-11-2020,TOYS,299,613.6,232.17,0,313,
27-12-2021,Furnture,312.8,653,76.92,0,308.7,
01-08-2020,beauty,298.6,1035.6,159.43,N,300.4,
15-01-2021,GROCERIES,336.3,538.4,108.69,No,334.2,
05-18-2021,Electronics,274,315.3,46.39,FALSE,61.4,
29-10-2020,Grocerys,277.4,590.9 pcs,111.3,0,260.8,
26-05-2022,Beauty,460.7,1005.8,165.15,0,464,
01-05-2021,"  Grocerys	",412.6,NULL,107.58,1,385.1,
06-17-2021,Auto Parts,299.1,,223.99,FALSE,271.6,
09-08-2021,Furnture,439,976.7,76.18,TRUE,443.5,
12-Feb-20,Clothing,448.7,1226.2,173.9,FALSE,418.4,
13-Jun-21, Beauty,415.3,1005.1,168.27,0,415,
09-02-2020,Toys,219.2,805.8,233.22,0,213.3,
27-Apr-20,Grocery,206,461.1,109.6,FALSE,209.1,
25-Apr-21,Sporting Goods,528.5,1347.4,127.47,0,492.6,
05-04-2022,PET SUPPLIES,259.8,853.8,199.76,0,247.3,
25-05-2020,Auto Parts,275.3,855.4,212.32,0,276.4,
09-07-2021,PetSupplies,328.2,788.9,189.99,0,328.3,
13-05-2021,PET SUPPLIES,288.9,866.1,195.62,0,283.6,
30-Mar-20,Electronics,999999,501.5,46.78,0,252.9,
03-06-2022,BEAUTY,445.8,1033.6,162.99,0,424.1,
06-29-2020, Toys,318.9,661.1,237.28,0,325.8,
02-03-2020,pet supplies,?,830.4,193.8,0,258,
26-12-2021,office supplies,402.9,785.4,89.22,0,379.8,
09-11-2021,Sport Goods,469.3,1440.1,128.62,FALSE,435.1,
07-01-2022,groceries,353.5,765.1,105.61,N,322,
15-11-2021,Clothing,441.6,1294.9,$169.06,0,416.7,
05-Sep-21,OFFICE SUPPLIES,311.2,829.4,Rs.90.2,N,324.7,
29-Jul-21,GROCERIES,463.9,674.1,106.46,TRUE,477.6,
17-04-2020,beauty,391.8,1085.6,164.77,FALSE,392.2,
26-10-2020,Toy,268.1,640.6,236.79,0,273,
25-07-2020,automotive parts,268.6,757.6,212.23,0,257.1,
23-01-2022,Groceries,475.7,785,108.35,1,491.2,
09-17-2021,PetSupplies,573.3,778.8,194.29,1,5764,
24-06-2022,ELECTRONICS,missing,314.8,45.62,0,332.1,
25-09-2022,SPORTING GOODS,2057.6,1451.2,125.09,N,469.6,
18-Sep-21,Clothing,null,1324.3,172.12,0,417.2,
11-09-2022,OfficeSupplies,396,746.1,88.48,0,393.6,
06-05-2022,Office Supplies,420.9,680.7,90.97,FALSE,409,
28-02-2022,office supplies,394.1,726.6,92.67,FALSE,410.5,
02-10-2021,FURNITURE,404.8,963.7,71.35,0,371.9,
17-Jul-20,Pet Supplies,328.7,764.9,190.64,0,300,
08-04-2020, Beauty,356.1,1089.7,172.81,N,331.9,
29-08-2021,Toy,473.2,627.5,236.03,Y,445.5,
08-18-2022,Auto Parts,319.3,555.6,217.49,0,301.5,
21-04-2021,groceries,NA,624.7,105.69,0,286.7,
04-Jan-23,sporting goods,529.5,1488.5,131.97,0,540.8,
12-09-2020,Automotive-Parts,258.2,747.2,212.57,0,255.2,
11-16-2022,furniture,463.8,1161.2,70.12,Yes,425.3,
06-28-2020,pet supplies,,805.2,201.43,0,212.5,
30-05-2022,"  furniture	",246.5,1168.2,?,0,255.1,
31-10-2021,apparel,425.5,1339.5,Rs.168.48,0,406.4,
04-25-2022,Beauty,424.9,-,168.02,N,382.9,
29-Sep-22,PetSupplies,416.3,725,207.16,0,412.9,
18-09-2022,furniture,406.4,1151.5,null,0,391.4,
13-May-21,ELECTRONICS,329.2,476.8,45.26,0,306.7,
07-11-2021,Groceries ,249.5,652.3,106.76,FALSE,261.2,
04-03-2022, Beauty,441.4,1016,167.08,0,413.9,
12-08-2022,Automotive-Parts,298.2,558,Rs.226.73,0,306.1,
16-Jul-21,Automotive Parts,302.3,659,216.53,FALSE,304.9,
09-Jun-20,OFFICE SUPPLIES,251,889.1,89.27,N,246.1,
28-02-2021,Office Supplies,341.9,914.5,84.97,0,353.9,
02-01-2021,"  apparel	",490.2,1250.8,168.11,0,510.3,
17-12-2021,Auto Parts,383.7,656.8,220.14,0,3789,
16-05-2022, Office Supplies,335.7,722.9,89.28,0,326.2,
07-Mar-21,Sporting Goods,507.6,1361.1,127.95,0,520.4,
18-01-2020,APPAREL,484.9,1191.7,166.63,0,487.3,
11-05-2022,Auto Parts,373.8,-529.7,$216.11,0,389,
07-01-2022,OfficeSupplies,630.7,758.9,90.67,TRUE,595.4,
21-12-2020,groceries,273.1,580.4,108.56,FALSE,264,
24-Mar-20,Grocery,295.5,405.1,107.27,1,274.4,
14-06-2020,OfficeSupplies,237.9,906.5,86.09,0,227.9,
30-04-2021,Appearl,431.7,1285.8,164.36,FALSE,433.1,
05-08-2020,Office Supplies,294.2,885.8,89.32,N,282.2,
09-08-2021,AUTOMOTIVE PARTS,377.8,682.3,215.52,Y,395.2,
22-09-2020,PET SUPPLIES,?,806.1,194.16,N,294.6,
05-26-2021,Groceries ,262,693.1,110.35,0,NULL,
31-10-2022,Furniture ,366.8,1149.2,null,0,359.6,
20-Dec-20,PetSupplies,298.1,810.6,197.47,0,298.9,
12-29-2021,Pet Supplies,341.1,817.4,189.92,No,355.7,
11-Jul-20,groceries,232.3,?,$107.38,0,233.7,
22-Jun-20,Automotive-Parts,-228.3,866.3,224.8,FALSE,214.7,
16-02-2020,AUTOMOTIVE PARTS,-,795.3,214.79,FALSE,342.7,
25-07-2021,automotive parts,247.4,670.4,215.73,FALSE,236.7,
25-12-2022,GROCERIES,406.5,-745.2,105.18,0,419.2,
04-Nov-21,office supplies,714.7,803.3,missing,Y,727.1,
13-Jul-22,"  Appearl	",453.8,1443.1,166.75,0,446.6,
26-12-2022,Electronis,283,274,45.82,N,260.7,
27-01-2021,APPAREL,484.2,1278.2,171.63,0,NULL,
18-12-2021,Toy,307.8,693.5,239.89,No,287.4,
09-09-2020,Electronics,139.7,562.5,45.52,No,142.5,
23-Mar-22, Office Supplies,451.6,731.6,88.04,N,442.1,
01-23-2021,electronics,264.8,545.1,46.57,FALSE,249.6,
02-12-2020,"  APPAREL	",441.6,1251.2,171.29,0,420.7,
08-05-2021,Beuaty,500.9,1012.3,-,FALSE,456.3,
25-08-2020,Sport Goods,-465.2,1372.7,129.78,0,434.5,
28-Oct-20,pet supplies,316.8,823.2,196.08,0,306.8,
03-Sep-22,PetSupplies,393,722.4,missing,N,377.6,
24-May-20,Electronic,225.3,541.4,47.22,No,211,
30-11-2020,toys,275.3,NA,235.87,0,271.4,
26-11-2022,Pet Supplies,397.2,682.9,198.2,No,408.2,
30-05-2020,Furnture,206.2,769.2,72.43,0,210.1,
01-04-2020,APPAREL,377.2,826.4,175.48,No,350.1,
30-Jun-21,pet supplies,288.2,827.7,196.38,No,282.7,
01-23-2020,pet supplies,365,803.4,Rs.202.15,No,337.7,
08-07-2020,furniture,336,824.5,73.35,FALSE,328.8,
12-05-2021, Toys,296,641,237.35,N,277.2,
15-01-2021,Toys,273.8,328.5,240.15,0,35.4,
01-Aug-21,Auto Parts,256,672,$226.63,No,248.7,
31-01-2020,FURNITURE,239.2,767.5,75.07,0,249.2,
04-04-2021,Toys,275.5,633.4,232.24,0,249.7,
16-Nov-21,Toy,256.5,673.8,228.12,0,240.1,
01-10-2021,Beauty,424.4,1015.7,161.82,N,399.1,
20-12-2021,Furniture,302.6,1045.6,72.49,0,273.1,
06-10-2022,Beauty,424.5,931.8,168.89,FALSE,?,
02-Mar-22,PET SUPPLIES,311.5,818.6,193.21,0,291.1,
02-07-2021,Electronic,241.6,555.6,47.01,0,239.6,
06-07-2021,SPORTING GOODS,528.1,1328.4,130.04,0,550.6,
15-06-2022,Apparel,466.2,1415.7 pcs,-,N,440.9,
02-04-2022,Sport Goods,552.6,1424,131.87,N,541.8,
25-Dec-22,OFFICE SUPPLIES,456.1,753.7,85.86,FALSE,439.3,
26-Jan-21, Toys,659.1,636,234.4,0,242.7,
13-10-2020,Grocerys,207.4,613.8,108.22,0,200.7,
04-08-2020,TOYS,345,462.2,227.2,No,360.7,
27-04-2022,Toys,281,318.5,237.5,N,279.9,
03-06-2021,GROCERIES,293.5,698,106.79,0,293.2,
28-12-2022,Automotive Parts,407.9,496.8,215.41,0,NA,
19-12-2020,"  Appearl	",475.6,1250.6,171.77,0,494,
21-Jan-21, Beauty,326.7,1006.9,166.74,0,296.3,
10-10-2020,Groceries,265.9,591.5,107.67,0,276,
17-02-2020,FURNITURE,208.5,777,76.65,0,192.8,
24-Sep-22,Sporting_Goods,524.9,1441.1,129.93,0,532.2,
19-02-2021,Electronis,471.7,508.7 pcs,46.18,Yes,454.8,
17-05-2020,groceries,206.1,632.7,107.94,0,208.2,
18-May-20,groceries,190.1,638.9,$109.44,0,177.8,
27-Aug-22, Electronics,237.2,260.5,46.22,0,244.7,
31-Mar-22,TOYS,304.8,646.7,-,N,310.9,
10-06-2021,Electronics,290.5,497.6,45.42,0,279.1,
23-02-2022,toys,285.8,660.5,230.46,0,290,
07-Oct-22,PET SUPPLIES,408,722.8,N/A,FALSE,418.7,
05-06-2022,Apparel,-431.9,1425,166.19,0,401.6,
03-17-2022,PET SUPPLIES,NULL,-789,189.34,FALSE,319.6,
18-01-2022,Apparel,442.8,1347,173.69,No,406.2,
12-04-2022,Apparel,538,1380.3,169,N,491.4,
26-Sep-21,toys,343.4,652.2,237.4,N,327.7,
31-08-2020,Auto Parts,240.7,758.8,215,FALSE,223.4,
23-Jul-20, Toys,348.8 units,640.4,230.98,FALSE,365.2,
22-07-2020,Apparel,382.9,1294.7 pcs,169.21,FALSE,379.8,
23-09-2020,"  Appearl	",449.6,1217.5,173.18,FALSE,425.1,
03-09-2020,PetSupplies,352.9,753.3,190.9,0,337.3,
04-19-2022,Furnture,210.8,1157.7,77.49,0,208.1,
07-01-2022,Appearl,523.5,1334.9,168.81,0,481.6,
27-06-2021, Toys,341.2,645.3,238.35,0,357,
18-Mar-21,Toy,289.3,636.3,229,0,278,
24-11-2021,pet supplies,358.2,821.2,193.57,0,364,
08-18-2022,Office Supplies,386.2,-703.7,91.72,N,398.1,
18-06-2020,Pet Supplies,277.1,774.7,200.57,0,272.8,
09-12-2021,Clothing,616.2,1324.5,172.77,Yes,585.4,
02-02-2022,Sport Goods,497.4 units,1424,127.98,FALSE,497.6,
10-02-2021,Sporting Goods,491,1382.1,125.79,FALSE,468.4,
06-09-2020,OFFICE SUPPLIES,267.7,999999,90.54,No,256.9,
06-10-2022,Groceries ,378.6,751.7,109.99,0,353.3,
27-Jan-22,AUTOMOTIVE PARTS,NA,645,222.82,0,392.5,
03-08-2020,groceries,246.1,687.3,107.14,0,254.4,
09-01-2022,Automotive Parts,367.6,353.4,216.76,FALSE,91.3,
14-05-2021,"  Sport Goods	",571.8,1325.3,127.72,FALSE,526.5,
04-03-2022,Furniture,249.2,1121.6,72.45,0,NULL,
22-06-2021,SPORTING GOODS,660,1360.1,128.27,1,616,
01-Feb-21,FURNITURE,254,892.7,78.75,0,265.5,
01-13-2021,Furnture,275.2,860.6,73.48,FALSE,270,
10-01-2022,Auto Parts,338.7,-358,229.53,FALSE,352.2,
27-01-2021,Beuaty,324.7,NA,170.1,0,302.9,
01-03-2021,BEAUTY,321.2,1032.7,158.78,N,306.7,
15-06-2022,Automotive-Parts,315.3,569.4,218.27,FALSE,289.5,
02-17-2022,groceries,400.8,771.7,103.67,0,397.6,
25-Mar-21,Toys,NULL,643.7,237.29,FALSE,270.1,
06-Sep-20,"  Pet Supplies	",323.7,773.2,194.47,0,N/A,
17-02-2021,"   Toys	",264.1,624.4,236.75,0,239,
06-05-2020,groceries,230.6,626.2,110.54,0,208.6,
21-02-2020,furniture,225.3,749.7,73.42,0,235.2,
30-05-2020,Grocerys,265.3,599.6,104.56,0,270.4,
04-11-2022,PET SUPPLIES,2752.9,697.1,198.87,TRUE,669.9,
28-01-2020,Apparel,NULL,1219.5,169.1,FALSE,384.8,
20-01-2020,Pet Supplies ,214.1,840.7,200.22,0,NA,
25-08-2021,Toys,351.3,635.1,235.75,0,320,
01-08-2020,Pet Supplies,314.8,745.4,199.13,FALSE,N/A,
05-07-2020,toys,304.9,735.6,232.83,FALSE,304.9,
18-10-2020,Automotive Parts,NA,712.4,218.27,FALSE,272.1,
12-20-2022,Auto Parts,402,486.8,221.49,N,414.3,
09-02-2020,Furniture ,211.6,792.6,73.59,N,198.9,
01-10-2022,FURNITURE,396.2,1125.9,73.02,FALSE,375.3,
16-Dec-20,Apparel,475.7,1250.4,168.63,0,481.9,
09-30-2021, Beauty,399.1,1020.1,158.04,N,410.9,
27-11-2020,AUTOMOTIVE PARTS,339.5,635.9,221.03,0,352.4,
23-06-2021,Sport Goods,511.7,1344,128.33,0,491.3,
06-11-2022,furniture,464.1 units,1145.7,$75.65,1,475,
11-Mar-20, Apparel,461.5,1220.2,169.75,0,483.6,
22-01-2020, Apparel,464.6,1223.6,168.48,0,483.2,
21-11-2020,Automotive-Parts,322.5,635.1,211,0,293.2,
24-05-2021,AUTOMOTIVE PARTS,263.5,708.8,222.97,0,261.2,
29-Mar-20,electronics,255.2,496.5,48.76,0,250.9,
04-09-2021,furniture,NULL,967.5,73.53,N,339.7,
07-Oct-22,Groceries,398,742.6,107.21,0,407.2,
17-06-2022,Pet Supplies ,367.1,800.6,201.51,FALSE,343.2,
11-Nov-20,Office Supplies,391.6,808.8,87.74,0,353.2,
02-05-2022,"  Toys	",290.8,607.7,239.22,N,269.6,
15-11-2020,Sporting Goods,478.3,1399.9,130.68,0,452.3,
01-10-2020,"  Sporting Goods	",483,1385.8,123.57,0,440,
12-Jun-20,groceries,272.9,593.1,109.91,No,270.6,
02-12-2021,Furniture,341.7,614,76.03,FALSE,46.4,
05-14-2020,Grocerys,275.7,611.9,110.04,FALSE,270.2,
25-03-2020,Automotive Parts,340.9,796,227.33,0,339,
14-09-2020,Groceries ,184.3,620.2,106.7,0,188.1,
28-Mar-20,OFFICE SUPPLIES,317.4,864.2,89.19,FALSE,314,
15-10-2022,PetSupplies,508.6,735.5,194.18,TRUE,484,
11-12-2021,Automotive Parts,353.9,657,null,0,353.7,
01-Feb-20,furniture,243.3,780.1,$74.14,0,253.9,
22-01-2021,sporting goods,538.1,1397.6,130.83,0,516.4,
24-Apr-20,furniture,164.2,767.8,74.46,0,169.5,
27-05-2020,Office Supplies,327.6,909.4,88.35,TRUE,297.8,
14-06-2022,Beuaty,421.9,1060.5,169.56,0,397.2,
01-06-2021,automotive parts,287.3,700.1,209.3,0,300.2,
17-09-2022,Pet Supplies,394.2,737.8,197.64,FALSE,357.8,
24-02-2022,Beuaty,453.2,802.2,163.48,N,410,
05-17-2020, Electronics,237.9,528.1,45.46,0,247.7,
10-07-2022,Furnture,326.7,1139.3,73.2,N,307.2,
28-09-2020, Office Supplies,439.5,-833.6,NA,TRUE,423.6,
04-18-2022,ELECTRONICS,329.6,296.4,45.84,0,335.6,
08-31-2020,Furniture ,336.7,824,74.01,0,306,
20-Sep-20,Grocerys,208.6,608.6,109.91,FALSE,198.6,
02-Jul-21,"  Sporting_Goods	",607.9,1302.8,123.5,FALSE,594.1,
07-Feb-22,Auto Parts,377.4,635.6,214.37,0,353.5,
20-08-2020,Pet Supplies,348.2,737.4,189.71,0,346.6,
14-Sep-22, Beauty,450,955.5,163.72,N,430.1,
09-08-2022, Beauty,451.2,947.9,171.76,FALSE,465.7,
07-Jul-22,Automotive-Parts,332,570.6,217.9,0,?,
03-Dec-22,OFFICE SUPPLIES,472.1,716.1,89.15,0,null,
03-07-2022,sporting goods,665.7,1375.2,127.66,Y,609.5,
21-08-2022,AUTOMOTIVE PARTS,264.3,573.1,226.29,0,274.4,
04-04-2022,Pet Supplies,231.3,864.8,199.9,FALSE,242.3,
05-05-2020,Auto Parts,264.5,841.4,211.63,FALSE,244,
12-03-2021,furniture,216.9,930.8,74.58,FALSE,218,
05-04-2022,Apparel,390.2,1430.7,missing,FALSE,372.4,
01-05-2020,electronics,282.1,481.4 pcs,45.21,FALSE,260.9,
27-03-2020,Toys,276.5,752,234.84,0,274.9,
20-12-2022,Pet Supplies ,359.8,692.8,198.85,0,350.7,
28-04-2021,Toy,287.8,625.8,234.99,FALSE,271.1,
16-02-2020, Toys,206.3,799.9,234.35,0,187.7,
09-Jan-20,Automotive Parts,364.8,815,Rs.220.43,FALSE,381.9,
25-12-2022, Beauty,381.3,-,161.27,FALSE,80.7,
25-Sep-22,Furniture,391.5,1142.4,72.9,0,388.8,
05-30-2020,OFFICE SUPPLIES,295.7,899.6,93.53,0,286.1,
08-01-2022,AUTOMOTIVE PARTS,270.3,564,211.91,0,280,
07-22-2020,"  Beauty	",406.9,1077.2,159.69,FALSE,402.9,
03-09-2021,automotive parts,354.5,620.2,221.26,N,?,
03-Oct-22,Sporting_Goods,472.8,1464.8,127.88,0,,
02-11-2020,"  OFFICE SUPPLIES	",284.1,841.9,91.43,0,283.6,
18-Jul-20,PetSupplies,283.8,770.4,201.12,0,274,
05-05-2021,Toys,289.3,641.2,240.7,0,301.9,
05-Nov-20,Beuaty,346.5,1106.5,160.82,0,312.2,
09-06-2021,Grocerys,295.9,681.4,107.91,0,303.3,
03-03-2022,furniture,254.8,1103.4,74.73,FALSE,239.1,
12-04-2021,APPAREL,561.5,1261.4,NULL,FALSE,532.4,
09-10-2020,Auto Parts,287.9,724.3,216.7,0,264.2,
21-05-2021,OFFICE SUPPLIES,573,929.7,86.23,TRUE,582.3,
26-12-2022,toys,319.4,572.4,245.65,0,299.8,
01-12-2020,Auto Parts,320,834.9,209.85,0,290,
27-Oct-22,PET SUPPLIES,432.6,700.5,194.83,0,422.6,
04-24-2021, Toys,289.1,623.6,240.85,0,267.9,
26-08-2022,Automotive-Parts,311.5,547.9,223.21,0,296.3,
02-27-2022,PET SUPPLIES,310.4,829.9,194.63,N,296.3,
26-09-2020,Pet Supplies ,355.9,787.3,200.16,FALSE,358,
23-10-2020,Grocery,286.3,398.6,104.75,0,33.1,
10-28-2022,Furnture,416.3,1128.7,73.24,No,433.3,
12-11-2020,FURNITURE,319.3,823.8,73.92,No,295.6,
01-May-22,Electronics,495.9,292.7,46.57,1,495.3,
17-08-2020,"  automotive parts	",228.4,757.5,222.78,No,214.7,
01-12-2021,electronics,null,390.9,49.12,0,227.4,
28-02-2020,toys,238.1,789.3,242.61,FALSE,234.4,
02-10-2020,Beuaty,393.4,1066,166.74,No,383.1,
05-Jul-20,Toy,NA,-661.8,231.98,FALSE,309.4,
31-07-2021,Sport Goods,568.1,1323.4,126.56,N,550.2,
29-Dec-21,Automotive-Parts,366,496,213.65,0,351.6,
12-19-2020,electronics,216.2,514,46.41,N,219,
01-12-2020,Sport Goods,427.3,1392.1,129.15,0,393.4,
05-Dec-21, Apparel,519.5,1276.5,164.49,FALSE,476,
03-01-2020, Electronics,196.4,510.5,46.62,0,181.6,
05-Dec-22,Appearl,504.9,1388.2,168.34,0,502.5,
19-07-2021,ELECTRONICS,205.6,477.6,46.35,0,198.8,
13-Jul-22,PET SUPPLIES,316.2,789.2,197.72,0,285.2,
21-10-2021,AUTOMOTIVE PARTS,312,673.8,217.91,0,289.4,
12-30-2022,Furniture,365.8,1110.5,75.16,0,381.3,
15-06-2020,Apparel,353.3,1299.8,171.33,FALSE,330.7,
03-Nov-20,"  PET SUPPLIES	",316.2,825.3,196.37,0,307.9,
11-09-2022,Furniture ,393.6,1156.9,76.14,FALSE,363.5,
24-10-2021,Electronics,175.2,423.6,NULL,No,174.1,
16-Jun-20,Electronis,268.4,569.4,47.07,1,258,
03-15-2020,Electronis,999999,489.7,46.91,0,236.2,
31-12-2022,Automotive-Parts,441.9,483.4,219.46,0,455.2,
08-30-2021,Electronic,180.2,504.2,46.52,No,188.6,
30-11-2022,AUTOMOTIVE PARTS,402.6,467.2,211.14,FALSE,408.6,
04-07-2020,apparel,398.1,1309.4,169.76,0,405.6,
07-Dec-22, Electronics,276.9,291.2,48.18,0,266,
06-11-2021,OfficeSupplies,460.2,797.8,88.36,0,416,
12-01-2021,SPORTING GOODS,504.2,1430.3,126,0,496.7,
04-12-2022,PET SUPPLIES,347.1,698.6,194.41,0,325.5,
02-01-2023,office supplies,461.1,751.3,90.54,0,438.1,
10-18-2020,"   Office Supplies	",355.5,816.2,$90.02,0,349.9,
05-08-2022,Pet Supplies,362.2,744.6,197.56,0,329.2,
04-29-2020,"  Beuaty	",388.4,1060.1,159.35,0,396.3,
06-Jan-20,Pet Supplies ,247,827.6,198.77,0,243.2,
22-06-2022,Groceries ,339.1,776.2,107.99,0,322.2,
05-03-2022,Pet Supplies,311.6,812,191.65,0,292.3,
30-06-2020,Apparel,376.4,null,168.85,FALSE,361.2,
12-06-2021,automotive parts,306.1,665.5 pcs,222.17,FALSE,321.4,
09-05-2020,sporting goods,508.4,1355.4,128.99,0,475.1,
11-01-2022,OFFICE SUPPLIES,414.1,407.9,90.05,FALSE,398.8,
11-03-2021,sporting goods,537.1,1360.9,124.39,FALSE,519.6,
23-07-2020,OfficeSupplies,305.6,868.3,87.93,FALSE,304.8,
15-02-2022,Furnture,247.5,1104.8,76.47,0,253.8,
18-May-22,Pet Supplies,307.1,630.1,196.22,N,309.4,
07-05-2021,Office Supplies,237.6,923.5,89.5,FALSE,237.2,
10-Aug-20,BEAUTY,362.1,1085.8,158.24,No,333.8,
07-12-2020,"  pet supplies	",283.3,797.4,197.25,FALSE,276.6,
05-11-2021,Groceries,377.7,790.9,109.41,0,343.5,
30-Jul-22,Grocerys,329.1,788.6,108.25,0,325.4,
02-08-2021,Groceries,283.2,723.7,107.45,TRUE,263.7,
03-08-2022,ELECTRONICS,251.9,251.5,45.94,0,256,
05-17-2022,AUTOMOTIVE PARTS,322.7,533.7,218.34,0,295.1,
20-Oct-21,beauty,391.1,686.5,163.26,0,365,
12-15-2021,Auto Parts,361.3,656.1,218.45,0,357.7,
27-03-2022,Sport Goods,574.6,missing,126.16,No,590.3,
03-26-2021,Groceries ,526.6,605.5,106.51,Y,482.2,
11-Aug-20,Toy,300.2,659.5,233.92,FALSE,302.1,
12-28-2022,Appearl,549.7,1345.7,171.25,FALSE,541.1,
05-01-2020,Beauty,270.8,1035.8,166.83,0,259.1,
18-03-2021,Beauty,398.4,1000.6,162.35,FALSE,380.6,
07-08-2020,Electronic,204.1,537.8,45.07,0,186.2,
29-07-2021,sporting goods,559.9,1329.1,126.6,0,508.9,
23-06-2020,beauty,402.4,1123.9,165.13,0,413.1,
12-21-2022,Pet Supplies ,363.5,689.8,195.35,No,367.4,
16-05-2020,groceries,245.1,623.1,112.67,0,233.7,
10-21-2021,Beuaty,334.8,1019.5,167.77,No,341.1,
29-Apr-22,automotive parts,407.4,528,218.87,No,388.6,
03-06-2022,BEAUTY,386.4,1027.9,164.75,0,356.1,
12-02-2022,office supplies,486.9,NULL,88.91,N,501.1,
08-04-2022,PetSupplies,333.4,-,191.88,No,300.2,
04-22-2022, Electronics,373.3,272.8,46.99,0,376.9,
11-12-2020,Auto Parts,527.4,601.2,211.87,1,551.9,
02-06-2021,Toys,261.3,601,237.92,0,255.4,
03-09-2020,Pet Supplies,197.7,845.9 pcs,202.75,0,183.6,
01-11-2021,BEAUTY,344.3,987.8,160.37,0,324.9,
04-01-2022,Office Supplies,431.3,768.1,85.3,0,396.6,
27-07-2020,Pet Supplies ,257.5,771.9,196.66,0,265.2,
28-Apr-21,Sport Goods,702,1347,129.92,Yes,721.6,
22-Jun-22,Sporting Goods,571.3,1394.3,128.7,0,570.5,
09-12-2022, Electronics,218.4,266.8,45.51,0,198.7,
03-11-2021,Beuaty,334.2,988.5,165.81,N,333.8,
05-Oct-21,office supplies,359.2,821.7,90.46,FALSE,325.3,
30-03-2022,furniture,219.1,1138.1,73.27,0,210,
05-05-2020,FURNITURE,247.6,793.6,$74.93,TRUE,228.3,
11-06-2022,sporting goods,575.4,1415.2,127.49,0,586.9,
18-10-2022,"  Toys	",366.4,609.5,230.48,0,348.3,
26-Aug-20,Beauty,374.5,1073.6,$165.47,0,344.7,
04-02-2020,Beauty,361.4,1110.2,166.94,No,null,
28-01-2022,Office Supplies,463.3,734.3,90.46,0,458.1,
07-04-2022, Electronics,355.4,298.1,47.98,0,358.4,
21-12-2020,TOYS,250,638.5,236.35,0,238.4,
18-06-2022,Groceries ,337.1,766.2,109.27,No,323.2,
05-20-2021,Electronics,310.8,321.2,47.39,No,281.9,
16-Dec-20,Groceries,292.6,582.3,109.82,0,274.3,
25-09-2022,BEAUTY,370.9,958.8,165.69,0,361.7,
15-07-2022,GROCERIES,339.1,780.3,107.78,No,336.8,
20-Apr-21,APPAREL,382.2,1314.8,176.84,No,393.4,
21-09-2020,Beuaty,330.1,1066,174.45,FALSE,340,
01-19-2022,Automotive-Parts,349.9,693.3,221.46,FALSE,347.9,
06-03-2021, Apparel,463.5,1269.4,164.34,0,461.1,
04-15-2021,TOYS,289,626.4,241.56,0,282,
06-04-2022,Toy,315.6,625.9,239.33,FALSE,316,
22-07-2020,Auto Parts,999999,765.1,Rs.218.7,0,250.9,
01-01-2022,groceries,374,808.6,105.96,0,339.5,
04-09-2022,Beauty,440.4,953.3,999999,0,433,
15-Mar-21,Beuaty,343.3,992.9,168.42,0,320.4,
18-04-2020,BEAUTY,387.8,1090.3,158.88,No,354.3,
30-Oct-20,Electronis,602.7,missing,48.65,0,162.7,
02-02-2021,OFFICE SUPPLIES,1744.5,890.3,85.26,TRUE,459.4,
06-Nov-22,apparel,503,1369.7,169.48,FALSE,527.5,
03-10-2022,electronics,356.9,332.4,45.14,0,363.5,
08-03-2021,PET SUPPLIES,225.3,847.1,202.4,0,null,
30-11-2020,Electronics,158.5,555.3,45.06,0,144.8,
01-03-2020, Beauty,334.1,1014.4,162.11,No,301.6,
09-01-2020,"  Beuaty	",337.8,1068.5,164.22,0,334.7,
05-03-2020,AUTOMOTIVE PARTS,333.9,785.5,218.39,0,312,
08-02-2022,GROCERIES,346.3,795,104.5,0,357.9,
12-11-2021,Clothing,-,1285.8,171.66,FALSE,496.9,
05-11-2022,FURNITURE,431.4,1135.2,74.49,0,406.2,
06-02-2021,Furnture,245.8,904,73.6,0,249.9,
12-12-2022,BEAUTY,?,983.6,162.72,0,333.8,
10-10-2021, Apparel,599.8,1314.1,$170.88,1,578.5,
01-11-2022, Apparel,511.4,807.8,163.27,No,489.8,
05-01-2022,beauty,424.8,986.9,159.82,0,418.6,
10-Mar-20,SPORTING GOODS,472.9,1439.5,129.61,0,479.7,
13-04-2021,Beuaty,392.3,1009.5,168.78,0,394.3,
23-10-2022,automotive parts,311.2,512.4,215.29,No,288,
11-13-2021,office supplies,459.8,missing,88.88,N,446.5,
13-05-2020,ELECTRONICS,228.8,522.4,46.44,0,212.2,
15-05-2022, Beauty,418.6,1036,164.56,0,406.4,
18-12-2020,Electronics,227.3,513.4,45.33,FALSE,2059,
08-Mar-22, Beauty,390.0 units,1036.9,164.35,FALSE,375.3,
07-06-2021,furniture,231.7,1001.1,72.78,0,227.7,
21-08-2022,Toy,363.3,597.1,245.44,0,380,
01-12-2022,Beauty,409.4,992.7,166.1,No,427.6,
09-Mar-20,Beuaty,352.1,1119.7,166.48,N,331.6,
22-Nov-20,Beauty,301.6,1097.1,166.08,FALSE,285.5,
11-05-2020,"  sporting goods	",506.0 units,1359.4,130.31,FALSE,458.8,
01-09-2021,pet supplies,328.5,781.3,192.57,0,328.9,
11-01-2020,Sport Goods,504.9,1445.9,128.54,0,495.3,
03-12-2022,Office Supplies,null,728.6,90.55,0,389.6,
19-11-2022,PetSupplies,437.4,685.5,194.39,0,441.5,
05-Apr-20,Toy,222.9,752.2,Rs.240.78,0,204.3,
07-Sep-21,Furnture,364.1,965.4,73.87,0,352.7,
10-03-2022, Toys,325.5,636.1,250.37,0,326.7,
13-Jul-21,SPORTING GOODS,521.7,1326.5,129.57,0,488,
08-31-2021,Sporting Goods,466.8,1369.6,129.82,0,470.4,
10-24-2022,"   Office Supplies	",407.7,767.5,$90.23,0,425.3,
01-Jan-22,Electronis,269.4,343,46.76,FALSE,248.4,
12-01-2021,office supplies,365,873.8,91.72,0,NA,
10-19-2020,Apparel,372.4,1265.7,173.66,FALSE,381.5,
24-03-2022,OfficeSupplies,407.1,743.1,87.86,FALSE,414.8,
19-10-2020,FURNITURE,353.7,785.5,76.25,0,357.5,
17-06-2021,Furniture,,998,75.52,FALSE,2319,
23-07-2021,"  beauty	",431.6,1029.8,170.34,No,448.1,
12-Nov-22,Automotive Parts,361.3,500.5,225.25,FALSE,379,
12-01-2020,FURNITURE,392.8,820.9,76.05,1,376.7,
05-06-2022,Sport Goods,591.6,1425.6,126.67,0,588.4,
11-24-2021,Furniture ,892.6,1018.9,75.74,0,323.7,
23-02-2022,Apparel,587.5,1304.6,172.42,TRUE,576.8,
07-08-2022,Furniture,347.9,-,75.12,0,320.9,
27-08-2022,GROCERIES,318.9,786.1,105.87,0,NULL,
29-Dec-20,Pet Supplies ,297.7,843.1,199.28,0,309,
26-09-2021,groceries,266.1,804.6,109.35,0,269.6,
23-10-2022,Furniture,403.7,1120.5,74.4,0,423,
09-06-2020, Toys,298.6,676.1,236.08,FALSE,276.6,
03-16-2021,Furniture ,196,956.9,73.91,0,199.9,
13-11-2022,Grocery,346,781.3,106.03,0,330.4,
14-10-2020,Beauty,335.5,1077.5,170.48,No,350.8,
24-04-2021,Furniture,198.9 units,1011.2,74.11,No,204.7,
30-05-2021,Toy,302.5,642.3,236.3,0,316.3,
25-07-2021,Beuaty,NULL,1040.6,168.48,0,365.6,
05-11-2020,Automotive-Parts,318.6,662.2,218.62,FALSE,326.5,
12-27-2020,beauty,300.7,1047.4,159.77,0,273.8,
12-Jan-21,Automotive-Parts,missing,604.1,214.32,0,348.1,
19-Nov-21,Furniture,385.4,1003.6,74.44,FALSE,348.4,
21-07-2021,"  OFFICE SUPPLIES	",353.8,560.6,88.47,0,363.9,
09-Oct-20,office supplies,404.3,803.5,89.96,FALSE,405.8,
11-05-2020,OfficeSupplies,missing,808.2,91.19,0,395.7,
31-10-2021,Grocery,309.5,814.3,$104.8,No,293,
01-03-2020,GROCERIES,245.8,707.6,108.87,No,222.6,
30-May-21,apparel,358.8,1317.2,166.35,0,359.7,
12-06-2020,Grocery,294.2,572.2,103.5,0,302.9,
29-08-2021, Beauty,396.1,1033.2,168.28,0,405.9,
26-04-2020,"  Electronis	",239.5,494.5,47.3,No,224.7,
21-08-2020, Electronics,186.8,545.9,47.02,0,182.7,
18-Jul-21,Sporting Goods,499.3,1327.1,130.35,FALSE,501.7,
07-11-2021, Beauty,356.4,994.6,163.38,FALSE,337.7,
12-06-2022,SPORTING GOODS,529.9,1482.2,132.69,0,527.5,
31-01-2022,toys,227,703.2,231.47,No,215.7,
11-20-2021,Appearl,510,1271.2,174.64,0,NA,
10-02-2021,Furniture ,287.1,899,74.93,TRUE,285.5,
29-09-2022,BEAUTY,440,949.8,164.61,0,427,
29-Sep-20,Pet Supplies ,435.6,,198.18,1,456.4,
07-01-2022, Office Supplies,403.5,677.7,88.92,0,397.8,
17-02-2020,OfficeSupplies,323.8,523,86.51,FALSE,317.7,
14-04-2021,BEAUTY,404.9,1001.3,167.55,0,394.1,
04-05-2022,Furniture,229.9,1167.2,74.46,FALSE,227.6,
20-06-2021,Apparel,416.4,1272.6,171.99,0,418.6,
18-11-2020,toys,409.7,606.2,235.24,1,378.1,
24-05-2022,Groceries,331,761.8,Rs.108.05,0,307.8,
18-Sep-21,Office Supplies,418.4,794.9,91.9,0,388,
22-Sep-21,Sporting Goods,463.9,1406,Rs.130.38,0,434.2,
29-09-2020,Electronics,122.5,543.2,46.75,0,113.3,
05-02-2022,Sport Goods,999999,1381.3,131.08,0,640.4,
06-29-2022,"  Furniture	",301.3,1146.3,72.13,0,293.7,
17-04-2020,automotive parts,344.9,794.4,214.75,0,336.1,
17-02-2020,electronics,204.6,550.2,46.43,0,209.8,
04-Feb-22,FURNITURE,378.6,1090,N/A,1,352,
05-11-2021,ELECTRONICS,260.1,495.1,48.17,0,-,
07-24-2021,groceries,282.7,670.9,103.71,0,273.9,
14-12-2022,office supplies,481.8,744.9,88.9,0,440.8,
29-11-2022,Electronics,251.8,306,Rs.46.21,0,261.3,
21-07-2021,BEAUTY,401.2,1030.4,166.62,N,419.9,
02-14-2020,pet supplies,305.2,814.3,194.46,0,299.2,
01-26-2020,Clothing,399.7,1231.3,176,FALSE,414.1,
24-09-2022,Beauty,452.1,929.7,163.98,0,440.3,
04-02-2021,TOYS,235.2,609.8,231.53,0,232.5,
30-Jul-22, Beauty,476.1,935.3,162.82,N,471.9,
10-08-2020,GROCERIES,162.3,-,108.69,0,164.2,
10-02-2021,PetSupplies,384.8,464,196.15,0,368.2,
05-27-2021,Furnture,232.8,1006.2,75.64,0,233.2,
18-06-2021,apparel,454,1260.8,170.83,FALSE,437.7,
16-03-2020,office supplies,283.2,892,91.96,0,292.9,
24-04-2021, Apparel,449.2,1293.7,171.95,FALSE,454.5,
18-Nov-21,Apparel,512.5,1275.7,163.83,No,510.4,
20-04-2022,SPORTING GOODS,562,1434.5,126.5,0,513.9,
09-08-2022,Pet Supplies,302.1,758.5,187.67,0,272.4,
11-05-2022,Groceries ,341.2,766.5,108.18,0,337.8,
18-Oct-20,Groceries ,387.5,621.8,108.24,1,400.3,
08-11-2022, Office Supplies,420.9,999999,92.54,0,441.6,
30-06-2022,Automotive-Parts,332,548.7,NA,FALSE,999999,
11-Jul-22, Beauty,397.8 units,976.1,?,0,362.8,
20-04-2020,AUTOMOTIVE PARTS,-,814.9,214.7,0,285.7,
11-06-2020,Beauty,414.3,1111,165.6,FALSE,386.6,
07-23-2020,PET SUPPLIES,322.3,757.6,200.13,0,292.8,
29-Mar-21,"  toys	",256.4,642.9,238.17,N,246.6,
14-09-2020,PetSupplies,313.8,787.4,197.43,FALSE,296.1,
10-13-2022,APPAREL,522.1,1335.9,$168.69,0,482.2,
04-18-2021,Appearl,416.8,1307.9,165,0,424.8,
05-10-2020,PetSupplies,197.6,848,193.72,0,181.9,
04-Dec-22,GROCERIES,372.9,765.7,null,FALSE,341.9,
08-22-2022,Furnture,352.3,missing,$75.16,0,356.7,
20-03-2021,Toy,242.5,641.5,235.51,No,227.1,
23-12-2020,"  Grocery	",287.8,576.7,107.04,0,291.9,
29-06-2020,FURNITURE,229.3,806.6,75.03,FALSE,237.3,
01-10-2020,Groceries ,284.7,?,111.03,0,280.9,
08-09-2020,OFFICE SUPPLIES,296.3,846.3,89.03,No,273.1,
28-11-2021,Electronics,204.8,394.8,47.16,N,204.1,
20-Aug-20, Electronics,174.3,-541.5,48.4,0,173.9,
06-04-2021,Beuaty,375.5,999.6,Rs.164.02,No,377,
02-11-2021,Beuaty,355.4,986.6,166.21,0,339.5,
09-11-2020,Electronic,125.4,525.4,45.45,FALSE,128.1,
26-08-2021,Electronis,198.1,499.6,45.67,0,188.6,
26-03-2021,Office Supplies,393.7,849.6,87.44,0,386.2,
16-12-2022,sporting goods,517.6,1504.4,125.69,FALSE,538,
08-05-2022,Groceries ,333.7,769.7,108.17,FALSE,333.3,
09-14-2020,SPORTING GOODS,408.9,1398.6,128.56,FALSE,392.4,
12-03-2021,office supplies,385,861.2,88.28,FALSE,385.9,
09-17-2022,office supplies,NA,707.7,88.78,0,401.5,
25-10-2021,"  TOYS	",272.1,640.9,230.35,FALSE,278,
06-05-2022,Toy,377.2,563.5,233.74,0,356.5,
23-03-2020,Furnture,163.4,774.2,74.67,0,163.9,
03-Mar-22, Apparel,502,1304.6,$169.51,0,497.9,
15-09-2022,Sporting_Goods,498.8,1462.6,129.04,0,455.4,
07-02-2020,"  electronics	",246.6,521.5,?,0,258.2,
21-09-2020,AUTOMOTIVE PARTS,229.1,746.7,214.88,FALSE,217.4,
06-08-2020,Furniture,196.9,787.7,76.54,No,205.9,
09-11-2020,OfficeSupplies,311,832.8,88.44,No,293,
23-06-2020,PetSupplies,244.5,800.2,196.47,0,226.6,
10-01-2020,OFFICE SUPPLIES,514.8,877.8,87.58,1,515.3,
09-16-2021,Office Supplies,393,805.5,89.22,0,396,
06-25-2021,Electronic,-261,513.9,47.5,No,256.9,
04-03-2020, Office Supplies,345.9,913.2 pcs,90.41,FALSE,335.8,
08-16-2020,sporting goods,486.1,1366.6,124.3,No,472.4,
03-Feb-22,Furniture,269.3,723.4,73.46,0,271.7,
07-Jan-22,Pet Supplies ,390,819.1,199.12,0,374.4,
28-12-2022,electronics,319,261,47.37,FALSE,290.2,
23-Dec-22,automotive parts,415,472.1,218.61,No,381.3,
23-09-2020,Groceries ,241.3 units,NULL,105.86,0,219.8,
06-13-2020,Sporting_Goods,544.2,1320.3,130.79,FALSE,535.2,
05-10-2020,Electronics,233.4,513.8,47.29,FALSE,237.9,
09-27-2022,Groceries ,318.2,772.1,104.59,0,312.9,
09-14-2022,Apparel,505.2,1355.8,NA,0,460,
09-02-2020, Beauty,354.4,1074.8,161.77,FALSE,337.1,
07-07-2021,TOYS,321.2,654.9,237.04,0,298.3,
10-05-2020, Apparel,427.9,1296.4,172.15,0,398.1,
12-Dec-21,furniture,357.8,1029.1,72.95,N,335,
12-01-2020,APPAREL,439.1,783.4,171.85,0,412.7,
15-Aug-20,Groceries ,224.6,609.5,102.21,FALSE,208.9,
17-Feb-20,GROCERIES,226.3,478.9,109.88,FALSE,231.8,
12-16-2022,Office Supplies,540,718.1,91.13,No,526.2,
28-01-2021,Toys,263.7,622.4,237,0,263.7,
05-08-2020,Electronics,396.2,500.1,46.36,Yes,NULL,
05-06-2022,Electronic,287.6,310.7,47.5,0,288.9,
08-27-2022,"  Auto Parts	",N/A,543.7,223.38,No,275.2,
24-07-2021,Toy,310.7,661.3,232.58,0,283.4,
17-09-2020,pet supplies,355.3,782.3,193.2,N,346.4,
24-Apr-21,Grocery,299.5,630.4,109.66,FALSE,295.6,
09-23-2020, Beauty,371.7,1048.1,165.22,0,361.2,
04-01-2020,AUTOMOTIVE PARTS,313.5,835.5,212.92,0,315.3,
19-09-2022,Groceries,306.9,788.2,109.39,No,310.4,
08-08-2022,sporting goods,483.7,1461.6,126.24,0,436.7,
07-12-2022,Furniture,360.7,1129.2,73.24,0,360.2,
12-May-21,APPAREL,383.8,1320.2,164.56,N,351.2,
06-Jul-20,Apparel,391.8 units,1308.2,169.85,0,364.3,
01-25-2021,Groceries ,293.4,572.5,107.56,FALSE,285.6,
12-Jun-22,ELECTRONICS,293.1,294.2,48.05,0,?,
11-10-2021,Electronis,171.7,446,46.61,0,161.4,
11-Jul-22,PET SUPPLIES,272.5,806.2,191.23,0,258.8,
26-11-2020,Automotive Parts,335.5,636.2,-,0,347.5,
01-02-2020,Sport Goods,471.9,1435.7,124.83,0,426.5,
30-08-2021,Appearl,428,1284.7,168.37,FALSE,429.1,
28-07-2022,OFFICE SUPPLIES,,661.9,91.9,0,389,
03-18-2022,Sporting_Goods,616.9,1412.3,129.64,N,598.6,
23-07-2021,Grocerys,320.1,658.7,109.91,No,314.8,
05-21-2020,PetSupplies,263.8,807.8,199.78,No,255.7,
09-09-2021,PET SUPPLIES,370.5 units,780.6,194.94,N,376.4,
02-14-2020,Furniture,209.9,776.1,75.05,0,192.8,
06-Jul-22,"  Apparel	",473.2,1430.1,164.23,FALSE,427.4,
22-Sep-20,BEAUTY,338.1,1060.8,165.31,0,326.4,
31-May-22,Beuaty,432.7,1028.2,166.25,No,444.1,
23-Feb-20,OFFICE SUPPLIES,337.7,919.5,89.01,0,350.4,
16-08-2022,"  Automotive Parts	",282.7,567.2,220.19,0,-,
08-03-2021,Groceries ,405.9,642.9,106.51,1,415.1,
24-Mar-20,Automotive-Parts,322.5,-788.8,216.01,0,317.3,
27-08-2022,office supplies,418.2,717.3,93.67,FALSE,395.1,
15-04-2020,Beauty,371.7,NA,169.21,0,388.4,
12-01-2021,Furniture,349.9,613.8,74.42,0,352.3,
21-12-2021,sporting goods,492.9,1426.6,131.65,0,495.7,
24-01-2022,PET SUPPLIES,295.9,848.9,195.64,FALSE,2968,
20-Nov-20,Sporting Goods,503.2,1387,128.01,0,485.4,
30-05-2021,PetSupplies,260.2,861.1,203.23,0,240,
08-Feb-22,Electronic,292,371.7,47.17,0,286.2,
03-04-2021,groceries,321.7,610.5,106.15,FALSE,305,
27-07-2022,GROCERIES,882.8,799.7,105.96,0,295.3,
13-Dec-20,Furnture,304.6,839,72.32,0,309,
15-Aug-21,Automotive Parts,266.2,690.7,216.66,0,272.7,
09-Jun-22,Sport Goods,608.7,1405.5,127.14,FALSE,615.4,
10-12-2020,beauty,374.3,1043.8,159.05,N,377.7,
17-06-2021, Office Supplies,348.5,902.1,89.48,FALSE,324.5,
08-08-2020,toys,322.5,474.1,231.44,0,312.9,
27-06-2022,Auto Parts,294.3,560.2,216.2,No,308.3,
08-Oct-21,BEAUTY,397.3,996.9,168.03,FALSE,409.2,
21-01-2021,OFFICE SUPPLIES,454.8,842.7,91.59,0,418.3,
04-08-2020,Clothing,366.6,1278.6,164.1,0,350.5,
12-10-2021,Toys,1230.4,N/A,245.44,N,303.2,
02-20-2022,electronics,436.7,237.6,$46.96,1,398.2,
08-02-2022,SPORTING GOODS,548.1,1400.7,128.6,No,524.5,
16-06-2022,Toy,376.9,570.8,235.12,No,346,
23-03-2022,Toy,313.6,630.7,243.5,0,312.3,
20-05-2021,"  Toy	",330.4,631.2,226.77,0,329.6,
15-12-2021,sporting goods,524.6,1430.4,131.39,0,516.1,
04-18-2022,Furnture,211.7,1155.3,72.19,N,203.3,
12-25-2022,Pet Supplies,381.7,685.2,201.27,0,354.1,
07-06-2021,Toys,317,638.4,239.2,0,327.8,
12-31-2021,Grocerys,612.6,798.8,108.71,1,591.3,
08-12-2021,BEAUTY,332.8,979.9,168.27,0,308.1,
04-26-2020,Toys,258.5,743.9,241.83,N,261.2,
07-10-2021,TOYS,335.7,637.2,245.72,0,303.1,
12-02-2020,Furniture,missing,785.2,74.27,No,,
19-04-2020,Appearl,505,999999,171.97,1,500.6,
01-08-2020,TOYS,216.1,808.1,238.54,0,226.7,
31-07-2022,Appearl,409.6,1421.5,171.9,0,386.4,
03-08-2020,Grocery,181.3,593.9,107.31,0,180.5,
05-03-2021,Grocerys,-345,603.7,109.68,FALSE,314.6,
11-06-2021,AUTOMOTIVE PARTS,307.5,?,214.24,0,309.7,
18-Feb-22,sporting goods,554,-1408.3,128.55,0,578.8,
09-08-2022,furniture,393.6,1166.2,75.5,0,412.5,
05-01-2020,Furnture,265.4,761.5,73.87,0,262.6,
07-17-2020,OFFICE SUPPLIES,326.4,866.9,89.69,0,303.2,
24-08-2021,Toys,null,633.2,232.38,FALSE,331.3,
16-09-2022,Pet Supplies,1520.3,727.8,192.93,FALSE,418.7,
25-02-2020,Office Supplies,313.3,927.2,86.17,0,316.2,
01-07-2021,Grocerys,287.3,634.4,109.65,No,298,
04-02-2021,apparel,458.8,1274.3,$172.55,FALSE,444.8,
04-06-2022,Clothing,499.5,1337,174.89,0,520,
18-Nov-21,Electronic,223.3,N/A,46.86,FALSE,205.2,
10-27-2021,Pet Supplies ,398.3,815.1,199.7,0,3774,
11-Jun-22,"  furniture	",285.1,1135.8,$73.06,0,274.2,
03-04-2020,automotive parts,354.2,-,215.82,0,327.8,
24-04-2020,beauty,425.9,999999,171.63,0,444.2,
05-06-2022,Furniture,246.1,1160,75.57,0,244.4,
09-16-2022,Automotive-Parts,318.1,507.5,216.36,FALSE,289.1,
13-Apr-20,ELECTRONICS,229.8,499.2,47.06,No,2181,
23-10-2021,toys,349.7,609.8,234.86,0,323.4,
20-12-2020,Furniture,295.1,849.7,72.94,0,303.3,
23-05-2021,Grocery,1047.8,690.3,Rs.110.46,N,231.5,
04-Jun-20,furniture,224.5,776.7,74.04,FALSE,222.8,
11-10-2022,Clothing,566.8,1368.4,999999,0,512.1,
04-04-2021,Groceries ,306.7,613.4,109.17,0,317.9,
27-12-2020,FURNITURE,312.4 units,859.4,72.68,0,297.1,
26-Jan-20,Electronics,174.8,524.9,48.16,N,166.1,
07-05-2020,groceries,265,614.8,109.97,0,242.5,
11-Apr-21,Sport Goods,547.3,1325.5,131.84,FALSE,552.7,
09-04-2021,sporting goods,587.6,1322.9,126.74,0,571,
03-Aug-20,Auto Parts,229.6,778,221.04,0,231.1,
06-11-2020,Office Supplies,401.4,800.2,91.36,0,399,
27-04-2022,Sport Goods,617.5,1409.4,126.2,N,640.3,
11-04-2021,Beuaty,,979.2,164.81,1,486.7,
20-09-2022, Electronics,205.4,269.6,$45.94,FALSE,210.7,
23-11-2020,PET SUPPLIES,303.3,-766.7,197.4,0,280.9,
06-02-2022,Beauty,401.6,1009.9,164.8,0,393.5,
19-01-2021,SPORTING GOODS,?,1404.4,126.17,0,483.1,
04-18-2021,Toys,258.3,626.8,$240.24,0,248.2,
11-Dec-21,sporting goods,515,1427.4,126.49,0,506.7,
10-06-2021,AUTOMOTIVE PARTS,330.6,685.2,217.01,0,303.6,
21-02-2021, Office Supplies,356.5,890,88.22,0,356,
04-04-2021,beauty,399.2,996.6,-,0,400.4,
29-04-2020,Furniture ,155.8,795,74.3,0,144.2,
09-11-2022,Automotive Parts,383.3,505.2,222.7,0,389.9,
25-11-2021,furniture,376.8,1007,73.03,0,379,
08-05-2021,Automotive Parts,335.6,NA,211.9,0,347.9,
22-03-2022,Electronics,330.6,301.7,47.26,0,303.4,
11-04-2021,pet supplies,411,810.5,198,0,4302,
05-11-2022,OfficeSupplies,478.1,733.2,90.54,0,454,
05-07-2020,Appearl,391.9,1313.8,170.24,N,405.5,
11-06-2020, Electronics,247.2,551,47.46,0,225.7,
19-04-2021,Clothing,388.6,1322.2,170.34,0,405.2,
27-02-2021,Grocerys,325.2,598.5,108.75,0,304.1,
01-04-2020,toys,251.6,751.9,239.97,0,231,
12-06-2020,Beuaty,420.4,1111.2,168.3,FALSE,396.9,
17-10-2022, Apparel,469.7,1353,172.65,0,473.4,
08-08-2021,Sporting_Goods,531.4,1333.9,129.43,FALSE,538.8,
17-02-2020,beauty,311.3,null,160.38,FALSE,302.8,
04-Dec-20,Automotive-Parts,348.3,615.6 pcs,219.91,No,342.1,
06-01-2022,Furnture,319.5,1064.2,72.99,FALSE,292.5,
06-01-2021,Appearl,421.4,1282.2,169.66,0,428.6,
29-Dec-21,ELECTRONICS,248,352.6,47.51,0,226.8,
11-08-2020,sporting goods,missing,1407.4,126.64,No,420.6,
25-08-2021,Apparel,420.6,1283.2,Rs.171.84,FALSE,441,
22-01-2021,AUTOMOTIVE PARTS,559.8,581.4,211.45,Yes,559,
31-03-2021,Sporting Goods,639.3,1355.8,126.39,1,645.7,
30-Jul-22,Clothing,455.2,1413.1,171.34,N,467.2,
27-04-2020,ELECTRONICS,250.5,491.3,45.02,0,252.8,
08-01-2020,"  furniture	",267.3,770.1,75.07,0,262.5,
10-Aug-21, Beauty,388.8,1029.8,162.35,0,389.6,
30-Mar-22,OfficeSupplies,397,737.1,86.08,0,391.7,
03-Feb-21, Office Supplies,,872.3 pcs,91.08,FALSE,388.8,
18-Dec-20,Toys,297.9,628.9,238.34,N,276.8,
24-12-2021,Office Supplies,510.9,767.5,90.75,0,501.1,
08-31-2022,Office Supplies,380.5,737.4,89.23,0,360.2,
19-05-2021,automotive parts,329,689.6,216.24,0,340.4,
22-05-2021,SPORTING GOODS,?,1326,129.18,1,659.6,
22-05-2020,apparel,415.3,1303.4,172.22,N,417.8,
10-04-2020,ELECTRONICS,290.9,NULL,47.79,No,273.6,
13-09-2022, Toys,345.5,630.9,247.52,0,328.1,
25-04-2022,SPORTING GOODS,,1420.6,126.68,0,532.6,
08-07-2022,TOYS,561.8,585.8,232.99,1,527.1,
11-05-2021,PetSupplies,224,874.7,$204.71,FALSE,232,
03-19-2021,SPORTING GOODS,572.3,1349.2,131.99,0,517.9,
25-01-2022,BEAUTY,374.7,1011.9,167.9,FALSE,351.9,
10-08-2021,electronics,214.1,445.5,46.14,0,208.2,
06-09-2020,electronics,126.5,563.5,47.14,No,131.9,
06-01-2020,Office Supplies,467.7,891.7,89.41,Y,441.1,
08-11-2021, Toys,282.3,676,238.01,0,255.7,
07-05-2022,GROCERIES,478.6,764.9,102.46,Y,438.8,
05-Dec-20,OFFICE SUPPLIES,430.7,823.7,90.46,0,447.3,
29-07-2022,Furnture,339.2,1144.9,74.93,N,NULL,
05-08-2022,groceries,348.4,779.7,104.58,0,339.2,
02-10-2022,Toy,481.7,609.1,238.87,1,447.6,
23-06-2022,Pet Supplies ,340.3,794.9,195.04,0,316.8,
11-16-2021,Electronic,194.5,409.8,48.44,0,192.5,
24-Feb-21, Apparel,427.2,1277.3,167.79,No,396,
25-11-2022,Appearl,NA,1384.1,166.58,0,545.9,
13-02-2021,Sporting Goods,null,1378.3,122.56,0,485.8,
10-04-2021,ELECTRONICS,308.2,473.3,46.2,0,308.4,
09-11-2022,toys,404.3,604.4,237.77,N,405.7,
09-10-2022,FURNITURE,391.3,1115.1,74.28,FALSE,385.2,
04-12-2022,Sporting Goods,567.6,1431.5,126.95,FALSE,547.9,
28-01-2022,Appearl,482.6,1343,170.34,0,478,
08-26-2021,Groceries ,281,735.6,999999,0,266.8,
06-Dec-22,PetSupplies,351.8,693,197.09,0,343.8,
19-07-2020,automotive parts,212.2,787.3,216.26,0,204.2,
11-04-2020,BEAUTY,2587.8,1105.8,164.9,1,552.3,
27-Apr-21,pet supplies,204.9,888.2,200.11,0,211.8,
14-06-2021,Office Supplies,272.4,926.6,88.25,No,255.2,
11-Feb-20,Beuaty,320.5,1036.4,165.95,FALSE,317.9,
22-08-2020,AUTOMOTIVE PARTS,228,518.7,220.02,0,224.2,
08-Jun-22,Sport Goods,603.6,1399.5,131.63,0,574,
24-05-2022,"  BEAUTY	",439.1,1025.2,162.48,0,407,
07-10-2020,pet supplies,340.7,777.5,190.01,FALSE,308.6,
10-06-2021,GROCERIES,274.6,NA,106.09,0,284.2,
31-08-2022, Beauty,-,956.1,167.41,N,399.5,
02-22-2021,BEAUTY,310,976.7,169.59,0,322.3,
09-01-2021,groceries,269.9,746,108.97,N,254.5,
05-15-2022,PetSupplies,-410.4,632.8,205.17,Y,422.3,
02-03-2020, Office Supplies,289.8,921.8,86.71,N,295.5,
24-Mar-21,APPAREL,424.1,1284.5,168.67,0,412.9,
27-12-2022, Beauty,462.4,800.3,165.47,1,428,
02-27-2020,electronics,277.6,499.2,47.22,FALSE,279.1,
01-24-2020, Office Supplies,377,489.1,89.15,0,21.1,
30-07-2022,Auto Parts,301.4,NA,213.55,No,274.9,
04-04-2020,TOYS,241,748.1,235.63,0,236.1,
15-03-2020,Sporting_Goods,499,1423.2,130.3,FALSE,454.1,
30-05-2020,Clothing,385.5,1312.2,171.06,0,372.3,
25-11-2022,electronics,294.7,missing,46.57,0,NULL,
08-25-2021,Grocerys,300.8,731.2,104.08,0,304.4,
05-03-2020,SPORTING GOODS,539.3,1357.6,,FALSE,546.4,
08-11-2021,Electronic,180.1,411,45.38,0,174.2,
10-02-2021,electronics,280.6,541.4,47.96,0,293.4,
24-08-2021, Apparel,-458.4,1273.6,166.64,0,465.8,
24-05-2022,OfficeSupplies,320.7,722,90.53,0,NA,
25-07-2022,pet supplies,309.5,-776.8,202.48,0,323.7,
19-01-2022,sporting goods,537.1,1402.5,122.47,FALSE,559.1,
08-09-2022,sporting goods,559,-,125.58,0,541.3,
12-May-21,Sport Goods,568.1,1325.4,130.46,0,586,
25-02-2021,Groceries,336,598.9,106.63,0,302.5,
08-08-2021,Beauty,438.7,1013.6,167.97,0,395.9,
16-01-2022,Automotive-Parts,363.4,691.9,223.65,FALSE,361.9,
11-12-2020,Toys,280.8,613.6,240.19,0,272.4,
25-Mar-22,"  APPAREL	",489,1323.8,163.81,0,482.1,
10-11-2020,Sporting_Goods,451.5,1412.9,999999,FALSE,465.6,
31-Oct-22,beauty,494,973.4,163.08,1,465.5,
02-Jan-21,OFFICE SUPPLIES,391.9,849.3,88,FALSE,401.8,
03-08-2021,"  APPAREL	",362.3,1297.5,167.42,No,357,
20-06-2022,Clothing,401.9,1439.6,164.58,No,417.7,
07-03-2020,Clothing,680.2,1293.5,167.61,1,702.8,
14-May-21,Furnture,352.5,1009.2,76.99,1,341.4,
14-12-2022,Furnture,375.8,1109.3,75.49,0,371.7,
22-03-2021,Furnture,143.4,980,73.24,FALSE,129.2,
25-Sep-20,Apparel,462.1,1203.2,171.31,0,480.3,
11-Sep-20, Electronics,158.8,558.2,null,FALSE,146.3,
02-Sep-22,Sporting_Goods,562.5,1137.6,127.21,0,526.2,
03-01-2022,Clothing,512.5,1296.8,162.38,0,530.9,
29-01-2020,Sporting Goods,460,1442.3,128.12,FALSE,435.5,
08-02-2021,office supplies,351.9,880.5,Rs.91.41,FALSE,334.1,
02-Mar-21,Sport Goods,501,1353.1,126.6,0,466.5,
16-May-20,"  sporting goods	",561.5,1347.3,126.81,0,512.6,
01-03-2020,Sporting_Goods,514,1416.2,129.36,0,466.8,
07-Nov-22,ELECTRONICS,219.1,306.5,46.23,0,209.3,
10-07-2020,Beuaty,418.7,1090.2,167.16,0,380,
23-06-2020,Sporting_Goods,477.8,1369.2,130.44,0,464.6,
28-08-2022,Electronic,NA,266.7,46.21,0,225.5,
24-05-2020,TOYS,271.5,725,240.58,N,249.2,
21-Feb-21,AUTOMOTIVE PARTS,359.5,630.6,215.41,N,344.4,
23-10-2020,Sport Goods,525.3,?,124.69,0,539.4,
02-Oct-22,Furniture ,504.5,1128.3,72.53,TRUE,492.9,
04-06-2022,"  Furniture 	",269.3,1154.8,?,0,269.9,
28-07-2021,beauty,426,1029.2,169.43,N,428.8,
22-Aug-21,Office Supplies,355.5,791.1,91.79,0,361.5,
16-08-2021,pet supplies,315.8,802.7,197.5,N,319.1,
29-Nov-20,Furniture ,318.7,815.9,74.12,0,3197,
28-03-2021,BEAUTY,371.1,988.1,163.87,No,369.2,
23-Dec-21, Electronics,283.2,362.8,47.86,0,278.7,
25-04-2022,automotive parts,359.9,427.4,218.21,0,360.6,
08-12-2021,Sporting_Goods,553.1,1318.5,131.82,0,571.6,
16-Mar-20,Clothing,394.9,1244.5,173.85,0,377.5,
25-10-2020, Electronics,137.9,499.9,47.36,0,142.7,
26-02-2020,automotive parts,328.1,798.1,-,0,339.1,
20-08-2021,BEAUTY,475.1,992.3,159.2,FALSE,433,
30-Nov-20,"  Office Supplies	",,-,88.09,0,349.9,
24-05-2020,Groceries,214.3,,108.75,FALSE,218.8,
07-01-2020,Appearl,507.2,1321.1,168.92,1,484.7,
11-Feb-21,Furniture,268.5,885,73.9,0,268.2,
16-03-2022,"  Clothing	",447,1338.8,?,0,443.4,
23-Jun-20,automotive parts,317.4,854.8,214.96,Y,325.5,
19-04-2022,electronics,323.6,294.5,48.45,0,306.7,
04-08-2021,Sport Goods,582.3,1320.1,132.55,0,531.2,
02-02-2022,Auto Parts,385.6,650,215,0,386.2,
07-02-2022,TOYS,281.1,689.5,238.66,0,270,
13-10-2020,Clothing,429.2,1228.2,161.41,No,420.3,
17-04-2020, Apparel,439.1,1260.9,165.06,N,453.8,
11-03-2020,Toy,223.6,786.7,243.28,N,221.9,
31-12-2020,Auto Parts,359.3,379.4,218.49,0,336.9,
04-20-2022,Office Supplies,409.4,713.3,null,0,400.1,
08-05-2020,Furniture ,-,null,75.97,0,337.5,
25-Aug-22,"  FURNITURE	",385.4,650.3,74.88,No,401,
08-10-2022,Electronic,224.6,290,47.9,0,230,
04-Dec-22,office supplies,428,726.5,87.76,FALSE,433.6,
23-05-2021, Office Supplies,311.6,934,88.74,N,304.1,
28-Sep-22,beauty,397.6,961.1,168.77,0,401,
27-06-2020,PetSupplies,288.5,787.6,200.9,No,262.7,
28-Nov-20,PET SUPPLIES,381.6,757.2,198.18,N,null,
11-13-2022,Office Supplies,454,746.6,91.15,0,447.1,
07-27-2022,beauty,481.3,930,169.26,0,449,
04-04-2020,Appearl,417.2 units,809.7,170.79,0,435.2,
02-02-2020,PET SUPPLIES,-246.3,838.3,191.04,0,233.6,
28-07-2022,Apparel,472.1,923.5,169.88,0,474.7,
20-04-2021,Electronis,271.3,498.4,46.75,0,280.3,
19-10-2022,Electronics,232.1,297.7,45.2,FALSE,211.5,
14-10-2022,electronics,263.1,156.1,46.38,0,259.6,
11-Aug-21,Office Supplies,369.4,796.9,89.79,0,3419,
27-06-2021,furniture,267.4,1011.6,74.02,N,251.7,
10-10-2022,BEAUTY,372,946.1,167.41,0,356.8,
27-Jun-20,Grocerys,256.5,615.1,104.12,FALSE,261,
12-12-2022,Furnture,345.4,1130.5,74.19,FALSE,358.6,
04-Jan-20,Electronic,192.1,512,45.59,0,198.1,
30-Mar-22,Groceries ,379.9,729.5,109.84,0,349.4,
29-12-2022, Beauty,444.1,974.7,NA,No,402.5,
08-13-2021,Office Supplies,412.5,777.2,90.89,0,398,
21-04-2022,Toys,345,627.2,238.54,0,318.5,
07-08-2021,Electronic,210.2,507.4,48.34,No,214.4,
04-09-2020,Toys,354.6,999999,241.41,0,367.7,
07-05-2022,Sporting_Goods,602.1,1420.9,131.19,0,553.5,
02-21-2022,Pet Supplies,285.1,841.8,201.48,FALSE,266.8,
26-Mar-20,Auto Parts,348,798,218.17,0,338.6,
13-08-2022,Auto Parts,279.9,999999,215.83,FALSE,264.2,
12-20-2021,Electronic,219,-377.8,46.83,0,221.5,
03-May-21, Office Supplies,287.8,940.2,86.86,No,277.9,
22-04-2022,Beuaty,496.8,missing,160.32,FALSE,476,
29-10-2020,Auto Parts,289.4,679.9,217.28,0,299.9,
01-15-2021,BEAUTY,351.3 units,1024,167.26,0,335.8,
06-07-2020,Furniture,241.5,776.5,75.48,FALSE,235.5,
02-02-2022, Beauty,321.7,1028.2,166.82,N,?,
16-06-2020,apparel,370.1,1288.6,170.16,0,361.9,
21-06-2020,Electronic,189.7,550.7,47.85,0,missing,
08-07-2020,Toys,327.6,999999,234.98,0,328.1,
27-Jul-21,GROCERIES,232.4,684.3,109.16,FALSE,211.5,
24-12-2021,Beauty,,975.8,$167.28,FALSE,420.8,
06-18-2021,Groceries,318.8,658,110.35,FALSE,322.7,
06-11-2020,Automotive Parts,273.9,674,219.92,0,271.9,
17-09-2020,Appearl,456.2,1232.3,173.39,0,410.7,
10-12-2020,Toy,NULL,633.2,234.76,N,266,
10-09-2022,Furniture ,390.6,1162.7,72.43,FALSE,407.4,
14-01-2020,Toy,211.7,804.8,240.71,0,192.8,
10-02-2020,Furniture ,-179.1,791.3,$73.99,0,164.4,
27-10-2021,"  AUTOMOTIVE PARTS	",333.2,664.6,216.12,FALSE,314.6,
08-01-2022,Electronis,237.6 units,258.6,46.71,0,230.7,
10-04-2022,Sporting_Goods,609.1,1414.8,124.29,N,636,
31-08-2021,"  Furniture 	",350.3,982.7,74.51,FALSE,332.3,
25-Apr-20,FURNITURE,-183.5,772.1,73.94,0,172.6,
09-26-2020,Automotive-Parts,245.9,-733.9,217.32,0,227.4,
04-17-2021,Beuaty,435.7,?,$169.01,0,414.6,
30-Mar-21,Sporting_Goods,616,1327.4,132.32,FALSE,624.8,
11-12-2022,Beauty,NULL,978.3,165.27,FALSE,394.8,
10-04-2020,TOYS,242.5,740.7,238.94,0,238.6,
20-10-2022,Sporting Goods,556.7,NULL,128.37,No,557.4,
25-09-2021,office supplies,372.3,828.7,86.55,0,354.6,
17-Nov-20,Office Supplies,344.6,-832.9,89.92,0,358.8,
11-01-2022,Appearl,-440.5,1349.8,175.68,0,403.8,
08-10-2020,"   Electronics	",155.9,504.4,45.13,0,142.4,
16-03-2021,GROCERIES,291.8,637.1,107.99,0,273.9,
18-04-2020,Sporting Goods,633.9,1367.7,127.53,1,618.1,
26-02-2021,Toy,289.6,?,239.61,FALSE,285.1,
12-02-2020,SPORTING GOODS,448.1,1448.6 pcs,128.32,FALSE,429.9,
13-09-2022,GROCERIES,298.2,792.9,109.17,0,313,
29-01-2020,Pet Supplies,249.3,837.9,194.66,0,227.4,
01-Mar-20,Pet Supplies,null,830.8,Rs.196.28,N,247.2,
10-07-2022,groceries,296.3,788.5,108.24,FALSE,268.9,
03-05-2022,Groceries,376.7,760.7,106.23,FALSE,358.6,
11-26-2022,Automotive-Parts,411.8,470.2,218.91,N,391.3,
30-09-2020,Automotive Parts,null,726.7,216.99,FALSE,271.3,
06-02-2020,GROCERIES,185.7,623.7,105.9,FALSE,186.1,
22-Dec-21,Auto Parts,355.6,664.2,217.1,0,355,
22-03-2020,SPORTING GOODS,451.8,1425.2,130.36,0,438.8,
18-05-2021,PetSupplies,251.7,877.2,203.72,0,256.4,
10-22-2021,Appearl,504.6,1304.8,173.41,0,4952,
05-18-2022,Sporting_Goods,NULL,1426.8,128.17,0,562.5,
17-May-20,Office Supplies,280.2,905.2,89.34,0,264.9,
11-11-2022, Electronics,259.3,307,47.47,0,255.7,
22-04-2020,Office Supplies,261,920.2,89.94,N,246.7,
15-Nov-22,Clothing,479.4,1393.8,null,0,478.7,
03-11-2022,Clothing,541.6,808.5,175.59,0,494.3,
03-02-2020,sporting goods,497.6,1423.3,126.03,0,493.1,
27-12-2020,Apparel,418.5,1280.1,170.72,0,377.4,
13-Jun-22,ELECTRONICS,296.9,302.9,47.11,No,294.4,
18-02-2022,Auto Parts,401.3,601.1,216.56,N,414.3,
06-11-2022,Groceries ,352.7,763.4,106.56,0,365.9,
14-07-2021,PET SUPPLIES,327.2,783.1,191.34,0,294.6,
11-03-2021,Furniture,218.3,927.2,72.91,0,?,
08-08-2020,office supplies,299.9,870.6,89.88,No,300.2,
11-05-2022,Furnture,,1161.9,76.32,0,229,
23-11-2022,Clothing,511.3,1402,NA,FALSE,4682,
20-05-2021,GROCERIES,415,666.1,109.4,Y,397.2,
12-09-2021,toys,337.1,635.1,234.1,FALSE,346.1,
14-08-2021,apparel,445.2,1271.2,171.43,0,411.4,
10-01-2020,PET SUPPLIES,null,796.4,197.46,0,null,
24-04-2020,"  Sporting_Goods	",547,1333.2,128.5,FALSE,573.4,
17-05-2020,BEAUTY,379.8,1119.2,160.85,FALSE,342,
08-11-2020,Furnture,312.8,833.7,$73.34,FALSE,320.1,
23-01-2022,toys,NULL,666,230.72,0,281.1,
14-04-2020,beauty,353.7,1116.6,164.05,0,347.2,
21-03-2022,furniture,343,1126.8,75.38,TRUE,339.9,
06-Apr-20,"  Electronis	",232.6,506.3,46.2,0,240,
17-06-2022,Grocerys,390.3,NULL,110.73,0,391.7,
07-20-2021,beauty,383.3,1034.4,166.8,0,369.6,
23-08-2022,SPORTING GOODS,509.7,1458.2,127.88,0,490.9,
04-08-2022,Appearl,502.3,1393.5,172.75,0,507.4,
30-05-2021,Sporting Goods,527.9,1315.7,130.37,0,478.1,
05-25-2020,ELECTRONICS,284.3,545.2,46.53,TRUE,263.5,
12-Sep-20,Sporting_Goods,466,1368.5,129.09,FALSE,419.7,
02-03-2020,Electronis,240.5,508.9,46.54,0,246.6,
03-15-2020,GROCERIES,260,665.5,105.91,0,238,
28-Jul-21,"  Auto Parts	",289.1,656.6,212.36,No,282,
29-12-2022,Sporting_Goods,573.3,1493.2,125.77,0,600.6,
09-Oct-22,Apparel,?,1361.1,165.83,0,450.9,
01-26-2021,BEAUTY,280.6,N/A,164.48,0,265.6,
19-07-2022,PetSupplies,NULL,764.1,199.47,0,308.9,
28-Jan-20,office supplies,325.8,915.2,88.17,N,325.6,
06-30-2021,Electronis,250.1,502.7,45.84,FALSE,261.1,
01-01-2023,"  Pet Supplies	",353,673.5,$192.08,0,347.1,
01-09-2020,Furniture ,344.2,821.4,72.43,0,343.1,
20-08-2022,Auto Parts,313.1,558.8,227.41,0,314.5,
07-16-2020,Beauty,436.6,1079.2,164.82,0,443.9,
27-Mar-20,ELECTRONICS,?,487.7,47.31,No,292.6,
14-Oct-21,"  PetSupplies	",376.8,853.6,196.8,0,343.7,
09-10-2021,Grocery,310.3,768.6,Rs.104.06,0,316.7,
21-Nov-22,sporting goods,502.3,1480.8,127.16,0,489.9,
07-04-2020,sporting goods,513.2,1359.6,120.61,0,503.4,
10-29-2020,Sport Goods,598.7,1407.3,124.26,1,552.8,
08-25-2022,"  Automotive Parts	",313.4,549.4,213.67,0,290.9,
04-01-2022,Toy,323.6 units,643.8,234.61,0,333.2,
26-Feb-20,beauty,308.8,1087.9,168.84,0,306.2,
03-08-2022,Electronis,328.9,343.3,47.5,FALSE,323.1,
08-11-2021,Sport Goods,410.9,999999,131.15,No,385.3,
18-07-2020,APPAREL,452.4,1278.8,$171.22,0,422.5,
01-24-2021,Electronic,312.7,546.1,46.48,Yes,286.8,
14-07-2021,"  Furniture	",297,998.9,76.08,0,274.9,
09-08-2020,AUTOMOTIVE PARTS,188.1,773.7,215.62,0,185.3,
25-07-2020,Pet Supplies ,null,751.2,197.26,FALSE,300.2,
18-09-2021,beauty,435.7,995.1,163.4,No,394.4,
25-Oct-21,Furnture,387.9,null,73.97,0,354.3,
23-07-2020,Grocerys,237.7,612.2 pcs,106.91,N,221.7,
07-Feb-22,"  Appearl	",400.5,1366.8,167.39,0,404.8,
12-06-2020,toys,255.3,621.7,244.07,0,247.2,
01-Apr-20,Electronis,260.4,496.2,46.3,0,255.4,
21-04-2020,Electronic,245.1,missing,47.24,0,232.8,
12-23-2021,automotive parts,361,662.9,220,No,364.1,
23-Apr-20,Furniture,200.8,759,74.83,0,205.2,
05-05-2022,ELECTRONICS,366.2,280.7,45.73,0,376.1,
06-11-2021,FURNITURE,403.2,1019.8,75.26,0,421.7,
01-11-2022,Furnture,515.2,1142.8,72.08,1,512,
21-01-2022,"  toys	",284.4,669.3,240.75,0,264.6,
24-Sep-21,Office Supplies,404.7,815.1,88.81,0,398.2,
29-Sep-20,AUTOMOTIVE PARTS,212,NA,220.63,FALSE,219.2,
20-08-2021,Sporting Goods,missing,1322.4,127.95,1,700.3,
23-06-2020,electronics,198.6,552.7,48.56,FALSE,186,
10-25-2020,pet supplies,306.3,828.6,Rs.195.15,FALSE,303.3,
16-02-2020,"  Beuaty	",328.3,1052.2,$159.04,0,302.5,
24-10-2022,GROCERIES,316,785.6 pcs,103.32,FALSE,310.9,
17-04-2021,pet supplies,300.1,-832.4,195.89,0,304.5,
20-Aug-22,ELECTRONICS,262,239.5,48.22,0,258,
18-Jan-22,Groceries,336.7,-796.1,106.88,FALSE,335.6,
01-12-2021,automotive parts,372,655.1,220.2,0,342,
18-04-2022,Grocerys,296.9,775.9,109.29,FALSE,277.8,
29-06-2020,Sporting Goods,439.6,1381.5,125,N,435.1,
14-03-2022,Grocery,330.3,?,105.35,0,297.8,
24-08-2020, Office Supplies,228.6,457,90.29,0,224.1,
16-May-21,Beuaty,530.3,1044.4,170.12,Yes,480.3,
09-15-2021, Toys,349.4,636.6,239.35,FALSE,354.5,
11-07-2022,Groceries ,422.6,770.2,107.63,1,393,
19-01-2020,toys,204.4,819.2,241.6,0,210.2,
09-23-2020,Furnture,365.2,807.4,73.46,0,356,
07-Nov-20,TOYS,315.5,607.6,235.41,0,306.5,
21-10-2021,Furniture ,?,1008.9,74.42,TRUE,517.6,
27-Oct-20, Electronics,,500.5,46.76,0,105.4,
01-Mar-21, Toys,233.8,650.1,236.53,FALSE,241.3,
06-03-2020,Office Supplies,353.7,908.3,90.96,0,318.6,
12-30-2020,Electronics,220.2,560.7,48.56,N,200,
23-01-2021,Clothing,573.7,1009.6,164.9,Y,599.7,
11-26-2021,Beauty,418.9,967.1,170.01,0,387.1,
20-Dec-22,furniture,355,1132.1,75.71,0,349.8,
12-Jun-21, Office Supplies,-435,912,90.36,TRUE,405.7,
25-Jan-22,Furniture ,269.5,1076.7,70.47,0,266.3,
20-10-2022,OfficeSupplies,514.2 units,723.6,88.67,0,487.8,
28-Nov-22,"  automotive parts	",332.5,487,214.22,0,317,
09-12-2020,toys,271.8,608.3,236.69,N,255.5,
11-12-2021,FURNITURE,-,1039.9,76.48,0,329.3,
06-21-2020,Automotive-Parts,283.7,868.6,221.27,Y,261.5,
25-12-2021,Pet Supplies,339,804.6,201.55,0,309.7,
04-Sep-21,groceries,279.9,753.5,105.45,FALSE,283.2,
11-Sep-20,Grocery,272.1,586.4,109.38,FALSE,278.1,
04-02-2020,Automotive-Parts,307.5,796.7,218.05,No,301.7,
26-12-2020,pet supplies,365.4,819.8,204.03,No,380.8,
03-Aug-21,Sporting Goods,492.1,1347.5,127.51,0,444,
30-Aug-22,"   Electronics	",215.7,281.2,45.71,FALSE,211,
04-14-2020,Groceries,207.9,646.3,?,FALSE,207.7,
31-May-22,Pet Supplies ,287.3,817.4,197.76,0,273.5,
04-12-2022,SPORTING GOODS,527,1484.4,$129.41,0,545.9,
18-Oct-20,Clothing,491.8,1223.6,170.85,0,448.8,
12-27-2022,Sporting Goods,501.2,881.4,127.95,FALSE,477.7,
04-Nov-22,beauty,440.1,958,163.97,0,432.3,
27-Dec-22,ELECTRONICS,292.3,272.9,44.82,FALSE,293.6,
22-04-2022,OFFICE SUPPLIES,N/A,714,90.13,0,404.9,
08-Aug-21,Toy,345.3,467.2,240.54,0,351.8,
10-07-2021, Office Supplies,457.7,893.5,88.98,1,465.6,
05-08-2021,OfficeSupplies,341.1,829.3,88.4,0,310.1,
02-Mar-22,Toy,272.1,659.9,234.33,FALSE,282.1,
03-Apr-20,Pet Supplies ,294.3,784.2,195.79,0,298.3,
30-12-2021,Toys,286.9,679.6,239.07,0,276.4,
02-19-2020,TOYS,223.8,787.4,239.27,0,217.8,
02-16-2020,FURNITURE,235.0 units,772.4,76.22,0,226.7,
10-03-2021,Auto Parts,446.3,614,215.32,1,441.7,
22-03-2021,Office Supplies,307.8,867.6,91.6,0,311.5,
26-01-2022,APPAREL,481.7,1334.4,164.97,0,480.3,
04-Jul-20,PetSupplies,293.1,768.9,193.45,0,268.5,
06-23-2022,ELECTRONICS,324,-305,47.17,0,327.5,
06-02-2020,furniture,244.1,784.6,73.4,0,227.2,
09-20-2022,apparel,445.2,1365.8,167.9,FALSE,443.7,
08-Dec-22,Grocery,592.3,605.8,105.75,1,577.9,
28-04-2021,Pet Supplies ,285.7,864.1,199.82,0,261.8,
15-Aug-20,furniture,999999,836.3,75.68,FALSE,324.5,
12-22-2020,automotive parts,310.9,594.9,225.41,0,282.9,
17-Aug-22,office supplies,361.2,717.1,89.16,0,344.2,
08-26-2021,PetSupplies,377.7,780.9 pcs,203.71,No,361.8,
07-03-2022,Toy,1096.6,659,234.38,0,282.3,
22-Oct-20,APPAREL,1614.3,1237.2,170.24,N,429.9,
25-Jun-21,office supplies,348.9,893.5,91.4,FALSE,321.3,
17-Dec-22,furniture,366.1,1116.9,74.8,FALSE,379.8,
15-12-2022,sporting goods,558.4,1494.1,130.35,FALSE,514.9,
23-Mar-20,Sporting_Goods,479.2,1418.1,128.73,0,473.4,
04-Feb-22,Pet Supplies,487.5,825,NA,TRUE,505.8,
21-02-2022,"  Toy	",220,686.2,233.41,No,205.7,
14-06-2022,Office Supplies,-290.1,721.9,92.17,N,302.2,
15-08-2021,Pet Supplies,314.3,801,197.51,0,282.9,
21-08-2021,Clothing,467.4,1265.2,166.36,0,430.2,
02-10-2022,ELECTRONICS,337.8,348.2,47.23,0,321.4,
13-06-2022,toys,337.5,581.2,236.16,0,326.1,
08-22-2020,Appearl,403.6,1248.2,172.75,FALSE,369.7,
12-29-2021, Beauty,366.4,728.5 pcs,164.46,FALSE,43.4,
18-08-2021,Office Supplies,324.5,797.9,89.99,0,326.9,
04-Jan-22,groceries,312,824.5,107.54,FALSE,321.8,
30-05-2022,Office Supplies,293,739.8,90.46,0,284.8,
20-May-22,Groceries ,395,756.1,107.93,No,357.3,
09-24-2020, Beauty,343.5,1065.2,166.57,FALSE,332.9,
05-02-2022,Beauty,396.5,1016.6,172.28,N,383,
27-02-2022,Appearl,438.9,1317.7,170.04,No,459,
20-05-2022,"  Office Supplies	",386.2,701.6,88.34,0,360.2,
05-09-2020,AUTOMOTIVE PARTS,328.9,835,217.47,0,336.8,
06-08-2020,Electronis,204.1,564.5,45.95,0,190.3,
01-01-2020,groceries,270,655.4 pcs,,FALSE,276.9,
14-Jul-21,OFFICE SUPPLIES,300.5,884.8,89.36,No,274.1,
21-02-2021,apparel,452.7,1262,169.42,N,422.3,
26-10-2022,OfficeSupplies,434.4,761.1,89.88,No,427.9,
30-Sep-22, Electronics,266.8,270.1,46.33,FALSE,266.3,
18-07-2022,furniture,306.5,null,77.23,No,292.6,
18-06-2022,AUTOMOTIVE PARTS,336.9,557.9,219.7,0,318.3,
27-12-2022,Toys,301,577.8,239.56,0,279.6,
18-Mar-20,Pet Supplies,263.4,817.3,187.18,0,267.4,
09-02-2020,Sport Goods,498,1426.5,131.57,FALSE,507.3,
23-04-2022,office supplies,401.8,718.8,Rs.88.7,0,417.1,
22-11-2021,"  Office Supplies	",380.8,?,88.63,N,361.4,
12-23-2020,Office Supplies,377.4,854.9,93.28,N,340.3,
12-25-2020,OFFICE SUPPLIES,439.2,834.6,93.05,0,401.6,
23-09-2021,BEAUTY,412.2,998.7,164.67,N,381.5,
09-02-2022, Beauty,353.1,1023.9,162.81,FALSE,366.3,
26-05-2021,pet supplies,278.2,880.5,193.26,0,275.5,
10-21-2020,Sporting_Goods,440.7,1412.6,125.17,N,414.9,
19-12-2021,Appearl,504.6,1313.9,181.04,0,465.2,
06-Dec-21,Appearl,480.1,1292.3,172.49,0,464.6,
08-17-2020,FURNITURE,308.8 units,840.9,73.34,FALSE,279.8,
04-02-2021,Beauty,999999,966.1,165.12,No,410.5,
01-02-2021,office supplies,369.8,881.7,92.46,N,386.1,
24-Feb-22,Electronis,340.4,343.9,47.35,No,350.4,
14-Nov-20,Clothing,646.6,1244.6,166.21,TRUE,666.9,
04-Feb-22,Sport Goods,605,-1391,128.03,0,553.9,
06-11-2021,"  sporting goods	",522.3,1337.6,131.7,0,471.6,
02-21-2020,Beuaty,323.9,-1062.5,171.46,N,319.4,
16-12-2022, Beauty,450.6,943.1,166.9,0,421.9,
13-11-2020,Groceries,311.9,583.8,$107.58,N,282.3,
04-01-2020,Furniture,260.1,769.7,74.99,0,248.6,
19-03-2021,"  Groceries 	",344.3 units,621.1,105.66,0,315.9,
19-06-2020,Toy,328.3,663.8,235.87,FALSE,329.6,
21-Nov-20,furniture,493.8,830.2,73.05,1,449.2,
26-08-2022,Furniture,402.9,1149.6,73.32,0,376.3,
17-03-2021,Pet Supplies ,272.8,826.6,197.79,0,250.4,
06-01-2022,"  Auto Parts	",358.8,688.8,219.73,N,367.8,
06-02-2020,Clothing,388.6,1318.5,171.82,FALSE,395.7,
09-06-2022,Electronics,207.2,206.3,45.47,No,199.1,
30-12-2021,Auto Parts,578.5,660.5,210.61,1,603.3,
05-03-2022,electronics,356.4,331.1,47.32,0,368.4,
10-12-2021,ELECTRONICS,252.4,383,45.59,0,254.5,
08-05-2021,beauty,416,1006.4,,0,385.4,
01-11-2020, Electronics,154.1,509.8,46.63,0,146.3,
25-12-2020,apparel,515.1,1256.8,167.97,0,4889,
21-02-2020,Sporting_Goods,569.3,1402.4,128.31,0,561.3,
20-Jul-21,Furniture,308.9,997,72.97,0,287.7,
28-08-2022,Beauty,438.6,949.3,171.38,0,440.3,
04-25-2020,BEAUTY,506.7,1057.1,163.2,1,524,
14-Apr-20,AUTOMOTIVE PARTS,305.4,787.4,215.77,0,275.2,
19-Dec-21, Toys,279.1,698.4,242.1,No,267.8,
26-Nov-22,Beuaty,432,992.7,164.01,0,389.9,
06-08-2020,automotive parts,274.4,744.1,225.36,0,277.1,
12-27-2021,Electronics,232.9,241.1,46.51,0,226.9,
06-06-2022,"  ELECTRONICS	",296.2,300.2,45.71,0,290.2,
02-05-2022,Sporting_Goods,566.6,1425.2,125.6,FALSE,535.6,
07-06-2021,Electronis,260.7,504.2,48.22,0,999999,
12-11-2022, Toys,346,NA,238.12,0,327,
29-Nov-20,BEAUTY,270.5,1092.7,163.17,N,249.7,
17-12-2020,PetSupplies,355.8,793.3,193.07,0,348.1,
19-07-2020,Beauty,351.2,1104.8,-,0,361.3,
04-05-2022,Sporting Goods,594.2,1415.8,127.04,0,605.4,
12-14-2020,Groceries ,271.4,584.7,104.4,N,265.2,
03-06-2020,Sport Goods,507,1345.4,126.32,0,511.3,
23-08-2022,"  Automotive Parts	",258.1,576.2,221.46,FALSE,267.1,
05-Dec-22,Automotive-Parts,376.6,484.6,223.74,FALSE,384.6,
13-06-2020,Grocery,237.3,607.4,106.83,0,242.8,
03-08-2022,Pet Supplies,360.7,749.3,200.14,0,338.7,
19-10-2021,Electronic,142.3,431,Rs.45.29,0,138.4,
02-06-2022,Automotive-Parts,361.6,514.8,217.32,FALSE,369.4,
09-10-2022,OFFICE SUPPLIES,399.7,744.2,92.45,0,395.6,
01-31-2020,PET SUPPLIES,294.8,832.2,193.59,No,277.5,
05-Apr-22,TOYS,293.7,630.8,$234.64,FALSE,281.5,
12-03-2022,Sport Goods,515.4,1495.5,125.18,FALSE,485.3,
21-03-2021,furniture,197.9,954.5,74.4,0,1991,
13-09-2022,Sport Goods,,1475.3,127.56,0,491.5,
01-02-2020,BEAUTY,NA,1030,165.88,0,288.1,
19-Feb-22,Office Supplies,1090.8,731.9,87.17,N,427.5,
08-06-2020, Beauty,346.2,,167.94,0,334.3,
10-12-2022,pet supplies,394.2 units,682.4,197.46,0,367.2,
21-03-2020,APPAREL,436.6,1248.3,173.4,0,403.1,
03-05-2022,Toy,316,599.8,236.49,No,317.6,
10-Mar-21,GROCERIES,NA,632.2,104.91,0,284.8,
07-01-2021,Furniture,null,847.8,71.71,0,284.8,
04-27-2022,Beauty,414.2,-1046.4,155.02,0,389.6,
09-21-2022,Groceries,335,771.2,109.18,0,321.3,
09-21-2021,FURNITURE,343.4,961.1,74.22,0,314.7,
18-05-2020, Electronics,211.6,541.7,47.88,0,197.2,
25-12-2021,Toy,305.9,685.1,243.05,0,294,
14-Apr-20,Clothing,529.2,1296.2,Rs.164.88,1,526.2,
19-Sep-20,Pet Supplies ,374.1,null,202.44,0,358.1,
14-08-2021,Grocery,259,,104.73,0,248.7,
23-01-2021,Sport Goods,491,1404.6,132.91,0,444.4,
01-02-2021,Sporting Goods,458.5,1404.3,128.01,0,421.6,
08-11-2022,toys,310.2,-582.4,231.28,0,316.7,
01-12-2021,Toy,288.2,672.9,243.97,N,265.1,
08-11-2022,Automotive Parts,1366,546.5,215.1,0,302,
04-Feb-21,PetSupplies,360.7,809.6,194.8,N,347.6,
27-08-2020,Furniture ,326.1,819.7,74.85,0,306.9,
07-Apr-21,sporting goods,NA,1332.6,129.6,0,525.4,
06-03-2022,SPORTING GOODS,548.4,1425.2,130.61,FALSE,558.3,
28-Nov-20,Furniture ,332.4,820.5,73.03,0,347,
24-11-2022,OFFICE SUPPLIES,523.5,712,88.8,FALSE,525.7,
11-03-2022,PetSupplies,309.7,803.9,202.39,No,283.8,
18-Nov-20,Sporting_Goods,467.6,1410.7,124,No,483.2,
27-11-2022,Grocery,378.9,775.7,110.3,0,348.4,
10-05-2021,Grocerys,256.6,690.2,106.54,0,268.4,
24-02-2020,OFFICE SUPPLIES,299.2,928,88.97,0,303.3,
10-12-2020,Groceries ,314.7,576.9,999999,0,289,
18-09-2022,PET SUPPLIES,-382.9,732.2,199.28,0,missing,
12-03-2020,Electronic,1242.8,471.6,,FALSE,270.7,
24-11-2021,office supplies,434.2,796.8,90.37,No,454.6,
24-04-2021,electronics,1284,471,46.99,0,339.4,
07-16-2021,furniture,322.2,988.5,75.25,0,314.5,
12-05-2022,ELECTRONICS,386.6,312.5,48.26,Y,380.7,
28-08-2020,groceries,270.7,579.2,105.79,0,259.8,
30-06-2022,Sporting_Goods,606.1,1368.8,125.28,FALSE,602.3,
09-10-2020,Sport Goods,490.6,1377.7,125.94,FALSE,493.3,
24-04-2020,Pet Supplies,409.6,777.3,201.68,TRUE,371.6,
09-02-2022,PET SUPPLIES,468.8,723.9,194.31,1,474.5,
15-04-2020,Pet Supplies ,239,783,197.24,FALSE,231.5,
10-13-2022,sporting goods,566.4,1435.8,127.51,N,524.2,
31-05-2020,Sporting_Goods,471.4,1365.8,130.97,FALSE,490.6,
02-03-2020, Toys,174.7,807.2,$229.26,N,183.2,
08-16-2020,electronics,140.1,542.6,47.59,0,139.6,
29-03-2020,FURNITURE,154.4,799.1,74.92,0,150.2,
22-09-2022,AUTOMOTIVE PARTS,381.2,-471.1,217.77,0,364,
19-10-2022,Auto Parts,999999,505.3,224.92,0,342.4,
04-08-2022,Beuaty,NULL,1004.7,162.7,FALSE,456.3,
03-05-2020,Pet Supplies ,258.6,815.5,203.28,FALSE,246,
14-08-2022,Electronics,240.2,255.7,47.2,No,222.8,
07-03-2020,FURNITURE,207.2,746,75.3,0,198.5,
05-05-2020,beauty,532.2,1094.7,165.05,Y,558.7,
12-12-2022,toys,320.7,571.8,234.09,0,303.3,
22-01-2020,TOYS,255.8,807.5,233.27,0,259.4,
06-23-2021,Beauty,438.3,984.6,161.68,0,401.6,
18-11-2020,Beauty,310.2,1115.7,164.6,FALSE,282.6,
14-02-2021,AUTOMOTIVE PARTS,377.9,630.5,212.28,0,388.2,
02-17-2020,APPAREL,384.9,1237.2,168.73,FALSE,387.3,
02-Jan-22,"  Auto Parts	",378.1,681.5,219.05,0,392,
08-Dec-20,OfficeSupplies,356.2,849.7,90.12,FALSE,339.4,
20-08-2020,Groceries,244.6,612.1,101.93,0,221.1,
03-07-2021,Apparel,460.1,1278.9,166.29,FALSE,419.6,
12-03-2022,"  GROCERIES	",393.6,739.9,106.52,N,387.9,
11-03-2022,Grocerys,,729.9,$109.19,No,416.9,
06-Jul-22,groceries,313.9,776.6,104.31,0,317.3,
15-07-2021, Apparel,459.2,1280.6,171.6,0,431.7,
14-12-2021,Sporting_Goods,484.8,1443.9,133.49,FALSE,446.1,
10-08-2022,Toy,401.4,576.5,240.51,0,-,
03-12-2022,Toys,334.3,582.1,236.31,0,350.2,
13-08-2021,APPAREL,495.3,1257.5,169.06,0,476.6,
12-02-2020,Electronic,181,543.1,47.98,No,173.9,
31-03-2022,beauty,473.5,995.1 pcs,160.52,N,469.6,
11-May-21,FURNITURE,196.3,1032.4,74.06,0,178.3,
21-Oct-22,PetSupplies,450.3,708.5,205.08,FALSE,442.8,
03-20-2022,Automotive Parts,NULL,600.2,221.47,FALSE,360.6,
28-02-2020, Beauty,379.1,1074.3,166.35,0,385.8,
05-13-2021, Beauty,436,1024.1,165.74,0,449.1,
18-03-2020,Electronis,238.4,-,45.95,FALSE,234.8,
05-22-2020,OFFICE SUPPLIES,NULL,913.3,87.78,0,265.1,
30-09-2021,"  Sporting_Goods	",501.3,1411.5,126.37,N,504,
01-12-2021,GROCERIES,326,807.2,107.1,N,327,
03-06-2021,AUTOMOTIVE PARTS,408.5,609.4,216.16,No,415.7,
31-Jan-22,Electronis,431.9,347.5,46.93,1,413.9,
22-May-20,AUTOMOTIVE PARTS,287.7,839.2,220.03,0,271.5,
12-03-2020, Toys,312,615.2,229.42,0,295.6,
21-12-2022,Sporting_Goods,561.8,1497,129.54,0,583.8,
04-03-2022,"  Auto Parts	",375.5,591.3,214.14,0,367.4,
30-03-2022,Beauty,661.5,1002,160.47,TRUE,669,
24-Jul-22,Clothing,445.6,940,172.43,0,430.3,
13-01-2020, Beauty,265.1,1044.3,161.84,FALSE,272.4,
19-Jun-21,toys,349.7,634.4,231.81,0,327,
29-Apr-21,ELECTRONICS,315.1,489,47.18,0,286.7,
08-09-2022,Electronic,244.4,188.4,46.93,No,18.4,
05-09-2021, Electronics,180.4,493,46.16,0,175.8,
04-06-2021,PetSupplies,334.1,828.7,199.02,0,312.4,
28-10-2022,BEAUTY,466,951,166.1,0,474.5,
23-03-2021,Electronic,358.1,501,46.36,1,364.4,
27-Dec-20,office supplies,594.2,859.4,999999,1,610.7,
09-04-2021,Furniture ,missing,967.6,75.1,0,232.5,
27-08-2021,Furnture,408.1,956.6,70.96,FALSE,422,
08-08-2021,OFFICE SUPPLIES,283.5,828.7,92.04,0,256.1,
08-Oct-22,"  Auto Parts	",294.3,528,Rs.228.04,N,NULL,
05-18-2021,OFFICE SUPPLIES,964.6,955.9,88.99,N,missing,
09-08-2020,furniture,325.2,833.4,74.11,0,missing,
26-08-2022,Beauty,496.5,929.8,166.83,0,468.9,
09-09-2020,Groceries,218.4,604.8,109.11,FALSE,220.5,
31-05-2021,beauty,381.9,1036.3,166.51,0,355,
16-04-2022,toys,483.4,381.1,236.37,TRUE,456.1,
19-01-2022,"  office supplies	",NULL,733.3,88.14,N,415.9,
16-Nov-21, Office Supplies,398,818.5,89.37,0,371.4,
02-05-2022,GROCERIES,284.6,784.6,107.8,0,265.5,
14-11-2020,PET SUPPLIES,320.4,786.7,196.92,FALSE,298,
03-06-2020,"  Groceries 	",222.1,608.4,106.61,0,204.5,
26-02-2022,Grocery,356.6,780.8,107.95,N,333.9,
26-04-2021,"  BEAUTY	",373.9,1024.2,162.12,No,338,
04-08-2020,Grocery,200,588.6,108.58,0,181.3,
11-02-2020,Auto Parts,266.6,676,210.93,0,271.3,
31-07-2021,PetSupplies,320.3,772.7,193.97,N,306.1,
01-Sep-20,"  Grocerys	",207.3,606,108.3,N,204.8,
14-Oct-20,electronics,149.4,505.2,45.86,FALSE,155.7,
21-06-2021,Furniture ,263.1,572.7,74.6,0,269.2,
04-05-2022, Office Supplies,374.8,694.6,90.93,FALSE,391.2,
29-03-2020,Sport Goods,518.4,1394.1,127.66,0,537.3,
09-Mar-22,Apparel,448.3,1336.6,168.46,0,440,
27-01-2021,Toy,261.5,618.9,238.43,0,271.7,
22-07-2021,Sporting Goods,518.9,1330.3,125.37,No,513.4,
20-06-2020, Toys,294.1 units,683.6,-,No,305.1,
05-08-2021,toys,?,468.8,233.51,0,326,
17-Aug-22,beauty,439.9,945,169.73,0,-,
22-09-2022,Electronis,240.2,259,46.81,N,239.7,
21-12-2021,Groceries ,305.2,829.2,106.53,0,287.8,
07-Oct-21,SPORTING GOODS,529.5,1403.9,133.97,No,487.3,
25-01-2021,PetSupplies,287.6,822.7,195.73,0,266.4,
16-Jun-21,Sporting_Goods,822.4,1325.2,128.5,1,754.2,
09-04-2022,TOYS,378.1,604.9,231.04,N,393.3,
08-Oct-20,FURNITURE,398.2,757.8,74.11,FALSE,401.7,
18-03-2022,office supplies,443.9,740.6,92.07,N,453.3,
05-26-2021,office supplies,288.4,616.4,87.37,0,285.5,
02-09-2020,Toys,332.2,642.4,241.3,N,309.4,
05-03-2021,AUTOMOTIVE PARTS,354.2,637.8,219.61,0,355.6,
26-01-2020,Beauty,269.7,552.5,161.37,0,262.4,
12-03-2021,PET SUPPLIES,327.6,822.5,194.08,FALSE,303.2,
19-07-2022,Toy,334.4,585.4,237.24,No,317.5,
08-Aug-20,"  AUTOMOTIVE PARTS	",245.2,757.6,215.76,N,245.3,
25-12-2022,FURNITURE,358.7,1122.4,72.07,0,354.4,
02-09-2022,automotive parts,331.9,523.1,212.42,N,326.6,
17-02-2022,toys,295.1,674.6,238.61,FALSE,291.7,
21-Mar-22,Toys,261.8,651.2,228.7,0,259,
03-Aug-21,Automotive-Parts,231.4,null,221.53,FALSE,238.4,
06-Mar-22,Apparel,473.5,1318.6,174.44,0,456.9,
09-07-2021,SPORTING GOODS,591.9,1303.5,125.37,0,5682,
16-May-22,ELECTRONICS,288,308.3,47.43,0,275.3,
12-05-2020,"  Clothing	",346.4,1331.1,167.78,0,325.9,
24-07-2020,Furniture ,312.2,839.9,76.68,0,286.2,
27-04-2022,Groceries ,360.8,745.1,103.91,No,365.6,
05-Apr-20,Automotive Parts,320.7,787.5,208.8,0,303.5,
30-08-2021,Toys,360.2,617.7,240.74,0,362.8,
09-12-2021,automotive parts,374.6,647,222.14,0,345.4,
16-01-2021,office supplies,null,849.9,$88.11,0,395.7,
03-29-2021, Office Supplies,338.5 units,867.3,91.02,0,307.6,
25-03-2021,"  apparel	",499.7 units,1261.7,162.11,0,524.1,
13-11-2020,Electronics,189.6,513.3,47.65,0,180.9,
03-06-2022,Electronic,331.7,287.6,47.07,0,319.6,
12-14-2021,TOYS,288.1,697.8,241.51,FALSE,262.3,
16-10-2021,PET SUPPLIES,390.2,848.4,194.36,0,379.9,
03-Sep-21,Furniture,441.1,962,75.8,1,447,
15-02-2021,furniture,206.6,906.0 pcs,71.41,0,204,
29-07-2022,toys,384,569.1,234.09,0,356.9,
10-05-2021,OFFICE SUPPLIES,371.6,missing,89,TRUE,356.3,
31-07-2020,sporting goods,518,1349.1,125.35,N,490.5,
07-06-2020,sporting goods,494.1,1349.7,132.01,FALSE,518.7,
06-Dec-21,pet supplies,326.6,836.1,196.51,0,306.5,
09-Dec-21,Grocerys,382.6,-794.4,108.37,0,349.2,
25-May-22,Furniture ,260.2,1162,76.74,0,265.1,
21-09-2021,office supplies,331.8,835.5,90.69,0,317.2,
29-Jan-21,Toy,370.5,619.2,236.37,1,365.2,
31-08-2021,BEAUTY,999999,1041.3,164.76,FALSE,361.6,
10-26-2020,Pet Supplies ,302.4,831.7,198.94,0,287.6,
08-02-2022, Office Supplies,-,,86.84,1,596,
08-02-2021,APPAREL,374.7,1292.8,169.24,N,391.5,
11-12-2022,apparel,644.2,1399.8,Rs.167.86,Y,608.4,
18-05-2021,automotive parts,301,693.4,216.46,No,312.2,
01-07-2022, Beauty,710.9,981.5,165.08,TRUE,733.8,
15-07-2021, Office Supplies,351.6,862.5,90.83,FALSE,337.4,
06-01-2021, Beauty,395.7,1031.2,N/A,0,386.3,
15-08-2022, Beauty,554.5,N/A,162.67,1,509.9,
28-08-2020,OfficeSupplies,-341.3,859,88.31,FALSE,346.4,
01-11-2021,Electronics,214.8,424,46.1,TRUE,222.4,
14-04-2020,FURNITURE,147.5,784.2,73.26,N,142.3,
15-May-21,Pet Supplies,323.9,879.7,202.87,1,329.7,
02-27-2021,furniture,246.6,922.2,72.41,0,244.9,
20-May-20,Furniture ,205.7,?,missing,0,201,
05-Dec-22,Pet Supplies,380.1,683.7,200.04,0,391.9,
04-11-2022,"  Furniture	",null,1139.2,72.18,0,384.4,
04-12-2021,furniture,370.5,605,73.78,No,350.6,
18-09-2021,Furniture ,404.8,944.4,74.24,N,416.9,
01-23-2021,Beauty,337.2,NULL,170.73,0,N/A,
14-Nov-22,Groceries,347.3,780.4,106.64,0,344.5,
25-06-2020,Pet Supplies ,307,782.7,192.91,FALSE,322,
28-11-2020,APPAREL,483.2,1240.3,174.94,0,435.4,
11-12-2022,Beauty,368.1,989.1,Rs.163.46,No,336.7,
06-27-2021,Grocerys,NULL,656,106.3,0,222.4,
06-11-2020,APPAREL,484.4,973.6,171.18,0,452,
29-01-2021,furniture,249.1,893.2,74.99,0,230.6,
23-Dec-22,Beauty,999999,756.8,$164.22,1,584.8,
25-03-2022,electronics,381.6,300.9,46.35,FALSE,389,
28-10-2021,apparel,500.7,1319.6,167.25,0,460.7,
03-04-2021,OfficeSupplies,368.1,865.8,87.48,N,354.2,
29-06-2021,AUTOMOTIVE PARTS,299.5,677.5,215.61,FALSE,295.2,
12-04-2020,toys,262.9,620.2,226.9,0,264.4,
22-08-2021,ELECTRONICS,169.5,528,47.57,FALSE,170.6,
03-01-2023,OFFICE SUPPLIES,465.1,NULL,92.42,No,431,
10-10-2020,Beauty,382.4,-1064.7,165.98,0,354.7,
07-02-2022,Sporting_Goods,692,1404.2,130.19,1,687.5,
21-01-2022,Electronics,307.1,353.9,47.01,0,296.5,
11-03-2022,pet supplies,438.2,704.5,198.16,0,452.7,
12-05-2022, Office Supplies,357.4,689.7,92.12,FALSE,351.2,
29-Aug-21,Office Supplies,337.6,817.9,89.88,0,310.3,
24-07-2021,"   Apparel	",423.7,1287.5,171.54,FALSE,384,
20-03-2021,Appearl,396,1295.6,174.03,FALSE,missing,
03-05-2020,pet supplies,261.8,827.3,194.09,0,254.9,
11-Apr-22,Furniture,186.5,1145.6,76.95,0,183.8,
12-12-2022,sporting goods,497.1,1498.2,130.87,0,460.1,
16-Mar-22,Grocerys,355.2,762.6,109.64,N,365.8,
30-11-2021, Apparel,653.5,1298.2,165.11,TRUE,660.1,
29-01-2021,apparel,602.5,1276.1,164.41,Yes,603,
19-Mar-22,furniture,202.8,1118.5,75.15,No,188.5,
08-09-2020,Auto Parts,248.8,745.2,214.55,No,261.1,
07-Jun-20,groceries,208.7,611.2,111.52,0,192.5,
01-Jun-20,Electronis,-218.3,557.5,47.65,0,226.7,
06-08-2021,PetSupplies,N/A,540.4,198.97,0,249.5,
07-07-2021,Sporting Goods,568.7,1309.6,133.7,0,589.5,
07-04-2022,Sporting Goods,642.7,1400,129.9,0,656.4,
15-06-2021,Groceries ,244.1,685.4,110.15,No,240.7,
14-03-2021,"  automotive parts	",526,-451.1,217.75,Y,492.1,
22-Nov-20,Apparel,608.6,1259.6,169.39,1,,
04-12-2021,Groceries,355.5,794,109.53,0,371.9,
11-04-2020,electronics,257.3,489.7,45.2,0,263.7,
27-03-2021,Electronis,308.1,479.6,45.7,FALSE,315.3,
03-26-2020,Appearl,444.8,NA,165.7,0,452.5,
07-22-2022,Electronic,301.8,252.2,46.87,0,304.6,
11-07-2021,sporting goods,-676.9,1321.4,-,TRUE,660.4,
24-06-2020,Auto Parts,282.2,837,219.77,N,255.4,
10-Apr-22,OfficeSupplies,577.5,740.6,89.1,1,535.9,
22-04-2020,furniture,171.8,762.5,missing,FALSE,175.5,
16-07-2020, Electronics,204.5,543.6,48.65,0,200.6,
08-05-2020,Toy,322.1,471.2,242.07,N,291.2,
29-05-2021,Electronics,279.7,502,43.93,0,255.1,
28-05-2020,GROCERIES,,600.6,105.02,FALSE,251.7,
09-12-2020,Electronis,184.7,516.8,47.81,No,175.5,
11-05-2021,TOYS,291.8,641.9,232.54,FALSE,288.2,
19-05-2020,toys,278.9,730.7,,FALSE,273.8,
10-07-2022,Electronics,264.1,285.1,$45.93,0,243.7,
01-11-2021,PetSupplies,332.6,840.1,198.04,0,330.2,
06-Jan-20, Beauty,234.6,1051.7,157.77,0,2272,
18-06-2022,furniture,303.7,1136.5,75.25,N,312.4,
27-08-2022,pet supplies,531.8,734.6,200.41,Yes,549.9,
15-May-20,Appearl,408.4,1300.5,162.93,0,408.7,
02-02-2021,Furnture,?,892.5,74.14,FALSE,236.4,
28-01-2021,Groceries ,368.7,535.2,108.67,0,365.7,
12-03-2022,electronics,487.9,332.8,46.32,Yes,503.5,
17-05-2020,Pet Supplies,245.3,819.7,192.27,0,243.1,
01-01-2023,TOYS,295.4,591.6,238.39,0,308.7,
07-11-2022,TOYS,999999,579.4,234.16,0,315.7,
21-Mar-22,automotive parts,381.3,603,215.69,N,350.6,
13-08-2020,Toy,331.5,649.2,230.73,N,321.7,
09-Apr-20,Beuaty,366.5,1109.8,167.22,0,342.3,
08-03-2020,Clothing,357.9,1283.3,166.71,0,343.6,
12-31-2020,beauty,354.6,1031.9,null,FALSE,323.4,
13-11-2021,Sporting Goods,499.7,1435.3,129.44,0,460.2,
02-08-2020,Toys,351.7,796.2,244.7,Yes,327.2,
07-11-2022,Furniture,391.4,1148.4,76.1,0,406.8,
18-Jun-21,Furnture,248,571.8,73.19,No,236.3,
13-Dec-22,"   Toys	",340.2,565.5,$243.56,0,351,
03-Apr-21,beauty,439.5,970.6,161.16,No,430.6,
06-12-2020,AUTOMOTIVE PARTS,309.8,610.9,218.81,N,306.8,
07-Jul-20,SPORTING GOODS,490.8,1374.3,129.2,FALSE,453.8,
10-03-2022,automotive parts,287,-,215.19,FALSE,286.1,
12-Nov-22,electronics,246.3,-309.9,45.06,No,250.9,
24-Nov-22,Toy,354.2,557.6,230.45,0,337.4,
13-07-2021,FURNITURE,304.9,993.4,74.48,0,318.4,
01-12-2022,Pet Supplies ,335.2,840.4,197.57,N,320.6,
27-10-2020,Grocery,207.6,617.7,109.82,0,208,
07-07-2021,PET SUPPLIES,321.6,792.4,197.02,0,326.4,
03-14-2022,Automotive Parts,371.7,603.3,209.52,FALSE,370.8,
05-10-2020,"  TOYS	",missing,636.4,239.83,Yes,466.9,
02-01-2021,Pet Supplies,342.5,835.4,199.04,FALSE,335,
20-11-2020,BEAUTY,374.4,1081.3,165.24,0,338.2,
08-24-2021,Sporting Goods,480.2,1323.8,129.94,0,null,
29-01-2022,pet supplies,321.3,833,196.57,N,325.1,
05-29-2022,apparel,429.4,1419.3,166.86,0,433.4,
12-12-2020,office supplies,402.5,835.3,90.04,0,366.2,
13-05-2021,Furniture ,219.3,1021.7,71.69,0,215.4,
08-Mar-21,OFFICE SUPPLIES,null,889.3,90.36,0,348.7,
02-Jul-22,Apparel,452.8,1422.6,170.68,0,443.9,
13-02-2020,Furnture,206.1,777.8,74.96,0,202.5,
11-26-2021,electronics,227.8,390.6,46.03,FALSE,N/A,
24-Oct-20,Toys,331.9,630,234.04,0,313.1,
26-Mar-22,toys,274.4,651.9,244.9,0,272.6,
30-May-22,beauty,436.7,1035.7,170.76,FALSE,415.7,
17-01-2020,Grocery,301.3,696,105.6,0,313.2,
27-04-2021,Toy,278.6,624.6,231.98,0,280.9,
15-01-2022,Apparel,474.9,1338.9,164.11,0,474.5,
12-16-2020,Beauty,335.8,1055.9,165.79,N,329.1,
11-13-2020,Sport Goods,663.2,1392.1,126.08,Y,692,
12-03-2022, Toys,390.8,639.6,236.89,TRUE,380.1,
02-Feb-21,Beuaty,350.9,981.3,163.41,0,358.9,
23-10-2020,Toy,312.3,631,234.6,FALSE,null,
06-07-2021,"  Automotive Parts	",276.5,704.6,224.69,No,260.8,
07-12-2022,OfficeSupplies,522.5,705.6,88.7,FALSE,538.6,
14-07-2021,Apparel,417.7,1292.8,168.28,0,433.1,
05-Sep-22,"  Pet Supplies 	",327.6,746.6,196.44,0,303.2,
15-05-2021,"  OFFICE SUPPLIES	",315.3,947,88.3,0,295.5,
25-Oct-20,beauty,333,1080.8,Rs.162.7,FALSE,348.3,
05-15-2022, Apparel,443.5,missing,169.26,No,451.4,
05-21-2021,Electronic,325.8,504.4,45.48,0,328.9,
09-Aug-20,Sport Goods,464.2,1401.6,132.47,0,473.1,
07-08-2021,pet supplies,327.4,789.1,198.08,FALSE,300,
21-12-2021,Toy,270.6,-697.5,?,0,256.9,
17-Nov-20,Furnture,-,817,76.44,0,missing,
11-09-2020,beauty,389.1,1043.6,N/A,0,360.1,
02-08-2022,Sporting_Goods,,1431.6,126.44,0,453.3,
22-09-2020,"  OFFICE SUPPLIES	",457.2,,91.28,1,439.2,
02-06-2020,groceries,317.1,672.9,111.95,0,306.3,
12-03-2021,Office Supplies,-,798.8,87.92,0,426.1,
12-01-2020,Pet Supplies ,276.9,803.7,191.13,0,287,
25-04-2020,toys,304.9,735.9,233.63,N,282.5,
06-24-2021,toys,330.6,657.8,237.95,FALSE,341.1,
04-05-2021,Sporting Goods,,1345.6,124.55,0,502.1,
11-08-2020,Pet Supplies,317.1,756.6,196.62,1,318.8,
23-Apr-21,Groceries,356.6,605.2,110.18,No,370.6,
18-Feb-20,beauty,281.8,1063.4,164.99,No,277.9,
05-09-2020,Electronics,150.1,563.9,46.48,0,147.8,
03-01-2023,Auto Parts,384.4,504.6,216.23,0,363.2,
31-01-2020,OfficeSupplies,532.8,879.7,93.08,1,507,
10-05-2021,sporting goods,535.3,1340.5,129.22,0,535.2,
29-Nov-20, Office Supplies,398,818.1,88.45,FALSE,358.6,
01-03-2022,PET SUPPLIES,missing,847.4,191.56,0,300.8,
19-Sep-21,Pet Supplies,327.1,798.7,190.92,0,335.1,
08-01-2022,Electronics,289.8,339.6,46.05,0,277.9,
24-03-2022,Toy,999999,639,228.2,FALSE,262.3,
27-11-2020,Groceries,307.6,562.3,107.85,N,299,
06-01-2022,Sporting Goods,503.5,1428.8,127.72,FALSE,523.4,
11-23-2021,AUTOMOTIVE PARTS,293.8,671.3,217.29,0,274.1,
11-11-2020,apparel,,1239.3,164.46,0,502.9,
19-05-2021,APPAREL,417.3,1320.4,171.35,FALSE,381.2,
08-02-2022,OfficeSupplies,344.2,677.4,91.55,N,348.2,
23-02-2020,Electronics,226.6,541.2,48.64,No,225,
07-22-2020,Groceries ,216.6,616.5,109.33,0,196.4,
11-11-2022,Grocery,563.5,?,107.66,TRUE,572.5,
12-31-2020,Electronics,246.5,548.5,48.31,0,248.2,
27-Feb-20,Toys,266.6,775.8,234.18,0,247.4,
20-11-2020,Electronic,176.1,?,47.04,0,162.6,
19-04-2022,"   Apparel	",450.2,1371.2,167.01,0,409.8,
17-12-2020,Toys,385.1,630.8,238.81,1,375.2,
29-09-2020,Toys,312.4,632.8,232.87,0,303.2,
23-06-2022,groceries,341.5,776.1,$107.77,No,320.8,
12-23-2021,Toys,339.4,674.2,-,0,missing,
02-10-2022,ELECTRONICS,205.4,297.8,45.01,No,188.2,
05-Jun-22,Sporting_Goods,540.3,1420.4,121.97,No,532.6,
09-15-2022,groceries,352.1,,108.77,No,369,
01-10-2022,APPAREL,467.1,1349.8,166.65,0,NULL,
08-22-2020,Beuaty,422.9,1065.4,161.41,0,407.7,
26-04-2022, Toys,307.5,317.5,233.84,No,278.6,
25-03-2020,sporting goods,524.8,1401.2,$127.25,0,531.7,
04-01-2022,automotive parts,374.6,673.8,218.13,N,339.7,
25-10-2021,Beauty,318.4,1015,167.34,FALSE,321.6,
10-28-2022,OFFICE SUPPLIES,473.4,755.9,89.95,0,444.5,
09-30-2021,Furniture ,380.5,974.1,75.11,0,392.4,
08-03-2020,apparel,417.9,1236,169.25,FALSE,378.1,
16-01-2022,electronics,271.4,365,45.31,0,NA,
08-02-2021,PET SUPPLIES,281.6,821.4,200.81,0,259.5,
09-11-2022,SPORTING GOODS,580.5,1449.9,129.49,0,535.2,
04-06-2021,FURNITURE,258.5,992.7,75.15,FALSE,246.5,
04-10-2021,Groceries ,256.6,NULL,106.86,0,239.5,
10-02-2021,Groceries ,316.1,580.4,106.19,0,320.5,
10-14-2022,OFFICE SUPPLIES,471.2,740.5,Rs.87.53,0,446,
30-May-21,Beauty,395.3,1033.6,161.23,0,391.3,
09-09-2020, Office Supplies,337.7,834,90.16,No,311.7,
25-03-2021,GROCERIES,324.2,624.1,$108.66,0,319.7,
30-Jul-22,Office Supplies,407.9,659.1,88.92,FALSE,401.9,
23-12-2022, Electronics,333.3,256.4,46.97,No,316.9,
14-01-2021,Electronis,259.7,549,47.33,FALSE,246.9,
14-02-2022,Automotive-Parts,387.7,621.8,?,N,380.5,
23-05-2020,"  GROCERIES	",230.7,631.6,107.94,0,229.1,
06-Apr-21,Electronics,275.6,473.3,46.73,0,275.5,
28-Sep-22,Grocerys,331.8,769.4,105.51,No,343,
22-09-2020,Appearl,417,1225.2,174.65,0,402.6,
09-Aug-21,Electronics,195.3,504.6,47.98,N,177.7,
10-30-2020,Furnture,373.3,769.3,71.37,N,339.6,
30-Oct-21,Pet Supplies,361.6,826.6,197.39,0,365.4,
26-09-2020, Electronics,162.3,NULL,47,0,151.7,
11-04-2020, Office Supplies,275.7,885.2,88.17,No,2655,
09-12-2021,Beuaty,NULL,1002.5,163.58,0,399,
12-05-2021,Beuaty,445.3,1013.1,167.99,FALSE,4449,
10-29-2020, Office Supplies,469.1,823.1,90.18,1,471,
16-11-2020,AUTOMOTIVE PARTS,N/A,662.3,206.12,0,295.6,
01-26-2020,Auto Parts,308.8,815,216.27,N,279,
21-11-2022,APPAREL,1423.3,1435.6,167.38,0,390.2,
12-01-2022,furniture,308.8,1074.1,77.3,0,293.8,
16-10-2020,Pet Supplies,501.4,799.7,199.8,1,510.3,
10-Feb-22,Office Supplies,488.2,719,87.92,0,487.4,
24-04-2021,sporting goods,null,1331.6,129.38,0,543.2,
28-09-2022,Furniture ,517.6,1125.4,70.94,1,486.7,
08-24-2020,SPORTING GOODS,401,1391.3,125.84,0,393.2,
23-02-2021,PET SUPPLIES,266.9,815.3,194.88,0,277.5,
07-12-2021,Clothing,509.2,1284.6,166.05,0,481.8,
10-05-2022,SPORTING GOODS,476.3,1470.4,Rs.130.5,FALSE,476.6,
09-08-2021,Grocery,250.5,776.1,106.99,0,232.1,
08-03-2020,Auto Parts,342,777.8,219.9,0,336.7,
24-03-2020, Electronics,232.9,-,47.49,0,220.6,
01-08-2021,Office Supplies,574.9,845,89.61,1,586.8,
04-Nov-20,ELECTRONICS,146,523.7,45.69,No,152.2,
04-May-20,Sporting Goods,472.6,-1376.7,127.71,FALSE,458.6,
26-10-2020,SPORTING GOODS,403.4,1427.7,128.16,0,397.4,
03-04-2021,automotive parts,377.8,597.2,210.96,0,392.3,
10-Mar-20,OFFICE SUPPLIES,342.5,910.5,88.92,Y,327,
20-03-2022,Grocery,322.6,773,107.48,0,308.8,
20-Apr-21,Sport Goods,565.2,1319.1,124.83,FALSE,539.5,
04-May-20, Toys,273.3,736.9,225.62,N,277.4,
08-10-2020,ELECTRONICS,121.3,557,Rs.45.19,0,NA,
03-02-2021,Automotive-Parts,N/A,602.4,212.05,1,497.6,
15-01-2022,ELECTRONICS,420.4,333.3,45.73,Y,436.4,
07-23-2020, Beauty,426.2,1078.8,171.49,0,446.9,
26-07-2022,Appearl,504.4,940,165.33,TRUE,43.9,
06-05-2020,OFFICE SUPPLIES,294.7,882.4,90.33,0,305.1,
22-04-2021,Electronic,313.3,488.1,46.59,FALSE,323.3,
22-05-2020,Sporting_Goods,579.4,1322.5,129.42,0,523.2,
24-Apr-22,Electronic,356.1,279.8,46.37,FALSE,359.6,
30-04-2022,"  beauty	",458,1019.4,162.19,0,419.6,
08-08-2021,PET SUPPLIES,302,798.9,188.17,FALSE,294.1,
23-04-2020,toys,262,746.4,242.34,0,260.5,
07-08-2020,Groceries ,254.1,NULL,999999,0,255.3,
11-Apr-21, Office Supplies,N/A,889,89.15,0,288.5,
06-01-2021,AUTOMOTIVE PARTS,333.2,614.1,219.63,0,314.6,
20-10-2021,Office Supplies,387.5,838.3,89.38,FALSE,356.4,
15-Aug-22,Automotive-Parts,-,561,217.98,0,285.6,
30-Aug-20,Furniture,320.5,828.8,72.39,N,327,
07-31-2022,Groceries ,296.5,788.7,108.16,FALSE,282.1,
21-02-2020, Toys,211.4,NA,238.03,0,200.2,
10-29-2021,automotive parts,-326.9,670.4,208.98,0,342.5,
17-05-2021,Auto Parts,299,690.9,217.51,0,300.7,
28-07-2020,AUTOMOTIVE PARTS,311.5,771.1,226.46,Yes,297.5,
01-11-2022,pet supplies,370.6,717.7,197.21,0,357.5,
05-10-2020,Apparel,NA,1245.7,166.87,0,405.7,
11-02-2022,Furnture,258.9,1099.2,74.2,0,243,
08-Mar-21, Electronics,275.9,-,$48.2,0,262.2,
12-09-2021,Sporting_Goods,481.9 units,?,125.75,0,N/A,
15-03-2021,AUTOMOTIVE PARTS,339.5,452.1,222.41,FALSE,356.4,
07-10-2022, Electronics,253.2,292.1,45.87,No,258.4,
06-20-2022,Grocery,283,788.3,104.46,0,255.2,
13-Sep-21,Auto Parts,251.6,696.4,223.85,0,236.8,
05-12-2020,Auto Parts,265.4,999999,213.58,N,262.1,
17-02-2021,Furniture ,263,896.3,73.65,FALSE,264.5,
12-24-2021, Toys,311.1,682.5,242.2,0,288.6,
19-Nov-20,Sporting Goods,444.8,1413.6,127.63,FALSE,448.5,
11-16-2022,office supplies,496.3,725,86.25,0,504.6,
09-10-2021,OfficeSupplies,386.1,815.4,89.43,N,355.8,
14-06-2022,Grocerys,286.3,785.3,106.84,0,285.9,
03-13-2020,"  FURNITURE	",189,751.5,74.07,No,195.1,
01-09-2022,GROCERIES,345.2,807.8,109.07,0,325.4,
03-08-2021, Electronics,999999,485.9,46.22,0,198.4,
07-01-2022,Toy,305.1,674,230.51,FALSE,318.2,
24-01-2021,Pet Supplies ,-,819.4,190.48,0,304.8,
28-01-2020,automotive parts,?,805.2,219.88,0,287.2,
06-08-2021,GROCERIES,228.4,701.9,106.81,0,232.9,
07-07-2022,electronics,310.5,280.1,46.56,0,323.4,
31-Dec-20,sporting goods,529.2,1390.6,125.67,No,490.7,
07-01-2020,SPORTING GOODS,511.4,1364.4,129.51,0,530.9,
20-12-2020,automotive parts,N/A,593.6,221.37,0,325.7,
23-Sep-21, Office Supplies,406.5,815.3,91.14,0,409.4,
26-01-2020,Sport Goods,384.7,1470,129.25,0,389.2,
28-Aug-22,AUTOMOTIVE PARTS,287.4,543,NA,N,286,
16-Apr-22,sporting goods,606.8,1420.6,127.01,N,617.3,
23-02-2022,FURNITURE,246.3,1097.9,77.92,No,232.9,
17-Jul-22,electronics,261.6,271.7,46.54,0,271,
25-08-2020,Furnture,322.7,815,71.49,0,306.3,
12-10-2020,Sporting Goods,454.4,1395.7,123.45,0,4276,
21-12-2021,automotive parts,350.9,666,226.38,N,316.7,
16-01-2022,OFFICE SUPPLIES,367.3,758,89.73,0,369.6,
31-Jan-22,sporting goods,561.5,1084.5,128.87,0,518.6,
08-01-2021,sporting goods,546.1,1390.2,132.77,0,516.7,
09-Feb-20,Electronics,213.9,411.4,47.43,0,207.5,
08-04-2022, Office Supplies,420.4,727.7,91.96,0,437,
20-12-2020, Office Supplies,373.6,854.6,91.3,0,374.4,
12-08-2021,OfficeSupplies,438.7,780.2,85.59,FALSE,395.3,
12-Dec-20,groceries,327,N/A,105.83,0,297.1,
23-04-2020,automotive parts,330.3,800.8,222.14,0,326.3,
02-11-2020,beauty,303.8,1101.8,165.81,N,297.9,
06-05-2022,furniture,266.9,1156,71.46,No,277,
14-01-2022,Beauty,425.9 units,NULL,168.39,0,434.4,
31-01-2021,Office Supplies,370.2,870.8,89.26,FALSE,333.6,
25-11-2022,Sporting_Goods,846,1465.2,129.05,Y,847.7,
07-29-2020,toys,337.6,635.1 pcs,244.85,No,350.7,
12-03-2021,Groceries ,362.8,614.1,108.74,N,351.8,
28-12-2020,FURNITURE,269.9,870.9,74.95,0,249.4,
16-08-2022,Furniture,354.7,1145.5,73,0,355.4,
16-Jun-21,Office Supplies,304,916.7,90.54,0,283.8,
12-01-2020,electronics,177.8,533,,FALSE,175.3,
03-10-2021,Electronis,160.5,999999,45.57,0,168.1,
12-06-2021,TOYS,271.6,675.9,240.76,0,275.8,
01-18-2022,automotive parts,352.9,689.9,218.96,FALSE,322.3,
22-01-2020,"  Furnture	",NA,775.7,75.16,0,223.4,
14-01-2022,"  automotive parts	",408.6,668.1,212.15,0,378,
07-20-2020,apparel,351.4,1306,167.66,0,353.8,
08-24-2022,FURNITURE,376.8,-653.2,76.57,0,372.2,
20-Jun-20, Office Supplies,268.9,901.1,Rs.89.28,0,273.2,
07-05-2022,Electronics,362.2,275.5,47.27,0,368.7,
25-Feb-20,Electronics,228,526.2,47.59,No,232.1,
29-11-2020,Automotive Parts,299.7,424,,0,286.4,
08-06-2020, Office Supplies,217.7,897.6,86.73,0,221.5,
23-07-2020,Electronic,276.4,537.5,46.28,1,266.1,
13-10-2020,"  sporting goods	",437.1,1399.6,122.02,N,442.5,
16-12-2021, Office Supplies,468.4,770.6,90.21,0,424.3,
05-08-2022,Sport Goods,562,1423.7,126.62,FALSE,549.8,
06-Mar-22, Office Supplies,378.4,739.8,91.01,0,356.8,
03-01-2020,Toy,235.8,800.8,230.42,FALSE,228.1,
11-05-2020,SPORTING GOODS,501.2,1396.7,126.42,FALSE,475.3,
21-Apr-20,Sport Goods,472.1,1368.9,135.84,0,426.9,
24-May-22,Sporting_Goods,510.6,1449.1,129.7,0,474.4,
05-May-20, Electronics,236.8,499,46.38,0,232.7,
12-11-2022,Automotive Parts,433.3,507.1,220.92,1,405.1,
01-02-2020,apparel,445.3,1220.1,171.06,FALSE,458.7,
08-15-2021,Furnture,526.6,976.7,75.99,1,552.1,
07-03-2020,"  toys	",241.1,785.6,239.34,No,223.6,
09-09-2021,Automotive-Parts,273.7,702.9,217.53,0,279.9,
03-05-2022,apparel,434.3,1410,170.24,0,436.4,
26-05-2022,electronics,350.5,302.8,46.46,FALSE,320.7,
04-10-2022,OFFICE SUPPLIES,354.1,761.7,88.83,0,343.2,
07-03-2022,Appearl,464.7,1334.7,171.17,N,434.2,
10-02-2022,Sporting Goods,571.2,1397.7,128.07,FALSE,519.7,
01-06-2021,Pet Supplies,229.2,866.7,190.87,No,225.3,
26-Mar-21, Toys,276.2,642.6,237.69,0,271.6,
04-22-2020,AUTOMOTIVE PARTS,301.4,806.9,210.16,0,297.1,
02-12-2020,office supplies,561.2,818.9,91.44,1,579.7,
10-08-2021,Sporting_Goods,483,1405.8,127.89,No,467.5,
10-05-2020,Toy,252.4,740.6,242.9,0,262.4,
27-04-2022,AUTOMOTIVE PARTS,363.9,412,,0,346.8,
23-08-2022,furniture,368.4,652.1,76.78,0,21.7,
24-10-2021,APPAREL,504.5,1305.4,173.93,FALSE,472.9,
27-01-2021,Pet Supplies ,1134.3,818.1,204.17,0,317.9,
12-03-2022,furniture,271.1,,74.55,FALSE,271,
10-18-2021,Groceries ,264.4,834,106.69,0,253.5,
25-01-2020,BEAUTY,323.4,NULL,163.6,N,54.3,
09-Jul-22,Toy,374.5,581.3,233.75,FALSE,NA,
22-Dec-20, Electronics,185.9,NULL,47.17,N,187.7,
09-21-2022,TOYS,377.6,-609.1,236.84,0,343.4,
08-09-2021,furniture,385.2,,72.27,FALSE,3615,
24-03-2020, Office Supplies,290.9,879.3,88.51,FALSE,286.2,
09-10-2020,Appearl,491,NULL,171.06,FALSE,475.1,
08-Jun-22,ELECTRONICS,307.1,288.6,45.82,0,288.8,
11-16-2020, Apparel,1878.8,1273,171.13,0,408.7,
07-28-2022,FURNITURE,328,1147.7,74.76,No,312.1,
09-May-20,Groceries,259.2,624,110.05,0,242.8,
22-10-2020,Furniture,390.9,765.5,74.6,0,410,
30-06-2022,Clothing,450.4,1423.8,174.25,0,461.6,
27-10-2022,BEAUTY,421.9,973.8,159.96,N,415.3,
10-10-2022,apparel,478.3,1353.3,171.68,0,441.5,
06-May-22,Automotive-Parts,406.2,525.3,218.71,0,377.7,
17-04-2020,TOYS,276.3,734.7,242.49,0,283.9,
29-03-2020,Groceries ,241.2,667.9,106.71,No,225.9,
23-08-2021, Beauty,360.7,1032.8,Rs.168.29,0,334.9,
25-Apr-22,office supplies,343.3,736.5,90.07,FALSE,338.9,
12-20-2022,GROCERIES,NA,753.7,107,0,374.2,
12-08-2022,OFFICE SUPPLIES,N/A,688.1,90.09,0,999999,
29-01-2022,Auto Parts,386.2,-642,217.73,0,370.6,
23-03-2022,Beauty,400.1,1012.2,165.93,0,396,
09-16-2021,Groceries,302.7,missing,105.74,No,308,
09-Sep-20,Pet Supplies ,325.3,769.8,197.92,No,null,
09-Nov-21,beauty,482.2,988.4,168.28,1,491.6,
19-12-2022, Office Supplies,456.8,727.8,92.27,0,478.5,
01-05-2020, Office Supplies,435.6,884.8,90.7,TRUE,428,
15-10-2022,Groceries,364.7,759.4,109.84,N,339.9,
03-27-2022,Furniture,220.6,1130.5,74.7,0,NULL,
30-Oct-21,groceries,335.9,807,103.93,FALSE,323.5,
03-04-2020,Groceries,274,638.7,108.42,0,282.7,
20-02-2020,AUTOMOTIVE PARTS,363.8,783.1,218.64,0,366.7,
18-Sep-22,Toy,390.1,602.8,234.28,0,396.7,
04-Feb-21,GROCERIES,332.2,564.2,108.29,No,313.8,
07-10-2021,Grocery,284.6,637.4,108.06,0,259.7,
29-Jun-20,pet supplies,232,794.2,201.07,0,233.3,
26-11-2020,beauty,355.7,1076.1,160.9,0,335.5,
30-07-2022, Toys,396.3,562.7,234.89,0,408.6,
16-04-2021,ELECTRONICS,332.4,473.7,48.21,FALSE,322.7,
11-03-2021,"   Office Supplies	",393.6,864.8,91.41,N,356.8,
29-Aug-20,groceries,250.9,585.6,104.7,0,257.1,
17-05-2022,Beuaty,419.7,1031.4,161.34,0,421.3,
23-12-2021,Furniture ,361.3,1025.7,73.84,0,?,
31-08-2022,ELECTRONICS,235,283.4,47.98,FALSE,216.9,
12-30-2020,sporting goods,505,1393.4,130.29,N,459.7,
07-02-2021,Beuaty,332.8,977.2,164.39,0,308.4,
07-31-2020, Office Supplies,313.7,867.9,90.17,0,322.8,
24-08-2022,Sport Goods,569.3,1444.4,130.17,0,missing,
28-04-2020, Apparel,358.1,1312.3,163.24,0,327.6,
23-02-2021,Clothing,621.8,1282.3,171.01,TRUE,630.1,
04-01-2021,electronics,184,574.5,45.58,0,170.6,
14-01-2022,Appearl,539,1319.4,177.86,0,564.6,
07-Dec-20,Groceries,250.3,-582.7,106.66,No,253.5,
08-04-2020,groceries,279.7,-639.4,107.1,0,253.4,
16-09-2022, Toys,384.8,615,235.2,0,395.3,
30-11-2021,Pet Supplies ,300.3,842.8,195.95,0,293,
09-Nov-22,groceries,384.7,747.1,107.23,0,351.7,
08-Apr-20,Pet Supplies,NA,795,197.42,1,275.3,
20-06-2022,"  ELECTRONICS	",274.5,309.9,46.31,0,272.9,
03-22-2020,Auto Parts,348.7,774.9,212.4,0,351,
18-Oct-22,Furniture,413.8,1112.9,71.07,0,406.4,
24-02-2022,Furniture ,251.5 units,1098.6,76.08,0,244.7,
17-May-21,Toy,300.5,644.4,226.44,0,307.6,
01-28-2021,"  Automotive-Parts	",376.9,591.3,218.63,0,394,
06-22-2020,Apparel,352.3,1315.7,170.66,FALSE,324.9,
03-12-2022,PetSupplies,335.8,800.9,198.58,No,348,
10-09-2022,Sporting_Goods,475,1472.9,124.25,FALSE,470.2,
25-Jul-21,Sporting_Goods,506.2,1330.5,130.98,N,?,
18-Sep-22,Groceries,315.1,,107.44,0,296.7,
04-01-2022,toys,274.9,673.2,233.75,N,247.5,
17-12-2021, Toys,334.4,676.1,238.75,FALSE,312,
18-04-2020,automotive parts,333.1,799.6 pcs,221.13,N,344.1,
03-21-2022,apparel,585.5,1338.8,168.45,Y,999999,
21-Nov-20, Electronics,193,515,48.02,0,195.3,
11-04-2022,SPORTING GOODS,556.3,1468.7,126.18,0,?,
07-14-2022,Furniture,339.6,1143,-,0,351.2,
01-08-2021,furniture,343.1,987.3,74.97,0,325.5,
07-12-2021,TOYS,328.2,643.7,228.96,0,312.6,
29-11-2022,automotive parts,383.8,476.1,218.97,FALSE,391.2,
23-May-20,Beuaty,425.5,1102.7,164.42,0,418.6,
18-06-2020,SPORTING GOODS,634.7,1313.6,129.74,0,654.3,
30-05-2021,ELECTRONICS,253.5,513.3,46.91,0,234.9,
03-14-2022,Clothing,400.1,1347.5,170.73,FALSE,399.9,
26-02-2022,Toys,309.2,649.1,230.34,0,287.5,
28-Jun-20, Toys,399.6,661.4,233.02,Y,388.4,
03-01-2022,SPORTING GOODS,479.2,1432.7,123.15,0,N/A,
11-Aug-21,BEAUTY,443.5,1011.5,162.65,FALSE,401.2,
31-01-2021,Sporting_Goods,535.1,1376.2,128.09,0,493.5,
03-06-2021,furniture,434.8,985,72.59,1,415.9,
03-04-2021,PET SUPPLIES,261.4,870.8,188.14,0,241.6,
03-11-2022,Toy,,575,237.49,N,380.4,
25-09-2022,office supplies,389.5,738.1,87.32,N,377.8,
04-10-2020,Pet Supplies ,316.8,787.1,189.97,N,318.5,
03-06-2022,GROCERIES,360.5,737.7,107.03,0,332.4,
17-11-2020,PET SUPPLIES,296.2,774.7,203.18,0,285.9,
26-05-2022,FURNITURE,258.5,1167.6,76.39,0,265.7,
07-10-2022,Clothing,503.8,1352.2,167.98,0,457.8,
07-Feb-22,OfficeSupplies,372,479.7,92.68,0,356.8,
14-10-2020,office supplies,365.3,814.8,88.4,0,366,
08-Jul-22,Pet Supplies,364.3,787.6,201.4,0,371,
24-02-2021,toys,286.6,-620.1,243.41,N,298.9,
23-09-2021,apparel,485.6,1330,173.99,N,477.9,
05-03-2022,OFFICE SUPPLIES,455,725.3,88.26,0,454.9,
06-10-2022,Office Supplies,474.4,732,90.34,N,467.8,
16-10-2021,Auto Parts,288.5,685.3,$212.39,0,267.6,
07-21-2022, Apparel,475.8,1419.5,-,FALSE,460.3,
09-18-2021,PetSupplies,372.4,782.7,197.37,0,378.9,
07-11-2020,BEAUTY,416.2,1089.1,162.28,0,421.5,
06-03-2020,Beauty,400.3,-1101.7,163.83,0,367.1,
20-Sep-20, Beauty,346.8,999999,164.86,FALSE,321.1,
07-04-2022,Furniture ,253.4,1137.8,74.02,FALSE,252.6,
22-10-2022,Beuaty,429.1,969.6,168.46,0,392.4,
30-06-2020,Sport Goods,NULL,1363.8,128.2,N,488.5,
14-01-2021,Appearl,477.3,1274.3,168.52,N,490.8,
16-07-2020,Pet Supplies ,-295.4,771.4,189.36,0,302,
27-04-2021,Groceries ,283.2,null,107.26,0,259.5,
25-07-2021,groceries,385.8,675.7,107.27,TRUE,?,
25-Jun-22, Office Supplies,356.7,689.9,90.59,N,350.9,
19-12-2022,pet supplies,355.9,689.6,198.03,0,372.4,
25-02-2020,Toy,175.3,789.4,237.06,FALSE,170.9,
25-06-2020,Automotive-Parts,286.5,825.3 pcs,-,FALSE,268.7,
12-Jul-20,Automotive-Parts,251.8,793.7,218.48,No,240.3,
17-12-2020,Auto Parts,360.6,586,224.99,0,370.4,
18-02-2022,Beauty,410.1,1014.4,NULL,0,422.6,
01-06-2022,Electronic,,,48.4,0,299.4,
13-01-2021,pet supplies,303,829.9,197.57,0,313.8,
11-06-2021,Furniture,246.2,991.8,72.75,0,237.4,
01-02-2022,AUTOMOTIVE PARTS,372.9,648.6,214.3,N,342.9,
13-06-2022,Furnture,242.9,1142.5,Rs.75.52,FALSE,253.9,
24-05-2022,Auto Parts,null,519.6,217.33,0,311.7,
05-09-2022, Electronics,214.9,281.6,46.06,N,201.6,
06-21-2022,TOYS,341.5,592.6,242.63,0,331.8,
11-26-2020,OfficeSupplies,434.1,815.8,88.32,0,425.9,
06-01-2021,Sporting Goods,510.2,1325.1,125.5,FALSE,508.2,
12-23-2022,Pet Supplies ,419.8,667.2,195.3,No,418.4,
03-05-2021,AUTOMOTIVE PARTS,297.8,668.4,209.6,0,293.8,
05-09-2021,"   Toys	",484.2,621.8,234.88,Y,440.6,
19-Aug-20,Electronic,151.5,549,47.67,FALSE,141.9,
01-11-2020,PetSupplies,325.7,831.9,189.46,0,299.3,
09-03-2022,Pet Supplies,288.1,806.5,193.91,0,294.1,
18-08-2022,Beauty,459,944.7,159.48,FALSE,473.5,
23-Jan-20,beauty,323.1,539.7,164.4,0,308.1,
09-11-2021, Apparel,450.4,1314.8,166.69,0,462.4,
02-Dec-21,pet supplies,351.3,832.5,197.07,N,334.4,
25-09-2021,electronics,180.7,476.3,47.32,0,188,
16-02-2021,TOYS,233.9,638.9,239.16,FALSE,223.8,
06-29-2020,Apparel,352.9,1328.2,172.55,FALSE,330.5,
26-02-2021,Clothing,467.3,null,173.88,0,450.5,
09-18-2020, Electronics,227.9,538.2,47.55,1,237.5,
06-02-2021,Beauty,487.1,980.1,173.78,1,460.1,
02-17-2022,beauty,449.5,1006.4,163.35,0,417,
17-03-2022,toys,299,649.6,234.77,0,305.6,
08-Nov-21,furniture,330.3,1037.7,75.15,0,344.4,
05-01-2021,pet supplies,443.5,832.2,193.72,TRUE,461.9,
08-12-2020,Beauty,318.3,1065.6,168.22,0,304.3,
21-03-2021, Beauty,374.1,986.9,170.62,0,365.7,
21-04-2021,beauty,414.1,1000.9,167.4,0,388.1,
02-07-2021,Auto Parts,344.4,668.5,$216.81,0,328,
10-11-2022,Toys,561.5,554.1,230.15,1,526.6,
12-04-2022,Grocery,327.5,768.1,105.61,FALSE,304.4,
17-03-2021,BEAUTY,null,1006.1,162.24,0,335.8,
31-10-2022,groceries,313.2,793.4,107.28,N,327.6,
22-06-2020,toys,282.1,676.8,-,0,281.8,
02-Oct-21,TOYS,364.2,633.6,238.04,0,333.3,
12-08-2020,PetSupplies,376.4,755.9,196.64,1,missing,
03-04-2020,apparel,469.9,805.3,168.15,0,N/A,
24-06-2021, Apparel,482.9,1259.0 pcs,171.9,0,496.2,
24-03-2020,APPAREL,362.8,1271.8,167.2,0,375.8,
27-Jul-21,Furniture ,999999,992,72.91,0,304.9,
28-09-2022,Clothing,449.3,1363.6,168.67,0,430.8,
13-10-2021,APPAREL,464,1327,170.23,0,425.2,
10-02-2020, Apparel,375.7,1240.9,167.72,0,378.1,
20-07-2020,PET SUPPLIES,NULL,781.7,196.52,0,249.6,
27-04-2020,SPORTING GOODS,505.1,1352.6,128.56,FALSE,493.1,
08-08-2022,"  PET SUPPLIES	",514.1,748.4,200.03,1,496.9,
28-12-2022,OFFICE SUPPLIES,481,751.4,NULL,No,468.9,
07-19-2020,Toys,323.3,647.7,241.51,FALSE,324.4,
12-09-2022,Sport Goods,456.6,1490.3,130.43,0,453.3,
11-22-2022,"  Furniture 	",369.8,1168.6,76.73,N,355.5,
21-May-20,AUTOMOTIVE PARTS,338.8,missing,212.82,0,332.1,
27-02-2022,"  Automotive Parts	",361.4,627.9,220.41,N,326.8,
11-06-2020,Office Supplies,290.1,894.8 pcs,89.65,0,284.4,
07-01-2021,PET SUPPLIES,349.2,818.4,198.66,FALSE,343.7,
05-01-2020,Grocerys,260.9,673.9,107.88,N,240.3,
09-15-2020,OfficeSupplies,295.9,849.5,89.09,FALSE,274.6,
05-22-2021,Apparel,430.9,1308.3,172.34,FALSE,402.8,
13-04-2020,Automotive Parts,300.4,783.4,216.64,0,312.6,
15-08-2022, Office Supplies,317,720.9,89.75,0,305.9,
10-09-2022,SPORTING GOODS,535.6,1453.6,129.65,0,555.3,
15-06-2022,SPORTING GOODS,550.3,1406.5,127.16,0,565.6,
31-05-2020,Electronis,229.2,549.8,47.55,N,217,
26-Jul-20,pet supplies,NA,766.1,197.2,0,245.5,
15-May-22,Groceries ,301.6,781.9,109.53,N,282.8,
23-08-2020,automotive parts,?,511.8 pcs,222.69,0,230,
11-04-2022,beauty,N/A,1013.4,163.81,0,?,
03-31-2020, Electronics,240.6,498.9,46.42,0,248.1,
23-Jun-22,APPAREL,452.3,1408.6,172.14,FALSE,423.9,
08-06-2020, Apparel,358,1321.1,170.15,No,330.3,
09-12-2022,Automotive-Parts,416.2,526.4,224.67,Y,404.3,
03-18-2020,GROCERIES,257.6,646.9,-,0,267.3,
14-Jun-21,Sporting Goods,649.5,1338.3,128.88,TRUE,671.2,
10-Nov-20,Toy,318.9,622.8,226.15,Yes,319.6,
05-12-2021,PET SUPPLIES,353.3,823.6,199.53,FALSE,336.1,
06-Aug-20,"  pet supplies	",392.1,731.6,194.68,1,391.8,
21-Feb-21,PET SUPPLIES,422.6,808.1,198.02,1,398.4,
01-26-2021,Clothing,385.5,1304.6,167.2,0,381,
25-08-2020,Electronic,999999,547.3,N/A,1,149.8,
23-05-2021,AUTOMOTIVE PARTS,313.5,701.3,212.57,FALSE,318.4,
02-01-2020,Electronics,202.7,N/A,43.19,N,210.9,
01-Jan-21,OfficeSupplies,457.2,N/A,88.75,FALSE,442.1,
09-15-2022,FURNITURE,425,-1148.8,74.38,N,403.5,
23-10-2022,PetSupplies,400.3,723.3,195.37,N,377.4,
26-04-2021,Furniture ,185.9,1023.9,76.12,0,175.5,
17-Jul-21,furniture,304.8,994.3,75.25,0,281.3,
31-01-2020,Electronis,224.4,523.3,46.54,No,220.4,
15-10-2021,sporting goods,507.9,1387.6,125.52,0,504.9,
08-Nov-22,Auto Parts,373.7,504.1,-,FALSE,369.4,
06-05-2022,PetSupplies,316.6,466,196.71,0,315.6,
22-12-2022,Grocerys,412.7,742.4,105.88,FALSE,420.3,
26-11-2022,Electronis,285.1,290.6,46.54,0,277.2,
07-08-2021,Office Supplies,339,815.2,89.02,0,332.3,
19-08-2021,Sport Goods,509.3,1326.4,124.3,0,521.7,
24-12-2020,apparel,489.7,1264.2,169.03,0,498.9,
13-09-2022,OFFICE SUPPLIES,365.1,741.7,89.43,0,361.2,
12-11-2020,apparel,453.6,1254.4,163.95,N,NULL,
30-03-2022,PET SUPPLIES,333,829.3,197.21,No,311.3,
28-02-2020,GROCERIES,319.1,689.5,107.68,No,334.2,
16-01-2021,electronics,243.8,544,47.03,0,228.4,
23-Jan-20,Automotive Parts,358.3,810,227.83,0,346.8,
11-Jan-21,Groceries,275.4,543.7,105.58,0,2536,
10-07-2021,Electronics,233.3,483.5,47.69,FALSE,237.9,
03-14-2022,PetSupplies,NA,830.3,199.7,FALSE,225.5,
20-11-2022,OfficeSupplies,473.9,740.5,87.83,0,488,
10-12-2021,Beuaty,388.3,960.9,161.41,FALSE,377.6,
28-10-2020,TOYS,314.3,624.8,missing,0,301.3,
03-01-2020,apparel,483.4,711.2,167.15,No,463.2,
25-Apr-21,Furniture,189.8,1021.6,76.76,0,178.7,
31-03-2020,FURNITURE,181.8,790.3,74.98,0,169.1,
14-Jun-22, Electronics,276.5,-310.8,46.14,0,287,
22-10-2021,toys,373.4,595.7,235.54,FALSE,360.7,
05-05-2020,OFFICE SUPPLIES,235,905.1,88.28,N,220.5,
31-05-2022,Auto Parts,322.8,516.7,216.13,FALSE,322.5,
28-05-2020, Electronics,256.3,541.2,46.02,0,268.4,
23-Dec-22,APPAREL,586.7,1327.2,166.6,0,582.1,
14-09-2022,automotive parts,323,503.7,210.69,0,?,
30-11-2022,groceries,NA,771.8,106.73,FALSE,375.2,
19-04-2021,Auto Parts,291.8,NULL,217.68,No,305.4,
22-12-2022,AUTOMOTIVE PARTS,375.9,485.1,211.55,0,375.8,
07-10-2022,Automotive Parts,322.2,511,218.3,0,291,
22-Oct-20,Pet Supplies,368.2,804.4,198.18,0,355.6,
12-02-2022,"  Sport Goods	",-560.3,1489.7,126.53,0,544.8,
16-Oct-20,office supplies,371.5,817.7,90.67,N,368.9,
03-11-2022,Furniture,411.2 units,1139.5,73.26,N,371.9,
09-Feb-20,Groceries,258.8,687.5,110.75,0,260.2,
17-Oct-22,Toy,532.8,607.9,230.91,Y,501,
27-10-2022,furniture,418.5,1127.4,76.12,FALSE,433.9,
05-Jul-21,AUTOMOTIVE PARTS,258.7,693.7,219.37,0,251.4,
07-Oct-22,Furnture,483,1119.8,Rs.73.48,TRUE,486.7,
25-12-2021,Groceries ,377.3,809.4,105.69,0,369.6,
24-06-2021,OfficeSupplies,328.3,904.5,88.59,No,306.8,
11-Aug-22,Furniture,382.2,1120.2,75.53,FALSE,389.3,
31-01-2020,AUTOMOTIVE PARTS,356.7,787.6,218.52,No,352.9,
28-May-21,PetSupplies,308.8,867.3,$199.28,0,311.4,
13-Mar-20,Clothing,451,1232.3,169.5,No,466.3,
16-01-2021,Automotive-Parts,373.4,595,217.24,N,338.1,
20-03-2021,BEAUTY,388.2,994,166.25,0,394.9,
25-Feb-22,apparel,468.9,1310.6,165.07,0,472.3,
06-02-2020,furniture,341.8,771.2,74.55,1,345.6,
07-22-2022, Apparel,490.2,1416.2,169.96,0,470.2,
11-08-2022,ELECTRONICS,-,255.1,46.91,0,257,
03-Dec-20,Sporting_Goods,464.4 units,855.4,125.46,FALSE,472.4,
21-Mar-21,Sport Goods,506.5,1363.3,130.19,0,493.2,
03-07-2020, Office Supplies,309.7,878.4 pcs,90.42,0,291.8,
12-01-2020,GROCERIES,226.4,683.4,107.16,FALSE,215.7,
05-18-2021,Furniture,223.1,999.5,75.35,0,221.6,
23-May-22,Electronic,300.7,330.5,45.31,0,306.9,
28-12-2022,Sport Goods,516.7,missing,130.24,N,532.8,
05-26-2022,Pet Supplies ,297.6,823.9,194.05,FALSE,299.9,
07-21-2020,SPORTING GOODS,434.6,1387.5,126.54,0,437,
15-12-2020,Toys,221.8,649.1,243.71,0,232.2,
12-Apr-22, Toys,268,395.8,235.91,0,270.6,
16-04-2020,Furniture,177,774.1,72.89,0,182.9,
20-06-2020,ELECTRONICS,233.4,N/A,45.75,FALSE,223.5,
21-Nov-22,beauty,351.8,1003.9,Rs.163.07,0,336.5,
19-08-2020,Furniture ,341.2,838.3,77.08,0,342.4,
22-03-2022,Groceries ,328.5,773.2,107.23,0,306.7,
16-Jan-20,Toy,250.3,798.4,233.51,0,230.9,
20-11-2020, Toys,295,592.2,246.79,N,276,
02-Apr-20,Furniture ,169.1,786.4,76.2,0,166.7,
09-08-2021,Sport Goods,missing,1345.7,126.94,0,499.1,
27-Oct-22, Toys,389.3,346.2,245.02,0,352.6,
25-May-20,Beauty,464.1,1130.9,161.82,TRUE,484,
24-06-2020,OfficeSupplies,277.4,901.6,88.16,FALSE,287.1,
03-05-2022,beauty,425.7,1027.2,NA,FALSE,393.7,
06-01-2020,Grocerys,233.1,685.9,109.47,No,218.2,
09-Jun-21,AUTOMOTIVE PARTS,316.8,690.3,218.06,0,298.6,
05-21-2021,Beuaty,480,1010.5,165.95,0,454.9,
10-08-2020,"  TOYS	",287,667.8,241.05,0,282.1,
15-02-2021,Groceries ,298.4,590.8,106.86,FALSE,296.1,
01-17-2022,electronics,248.5,368,46.76,0,226.6,
18-04-2020,Groceries,261.3,628.2,108.45,0,273.4,
19-12-2021,BEAUTY,361.8,987.2,167.55,FALSE,347.8,
15-May-22,Office Supplies,338,716.9,88.87,FALSE,348.9,
02-06-2022,Furniture,275.8,1150.9,76.41,0,278.5,
02-03-2021,beauty,337.9,993.4,165.97,0,328.6,
06-08-2021, Apparel,null,1256.2,166.04,0,442.8,
15-07-2021,PetSupplies,305.5,794,196.48,0,292.1,
18-12-2020,Beuaty,355.8,1050.5,164.32,0,354.9,
01-Jan-23,office supplies,505.5,-738.1,90.26,FALSE,513.1,
02-Feb-20,Electronics,185.8,530.1,46.81,No,180.2,
03-10-2022,PET SUPPLIES,375.1,742.4,197.49,0,344.8,
01-03-2021,office supplies,331,919.9,92.09,FALSE,315.2,
03-01-2022,furniture,313.2,1053.9,76.44,0,319.9,
03-04-2022,sporting goods,583.9,1421.7,$130.18,FALSE,556.3,
11-01-2020,OFFICE SUPPLIES,378.7,872.8,90.02,0,373.6,
14-05-2021,Groceries ,325.3,659.6,106.61,0,318.1,
08-06-2021,Sport Goods,,1331.8,$128.75,0,541.9,
30-08-2021,automotive parts,251,698.8,213.84,0,236.8,
23-04-2020,Pet Supplies,237.7,786.8,194.37,FALSE,226.4,
14-05-2020,Furniture ,missing,761.8,73.43,0,195.9,
08-10-2021,Appearl,432.6,1275.3,171.21,FALSE,446.3,
28-12-2021,AUTOMOTIVE PARTS,354.8,502.2,218.21,0,360.9,
05-06-2020,PET SUPPLIES,260.5,826.2,200.07,0,249.3,
26-03-2022,Beauty,443.6,998.5,167.15,0,440.7,
05-01-2020,"  TOYS	",187.9,811,235.15,0,186.3,
12-07-2020,Electronis,197.7,543.2,46.25,No,181,
16-Apr-21, Beauty,414.7,1008,165.24,N,384,
18-08-2022,"  Pet Supplies	",383.4,748.4,197.76,FALSE,352.1,
29-11-2022,APPAREL,500.6,1408.5,167.37,0,505.8,
01-10-2022,PetSupplies,329.2,837.3,201.47,0,321.9,
12-10-2021,PetSupplies,334.3,869.2,198.69,0,342.4,
10-26-2020,Electronis,119.2,506.9,46.52,0,120.4,
30-12-2021,Furnture,311.4,653.3,72.67,0,293.4,
18-04-2020,PetSupplies,245.4,771.6,206.07,0,243.5,
10-21-2022,AUTOMOTIVE PARTS,369.9,489.8 pcs,219.09,0,343.9,
11-Oct-21,Sport Goods,534.4,1432.9,?,Y,526.5,
01-15-2022,Groceries ,358.9,999999,107.72,0,364.9,
08-04-2021, Electronics,337.6 units,453.6,46.6,0,3496,
22-Feb-22,beauty,364.8,1033.4,165.07,0,364.2,
02-18-2022,Groceries,528.1,778.3,107.26,Y,538.8,
12-03-2022,AUTOMOTIVE PARTS,381.6,467.1,211.01,N,379.8,
11-12-2022,Apparel,505.3,1395.5,172.83,FALSE,485,
12-12-2021,AUTOMOTIVE PARTS,365.7,657.8,223.85,N,383.5,
10-04-2021,FURNITURE,217.8,979.1,74.59,0,219.2,
18-09-2020, Apparel,441.7,1229.2,173.8,FALSE,400.6,
19-Feb-22,Furniture,274.9,1102.2,73.6,0,283.2,
27-08-2020,APPAREL,469.1,1214.4,171.36,N,429.9,
16-08-2021,TOYS,332.5,647.2,-,FALSE,333.6,
12-02-2020,sporting goods,null,845.6,130.02,FALSE,443,
05-20-2020,Office Supplies,291.7,912.2,85.35,FALSE,292.8,
24-May-20,FURNITURE,224.3,773.3,74.99,TRUE,203.3,
14-07-2022,Toy,395.6,581.4,233.47,N,378.9,
02-05-2022,Furnture,213.6,1169.9,73.67,0,195.1,
07-06-2022,Grocery,303.1,761.9,105.91,N,274.5,
22-Aug-20,ELECTRONICS,171.8,546.7,44.54,0,156.3,
05-Oct-22,OFFICE SUPPLIES,424.8,742,92.74,No,442.9,
03-03-2021,Clothing,449.4,1269.5,172.05,No,440.1,
16-09-2020,TOYS,314.7,619,236.71,FALSE,321.7,
28-01-2022,"  groceries	",397.9,778.5,105.49,FALSE,417.6,
03-30-2021,automotive parts,334.5,601.3 pcs,218.9,0,333.9,
18-09-2022,Beuaty,406.8,958,163.74,0,null,
06-06-2022, Beauty,417.6,1054.7,157.28,FALSE,398,
25-09-2022,PET SUPPLIES,389.9,737.5,194.32,0,402,
13-12-2021,beauty,284.7,1002,165.43,0,missing,
17-03-2020,BEAUTY,265.5,1154.4,161.16,0,269.3,
06-Jun-22,apparel,381.2,1432,169.85,0,398,
26-05-2022,automotive parts,355.3,518.5,215.75,0,330.3,
10-07-2021,Office Supplies,571.3,816.8,87.33,1,599.4,
24-07-2022,Groceries,288.7,799.3,105.69,0,301.8,
20-11-2022, Apparel,632.8,1411.2,167.96,1,600.6,
09-04-2021,OFFICE SUPPLIES,-,821.3,89.04,0,,
17-04-2020,Pet Supplies ,254.8,776.4,193.34,FALSE,246.4,
05-05-2022,GROCERIES,526.4,745.1,106.27,Y,515.1,
14-09-2020,toys,324.2,627.7,237.66,0,303.8,
16-10-2022,APPAREL,476.5,1348.8,164.6,0,497.6,
18-Mar-21,Grocery,352.2,626.8,107.69,0,317.1,
04-10-2020,Toys,285.4,634.1,231.1,0,266.6,
12-07-2021,Automotive-Parts,330.1,656.9,211.15,0,343.8,
26-06-2021,Furnture,239.8,1018,75.28,0,238.5,
19-04-2022,beauty,400.3,1021.2,166.8,0,389,
02-10-2021,electronics,181.4,463.5,47.52,FALSE,184.1,
29-06-2021,Appearl,386.6,1292,169.46,FALSE,373.4,
26-06-2020,groceries,251.6,612.4,105.64,0,263.7,
11-Sep-21,automotive parts,312.6,683.2,210.92,0,302.6,
05-27-2021,office supplies,379.4,595.1,90.53,0,50.5,
30-09-2020,Sporting_Goods,492.5,-,128.77,0,480.8,
10-Nov-21, Electronics,191.4,409,45.21,0,188,
13-05-2022,office supplies,410.8,680.1,93.71,No,412.7,
10-15-2021,Toy,354.6,622.1,240.82,0,331.9,
10-28-2020,OFFICE SUPPLIES,354.5,832.7,88.9,0,334.1,
13-05-2022,Pet Supplies,324.6,801,195.93,FALSE,296.1,
19-Feb-20,PetSupplies,-257.8,823.7,194.07,0,259.1,
06-11-2020,PetSupplies,345,-777.8,196.85,1,356.6,
17-07-2022,Furnture,325.6,1151.5,74.41,0,295.8,
16-05-2021,Office Supplies,299.8,948.7,83.25,0,301.2,
09-02-2022,Sport Goods,581.1,1395.8,128.26,0,564.1,
03-22-2021,Sporting_Goods,525.7,1350.2,125.68,FALSE,481.4,
28-12-2020,Sporting Goods,433.4,1424.2,128.21,0,427.6,
03-28-2020, Beauty,358.1,1113.5,163.52,No,338.2,
08-07-2022, Office Supplies,349.2,696.2,88.81,0,342.6,
12-28-2021,furniture,286.6,656.8,75.65,FALSE,missing,
04-01-2023,PetSupplies,598.4,659.1,199.77,1,598.6,
01-10-2022,Automotive-Parts,,507.3,209.13,No,307.1,
30-11-2022,"   Apparel	",552.4,1389.6,172.24,FALSE,510.7,
02-06-2021,Furniture,243.8,994.8,75.81,0,221.3,
26-09-2020,"  Sport Goods	",468.7,1385.7,128.33,0,438.9,
23-11-2021,office supplies,392.1,806.6,89.4,FALSE,390.7,
18-Feb-21,Grocery,343,296.9,$108.61,No,348.3,
20-02-2020,Office Supplies,354.9,522.9,88.92,0,371.2,
29-11-2021,apparel,403.9,1309.8,167.95,0,399.7,
28-02-2022,PetSupplies,265,843.3,194.11,0,239.7,
12-08-2021,apparel,-458.3,1262.6,164.67,0,448.6,
24-Jul-21,Sport Goods,506.9,1331.5,128.08,0,508.8,
05-03-2021,Sporting Goods,null,1345.5,125.52,No,999999,
17-09-2022,toys,375.9,614.3,230.41,No,350.3,
15-12-2022,PET SUPPLIES,414.7,679.8,199.25,0,428.2,
26-02-2021,Grocerys,338.6,592.7,103.66,N,324.2,
28-Mar-21,Sport Goods,550.9,1350.3,129,FALSE,566.4,
10-Nov-20, Apparel,443.8,1253.9,165.03,No,450.5,
13-Feb-20,Office Supplies,375.7,904.7,90.49,FALSE,370,
24-06-2022,PET SUPPLIES,375.7,783.8,198.47,No,393,
11-01-2022,Beauty,334.2,1006.3,167.51,0,317.3,
18-01-2020,Automotive Parts,338.1,820.3,Rs.222.14,0,315.7,
02-12-2021, Apparel,499.1,1275.2,170.41,No,520.6,
05-04-2020,Furnture,missing,786.9,75.19,No,NULL,
30-01-2022,Clothing,484.6,1338.5,174.98,0,470.9,
29-07-2022,Apparel,462.3,1418.2,163.54,N,454.7,
05-02-2020,Office Supplies,345.8,900.7,91.35,FALSE,332.6,
03-05-2020,OFFICE SUPPLIES,282.2,892.3,92.15,FALSE,289.6,
07-13-2020, Office Supplies,200.5,907.2,90.62,FALSE,207,
03-29-2022,Toys,283.5,644.4,234.52,0,258.8,
17-Aug-20,Toy,489.3,645.3,241.4,Yes,443.9,
31-01-2022,Pet Supplies,302.2,836.8,194.45,0,290.3,
02-06-2022,furniture,N/A,1105.1,74.82,FALSE,246.8,
02-13-2021,Auto Parts,385.3,632.8,223.29,No,NULL,
17-12-2022,Apparel,529.8,1364.4,165.18,0,488.3,
13-07-2020,beauty,363.3,null,168.55,0,380.2,
04-Jan-21,OFFICE SUPPLIES,323.1,864.1,90.09,0,314.2,
26-10-2022,Beauty,400.7,989.2,Rs.161.44,No,392.2,
01-07-2021,Sport Goods,515.9,1329.3,134.26,0,527.5,
11-07-2021,Toy,344.5,650,228.17,0,347.4,
01-07-2022,Electronis,310.1,281,45.06,FALSE,312.4,
06-05-2021,Groceries ,339.3,652.5,null,0,317.3,
09-05-2020,OfficeSupplies,266.9,903.1,90.18,0,268.9,
06-07-2022,Sporting Goods,531.4,1385.2,121.57,FALSE,487,
09-29-2022,Toy,-554,601.6,241.77,TRUE,519.6,
08-09-2021,AUTOMOTIVE PARTS,254.8,708.6,220.15,No,263.9,
11-12-2021,Auto Parts,326.2,NA,210.53,N,318.7,
20-01-2022,Beauty,412.4,986.2,163.25,0,410.5,
02-Aug-20,furniture,285.3,832.2,73.92,FALSE,297.5,
04-Feb-22,BEAUTY,412.3,1001.7,161.43,0,,
30-12-2021,Electronics,262.2,351.2,47.48,No,275.2,
10-Mar-21,Appearl,438.5,1278.2,169.24,No,409.3,
22-Apr-21,PetSupplies,303.7,834,191.85,FALSE,298.7,
26-09-2020, Beauty,370.6,1068.6,166.43,FALSE,372.7,
05-02-2022,Automotive-Parts,407.6,641.1,218.25,0,422.5,
28-03-2020, Electronics,278.8,488.6,45.74,0,270.4,
01-30-2022,Groceries ,375.3,801.8,108.63,No,383,
19-Jan-22,"  beauty	",345.6,1002.2 pcs,158.46,0,320.2,
13-06-2020, Electronics,223.6,564.7,48.57,N,201.9,
27-04-2020,"   Toys	",211.1,752.6,$242.15,0,209,
15-12-2022,Electronics,287.7,299.2,46.83,N,273.9,
16-12-2021,Electronis,250.4,381.8,48.58,FALSE,258.1,
07-05-2020,SPORTING GOODS,528.4,1359.5,130.53,0,530.2,
18-04-2021,OFFICE SUPPLIES,323.1,905.6,92.12,No,333.2,
26-03-2021,Sporting Goods,536,1347.9,127.2,N,561.6,
02-10-2020, Toys,307.9,630.6 pcs,239.35,0,291.8,
29-03-2020,Appearl,386,1292.3,168.69,No,404.7,
05-10-2020,electronics,105.7,NA,47.31,0,103.7,
05-23-2022,FURNITURE,213.1,1168.5,75.29,0,216.2,
22-01-2022,PET SUPPLIES,350.1,828.2,200.26,FALSE,363.4,
10-05-2022,FURNITURE,,1156.7,75.59,N,999999,
15-02-2021, Electronics,237.1,547.1,46.57,No,244.7,
28-01-2022,Furniture,274.6,1089.6,73.68,FALSE,252.7,
06-03-2021,Groceries,327.3,617.2,103.09,0,306,
13-Jan-22, Electronics,296.3,341.1,46.99,0,280.8,
02-05-2021,PetSupplies,244.9,858.5,NULL,N,250.3,
07-23-2020,Automotive-Parts,276.1,750.4,217.87,FALSE,265.5,
26-Jun-21,Grocerys,300.9,630.1,109.8,0,300,
08-04-2022,automotive parts,missing,585.4,216.24,0,407.5,
04-01-2020,Groceries,261.2,664,109.62,FALSE,274.1,
05-20-2021,FURNITURE,214.5,996.2,74.45,0,197.6,
05-18-2020,Pet Supplies ,192.8,834.8,191.65,FALSE,188.1,
14-09-2022,PetSupplies,352.4,736.7,199.81,No,344.5,
31-08-2020,Grocery,178.2,612.1,107.55,0,181.4,
15-01-2022,AUTOMOTIVE PARTS,370.7,686.5,221.12,FALSE,3731,
14-04-2021,toys,288.6,623.8,234.8,0,260.3,
02-05-2021,Groceries,290.9,646,110.45,N,287.4,
20-07-2022, Apparel,446.7,1435.9,174.6,0,437.8,
21-Aug-20,OFFICE SUPPLIES,370.6,846.1,88.63,FALSE,356.8,
06-10-2021,pet supplies,349.9,826.3,201.47,FALSE,359.9,
22-09-2020,GROCERIES,179.8,625.9,109.21,0,188.6,
28-Mar-22,automotive parts,507,579.2,215.02,1,475.7,
19-Jan-20,Furniture ,241.4,770.2,72.3,0,233.8,
06-09-2022,TOYS,382,564.1,236.91,FALSE,350.1,
24-04-2022,Sporting Goods,603.5,1414.7,$130.02,0,546.6,
17-07-2020,FURNITURE,288.2,819.2,73.65,FALSE,260,
09-01-2020,Pet Supplies ,308.6,768.5,196.38,0,318.5,
24-07-2022,SPORTING GOODS,571.7,1398.1,133.08,0,533,
10-19-2022,Toys,360.2,602.8,233.41,FALSE,371.3,
18-Oct-21,Furnture,355.9,1013.7,75.3,0,336.6,
28-01-2021,pet supplies,303.6,809.7,196.64,FALSE,300.8,
27-07-2020,OFFICE SUPPLIES,257.8,879.3,85.11,0,270,
04-19-2022,sporting goods,-,1438.1,128.72,0,571.4,
02-03-2021,furniture,210.4,933.6,$73.85,0,200.9,
22-12-2020,APPAREL,423,1283,167.51,0,404.7,
18-01-2021,toys,236.4,631.8,243.81,N,246.4,
24-11-2020,Toy,251.8,611.7,234.08,0,242.1,
15-10-2020,Beauty,408.2,1059.1,166.05,0,422.3,
20-04-2021,Groceries,257.1,643.3,102.28,FALSE,236.5,
16-01-2020,BEAUTY,310.2,1021.9,158.41,No,,
21-01-2021, Toys,268.7,631.7,240.9,No,N/A,
05-14-2022,Automotive-Parts,378.6,521,214.33,0,387.1,
17-Nov-22,Electronics,281.6,285.3,45.96,FALSE,273.8,
31-07-2021,Furnture,323.6,997.4,73.76,0,319.8,
05-01-2021,Electronis,208.6,558.5,missing,FALSE,191.5,
23-04-2020,Grocerys,752,616,104.14,0,263,
12-04-2020,sporting goods,-538.9,null,127.54,0,494.1,
08-08-2022,Furnture,341.9,1130.3,73.27,0,330.1,
04-19-2020,sporting goods,503.6,1367.4,NA,0,,
02-01-2022,Toy,271.2,675.9,null,0,275.4,
24-Dec-22, Beauty,418,999999,Rs.163.52,N,384.3,
07-Aug-21,Auto Parts,260.6,682.8,219.17,0,260,
12-26-2022,Apparel,632.4,1358.9,166.72,1,615.1,
03-05-2021,Pet Supplies,224.7,862.1,191.36,N,NULL,
17-Oct-20,Toy,296.2,627.2,242.46,No,291.8,
19-11-2021,Automotive-Parts,353.5,?,$221.94,N,349.3,
01-03-2020,BEAUTY,330,1091.2,165.4,0,321.1,
14-04-2021,Auto Parts,353.9,590.1,223.97,0,354.2,
30-01-2020,FURNITURE,237.4,763.7,$74.11,0,245.8,
10-20-2020,Furnture,349.5,780.5,73.91,FALSE,345.7,
05-11-2021,sporting goods,553.6,1393.2,129.19,No,575.1,
03-04-2021,"  Toys	",285.3,626.4,239.71,0,N/A,
17-07-2021,Pet Supplies ,307.3,799.3,195.26,0,279.7,
09-06-2020,AUTOMOTIVE PARTS,252.8,892.6,215.92,0,238.8,
09-19-2022,Clothing,467.8,1361.2,167.3,No,445.1,
04-09-2022,Electronics,229.9,284,47.01,0,224.4,
03-12-2020,office supplies,408.7,829.6,missing,0,405.3,
21-May-21,Pet Supplies ,290.8,879.3,202.54,0,268.4,
11-02-2020,Sporting Goods,602.1,1437,132.56,1,624.6,
14-03-2021, Office Supplies,340.8,864.2,91.91,0,344,
08-01-2020,BEAUTY,405.5,1080.9,167.97,N,393.4,
20-07-2021,OfficeSupplies,277.5,?,$89.95,0,262.9,
21-02-2022,Beuaty,347.1,1035.3,166.03,0,323.6,
18-10-2021,Toys,313.7,623,227.04,FALSE,320.8,
03-09-2020,ELECTRONICS,401.9,557.9,46.34,N,168.1,
14-06-2022,Sporting Goods,NA,1412.4,130.63,FALSE,533,
11-01-2022, Electronics,206.9,299.1,47.65,0,203.5,
09-09-2021,office supplies,357.5,821.7,Rs.89.62,No,346.2,
11-02-2022,TOYS,345.7,590.7,236.26,N,326.3,
13-06-2020,Furniture ,289.9,779.8,77.71,Yes,281.6,
01-23-2021,furniture,295.1,577.8,73.91,N,43.8,
26-04-2021,Electronis,287.4,478,47.58,0,2767,
06-06-2020,Appearl,388.9,1317.4,167.84,0,386.5,
12-May-22,Sporting Goods,613.5,1409.8,127.1,0,591.9,
21-06-2021,Apparel,357,null,171.88,N,346.1,
25-07-2020,Furnture,287.3,844.9,74.61,0,275.8,
22-03-2020,Electronic,237.7,515.3,47.04,0,242.8,
11-01-2020,Toy,232.8,786.3,233.61,N,235.8,
18-12-2022,Toys,291.9,585.6,243.27,FALSE,282.3,
19-10-2020,SPORTING GOODS,496.6,1422.9,125.66,1,480,
10-06-2022,"   Beauty	",494.4,1023.7,164.88,0,488.4,
07-18-2021,Automotive Parts,329.9,670,209.51,1,337.4,
11-02-2022,Groceries,610.6,781.9,108.4,1,589,
10-Feb-20, Office Supplies,314.7,923.8,88.7,0,294.8,
28-Dec-20,Beuaty,445.7,1046,164.3,1,431.6,
12-11-2022,toys,326.7,571.3,228.58,No,302.7,
21-Apr-20, Toys,248.8,740.9,237.35,0,251.1,
11-11-2021,automotive parts,469.5,644.1,210.21,TRUE,435.2,
25-Apr-21, Electronics,288.8,475.7,46.64,No,280.2,
09-Sep-22,Electronic,259.5,193.7,45.11,0,245.2,
09-20-2021,Groceries,256.1,809.5,103.34,0,258.1,
03-03-2021,Sporting Goods,487.1,1365.9,132.52,N,482.6,
29-10-2021,toys,347.4,621.5,228.8,N,346.8,
29-05-2021,Groceries,313.1,681.1,110.43,FALSE,293.7,
13-02-2021,electronics,468.9,530.5,45.75,1,472.9,
14-03-2022,toys,250.9,662.9,246.25,0,256.1,
20-06-2020,beauty,382.8,1131.7,164.99,0,365.4,
23-05-2022,PET SUPPLIES,278.0 units,833.4,195.43,0,284.4,
14-07-2020,Electronic,171.3,552.4,45.82,0,164.4,
16-11-2021,AUTOMOTIVE PARTS,308.3,663.7,213.76,0,290.7,
05-31-2022,toys,331.8,573.1,235.17,No,305.3,
25-02-2020,Pet Supplies ,252.1,826.2,Rs.199.54,N,247.8,
14-12-2021,OfficeSupplies,-,788.2,91.34,FALSE,377.3,
29-11-2021,Toy,300.3,672.8,241.52,N,302.5,
28-08-2020,BEAUTY,404.9,1059.7,167.44,0,374.6,
21-07-2020,AUTOMOTIVE PARTS,N/A,778.2 pcs,214.33,0,195.8,
29-07-2022,Groceries,348,779,103.5,N,354.4,
10-07-2021,Grocery,315.2,-790.5,107.16,N,322.4,
14-10-2022,SPORTING GOODS,614.1,1418.7,129.28,0,595.1,
10-17-2020,Electronic,166.1,489.8,46.22,0,172.3,
28-09-2021,Automotive-Parts,284,703.2,211.49,No,294,
27-Jan-20,FURNITURE,239.5,766.3,75.13,0,NULL,
13-09-2020,Electronis,126.4,562.2,47.37,0,120.9,
12-02-2020,beauty,459.3,1049.3,160.17,Y,473.9,
07-12-2021,beauty,332.9,979.5,170.97,0,312.6,
04-07-2021,Electronic,493,462.5,46.49,1,489.4,
09-02-2021,Furnture,256,891.3,77.19,N,233.5,
09-Sep-22, Office Supplies,427.2,741.5,92.32,N,399.7,
25-02-2021,"  APPAREL	",435.5,1279.4,170.74,N,403.5,
10-12-2022,Appearl,NA,1377.5,171.01,No,580.6,
05-29-2021,TOYS,334.4,633,226.52,FALSE,331.8,
06-11-2021,Beauty,508,988.4,163.77,1,515.3,
20-11-2020,apparel,496.3,1249.7,167.05,0,462.5,
30-Aug-22,"  Sporting_Goods	",471.1,1463.6,127.34,N,439.8,
21-03-2020, Electronics,-274.1,499.9,missing,0,260.5,
27-09-2022,pet supplies,329.3,753.9,188.6,0,314.4,
16-06-2022, Apparel,462.4,1416.4,171.07,0,483.2,
17-03-2020,GROCERIES,241.6,654.2,107.86,N,218.2,
26-May-20,Automotive-Parts,301.6,844.7,$222.21,0,271.6,
22-08-2021,"  Furnture	",333.3,969,74.43,0,344.5,
05-03-2020,SPORTING GOODS,544.4,999999,129.05,No,509.7,
30-07-2020,Grocery,245.1,575.5,106.42,0,222.9,
13-04-2020,Pet Supplies,193.5,793.1,198.54,0,199.9,
16-01-2022,Toys,NA,689.2,230.35,1,381.9,
29-06-2021,Toys,299.9,648.4,234.6,0,297.9,
23-04-2022,groceries,352.9,758.3,Rs.101.01,0,326.4,
16-Jul-21, Beauty,416.2,1015.4,170.4,N,,
03-07-2020,groceries,249.4,624.5,106.19,FALSE,243.1,
01-22-2022,electronics,295.1,348.9,46.07,0,270.4,
15-06-2020,"  BEAUTY	",371,1134.3,166.97,No,335.4,
02-04-2022,Electronics,357,null,47.37,0,360,
20-12-2022, Office Supplies,459.7,718.7,90.78,0,455.3,
27-03-2021,APPAREL,462.3,1276.2,166.23,0,467.7,
10-27-2022,Groceries,missing,774,105.81,0,353.4,
01-12-2022, Office Supplies,455.6,395,90.05,0,442.1,
30-12-2022,Apparel,542.6,1349,null,0,510.2,
13-11-2021, Electronics,209.6,401.9,48.03,0,211.7,
10-18-2022,"  BEAUTY	",361.3,987.2,165.1,0,370.9,
28-06-2021,OFFICE SUPPLIES,264.8,909.9,89.23,0,262.7,
14-08-2021,Furniture ,425,990.8,missing,1,436.2,
27-02-2020,automotive parts,999999,784.3,216.04,No,350.4,
03-04-2020,Automotive Parts,342.6,786.3,211.46,N,319.3,
30-08-2022,pet supplies,343.6,749.6,196.66,N,337.4,
06-29-2020,office supplies,275.9,913.4,90.29,1,269.2,
01-08-2020,SPORTING GOODS,542.4,1352.5,126.94,FALSE,493.5,
05-Feb-21,Toys,263.1,600.4,231.13,No,254.6,
21-03-2022,Grocerys,313.4,779.2,107.76,N,320.4,
18-Jul-22,sporting goods,539.9,1390.7,127.37,No,543.8,
05-10-2021,Beuaty,413,992.9,163.96,FALSE,403.2,
31-Dec-22,TOYS,311.6,577.3,241.85,0,294.4,
24-08-2022,PET SUPPLIES,383.4,739,192.96,FALSE,358.5,
19-Sep-21,SPORTING GOODS,456.2,1407.6,126.37,0,454.7,
02-03-2021,Electronic,273.8,missing,45.79,0,269.8,
04-Mar-21,office supplies,448,867.8,90.01,0,422.7,
04-17-2021,AUTOMOTIVE PARTS,350.9,605.4,217.39,0,352.6,
10-Oct-21, Office Supplies,369.8,823.9,89.86,N,343.6,
22-03-2022,Toy,256.2,652.9,234.72,0,256,
24-Mar-22,Automotive Parts,437.5,570.2,217.74,0,395.1,
18-09-2021,Grocerys,297.4,795.9,106.26,0,287.5,
08-Jun-22,Grocery,339.8,756.2,106.02,FALSE,351,
12-04-2021,"  Groceries 	",244.4,634.6,108.76,N,234.3,
09-11-2021,Groceries,287.4,814.5,111.11,0,271.7,
11-03-2022,"  AUTOMOTIVE PARTS	",409.4,591.7,208.96,FALSE,395.9,
07-08-2021,apparel,395.4,1287.9,168.91,0,371,
06-01-2021,"  Sporting_Goods	",484.4,1402.9,126.33,0,487.5,
10-05-2020,"  FURNITURE	",329.6,781.3,73.51,No,313.9,
01-02-2022,OFFICE SUPPLIES,424.6,768.4,90.95,FALSE,405.2,
30-03-2022,apparel,408.6,1353.1,170.11,0,415.5,
20-08-2021,Toys,381.9,623.7,234.69,0,349.5,
18-Aug-22,TOYS,396.5,584.1,$237.08,0,360.5,
21-07-2021,Sporting_Goods,539.3,1322.5,129.58,0,526.1,
05-31-2022,Groceries ,287.6,768.3,108.44,0,261.5,
29-Dec-22, Toys,351.3,554.6,999999,0,319.9,
19-07-2022,SPORTING GOODS,488.6,1398.7,$128.87,0,463,
15-07-2020,Beauty,392,1093.6,169.2,0,407.7,
07-04-2021,Clothing,448.1 units,1280.9,168.68,FALSE,421.2,
09-22-2020,AUTOMOTIVE PARTS,262.9,736.8,219.17,0,260.5,
16-Apr-21,"  Appearl	",415.9,1306.4,-,N,403.2,
08-02-2020,furniture,198.9,793.3,74.04,No,180.5,
29-09-2022,Apparel,751.8,-,169.6,Y,687.2,
04-Jan-21,PetSupplies,294.8,829.1,Rs.203.23,FALSE,280.2,
31-Oct-22,"  sporting goods	",500.2,1457.1,125.58,No,488.7,
13-Oct-20,"  PetSupplies	",321.3,804.2 pcs,197.63,0,335,
05-07-2020,PET SUPPLIES,267.3,824,201.1,0,270.8,
09-10-2022,Groceries ,349.5,789.2,109.74,N,365,
28-Jan-21,Electronics,-,535.3,48.21,No,289.8,
31-Dec-20, Toys,282.7,620.6,243.64,FALSE,295.3,
04-Sep-20,FURNITURE,344.4,809.4,75.9,0,331.2,
03-01-2023,pet supplies,333.5,672.6,198.45,0,335.3,
04-Apr-22,Furnture,236.2,1130.9,74.43,N,217.8,
04-Oct-20,Auto Parts,244,746.8,216.9,0,241.6,
03-11-2021,Sporting_Goods,N/A,1408.8,126.76,No,461.5,
04-21-2022,Office Supplies,393.4,714.2,89.3,FALSE,409.9,
08-02-2020,"  office supplies	",357.9,912.2,$89.23,FALSE,373.5,
01-11-2021,apparel,477.4,1321.1,175.93,0,441.9,
08-02-2022,Appearl,435.4,1413.9,172.15,No,449.1,
09-25-2021,Grocery,281,799.7,106.59,FALSE,null,
08-03-2022,FURNITURE,999999,1122.6,N/A,0,2219,
24-01-2020,ELECTRONICS,999999,518.4,46.62,0,207.8,
20-02-2020,Toys,255.3,779.2,233.31,0,235.5,
12-Dec-20,Clothing,436,1252.9,173.65,FALSE,409.3,
16-10-2021,"  GROCERIES	",323.7,820.7,110.66,No,300.6,
01-Sep-22, Beauty,428.3,954.2,161.01,0,404.9,
12-24-2020,OFFICE SUPPLIES,435.2,-832.3,NULL,FALSE,415.5,
02-15-2020, Apparel,431,1235,166.85,0,450.8,
15-08-2022,toys,331.4,603.6,238.58,0,333.8,
03-Dec-21,Sporting_Goods,544.4,1413.9,124.75,0,521.9,
08-07-2021,Beuaty,436.9,1021.8,169.36,FALSE,393.3,
03-Nov-20,automotive parts,279.4,667.7 pcs,218.51,FALSE,259.2,
05-Mar-21,Clothing,618.1,1269.8,NULL,TRUE,607.4,
30-09-2021,pet supplies,412.7,784.8,200.21,N,400.1,
07-12-2021,TOYS,320.4,664.8,229.47,N,306.1,
03-03-2021, Beauty,371.7,981.6,170.25,N,345.5,
12-07-2022,GROCERIES,271.6,791.9,108.42,FALSE,249.9,
03-06-2020,Pet Supplies ,233.9,839.3,196.27,No,215.7,
22-10-2022,Electronic,245.2,294.9,47.93,0,243.8,
08-21-2020,GROCERIES,-261.6,609.1,105.32,No,251.4,
06-07-2022,BEAUTY,481.1,983.5,163.74,No,NULL,
11-04-2021,"  Apparel	",510.5,1303.9,176.17,0,534.3,
12-11-2020,BEAUTY,381.9,1087.6,164.04,0,380.7,
31-08-2020,TOYS,307.1,649.2,245.1,No,307.2,
10-Oct-20,Sport Goods,492.8,1380.5,130.21,0,-,
26-06-2020,Sport Goods,613.2,1327.1,124.36,0,631.4,
08-04-2022,Sporting_Goods,601.3,1409.7,126.98,0,561.6,
20-Jan-20, Toys,229.6,N/A,236.22,0,220.1,
11-28-2021,beauty,335,991,162.11,0,314.8,
17-06-2020,Sport Goods,549.1,1337.1,128.32,FALSE,526,
11-03-2021,Electronics,321.9,486.7,47.02,0,305.5,
06-01-2022,PET SUPPLIES,366.8,826.1,NA,0,334.9,
16-09-2021,PET SUPPLIES,1283.8,778.6,195.01,0,N/A,
13-04-2022,BEAUTY,630.1,1007.8,165.72,Yes,595.5,
09-04-2021, Beauty,436.8,972.2,missing,0,426.2,
03-20-2022,Toy,-,647,233.95,0,254.4,
12-08-2020,Electronics,-,355.4,45.19,No,142.6,
04-07-2022,TOYS,999999,594,236.2,0,330.1,
19-08-2022,"  BEAUTY	",489.1,939.9,161.86,FALSE,480.2,
19-05-2020,Pet Supplies ,302.8,832.4,203.4,Yes,284.8,
11-02-2020,furniture,342.2,781.4,76.62,0,320.2,
25-04-2022,Furniture,238.3,1201.5,73.25,1,235.4,
07-Sep-21,pet supplies,322.6,792.3,194.9,N,332.2,
27-Sep-22,Electronic,216.6,274.4,46.04,0,224.6,
08-25-2021,"  AUTOMOTIVE PARTS	",269.7,690.6,217.31,N,252.5,
08-Jun-22,Toys,328.6,572.1,244.25,N,323.6,
13-05-2020,apparel,569.7,1315.1,164.62,1,525.6,
05-11-2022,sporting goods,552,1466.5,128.15,0,518.8,
31-10-2022,AUTOMOTIVE PARTS,340.4,501.1,215.1,FALSE,312.8,
13-01-2022,sporting goods,561.2,1395.2,125.49,0,558.9,
06-22-2020,Furnture,213.7,798.1,75.35,0,211.7,
19-06-2021,Beauty,409.7,1008.3,168.96,0,404.1,
21-Jan-20,groceries,236.6,697.6,107.5,0,214.9,
01-17-2021,"  Beuaty	",305.1,1023,160.49,0,291.5,
11-04-2020,TOYS,287.7,609.3,235.49,0,NA,
21-01-2020,automotive parts,331.1,805,210.49,0,334.6,
12-05-2021, Electronics,318.6,394.1,46.05,TRUE,3148,
04-29-2020,automotive parts,324,816.3,212.94,N,311.4,
11-11-2022,BEAUTY,444.3,971.5,-,No,462.8,
07-30-2021,Automotive Parts,280.2,660.9,207.36,0,263.4,
13-02-2021,Grocerys,315.2,999999,109.07,No,289,
12-16-2020,OfficeSupplies,393.5,843.4,89.75,0,362.3,
04-24-2021,PET SUPPLIES,253.1,847.6,200.69,0,248.5,
09-28-2022,automotive parts,491.4,null,212.96,TRUE,450.3,
11-08-2022,SPORTING GOODS,560.6,1436.6,129.33,FALSE,569.6,
02-17-2021,"  Electronic	",289.6,520,47.34,No,271.3,
15-Jun-21,Pet Supplies ,262,830,195.51,N,263.2,
13-10-2022,ELECTRONICS,262.2,153.5,45.7,No,258.6,
05-09-2022,Sport Goods,2191.5,1426.9,N/A,0,604.6,
09-08-2022,Groceries,272.5,776.4,Rs.109.59,0,253.4,
30-Jan-20,Pet Supplies,299.3,828.6,-,0,270.9,
11-10-2021,Furniture ,384.5,989.5,74.42,0,377.2,
28-Apr-20,Beuaty,393.6,1062.8,165.65,0,365.7,
09-08-2021,Appearl,N/A,1302.3,167.03,N,336.4,
14-Dec-22,PET SUPPLIES,370.2,687.2,199.26,0,364.5,
05-Nov-21,Apparel,483.2,1302.6,172.32,0,449.9,
28-05-2022,sporting goods,806.1,1416.3,129.42,1,783.4,
02-02-2020,sporting goods,510.2,N/A,126,0,503.4,
24-Sep-21,Grocerys,302.6,797.8,108.13,FALSE,312.7,
09-27-2022,Apparel,452.1,1361.1,169.34,FALSE,457.2,
16-Apr-20,office supplies,304.4,896.4,88.99,0,286.3,
15-Feb-21,automotive parts,343,640,217.94,0,339.8,
02-12-2021,Beuaty,381.1,966.9,164.07,N,399.4,
25-05-2020,TOYS,NULL,724.6,236.18,0,294.3,
07-06-2021,PetSupplies,235.5,543.4,187.24,FALSE,29.7,
27-09-2021,Clothing,463,1333.1,172.13,0,421.5,
08-09-2020,Toys,321.8,658.6,241.97,0,316.1,
25-11-2022,groceries,422.3 units,763.4,106.42,0,missing,
16-05-2021,"  Toy	",-310.7,-646.2,238.23,N,297.7,
01-16-2022,"  Sporting_Goods	",481.2,1409.6,129.95,0,455.7,
01-08-2022,OfficeSupplies,-,405.3,89.88,0,469.7,
30-12-2022,beauty,565.5,976.5,158.54,1,534.9,
03-24-2020,furniture,160.1,772,75.89,0,146,
09-22-2022,Pet Supplies,414.4,720.8,199.18,N,380.4,
08-07-2020,SPORTING GOODS,602.4,1385.5,122.9,1,563.6,
02-16-2021, Beauty,296.3,966.1,163.54,0,274.4,
01-04-2023, Beauty,419,?,167.47,0,438.4,
19-11-2021,OfficeSupplies,443.1,790.6,89.36,N,416.2,
28-08-2022,Apparel,472.6,-1403.2,168.42,0,466.1,
10-06-2020,GROCERIES,222.8,608.9,104.54,0,-,
07-01-2022,"  BEAUTY	",420.8,976.8,166.53,0,440.9,
29-May-20,OfficeSupplies,304.3,894,91.67,0,292.1,
08-27-2021,ELECTRONICS,226.9,490.4,46.95,0,205.3,
07-05-2020,APPAREL,665.8,1301.3,169.57,Yes,624.1,
23-05-2021,electronics,353.6,521.2,47.38,1,325.9,
24-10-2021,Sporting_Goods,459.4,1409.6,132.31,No,464.1,
25-11-2020,OfficeSupplies,387,832.3,90.6,No,398.2,
30-07-2020, Office Supplies,456,877.5,92.01,TRUE,443.9,
20-Sep-21,beauty,377.7,1019.1,172.65,0,364.2,
04-09-2020,AUTOMOTIVE PARTS,302.8,782.8,221.74,0,280.6,
30-08-2022,Groceries,1210.2,794.1,108.7,No,257.9,
03-03-2020,OFFICE SUPPLIES,291.9,927,89.37,FALSE,285.5,
23-04-2020,OfficeSupplies,338.3,890.1,90.6,0,316.4,
17-Oct-22,PetSupplies,588.1,740.4,$204.08,Y,548.7,
31-12-2022, Apparel,499.9,1361,173.43,0,464.6,
01-Jan-20,Appearl,453.9,719,168.09,0,426.4,
30-08-2020,Auto Parts,260.1,750.1,219.13,FALSE,246.5,
19-09-2022, Office Supplies,347.4,728.3,90.58,FALSE,358.2,
24-11-2022,sporting goods,580.1,1464.8,125.19,0,530.6,
16-09-2020,furniture,358.6,813.1,75.52,N,372.3,
13-Jul-21,APPAREL,414.3,1300.1,174.03,0,388.9,
21-08-2021,GROCERIES,311.9,722.2,NA,N,292.2,
16-01-2020,pet supplies,293.6 units,812.3,201.35,0,265,
01-25-2022,Groceries ,347.6,777.4,108.87,No,360,
03-May-21,groceries,267.3,654.9,107.31,No,241.7,
18-01-2021,beauty,322.5,1020.2,164.12,0,304.2,
02-Dec-21,Toys,324.2,657.9,237.39,0,297.7,
30-01-2022,Automotive-Parts,361.8,645.8,223.47,0,332.1,
11-07-2021,BEAUTY,376.2,1022.2,167.23,N,359.2,
21-Mar-21,AUTOMOTIVE PARTS,349.4,missing,223.67,0,345.2,
04-05-2020,beauty,355.9,1096.1,164.29,No,359,
08-05-2022,OFFICE SUPPLIES,332,702.1,90.41,No,305.6,
17-May-21,Furnture,310.2,1009.7,74.94,1,311.8,
01-16-2022,PET SUPPLIES,344.8,832.6,194.91,0,353.8,
14-04-2022,Automotive Parts,380.9,593.5,213.04,0,347.6,
13-11-2021,apparel,477.9,1291.7,168.36,FALSE,480.9,
19-04-2021,Beauty,-394.2,-,164.97,FALSE,378.1,
06-09-2021,"  office supplies	",327.2,923.7,89.15,0,330.7,
17-01-2021,GROCERIES,297.7,546.7,107.59,0,281.5,
08-12-2021,groceries,322.7,806.3,106.64,0,318.6,
06-02-2020,Beauty,374.3,1102.7,160.69,0,361,
02-08-2021,Beuaty,412.4,1051.8,,0,425.8,
21-07-2020,OfficeSupplies,238.2,891.2,91.11,0,238.3,
23-06-2022,Beauty,499.8,1010.9,162.84,0,507.6,
08-12-2021,automotive parts,320.7,663.1,-,N,306.7,
16-02-2022,Pet Supplies ,317,834.7,199.18,0,311.8,
13-11-2020,"  apparel	",493.9,1240.9,170.16,0,502.2,
11-15-2022,Electronics,237.4,313.2,47.52,0,245.1,
21-05-2022, Toys,?,575.1,229.88,0,347.3,
11-08-2020, Beauty,337.1,1086.7,165.55,0,304.6,
06-09-2020, Toys,293,633.7,237.22,0,280.7,
02-Jan-23,Electronic,302.7,270.6,$48.03,0,279.2,
01-12-2022,automotive parts,381.8,680.7,N/A,0,346.6,
29-04-2022,electronics,373.3,281.4,50.07,0,387.9,
19-01-2022,GROCERIES,369.7,781.7,109.87,0,385.2,
19-05-2021,furniture,206.8,997.7,76.22,0,210.3,
27-Oct-20,Sport Goods,454.5,1412.5,127.69,FALSE,427,
20-08-2022,beauty,451.2,955.4,165.17,0,418.1,
22-03-2021,Electronic,289,484.6,47.94,FALSE,281.6,
21-06-2022,SPORTING GOODS,521.3,1411.5,Rs.120.82,0,503.3,
28-06-2021,beauty,404.8,1003.9,158.44,FALSE,416.8,
09-01-2021,Pet Supplies,null,825.3,197.38,0,307.3,
28-06-2022,TOYS,345.5,567.1,242.56,0,341.4,
17-12-2022,Automotive Parts,,490,212.68,0,373.8,
03-07-2020,Apparel,-445.3,1228.7,166.52,0,465.6,
22-06-2022,Electronis,432.2,303.6,47.41,1,425.1,
14-10-2022, Toys,388.9,611.7,231.83,0,372.1,
06-09-2021,AUTOMOTIVE PARTS,268.8,706.3,219.84,0,251.8,
09-05-2020,Appearl,421.9,1291.7,170.86,0,410,
30-08-2021,Furniture,1127.2,980,76.68,FALSE,326.4,
01-12-2021,APPAREL,525.1,1270.7,173.98,No,533.6,
23-Feb-21,Beauty,NULL,960.5,164.96,TRUE,521.7,
27-01-2020,PET SUPPLIES,230.2,850.8,194.86,0,231.7,
03-03-2022,Pet Supplies,415.3,810.5,197.5,1,390,
25-09-2020,Electronis,161.4,535.2,45.67,0,159.7,
11-26-2020,Toys,284.5,611.6,232.9,0,289.3,
08-02-2021, Beauty,280.4,993.6,-,FALSE,283.2,
12-18-2020,AUTOMOTIVE PARTS,352.4,581.6,214.05,0,324.9,
23-04-2020,"  BEAUTY	",615.3,1077.7,163.54,1,587.5,
20-Apr-22,Toy,323.7,636.2,239.02,0,325.6,
04-Sep-20,beauty,400.3,1061.8,169.08,0,413.8,
25-11-2021,BEAUTY,415.1,971.8,166.62,FALSE,430.2,
06-Jun-22,sporting goods,569.9,1410.4,128.48,0,570,
04-01-2021,"  Electronics	",322.5,452.4,46.48,0,303.2,
30-Oct-20,TOYS,332.8,628.1 pcs,235.4,FALSE,-,
12-Dec-21,PET SUPPLIES,328.6,827.4,202.12,FALSE,314.1,
03-09-2022,Sport Goods,556.9,1145,127.09,N,526.9,
06-05-2021,Electronics,312.2,362.7,46.29,FALSE,327.3,
18-03-2021, Office Supplies,388.5,857.2,89.01,N,403.7,
25-01-2022, Electronics,272.4,338.9,45.17,0,284.6,
27-04-2021,Electronics,276.8,499.9,47.13,0,284.5,
13-10-2022,Automotive-Parts,348.4,494.5,$218.06,FALSE,322.4,
06-06-2022,groceries,460,753.1,106.06,Yes,432.3,
03-03-2020,Toy,208.1,790.3,245.08,No,214.7,
02-12-2021,PetSupplies,330.4,815.3,197.05,0,326.3,
16-06-2021,Beuaty,431.2,989.7,169.63,0,406,
14-Aug-21,Sport Goods,2181.3,1342.1,128.32,FALSE,516,
06-25-2020,Groceries,999999,623.8,107.51,1,331.9,
07-11-2020,"  automotive parts	",286.3,664.2,221.77,0,284.2,
10-09-2021,"  APPAREL	",669.6,1305.7,170.15,1,670.4,
11-12-2021,Grocery,349.9,808.2,109.95,0,?,
23-03-2022,furniture,208.1,1130.8,74.37,N,202.6,
24-02-2021,office supplies,390.2,882.5,92.26,0,405.8,
08-Nov-20,Electronic,187.6,528.2,46.88,TRUE,172.2,
11-15-2022,"  sporting goods	",465,1484.4,127.98,0,440.5,
03-14-2020,APPAREL,442,1232.3,Rs.171.75,N,404.4,
05-08-2022,Beauty,487.7,938.3,162.36,0,465.9,
16-03-2022,Electronic,335.9,322.8,46.86,0,322.7,
16-May-21,sporting goods,536.4,1338.1,Rs.126.38,0,552.6,
17-07-2021,Beuaty,455.6,1004.5,162.21,No,470.7,
16-Nov-20,Sporting Goods,428.6,1424,127.41,0,397.1,
11-11-2022,sporting goods,510.7,1475.9,129.2,0,460.9,
27-01-2020,Electronics,197.4,519.4,46.8,0,187.8,
06-03-2020,electronics,264.8,501.3,47.96,0,266.5,
02-06-2021,Auto Parts,288.5,691.8,219.06,0,288.4,
27-03-2020,OfficeSupplies,350.4,861.3,missing,N,331.6,
07-03-2022,TOYS,342.1,594,238.47,N,328.3,
05-07-2021,TOYS,1423.7,642.1,235.7,0,315.6,
28-Jun-20,beauty,364.1,560.6,162.68,FALSE,364.7,
15-11-2020,Automotive Parts,282.4,658.4,214.04,FALSE,262.5,
03-13-2021,FURNITURE,193.6,937.5,76.24,0,182.5,
25-Mar-22,beauty,688.8,997.1,166.42,Y,622,
17-12-2022,Office Supplies,515.3,720.7,88.15,0,539.5,
24-01-2020,Grocerys,302.6,663,108.99,0,286.7,
01-03-2022,pet supplies,266.4,840.5,200.14,0,missing,
27-03-2020,SPORTING GOODS,792.5,1373,128.39,1,812.5,
02-10-2020,BEAUTY,265.6,1050.7,156.67,No,274.9,
07-16-2020,toys,340.7,644.4,228.51,0,336.7,
06-02-2020,PetSupplies,292.2,819.9,194.81,0,270.5,
09-02-2021,Electronis,244.5,545.5,46.93,0,223,
17-10-2021,Auto Parts,272.8,677.7,218.81,FALSE,260.2,
06-11-2020,"  FURNITURE	",369,774.5,76.13,No,348.4,
18-Oct-21,"  OFFICE SUPPLIES	",367.3,855.5,88.12,FALSE,350.7,
28-09-2021,Toy,405,656.2,237.16,Yes,368.2,
03-Jul-21,Furniture,300.6,1016.5,75.92,0,294.8,
10-01-2021,Sporting Goods,480.8,1412.6,125.22,0,497.6,
03-01-2020,Office Supplies,NA,855.6,88.42,No,443.7,
29-01-2021,automotive parts,1065.1,590.6,221.3,FALSE,389.6,
14-Nov-22,Electronics,210,314,46.8,0,199,
11-23-2020,apparel,436.8,1265.4,170.27,0,449,
22-12-2021,BEAUTY,NULL,993.7,167.57,FALSE,324.4,
06-Nov-20,beauty,368.2,1091.7,null,FALSE,369.7,
22-07-2021,Automotive-Parts,258.9,678.1,213.5,0,264.4,
08-01-2021,Grocery,219.2,700.5,109.52,0,217.9,
06-Feb-20,Sporting_Goods,511.1,1434.4,127.43,0,476.5,
19-11-2020,Grocery,312.6,567.5,N/A,No,295,
14-04-2022,Grocery,378.2,NA,106.84,0,999999,
12-01-2022,Electronics,263.4,296.1,NULL,FALSE,239.8,
20-03-2022,APPAREL,460.5,1331.9,166.89,FALSE,462.6,
10-04-2020,Sporting Goods,missing,1356.8,127.45,0,479.3,
27-Apr-22,Furniture ,245.1,1172.5,73.33,N,244.3,
19-09-2020,automotive parts,245.8,-,223.12,N,235.5,
16-03-2020,Auto Parts,N/A,772.2,216.83,0,272.1,
08-23-2021,furniture,N/A,-,75.81,No,318.3,
25-11-2021,Sporting Goods,?,1425.5,125.27,0,N/A,
16-04-2022,"  Furniture	",N/A,1142.1,76.03,0,215.1,
08-11-2021,Auto Parts,443,659.3,217.77,TRUE,427.2,
27-10-2021, Electronics,192.4,-,46.57,FALSE,196.8,
10-09-2020,Pet Supplies,344.9,766.6,198.66,0,316.3,
07-Jan-20,apparel,420.4,1215,170.28,FALSE,403.3,
15-Aug-20, Toys,343.5,646.6,234.1,No,?,
04-05-2022,AUTOMOTIVE PARTS,337.6,543.4,217.15,No,321,
27-01-2022,electronics,337.8,322.9,45.28,0,326.7,
06-13-2022,OFFICE SUPPLIES,330.8,719.4,$91.14,0,301.5,
14-Nov-21,Beauty,475.6,1008.1,167.52,1,446.4,
13-02-2022,TOYS,277.5,683.6,233.61,0,278.9,
18-02-2021,APPAREL,469.6,1260.5,172.14,0,427.4,
03-04-2021,beauty,364.6,983.9,165.03,0,360.9,
04-03-2021,Pet Supplies,303.1,819.9,197.66,0,308.7,
06-04-2020,furniture,NULL,786.6,73.63,0,157.7,
04-04-2021,Office Supplies,370.2,865.4,NULL,0,356.3,
10-04-2021,Automotive Parts,345.6,613,216.78,No,316.3,
17-May-20,Furniture,268.7,761.3,73.38,1,264.4,
16-08-2022,pet supplies,322.8 units,764.2,null,0,295.3,
01-29-2021,Sporting_Goods,580.9,1367.9,132.9,0,582.8,
29-04-2021, Apparel,433,1284.1,172.64,0,419.6,
29-05-2021,Automotive-Parts,324.5,681.9,$215.07,0,331.2,
21-04-2020,pet supplies,232.4,792.6,192.77,0,240,
14-08-2020,TOYS,306.4,655.9,237.22,0,289.5,
23-01-2021,Pet Supplies,290.3,827.1,203.04,0,275.4,
01-03-2020,TOYS,216.7,791.6,242.29,0,209.9,
24-12-2020,Grocery,336,563.6,108.44,0,304.8,
07-06-2021,Groceries,231.9,702.3,109.49,0,219.3,
13-12-2022,beauty,366.2,-972.7,166.91,0,379.7,
11-06-2021,PetSupplies,353.8,810.6,202.39,N,343.3,
07-08-2020,Sport Goods,512.2,1382.9,130.38,N,512.3,
05-06-2021,Beuaty,488.8,994.7,162.27,0,445.6,
04-06-2020,Grocery,missing,661.6,108.05,0,215.4,
25-10-2021,office supplies,386.5,834.3,90.99,0,380.9,
12-12-2020,Toy,284.5,620.8,236.96,N,258.8,
27-01-2021,Sporting Goods,1512.4,1390.1,128.86,0,500.3,
02-19-2021,Auto Parts,389.8,625,999999,FALSE,373.8,
04-01-2022,pet supplies,314.9,851.1,196.53,N,288.1,
09-Aug-21,Office Supplies,302.6,825.5,92.38,0,297.7,
31-05-2020,"  Automotive-Parts	",270.6,861.7,223.22,FALSE,272.9,
26-05-2022,office supplies,?,719.5,91.79,0,323.7,
13-Feb-20,Grocery,320.7,665,null,No,324.1,
16-04-2022,Groceries,387.9,-,110.89,0,365.7,
30-Oct-20,Pet Supplies ,384.6,807.5,198.29,0,399.6,
21-Jan-21,Sporting_Goods,527.4,1393.5,129.33,0,508,
24-01-2021, Beauty,329.5,1013.1,171.93,0,311.2,
14-Sep-21, Beauty,458.1,1012.8,169.38,1,469.3,
06-02-2021,electronics,262.1,523.3,46.64,0,269.4,
02-26-2021,"  Electronics	",302.2,496.3,47.04,0,284.8,
02-05-2021,Furniture ,183.6,1025.7,75.67,0,190.4,
18-Jan-22,beauty,300.6,1018.8,158.49,0,295.5,
10-11-2020,Pet Supplies ,290,805.4,194.26,FALSE,272.8,
29-Oct-21,Groceries ,334.5,804.3,105.84,N,NULL,
16-04-2022,Automotive-Parts,393.9,588.1,219.9,0,361,
12-24-2022,OfficeSupplies,794.8,?,91.88,Y,774.6,
02-09-2022,Furniture ,384.7,1166,73.66,0,376.8,
12-10-2021,Grocerys,267.2,999999,111.9,0,274.3,
07-04-2022,Electronics,256.8,null,47.66,0,261.5,
20-06-2021,Office Supplies,268.7,924.1,89.7,0,N/A,
08-12-2020,Groceries,254.5 units,-582.2,104.84,0,244.9,
05-05-2021,Automotive Parts,330.4,?,216.67,0,305.3,
15-Apr-22,Electronis,363.2,286.4,46.26,0,351.5,
31-05-2021,Pet Supplies,248.7,859.5,196.41,No,258.6,
22-02-2020, Toys,258,772.2,236.78,FALSE,257.2,
18-05-2021,sporting goods,608.4,1313,128.73,0,609.9,
24-11-2022,pet supplies,419.3,689.6,195.51,0,403,
09-Dec-20,Furniture,327.0 units,806.5,74.41,FALSE,305.8,
31-07-2021, Apparel,467.1,1272.4,Rs.167.44,0,432.1,
19-Sep-20,"   Beauty	",?,1062,163.9,0,376.5,
29-11-2022,Groceries,357.9,777.3,105.29,0,346.7,
04-02-2022,TOYS,308.9,679.7,238.01,0,288.8,
04-04-2021,PET SUPPLIES,260,862.2,194.73,0,242.6,
13-09-2021,FURNITURE,370.6 units,968.7,Rs.76.31,0,353.4,
22-08-2020,Sport Goods,534.8,1350.1,128.35,0,528.8,
03-01-2021,Pet Supplies,263.6,813,198.7,FALSE,254.9,
15-10-2020,Automotive-Parts,301.9,712.3,212.39,0,300.8,
01-07-2021,Furniture,277.3,null,70.52,FALSE,269,
08-01-2022,Auto Parts,?,353.8,229.04,0,385.4,
12-15-2020,Clothing,426.1,1268.9,167.71,0,385.3,
17-08-2022,TOYS,359.3,587.9,227.79,FALSE,338.2,
03-13-2021,Electronis,306.1,999999,47.25,N,308,
24-Feb-21,electronics,290.2,-492.7,47.51,0,276.3,
27-11-2020,"  Pet Supplies 	",367.3,758.5,196.66,0,359.8,
03-Apr-21,Electronics,317,455.2,45.61,0,999999,
29-12-2022,GROCERIES,-418.3,742.8,107.71,0,415.4,
24-06-2021,FURNITURE,247.4,1014.2,NULL,0,258.8,
28-04-2020,groceries,220.9,454.9,106.39,FALSE,215.8,
04-01-2021,Automotive Parts,303.8,616.5,226.95,0,310.6,
23-12-2021,PetSupplies,348.9,807.1,197.09,0,325.6,
02-23-2020,toys,,771.1,235.68,0,255.5,
04-12-2021, Electronics,245.8,384.6,48.48,FALSE,244.3,
02-Mar-22,Electronis,331.8,350.7,48,N,327.1,
12-Sep-22,PetSupplies,349,734,196.13,FALSE,340.9,
02-07-2020,Grocery,257.5,618.7,108.58,0,251.8,
07-02-2022,Beauty,332.8,missing,164.04,FALSE,319.5,
07-15-2020,"  Clothing	",388.2,1305,168.45,0,402.2,
13-01-2020,Toy,208.5,793.8,235.68,0,189.5,
15-Mar-20,Office Supplies,300.8,896.9,91.27,0,307.1,
29-10-2021,Beuaty,387.3,990.9,161.77,N,378.6,
06-03-2021, Beauty,371.2,979.7,165.66,FALSE,365,
15-12-2022,automotive parts,405.3,486.9,221.66,0,386.4,
13-10-2021,PET SUPPLIES,349.6,863.6,192.4,0,320.5,
13-07-2022,furniture,867.6,1150.4,75.91,N,298.1,
19-Oct-21,Toys,291.8,624.9,999999,0,306,
12-06-2020,office supplies,286.1,892.8,87.15,No,296.6,
02-12-2021,ELECTRONICS,228.4,393.6,46.37,No,?,
04-04-2021, Electronics,290.8,-464.9,47.52,0,262.7,
12-09-2022,BEAUTY,433.4,483.9,163.64,0,410.8,
26-12-2021,TOYS,268,-691.7,$236.78,0,252.6,
28-04-2020,Office Supplies,255.4,910.3,89.52,No,253.7,
09-Mar-21,toys,223.2,646.5,236.15,0,218.3,
03-09-2020,Electronic,243.1,510,45.98,FALSE,232.4,
15-07-2022,"  Sporting Goods	",579,1369.4,125.78,0,580.3,
22-06-2022, Apparel,435.3 units,1418.1,168.12,No,404.6,
12-02-2022,Beuaty,426.4,1013.7,170.06,0,389.1,
28-08-2020,Furniture ,337.7,819.1,?,FALSE,305.9,
10-Sep-20,beauty,400.8,1040.1,$166.37,0,368.6,
15-07-2022,Electronics,302.8,999999,45.86,0,311.2,
22-01-2020,Beauty,271.6 units,1028.7,163.73,0,282.3,
10-31-2021,Toys,332.7,630.4,237.5,0,343,
17-02-2022,Pet Supplies ,559.5,820.3,198.21,TRUE,539.6,
31-03-2022,Auto Parts,421.9,559.9,222.6,FALSE,419.8,
26-11-2021, Office Supplies,480.4,-780.5,90.25,FALSE,440.6,
21-Dec-21,Furnture,398.1,1042.5,74.8,1,368,
10-06-2020,Furniture,219.5,780.2,74.26,No,208.2,
03-10-2020,Pet Supplies,335,791.8,191.92,FALSE,315.6,
15-Oct-21,Electronic,211,-420.3,47.05,0,204.1,
18-01-2021,AUTOMOTIVE PARTS,339.6,596.2,221.39,0,347.6,
11-25-2020,FURNITURE,553.3,NULL,71.76,1,562.3,
18-03-2021,Apparel,453.6,1276.5,169.17,FALSE,416.2,
01-10-2021, Beauty,306.5,1043.7,$165.81,0,317.8,
13-May-20,Groceries,358.4,627.1,108.73,1,364.6,
25-03-2020,"  Grocerys	",257.5,656.9,105.48,0,232.1,
11-11-2020,Pet Supplies,1279.2,787.9,196.51,No,298.5,
05-06-2021,Electronic,NA,512.5,47.48,No,261.1,
04-05-2022,Office Supplies,324.6,748.6,91.2,0,321.4,
23-Jun-21,Apparel,422,1268.8,168.98,FALSE,384.8,
09-13-2022,furniture,385.8,1156.1,75.3,No,,
10-08-2020,AUTOMOTIVE PARTS,215.7,764.9,211.45,N,204.5,
07-02-2020,apparel,458.8,1224.6,173.91,0,413.2,
18-Jan-22,FURNITURE,277.7,1091.5,74.56,0,282.5,
24-May-20,Pet Supplies ,241,831.9,190.87,FALSE,234.3,
08-Feb-22,FURNITURE,247,1098.7,76.8,FALSE,236.8,
01-27-2022,SPORTING GOODS,931.3,1072.7,124.71,TRUE,870.3,
03-06-2020,OFFICE SUPPLIES,307.4,N/A,93.48,No,284.8,
19-01-2022, Electronics,292.3,356.9,Rs.47.53,0,299.6,
20-08-2020,Apparel,429.3,NULL,-,0,430.9,
22-03-2021, Apparel,401.8,1300.1,173.69,0,372.7,
12-May-20,office supplies,331.8,923.6,87.48,1,330.6,
03-Jul-20,electronics,208.1,546,46.26,0,210,
12-12-2022,APPAREL,674.5,1399.4,167.45,TRUE,702,
31-Jan-21,ELECTRONICS,266.9,558.8,46.96,No,262.8,
08-03-2021,Auto Parts,351,618.9,219.29,0,316.5,
24-10-2022,PET SUPPLIES,469.4,740,196.85,1,436.6,
03-12-2020,APPAREL,503.8,1227.9,166.98,No,520.1,
21-06-2022,GROCERIES,404.9,781.6,104.39,1,405.1,
12-14-2022, Toys,315,573.2,239.04,0,313.6,
28-08-2021,electronics,215.4,498.9,44.29,0,203.8,
21-02-2022,Furniture,230.9,1118.4,74.83,0,232.6,
03-11-2021,office supplies,400.6,822.7,90.88,FALSE,380.3,
10-05-2020,Office Supplies,239.9,921.3,90.6,FALSE,233.5,
09-13-2020,Grocery,217.8,610.4,106.21,0,216.9,
04-10-2021,Electronis,151.1,471.2,46.6,0,152.9,
09-16-2021,Toy,408.1,624.9,240.58,0,null,
26-Sep-22,SPORTING GOODS,476.1,1460.8,127.73,0,451,
28-12-2021,ELECTRONICS,227.1,240.4,46.31,0,218.3,
29-01-2020,Auto Parts,335.3,794,214.53,FALSE,313.3,
29-07-2020,electronics,175.2,549.7,47.64,FALSE,177.8,
22-01-2020,Grocerys,253.1,695,109.58,No,265.8,
09-Mar-21,SPORTING GOODS,520.6,1356.5,130.96,0,519.7,
30-10-2022,Furnture,400.5,1136,77.61,0,400.1,
20-11-2020,pet supplies,999999,757,203.3,0,364.5,
12-06-2021,AUTOMOTIVE PARTS,319.1,689.8,215.82,FALSE,312.7,
22-06-2022,toys,356,584.6,244.68,No,366.2,
11-09-2021,GROCERIES,436.9,777.6,109.72,Yes,999999,
17-02-2022,Furniture,259,1095.4,76.7,0,251.3,
12-10-2021,sporting goods,467.7,1418,$130.12,0,459.9,
11-11-2022,office supplies,498.5,731.2,91.06,FALSE,503.1,
08-31-2020,Beauty,355,1058.6,Rs.165.25,No,332.8,
12-08-2022,Groceries ,337.4,507,109.89,No,18.3,
07-01-2020,Electronic,175.5,523.1,Rs.47.89,N,1590,
23-Mar-22,Groceries,345.1,764.3,105.87,0,350.2,
08-Jan-21,PET SUPPLIES,340.8,818.6,199.7,N,351.1,
13-10-2021,Office Supplies,399.3,NULL,85.86,No,-,
31-Jan-21,furniture,270.1,887.1,75.5,0,255,
11-May-21,Auto Parts,349.4,672.7,219.18,FALSE,363.2,
10-23-2022,Clothing,661.1,?,171.15,Y,657.3,
12-10-2022,Automotive-Parts,null,486.7,212.32,No,435.7,
06-29-2022,Beauty,478.2,1004.5,165.71,0,499.1,
10-04-2022,beauty,406.4,948.9,172,0,376.8,
20-10-2020,OFFICE SUPPLIES,347.8,812.6,90.42,FALSE,348.5,
16-03-2021,Sport Goods,703.2,1384.5,128.26,1,640.9,
08-06-2021,automotive parts,326.7,686.9,222.61,0,296.4,
09-12-2021,PET SUPPLIES,395.3,814.5,195.31,0,410.8,
04-08-2020,Pet Supplies ,256.9,749,202.83,N,234.8,
17-05-2021, Apparel,385.3,N/A,170.53,FALSE,359,
22-Aug-22,Pet Supplies,487.3,749.9,195.47,1,446.2,
24-08-2022, Toys,544.8,600.2,243.36,TRUE,558.3,
14-12-2020,Apparel,436.8,1260.6,166.18,No,456.1,
07-14-2022,office supplies,349.2,705.4,88.18,0,,
10-02-2022,GROCERIES,310.6,765.1,107.36,0,311.9,
14-02-2021,FURNITURE,219,899.3,73,N,226.5,
07-02-2022,Electronic,290.8,363.8,46.32,0,289.3,
24-Apr-20,APPAREL,438,1277.5,$167.68,No,,
30-01-2022,BEAUTY,369.5,1012.1,160.98,No,350.9,
25-Sep-21, Apparel,missing,1339,166.44,Y,602.6,
30-Jan-22,Electronic,296.2,339.5,47.93,0,291.7,
10-May-21,apparel,379.9,1327.6,169.8,0,386.9,
22-Jan-20, Office Supplies,369.1,484.9,87.58,0,336,
16-09-2022,Furnture,431.9,1144,74.49,N,?,
03-13-2022,Electronis,334.5,335.7,45.14,0,336,
17-06-2022,OfficeSupplies,null,690.8,88.24,FALSE,378.3,
11-09-2022,FURNITURE,390,1160.1,74.31,0,361.6,
03-09-2020,AUTOMOTIVE PARTS,278.6,-747,220.49,0,266.4,
08-01-2021,Pet Supplies ,769,785.1,196.44,0,286.9,
22-11-2022,Toys,326.2,562.8,239.74,0,3159,
07-05-2021,Groceries ,235.9,638.7,110.4,FALSE,237.4,
11-02-2021,Appearl,460.4,1318.2,167.72,N,481.5,
15-Dec-22,Apparel,531.1,1383,169.9,0,524.2,
03-02-2021,GROCERIES,295.5,606.2,111.67,0,307.2,
06-04-2021,TOYS,350.7,620.2,Rs.240.0,0,346.9,
02-07-2020,Apparel,N/A,N/A,163.22,0,432.8,
27-03-2021,beauty,415,971.8,169.71,0,384.2,
19-04-2020, Electronics,251.9,494.4,46.08,0,237.2,
03-07-2022, Electronics,262.2,293.4,46.24,FALSE,244.8,
16-10-2020,Toys,313.7,619.2,234.78,0,315.7,
01-23-2020,APPAREL,422.3,1239.3,171.18,No,394.1,
18-11-2022,Electronis,NA,290.5,46.05,0,282.5,
10-10-2021,Groceries ,282,825.6,102.67,0,253.9,
01-03-2022,Electronis,318.2,356.4,45.79,0,304.1,
17-11-2022,sporting goods,554.5,1467.3,131.45,0,530.5,
03-19-2020,BEAUTY,393.5,1120.8,161.48,0,376.3,
30-12-2021,SPORTING GOODS,569.6,1405.5,127.16,No,596.8,
30-10-2022,Sport Goods,544.6,1443.8,128.06,0,548.7,
14-Jan-21,Office Supplies,420.6,845.8,91.39,FALSE,439.7,
13-05-2022,TOYS,377.8,563.5,246.09,0,348.1,
02-18-2020,Clothing,1928.3,1215.5,175.15,No,428.7,
12-04-2020,"  Apparel	",386,1288.7,170.01,N,402.3,
13-10-2021,SPORTING GOODS,482.7,1394.8,missing,0,505.4,
24-01-2022,Furnture,261.5,1081.2,74.56,0,269.7,
28-07-2022,SPORTING GOODS,816.1,997.2,125.82,1,770.4,
10-06-2021,Apparel,435.7,1286.6,169.6,0,448.9,
29-Jan-22,"  Electronic	",321.3,329.6,46.66,N,324.3,
03-24-2021,TOYS,290.6,636.6,236.73,0,267.5,
07-03-2022,Electronic,491.4,346.9,46.26,1,487.4,
02-Mar-22,Furniture ,237,1109.2,Rs.74.87,FALSE,236.7,
06-05-2020,"  PetSupplies	",240.9,829.7 pcs,195.21,No,228.2,
10-May-22,TOYS,314.4,596,235.67,0,323.1,
14-03-2020,Grocery,277.8,657.3,Rs.106.83,FALSE,280.1,
07-09-2021,Clothing,466,1287.4,168.43,N,456.4,
29-03-2022,Clothing,?,?,166.23,FALSE,337.2,
18-12-2022,SPORTING GOODS,483.5,1511.4,130.87,0,461.3,
05-19-2020,"  Appearl	",369.9,1306.1,172.22,0,351.6,
20-03-2021,SPORTING GOODS,999999,1359.9,128.71,0,551.1,
04-Jun-21,office supplies,343.2,918.9,89.99,FALSE,309.4,
20-05-2021,Sporting_Goods,627.1,1297.6,126.44,FALSE,606,
02-02-2021,PetSupplies,279,833,194.12,FALSE,263.7,
28-03-2022,OfficeSupplies,343.4,766.2,90.13,N,333.2,
12-Oct-20,beauty,287.9,1101,164.75,0,294.4,
04-16-2020,Auto Parts,343.2,791.6,220.09,FALSE,350.7,
09-07-2020,Toy,298.8,660.1,246.5,0,270.8,
20-02-2020,Pet Supplies ,328.2,801.6,188.57,0,328.3,
19-Sep-21,Electronics,292.1,473.5,48.43,1,268.6,
23-02-2020, Apparel,406.7,1217.3,170.65,No,391,
07-03-2022,Grocery,296.7,781.3,108.09,0,269.1,
30-11-2021,Automotive Parts,316.9,666.4,215.27,0,319.6,
28-Nov-20,sporting goods,507.6,1369.9,125.58,0,528.4,
04-17-2021,office supplies,359.3,896.3,91.39,0,332.6,
07-10-2021,pet supplies,316,783.3,198.55,0,999999,
06-20-2021,PET SUPPLIES,297.5,810.9,191.94,0,273.1,
19-05-2020,OFFICE SUPPLIES,259.6,919.4,90.11,No,244.5,
19-12-2021,Electronics,217.2,380.4,47.61,0,204,
17-07-2021,Toys,354.8,644.5,235.45,N,338.1,
06-17-2020,pet supplies,242.9,790,202.59,0,222.9,
02-27-2020, Office Supplies,353.3,917.5,91.56,N,350,
12-01-2022,FURNITURE,383.9,1145.2,$75.31,N,373.7,
07-02-2021,APPAREL,566.7,1284.7,171.87,1,583.7,
20-12-2022,electronics,269.7,289.6,999999,FALSE,273.1,
08-21-2022,"  Electronic	",228.6,252,46.65,0,220.8,
23-Jun-21, Toys,303.8,660.3,245.6,0,311.9,
05-09-2022,furniture,386.2,1154,Rs.75.2,0,395.3,
04-12-2021,sporting goods,495.8,1437.5,NA,N,465.6,
05-08-2020,office supplies,294.6,894.5,90.85,FALSE,288.1,
18-12-2020,Sport Goods,510.5,1392.2,123.78,0,477,
23-08-2020,OfficeSupplies,270.3,450.4,92.07,FALSE,279.7,
03-08-2020,Electronics,228.1,508.2,45.66,FALSE,238.3,
29-05-2022,Sport Goods,558.6,1441.3,125.86,0,537.3,
07-09-2020,Automotive-Parts,215.4,751.3,211.84,N,225.5,
07-Oct-20,Beauty,448.9,-1082.7,165.41,Y,999999,
02-05-2021, Toys,296.7 units,627.4,241.86,0,278.6,
14-01-2020,"  Pet Supplies 	",253.3,822.7,190.2,0,245.1,
02-01-2022,Electronis,267.3,337.7,46.35,0,277.2,
04-04-2021,Sporting Goods,573.8,1330.6,$127.54,0,556.5,
14-08-2022,groceries,278.5,521.7,104.95,FALSE,278.6,
08-03-2021,Pet Supplies,304.5,785.1,196.14,0,297.6,
07-Dec-22, Beauty,383.9,974.7,162.22,0,361.9,
02-05-2021,Office Supplies,306,926.3 pcs,88.22,0,306,
26-04-2022,PET SUPPLIES,258,857.6,194.46,0,259,
30-Dec-21,PetSupplies,338.9,828.9,197.51,No,322.2,
12-24-2021,Groceries ,383.8,812.7,107.77,0,359.5,
08-02-2021,sporting goods,462.4,1358.2,125.02,FALSE,444.6,
26-Oct-22,Grocery,337.4,776.3,102.86,FALSE,323.5,
29-09-2020,"   Apparel	",582.8,1236.6,169.26,TRUE,539.5,
12-07-2022,beauty,477.4,955.2,162.88,FALSE,446,
08-13-2020, Apparel,441.6,1235.1,168.14,0,411.7,
04-07-2022,Furnture,360.5,1161.1,74.47,Y,363.9,
02-09-2020,"  Pet Supplies 	",301.4,767.2,Rs.191.3,0,300.2,
17-08-2022,Clothing,471.3,1428,169.03,0,433,
12-Feb-20,toys,248.1,784.8,241.1,0,223.7,
19-03-2020,Electronis,284.9,483.5,45.18,0,282.6,
21-06-2021,Beauty,364.2,1020.8,162.69,0,352.2,
16-09-2021,Auto Parts,305.6,692.2,218.16,0,287.9,
21-Feb-21, Beauty,345,960.2,164.1,0,335.7,
07-Jul-20,groceries,164.7,634.5,104.71,0,170.8,
11-04-2022,Appearl,2668.6,805.6,171.49,TRUE,781.9,
21-04-2021, Office Supplies,309.4,927.4,89.47,0,318.2,
06-03-2020,Beauty,347.3,N/A,162.21,FALSE,352.9,
27-Jan-21,Auto Parts,434.5,599.6,221.71,Y,419.9,
27-08-2020,electronics,145.3,551.6,47.49,N,130.9,
12-12-2020,Electronic,317.5,512.6,47.64,1,291.4,
03-21-2020,Automotive-Parts,309.1,788.6,217.37,N,321.5,
13-Mar-20,PET SUPPLIES,286,812.9,197.64,FALSE,292.7,
30-04-2021,Electronic,324.2,485.9,45.73,FALSE,332.5,
16-02-2021,Groceries,273.4,?,Rs.110.57,No,283.5,
01-11-2022,Toy,317.8,602.8,244.74,FALSE,312,
01-03-2021,Sporting_Goods,497.7,1393.2,128.66,0,476.6,
06-11-2021,ELECTRONICS,293.4,498.5,$45.72,0,289,
02-26-2020,Grocerys,270.3,696.6,105.21,No,247.8,
04-May-22,PetSupplies,319.2,819.1,195.18,0,327.6,
03-26-2020,Toys,244.3,755.5,238.42,N,241.3,
16-06-2020, Office Supplies,226.4,913.9,90.03,0,224.4,
20-Apr-22,ELECTRONICS,545.7,280.2,46.11,1,554.7,
01-01-2021,Pet Supplies,338,-,199.69,0,339.6,
30-12-2022,toys,326.6,575.1,234.6,0,318.1,
11-12-2022,furniture,355.1,1123.5,75.21,0,357.9,
11-Apr-22,OfficeSupplies,N/A,741.7,93.66,0,NULL,
01-02-2021,AUTOMOTIVE PARTS,322.9,614,221.77,FALSE,312.9,
01-Feb-20,OfficeSupplies,387.7,887.5,91.29,No,356.5,
19-11-2022,Toys,348,552.8,238.95,0,314.5,
27-12-2021,Grocerys,310.5,816.8,109.13,0,290.8,
22-11-2021,Electronic,176.7,411.3,46.06,0,180.4,
04-16-2020, Beauty,377.7,?,Rs.171.78,0,388.5,
21-02-2021, Toys,238.9,631.4,246.72,0,222.2,
27-Sep-20,AUTOMOTIVE PARTS,244.1,733.7,212.11,0,239.5,
24-Jun-22,Apparel,460.9,1401.6,169.2,0,464.4,
21-01-2020,furniture,240.9,773.8,76.16,N,225.7,
14-Nov-22,Furniture ,382.1,1157.1,73.68,FALSE,365.7,
10-03-2022,Beauty,423.5,1033.7,164.71,FALSE,406.9,
08-08-2022, Electronics,216.6,275.8,47.91,0,211.4,
09-02-2021,Office Supplies,386.9,812,86.88,0,351.8,
05-04-2022,groceries,314.1,756.7,104.92,0,288.8,
18-11-2022,FURNITURE,416.6,1150.8,75.31,0,428.8,
19-Mar-21,automotive parts,407.8,588.6,Rs.223.11,0,394.6,
20-12-2020,Beauty,-420.3,1057.1,164.83,1,386.5,
31-12-2021,furniture,344.9,655.4,73.79,0,310.4,
03-06-2021,"  Pet Supplies	",261.9,853.7,191.7,0,268.1,
20-Nov-21,Furniture,376.3,1009.2,74.73,0,342.6,
08-Sep-22,Auto Parts,-,521.3,222.89,0,268.9,
25-04-2021,Pet Supplies,279.1,843,-,0,264.8,
27-Nov-21,"  OfficeSupplies	",478.2,776,90.3,No,437.4,
10-08-2021,Automotive Parts,-,684.2,221.92,FALSE,223,
17-01-2022,PetSupplies,310.7,842.5,203.11,No,294.1,
19-10-2022,Groceries ,-334.4,781.2,107.33,0,339,
30-03-2021,BEAUTY,356,987.3,166.06,N,354.4,
25-12-2021,SPORTING GOODS,469.8,797.4,129.8,0,35.7,
31-Mar-20,Clothing,370.4,822.9,172.83,N,357.4,
18-11-2020,Office Supplies,386.9,,89.89,0,374,
09-Apr-20,office supplies,298.8,878.9,89.48,FALSE,305.2,
12-30-2022,sporting goods,590.4,1487.7,130.01,N,586.8,
03-05-2022,Electronic,322.4,missing,46.46,0,296.6,
11-01-2021,automotive parts,missing,608.5,208.42,0,294.7,
11-08-2022,groceries,351.8,505.5,107.02,0,346.1,
11-29-2020,"  TOYS	",251.9,634.3,235.7,FALSE,262.5,
18-10-2022,ELECTRONICS,205.5,309.9,47.16,N,188,
05-15-2021,FURNITURE,247.2,998.6,75.23,0,226.3,
03-Nov-21, Apparel,582.8,1315.3,164.74,TRUE,565.7,
12-Oct-21,Electronics,157,449.7,47.43,0,141.9,
13-02-2022,Sporting_Goods,517.1,1426.8,124.42,No,536.1,
23-11-2021,Apparel,464.9,1275.8,168.46,0,426.4,
23-05-2022,"  APPAREL	",350.5,1445.9,169.82,0,359.2,
20-09-2020,Sport Goods,999999,1391.7,127,N,422.8,
22-Jun-22,FURNITURE,253.8,1153,73.72,FALSE,251.5,
03-19-2020,Furnture,-,760.6,77.15,0,201.9,
09-18-2020,Grocerys,271.5,999999,104.42,0,246.4,
21-08-2022,GROCERIES,330.9,765.9,107.32,FALSE,341.7,
10-06-2020,SPORTING GOODS,399.9,1414.1,N/A,FALSE,384.4,
07-16-2020,Apparel,408.6,1296,Rs.166.82,No,,
11-08-2021,pet supplies,333,797.1,194.65,FALSE,340.3,
27-09-2022,Sporting Goods,513.3,1453,125.75,0,508.5,
28-09-2021,Clothing,434.1 units,1331.4,173.41,0,432.7,
04-07-2020, Beauty,335.9,1120,168.75,0,319.5,
19-Dec-22,Sporting Goods,504,1513.9,125.66,N,529.1,
06-10-2022,sporting goods,537.5,1447,126.32,FALSE,495.7,
02-10-2022,pet supplies,381.7,?,200.25,No,363.9,
19-03-2021, Beauty,missing,978.3,168.25,FALSE,448.8,
30-12-2020,"  Clothing	",452,1265.2,170.71,0,466,
28-01-2021,Sporting Goods,576.6,1371.3,132.28,0,544.3,
15-02-2020,Pet Supplies,236.5,824.9,197.81,0,237.3,
31-12-2021,toys,296.7,673.8,$232.52,0,296.7,
30-01-2021,Groceries,318.9,552.9,104,0,329.4,
05-10-2022,toys,513.7,627.7,237.4,1,474.1,
30-06-2021,Groceries,265,642.1,$108.23,0,264.9,
12-10-2022,Toys,325.7,577.4,-,N,300.5,
05-30-2021,Furniture,214,1001.2,73.36,FALSE,196.6,
19-03-2020,Auto Parts,333.8,772.4,217.66,0,328.9,
13-12-2021,pet supplies,347.8,830.5,197.53,0,361,
04-13-2022, Office Supplies,374.2,728.9,89.13,0,374.5,
21-10-2020,Pet Supplies ,440.4,824.9,197.49,1,400.5,
17-12-2022,Toys,350.1,571.5,236.36,0,363.9,
17-08-2020,sporting goods,421,1386,128.46,0,439,
01-Dec-22,AUTOMOTIVE PARTS,378.3,476.5,212,No,348.2,
24-10-2020,Beuaty,377.7,1069.2,169.73,0,380.9,
06-25-2022,"  Groceries 	",NA,783.4,107.92,0,329,
16-02-2022,GROCERIES,499.7,789.7,112.03,TRUE,494.1,
11-20-2022,PET SUPPLIES,391.9,701,196.38,0,385.5,
04-02-2020,Pet Supplies,212.3,840.7,196.24,0,NULL,
09-04-2022,BEAUTY,484.8,996.4,167.81,0,470.7,
19-05-2022,Sporting_Goods,641.6,1405.4,129.53,0,627.9,
19-06-2021,Grocerys,290.3,670.9,101.67,0,299.2,
25-02-2022,toys,269,-662.2,238.91,0,249.3,
29-07-2021,automotive parts,327.8,642.5,225.43,FALSE,302.1,
05-01-2022,Sporting_Goods,505.2,1422.8,129.35,0,464.8,
16-02-2022, Electronics,463.1,360.9,46.41,1,443.5,
29-Apr-21,Furnture,-234.9,1000,76.24,FALSE,233.6,
05-20-2020, Electronics,237.2,536.7,$45.75,0,237.9,
17-09-2022,Beauty,458.8,950.2,165.57,0,464.5,
02-09-2021,automotive parts,320.4,648,223.64,FALSE,312.8,
08-05-2022,Furniture ,244.2,1160.5,74.27,0,238.6,
01-01-2020,automotive parts,339.5,N/A,223.74,0,311.8,
09-15-2021,FURNITURE,395.4,N/A,999999,N,368.9,
16-Jul-20,Groceries,227.7,608.6,?,0,211.1,
24-02-2020,Sporting Goods,465.8,1432.4,131.21,0,432,
07-03-2020,Automotive Parts,265.6,807,216.77,FALSE,244.4,
31-12-2021,BEAUTY,549.1,722,168.15,1,522.6,
13-10-2020,Beauty,309.1,1092.1,159.81,0,300.6,
20-Jul-20,Automotive-Parts,256.3,766,222.48,N,232.5,
28-09-2022,Office Supplies,401.5,735.5,90.93,N,417.9,
10-12-2020,"  PetSupplies	",358.7,777.9,198.04,0,373.4,
10-Nov-22,Furnture,405.4,1154.2,76.72,FALSE,408.4,
24-06-2020,Groceries ,214.6,-633.6,105.77,0,220.9,
07-20-2020,sporting goods,452.8,1381.8,127.36,FALSE,408.7,
05-03-2022,Clothing,431.3,1330.3,169.48,N,390.1,
28-Aug-21,Toy,504.1,622,233.96,Y,523.1,
08-11-2020,Beauty,299,1114.5,missing,0,,
20-02-2020,Electronic,259.8,533.4,46.53,0,256.8,
18-11-2022,apparel,543,1381.8,167.05,0,491,
06-11-2022,"  AUTOMOTIVE PARTS	",363,508.8,218.17,0,330.6,
02-10-2020,Sporting_Goods,460.6,1438.7,132.85,0,461.6,
13-06-2022,"  pet supplies	",-248.1,843.8,203.4,N,245.6,
06-07-2020, Office Supplies,346.4,890,91.33,1,363.1,
08-20-2022, Toys,404.1,585.6,239.45,FALSE,376,
06-24-2022,Furniture,307.8,1137.1,76.52,0,288.3,
11-15-2020,"  FURNITURE	",361.2,814.7 pcs,72.76,FALSE,338.1,
03-23-2020,Auto Parts,308.1,786.6,220.43,0,292.1,
11-10-2020,Sporting Goods,425.2 units,N/A,131.85,0,384.6,
06-01-2022,Sporting_Goods,559.1,1430,128.75,0,550.6,
10-02-2021,Pet Supplies,371,825.2,193.07,Y,376.2,
09-01-2021,Beauty,366.1,1037.4,162.7,FALSE,337.1,
21-10-2020,office supplies,374.9,811,89.41,0,379.4,
30-09-2021,Groceries,315.2,797.6,105.55,0,,
01-05-2020,APPAREL,439.9,1296,?,No,404.7,
02-Oct-21,Grocery,297.6,801.9,106.86,FALSE,287.5,
31-Dec-20,Clothing,594,-1266.9,167.69,Yes,574.6,
09-11-2022,PET SUPPLIES,394.5,716.8,192.24,FALSE,404.5,
30-01-2020,TOYS,251.3,405.7 pcs,232.84,FALSE,259.8,
17-05-2021,Sporting_Goods,483.6 units,1351.5,135.73,0,475.6,
20-02-2022,Automotive Parts,368.9,617,214.18,0,367.5,
22-10-2020,Automotive-Parts,322.1,706.5,212.33,0,325.8,
09-11-2020,toys,-,618,236.12,N,257.9,
11-08-2021,PET SUPPLIES,308.6,833.5,200.26,No,317.6,
21-11-2020,OfficeSupplies,393.6,816.1,92.25,0,N/A,
30-Jun-22,"  OfficeSupplies	",360.9,689.6,,0,361.5,
11-May-22, Beauty,455.5,1021.9,162.24,N,453.4,
15-06-2022, Beauty,473.6,1044,166.4,FALSE,436.8,
04-10-2020,Grocerys,218.1,353.8,108.73,N,14.7,
22-Dec-20,OfficeSupplies,566.1,860.1,89.95,TRUE,512.5,
04-03-2021,Auto Parts,365.6,640.1,211.53,0,370.7,
19-11-2022,beauty,425.9,988.2,166.78,0,440.7,
08-06-2021,"  APPAREL	",999999,1288.6,170.33,1,650.5,
09-21-2021,Automotive Parts,null,720.1,210.08,No,258.8,
12-14-2020,Office Supplies,363.4,NULL,91.06,0,361.9,
23-08-2022,PET SUPPLIES,316.6,764,202.64,FALSE,316.9,
11-Sep-20,office supplies,359.3,-838.1,89.15,No,360.3,
26-08-2020,groceries,234.3,598.4,107.35,FALSE,228.4,
17-Feb-21,apparel,482.5,1249.2,171.3,0,444.1,
29-10-2020,furniture,351.4,775.2,72.63,FALSE,363.5,
23-Jul-22,Pet Supplies ,354.9,397.6,Rs.199.42,FALSE,348.8,
07-04-2021,Office Supplies,326.1,879.7,89.8,0,325.4,
08-02-2022,Apparel,453.2,1346.5,169.13,0,439.8,
17-06-2022,TOYS,372.4,575,235.24,0,381,
08-10-2020,Sporting_Goods,missing,1368.5,130.14,FALSE,521.4,
30-04-2020, Electronics,283,487.9,45.77,No,258.3,
01-11-2020,Auto Parts,270.6,673.7,218.91,FALSE,283.8,
26-04-2022,AUTOMOTIVE PARTS,522.3,417.1,214.64,TRUE,61.4,
15-Dec-20,Auto Parts,321.7,590.1,220.24,FALSE,301.5,
04-Jan-21,sporting goods,457.1,1406.4,125.38,0,438,
03-06-2020,Automotive-Parts,284.9,866.3,220.04,0,277.5,
10-14-2021,groceries,?,814.4,111.03,0,306.7,
17-08-2021,electronics,182.2,518.5,47.55,0,174.5,
08-04-2021,Groceries,320.8,607.7,106.37,0,328.8,
17-Dec-20,BEAUTY,350.3,1048,NULL,FALSE,347,
17-Jan-21,Toys,238.2,331.1,238.83,0,241.3,
09-09-2021,Furniture,380.9,961,73.88,No,375.4,
02-16-2020,Pet Supplies,267.5,813.6,203.25,0,247.8,
25-01-2021,automotive parts,351.8,591.2,212.26,FALSE,356.9,
11-23-2022,Groceries,552.3,792.2,106.32,TRUE,567.4,
11-14-2021,SPORTING GOODS,432.4,1457.9,126.13,0,414.5,
06-05-2022,beauty,466.5,1034.5,163.04,0,480.7,
11-17-2022,furniture,424,1146.4,75.79,0,392.4,
21-06-2022,APPAREL,432.8,1429.6,171.79,FALSE,425.5,
21-Sep-21,TOYS,338.9,668.6,224.42,N,309.3,
19-10-2020,OfficeSupplies,309.4,829.1,91.81,FALSE,283.7,
24-03-2020,TOYS,243.1,772.6,231.52,0,231.1,
21-01-2021,Furnture,N/A,N/A,72.8,0,263.5,
20-09-2021,PetSupplies,314.6,802.2,199.61,FALSE,295.7,
16-03-2021,PET SUPPLIES,248.4,839.8,191.28,0,257.2,
10-18-2021,PetSupplies,479.2,840.9,197.81,TRUE,490.1,
11-12-2022, Office Supplies,444.7,740.9,89.81,0,464.4,
07-09-2021,Toys,341.4,629.4,235.03,FALSE,349.1,
24-12-2021,Sport Goods,563.9,783.6,131.67,FALSE,?,
26-11-2022, Toys,319,571.7,238.24,N,287.6,
01-28-2022,pet supplies,382,816.3,197.65,0,352.9,
28-06-2020,Office Supplies,284.4,896.4,88.44,FALSE,281,
12-10-2020,AUTOMOTIVE PARTS,330.2,605.8,217.19,No,328,
08-27-2022,FURNITURE,387,1149.9,73.92,0,403.2,
01-28-2020,Electronic,188.2,523.9,$47.81,0,176.9,
11-24-2021,APPAREL,492.2,1266,168.23,FALSE,463.2,
23-05-2022,AUTOMOTIVE PARTS,338.2,519.9,220.96,0,329.9,
09-10-2020,electronics,171.6,496.6,46.45,0,180,
20-09-2022,Beauty,395.1,958.1,160.8,0,364.6,
30-06-2022,beauty,999999,994.4,166.04,FALSE,495.5,
20-Oct-21,pet supplies,366.6 units,827.2,null,No,359,
26-06-2021,Sport Goods,538.2,1338.7,-,FALSE,491.4,
07-20-2022, Beauty,454.5,950.6,$165.58,0,438.1,
27-09-2021,Toys,448.5,651.9,244.36,TRUE,470.9,
26-09-2021,Pet Supplies ,354.1,474.4,195.43,0,358.7,
18-Oct-20,"  Furnture	",349.1,780.1,72.58,0,364.8,
14-08-2020,AUTOMOTIVE PARTS,271.3,732.9,209.05,No,265.6,
17-Aug-22,Furnture,354.5,1149.8,75.47,FALSE,370.9,
27-11-2020,sporting goods,524.1,1352.8,130.08,No,534.4,
11-28-2020,beauty,336.8,1081.9,164.4,FALSE,336.5,
03-10-2020,Beuaty,343.9,1077.6,170.24,FALSE,330.6,
12-16-2022,AUTOMOTIVE PARTS,378.3,492.3,219.21,0,359,
15-06-2022,groceries,334,764.4,105.44,0,3379,
26-10-2021, Toys,426.8,-626.9,238.44,1,410.7,
26-07-2022,Sport Goods,492.3,1423.6,128.73,0,461.2,
10-02-2022,Pet Supplies ,-,813.7,200.95,FALSE,332.7,
31-03-2022,OFFICE SUPPLIES,413,732.8,88.31,N,381.1,
26-04-2022,OFFICE SUPPLIES,347.7,732.6,88.49,0,326.4,
08-08-2020,Furnture,315.7,834.5,75.75,0,286.3,
01-06-2022,Apparel,516.5,1339.5,166.67,0,487.7,
27-02-2021, Toys,272.5,627.2,232.3,FALSE,266.2,
16-Sep-20,"  Appearl	",622.1,1229.7,169.68,1,628.4,
22-12-2022,Toys,347.3,559.3,249.53,0,345.2,
07-27-2020,APPAREL,344.8,1297,166.84,0,313.3,
05-09-2020,Toys,330.9,621.3,234.06,0,316.1,
26-01-2020,"  Groceries 	",266,677,101.62,FALSE,241,
02-07-2020,office supplies,395.6,899.7,85.65,No,414.7,
18-12-2022,Apparel,683.5,1365.6,170.12,1,674.8,
12-07-2022,Furniture ,311.1,1152.4,76.4,No,307.1,
17-09-2021,OFFICE SUPPLIES,410.9,799.7,89.45,No,392.8,
17-06-2022,SPORTING GOODS,579,1397,125.11,0,524.6,
01-10-2020,Beauty,365,1067.9,162.21,0,357.3,
16-10-2020,FURNITURE,390,775.6,72.27,0,-,
14-Sep-22,ELECTRONICS,209.3,268.8,$45.46,No,214.6,
14-10-2020,TOYS,293.2,631.9,222.61,FALSE,282.8,
28-11-2020, Office Supplies,400.5,814,89.09,0,420.5,
20-Nov-20,Auto Parts,369.2,630.5,missing,0,378.4,
28-03-2022,pet supplies,367.4,853.7,189.25,TRUE,347.7,
14-01-2020,ELECTRONICS,158.9,533.8,48.03,N,146.2,
23-01-2021,Toy,261.4,635.9,237.89,0,2585,
09-11-2022,sporting goods,487.4,1476.1,129.28,No,503.6,
28-08-2022,SPORTING GOODS,566.1,1437.1,123.28,0,581,
11-22-2022,OFFICE SUPPLIES,425.9,757.2,89.1,0,445.9,
03-Sep-22,Beauty,436.5,953.5,168.16,0,404,
10-24-2021,Groceries,286.8,819.7,107.28,0,298.5,
07-24-2021,Electronic,230.7,476.2,45.69,FALSE,241,
22-Oct-20,Beuaty,366.9,1061,155.3,0,385.1,
23-Dec-20,toys,268.5,?,240.33,0,268.1,
22-10-2021,Grocery,331.6,815.5,103.38,FALSE,327.1,
02-09-2022,FURNITURE,234.6,1098.7,75.28,0,239.8,
03-03-2020,beauty,380,1120,NULL,1,395.4,
27-10-2021,FURNITURE,588.4,1025.4,75.51,1,545.4,
10-09-2021, Toys,356.9,629.4,235.89,0,371.5,
01-07-2021,PET SUPPLIES,325,814,190.14,0,316,
26-08-2021,"  Sporting_Goods	",555.7,1313.2,124.09,0,515.9,
28-12-2020, Toys,262.9,630.4,239.15,N,241.1,
28-02-2022,SPORTING GOODS,522,1444.7,-,FALSE,532.7,
01-04-2022,Beauty,300.7,1025.5,164.97,FALSE,297.4,
15-01-2021,APPAREL,429.6,1292.3,178.17,No,411.9,
21-09-2022,SPORTING GOODS,521.9,1451.6,122.79,0,534.1,
25-06-2020,Clothing,398,1316.3,180.56,0,373.2,
07-Mar-22,"  beauty	",391.6,1032.2,166.54,0,384.6,
24-Jun-20,Beauty,386.5,1127.1,null,0,380.5,
30-05-2022, Electronics,302.6,292.9,47.16,0,272.7,
12-18-2020,pet supplies,355.7,792.3,198.25,0,337.4,
29-Apr-20,Pet Supplies,238.3,807.2,194.25,0,NA,
02-Apr-21,Electronic,334.2,450.5,NA,No,339,
18-Jul-20,Electronics,202.5,536.4,47.05,0,198,
15-12-2020,"  BEAUTY	",315.7,1060.9,160.6,0,329,
09-19-2021,TOYS,350.3 units,651.9,226.85,0,323.2,
19-Mar-22,BEAUTY,433.2,1007.2 pcs,163.36,0,441.7,
03-11-2021,Automotive-Parts,-388.7,448.7,217.15,0,404.5,
01-03-2021,Electronic,265.7,507.7,47.84,0,270.8,
07-08-2020,automotive parts,244.2,760.3,222.54,FALSE,223.1,
05-24-2020,Beuaty,369.6,1123.9,$164.16,N,350.8,
02-17-2022,Auto Parts,607,599.9,219.26,1,620.3,
29-Dec-21,"  sporting goods	",547.7,1413.4,131.5,FALSE,495.7,
01-10-2022,Sporting_Goods,2045.5,1424.7,127.9,0,541.8,
08-06-2020,Toy,247.3,689.4,236.95,0,245.8,
27-01-2020,Clothing,370.2,1232.8,172.44,0,377.8,
12-05-2021,Pet Supplies,256.7,865.2,194.21,FALSE,253.8,
21-07-2020,Groceries ,171.5,626.7,108.13,0,163.6,
10-Sep-22,PetSupplies,378.1,729.3,200.69,0,351.2,
23-07-2022, Office Supplies,364.8,690.5,88.21,0,363,
04-19-2020,PetSupplies,170.7,798.8,197.09,N,172.8,
25-07-2021,OFFICE SUPPLIES,289.6,571.6,88.7,FALSE,263.5,
17-08-2021,Pet Supplies ,286.2,808.3,$193.14,0,258.5,
01-21-2021,Pet Supplies ,355.4,806.2,193.32,0,370.4,
02-01-2022,Sport Goods,491.9,1426,130.28,0,512.9,
20-03-2020,automotive parts,390.2,759.2,217.07,FALSE,359.6,
11-05-2022,sporting goods,601.5,1417.2,128.74,0,581.9,
28-10-2022,SPORTING GOODS,516,1454.7,129.29,No,529.5,
28-02-2021,Auto Parts,343.3,643.2,223.52,0,320.6,
13-12-2022,SPORTING GOODS,487.8,1504.5,127.31,0,488.2,
09-02-2022,OfficeSupplies,558.8,726.8,88.77,1,575.4,
10-17-2020,Pet Supplies ,346.5,816.4,196.46,N,,
28-03-2022,TOYS,258.3,656.1,244.39,FALSE,237.2,
21-Aug-21,OFFICE SUPPLIES,355.8,787.1,86.61,FALSE,339.6,
31-05-2022,sporting goods,522.8,1448.2,123.96,0,510.6,
07-01-2022,Furniture ,334.4,1057.4,72.75,No,313.3,
26-04-2021,Groceries,261.1,644.8,103.23,0,257.3,
18-10-2020,Pet Supplies,319.6,829.3,192.48,0,335.4,
11-16-2021,PetSupplies,missing,813.2,204.31,0,354.3,
02-03-2022,Toys,298.9,678.4,240.33,0,293.9,
08-05-2022,beauty,467.4,1030.7,166.06,No,427.3,
06-03-2022,Toy,252.4,663.2,225.65,0,243.3,
10-11-2021,toys,344.9,319.8,232.24,FALSE,347.7,
23-01-2021,Auto Parts,378.3,583.3,215.98,0,363.3,
03-09-2020,Apparel,474.6,1228.5,172.11,0,435.2,
13-12-2021,GROCERIES,300.2,822.9,107.03,FALSE,999999,
17-08-2021,"  automotive parts	",244.9,684.4,208.35,0,225,
28-05-2022,Pet Supplies ,303.1,811,193.69,0,278.1,
12-11-2022,SPORTING GOODS,875.1,1457.4,128.96,1,918.1,
30-12-2022,electronics,329.2,N/A,47.62,0,314,
10-Apr-22,beauty,2040.4,1007.2,164.15,No,470.9,
06-24-2020,Furnture,NULL,791.8,76.26,FALSE,253.9,
17-01-2021,OFFICE SUPPLIES,364.1,866.9,89.92,N,334.4,
01-01-2023,"  Automotive Parts	",375.8,505,219.97,0,357.2,
16-Jan-20,groceries,323.3,684.4,108.24,FALSE,332.5,
18-10-2020,Sport Goods,473,1395,128.43,N,486.9,
09-Jul-21,ELECTRONICS,239.8,486,47.16,FALSE,2307,
14-12-2022,SPORTING GOODS,NULL,1493,121.29,0,508.9,
08-04-2022,OfficeSupplies,409.9,667.8,92.06,0,415,
05-02-2022,apparel,439.8,1394.1,166.43,N,401.1,
26-Jan-22, Beauty,497.9,1010.1,Rs.162.44,TRUE,475.9,
16-09-2020,PetSupplies,334,785.5,196.16,N,300.9,
10-06-2020,Toy,434.8,683.4,231.3,1,453.5,
26-Jan-22,Furniture ,299.4,1079.4,77.51,0,281,
06-Dec-21,office supplies,423.9,797.8,88.42,0,394.1,
11-06-2021,Apparel,455.3,1281.2,174.79,0,429,
21-Dec-22,Furniture ,331.7,1138.9,76.89,N,310.6,
24-02-2020,Automotive Parts,354.6,788.6,220.61,0,337.8,
06-29-2022,OfficeSupplies,356.8,685.5,88.88,N,344.1,
09-01-2022, Office Supplies,missing,405.9,87.65,0,null,
09-23-2021,Electronic,199.4,463,47.57,0,186.5,
21-06-2020,toys,301.3,676.1,234.24,0,293.8,
07-Feb-20,Toy,240,796.2,237.84,FALSE,233.5,
28-11-2022,OfficeSupplies,433.9,715.9,91.74,FALSE,444.6,
11-21-2020,Beuaty,379.5,1072.5,169.8,0,392.5,
03-11-2020,Appearl,434.5,,161.64,0,394.7,
29-Mar-21,Electronic,428.3,476.2,47.57,TRUE,432.9,
11-01-2022,Automotive Parts,442.6,361.4,217.8,Yes,416.9,
01-11-2022,SPORTING GOODS,515.7 units,-1419.9,127.72,0,514,
09-30-2020,Apparel,455,N/A,171.47,FALSE,439.3,
04-09-2020,electronics,151.5,566.1,null,No,147.4,
07-12-2022,TOYS,345.4,582.8,N/A,No,319.5,
26-12-2021,"  Groceries 	",322.3,820.5,109.81,N,305.7,
08-Sep-22,BEAUTY,503,467.1,170.56,0,509.5,
07-05-2021,Office Supplies,355.3,912,91.59,0,353.8,
07-22-2021,toys,388.9,646.4,231.86,No,359.1,
12-Jun-20,Toys,324.5,673.9,238.02,0,317.1,
17-08-2020,Pet Supplies,292.9,745.2,198.24,0,263.8,
06-27-2021, Office Supplies,258.6,921.4,87.19,0,268.4,
13-03-2022,BEAUTY,396.4,1042.9,168.31,0,390.8,
02-05-2021,Sporting_Goods,512.2,1342.2,127.83,0,481,
06-02-2020,Apparel,430.1,1233.4,167.03,0,446.8,
18-Oct-21,Automotive-Parts,277.2,681.7,222.68,FALSE,249.9,
25-01-2022,SPORTING GOODS,520.9,1416.1,131.75,0,505.3,
07-05-2021,pet supplies,273.1,826.1,NA,0,267,
19-05-2022,Furniture ,246.7,1144,$72.66,No,250.5,
10-12-2021,OfficeSupplies,479.2,756.3,-,No,478,
07-30-2022,Pet Supplies ,345.6,525.7,191.54,No,316.8,
20-08-2020, Beauty,403.3,1084,159.25,0,407,
03-Oct-22,furniture,379,1125.4,74.23,No,344.7,
19-Jan-21,Automotive Parts,464.4,591,221.95,TRUE,425,
20-Jun-22,Furnture,283.5,1139.6,70.79,0,279.2,
03-01-2021,Automotive Parts,358.7,386.6,218.56,0,334.2,
03-23-2021,"  apparel	",389.6,1300.9,175.51,N,369.7,
11-14-2021,automotive parts,333.3,660.7,228.48,N,342.1,
12-07-2022,"  Sporting_Goods	",721.9,1378.8,126.03,1,717.8,
17-04-2021,ELECTRONICS,999999,486.9,49.27,N,289.4,
22-02-2021,pet supplies,218.4,?,196.39,FALSE,214.5,
26-Jan-20,Furniture ,236.7,769.9,73.24,0,2345,
05-28-2021,"  automotive parts	",341.6,680.5,215.63,N,350.9,
20-12-2020,Apparel,463.9,1261.4,172.62,0,442.7,
18-06-2021,Toys,573.6,640.1,234.73,Y,550.5,
21-02-2021,Furniture ,198.1,-,NA,N,192.9,
04-25-2022,Electronic,303.5,300.2,48.78,0,285.2,
09-06-2022,OFFICE SUPPLIES,-,758.8,88.53,0,300.8,
16-01-2022,beauty,379.3 units,990.6,161.73,0,364.2,
08-Aug-22,AUTOMOTIVE PARTS,268.5,570.2,226.6,FALSE,258.8,
08-07-2022,APPAREL,479.8,1424.9,169.87,FALSE,456,
04-09-2022,GROCERIES,304.7,794.8,null,FALSE,292.8,
20-07-2022,automotive parts,317,575.4,210.56,0,317.5,
29-07-2022,ELECTRONICS,294.7,244.3,$48.63,FALSE,280.7,
14-Jul-20, Office Supplies,225.6,897.1,89.87,0,223.2,
22-09-2020,Sport Goods,426.1,1394.4,130.06,No,400.8,
23-Jun-20,"   Office Supplies	",256,905.9,85.93,0,244.6,
12-05-2022,Sport Goods,475.8,1502,124.38,0,448.9,
04-Jun-22,BEAUTY,494.3,1026.3,156.48,0,506.5,
15-Oct-22,APPAREL,511.5 units,1337.4,177.73,0,504,
12-10-2022, Electronics,266.6,294.2,46.93,0,256.7,
03-08-2022,"  TOYS	",281.5,655.1,234.85,N,271.3,
08-04-2021,Office Supplies,321.7,459.1,92.28,FALSE,329.5,
10-23-2022,Electronis,226.6,301.8,46.31,FALSE,230.9,
13-06-2021,Pet Supplies ,264.3,N/A,192.73,No,274.5,
11-02-2022, Beauty,498.9,1017.4,168.25,TRUE,461.6,
12-01-2021,Beauty,309.2,1042.2,158.76,0,319.7,
28-10-2020, Apparel,448.3,1228.5,173.31,FALSE,447,
06-04-2022,groceries,345.5,760.5,109.52,N,315.4,
17-08-2021,TOYS,357.1,639.4,241.81,FALSE,N/A,
03-Mar-20,Appearl,355.4,1250.5,169.14,0,361.9,
20-12-2020,Grocerys,264.9,579.4,105,0,263.3,
29-11-2022, Beauty,-341.3,1011.6,162.97,FALSE,356.5,
28-Jun-21,Auto Parts,280.7,684.4,223.75,0,289.9,
19-08-2020,groceries,209.7,615.5,107.82,0,210.4,
30-09-2022,beauty,454.7,941.2,165.34,0,463.2,
27-05-2022,"  TOYS	",378.1,555.7,237.4,0,350.7,
12-04-2020,Furniture,345.7,807.7,75.48,N,319.2,
05-Dec-21,Toy,295.3,666.1,235.89,0,273.9,
27-09-2020,"  furniture	",443,799.4,72.25,TRUE,423.2,
18-01-2022,electronics,291.5,352.6,47.51,0,275.9,
12-06-2021,Sporting Goods,515.9,missing,999999,0,478,
28-04-2020,Furniture,163.1,789.2,72.65,No,158.6,
06-07-2022,Sporting Goods,584.3,1406.1,126.23,FALSE,565.3,
23-Sep-22,Clothing,529.2,1335.8,170.78,0,516.1,
01-04-2022,electronics,242.9,355.2,45.61,0,237.1,
13-Mar-20, Office Supplies,352.8,892.9,87.94,0,368.6,
09-05-2021,Groceries ,249.7,766.7,105.84,0,254.5,
08-06-2021,office supplies,269.1,940.6,89.41,0,260.1,
15-07-2021,Furnture,298.4,997.2,73.6,0,275.7,
23-Sep-20,Sporting_Goods,489.3,1378.9,124.25,FALSE,500.3,
03-06-2021,Pet Supplies ,272.6,828.2,200.08,0,278,
22-Jun-21,Electronics,228.8,523.9,46.49,0,217.6,
03-03-2021,Grocerys,305.1,603.5,106.62,0,314.4,
02-03-2022,electronics,346.8,-329.9,48.66,0,328.6,
10-27-2021,BEAUTY,350.9,1000.1,168.28,0,327.2,
24-Sep-20,automotive parts,268.5,744.5,228.68,FALSE,249.9,
08-13-2020,FURNITURE,999999,822.4,75.95,FALSE,323.1,
16-Oct-21,Beauty,379,684.3,164.79,0,373,
11-08-2020,Automotive-Parts,N/A,664.6,211.74,0,288.1,
03-09-2022,Furnture,229.7,1118.6,72.87,0,220.9,
31-Aug-20,ELECTRONICS,105.2,581.4,49.34,0,null,
01-11-2021,toys,299.8,638.5,238.52,0,3045,
14-11-2022,BEAUTY,359.5,994.8,167.81,0,374.8,
31-01-2021, Apparel,447.6,1288.7,NA,No,407,
06-23-2020,Groceries,193.7,641.4,107.59,0,181.3,
20-04-2021,Toys,275.3,633,237.83,FALSE,258,
14-02-2021,SPORTING GOODS,536.2,1378.8,131.02,FALSE,544.4,
04-10-2020,BEAUTY,454.2,1092.3,167.89,Yes,456.7,
21-08-2020,PET SUPPLIES,333.3,742.4,190.76,0,329.1,
12-04-2021,PET SUPPLIES,186.2,873.7,$204.14,0,184.9,
23-11-2022,"  sporting goods	",508.2,1482.1,129.63,0,498.8,
28-05-2020,Office Supplies,306,892.4,90.21,0,293.4,
29-01-2022,FURNITURE,289.5,1076.3,74.52,FALSE,302.4,
03-28-2022,Groceries,310.6,753.9,110.33,0,307.4,
12-05-2021,Beauty,428.7,977.4,169.38,Y,440.3,
09-Jan-20,Furniture,-285.3,760.1,73.12,N,273.1,
02-08-2020, Toys,322.8,650.8,240.82,0,327.7,
22-10-2020,toys,334.1,615.8,233.32,No,327,
31-10-2020,Electronis,232.2,503.7,48.41,1,212.7,
07-09-2022,electronics,305,278.6,46.6,No,307.3,
23-05-2021,apparel,382.4,1320.1,174.49,N,368.4,
05-25-2021,pet supplies,244,888,197.41,0,245.3,
07-12-2021,apparel,450.8,1320,167.73,1,424.7,
23-09-2020, Electronics,130.9,551,47.08,N,120.4,
06-02-2022,Toy,288.7,679.6,235.31,N,283.1,
13-Jan-22,OFFICE SUPPLIES,480.7,734.7,90.13,0,495.1,
13-12-2022,OfficeSupplies,459.5,745.5,89.82,0,458.2,
22-08-2022,toys,356.1,606.9,$231.75,FALSE,340.5,
22-02-2021,Automotive-Parts,345.7,637.1,213.73,FALSE,332.4,
03-03-2021,FURNITURE,192,941,76.11,0,192.6,
04-30-2022,Groceries,NULL,NULL,108.63,0,352.2,
03-09-2020,groceries,242.1,682.3,Rs.108.7,0,218.9,
06-09-2021,BEAUTY,382.1,639.3,null,FALSE,90.5,
23-03-2021, Office Supplies,354.7 units,856.2,89.14,N,NA,
14-09-2021,Furniture ,364.8,966,75.55,0,342.3,
24-Aug-22,ELECTRONICS,242.9,259.2,,N,248.3,
09-08-2020,Office Supplies,275.8,873.5,88.08,No,256.5,
05-01-2021,Furniture,257.2,864,76.77,0,233.5,
27-01-2022,Beuaty,365.2,,165.62,N,331.6,
04-03-2021,Sporting Goods,580.9,1337.9,Rs.130.87,N,594.2,
05-02-2021,automotive parts,338.4,650.6,212.44,No,342.5,
06-07-2020,automotive parts,245.9,802.9,NA,0,225,
11-30-2020,Beuaty,398.9,1094.5,169.02,1,387.4,
18-May-22,beauty,438,1031.4,168.13,0,449.3,
24-01-2022,Automotive Parts,355.3,676.9,219.63,0,349.4,
20-04-2020, Electronics,245.6,496.6,46.39,0,236.5,
24-11-2020,Sport Goods,433.9,1389.6,123.83,0,414,
31-12-2021,ELECTRONICS,298.2,332,47.29,FALSE,303.5,
14-11-2022,Automotive-Parts,333,513.5,215.89,0,342.6,
01-08-2022, Office Supplies,341.4,674.1,$91.17,No,340.9,
11-21-2022,Furniture ,361.9,1167,72.93,FALSE,null,
16-06-2022,Beuaty,492.0 units,1039.2,163.34,0,477,
30-03-2020,FURNITURE,181.9,793,71.43,0,181,
28-11-2022,Beauty,369.7,1007.2,162.84,0,351.2,
20-12-2021,Groceries ,300.6,822.4 pcs,111.08,0,289.1,
09-21-2020,Groceries,201.2,614,107.51,0,191.5,
20-01-2020,Appearl,400.2,1230.6,164.31,N,376.7,
11-16-2022,Electronics,241.7,309.2,47.81,0,NA,
24-06-2020,Electronis,213.5,541.9,47.13,0,missing,
28-Jan-20,PET SUPPLIES,247.5,842.5,194.21,FALSE,230.9,
06-01-2021,groceries,424.4,552.1,105.39,TRUE,439.8,
13-01-2021,Grocerys,318.5,999999,108.95,FALSE,3247,
16-12-2021,Furniture,331.3,641.5,72.41,FALSE,336.5,
27-06-2022,Toy,340.6,563.9,232.84,0,348.9,
07-03-2020,Furniture ,292,551.3,74.64,FALSE,274.2,
19-05-2022,PET SUPPLIES,317.2,800,191.78,0,291.8,
28-Nov-22, Toys,387.8,571.4,Rs.235.13,1,360.3,
15-05-2021,GROCERIES,305.8,667.2,109.41,0,305.2,
13-05-2020,Beauty,362,1115.7,163.86,0,372.2,
01-Aug-22,Clothing,397.5,1425.9,171.1,0,417.4,
03-01-2020,Clothing,381.5 units,1234.9,172.29,N,396.5,
01-22-2021,Grocerys,332.9,535.7,108.8,0,320.7,
04-15-2020,Electronics,262.5 units,NA,46.38,0,246.8,
20-10-2021,"  Toy	",321.5,-,247.53,0,331.8,
01-28-2021,office supplies,433.2,851.8,90.72,0,424.6,
13-Jun-21,Apparel,379.9,1309,168.54,No,375.4,
18-Sep-20,OFFICE SUPPLIES,373.9,819.6,89.57,No,340.4,
08-09-2022,Furniture ,345.3,1132.9,72.99,0,350,
26-Jun-20,Furniture,271,785.9,-,FALSE,268.1,
13-06-2021,FURNITURE,246.5,988.1,73.49,0,251.8,
11-04-2020,"  Clothing	",446.7,981.4,176.87,0,407.9,
07-22-2022,Grocery,385.1,770.6,105.59,0,352.4,
21-Feb-21,Groceries,271.1,309.7,110.89,0,284.6,
27-07-2021,OfficeSupplies,273.8,882.8,missing,0,268.4,
16-04-2021,Pet Supplies ,N/A,844.3,195.4,0,284.7,
01-08-2022,furniture,319.9,1151.2,72.99,0,308.2,
23-04-2022,automotive parts,364,565.1,217.85,0,358.6,
05-Jan-21,Automotive Parts,342.9,605.4,212.97,FALSE,309.6,
01-12-2022,GROCERIES,406.6,763.6,110.57,0,371.8,
15-05-2022,Furniture,240.7,-1161.4,76.15,FALSE,230.2,
28-12-2022, Toys,325.8,565,241.28,FALSE,318.8,
07-03-2021,Beuaty,-,993.6,163.64,0,298,
17-02-2020,sporting goods,462.3,1451.9,133.38,No,426.7,
28-12-2021,beauty,309.2,734,164.05,No,280.7,
13-05-2020,Toy,428.2,727,NULL,TRUE,445.6,
25-08-2020,Toy,324,628.6,239.74,0,317.6,
19-03-2020,sporting goods,531.8,1410.9,125.3,0,504,
12-02-2022,Furniture,285.5,1096.1,77.37,FALSE,258,
28-10-2020,electronics,150.4,493.9,46.1,0,138.7,
04-08-2021,Auto Parts,314.3,675.4,220.47,1,307.1,
05-09-2020,automotive parts,273.5,746.5,217.09,0,287,
08-04-2021,Office Supplies,398.2,-863.1,89.19,0,392.1,
14-Apr-20,OFFICE SUPPLIES,301.4,897,90.3,0,312.1,
31-01-2021, Beauty,345.2,NA,163.28,FALSE,3548,
02-02-2022,Furniture ,272.3,722.7,74.52,0,275.5,
22-09-2021,OfficeSupplies,450.3,825.6,91.54,Y,426.4,
10-Dec-22,Grocery,406.6,604.8,106.61,FALSE,380.5,
15-Jan-20,SPORTING GOODS,524.8,999999,123.35,No,547,
11-25-2020,Clothing,null,1274.2,169.01,No,396,
18-11-2022,Sporting_Goods,592.7,1452.4,131.3,No,551.3,
11-Jan-20, Apparel,456,779.1,174.53,0,420,
02-01-2020,Automotive Parts,337.6,819.5,213.49,0,307.2,
03-02-2022,Office Supplies,462.6,714.3,90.29,N,427.3,
24-Jun-22,AUTOMOTIVE PARTS,332,549.9,216.93,FALSE,334.3,
18-12-2020,office supplies,429.7,830.2,88.79,FALSE,448.9,
20-06-2021,FURNITURE,-,571.1,missing,0,18.3,
01-10-2020,Toys,327.1,619.5,233.29,FALSE,324.2,
15-03-2021,ELECTRONICS,-283.1,480.6,46.59,0,256,
06-06-2021,Appearl,413.5,1300.1,166.44,0,399.1,
04-30-2022,OfficeSupplies,371.8,698.2 pcs,89.33,0,344.9,
16-06-2021,Electronics,262.9,512.6,46.97,0,251.4,
01-04-2022,groceries,?,739.1,104.94,0,379.4,
14-Jan-20,beauty,403.7,1039.1,NULL,Yes,405,
20-05-2020,Clothing,409,1292.6,164.38,No,420.6,
26-04-2021,PetSupplies,-325.1,864.9,197.72,Y,310.6,
09-24-2022,ELECTRONICS,229,263.7,44.24,N,-,
08-05-2020,Auto Parts,408.7,832.7,219.04,1,409.2,
05-Jul-22,Pet Supplies ,412.1,801.5,193,TRUE,376.3,
16-08-2020,Furniture ,306.1,841.1,75.29,0,317.8,
11-03-2020, Beauty,346.9,1115.5,null,0,318.2,
08-08-2020,APPAREL,423.5,1245,170.09,0,434.8,
15-11-2020,Clothing,462.9,1258.5,173.61,FALSE,474.1,
05-11-2021, Electronics,223.7,402.8,$47.27,0,206.2,
23-12-2022,Toys,350.9,550.6,233.07,N,325.3,
23-Oct-20,OfficeSupplies,406.7,805.8,89.69,FALSE,416,
10-08-2021,Electronics,188.1,506.6,46.56,FALSE,177.7,
03-20-2020,"  BEAUTY	",322.5,1138.8,164.62,N,335.3,
07-01-2020,Groceries,197.4,694.7,107.18,N,?,
02-07-2020,electronics,199.1,553.8,46.86,0,null,
30-04-2020,automotive parts,311.6,828.2,217,0,296.7,
04-20-2020,Grocerys,208.9,639,109.13,0,217.3,
20-08-2020,sporting goods,510.3,1356.7,130.55,0,460.8,
24-05-2021,sporting goods,458.3,1347,128.01,0,463.4,
16-Jul-21,Sporting_Goods,558.7,1309.6,125.17,FALSE,,
30-12-2020,FURNITURE,303.1,855.2,75.07,N,missing,
14-Feb-21,office supplies,369,866.9,85.38,0,352,
03-03-2020,Sporting Goods,469.1,999999,127.22,0,430.1,
13-Nov-20,furniture,387.7,805.1,74.78,FALSE,390.6,
19-04-2020,automotive parts,308.9,807.7,212.75,0,309.7,
08-09-2020, Electronics,123.8,563.1,46.34,N,117.7,
02-04-2022, Office Supplies,435.4,715.2,92,FALSE,400.3,
02-22-2020,Office Supplies,369.7,913.3,90.16,No,334.2,
15-06-2022, Office Supplies,343.1,701.3,NA,0,314,
05-02-2022,Furnture,401.5,1087.7,71.6,1,369.9,
23-04-2022,ELECTRONICS,375.4,269.9,47.06,FALSE,386.5,
25-Sep-21,furniture,385.1,960.5,75.2,0,361.6,
19-Jul-22,Beuaty,448.7,953.2,$163.29,0,412.3,
21-Jul-21,Grocerys,246.4,675.3,108.15,FALSE,249.5,
19-07-2022, Office Supplies,325.7,701.5 pcs,89.02,0,330.6,
26-06-2022,furniture,278.8 units,1151.5,74.4,FALSE,264,
23-Aug-20, Toys,325.7,627.8,235.51,N,324.8,
09-07-2022,Automotive-Parts,314.7,564.2,224.44,0,285.8,
19-10-2022,"  pet supplies	",377.5,731.6,198.54,0,351,
07-02-2021,Sporting_Goods,539.4,1371.3,135.2,FALSE,?,
25-04-2021, Apparel,423.1,1297,168.7,No,385.7,
05-07-2020,PetSupplies,385.3,783.3,194.15,1,358.3,
04-01-2021,Beuaty,303.3,1038.6,166.73,0,305.9,
30-11-2021,Groceries ,301,820.2,106.6,0,304,
02-07-2022,Electronis,298.4 units,279.3,46.34,0,284.9,
19-11-2022,Sport Goods,530.9,1470.3,124.65,0,523.1,
11-07-2022,Grocerys,300.3,789.2,109.15,0,306.6,
11-Apr-22,Clothing,413,1368,162.52,No,408.8,
23-03-2021,automotive parts,332.7,598.9,212.16,0,-,
07-08-2020,Auto Parts,258.6,800,221.11,N,237.5,
17-Jul-21,Electronics,363.5,462.5,45.72,1,362.8,
20-12-2022,SPORTING GOODS,545.5,1502.7,127.25,N,569.5,
10-24-2022,apparel,489.9,1340.7,170.07,FALSE,444.3,
08-01-2022, Apparel,N/A,1331.3,NA,1,651.4,
29-05-2022,Electronics,325.5,missing,47.06,0,311.5,
14-04-2020,SPORTING GOODS,496.2,1369,130.69,FALSE,515.9,
03-04-2020,furniture,286.6,748.9,73.42,1,279.1,
19-Dec-20,SPORTING GOODS,482.9,1399.3,128.51,0,504.5,
18-02-2020,office supplies,338,520.2,90.71,0,18.3,
19-06-2021,Appearl,423.5,1271.3,171.23,FALSE,390.8,
11-May-22,PET SUPPLIES,316,806.4,193.8,0,327.5,
02-Jul-20, Toys,301.7,667.7,226.72,0,309.7,
03-10-2022,Groceries ,376.9,745.8,106.83,0,374.5,
12-25-2022,toys,321.7,561.2,242.48,0,294.7,
14-01-2021,Automotive-Parts,NA,599.7,214.5,FALSE,346,
28-02-2021,groceries,-304.3,605.3,108.07,0,289,
24-Oct-20,Clothing,443.2,1235.3,175.8,0,407.6,
05-03-2021,Sporting_Goods,556.6,1337.9,$126.58,0,501.7,
19-08-2021,"  Beauty	",417.1,1011.9,160.58,FALSE,436.8,
01-20-2022,ELECTRONICS,309.4,357.6,47.5,0,281.9,
28-11-2021,toys,308,666.4,247.67,0,296.5,
06-03-2022,"  Sport Goods	",532.3,1439.7,-,FALSE,501.8,
04-Jul-21,groceries,253.3,633.4,107.52,0,260,
05-06-2022,OFFICE SUPPLIES,338,715.8,NA,No,318.8,
03-10-2020,toys,323.7,623.8,235.27,FALSE,291.6,
17-10-2022,Sporting_Goods,436.8,1469,126.86,0,450.4,
28-Jul-21,office supplies,,855.8,Rs.89.83,0,322.4,
01-12-2022,toys,260.5,692.7,235.7,FALSE,267.8,
01-10-2021,apparel,547.2,1302.7,999999,0,516,
31-10-2022,Appearl,506.6,809.8,168.68,0,482.3,
07-08-2022,PET SUPPLIES,350.7,749.7,191.34,0,359.7,
27-04-2020,APPAREL,350.1,1314.7,173.6,0,343.8,
21-11-2021,PetSupplies,364.6,820.8,196.05,0,345.5,
07-07-2020,Apparel,360.4,1315.2,171.23,0,367.8,
13-07-2021,OfficeSupplies,288.8,893.6,89.67,FALSE,294.7,
11-04-2021,Furnture,386.5,1022.5,75.17,No,358.6,
28-10-2022,Pet Supplies ,440.6,701.7,201.69,0,432.4,
30-11-2020,automotive parts,286.2,422.2,213.45,0,?,
23-04-2021, Beauty,442,N/A,165.2,FALSE,462.2,
08-21-2020,Furniture,346.1,824.1,75.28,0,329,
20-02-2021,SPORTING GOODS,null,1363.4,128.7,0,5221,
14-03-2021,Groceries ,295.2,?,106.21,0,272.8,
28-08-2021,PetSupplies,null,793,194.01,0,343.9,
18-Jul-20,Office Supplies,263.7,883.6,93.47,FALSE,,
23-10-2022,Office Supplies,466.1,742.9,91.91,0,484.5,
28-04-2021,OfficeSupplies,NA,638.6,88.96,FALSE,330.1,
28-10-2021,Automotive-Parts,null,676.8,221.03,0,298.1,
29-10-2022,Apparel,511.6,1351.2,175.87,0,488.6,
25-08-2021, Electronics,195.8,499.7,$46.02,0,195.7,
18-03-2022,groceries,429.1,741.1,105.82,0,438.4,
26-Jun-22, Toys,353,558.8,240.39,FALSE,348.6,
16-08-2022,sporting goods,476.8,NULL,124.62,FALSE,459.7,
13-02-2021,Toys,260.9,641.2,238.27,0,264,
01-10-2021,automotive parts,307.3,689,$221.03,N,,
22-01-2021, Apparel,491.1,999.5,167.33,FALSE,98.2,
04-12-2020,Toy,228.1,742.3,226.83,N,234.4,
10-02-2022,"  groceries	",405.9,771.4,108.85,0,418.1,
25-12-2021,BEAUTY,363.2,987.3,166.88,No,332.9,
22-05-2021,Pet Supplies ,262.1,890.8,196.08,0,240,
14-06-2021,Pet Supplies,225.5,839.6,197.83,0,203.8,
07-09-2020,Furniture ,257.4,817.9,74.77,0,265,
16-09-2022,Apparel,546.6,1335.7,165.79,No,563.5,
13-01-2021,Electronis,248.4,555.2,45.85,FALSE,257.9,
15-Dec-21,Groceries ,416.2,815.5,105.59,1,399.9,
11-02-2022,Sporting_Goods,547.2,1407.8,128.85,0,526.3,
15-Mar-20,PET SUPPLIES,249.7,817,204.56,0,247.8,
18-05-2020,Clothing,326.5,1323.3,-,No,312.3,
30-Dec-20,Auto Parts,364.8,370.2,216.66,N,352.6,
03-06-2020,furniture,237.9,764.6,73.62,0,233.4,
06-02-2020,Electronis,NULL,518.1,45.71,FALSE,258.4,
08-24-2022, Apparel,523.5,1432.8,174.94,Yes,521.4,
02-15-2021,PET SUPPLIES,251.7,544.5,193.71,FALSE,28.7,
02-03-2020,Furnture,159.7,757.1,71.93,No,150.9,
02-Jul-21,TOYS,351.9,638.4,233.36,FALSE,364,
22-11-2022,Groceries,338.2,788.4,112.45,N,319.4,
01-Jun-21, Toys,268.9,651.6,241.15,0,256.7,
13-Jan-20,Sporting_Goods,468.8,1439.2,131.15,0,449.1,
07-Apr-20,apparel,357.4,1301.0 pcs,166.9,0,365.7,
18-08-2022,Electronic,-268.8,222.3,45.62,0,272.5,
23-02-2021,OfficeSupplies,385.5,NULL,88.85,N,392.2,
27-12-2022,Grocerys,360.8,758.5,108.55,0,327.6,
09-18-2020, Toys,367.3,608,229.66,FALSE,366.9,
12-Apr-21,office supplies,-364.5,897.2,87.59,1,336.7,
12-25-2021,OfficeSupplies,449.1,781.1,87.91,0,428.2,
31-10-2021,ELECTRONICS,185,419.5,47.8,0,184.7,
15-07-2020,OFFICE SUPPLIES,248.4,894.3,91.85,No,235.4,
25-Oct-20,Grocery,269,401.4,106.62,0,245.8,
10-Sep-20,Furnture,357.7,805.2,74.42,0,325.5,
11-11-2021, Toys,337.8,646,235.72,0,320.9,
20-02-2020,Furnture,194.8,-765.7,73.56,FALSE,178.6,
28-Nov-20,electronics,192,530.8,45.63,0,190.1,
04-06-2020,TOYS,235.9,754.1,230.6,FALSE,232.1,
01-12-2022,"  electronics	",257.1,353.5,46.73,N,266.4,
27-11-2020,furniture,380.1,805.7,76.97,FALSE,356.3,
26-08-2022,TOYS,397.5,583,233.19,FALSE,383.3,
11-07-2022,Electronic,244.4,281.5,47.03,0,235.6,
02-03-2021,Auto Parts,355.6,630.6,215.18,0,339,
15-04-2021,Beuaty,446.9,996.5,172.01,0,444.2,
26-Dec-20,Grocerys,332.8,563.4,105.15,0,344.3,
04-03-2022,Toy,315.6,649.2,240.32,FALSE,311.1,
02-05-2022,Electronic,323.3,296.3,46.29,FALSE,302.4,
04-14-2022,furniture,250.7,1121.2,72.49,0,241.7,
11-01-2020,Groceries ,287,670.6,107.92,N,293.3,
27-Nov-21,Furniture ,336.4,1036.4,73.93,0,339.5,
29-Dec-20,"  Furniture 	",262.9,871.9,75.76,0,N/A,
06-26-2020,BEAUTY,418.4,-,164.61,0,429.7,
11-04-2020,Pet Supplies ,279.6,771.8,190.09,0,269.4,
02-13-2020,apparel,435.8 units,1230,174.1,0,436.3,
19-10-2020,groceries,204.3,631.2,107.79,0,206.8,
06-05-2022,Electronics,365,277.9,46.63,0,346.1,
09-07-2022,Pet Supplies,373.1,739,197.22,FALSE,373,
09-04-2020,apparel,447.8,1239.3,166.93,0,454,
23-Dec-20,Sport Goods,475,1403.7,130.8,0,464.1,
30-11-2020,Appearl,500.9,1232.7,172.01,FALSE,460.2,
30-Jan-22,Sporting Goods,545.5,1090.1,132.89,N,561.2,
15-Sep-21, Beauty,557,1000.8,167.36,1,573.2,
23-Jan-20,Electronis,226.3,514.2,NA,No,226.3,
22-11-2020,pet supplies,311.2,770.3,NA,FALSE,NULL,
30-09-2022,"  Sporting Goods	",593.4,1423.8,126.96,FALSE,?,
17-03-2022,Auto Parts,384.5,602.4,219.33,No,351.4,
09-04-2022,"  Automotive Parts	",381.0 units,597.1,214.88,0,370,
28-05-2022,Toy,362,560,242.92,0,345.4,
02-04-2020,Pet Supplies ,283.6,791.4 pcs,192.68,FALSE,268.3,
05-12-2020,groceries,213.5,635.9,107.71,0,209,
01-04-2021,Sporting Goods,861.3,1314.6,129.32,Y,879,
29-04-2021,Beauty,452.3,1007.9,165.43,No,419.9,
27-02-2021,Beuaty,384.6,962.8,166.67,No,395.9,
08-04-2022,Automotive-Parts,333.2,543.1,217.97,FALSE,314,
02-07-2021,beauty,470.7,968.4,157.47,0,424.7,
25-10-2020,Automotive-Parts,275.9,717.9,218.97,N,287.2,
03-02-2020,Automotive-Parts,277.6,560.3,217.79,0,27.2,
29-09-2021,Automotive Parts,285.8,700.3,216.92,0,283.3,
04-11-2021, Toys,258.7,624,$250.73,FALSE,249.9,
03-23-2020,Electronic,231.7,505.9,45.7,0,225.9,
17-05-2022,OFFICE SUPPLIES,486.9,715.9,90.85,Y,441.4,
27-05-2021, Beauty,436.8,1022.3,162.95,0,435.5,
05-08-2022,Auto Parts,274.9,559.7,214.53,0,265.5,
23-02-2022,Sport Goods,568.2,?,126.96,0,534.1,
20-08-2021,PetSupplies,633.5,779.6,199.88,1,NA,
22-04-2022,FURNITURE,250.5,1161.6,75.8,N,244,
14-02-2022,Apparel,437.3,1327.8,158.61,0,427.7,
08-26-2021,automotive parts,305.2,690.5,219.47,No,288,
11-May-20,Furnture,174.6,801.1,75.15,0,183,
23-11-2021,"  Toy	",275.5,662.3,242.16,No,279,
06-Jun-20,Automotive Parts,288.9,881.3,212.24,0,264.9,
21-Jul-20,furniture,256.3,845.9,73.94,FALSE,248,
07-01-2020,Pet Supplies ,259.2,827.9,193.95,FALSE,255.8,
01-12-2021,groceries,270.5,547.4,105.07,0,253.3,
04-Dec-22,Electronis,277.6,295.1,46.48,0,281.1,
08-21-2022,FURNITURE,363.4,649.5,75.68,0,369.5,
11-07-2021,Automotive Parts,272.4,692.8,223.84,FALSE,246.4,
12-05-2022,Groceries ,369.1,760.4,108.69,0,365.1,
12-10-2020,FURNITURE,348.1,796.1,72.74,0,354,
10-16-2021, Electronics,203.8,422.1,46.44,0,186.2,
26-03-2021,FURNITURE,235.7,957.3,75.52,No,223.1,
07-02-2020,Furniture,missing,782.8,76.47,FALSE,222,
03-Nov-21,Automotive Parts,306.4,678.4,NA,0,282.2,
30-11-2021,SPORTING GOODS,506.1,1431.4,124.72,0,468,
11-05-2022,ELECTRONICS,343.3,291.6,46.14,FALSE,310.4,
25-02-2022,SPORTING GOODS,603.1,1425.1,133.64,0,616.6,
18-Dec-22,PET SUPPLIES,377.4,684.3,199.58,0,355.4,
20-01-2022,Automotive-Parts,384.1,682.4,221.15,0,389.7,
23-01-2021, Office Supplies,440.8,848.6,90.37,0,413.9,
25-07-2021,Toy,351.7,650.6,239.07,0,999999,
15-12-2021,TOYS,270.5,695.8,232.85,No,NA,
18-01-2020,Sporting Goods,475.7,1447.5,129.74,FALSE,484.1,
19-07-2021,Automotive Parts,272.5,NULL,216.96,N,268.7,
24-May-21,pet supplies,245.7,887.4,199.02,0,235.7,
05-Feb-20,ELECTRONICS,,528.7,47.16,0,217.8,
09-10-2021,Sporting Goods,484.9,1409.5,Rs.132.18,0,438.1,
19-01-2022,Pet Supplies,-,833,192.98,0,340.3,
04-11-2020,Sport Goods,491.9,1400.7,124.74,0,466.6,
11-03-2020,furniture,192.3,743.6,74.24,FALSE,174.5,
14-07-2021, Electronics,227.5,488.3,46.33,No,230.9,
11-08-2022,sporting goods,709.4,1473.5,130.17,1,662.9,
12-Oct-22,Furnture,399,1122.1,74.34,0,384.4,
28-09-2022,Toys,380.1,614.4,N/A,0,377.2,
18-08-2020,"  Groceries	",194,626.2,105.94,N,196.5,
29-10-2022,BEAUTY,410.1,964.2,167.95,FALSE,NA,
01-12-2022,"  OfficeSupplies	",526.3,696,91.91,FALSE,528.3,
20-Oct-20,Auto Parts,323.2,722.8,216.91,1,2990,
26-03-2022,furniture,237.5 units,1132.8,77.45,0,232.2,
15-04-2020,"  Toy	",283.1,729,236.23,0,282.3,
23-09-2020,Toy,1203.6,618.2,232.12,0,NA,
11-11-2022,furniture,417.7,1150.8,75.3,FALSE,392.4,
05-01-2020, Toys,306.1,,229.81,FALSE,285.7,
28-08-2022,PET SUPPLIES,348,743.5,$196.89,0,325.3,
14-01-2020,Sporting_Goods,437,999999,128.34,No,395.5,
28-04-2020,Auto Parts,293.2,824.7,209.98,No,303.5,
03-Jun-22,FURNITURE,266.3,1157.6 pcs,74.2,0,259.4,
22-09-2020,Electronics,119.3,551.3,45.05,0,111.7,
27-07-2020,ELECTRONICS,133.6,557.6,47.13,No,127.4,
04-07-2020,ELECTRONICS,236.2,505.8,47.17,0,231.1,
03-02-2020,Electronis,283.8,531.9,47.61,1,288.2,
16-06-2020,Groceries,197.4,621.1,109.89,0,189.4,
09-11-2021,Pet Supplies,349.4,790.6,198.89,0,321.9,
03-14-2021,Appearl,653.8,1268.5,174.51,Y,654.4,
08-31-2022,Appearl,455.9,1401.3,175.29,FALSE,null,
08-06-2022,BEAUTY,462.7,1040.6,166.04,0,470.3,
01-01-2023,Groceries ,390.5,751.7,109.1,0,354.8,
26-08-2020,SPORTING GOODS,497.9,1367.1,125.56,0,499.6,
21-01-2021,Apparel,509.3,994.4,169.59,0,529.7,
20-05-2022,Electronics,?,?,-,0,342,
29-03-2020,Pet Supplies ,230.3,817.4,190.56,0,217.1,
06-06-2021,toys,306,638.5,232.72,No,312.9,
16-05-2022,Auto Parts,291.5,544.2,213.63,0,280.6,
13-Apr-22, Toys,475.4,382.2,243.73,TRUE,494.2,
19-05-2021,beauty,521.4,1032.9,166.69,1,4701,
02-06-2020,AUTOMOTIVE PARTS,264.8,873.6,224.93,0,268.3,
26-Jan-21,Furnture,243.3,881.4,73.85,0,248,
08-06-2020,groceries,193.3,-,105.35,0,176.8,
09-Sep-21, Apparel,468.6,1310.3,169.47,FALSE,436.4,
17-05-2022,Pet Supplies,247.6,646.1,199.55,0,234.6,
07-01-2021,OFFICE SUPPLIES,375.3,860.7,89.57,0,371.7,
26-08-2022, Apparel,503.9,1397,169.9,0,468.2,
04-18-2021,PetSupplies,298.2,840.3,195.53,0,285.6,
01-01-2020,Toy,388.7,792.3,239.05,1,397.1,
12-04-2022,furniture,-,1138,74.36,N,200.1,
12-31-2022,Sporting Goods,,1484.1,127.46,0,549,
24-06-2021,Groceries,-309.3,627.8,110.36,0,301.8,
26-12-2020,Furniture ,286.7,865.9,74.58,0,266.9,
01-04-2021,TOYS,256.7,627.7,245.42,N,264.2,
01-21-2022, Apparel,514.5,1326.2,164.56,0,535.3,
04-09-2020,Pet Supplies ,338.8,762.8 pcs,193.47,0,344.6,
05-09-2021,Furniture,348.4,963.3,70.73,0,314.6,
01-11-2022,Beuaty,383.8,968.9,171.56,0,382.4,
03-07-2022,APPAREL,445.3,1430.5,168.36,0,452,
14-Aug-20,Groceries,268.5,594.9,107.3,0,242.9,
05-04-2022,"  APPAREL	",405,1373.1,167.79,0,422.6,
06-12-2022,office supplies,437.1,730.7,88.92,FALSE,424,
02-12-2022, Toys,296.2,686.1,240.33,0,308.8,
11-08-2020,Groceries ,174.4,608.5,107.82,0,167.1,
30-Aug-20, Office Supplies,268.3,875.6,999999,FALSE,258.6,
15-03-2022,GROCERIES,335.9,765.7,$106.44,0,318,
23-Nov-22,"  furniture	",494,1170.4,75.83,1,503.7,
02-04-2021,Sporting Goods,587.6,1315.1,127.54,0,609.2,
27-Dec-20,Groceries,274.7,588.9,106.12,0,282.1,
22-11-2021,"  Furniture	",335.6,1020.3,74.13,0,317.9,
20-09-2022,Automotive-Parts,286.4,498.9,218.22,0,279.4,
05-06-2020,FURNITURE,198.8,792.1,74.66,0,205.2,
24-Aug-20,Electronic,116.2,557,45.73,0,107,
28-01-2020,FURNITURE,218.5,774.4,73.18,No,204.4,
08-05-2021,Pet Supplies ,278.3,855.8,199.18,0,286.7,
06-09-2021,GROCERIES,247.2,776.7,109.72,0,243.8,
03-12-2020,Electronis,202.2,532.5,46.18,FALSE,186.2,
27-03-2020,Furniture ,181.7,786.7,N/A,N,180.9,
23-06-2022,Toy,360.9,574.5,236.95,FALSE,330.9,
16-Dec-20,Sporting Goods,478.3,1401.6,128.77,0,494.3,
28-09-2020,PetSupplies,317.3,N/A,197.57,FALSE,315.1,
22-May-22,groceries,320.1,778.2,104.58,0,308.4,
27-04-2022,Electronics,366.8,999999,45.8,N,364.1,
02-10-2021,Toys,274.8,612.6,240.11,0,285,
13-09-2022,APPAREL,479.4,1361.5,170.91,FALSE,439.2,
23-May-20,"  sporting goods	",746.9 units,1339,130.59,TRUE,742.9,
04-11-2021,Electronics,295.5,481.2,46.44,0,293.5,
10-02-2020, Office Supplies,533.4,810.1,$92.8,1,533.4,
21-10-2020,FURNITURE,381.8,767.5,73.97,N,363.5,
06-01-2020,ELECTRONICS,198.2,527.3,46.55,1,206.4,
07-07-2021,Beuaty,395.5,1008.1,165.24,FALSE,400.1,
03-01-2020,furniture,292.9,760.3,73.95,FALSE,279.5,
21-01-2021, Electronics,273.8,NULL,$46.37,0,265.6,
12-05-2022,"  beauty	",481.3,1017.1,$167.54,0,442.1,
13-Mar-20,Toys,219.9,774.2,235.41,0,230.8,
06-03-2020,TOYS,,707.3,234.06,0,246.4,
22-11-2022,Electronic,226.2,308.4,46.15,No,214.8,
02-02-2020,toys,212,999999,null,N,218.9,
24-Apr-20,office supplies,338.6,null,$88.07,0,338.8,
02-12-2020,Automotive Parts,288.2,421.5,219.08,N,289.5,
10-09-2021,PetSupplies,371.8,777.9,190.68,0,367.7,
26-03-2022,Electronics,368.2,307.7,48.47,0,373.4,
18-04-2022,automotive parts,359.7,595.9,218.86,0,334,
07-19-2022,Furniture ,314.8,missing,73.19,FALSE,missing,
02-02-2022,Pet Supplies ,315.3,839.5,193.38,No,290.7,
01-05-2020,AUTOMOTIVE PARTS,472.4,813.8,219.42,1,438.1,
22-02-2021, Toys,235.2,636.1,232.68,FALSE,222.3,
12-07-2022,automotive parts,287.2,584,219.45,N,268.6,
23-Nov-22,Pet Supplies ,406.6,695.4,202.85,No,420.6,
16-07-2021, Toys,509.8,642.6,241.38,1,459.6,
08-08-2022,GROCERIES,308.2,769.1,107.72,No,312.8,
19-Mar-20,"  Toys	",234,775.9,NA,N,232.3,
26-Feb-21,Beauty,400.5,951.4,165.99,0,418.8,
26-08-2020,Furniture,317.5,817.1,72.44,FALSE,290.4,
08-05-2020,Sport Goods,630,1318.7,131.1,0,607.3,
07-08-2022,sporting goods,547.7 units,1466.2,N/A,1,NULL,
09-May-21,Pet Supplies ,252.7,864.1,Rs.187.16,No,265.1,
05-07-2022,Sporting_Goods,525.4,1380.1,129.63,0,524.7,
28-Feb-20,furniture,211.3,743.4,74.14,0,192.4,
24-01-2021, Office Supplies,362.7,-,90.53,N,358.5,
04-07-2021,PetSupplies,254.9,873.9,194.63,0,241.4,
22-Mar-20,"   Toys	",217.5,-,239.82,0,219.7,
09-03-2020,toys,211.3,792.7,236.56,FALSE,199.9,
06-07-2020,Groceries ,178.1,627.7,105.74,0,185,
20-11-2021,Beuaty,364.8,992.2,165.77,0,,
24-Sep-20,Furniture,388.5,790.6,73.27,0,372.3,
20-08-2022,Apparel,472.3,1420.4,168.01,0,434.7,
27-May-21,Toy,342.6,632.5,230.98,0,344.8,
08-05-2022,Sporting_Goods,556.3,1437.4,126.93,0,549.8,
03-04-2021, Electronics,306.1,489.1,47.91,0,276.4,
08-02-2021,ELECTRONICS,178.9,497.8,Rs.47.19,No,185.6,
16-Apr-20,Grocery,268.2,628.9,107.76,FALSE,266.7,
11-Sep-20, Apparel,468.1,1242.7,165.94,0,474.8,
16-12-2022,Appearl,569.6,1362.8,168.2,0,551,
06-08-2020,"   Beauty	",590.4,1066.7,165.71,Yes,592.2,
09-Jan-20,Clothing,735.1,1178.7,174.47,1,727.3,
26-05-2021,Electronis,262.7,526.3,46.35,0,241.1,
12-07-2021, Beauty,400.6,1009.6,166.53,0,382.6,
15-08-2021,APPAREL,455.5,-1262.4,168.73,0,470.2,
02-01-2021,PET SUPPLIES,261,838.4,194.51,FALSE,249.1,
18-09-2022,AUTOMOTIVE PARTS,290,missing,213.4,No,279.6,
05-07-2020,Sport Goods,561.4,1341.5,Rs.125.85,0,520.5,
24-05-2020,Automotive-Parts,281.3,852.7,215.81,0,262.3,
15-Aug-20,Beuaty,386.9,1080.9,166.54,0,396.6,
11-03-2022,Furniture ,247.9,-,74.53,0,254.3,
13-Sep-21,Office Supplies,327.1,836.5,90.55,0,3379,
18-12-2021,Grocery,358.2,804.7,107.32,No,361.7,
22-10-2022,Grocery,353,782.8,106.06,0,351,
14-06-2022, Toys,343.8 units,583,235.61,FALSE,344,
17-01-2020,BEAUTY,330.4,1011.4,158.06,0,334.9,
12-06-2020,Sporting Goods,569.3 units,1314,129.83,0,551.8,
22-11-2020, Electronics,167.4,524.8,Rs.47.03,FALSE,151.3,
18-10-2020,electronics,120.4,514.5,45.52,FALSE,125.7,
05-Dec-20,Electronics,185.8,349.9,47.24,0,171.8,
13-04-2022,Electronis,347.7,285.3,47.75,0,361.9,
16-Jul-22,apparel,463.3,1439.8,169.12,FALSE,435.7,
25-05-2022,Beuaty,459.1,,167.98,FALSE,467.4,
23-Nov-20,office supplies,355.1,837.9,89.95,0,372,
16-10-2022, Beauty,360.6,975.7,160.76,FALSE,336,
19-03-2021, Toys,255.6,641.7,235.91,FALSE,256.9,
11-09-2022,Electronics,230.9,261.4,45.92,0,233.6,
05-01-2021, Apparel,456.2,1268.7,166.67,0,,
17-06-2020,BEAUTY,378.2,NULL,165.55,N,394.4,
09-Jul-20,groceries,435,594.4,110.72,Y,415.5,
08-Jun-22,"  APPAREL	",403.8,1421.9,166.62,FALSE,407.2,
27-03-2021,Automotive Parts,372.9,590.6,Rs.220.8,0,348.7,
07-14-2021,Toy,347.1,NA,231.94,0,336.5,
12-09-2022,Sporting Goods,607.8,N/A,132.11,0,602.9,
11-25-2021,Grocerys,543.1,800.5,108.61,Yes,557.1,
24-09-2020,Toys,313.8,629.3,239.15,FALSE,325.7,
11-Oct-21,OFFICE SUPPLIES,N/A,833.4,88.31,0,334.2,
07-12-2020,Auto Parts,285.1,615.1,213.97,FALSE,278.1,
04-16-2022,BEAUTY,476.6,997.1,164.46,0,464.5,
02-09-2020,AUTOMOTIVE PARTS,432.9,784.9,219.02,1,420.6,
12-Dec-20,Sporting Goods,494.9,1401.3,129.22,0,500.8,
16-06-2020,Toys,-290.7,674.1,237.4,FALSE,304.3,
03-08-2021, Toys,NA,640,239.24,No,322.1,
25-08-2021,PetSupplies,null,785.7,194.6,Yes,486.3,
15-Jun-21,FURNITURE,253.9,983.2,76.47,FALSE,234.5,
12-04-2022,Pet Supplies,247,863.8,197.39,0,245.4,
08-13-2020, Beauty,401.8,1073.8,$166.97,0,398.6,
06-09-2021,PET SUPPLIES,312.3,792.1,195.47,N,319.2,
26-Feb-21,Pet Supplies,313.3,,199.24,0,303.8,
06-04-2020,BEAUTY,445.8,1094.2,166.23,N,420.5,
08-16-2020,PetSupplies,305.8,739.3,195.06,0,NA,
11-18-2021,Groceries,365.6,802.7,107.99,0,346,
07-09-2021, Apparel,422.9,1309,176.52,FALSE,424.4,
05-Jan-22,FURNITURE,302.5,1064.7,75.4,0,280.5,
20-01-2020,beauty,277,1032.7,163.17,FALSE,268.5,
11-11-2021,"  PetSupplies	",370.9,823.2,197.68,0,378.8,
06-23-2021,Groceries,264.9,654,999999,0,252,
08-09-2021,"  Beuaty	",-,630.2,166.05,0,392.3,
27-Jul-21,Auto Parts,253.7,669.4,221.33,0,NA,
03-Dec-22,GROCERIES,396,759,105.98,N,360.8,
20-04-2021,beauty,343.3,1033.8,$164.77,0,357,
07-10-2022,BEAUTY,421.2,934.8,168.33,0,391.8,
26-12-2022,SPORTING GOODS,520.2,871.8,126.05,FALSE,507.9,
26-Jul-22,Grocerys,299.2,800.3,105.06,FALSE,275.1,
23-08-2020,Furniture,327.1,819.4,71.71,0,336.5,
14-11-2020,ELECTRONICS,180,518.6,47.2,FALSE,175.9,
26-11-2021,apparel,505.1,1271.2,176.7,0,496.6,
04-21-2021,APPAREL,441.3,1294.2,166.25,No,400.9,
07-06-2021,SPORTING GOODS,510,1333.6,127.29,0,480.8,
22-09-2021,Furnture,368,951.7,74.08,0,380.5,
09-12-2022,Toys,444.5 units,-,232.63,1,465.1,
12-24-2020,Pet Supplies,355.6,809.3,195.28,FALSE,364.9,
01-09-2020, Beauty,340.1,1017.7,169.22,0,356.2,
01-05-2022,OFFICE SUPPLIES,422.8,771.4,91.13,No,423.9,
21-Mar-21,pet supplies,262.2,847.9,192.52,0,2737,
05-11-2020,Toy,286,608.3,235.2,FALSE,276.7,
01-09-2022,Clothing,507.8,1386,165.71,No,522.2,
09-03-2022,AUTOMOTIVE PARTS,400.8,592.7,220.69,0,391.4,
03-06-2020,SPORTING GOODS,557.7 units,1418.2,128.4,0,509.4,
01-05-2021,PET SUPPLIES,263.8,851.4,196.73,No,271.5,
04-01-2020,Sporting Goods,509,1383.6,122.9,0,522.1,
31-Jul-21, Beauty,453.6,1032.1,160.91,0,434.6,
01-10-2021,OfficeSupplies,645,800.8,87.95,TRUE,603.9,
28-07-2022,"  PetSupplies	",400.2,513.1,193.82,N,31.7,
28-12-2022,beauty,382.3,997.8,162.03,0,382.1,
30-Mar-20,Appearl,384.8,1295.5,164.92,0,367.5,
16-11-2020,Electronic,129.1,535.3,47.8,0,127.5,
24-12-2022,Toy,329.5,561,248.48,FALSE,299.4,
22-Dec-21,Sporting_Goods,506.7,1423.9,127.56,FALSE,481.6,
01-Oct-21,Grocery,1253.7,793.7,107.04,1,478.2,
28-12-2021,Sporting_Goods,505.9,1418.9,129.21,0,514.2,
23-11-2020,AUTOMOTIVE PARTS,359.2,651.1,222.25,Yes,337.7,
07-22-2022,Sporting Goods,601.9,1375.4,130.65,FALSE,584.8,
14-07-2021,Automotive Parts,286.5,672.1,213.05,0,263.2,
01-10-2021,Toys,363.7,633.7,236.14,0,333.5,
06-12-2022,OfficeSupplies,324,718.3,,N,293.8,
28-Oct-22,Groceries ,384,770.5,105.79,0,364.1,
30-12-2022, Office Supplies,544.9,729.5,88.31,0,549,
04-12-2020,electronics,255.2,491.2,45.81,No,253.3,
13-05-2022,furniture,263.5,1146.5,72.6,0,254,
25-01-2022,Office Supplies,-,742.7,91.61,0,417.4,
01-11-2020,Office Supplies,395.7,809.1,91.85,0,384.8,
01-09-2022,Auto Parts,315.3,535,212.69,0,316.7,
24-01-2022,Office Supplies,362.8,767.6,86.52,0,363.4,
05-21-2022,groceries,491,762.5,103.3,1,496.9,
19-03-2022,sporting goods,586.1,1421.5,126.24,0,589.2,
21-May-22, Apparel,441.4,1421,168.02,FALSE,417.4,
14-Jan-22,OfficeSupplies,459.5,743.8,88.77,FALSE,445.7,
11-30-2020,Pet Supplies ,288.2,778.6,195.75,0,294.1,
11-07-2021,apparel,427.2,1299.8,167.38,N,443.2,
08-31-2022,Automotive Parts,320.1,536.4,228.16,0,297,
09-27-2020,office supplies,297.2,833.2,90.49,0,293.8,
13-11-2022, Beauty,375.4,990.6,158.4,No,374.6,
14-12-2021,GROCERIES,299.2,,107.67,N,295.2,
31-03-2021, Apparel,,1279.6,NA,0,424.3,
04-23-2022,Pet Supplies,299.8,855.1,192.09,0,294.5,
07-05-2021,GROCERIES,303.1,663.6,105.66,FALSE,296,
03-03-2020,Automotive-Parts,321.8,549.3,216.97,FALSE,297.5,
04-29-2022,Furniture,251.6,1161.5,74.99,0,248.5,
02-12-2021,Electronics,311.3,531.9,47.27,FALSE,311.1,
23-09-2022,Sporting_Goods,552.4,1436.1,124.7,0,534.2,
03-15-2020,Beauty,339.9,1127,168.03,FALSE,307.8,
29-08-2020,Furniture,341,824.7,72.93,0,340.1,
30-11-2022,PET SUPPLIES,404.5,678.2,194.12,FALSE,410.9,
27-06-2022,pet supplies,303.4,787.8,195.64,N,303.2,
09-08-2021,groceries,217,729.8,108.67,0,217.3,
11-04-2021,"  Groceries 	",339.5,808,108.4,0,327.5,
02-10-2022,Furniture,247.3,1099.6,73.27,0,229.2,
13-Dec-21,Toy,279.6,699.7,236.33,FALSE,2771,
11-11-2021, Apparel,470.5,1299.7,$168.1,0,456.9,
03-12-2021,Electronis,263.3,-381.7,47.14,N,266.3,
20-07-2020,beauty,383.6,1092.3,165.96,0,397.1,
20-04-2020,Furniture ,192.6,767.2,76.11,0,188.8,
09-Jan-20,Toys,NULL,808,236.86,N,224.2,
13-10-2022,Furnture,420.9,1121.5,$74.49,No,424.5,
07-15-2022,office supplies,393.4,693.8,89.71,0,393.4,
18-05-2022, Toys,338.2,578.3,235.09,N,330.5,
11-13-2021,Groceries,343.3,788.7,114.02,0,360,
04-15-2021,FURNITURE,232.8,964.4,72.66,0,241.1,
08-Dec-22,toys,338.4,584.5,229.76,0,313.9,
24-11-2022,Electronis,278.5,292.1,48.34,0,262,
09-18-2022, Electronics,232.2,254,47.64,No,224.2,
13-Feb-22,Groceries,362.4,795.5,108.88,FALSE,371.8,
14-02-2021,Appearl,459.1,1245.8,165.11,FALSE,432.1,
21-03-2022,Electronic,316.7,306.1,46.11,0,,
07-11-2022,APPAREL,428.7,1440.5,174.8,0,419.4,
17-06-2020,Furnture,288.2,792,Rs.75.56,Yes,296.5,
04-04-2020,Automotive Parts,312.6,794.8,219.11,0,327.4,
05-07-2022,Furniture,290.5,-1148.7,$75.1,0,294,
07-07-2022,Furnture,287.6,1160.7,72.14,0,278.9,
03-24-2020,beauty,304.3,1133,163.73,FALSE,310.4,
04-07-2020,AUTOMOTIVE PARTS,-,805.8,218.7,No,270,
02-Jul-21,Furniture,308.3,1014.1,74.42,0,282.6,
01-24-2020,Furnture,246.7,763.4,N/A,0,241.4,
12-02-2020,ELECTRONICS,?,255.9,47.11,0,203.6,
21-09-2022, Electronics,missing,256.5,46.04,0,225.7,
12-03-2021,Auto Parts,378.8,442.2,222.25,0,390.9,
09-09-2021,Beuaty,420.8,1014.4,168.96,FALSE,404,
17-10-2022,Automotive-Parts,296.8,515.7,221.25,No,271.2,
27-03-2022,PetSupplies,275.7,840.3,197.99,0,266.2,
03-09-2020,Grocery,254.5,null,NULL,0,264.8,
15-05-2021,automotive parts,347.6,678,219.41,0,missing,
04-05-2020,SPORTING GOODS,545.2,1362.5,129.71,0,548.9,
17-06-2020,ELECTRONICS,206.7,554.9,47.34,No,209,
17-Feb-21,Groceries,323.9,581.3,107.32,0,320.5,
16-08-2021,Auto Parts,239.7,693.1,218.03,0,247.8,
22-Dec-22,sporting goods,613.3,1482.9,126.36,0,NULL,
31-Dec-20,PetSupplies,373.1,825,195,FALSE,346.8,
02-Nov-22,Pet Supplies ,409.9,716.1,192.21,0,409.5,
30-01-2020, Office Supplies,385.5,890,91.15,0,399.9,
16-Jun-22,pet supplies,483.2,825.3,197.59,Yes,missing,
13-01-2022,Beuaty,362.5,993,N/A,0,999999,
06-02-2022,pet supplies,323.7,813.4,202.73,0,324.5,
10-Sep-20,automotive parts,,NULL,217.42,0,270.5,
04-29-2022,Apparel,NA,1381.4,166.45,N,458.5,
26-06-2021,electronics,241.4,524.4,NA,0,250.2,
07-12-2020,apparel,402.8,1309.6,166.85,No,415.1,
17-05-2021,GROCERIES,248.9,686.8,108.11,0,237.1,
11-11-2022,toys,330.2,560.9,237.57,No,328.1,
31-01-2021,TOYS,230,625.3,235.96,0,229.5,
15-Jan-20,Electronis,201.8,524.5,$49.17,No,204.7,
20-03-2022,Pet Supplies,288.2,824.7,189.46,0,287.3,
21-09-2022,Auto Parts,315.6,488.7,217.68,0,296.7,
10-06-2022,Pet Supplies,356.7,815.9,191.94,0,356.5,
06-May-22,Toy,335.9,589.6,232.94,N,null,
07-20-2021,sporting goods,503.8,1324.3,124.56,0,465.6,
13-06-2020,Toys,279.7,684.7 pcs,238.85,0,278.1,
18-04-2022,OFFICE SUPPLIES,331.3,743.7,92.58,0,321.5,
09-10-2022,Grocery,320.3,777.7,108.73,0,327.8,
18-06-2021,Electronics,298.6,501.8,45.94,0,303.5,
18-09-2020,pet supplies,340.6,781.3,203.1,0,340.6,
23-12-2021,groceries,377.5,812.9,108.76,0,340.3,
21-07-2021,Pet Supplies,431.4,786.5,196.4,Yes,441.2,
03-09-2022, Toys,372.5,601.3,239.6,No,346.8,
17-Jan-20,"  Appearl	",486.4,1186.5,168.7,0,467.9,
01-May-22,apparel,-421.1,1402.6,171.07,0,426.5,
18-Jun-22,APPAREL,470.9,1420.1,174.86,0,462.8,
02-02-2021,Sporting Goods,540.8,1376.5,127.94,0,502.5,
16-06-2020,furniture,282.9,791.6,73.57,1,289.4,
11-03-2021,Appearl,496.3,1265,165.09,FALSE,513.5,
14-06-2021, Apparel,339.3,1310.9,168.47,N,326.1,
26-05-2020,BEAUTY,360.7,1133.5,166.08,N,337.9,
08-07-2022,SPORTING GOODS,660.4,1341.5,132.82,0,674.8,
21-09-2020,sporting goods,-418.9,1401.4,126.46,FALSE,379.4,
12-06-2021,Furniture ,377.5,993.6,71.53,Y,351.5,
20-04-2020, Toys,232.8,739.7,231.63,0,243.2,
01-04-2020,PET SUPPLIES,253.8,814.3,193.96,0,239.2,
30-12-2021,OFFICE SUPPLIES,440.5,758.9,88.35,FALSE,417.8,
05-06-2021,APPAREL,450.3,1291,168.09,FALSE,461.2,
11-Oct-22,"  beauty	",592.3,938.1,162.6,TRUE,567.6,
06-03-2022, Toys,368.1,572.5,236.09,No,369.2,
25-01-2021,office supplies,NA,873.7,NA,0,338,
10-07-2021,Furniture ,309.1,missing,74.62,0,302.5,
29-Jul-20,apparel,378.9,1287.2,165.66,0,369.6,
17-Aug-21,FURNITURE,336.3,981.5,73.25,0,338.9,
05-15-2020,Electronis,257.9,509.6 pcs,48.29,N,264.2,
09-Jun-20,Groceries ,170.1,625.5,109.46,0,156.4,
12-26-2020,APPAREL,443.6,1274.8,169.59,0,425.9,
08-09-2021,TOYS,382,615.1,233.79,N,346.4,
22-Jul-20,Furniture ,278.2,843.1 pcs,71.53,No,283.2,
09-May-22,Grocerys,305,777.8,108.82,N,279.5,
30-03-2020,PetSupplies,296.3,833.5,195.61,TRUE,289.8,
03-11-2021,FURNITURE,375.7,1019.3,77.03,FALSE,347.2,
27-02-2020,Pet Supplies ,286.4,822.1,200.66,0,259,
28-May-20,toys,303.8,721.3,239.27,0,315.5,
09-08-2020,Electronics,144.8,551,45.23,No,151.9,
09-02-2022,Grocerys,,779.9,107.47,0,339,
22-09-2022,beauty,449.5,932.3,166.15,N,419.8,
08-03-2020,Beauty,866.2,1126.9,157.31,No,329.9,
30-04-2020,Sport Goods,587.8,1336,126.97,0,589.7,
12-04-2022, Beauty,397,-,159.84,0,394.7,
20-11-2022,Furnture,355.3,1171.1,71.64,FALSE,355.6,
04-05-2020,Automotive-Parts,308,834.8,,0,306.5,
10-17-2021,Toys,381.1,623.7,240.69,1,355,
16-08-2020,Beauty,348.1,1095.3,168.19,FALSE,356.3,
29-04-2021,AUTOMOTIVE PARTS,389.2 units,632.6,218.49,No,379.1,
25-03-2021,Sporting Goods,579.6,1333.1,127.06,0,580.5,
01-10-2022,Beuaty,343.9,996.1,163.4,N,316.5,
17-12-2020,APPAREL,455.1,1257.1,NA,FALSE,426.4,
14-06-2021,beauty,398.1,999.5,160.59,0,414.2,
09-01-2021,FURNITURE,301.1,858.9,76.1,FALSE,287.3,
17-Nov-21,Grocery,316,823.1,105.92,0,302.5,
01-05-2021, Toys,213.9,648.9,231.41,0,196.3,
17-09-2020,Furnture,374.3,805.2,75.96,0,344.4,
07-Sep-22,Electronics,225.1,194.3,47.43,FALSE,missing,
01-Mar-22,automotive parts,361.9,623.7,221.62,0,345.8,
19-12-2021,Pet Supplies ,,806.4,198.86,0,?,
02-08-2021,Auto Parts,269.3,670.4,216.71,FALSE,254,
09-04-2021,PET SUPPLIES,303,853.4,201.73,0,302.7,
12-Dec-22,Auto Parts,373.8,501.5,221.57,0,385,
12-19-2022, Toys,299.5,583.9,230.28,0,312.6,
17-Mar-20,Furnture,163.7,761.6,72,0,1654,
04-26-2021,apparel,387.9,1296.8,166.88,0,357,
25-02-2020,Beuaty,297.6,1090,164,0,288.1,
25-08-2022,APPAREL,529.1,1390.8,null,0,500.4,
30-01-2021, Electronics,277.1,545.3,47.18,N,263.8,
21-05-2020,electronics,250.4,531.6,48.71,No,NA,
01-14-2022,TOYS,313,669.4,$232.63,FALSE,325.6,
04-02-2021,"  OFFICE SUPPLIES	",404,860.3,93.61,FALSE,400,
12-05-2020, Beauty,382.6,1110.9,$165.28,0,349.8,
07-12-2021,Groceries,295.9,813.4,105.21,0,284,
30-08-2020,Electronic,140,563.4,47.21,No,128.9,
31-07-2020,AUTOMOTIVE PARTS,249.8,770.7,216.97,No,246.2,
29-10-2022,"  Toy	",374.2,346.5,238.35,0,83.1,
27-03-2022, Toys,295.4,639.3,241.93,N,290.2,
26-Nov-20,Electronics,187.9,538.1,46.87,0,177.8,
23-Apr-21,pet supplies,309.7,834.4,203.02,0,286.7,
07-07-2022,apparel,482.4,1418.7,172.04,0,461.5,
01-07-2022,Automotive-Parts,338.5,null,215.23,0,341.1,
26-02-2022,office supplies,445.5,722.4,89.52,0,443.7,
02-Mar-22,Grocery,356.6,765.3,104.58,0,343.4,
03-09-2020, Beauty,416.3,1058.9,154.36,0,419.6,
01-04-2021,toys,293.4,626.2,238.49,No,NA,
03-Jan-23,Furniture,324.7,1119.4,71.24,0,313.5,
21-01-2020,toys,218,815.8,243.39,FALSE,200.4,
29-08-2022,Grocerys,missing,791.1,106.96,0,268.6,
18-10-2021, Electronics,612.5,417.9,missing,FALSE,179.9,
05-03-2020,Clothing,405.3,1237.4,167.91,FALSE,399.5,
07-30-2021,Groceries,302.8,670.2,108.11,N,289.9,
02-Nov-20,Clothing,602.3,1247.2,170.13,1,565.8,
18-01-2020,Grocerys,285.2,689.7,107.45,FALSE,263.5,
28-08-2021,OfficeSupplies,350.4,802.9,89.71,N,366.6,
07-26-2021,Sporting Goods,435.2,missing,129.52,FALSE,434.8,
09-03-2022,Electronis,253,274.6,45.51,0,250.1,
16-05-2022,Furniture,206.7,1161.1,72.72,FALSE,213.8,
21-02-2020,OFFICE SUPPLIES,382.8,908.4,86.86,FALSE,372.2,
01-10-2022,office supplies,NULL,401.7,91.01,0,87.2,
16-09-2022,SPORTING GOODS,563.7,1443.5,131,N,563.8,
29-08-2021,Groceries,248.4,-,106.51,FALSE,225.4,
04-15-2022,Grocerys,393.7,756.9,109.54,0,399.3,
24-03-2022,Apparel,472.7,1327.6,171.6,N,491.7,
24-01-2020,apparel,737.4,1212.4,172.63,1,736,
13-08-2021,SPORTING GOODS,558.8,1323.2,Rs.126.55,N,533.2,
10-06-2021,pet supplies,303.3,830.6,194.28,FALSE,303.2,
06-30-2020,Groceries ,188.9,630,111.04,0,171.1,
10-01-2021,PET SUPPLIES,380.6,463.4,196.58,0,386.5,
27-Jun-20,ELECTRONICS,210.3,555.9,46.79,FALSE,1902,
11-11-2020,Furniture ,327.8,812.5,Rs.76.9,0,332.7,
08-02-2022,TOYS,241.3,699,234.42,0,239.2,
27-May-22,Furnture,277.3,1163.2,$76.0,0,280.2,
16-05-2021,Apparel,430.7,1308.5,168.08,0,425.4,
23-May-20,PET SUPPLIES,277.6,-810.5,$198.16,FALSE,258.7,
30-01-2021,PetSupplies,320.5,806,189.14,N,320,
29-12-2022,Electronic,344.2,253.5,46.32,0,326.4,
02-07-2021,apparel,438.7,1284.2,168.2,0,419.9,
23-10-2020,furniture,383.1,778.5,77.28,0,396.4,
08-26-2020,Office Supplies,null,440.9,90.94,N,317.8,
19-08-2022,GROCERIES,340.4,761.6,104.7,0,355.5,
07-29-2022,automotive parts,340.2,547.5,221.44,0,311.4,
10-26-2022,"  Toy	",372.7,592.8,234.79,0,350.3,
09-05-2021,apparel,397.9,1324.5,167.14,0,372.3,
09-12-2020,beauty,346.4,1050,163.77,FALSE,354.3,
30-Nov-21, Electronics,209,406.3,48.38,0,192.5,
19-08-2021,APPAREL,446.4,1278.5,167.68,N,428.6,
09-19-2022,BEAUTY,382.7 units,962.1,168.54,FALSE,347.8,
01-11-2022,Pet Supplies ,442.4,855.9,195.09,1,408.1,
06-01-2021,TOYS,283.5,-,238.7,0,291.8,
13-01-2022,Automotive-Parts,393.9,675.7,219.85,N,378.7,
16-Feb-20,"  Groceries 	",264.9,472,106.76,FALSE,257.8,
06-Feb-20, Beauty,345.7,1009,162.19,0,339.6,
21-May-20,Appearl,387.2,1307.0 pcs,177.72,No,395.8,
06-09-2021,Furniture ,222.8,1000.8,73.88,FALSE,232.8,
01-10-2021,FURNITURE,401.7,964.1,74.31,No,392.1,
04-04-2022, Beauty,402.2,1017.5,163.09,FALSE,375.5,
25-04-2020,Grocerys,-,442.4,101.67,No,258.7,
04-18-2020,Electronic,268.4,489.7,46.65,0,255.8,
15-06-2021,Sporting Goods,478.2,1345.7,128.6,0,430.8,
21-01-2022,Grocerys,395.3,768,$109.42,0,395.6,
04-09-2021,Appearl,NULL,1304.7,173.29,0,405.5,
21-10-2021,Office Supplies,437.3,822,90.08,No,394.6,
27-04-2020,automotive parts,291.4,818.8,221.78,FALSE,282,
03-08-2020,Electronic,139.1,566,$45.97,FALSE,133.7,
18-08-2020,Sporting Goods,494.9,-,124.07,0,447.2,
13-Apr-22,APPAREL,409.4,1377.2,166.61,0,428.9,
08-08-2022,apparel,426.7,993,172.61,0,391.1,
09-05-2020,BEAUTY,393.8,1094.7,166.27,0,373.5,
15-Jan-21,sporting goods,553.6,null,130.14,0,508.7,
02-09-2020,Appearl,425.1,1241.8,169.28,FALSE,438.5,
24-Feb-21,sporting goods,556.5,1059.7,128.09,0,null,
08-09-2020,FURNITURE,334.1,809.4,75.42,FALSE,342,
24-04-2022,groceries,328.8,770.3,103.7,0,335.1,
12-02-2020,toys,,623.3,238.9,0,274.7,
09-27-2020,Grocerys,232.6,597.8,105.66,FALSE,236.4,
28-10-2020,sporting goods,787.7,1393.1,125.76,1,778.8,
17-Feb-21,Office Supplies,351.4,888,$92.37,FALSE,363.7,
03-12-2021,pet supplies,560.2,817.7,200.12,1,565.8,
04-Dec-21,Toy,999999,676.3,240.79,0,271.7,
07-20-2021,AUTOMOTIVE PARTS,264.8,675.4,211.88,0,246.2,
15-02-2022, Electronics,304.8 units,358.1,45.87,0,299.5,
21-04-2020,Office Supplies,263.2,922.9,90.68,0,250.2,
27-08-2020,toys,345.9,632.8 pcs,237.19,No,315.9,
04-03-2021, Apparel,450,1267,172.22,0,442.4,
21-04-2021,toys,269.1,631.2,246.43,No,280.2,
17-07-2022,Clothing,400.7 units,1452.4,170.58,No,387.3,
03-01-2022,Automotive Parts,330.3,688,215.08,0,332.8,
03-19-2020,pet supplies,254.6,816.7,195.52,FALSE,236,
22-01-2021,Office Supplies,445,847.6,Rs.89.6,0,402.3,
17-05-2022,Groceries,,792.6,106.1,0,258.4,
09-Oct-22,Pet Supplies,374.3,737.1,196.82,0,346.4,
10-04-2021,"   Apparel	",638.9,1299.1,171.02,TRUE,669.8,
17-Apr-21,TOYS,268.7,626.8,238.79,0,264.9,
04-07-2021,Sporting Goods,528.3,1327.9 pcs,124.56,0,485.5,
02-Jun-20,sporting goods,483.9,1354.9,130.52,0,504.2,
06-09-2022,furniture,386,1157.1,77.11,0,399.7,
11-05-2021,SPORTING GOODS,556.1,1330.7,137.22,0,534.7,
28-May-22,Beuaty,NA,999999,163.47,FALSE,464.8,
04-26-2020,SPORTING GOODS,494.4,1359,126.61,FALSE,486,
08-22-2020,"  PetSupplies	",313.5,739.8,187.42,0,284.4,
15-07-2020,Automotive Parts,255.5,792.5,224.22,0,2334,
05-Jan-22,PET SUPPLIES,339.8,838.4,196.48,N,345,
12-11-2022,groceries,379.6,762.7,Rs.110.14,0,396.7,
23-02-2022,electronics,330.4,357.1,45.48,FALSE,302.2,
10-08-2021,toys,309,648.6,236.68,No,282.8,
08-15-2020,SPORTING GOODS,482.7,1370.8,127.04,N,477.8,
13-01-2021,Automotive-Parts,368.6,595.7,216.22,0,380.6,
19-10-2020,BEAUTY,296.7,1101.5,$167.95,0,271.8,
22-07-2022,Furniture,365.3,1139.5,72.92,0,375.4,
20-11-2022,"  beauty	",388.4,994.6,167.3,0,401.1,
03-12-2022,ELECTRONICS,280.9,293.4,48.33,0,285.2,
22-02-2021,Furniture ,206.1,937.2,72.59,0,210.6,
23-Oct-22,Toys,350.2,613.1,237.68,N,315.8,
16-03-2022,furniture,243.2,1114.7,74.84,0,242,
24-10-2022,automotive parts,292.7,512,221.75,0,287.7,
09-11-2021,toys,314.7,660.1 pcs,232.61,0,284.9,
02-09-2020,Electronics,179.3,570.5,null,TRUE,179.5,
04-28-2022,Grocerys,370.3,745.9,106.58,0,337.3,
08-08-2020,Electronic,168.3,552.2,45.98,FALSE,152.7,
15-08-2022,APPAREL,478.1,1421.5,168.61,0,492.2,
14-Jan-20,Office Supplies,306.7,888.8,85.58,N,302.3,
09-09-2020,beauty,490.3,1054,165.76,Y,451.8,
06-24-2021,Electronic,282.5,514.4,$46.39,0,286.1,
14-11-2020,Automotive-Parts,263.3,668.9,$218.2,0,238.1,
08-10-2022,Pet Supplies ,406.2,720.4,197.56,0,368.6,
21-04-2020,Auto Parts,312.2,804.1,217.09,0,NA,
29-11-2021,Furnture,457.4,1030.2,72.87,TRUE,467.8,
20-05-2022, Apparel,456.6,1417.5,170.2,FALSE,416.9,
02-Dec-22,Electronis,309,280.3,46.96,FALSE,304,
21-07-2020, Apparel,364.4,1304.2,166.35,FALSE,344,
01-01-2020,Sporting Goods,453.3,,126.8,FALSE,472.3,
07-Mar-21,Toy,264.7,637.3,236.46,FALSE,249.6,
18-Oct-22, Apparel,463.6,1340.2,174.45,0,469.7,
23-11-2021,beauty,285.4,1003.5,167.43,FALSE,269.1,
17-03-2022,Electronic,363.1,306.8,47.54,N,373.6,
03-01-2020,AUTOMOTIVE PARTS,308.2,835.1,217.96,N,287.5,
04-01-2022,FURNITURE,402.7,1058,73.63,TRUE,378,
27-09-2021,furniture,367.3,976.2,73.61,FALSE,364.2,
25-03-2021, Electronics,313.8,480.6,46.4,0,298.7,
03-Feb-20,sporting goods,490.2,1433.7,129.63,0,453.2,
27-07-2022,Sport Goods,528.9,1412.2,124.8,0,539.6,
08-29-2022,Sporting_Goods,529.1,1445.9,125.54,0,492.7,
13-Jul-22,Toy,362.4,585.8,245.11,N,372.5,
09-25-2020,beauty,,1052,162.52,0,433.7,
03-04-2020,Beuaty,404,NA,169.33,N,364.4,
10-11-2021,pet supplies,missing,873.4,196.01,0,311.7,
02-Sep-20,Auto Parts,389.5,-751.4,213.42,Yes,3573,
27-05-2020,Beuaty,423.3,1109,165.12,FALSE,414.5,
18-06-2021,automotive parts,324.9,675.5,223.13,0,335.2,
16-01-2020,electronics,null,522.9,46.37,0,201.7,
18-Jul-21,apparel,355.1,1306.4,174.31,0,339,
26-12-2022,Beauty,350.6,796.7,161.96,0,344.1,
06-11-2022,"  Electronics	",320.8,278.9,47.91,FALSE,295.5,
17-Apr-22,BEAUTY,432.2,1011.9,159.84,N,450,
15-03-2021,Sporting_Goods,531.6,1366.8,124.32,0,479.2,
07-03-2021,automotive parts,345,628.3,$218.47,N,338.1,
10-03-2020,Automotive Parts,284.2,787.7,NULL,0,270.8,
04-02-2022,Furniture,242.7,1130.3,73.48,FALSE,230,
21-10-2020,Auto Parts,285.3,711.2,217.67,0,292.7,
20-Jun-20,Furniture,266.7,783.1,74.27,0,250.7,
23-06-2020,Clothing,368.5,1320.7,$171.14,0,345.1,
15-10-2020,OFFICE SUPPLIES,393.3,812.4,87.09,0,412.4,
03-29-2021,Groceries ,262.8,634,104.25,0,252,
01-01-2022,Apparel,548.6,NULL,169.89,No,506.4,
02-07-2021,Electronic,276.9,493.9,48.1,0,262.9,
08-02-2021,toys,193.6 units,629.2,238.53,0,177.1,
28-03-2022,ELECTRONICS,322.3,317,45.43,0,308.7,
12-19-2020,beauty,344.2,1047.9 pcs,163.87,N,310.2,
08-04-2022,Toy,-336.6,636.1,242.91,0,309.2,
22-Apr-22,toys,426.6,629,230.66,1,427.6,
29-Aug-21, Apparel,434.3,1278.5,168.48,0,424.5,
15-Mar-21,Office Supplies,335.6,869.2,999999,0,347.1,
07-10-2020,OFFICE SUPPLIES,370.4,818.8,86.48,0,371.9,
04-Jun-20,Automotive-Parts,280.7,875.1,214.5,FALSE,281.8,
21-07-2021,Clothing,381.2,1305.3,169.35,No,363.7,
25-05-2021,groceries,225.7,697.7,107.92,0,203.4,
24-06-2021,automotive parts,297.5,673.3,219.42,No,284.8,
21-12-2022,AUTOMOTIVE PARTS,405,484.8,$215.37,0,382.6,
16-03-2022,office supplies,401.1,749,87.27,0,367,
03-07-2022,"  Office Supplies	",311.3,711.9,89.19,N,283.5,
28-04-2021,Electronics,447.5,495.9,45.63,Yes,410.7,
22-Dec-21,"  OfficeSupplies	",663.9,782.1,?,1,622.2,
06-Mar-20,Auto Parts,360.1,777.7,213.97,FALSE,334.3,
10-12-2021,furniture,335,1008.6,72.8,0,331.6,
14-07-2022,Beauty,missing,951.9,166.06,FALSE,452.5,
20-05-2021,Beauty,425.8,1025.8,170.57,0,427.6,
21-09-2020,Pet Supplies ,310.5,787.3,197.65,No,280.1,
21-Apr-22,furniture,242.7,1163.6,73.52,FALSE,224.8,
14-12-2021, Beauty,364.8,974.7 pcs,163.05,0,329.8,
09-May-22,Furnture,255.9,1154.8,72.69,0,243,
30-10-2021,beauty,371.2,994.3,161.97,FALSE,387.6,
08-07-2021,OFFICE SUPPLIES,311.7,898.1,92.14,0,305.7,
20-Jan-21,Appearl,437.8,1009.3,166.43,0,438.8,
03-Jun-21,Automotive Parts,297.3,694.3,220.21,N,293.6,
29-01-2021,OfficeSupplies,428.5,850.7,88.36,FALSE,435.3,
05-08-2021,sporting goods,518.6,1338.8,129.72,0,520.2,
23-Oct-20,"  BEAUTY	",388.2,1068.2,167.94,0,356.1,
25-03-2020,pet supplies,247.9,812,192.86,0,230.7,
22-08-2022,ELECTRONICS,219.4,259.7,47.94,0,221.9,
12-08-2022, Electronics,310.3,279.8,46.87,No,312.7,
28-12-2020,Office Supplies,373.2,861,85.73,No,361,
17-09-2021,Grocerys,327.5,781.1,105.31,0,343.3,
20-04-2020,Sport Goods,486.2,1365.8,132.83,No,488.2,
06-Jun-20,Pet Supplies,361,823,201.63,1,369.3,
24-12-2020,beauty,338.7,1036.6,166.62,0,335.5,
02-25-2020, Apparel,395,1228.3,166.47,0,371,
27-Jan-21,"  Furniture 	",225.7,890,75.61,N,220.6,
22-04-2020, Apparel,365.4,1295.7,$174.08,0,356.1,
23-08-2021,TOYS,324.8,649.3,$238.17,0,339.3,
03-12-2020,groceries,303.5,573.2,109.72,0,274.9,
09-01-2021,"  apparel	",NULL,1264.8,168.33,0,475.7,
08-09-2022,PET SUPPLIES,403.7,728.2,196.51,0,369.6,
02-16-2022,Toys,265.3,684.1,235.47,0,253.2,
05-05-2022,Auto Parts,380.3,539.1,212.69,N,353.2,
04-08-2022,SPORTING GOODS,546.5,1423.1,130,0,539.2,
07-04-2021,Beuaty,419,994.6,163.38,FALSE,397,
30-04-2020,OFFICE SUPPLIES,327.9,888,88.25,0,313.6,
26-01-2022,Electronics,294.3,331.2,45.97,No,290.4,
02-Mar-21, Apparel,420.8,1282.3,166.6,0,419.1,
19-06-2021,Auto Parts,303.8,674.5,217.43,0,306.2,
27-11-2021,Sport Goods,524.3,1435.8,129.27,FALSE,520.4,
03-15-2021,apparel,419.1,1278.4,171.77,FALSE,388.3,
14-Mar-20,Furniture,247.9,735.5,73.86,0,228.9,
16-11-2022,PetSupplies,618.1,711.4,197.4,1,?,
29-05-2022,Groceries ,303.4,755.6,$103.88,0,284.8,
01-08-2022,SPORTING GOODS,504.5,1433.5,130.07,0,500.6,
17-11-2021,Auto Parts,350.4,646.9,217.3,0,352.7,
14-10-2020,Automotive Parts,273,724,-,FALSE,273,
04-06-2020,Auto Parts,309.3,791.8,223.41,FALSE,302.8,
14-08-2021, Office Supplies,360,798.5,93.31,0,347.8,
29-12-2020,Toy,234.2,640.2,Rs.234.86,0,219,
19-06-2020, Office Supplies,349.2,900.8,91.19,1,338.9,
14-Apr-21,Sport Goods,537.6,1340.9,129.58,0,551.4,
11-09-2020,Pet Supplies,301.9,807.7,197.16,0,298.4,
14-10-2020,"  Furniture	",360.3,790.9,74.45,0,326.9,
14-03-2022,Electronic,319,331.8,46.17,0,289.9,
07-09-2022,pet supplies,314.1,807.9,198.78,0,325.3,
07-26-2021,Furniture,288.1,1012.3 pcs,74.31,FALSE,279.4,
08-24-2020,Pet Supplies ,251.1,762.5,200.58,0,229.1,
18-Jun-22,toys,382,562,235.65,0,360,
04-19-2021,Electronic,408.7,488.5,46.15,Y,402.5,
10-Jan-20,BEAUTY,290.7,1032.3,163.62,0,304.9,
08-12-2022,Sporting_Goods,571.6,1472.4,130.59,0,523,
01-Dec-22,Pet Supplies ,624.0 units,669.5,199.24,Y,587.5,
17-Dec-22,Electronic,353.9,286.9,45.16,1,343.1,
13-10-2020,Electronis,105.1,516.8,45.21,0,95.3,
29-Mar-21,Automotive-Parts,355.4,593.1,,0,371.6,
22-06-2022,office supplies,NULL,696.6,87.85,0,336.8,
19-10-2021,Groceries ,265.9,833.3,103.61,0,243.4,
13-08-2021,FURNITURE,345.1,990.4,75.89,N,347.9,
21-Nov-21,"  office supplies	",398.7,805.2,90.24,N,N/A,
22-Dec-20,Furniture ,302.2,?,75.56,No,283.7,
10-11-2020,groceries,207.7,604.4,110.87,FALSE,200,
11-Jul-22,Sporting_Goods,453.7,1413.7,130.6,0,410.4,
29-04-2020,Clothing,382.8,1305.4,163.85,0,381.1,
26-09-2022,Pet Supplies ,332.2,755.4,188.98,0,337.9,
11-02-2021,automotive parts,395.7,630.6,224.34,FALSE,412.5,
02-11-2022,Beauty,412.3,960.3,167.15,0,391.1,
03-11-2022,Electronis,351.4,332.6,46.11,0,328.1,
24-Sep-20,GROCERIES,missing,606.5,106.63,0,234.8,
18-05-2020,Office Supplies,210.4,931.7,90.19,0,195.5,
21-06-2021,OfficeSupplies,281,-,90.45,N,265.2,
15-01-2022,OFFICE SUPPLIES,466.7,733.5,90.65,0,462.3,
09-02-2020,beauty,280,1043.5,156.79,N,276.4,
19-11-2021,Beauty,414.9 units,977.7,162.12,0,401.1,
18-03-2022,furniture,224.5,1106.6,75.69,0,222.2,
05-10-2021,Auto Parts,285.9,694.8,212.71,No,297.6,
10-10-2020,Auto Parts,333.1,727.6,NA,Yes,336,
11-Sep-20,Automotive Parts,250.1,744.1,214.81,FALSE,227.9,
18-08-2022,Apparel,480.5,1428.1,165.38,FALSE,499,
03-Dec-21,toys,459.1,657.9,$239.69,Yes,471.1,
17-May-21,OFFICE SUPPLIES,301.1,954.8,88.32,FALSE,281.1,
15-02-2020, Office Supplies,369.4,904.2,87.9,0,373.3,
01-03-2022,Toys,261.1,669.7,241.59,FALSE,250.5,
16-10-2022,office supplies,416.2,761.1,88.63,0,379.9,
08-May-21,sporting goods,596.6,1329.8,128.92,0,599.9,
13-Aug-22,"   Toys	",379.7,574.9,235,0,366.8,
21-05-2021,Sporting_Goods,573.7,1310.1,128.02,No,583.1,
08-21-2020,sporting goods,550.1,1347.1,131.37,FALSE,538,
28-06-2022,Office Supplies,286.8,705.7,93.15,0,275.4,
03-Feb-20,groceries,241.2,706.7,108,FALSE,252,
06-07-2022,Pet Supplies,504.6,790.5,205.07,1,476.1,
06-27-2021,AUTOMOTIVE PARTS,283,685,213.58,0,255.6,
03-02-2021,TOYS,250.3,608.1,227.21,0,250.6,
19-02-2020,furniture,NULL,770.7,73.48,FALSE,184.6,
12-27-2021,automotive parts,339.9,503.6,220.52,0,23.1,
01-13-2020,Pet Supplies ,242.6,822,193.48,0,247.1,
31-05-2022,ELECTRONICS,305,291.4,47.11,N,292.5,
09-05-2022,toys,297.6,609.3,243.31,0,301.4,
07-01-2021,electronics,655.3,-552.4,48.62,FALSE,247.5,
09-27-2021,Pet Supplies ,406.2,473.8,195.26,Yes,83.1,
03-05-2020,AUTOMOTIVE PARTS,390,820.5,218.72,Y,397.5,
10-11-2021,SPORTING GOODS,472.7,1434.5,130.54,No,484.2,
24-10-2020, Electronics,149.9,493.5,46.49,N,140.9,
13-10-2021, Electronics,185.8,434.4,46.3,N,178.8,
09-01-2022, Toys,545.5,587.1,247.69,1,544.6,
19-Jun-22,TOYS,369.5,575.4,239.49,No,352.8,
05-May-20,groceries,186.8,641.5,107.7,FALSE,192.8,
31-Dec-22,PET SUPPLIES,417,652.5,202.88,No,404.7,
06-02-2020, Toys,728.1,707.4,-,FALSE,290.9,
13-05-2022,Beauty,NULL,1023.8,null,TRUE,512.9,
03-26-2020,"  pet supplies	",270.8,804.1,196.96,FALSE,258,
12-22-2022,"  Apparel	",549.5,1336.1,161.17,FALSE,5593,
12-12-2021, Beauty,365.3,null,163.15,0,369.7,
21-07-2022,Grocery,367.2,775.4,106.61,No,331.5,
12-19-2020,OfficeSupplies,392.7,839.4,88.26,0,407.6,
22-06-2021,Apparel,396.4,1282.2,165.04,No,373.8,
10-Feb-21,apparel,480.9,999999,174.49,N,502.8,
12-26-2020,Toys,233.4,639.2,239.59,No,244.2,
15-09-2022,PetSupplies,409.5,721.7,193.72,0,375.9,
09-17-2022,GROCERIES,355.3,778.2,109.75,0,333.5,
02-Oct-22,Sporting_Goods,516.5,1451.9,128.04,0,534.4,
31-May-20, Apparel,380.5,-,172.85,N,360,
30-03-2022,electronics,337.2,321.4,48.09,No,327.8,
17-08-2021,Groceries,284,-730.6,105.63,Y,265.9,
06-07-2021, Electronics,206.2,515.9,Rs.48.01,0,200.5,
26-09-2022,electronics,189.9,281.1 pcs,47.06,0,188,
11-07-2022,Toy,370.2,584,242.76,N,362.6,
11-Aug-20,AUTOMOTIVE PARTS,214.4,758.1,222.34,FALSE,197.9,
28-03-2022,Clothing,423.3,1343.5,170.6,No,421,
03-31-2020,Pet Supplies ,262,,195.44,Y,240.1,
14-May-22,pet supplies,304.6,628.7,191.38,FALSE,279.3,
01-05-2021,Beauty,421.3,1014.4,164.04,0,406.7,
19-05-2021,Electronis,274.4,324.5,46.25,N,253.6,
07-06-2021,PET SUPPLIES,281.3,808.3,204.17,0,289.2,
03-11-2020,OfficeSupplies,432.2,896.5,90.9,1,444.2,
24-07-2022,Pet Supplies ,303.5,410.1,201.43,FALSE,282.8,
08-09-2022,automotive parts,301.2,551.7,218.47,0,284.2,
31-10-2021,BEAUTY,515.9,996,165.19,1,517.4,
24-12-2020,AUTOMOTIVE PARTS,375,576.4,222.03,No,377.5,
15-05-2022,Toy,334.7,573.3,233.99,0,306.8,
28-05-2022,Furniture ,268.9,1160.4,74.51,0,251,
03-05-2022,AUTOMOTIVE PARTS,408.8,,211.63,0,428.4,
13-Aug-20,Office Supplies,306.4,871.2,89.56,0,286.3,
29-May-20,Beauty,468.7,1089.8,166.54,0,472.4,
26-10-2021,BEAUTY,352,1003,164.52,0,324.9,
14-Mar-21, Toys,225.5,670.8,238.35,0,223.7,
05-05-2022,Apparel,-471.1,1402.3,170.7,0,438.9,
04-21-2021,sporting goods,564.9,1324.2,128.21,0,576.2,
03-09-2021,BEAUTY,432,1033.3,164.83,0,425.8,
28-07-2021,pet supplies,295.9,782.6,194.25,0,269.7,
29-08-2022,electronics,194.8,283.7,46.21,0,190.3,
15-01-2020,GROCERIES,261.3,690.7,107.24,FALSE,270.5,
05-08-2020,Groceries ,235.4,583.9,107.59,FALSE,217.8,
05-17-2020, Apparel,334.3,1321.9,165.52,FALSE,305.9,
06-25-2021,beauty,522.1,967.2,164.66,0,495,
01-28-2020, Toys,277.8,828,230.87,TRUE,253.4,
31-10-2020,automotive parts,288.7,673,215.43,0,282.8,
11-Dec-21,Office Supplies,454.3,767.3,89.36,No,411.5,
02-11-2021,FURNITURE,350.7,1023.7,76.02,0,363.6,
02-01-2020,Apparel,445.1,716.9,171.46,No,69.9,
08-07-2020,electronics,183.7,-539.2,46.23,0,186.4,
01-02-2021,ELECTRONICS,249.2,563,47.55,0,258.1,
28-02-2021,Appearl,-459.5,1276,167.57,No,458.8,
05-Sep-22,Sport Goods,null,1167.3,131.55,FALSE,468.1,
29-05-2020,furniture,215.6,766.4,74.17,0,224.9,
22-08-2020,Furniture,353.1,817.6,73.61,0,342.6,
03-08-2020,Pet Supplies ,277,745.1,194.97,No,281.5,
01-Aug-20,ELECTRONICS,,554.7,46.98,N,161.8,
16-01-2022,Furnture,286.9,1082.2,$72.85,0,289.7,
07-05-2022,Toys,345.3,582.8,246.87,0,348.6,
10-21-2020,TOYS,455.2,617.2,$237.58,1,458.9,
21-10-2021,"  Apparel	",525.2,1303.2,173.78,0,498.4,
22-09-2021,Toys,360,658.3,231.94,0,352.4,
02-10-2020,Clothing,471.7,1234.1,$168.62,No,462.3,
06-02-2021,sporting goods,520.1,1381.8,127.24,0,532.5,
10-Nov-20,Furnture,348.3,missing,76.09,0,329,
06-07-2022,Office Supplies,317.7,731.3,91.45,0,327.9,
05-09-2021,Sporting_Goods,533.8,1358.3,129.51,FALSE,489.7,
14-12-2021, Electronics,230.6,387.3,47.02,0,234.3,
01-03-2022,BEAUTY,379.9,1040.2,157.86,0,376.5,
11-10-2022, Toys,387.7,613.1,,0,394.5,
23-03-2022,Pet Supplies ,313.1,821.5,197.62,0,305.4,
11-02-2021,beauty,375.9,961.7,164.62,FALSE,376.1,
01-03-2020,Electronics,234.7,514.1,46.85,No,223,
28-06-2022,ELECTRONICS,283.3,999999,45.49,0,256.8,
10-05-2022,PetSupplies,234.4,839.4,-,FALSE,229.6,
14-Sep-20,Automotive Parts,missing,754.3,227.12,0,211.8,
26-05-2020,Furnture,221.6,752.6,74.99,0,212.1,
31-03-2020, Toys,219.7,759.6,231.72,FALSE,215.3,
07-09-2020,"  PetSupplies	",303.2,758.3,203.68,FALSE,317.2,
17-03-2021,Auto Parts,N/A,610.6,213.79,FALSE,353,
07-31-2022,Automotive-Parts,274.1,555.6,212.91,FALSE,272.8,
27-11-2021,Auto Parts,372.7,649.6,216.9,No,382.6,
05-11-2022, Toys,325.4,587.8,229.1,N,326.7,
12-Nov-20,PET SUPPLIES,587,756.8,201.84,TRUE,551.3,
13-12-2021,office supplies,426.3,780.3 pcs,Rs.88.89,0,418.6,
03-29-2021,pet supplies,336.4,867.9,194.1,TRUE,326.1,
08-01-2022,PET SUPPLIES,353.6,836.2,195.68,FALSE,357.5,
04-08-2021,"  Groceries	",251.3,702.7,107.18,FALSE,257.2,
03-01-2023,Electronic,308.9,260.4,47.58,0,312.5,
02-24-2022,OfficeSupplies,421.1,740.1,91.59,0,381.1,
30-06-2021,AUTOMOTIVE PARTS,258.9,696.3,221.05,0,254.5,
22-12-2020, Beauty,436.2,1041,163.74,1,401.5,
29-04-2021,sporting goods,569.6,1330.4,$130.12,0,N/A,
20-Sep-20,toys,327.6,619.8,233.02,0,319.7,
01-Jan-21,Beauty,360.3 units,1028.2,159.98,0,375.2,
18-08-2021, Apparel,422.7,1278.6,168.68,FALSE,422.5,
04-05-2021,Apparel,555.8,1310.3,170.95,Y,538.1,
26-11-2020,Sport Goods,518.1,1354.4,132.77,FALSE,510.1,
07-Jun-20,Electronics,204.9,555.4,46.86,0,202.8,
29-09-2021,office supplies,388.8,810.3,89.06,0,391.2,
01-10-2021,Furniture ,241.4,875.3,75.49,FALSE,221.3,
02-29-2020,Toy,207.7,799.6,241.01,N,207,
11-02-2020,Electronics,112.8,527.1,46.39,0,102.2,
12-02-2021,Automotive Parts,384.1,633.5,217.6,0,358.9,
21-04-2020,GROCERIES,280.6,636.7,$105.34,Y,284,
01-11-2022,AUTOMOTIVE PARTS,339.1,NA,214.68,0,340.5,
20-03-2020,Apparel,444.8,1244.2,165.96,FALSE,451.1,
09-07-2021,AUTOMOTIVE PARTS,250.8,711.1,217.67,0,248.9,
22-04-2022,Sporting Goods,622.7,1419.2,125.55,FALSE,628,
14-07-2022,"  Electronic	",294.8,259.5,46.88,0,293.3,
28-03-2020,AUTOMOTIVE PARTS,null,788.2,211.7,FALSE,344.5,
09-17-2021,sporting goods,531.6,1394.4,120.77,0,-,
12-16-2021,AUTOMOTIVE PARTS,366.7,659,223.42,0,374.5,
31-12-2020,OfficeSupplies,588.5,845.2,86.64,1,581,
30-04-2021,Automotive Parts,349.8,645,222,0,342.4,
01-01-2022,Sporting Goods,531.3,1418.8,128.31,FALSE,479.5,
01-11-2022,SPORTING GOODS,,1458.9,127.48,0,487.9,
08-20-2022,FURNITURE,345.4,1155,75.17,FALSE,3308,
14-09-2021, Office Supplies,353.5,825.4,88.18,No,357.2,
16-Oct-22, Toys,358.1,611.5,235.45,0,346.6,
06-07-2022,ELECTRONICS,missing,296.9,46.94,0,NULL,
19-05-2022,GROCERIES,370.9,755.5,110.11,0,367.4,
21-05-2020,GROCERIES,277.7,616.9,107.39,0,250.9,
17-11-2020,GROCERIES,247.5,584.7,100.47,0,257.2,
06-10-2021, Toys,336.9,-,245.37,0,329.4,
02-04-2022,APPAREL,539,1324.3,167.67,0,539.9,
06-27-2022,office supplies,?,713.8,91.96,0,281.7,
28-09-2022,Sport Goods,546.2,?,132.3,0,552.7,
26-09-2021,"  automotive parts	",282.3,702.2,211.06,N,267.3,
02-13-2022,Automotive-Parts,373.9,-629.4,216.31,No,341.2,
03-07-2021,groceries,275.5,626.1,112.91,0,248.6,
05-Jul-20,Furnture,missing,556.4,,0,270.8,
09-12-2020,Apparel,625.5,1252.3,174.18,1,644,
07-06-2020,Sport Goods,474.4,1377.1,130.05,FALSE,482.8,
06-Feb-21,Pet Supplies,287.3,818.2,204.46,0,268.6,
09-03-2021,APPAREL,432.5,1277.5,165.99,FALSE,449.4,
10-02-2022, Apparel,564.8,999999,169.91,1,559.2,
19-12-2020,PetSupplies,351.3,795.6,196.83,FALSE,343.6,
14-04-2021,Furniture,287.3,976.5,75.25,1,270.4,
01-Mar-21,"  Beuaty	",382.2,1000,166.15,Y,384.4,
02-07-2020,Beuaty,418.8,1095.7,163.6,0,418.5,
31-07-2020,GROCERIES,251.3,?,112.21,FALSE,251.8,
08-12-2021,furniture,390,1041.5,73.59,1,361.5,
26-Nov-21,groceries,missing,798.1,999999,N,333.7,
17-Sep-20,Automotive-Parts,313.6,735.2,216.73,0,326.3,
22-10-2022,"  Auto Parts	",519.8,503.4,216.27,Y,469.4,
05-11-2020,Grocerys,272,583.5,109.07,FALSE,257.3,
02-01-2021,TOYS,NA,621.6,239.71,0,249.8,
14-07-2021,Sporting_Goods,537.6,1319,129.21,0,550.6,
14-01-2021,toys,415.9,324.8,236.34,Yes,389.2,
29-11-2021,Grocery,?,827.8,$109.65,0,282.4,
03-16-2021,Beauty,320.2,1015.6,161.78,0,293.2,
10-07-2020,Furnture,355.7,759.3,74.66,0,328.5,
25-10-2022,Groceries,393.3,775.6,108.21,TRUE,385.1,
12-10-2022,automotive parts,330.1,-511.4,217.56,0,305.6,
13-07-2021,toys,343.3,NA,231.24,0,330.9,
12-Jul-22,toys,382.7,581.9,231.02,N,missing,
11-10-2021,Beuaty,367.1,1000.8,163.37,0,337.1,
20-May-20,PetSupplies,205.9,825.3,188.15,0,208,
10-Aug-20,Furniture,325.5,828.3,73.8,0,299,
12-07-2022,ELECTRONICS,249.1,287.8,47.73,0,226.6,
10-Aug-20,Sporting Goods,417.4,1410,127.42,No,NULL,
12-05-2021,Furnture,352.7,1018.2,72.3,N,323.6,
17-Dec-22,pet supplies,429.3,668.8,204.46,0,387.2,
04-12-2020,Beuaty,393.3,1049.3,157.98,FALSE,411.2,
06-Sep-20,Automotive-Parts,-,759.7,217.82,No,189.5,
11-07-2022,automotive parts,308.9,570.9,223.56,N,320.7,
21-06-2020,apparel,356.2,1313.6,176.26,0,349.4,
09-18-2020,Automotive-Parts,285.9,733,219.38,0,284.7,
03-Oct-20,Furniture,448.3 units,768.2,75.53,TRUE,461,
05-27-2020,apparel,572.3,1319.1,167.15,1,584.5,
12-01-2022,Beauty,N/A,1002.5,165.76,0,359.2,
19-Aug-20,PetSupplies,327.1,738.3,198.03,0,313.9,
29-11-2020,Apparel,433.7,1253.5,172.39,FALSE,426.4,
22-06-2020,Grocerys,200.4,634.4 pcs,?,N,189.2,
25-10-2021,AUTOMOTIVE PARTS,999999,681.8,215.99,0,268.9,
06-10-2020,PetSupplies,,786.4,192.33,0,289.8,
02-Jul-22,PetSupplies,353.8,789.9,198.65,FALSE,341.2,
26-11-2022,FURNITURE,395.2,1154,72.09,0,411,
06-05-2022,beauty,534.2,1003.5,166.94,0,499.9,
03-08-2020,Pet Supplies ,204.7,841.1,205.12,0,196.5,
17-Nov-21,toys,321,649.3,233.47,N,293,
09-11-2021,BEAUTY,435,991.2,167.56,FALSE,436.9,
19-Jan-20,sporting goods,494.2,?,128.26,0,447,
01-14-2021,Pet Supplies ,328.6,823.2,999999,FALSE,343.7,
05-10-2022,Clothing,514.6,1356.2,169.88,0,532.9,
22-Jun-20, Beauty,328.9,?,162.91,0,322.1,
30-Sep-22,Automotive-Parts,359.6,487.9,$211.9,0,355,
16-03-2021,Office Supplies,317.8,871.4,89.71,0,290.9,
07-19-2021,APPAREL,448.2,missing,167.51,Yes,455.3,
24-06-2020,Pet Supplies,280.1,788.9,199.1,0,284.1,
26-07-2020,sporting goods,480.6,1367.5,129.61,0,456.6,
11-12-2020,electronics,227,513.1,48.08,0,225.4,
10-Oct-21,pet supplies,348.2,865.3,202.12,No,322.5,
06-07-2021, Toys,304.7,655.1,243.97,0,317.1,
26-Nov-22,OFFICE SUPPLIES,461,726.5,89.34,FALSE,424.4,
08-07-2020,Furniture,686,813.3,73.81,0,241.1,
13-01-2022,GROCERIES,393.7,789,109.34,FALSE,389.3,
21-11-2022,office supplies,443.4,748.4,89.25,0,411.1,
19-02-2022,pet supplies,307.7,836.6,198.68,No,296.3,
11-Mar-20,Pet Supplies ,267.8,825.8,192.49,0,252.1,
31-05-2021,Furnture,210.3,1000.2,74.98,N,196.7,
15-Oct-22,Auto Parts,323.2,-506.3,213.24,0,331.9,
25-07-2022,beauty,624,942.5,169.09,TRUE,619.7,
10-02-2022, Apparel,472.3,1336.2,166.54,0,491.9,
19-Aug-22,OfficeSupplies,426.8,702.3,89.33,0,418.4,
10-10-2022,Toy,370.8,615.2,229.17,0,360.8,
10-04-2021,Office Supplies,347.7,874.6,93.7,0,325.1,
17-04-2022,PET SUPPLIES,257.9,859.9,204.4,FALSE,255.1,
27-Mar-22,BEAUTY,442.5,1003.1,160.55,0,407.2,
05-11-2020,Furniture ,NA,782.9,73.34,0,370.6,
06-04-2021,Toys,266.7,630.5,234.14,0,270.4,
29-11-2022,FURNITURE,388.3,1149.8,74.65,No,402.4,
06-19-2021,furniture,867.9,569.5,75.3,FALSE,238,
04-09-2021,pet supplies,335.8,780.9,190.72,0,345.4,
01-09-2020,office supplies,306,856.1,$86.5,0,282.6,
06-09-2021,sporting goods,510.7 units,1366.2,129.09,0,488.5,
30-May-22,APPAREL,442.4 units,1423.6,166.18,0,445.5,
20-Jun-22,Sporting_Goods,515,1410.9,126.38,0,531.2,
05-23-2020,Apparel,358,1326.2,160.37,0,355.8,
03-01-2023,groceries,398.8,749.2,104.94,0,372.6,
04-05-2021,AUTOMOTIVE PARTS,280.7 units,681.8,218.04,No,257.6,
15-Mar-20,automotive parts,338.8,766.4,222.8,0,339.9,
01-25-2020,Sport Goods,462.4,1453,127.5,0,482.2,
29-06-2021,beauty,440.3,994.2,164.72,0,420.4,
27-02-2021,Pet Supplies,N/A,807.1,$197.99,0,265.9,
15-10-2021,"  Grocery	",338.9,808.8,106.91,0,325.9,
02-01-2023,Clothing,467.6,1383.6,165.74,0,475.6,
10-11-2022, Electronics,265.9,290.4,46.33,No,268.1,
18-06-2022,OFFICE SUPPLIES,,698.2,91.73,0,340.6,
17-Oct-20,office supplies,376.5,810.7,91.21,N,359.3,
07-25-2021,"  apparel	",421.9,1286.9,173.15,FALSE,414.5,
19-12-2022,Furniture,337,1129.1,72.63,FALSE,313,
26-07-2021,Automotive-Parts,240,673.4,215.87,0,232,
06-May-20,Appearl,395.9,1304.3,170.78,0,375.5,
12-01-2020,Sporting_Goods,442.6,1452.6,missing,0,456,
28-09-2021,SPORTING GOODS,433.8,1425.9,128.89,0,446.8,
08-05-2022,electronics,275.2,242.4,47.91,0,267.6,
16-10-2021,apparel,464.7,1333.3,167.21,0,422.9,
08-29-2021,Automotive Parts,265.3,702.3,218.53,0,261.3,
22-Aug-20,"  Grocerys	",232.4,611.9,112.27,FALSE,237.9,
02-15-2021,Clothing,415.3,1262.5,167.85,0,384.3,
26-10-2020,GROCERIES,225.6,614.3,$106.48,N,204.2,
10-14-2022,Clothing,539.8,1326,169.62,0,529.7,
01-08-2020,Groceries,243.5,681,103.88,N,254.5,
03-06-2021,BEAUTY,-,1000.5,164.43,0,487.8,
08-08-2020,Sporting_Goods,535.8,1381.6,126.92,0,555.9,
15-11-2021,pet supplies,331.8,822.2,195.41,N,332.2,
07-12-2020,Toy,292.2,653.2,230.26,FALSE,287.3,
21-12-2020,office supplies,360.6,861.4,$93.0,FALSE,370.9,
26-07-2022,Electronics,241.2,273.3,45.8,0,237.9,
20-Sep-20,Electronics,125.9,550.7,47.25,0,128.8,
10-Nov-22,PET SUPPLIES,428.8,699.5,203.84,0,408.9,
23-Sep-22,ELECTRONICS,243.6,258.3,45.37,No,225.2,
29-01-2020,groceries,271.1,675.6,108.92,N,260.9,
28-03-2021,Furnture,?,974.6,74.94,No,178.4,
24-09-2022,Office Supplies,435.6,712.7,88.3,0,411.3,
03-23-2020,Appearl,388.8 units,1265.3,167,0,357.2,
07-May-20,electronics,275.4,494.3,46.76,FALSE,266.9,
24-07-2020,PetSupplies,313.2,758.3,198.35,0,297.7,
22-01-2021, Beauty,360,987.1,161.26,0,373.2,
12-02-2020,PetSupplies,256.1,821.6,200.73,0,236.5,
10-Apr-20,Grocery,278.3,635.2,106.4,0,276.3,
20-Aug-21,Electronics,216.6,515,47.31,No,204.6,
10-12-2022,pet supplies,373.4,-748.3,203.66,0,359.2,
01-05-2021,Groceries ,325.4,634.6,110.53,0,322.2,
13-06-2022,AUTOMOTIVE PARTS,N/A,571.1,213.49,0,294.3,
06-06-2021,Electronis,263.7,511.6,47.22,0,261.7,
01-09-2021,Furnture,377.3 units,962.9,75.17,0,388.5,
15-10-2020,pet supplies,365.9,793.6,$194.88,0,360.3,
27-11-2021,"  Grocerys	",387.8,794.8,106.66,FALSE,382.6,
08-10-2020,Groceries,297.7 units,571.2,105.18,0,309.2,
13-08-2022,ELECTRONICS,262.1,253.5,46.21,FALSE,266,
19-10-2021,Sporting_Goods,396.4,999999,126.93,FALSE,371.3,
10-Nov-20,automotive parts,261.5,667.6,219.8,FALSE,258.7,
09-01-2021,Automotive Parts,342,601,missing,N,3222,
17-12-2021,Electronic,N/A,372,47.18,0,250.4,
25-Dec-20,AUTOMOTIVE PARTS,356.2,579.9 pcs,226.67,No,N/A,
27-09-2020, Electronics,130.3,541.2,45.31,0,131.8,
09-06-2022, Beauty,514.3,1025.6,160.74,0,495.3,
03-25-2021,Auto Parts,359.7,598.8,215.12,0,351.8,
06-20-2022,Pet Supplies ,269.1,827,201.32,0,251.8,
05-07-2022,office supplies,330.8,706.9,90.62,0,319.2,
08-08-2022,toys,-347,586.4,241.16,FALSE,322.7,
26-03-2020,Sporting_Goods,null,1385.8,128.4,FALSE,572.8,
07-04-2020,"  GROCERIES	",216.2,668.9,104.28,FALSE,204.4,
23-12-2022,"  Furniture	",351.9,1131.9,74.97,No,362.3,
08-06-2020,Automotive-Parts,234.8,896.4,null,0,211.5,
12-05-2022,pet supplies,304.7,805.6,202.48,FALSE,275,
07-07-2021,"  electronics	",243.9,505.8,46.16,0,242.2,
29-09-2020,Furnture,335.4,796.6,missing,0,307.7,
04-Feb-20,Grocery,248.7,704.3,107.53,N,259.3,
14-01-2022,Electronis,313.7,339,$46.1,N,287,
03-03-2020,PET SUPPLIES,247.5,830.4,198.55,N,258.6,
02-04-2020,Toy,274.7,-,NULL,0,258.4,
06-Feb-22,SPORTING GOODS,496.8,1412.5,130.33,FALSE,460.3,
04-15-2021,Automotive Parts,360.7,585.6,215.28,0,338.9,
01-19-2020,Beauty,288.2,1019.3,166.05,FALSE,302.3,
11-23-2020,Furniture ,316.4,832.5,73.77,0,305,
14-Dec-20,pet supplies,308.8,796.8,198.58,0,283.3,
25-Oct-21,Apparel,401.5,1347.3,missing,0,384.7,
29-10-2021,office supplies,445.6,823.9,86.42,No,451,
23-12-2020,Electronis,201.3,545.3,47.59,FALSE,195.4,
21-02-2022,GROCERIES,330.9,791.2,106.76,N,332.5,
01-17-2022,Automotive-Parts,355,-685.6,216.85,0,320.8,
07-10-2020,Electronics,323.7,532,46.79,1,326.3,
21-04-2020,furniture,146.2,781.8,73.84,0,144.5,
08-Nov-22,Electronics,208.5,306.3,46.56,0,208.5,
11-03-2021,PET SUPPLIES,358.5,839.3,202.33,0,360.3,
29-09-2021,Toys,317,640.9,239.73,FALSE,296.7,
14-08-2020,sporting goods,455.9,1382.2,132.76,0,464.5,
06-28-2022,"  Sport Goods	",540.8,1386,129.47,No,558.5,
08-01-2021,Clothing,479.9,1260.4,168.31,N,456.1,
25-02-2021,Automotive-Parts,388.7,625.8,228.98,0,390.1,
28-11-2020,Toy,?,617.8,235.42,0,293.3,
16-Sep-20, Beauty,357.4,1061.4,162.07,No,3523,
23-Feb-20,sporting goods,470.2,1434.8,128.46,0,452,
28-10-2021,Sport Goods,524.4,1405.4,125.8,No,499.2,
08-29-2022,Furniture ,351.6,1159.1,73.32,0,349,
28-03-2020,TOYS,209.7,769.9,239.92,No,191,
11-10-2022,"  Electronics	",313.5,290.5,47.56,1,297.6,
12-05-2021,OfficeSupplies,356.1,927.6,89.8,0,327.2,
07-03-2022,pet supplies,299.3,805.2,$197.46,0,289,
02-Apr-21, Beauty,380,986.2,163.62,0,393.4,
11-03-2021,Grocerys,339,620.2,105.17,0,323.9,
05-06-2021,Automotive Parts,369.3,658.2,216.38,N,356.6,
20-10-2020,electronics,133.4,511.3,46.27,0,136.9,
02-06-2021,Groceries,296.2,693.9,103.98,FALSE,301.2,
02-24-2020,Pet Supplies,236.6,825.7,194.44,0,231.7,
13-10-2021,automotive parts,292.4,693.5,222.13,FALSE,273.5,
26-03-2021, Beauty,437.3,966.2,157.55,FALSE,447.9,
30-11-2020,Sporting_Goods,452.7,1385.8,Rs.127.3,0,413.1,
12-08-2020,Automotive Parts,291.9,615.9,$226.11,0,288.8,
06-28-2020,FURNITURE,237.6,805.1,Rs.76.76,FALSE,235.2,
17-Sep-20,toys,445.3,621.8,232.64,TRUE,455,
11-04-2020,groceries,273.3,637.9,Rs.105.51,0,285.9,
05-08-2022,Furnture,372.9,1124.5,71.18,FALSE,336.7,
05-01-2022,Automotive-Parts,359.2,684.9,217.24,0,376.7,
24-May-20,Clothing,396.3,1315.4,N/A,0,401.2,
12-Oct-22,Clothing,491.8,1345.8,169,FALSE,500.3,
13-Aug-20,Auto Parts,244.9,752,214.47,FALSE,missing,
27-06-2020,Apparel,missing,1331.9,172.69,0,362.2,
12-01-2020,FURNITURE,246.8,776.8,76.91,FALSE,missing,
07-12-2021,"  automotive parts	",403.2,687.4,217.2,TRUE,404.5,
26-11-2022,Clothing,?,1385.5,173.58,FALSE,566.6,
28-07-2022,AUTOMOTIVE PARTS,317.3,554.8,217.94,FALSE,324.6,
11-16-2022,Beuaty,419.1,-981.4,167.65,FALSE,380.3,
22-01-2022,sporting goods,551.3,1414.8,122.72,N,567.1,
29-06-2022,"  Auto Parts	",328.1,546.7,214.66,0,309.6,
04-01-2022,Sporting_Goods,485.7,1428.7,125.76,0,468.5,
21-11-2020,Grocerys,-,565.1,104.85,FALSE,310.2,
17-04-2021,apparel,440.3,-1297.2,175.96,0,426.6,
04-09-2022,ELECTRONICS,513.1,296.8,47.13,1,534.8,
31-12-2022,FURNITURE,343.8,1117,70.44,No,355.7,
09-05-2021,Automotive Parts,321.6,677.4,221.54,0,336.6,
23-Jul-22,"  Furniture 	",379.2,1133.5,76.66,No,346.1,
06-Feb-22,Automotive Parts,368,649,208.44,FALSE,343.4,
01-03-2021, Apparel,395.9,1291.5,165.09,0,411.8,
27-Jan-20,Beuaty,256.8,555.0 pcs,164.82,N,264.5,
26-Nov-22,Grocery,416.5,760.5,110.84,FALSE,403.1,
31-12-2021,pet supplies,382.2,816.4,196.52,0,397.8,
28-Sep-20,beauty,400.9,1089.2,169.17,1,416.8,
09-Mar-20,Appearl,340.3,1258.9,168.22,No,346.3,
03-12-2021,Clothing,754.7,1289,168.56,Yes,769.5,
08-08-2021,AUTOMOTIVE PARTS,283.3,673.7,217.57,No,279.5,
20-12-2022,Appearl,464.1,1377.3,175.62,N,484.6,
06-09-2021,sporting goods,599,1309.9,126.29,0,548.5,
03-09-2021,OfficeSupplies,399,800,88.09,0,397.6,
09-May-21,Beuaty,NA,1019.7,166.49,0,428.5,
05-03-2020,Groceries,226.8,634,-,N,219.5,
13-Sep-21,Groceries ,238.9,808.5,104.55,0,234.7,
08-07-2022,BEAUTY,456.6,952,162.88,0,433,
04-10-2022,ELECTRONICS,339.5,999999,44.28,0,317.2,
07-Sep-20,Toy,293.4,627.6,Rs.227.45,0,277.2,
07-08-2022,Electronic,232.4,265.8,45.99,0,213.7,
12-21-2022,Toy,335.9,569.4,$237.26,0,321.4,
26-01-2022,groceries,367.1,775.3,107.65,0,370.1,
22-12-2021, Apparel,476.4,1328.8,169.41,0,464.3,
10-25-2020, Office Supplies,359,818.4,92.08,0,370,
17-08-2020,Clothing,379.1,1258.3,176.81,0,395.4,
09-01-2022,Toy,291,678.3,244.78,0,280.6,
06-28-2020,Automotive-Parts,236.4,822.4,219.45,0,224.8,
20-01-2021,Toy,239.2,641.1,241.78,0,229.5,
12-09-2021,Grocery,265.3,999999,108.41,FALSE,249.7,
16-08-2021,Beuaty,352.5,-1033.4,159.99,0,322.1,
23-02-2022,automotive parts,380.2,610.3,216.36,0,395.1,
23-06-2020,furniture,201.3,803.6,76.42,0,201,
20-09-2022,OFFICE SUPPLIES,377.4,716.6,89.92,0,368.1,
02-12-2021,sporting goods,555.9,1414.6,129.7,FALSE,532.8,
21-Jun-22,"  BEAUTY	",649,1042.9,164.67,Yes,631.4,
09-11-2020,furniture,319.6,800.8,74.15,FALSE,304.6,
03-09-2021,Apparel,473.5,1281.1,169.32,0,460.3,
02-19-2022,groceries,NULL,789.7,107.18,0,339.5,
10-09-2020,Toys,351.4,618.3,231.15,0,332.2,
12-01-2021,Pet Supplies,379,824.5,195.47,0,382.1,
04-Oct-22,Appearl,472.9,1359.9,168.77,0,491.8,
11-19-2022,Groceries,391.2,774.5,111.81,FALSE,368.5,
11-05-2020,BEAUTY,366.2,1116.1,170.21,FALSE,333,
23-Oct-21,Automotive-Parts,282.4,686.6,221.48,FALSE,258.6,
10-12-2020,"  SPORTING GOODS	",518.3,1390,126.75,0,499.8,
10-04-2022, Electronics,194.4,311.4,47.19,0,200.1,
20-08-2021,Office Supplies,385.2,785.9,91.02,FALSE,362.3,
21-Feb-20,Grocery,290.4,694.3,112.03,N,296.4,
11-02-2020,GROCERIES,210.8,600.3,108.87,0,191.6,
07-25-2022,Apparel,405.5,944.5,172.79,0,420.3,
25-05-2022,Office Supplies,,714.7,88.57,No,380.3,
10-26-2022,Automotive Parts,333.3,495.8,214.16,No,322.5,
12-11-2021,Furnture,370.5,-,75.36,0,355.9,
14-12-2021,"  FURNITURE	",337.3,639.7,73.42,0,315,
30-May-20,Toy,319.7,713.1,239.35,0,328.1,
15-10-2022,toys,374.8,-607.8,237.88,0,367.6,
14-02-2020,AUTOMOTIVE PARTS,352.5,789.1,212.35,0,319.1,
30-Jul-20,Auto Parts,,770.2,217.36,0,232,
10-09-2021,Pet Supplies ,377.8,842.9,185.23,No,350.9,
09-30-2022, Office Supplies,451,729.2,90.06,No,421.5,
09-06-2021,Electronis,387.4,506.6,48.5,TRUE,353.3,
21-11-2022,electronics,227.1,312.6,47.72,FALSE,238.1,
26-06-2020,AUTOMOTIVE PARTS,305.5,817.4,216.98,0,281.8,
06-06-2021,automotive parts,268.1,705.7,216.57,0,258.7,
15-12-2022,Groceries,421.1,?,?,0,428.9,
07-06-2020,BEAUTY,383.1,1118.5,161.96,0,368.9,
12-09-2022,OFFICE SUPPLIES,NULL,751.8,89.46,0,326.5,
03-10-2021,SPORTING GOODS,427.2,1432.4,125.64,0,410.1,
27-06-2020,Furniture ,240.6,801.1,73.32,0,223.4,
29-03-2022,Grocerys,292.1,761.7,102.69,0,2826,
04-08-2020,Apparel,387.7,1294.9,164.56,FALSE,405.7,
02-08-2022,Automotive-Parts,275.8,558.3,212.63,FALSE,275.1,
27-01-2022,APPAREL,526.3,1314.7,171.96,0,511.4,
20-07-2020,FURNITURE,267,831.3,73.09,0,276.5,
01-06-2020,Groceries,197.3,615.9,109.27,No,192.1,
04-16-2021,sporting goods,,1333.9,131.13,0,544.7,
28-05-2021,groceries,313.2,681.9,106.81,0,291.8,
25-10-2022,Apparel,450.7,1357.9,172.17,FALSE,428.8,
10-10-2022,sporting goods,453.8,1471,131.45,0,451.4,
22-May-22,automotive parts,320.3,999999,212.02,FALSE,332.5,
27-04-2020,OfficeSupplies,252.6,919.4,90.15,0,254.4,
29-01-2021,Grocerys,321.1,-,108.55,0,304.8,
24-11-2022,Automotive Parts,391.5,474.5,220.7,0,369.3,
09-12-2022,FURNITURE,371.5,1123.3,75.3,0,373.3,
05-Dec-20,Grocery,321.7,568.3,107.42,FALSE,311.2,
22-Aug-21, Toys,359,637.1,240.42,No,355.2,
22-02-2021,GROCERIES,,309.7,107.87,N,289.7,
21-05-2021,automotive parts,338.3,687.1,222.87,FALSE,308.3,
27-Nov-22,APPAREL,522.2,1393.7,172.91,0,526,
03-26-2022, Office Supplies,395.5,missing,87.92,FALSE,383.3,
19-03-2020,Grocerys,990.7,644,109.4,No,242.7,
18-Apr-21,BEAUTY,417.4,1008,164.61,N,380.1,
25-Aug-21,office supplies,337.4,-806.3,90.23,FALSE,306.3,
11-11-2021,Furniture,369.6,1021.2,72.65,FALSE,349.2,
11-Oct-20,OfficeSupplies,347.2,826.1,?,0,330.4,
02-11-2020, Apparel,1541.5,-1235.6,171.59,0,369.4,
12-27-2021,Toy,273.9,686.2,238.25,0,259.7,
10-07-2021,Beauty,469,996.1,165.32,0,4512,
27-03-2021,TOYS,284,637.6,243,FALSE,260.1,
08-11-2022,Apparel,469.7,1389.7,172.16,0,459.2,
09-04-2021,Toy,NULL,625.3,234.8,0,999999,
08-21-2021,electronics,205.1,NULL,46.94,FALSE,204,
24-02-2020, Beauty,285.1,1092.8 pcs,165.65,0,296.7,
18-03-2022,"  Automotive-Parts	",N/A,587,215.7,No,422,
07-14-2020,FURNITURE,272.1,819.6,74.63,0,283.1,
22-08-2022,APPAREL,431.3,1438.4,174.07,0,432.4,
06-08-2021,Furniture ,346.1,969.3,72.01,0,354.6,
06-26-2020,ELECTRONICS,237.6,541.7,45.57,0,220.7,
10-25-2020,Sporting_Goods,412.0 units,1422.5,128.33,0,414.2,
09-07-2021,office supplies,316.1,896.4,88.12,0,313.4,
10-09-2021,TOYS,missing,627.5,238.49,0,341.3,
13-Feb-20,Pet Supplies,300.4 units,815.7,197.59,0,299.9,
03-03-2022,Sport Goods,542.8,1437.2,126.42,0,544,
05-21-2021, Toys,341,632.4,239.92,0,NA,
17-10-2021,PetSupplies,333.5,850.2,192.56,N,339.8,
31-Aug-21,toys,332.7,627.9,239.59,0,320.9,
04-09-2020, Office Supplies,505,842.4,89.71,1,505,
07-18-2020, Toys,314.8,647,229.2,0,329.3,
09-05-2022,Office Supplies,364.5,748,87.65,0,345.2,
09-09-2021, Toys,338.3,631.3,248.7,0,308.6,
23-01-2022,Sporting_Goods,509,1422.4,128.16,FALSE,528.3,
29-09-2021,"   Electronics	",191.6,459.2 pcs,46.19,0,180.2,
15-10-2020,toys,318.6,618.6,NA,0,326.6,
20-Apr-21,Automotive Parts,325.7,620.3,218.54,No,295.9,
23-04-2020,sporting goods,606.9,N/A,127.95,FALSE,576.8,
03-12-2020,Beauty,374,1053.8,163.91,N,353.6,
08-10-2022,TOYS,374.8,N/A,228.4,N,388.4,
08-07-2021,Furniture,382.2,998.4,72.92,1,358.9,
27-10-2020,Toys,268.7,642.9,239.54,0,259.5,
10-13-2022,groceries,364.7,751.3,104.71,N,335.3,
29-06-2022,Sporting Goods,606.9,1372.9,133.62,0,582.1,
03-08-2022,PET SUPPLIES,273.3,820.5,196.89,FALSE,999999,
11-06-2022,Appearl,475.7,NA,174.12,0,481.9,
10-23-2021,Beauty,427.6,-991.4,171.32,0,438.2,
01-Aug-21,OfficeSupplies,292.5,460.9,89.3,0,302.7,
24-Mar-21,ELECTRONICS,297.3,486.2,46.1,0,269.8,
05-31-2021,Sporting Goods,488.7,1324,129.87,FALSE,471.5,
12-12-2020,BEAUTY,363.6,1057.2,167.72,0,352.7,
08-19-2022, Electronics,277,224,46.97,No,267,
12-06-2022,pet supplies,292.2,840.1,193.69,FALSE,273.9,
01-03-2021,Sporting_Goods,502.5,1356.3,126.51,N,510.6,
20-05-2020,Grocerys,null,624.7,108.58,FALSE,244.9,
02-28-2021, Electronics,NULL,501.2,47.98,0,243.7,
05-12-2022,Beauty,344.8,996,162.57,0,359.6,
03-20-2021,PET SUPPLIES,279.8,840.4,194.69,N,265.9,
15-02-2021,sporting goods,486.2,1392.8,130.42,0,449,
13-04-2020,BEAUTY,317.9,1134.3,166.12,No,310.7,
23-08-2020, Apparel,465.9,1255.4,166.22,1,477,
23-08-2020, Electronics,132.7,556.8,46.57,0,125.9,
17-06-2020,APPAREL,438.2,1271.3,172.32,No,425.5,
15-Mar-22,APPAREL,459.7,1327.1,$174.62,0,458.3,
01-Nov-22,OFFICE SUPPLIES,426.4,761.3,89.57,0,442.4,
25-09-2021,Automotive Parts,279.7,705.8,223.77,0,274.1,
27-01-2021,OFFICE SUPPLIES,379.5,866.3,87.4,0,363.4,
30-11-2022,OFFICE SUPPLIES,474.8,712.6,88.59,0,492.6,
02-04-2021,ELECTRONICS,271.7,547,47.8,0,249.1,
30-07-2020,Beauty,424,1090.3,162.82,0,428.3,
21-01-2022,Auto Parts,417.3,668.6,219.53,0,419.3,
13-05-2021,OfficeSupplies,324.5,934.2,94.35,0,298.2,
13-03-2021,Beuaty,1591.8,969.5,167.89,0,4123,
04-05-2021,"   Toys	",293.8,-641.2,240.68,FALSE,265,
18-01-2020,BEAUTY,284.2,1016.3,$164.45,FALSE,297.4,
02-Nov-22,AUTOMOTIVE PARTS,345.2,524.9,219.82,N,341.8,
18-04-2020,Office Supplies,280.8,912.2,90.17,0,259.4,
09-Jun-22,OFFICE SUPPLIES,392.4,711.4,Rs.90.19,0,395.2,
07-13-2020, Electronics,140.4,566.3,47.12,No,131.3,
26-Nov-20,Appearl,511.5,1251.3,162.66,No,523.5,
27-Apr-20,Furniture,188.2,783.7,74.28,FALSE,197.2,
06-11-2022, Office Supplies,451.3,736.3,89.07,0,413,
29-Jan-22,Appearl,NULL,1342.2,177.81,0,999999,
19-11-2020,TOYS,253.9,607.7,240.81,0,255.1,
23-10-2021,ELECTRONICS,203.6,-415.7,47.99,0,209.1,
17-08-2022,automotive parts,274.3,575.4,216.05,N,266.6,
20-Sep-20,automotive parts,597.2,739,215.55,0,NA,
25-02-2021,sporting goods,582,,127.85,N,534.2,
16-12-2021,Apparel,510.1,1302.1,172.73,0,500.1,
27-06-2022,Sporting_Goods,517.2,1398.9,130.82,0,470.3,
03-21-2021,groceries,310.3,631,107.65,0,297.7,
06-12-2021,Grocery,312,810.6,108.34,FALSE,322.4,
25-01-2020,Furniture ,N/A,765.2,76.26,0,245,
26-Jul-20,BEAUTY,379.6,1109.1,164.2,0,352.5,
04-09-2022,furniture,379.5,1159.6,$72.86,No,NULL,
29-Mar-22, Beauty,418.9,1020.5,170.24,0,409.8,
03-24-2021,Automotive-Parts,373.3,591.9,213.27,0,358.6,
10-02-2021,AUTOMOTIVE PARTS,295.8,688.5,220.33,0,275.1,
03-23-2021,PET SUPPLIES,284.3,861.4,195.74,TRUE,264,
28-Oct-22,ELECTRONICS,258.8,283.9,48.17,0,243.7,
05-27-2021,sporting goods,598.6,1304.3,$124.24,FALSE,582.2,
29-03-2022,OFFICE SUPPLIES,356.4,749.2,92.06,No,353.4,
19-02-2020,sporting goods,443.3,1448.1,119.28,FALSE,405.7,
15-Jun-22, Electronics,293.4,304.5,$46.26,0,274.9,
10-19-2021,Pet Supplies,329.4,840.4,201.21,No,314.7,
28-Dec-21,toys,280.5,682.4,235.68,FALSE,280.2,
18-Sep-20,furniture,381.1 units,802,73.45,FALSE,343.9,
14-08-2022,Automotive Parts,289.6,553.9,225.18,0,276.6,
01-04-2022,Pet Supplies ,336.9,830.9,201.84,0,305.4,
14-09-2020,"  APPAREL	",374.7,1259.5,164.68,0,366,
20-Jul-22,groceries,303,?,107.49,N,313.6,
25-Aug-20,OfficeSupplies,272.5,-,$89.99,0,62.5,
30-08-2020,toys,324.8 units,640.9,239.3,N,3041,
23-03-2021,Toys,247.7,646.4,233.65,0,253.4,
29-07-2020,Automotive Parts,267.3,762,217.41,No,278,
06-05-2021,beauty,419.4,1004.6,$164.65,0,389.2,
26-04-2022,groceries,300.8,766.4,104.75,0,309.6,
28-May-22,AUTOMOTIVE PARTS,346.8,511.5,211.16,FALSE,312.8,
31-03-2021,Automotive Parts,397,586.5,220.82,0,366.7,
18-Jan-20,Electronics,195,NA,47.73,0,184.6,
09-Oct-21,groceries,307.8,808.3,107.49,FALSE,305.1,
25-04-2021,Auto Parts,334.8,617.3,219.47,0,317.3,
10-08-2022,Sport Goods,N/A,1440,127.64,FALSE,572.2,
13-Jan-22,Apparel,506.6,1333.6,163.73,FALSE,531.1,
07-09-2022,Appearl,506.8,1352.5,167.5,N,499.6,
24-08-2020,Clothing,387.8,1257.1,171.46,N,392,
10-14-2021,sporting goods,571.6,1369,126.95,No,null,
09-16-2022,Beauty,440.1 units,951.8,158.12,0,438,
25-Jun-20, Electronics,212.7,547.7,45.45,0,213.3,
24-12-2020,Toys,263.2,640,238.95,N,252.3,
02-28-2022,Furniture,256.6,1132,77.54,1,249.9,
01-Sep-20,Sporting Goods,475.8,1371.1,128.08,0,4587,
05-24-2021,FURNITURE,220.3,1005.5,75.3,FALSE,227.3,
27-02-2021,Automotive Parts,NULL,619.3,?,0,398,
14-06-2020,Toy,263.4,690.3,242.78,FALSE,237.4,
05-05-2021,Clothing,438.6,1298.6 pcs,162.4,0,416.8,
29-06-2021,Furniture,318.3,1018,73.57,Yes,290.7,
22-04-2021,Apparel,523.3,1312.7,164.32,1,547.7,
29-06-2020,automotive parts,213.8,834.7,214.92,FALSE,216.8,
22-02-2022,Pet Supplies,285.1,840,189.22,No,267.9,
05-09-2022,groceries,290.3,795.7,109.77,0,297.7,
03-06-2022, Office Supplies,379,700.2,92.79,0,375.4,
27-12-2020,ELECTRONICS,206.3,559.8,46.43,0,205.2,
05-05-2022,toys,NA,591.2,228.48,FALSE,326.2,
10-14-2021,Beuaty,407.7,988.3,163.31,0,402.9,
14-02-2020,ELECTRONICS,-261.8,329.6,47.18,No,270.2,
28-02-2021,PET SUPPLIES,289.4,807.2,Rs.193.47,N,272.8,
14-02-2020,Apparel,446.1,1237.6,175.88,FALSE,411.8,
21-07-2021,toys,338.6,654,240.44,0,325,
03-11-2020,SPORTING GOODS,470.5,1434.1,128.58,0,461,
03-04-2022,BEAUTY,421.9,1010.8,165.56,0,427.5,
13-07-2022, Beauty,478.2 units,950.4,162.36,0,452.2,
15-09-2020,Clothing,428.7,1237,172.32,0,435.9,
24-08-2021,automotive parts,236.8,691.6,220.11,0,233.6,
06-24-2020,Sporting Goods,495.6,1363.5,131.18,FALSE,460.5,
01-12-2022,Toys,362.5,569.1,234.16,FALSE,378,
02-02-2022,Electronic,315.2,343.4,46.73,FALSE,309.9,
13-05-2022,electronics,373.4,289.5,47.54,FALSE,364.3,
04-08-2020,furniture,299.8,820.1,75.2,N,282.1,
15-Aug-20,"  ELECTRONICS	",172.4,526.4,45.23,No,175.5,
16-11-2020,Furniture ,321.5,821.6,N/A,0,321.5,
21-06-2022,Electronis,288.2,304.2,48.04,0,301.9,
21-08-2020,Clothing,436.6,1243.7,171,N,437.2,
04-Jun-22,OfficeSupplies,385.4,698.3,88.19,0,367.9,
14-03-2022,SPORTING GOODS,585.7,1422,127.74,0,598.7,
15-12-2021,Pet Supplies ,345.4,816.2,195.54,N,359.8,
13-04-2022,Furniture,205.4,1138.5,74.29,0,207.9,
09-08-2022,apparel,479.7,1362.1,165.44,FALSE,470.2,
05-Oct-20,AUTOMOTIVE PARTS,312.5,747.4,216.43,1,305.3,
03-25-2021,Beauty,571.7,missing,160.72,TRUE,581.9,
31-08-2021,Groceries ,246,758,105.63,0,240.6,
28-05-2020,"  PetSupplies	",285.5,816.3,196.71,0,296.1,
05-11-2022,Beuaty,411.7,972.5,168.91,0,406.6,
06-06-2020,beauty,N/A,1108.3,164.1,N,371.5,
15-05-2022,Electronic,312.1,300.1,47.02,No,298.3,
21-03-2022,Office Supplies,352.5,766.1,90.55,0,359.9,
10-07-2020,PET SUPPLIES,334.6,749.3 pcs,188.09,No,320.6,
26-04-2020,Apparel,406.4,1294.7,170.74,No,391,
17-Mar-22,Clothing,490.3,1327.3,171.91,FALSE,479.7,
17-02-2021,AUTOMOTIVE PARTS,365.2,639.2,216.01,0,372,
11-19-2021,"  Pet Supplies 	",389.6,802.3,197.26,0,406.4,
05-03-2021,furniture,263.7,910.7,73.77,N,258.4,
21-07-2022,Furnture,N/A,1152.4,77.14,0,358.2,
18-09-2020,Sporting Goods,784,1363.9,128.26,Yes,709.1,
06-03-2020,groceries,296.1,681.5,107.7,N,289,
09-15-2020,TOYS,299.1,625.7,239.26,0,276.8,
11-10-2022,beauty,429.5,999999,162.86,0,,
08-02-2022,pet supplies,295.4,845.6,203.28,0,281.1,
02-02-2021, Toys,239.8,618.3,238.68,0,250.1,
21-10-2021,Pet Supplies ,387.3,823.2,196.06,0,394.1,
25-02-2021,Furniture ,217.6,940.2,74.73,FALSE,205.7,
01-18-2020, Office Supplies,976.2,879.9,90.97,N,NA,
10-Jul-22, Toys,375.7,586.6,240.15,N,360.1,
15-04-2021,OFFICE SUPPLIES,374.7,881.4,88.25,0,345.2,
21-03-2020,sporting goods,576.1,1393.5,128.08,0,533.4,
02-02-2021,"  Grocerys	",455.9,572.8,105.76,TRUE,450.1,
12-Mar-21,toys,?,655.1,233.86,FALSE,253,
28-06-2020,GROCERIES,209.3,NA,105.79,No,208.5,
04-01-2021,Apparel,446.2,1280.5,167.39,0,423.5,
12-Jun-20,AUTOMOTIVE PARTS,373.6,870.4,214.13,TRUE,337.7,
09-05-2020,Electronic,258.3,501.4 pcs,44.93,0,232.6,
29-02-2020,Clothing,472.8,1203.2,171.79,0,463.7,
13-Mar-22,Pet Supplies,282.1,818,193.33,0,294.1,
11-10-2020,Automotive-Parts,281.2,721.9,211.99,N,272.7,
06-Jun-22, Office Supplies,332.4,722.9,89.02,0,326.3,
25-10-2022,furniture,406,1124.3,73.72,0,384.8,
15-Oct-20,Groceries,283.5,597.6,104.81,No,276.1,
29-Aug-22,Toys,359.1,597.7,$241.02,0,369,
29-07-2020,BEAUTY,376.9,1102.5,167.94,0,376,
20-01-2022,PetSupplies,488.3,825.8,200.67,1,480.1,
24-08-2022,Groceries ,325,777.8,110.29,0,318,
01-02-2022,OFFICE SUPPLIES,409.8,738,89.89,N,395.5,
16-08-2022, Office Supplies,346,714,90.14,0,318.4,
10-05-2021,pet supplies,242.6,868.1,199.58,N,252.3,
27-03-2022,Automotive Parts,null,589.5,220.96,FALSE,345.9,
13-04-2021,Appearl,382.5,1324.8,167.26,N,374,
06-Jun-22,FURNITURE,266.9,1163.5,75.17,0,268.6,
09-24-2022,AUTOMOTIVE PARTS,295.9,502.6,220.27,0,296.9,
23-04-2021,Apparel,427.9,1311.9,170.37,0,402.2,
15-03-2020,Appearl,411.5,1250.6,170.84,No,383.9,
15-07-2021,Automotive-Parts,319.1,661.5,220.92,0,334.6,
22-Apr-21, Beauty,512.4,969.6,164.98,No,526.9,
09-12-2022,furniture,400.7,1156.8,73.81,N,373.4,
21-10-2022,Electronic,253.1,292.7,44.93,N,239,
25-Apr-20,Electronics,-264.8,491.8,46.99,0,260.2,
04-Feb-21,Furniture ,268.4,890.9,74.04,0,246.5,
04-05-2020,furniture,N/A,785.9,73.61,No,156.9,
06-22-2021,FURNITURE,222.3,578.7,72.46,0,212.9,
11-03-2022, Beauty,435.9,1029.3,162.9,N,439,
07-23-2021,toys,501.3,641.5,231.81,1,480.6,
12-02-2020,OFFICE SUPPLIES,388.6,901.8,88.82,FALSE,370.1,
20-09-2021,automotive parts,227.9,727.3,216.02,0,225,
09-07-2021,automotive parts,317.5,683.1,999999,0,314.3,
18-06-2020, Toys,396.1,661.6,235.18,TRUE,412,
21-Oct-22, Apparel,,1311.2,170.08,0,563.5,
06-05-2021, Apparel,674,1297.2,170.62,Y,698.8,
03-Aug-20,FURNITURE,296.6,823.8,75.13,0,3100,
19-04-2021,SPORTING GOODS,539.9,1329.5,128.94,0,557.4,
11-18-2021,"  automotive parts	",382.5,630.8,219.74,0,350.6,
12-08-2021,Automotive Parts,254.4,681.5,222.27,0,260.2,
13-Dec-21,Electronics,221.6,391.6,46.45,0,201.6,
10-Jun-21,BEAUTY,443.9,1007.4,168.41,N,405.1,
17-06-2020,TOYS,297.3,670.1,241.47,No,291.5,
24-07-2021,Pet Supplies,357.2,769.6,192.22,FALSE,354.1,
23-11-2022,office supplies,468.5,731.7,89.48,FALSE,488.9,
03-13-2022, Office Supplies,415.5,724.3,$90.0,N,403.7,
29-10-2021,Furniture,424.6,1008.1,75.11,No,394.3,
03-03-2022, Electronics,353.6,338,47.22,0,335.5,
30-07-2021,Electronic,239.3,476.9,46.07,FALSE,239,
07-01-2020,sporting goods,460.6,1097.1,127.02,0,472.7,
07-09-2022,Beauty,423.9,957.8,167.27,0,393.3,
01-20-2020,GROCERIES,234.9,699.5,105.45,N,242.6,
31-03-2020,Automotive-Parts,295.3,810.5,216.68,0,267.9,
07-08-2020,GROCERIES,196.1,619.3,109.15,0,205.6,
15-05-2020,Toys,313.8,719,239.18,0,326.6,
30-06-2022,Grocerys,344,771,107.38,0,335,
14-Mar-20,toys,247.4,765.6,243.19,0,227.3,
25-Nov-22,PetSupplies,542.9,missing,195.42,1,520,
23-Apr-22,beauty,438,1020.4,167.83,0,446.1,
10-03-2021,BEAUTY,369.8 units,1016.9,162.07,N,339,
07-03-2021,Pet Supplies,254.6 units,831.2,199.56,0,251.8,
29-09-2021,Furnture,368.8,979.1 pcs,72.35,0,333.3,
26-09-2022, Toys,373.1,625.5,241.44,0,368,
03-08-2022,Beuaty,453.4,952.9,163.6,FALSE,450.2,
16-Feb-20,"  Office Supplies	",333.8 units,519.3,87.48,N,336.1,
07-Jun-20,Apparel,376.8,1318.2,168.54,FALSE,394.5,
02-Apr-21,AUTOMOTIVE PARTS,389.2,588.9,219.39,0,358.7,
08-27-2022,apparel,467,1409,165.52,0,4634,
20-11-2022,Groceries ,missing,785.3,107.93,FALSE,385.1,
05-09-2020,"  Pet Supplies	",324.4,771.6 pcs,200.42,FALSE,330.7,
04-06-2020,PetSupplies,284.9,817.7,191.81,0,278.8,
24-12-2020,Furnture,311,866.5,73.07,N,305.3,
01-03-2021, Apparel,455.2,1270.3,167.01,0,475.4,
11-11-2020,Grocerys,278.7,594.7,110.15,0,275.9,
26-10-2021,Furnture,359,1022,75.51,FALSE,356.4,
24-05-2022,PET SUPPLIES,272.6,834.3,191.95,FALSE,NA,
08-06-2022,APPAREL,471.3,1413.5,164.07,0,490.2,
03-16-2020,Furniture,191.2,748.9,74.31,0,175.6,
05-Jan-21,SPORTING GOODS,455.2,1412.3,130.65,0,475.7,
19-03-2022,Grocery,N/A,756.3,109.2,FALSE,367.3,
09-10-2021,Electronis,192.2,442,999999,No,189.2,
11-12-2021,Electronic,261.8,388.1,46.85,0,247.2,
07-Aug-21,FURNITURE,367,969.1 pcs,77.97,0,372.2,
06-10-2020,Office Supplies,265.3,899.5,91.17,0,264.7,
08-02-2021,SPORTING GOODS,436.1,1405,128.86,FALSE,396.8,
17-05-2022,Furnture,227.2,1153.8,NULL,0,217.1,
15-06-2020,Toys,437.1,672.6,243.09,1,437.4,
02-13-2020,Sporting Goods,543.9,1413.6,128.75,0,550.4,
18-Apr-22,"  Appearl	",439.9,1375.2,174.52,0,437.6,
11-11-2022,Apparel,535.5,1380.5,169.19,0,517.5,
04-27-2021,apparel,413.7,1286.1,172.08,0,375.2,
25-Jul-21,Pet Supplies,268.3,797.2,191.29,No,262.8,
07-11-2021,OfficeSupplies,417.3,814.8,89.33,FALSE,433.4,
09-02-2021, Apparel,426.6,-,170.26,0,417.7,
13-Jun-20,Automotive Parts,268.4,876.2,215.93,FALSE,269.5,
15-Mar-22,"  Toy	",278.1,652.5,238.14,0,282.9,
10-23-2020,Appearl,466,NULL,168.89,0,484.6,
21-05-2022,ELECTRONICS,336.3,307.5,46.68,0,341.2,
15-09-2022, Toys,382.9,614.1,234.23,No,351.3,
04-10-2021,SPORTING GOODS,513.1,1409.1,129.32,0,509.6,
01-05-2020,PetSupplies,258.5,815,202.96,No,252.2,
05-22-2021,"  Electronic	",298.9,514.5,47.42,FALSE,309.8,
12-16-2020, Electronics,300.4,523.8,47.79,Y,283.9,
24-01-2021,Grocerys,425.4,562.1,NULL,Y,411,
26-May-20,Office Supplies,235.4,923.7,90.19,0,218.7,
21-05-2022,Furniture,263.7,1151.3,75.21,0,240.2,
08-11-2021,Apparel,465.5,1307.8,169.88,0,469.7,
14-04-2021,"  Office Supplies	",342.2,888.7,90.88,0,339,
11-Nov-20,Toys,286.4,609.4,237.34,FALSE,287.5,
31-07-2022,Furnture,363.9,missing,78.05,N,381.7,
07-19-2021, Beauty,418.5,1025.2,161.49,0,416.8,
05-11-2020,Pet Supplies ,392.3,790.5,200.38,0,393.4,
17-02-2021,PET SUPPLIES,439.6,541.2,196.49,TRUE,438.9,
02-08-2020, Beauty,382.4,1086.9,162.18,0,370.8,
17-Oct-21, Apparel,444.7,1333.9,172.13,FALSE,430,
18-09-2020,Beuaty,388.2,1052.6,166.82,0,396.6,
09-12-2020,office supplies,396.1,835.5,86.87,FALSE,365.2,
10-06-2022,Toy,372.8,568.3,231.72,FALSE,379.9,
29-07-2021,Furniture ,NULL,1000.3,73.56,0,303.5,
04-18-2020,Toy,239.8,742,237.84,0,missing,
09-05-2022,pet supplies,258.3,477.8,195.28,0,267,
27-Feb-21,electronics,297.1,491.5,45.65,0,307.5,
07-08-2021,Sporting Goods,519,1340.2,130.37,0,533.7,
22-12-2021,Furniture,348.5,1027.8,75.56,FALSE,333.9,
01-09-2021,Appearl,440.9,1291.9,Rs.174.4,No,448.3,
17-10-2022,furniture,380.2,1123,74.46,0,368.9,
07-30-2022, Electronics,342.6,253.6,46.81,1,335.5,
31-Jan-20,Beuaty,347.4,-,166.52,0,338,
05-07-2022, Electronics,265.5,300.4,46.3,0,268.1,
14-Dec-22,Groceries,415.8,743,110.82,0,401.3,
26-06-2022,Beuaty,471.4,1016.6,163.13,0,435.3,
05-21-2022,Automotive-Parts,357.5,509.4,214.55,0,345.6,
01-02-2023,furniture,285.1,-1128.3,76.76,0,278.4,
26-04-2021,"  Sporting_Goods	",531.3,1344.4,127.53,0,544.9,
23-09-2021,PetSupplies,395.5,NA,201.79,No,403.3,
17-07-2022,Grocery,287.3,-801.7,108.92,0,287.3,
04-16-2022,Clothing,434.9,1369.2 pcs,174.07,No,419.1,
13-01-2021,"  sporting goods	",546.7,1386.3,129.73,0,536.9,
16-03-2020,electronics,238.8,484.8,45.92,0,246.3,
19-11-2021,Electronics,229.7,396.8,47.15,N,238,
26-05-2021,Appearl,443.7,1301.5,168.05,0,458.8,
05-12-2022,AUTOMOTIVE PARTS,384.5,521.5,219.9,0,353.7,
18-02-2022,APPAREL,520.5,1296.1,167.69,N,503.5,
16-02-2020,Electronics,351.9,543,48.46,1,356.2,
27-Aug-22,Toy,382.8,592.7,235.05,0,346.2,
30-12-2022,Auto Parts,452.7,478.1,208.93,N,417.6,
25-07-2020,BEAUTY,381.8,1103.9,$163.19,N,350.2,
13-Feb-20,Electronics,232.6,255.4,47.42,No,13.7,
20-08-2022,groceries,329.2,770.9,109.58,0,327.2,
15-09-2021, Apparel,478.1,1313.8,177.19,N,463,
13-11-2021,Beuaty,371.2,1004,165.33,0,379.5,
01-Jan-21,Grocery,null,551,101.36,Yes,500.7,
18-07-2022,BEAUTY,421,961.2,170.97,0,395.4,
17-Oct-21, Office Supplies,399.1,850.1,88.51,0,393.5,
09-19-2020, Office Supplies,332.5,826.4,90.34,N,303.5,
15-08-2022,Electronis,211.3,248.8,47.17,0,200.4,
08-11-2020,Appearl,410.1,1262.4,164.95,N,411.3,
20-Oct-20,Groceries ,215.8,620.9,108.43,0,205.1,
09-05-2022,Apparel,435.4,1393,167.86,FALSE,440.8,
15-10-2022,Electronics,228.6,-164.5,46.76,0,16.9,
10-10-2020,PetSupplies,347,791,193.9,0,334,
01-01-2023,Sport Goods,537.6,1500.2,125.89,No,555.9,
07-09-2020,OfficeSupplies,312.7,880.7,89.62,No,297.4,
14-07-2022,pet supplies,348,770.7,192.86,0,347.6,
21-Nov-20,"  sporting goods	",463.2,1388.9,127.19,No,425,
09-12-2020,Groceries ,271.3,581,108.17,0,251.3,
02-05-2020,"  office supplies	",294.4,895.3,87.66,FALSE,279.9,
01-Jan-22,AUTOMOTIVE PARTS,401,666.1 pcs,214.35,FALSE,378.3,
06-10-2022,Groceries,369.5,750.3,107.85,0,366.1,
30-10-2021,Office Supplies,452.4,815,86.58,0,428.8,
19-02-2022, Toys,303.7,659.6,237.02,N,285.1,
20-05-2022,Furnture,294.5,missing,74.68,0,274.7,
14-Nov-21, Electronics,163,425.2,46.37,FALSE,148.6,
14-04-2022,PET SUPPLIES,334.3,840.5,198.32,0,327.6,
13-09-2020, Office Supplies,303.4,847.6,90.92,0,293.4,
01-Aug-22, Toys,380.5,568.9,238.51,0,392.5,
31-08-2021,office supplies,,819.7,-,0,331.6,
01-04-2020, Beauty,368.9,1104.4,161.32,0,344.9,
10-12-2022, Electronics,206.9,295.1,47.33,0,210.8,
02-09-2021,Electronics,204.3,493.7,47.09,FALSE,187.8,
07-Jul-20,"  Beauty	",375,1099,156.69,0,346.4,
28-Feb-22,Toy,264.8,666,238.05,0,263.7,
14-04-2022,Electronic,380.6,278.6,44.95,N,382.9,
16-12-2020,Auto Parts,484.1,591.4,215.45,TRUE,491.5,
05-03-2022,AUTOMOTIVE PARTS,460,541.7,216.52,Y,462.5,
21-07-2022,Beauty,515.2,931.4,170,FALSE,532.2,
30-03-2021,Furnture,255,974.6,76.72,TRUE,260.6,
15-08-2021, Beauty,426.2,1013.9,165.14,0,4304,
12-22-2022, Beauty,407.7,955.7,169.74,N,368,
21-Jul-22,Pet Supplies ,367.6,396,197.13,0,373.4,
24-10-2020,"  Sport Goods	",498.9,1400.7,125.87,No,519.7,
12-18-2022,Groceries,386.8,754.6,103.52,FALSE,360.5,
24-11-2021,toys,N/A,653.1,242.78,0,310.5,
02-05-2021,SPORTING GOODS,502.8 units,1386.2,131.67,FALSE,499.5,
01-Nov-22,Grocerys,430.8,783.2,109.32,1,446.6,
23-May-20,Office Supplies,270.7,908.5,91.27,0,244,
12-01-2021,TOYS,249.1,631.4,242.76,0,249.7,
08-06-2022,Office Supplies,340.5,731.4,89.83,N,355.3,
26-04-2022,beauty,417.6,1035.8,166.02,0,377.9,
18-11-2022,beauty,428.7,NULL,163.34,0,437.1,
07-08-2022,Electronics,326.1,276,45.56,0,306,
16-12-2022,GROCERIES,456.8,731.9,null,0,468.9,
07-26-2021,Pet Supplies,?,786.8 pcs,201.47,N,319.5,
17-10-2022, Beauty,398.5,965.1,161.33,FALSE,393.5,
08-03-2020, Toys,240.4,783.2,239.4,N,244.2,
05-03-2021,Apparel,361.2,1320.6,168.47,0,347.4,
07-31-2021,"  Electronic	",215.2,487.2,999999,0,208.2,
19-06-2022,Pet Supplies,410.6,821.3,203.95,1,393.2,
11-04-2020,"  Sporting_Goods	",538.1,1355.7,129.24,No,495.3,
26-07-2020, Electronics,158.9 units,551.7,46.83,N,163.3,
24-08-2020,"  groceries	",-702.2,620.6,106.38,0,150.1,
26-05-2022,Sport Goods,620.8,,127.89,0,622,
18-07-2021,Electronis,223.3,472.4,46.81,0,203.1,
16-09-2022,electronics,246.6,248.8,47.66,FALSE,229.2,
08-09-2021,OFFICE SUPPLIES,406.7,803.8,89.77,FALSE,413.6,
17-04-2020,SPORTING GOODS,896.7,1347.3,131.89,1,858.3,
11-25-2020,Beauty,320.5,1098.2,166.1,0,290.5,
03-07-2020,Sporting Goods,526.5,1360.4,127.58,0,514.1,
27-09-2022,Automotive-Parts,285.7,506.6,214.46,0,295.1,
07-Aug-21, Toys,346.2,463.8,NA,N,322.9,
23-03-2022,Electronics,350.1,308.4,$47.69,FALSE,361.6,
01-Jun-21,Electronics,252.8,531,45.47,0,230.6,
03-11-2022,Apparel,535.5,1302.1,165.19,0,538.7,
07-07-2020,OFFICE SUPPLIES,256,891.7,89.26,FALSE,255,
01-Apr-20,Office Supplies,333.5,873.2,null,0,318.5,
30-06-2021,Apparel,397.4,1293.8,168.94,FALSE,3610,
06-12-2020,APPAREL,428.6 units,1292.5,169.04,0,390.1,
14-Sep-22,Sporting Goods,494.8,1466.5,?,No,492.5,
08-23-2020,beauty,358,1084,159.56,0,355.3,
07-09-2020,OFFICE SUPPLIES,291.2,855.1,$92.53,0,270.7,
17-01-2020,Pet Supplies ,277.8,816.9,$190.79,N,284.4,
27-12-2022,FURNITURE,350.1,1121.7,74.01,0,333.4,
07-Jan-22,Groceries,999999,792.3,110.99,N,370.6,
24-03-2020,Pet Supplies,213.5,817.6,193.7,No,222.9,
05-02-2020,apparel,437.6,1230.9,173.12,0,408.9,
06-06-2020,Groceries,264,595.9,111.32,0,274.5,
14-Jul-22,Sporting_Goods,N/A,1367,128.46,0,571.7,
14-05-2020,Apparel,453.2,1291.1,$171.1,0,465.3,
25-07-2022,toys,371.6,582.3,235.92,0,375.2,
08-04-2022,Groceries ,521.3,752.8,106.15,1,475.7,
01-21-2021,Groceries,342,527.5,105.72,0,331.9,
18-08-2022,Sporting_Goods,598.2,1426.7,123.86,No,574,
08-18-2021,Pet Supplies ,342.5,801.4,199.14,N,330.9,
09-05-2020,PetSupplies,257.6,823.2,198.21,0,236.3,
02-05-2021,Office Supplies,1247.2,853.3,90.39,No,433.5,
21-Mar-20,Toys,238.4,772.1,241.81,0,225.6,
08-07-2022,AUTOMOTIVE PARTS,310.3,568.6,208.02,0,284.7,
22-12-2020,Pet Supplies,868.0 units,822.2,196.98,FALSE,270.7,
08-Jan-22,Grocery,370.9,795.8 pcs,?,0,340.1,
09-28-2021,Grocerys,248.7,812.8,107.23,0,254.4,
23-06-2021,Automotive Parts,299.5,671.6,219.5,0,291,
02-06-2022,electronics,469.7,280.7,47.42,1,475.1,
28-08-2020, Apparel,433.9,-1228.7,171.29,0,395.5,
04-02-2022,OFFICE SUPPLIES,496.9,458.1,88.46,0,448,
12-05-2020,PET SUPPLIES,202.9,846.3,196.89,FALSE,184.6,
04-Oct-21,Office Supplies,354.2,824,88.65,0,324.5,
12-11-2020,furniture,346.7,813.4,73.25,0,357.2,
13-Aug-21,electronics,221,503.5,46.79,0,219.2,
15-01-2021,OfficeSupplies,-406.5,842.2 pcs,$92.77,0,376.2,
12-Jul-22,pet supplies,320.5,785.8,197.2,FALSE,330.4,
08-May-22,Apparel,445.9,?,165.57,FALSE,401.8,
04-10-2021,Grocerys,304.9,NA,109.66,0,319.3,
13-Feb-22,beauty,407.9,1023.1,N/A,0,380.3,
09-21-2021,Beuaty,353.9,1021.1,156.82,0,323.5,
17-Feb-20,AUTOMOTIVE PARTS,313.4,797.4,217.06,0,NULL,
19-11-2022,electronics,253.9,303,45.99,FALSE,253.9,
18-12-2021,office supplies,669,770.5 pcs,89.2,Yes,656.7,
21-05-2020,SPORTING GOODS,556,1333.7,128.14,No,582.4,
19-Jan-21,Groceries,452.5,547.6,107.6,Y,424.9,
18-03-2021,furniture,218.7,946.3,75.76,0,219.3,
29-03-2022,pet supplies,269.2,838.1,195.66,0,264.8,
09-22-2021,Groceries,299.1,794.4,$104.88,0,281.8,
18-Jun-20,Furnture,297.1,790.6,74.88,1,289,
05-23-2020,Furniture ,?,463.5,73.03,0,215,
25-01-2021,Electronics,NULL,556.8,46.96,N,213.1,
27-Jul-22,Furniture ,338.5,1138.3,73.41,0,321.9,
19-02-2022,Clothing,467.2,1309,167.9,0,431.6,
24-11-2020,PetSupplies,329.5,757.8,192.39,0,324,
14-02-2022,Pet Supplies,281.1,845.9,196.99,FALSE,280.8,
26-01-2021,ELECTRONICS,232.3,557.2,46.3,No,227,
21-07-2020, Toys,298.3,652.1,231.88,No,294.9,
06-11-2021,Grocerys,311.8,679.7,107.8,FALSE,306.4,
25-09-2020,pet supplies,353.4,785.4,$197.98,FALSE,332.1,
25-03-2021,Furniture ,239.8,948.8,76.84,No,244.1,
05-22-2020,Furniture ,256,454.9,72.75,No,263.1,
21-02-2020, Apparel,450.3,1210.9,167.94,No,445.3,
24-Jul-20,OFFICE SUPPLIES,338.7,859.5,90.71,FALSE,343.9,
26-12-2021, Apparel,459.9,1311.5,177,No,448.6,
11-06-2022,Automotive Parts,334.9,-,220.07,0,321.8,
03-23-2021,BEAUTY,369.6,993,168.37,0,376.9,
02-08-2020,Electronis,147.4,556,48.36,0,145.8,
19-07-2022, Apparel,453.7,1443.8,166.66,0,442.8,
06-07-2020,Furniture,274.6,552.6,73.71,N,254.8,
28-04-2021,Automotive Parts,347.9,632.2,221.86,0,364.4,
23-Oct-21,Sport Goods,539.3,1378.4,129.12,0,536.7,
09-02-2022,Auto Parts,373.1,635,$216.28,FALSE,380.4,
15-Dec-21,"  electronics	",237.8,999999,46.69,0,230.5,
27-06-2020,Sporting Goods,586.7 units,1334.1,126.95,0,610.4,
29-05-2021,Furniture ,286.9,978.5,73.37,0,259.3,
27-Sep-21,AUTOMOTIVE PARTS,243,717.3,211.52,FALSE,220,
01-27-2021,Grocerys,310,559,107.73,0,316.9,
11-12-2022,office supplies,485.5,733.8,90.54,FALSE,437.8,
26-Jul-22,FURNITURE,330.1,-1146.3,74.93,FALSE,306.6,
05-11-2021,pet supplies,433.1,799,193.33,0,427.5,
24-05-2021,APPAREL,375.2,-1322.3,169.25,No,361.9,
24-10-2021,AUTOMOTIVE PARTS,278.8,683.1 pcs,217.76,FALSE,290.3,
31-03-2022,Pet Supplies,304.7,NA,194.7,0,306,
13-Nov-22, Apparel,532.4,missing,167.52,FALSE,533.5,
06-09-2022,Groceries ,316.8,780.6,$106.69,FALSE,314,
17-Oct-21,Furniture ,372.8,1000.2,70.64,0,374.5,
24-09-2022,Pet Supplies,391.3,736.9,202.76,0,367.4,
10-06-2021,sporting goods,471,1420.5,128.82,FALSE,436.8,
26-08-2021,Appearl,434.7,1285.6,168.3,No,445.7,
07-05-2022,Office Supplies,NULL,692.8,92.09,N,361.3,
24-05-2021,"  Electronics	",349.6,529.7,46.54,1,357.4,
03-06-2021,office supplies,333.4,913.7,89.95,0,347.5,
21-06-2022,Automotive Parts,295,578.2,211.3,0,286.7,
01-10-2021,sporting goods,518.1,1404.2,131.91,0,507.5,
14-12-2020,SPORTING GOODS,417.5,1419.3,126.8,0,393.2,
08-Jul-20, Beauty,357.6,1100.1,167.08,0,329.2,
11-02-2022,automotive parts,406,623.1,218.22,0,401.3,
24-Nov-21,groceries,325.5,816.4,106.79,No,336.2,
12-Nov-21, Electronics,233.2,396.5,47.11,0,216.7,
10-09-2021,"  SPORTING GOODS	",681.5,1369.5,132.08,Yes,676.9,
05-16-2020,Apparel,365.5,1304.8,171.61,0,330,
06-08-2020,"  Electronics	",183.4,542.3,46.17,0,missing,
10-30-2022,pet supplies,N/A,711.2,NULL,0,352.6,
08-31-2022,Grocery,439,779.3,109.77,TRUE,400.8,
11-02-2022,furniture,401.4,1146.6,73.48,0,390.2,
06-09-2022,Beuaty,432.6,956.5,162.66,0,411.4,
14-03-2021,beauty,373.4,984,163.74,FALSE,345,
29-01-2022,beauty,411.5,998.7,161.78,0,381.5,
08-05-2020,Pet Supplies ,253.4,828.4,191.98,N,233.9,
08-01-2021,"  Toy	",277.2,631.3,238.18,FALSE,290,
15-05-2022,Automotive-Parts,N/A,532.3,221.33,0,330.4,
01-31-2022,furniture,NA,721.6,74.37,N,239.2,
25-Oct-22,Sport Goods,503.8,1452.3,125.5,0,458.7,
11-09-2020,PetSupplies,588.3,758.4,197.34,1,590.7,
22-Nov-22,BEAUTY,1595.1 units,1003.6,170,0,354.4,
14-08-2021,Beuaty,441.4,1009.1,170.11,FALSE,442.9,
05-02-2021,Electronics,297.6,539.6,46.67,FALSE,277.2,
08-29-2020,SPORTING GOODS,470.6,1378.7,999999,No,461.3,
21-Jul-21,Furniture,313.6,999.2,$75.06,FALSE,304.8,
06-13-2022,BEAUTY,453.5,1043.1,165.69,No,435.8,
19-09-2020,Grocery,-272.4,593.4,106.02,FALSE,264.8,
01-05-2021,Clothing,405.8,1295.7,169.78,FALSE,376.3,
01-05-2021,Furniture ,?,996.9,73.86,0,238.3,
12-Oct-21,OFFICE SUPPLIES,343.5,855.4,91.36,0,318.1,
12-08-2020,apparel,467.1,773.8,166.06,0,444.3,
07-16-2021,Grocery,289.3,650.4,110.77,0,287.5,
10-06-2020,Automotive Parts,280.2,884.1,217.8,0,253.7,
02-01-2020, Office Supplies,385.4,874.9,91.11,0,381.8,
02-09-2020,Sporting_Goods,424.8,1384.6,124.15,N,426.7,
03-22-2020,Beauty,missing,1137.4,167.51,0,333,
05-24-2022,FURNITURE,233.9,1168.3,74.55,0,237.4,
25-11-2022,FURNITURE,410.4,1147.7,77.28,0,412.8,
15-09-2021,Office Supplies,331.4,831.7,90.25,0,320.2,
01-03-2021,GROCERIES,290.5,606.8,107.45,FALSE,280.9,
23-Mar-22,AUTOMOTIVE PARTS,389.6,588.9,223.55,No,382.5,
12-26-2022,OfficeSupplies,429.2,762.1,88.62,0,433.1,
06-18-2022,Sporting_Goods,552.6,1403.2,Rs.127.25,0,568,
01-02-2021,Grocerys,-323.7,554.9,103.77,No,308.9,
19-10-2022,apparel,513.2,1326.9,164.41,0,515.6,
19-07-2020,SPORTING GOODS,496.1,1371.7,129.5,FALSE,478.9,
07-02-2022,Groceries ,333.9,795.7,107.89,0,311.8,
20-11-2022, Toys,424.3,559.6,231.99,Y,397.1,
16-03-2021,Electronis,-303.4,472.6,46.92,FALSE,277.7,
29-01-2022,Grocerys,517.3,801.1,108.13,Y,534.8,
10-12-2022,BEAUTY,438.7,956.7,163.1,No,413.8,
19-02-2022,Automotive-Parts,369.7,612,219.05,0,386.6,
07-03-2020, Beauty,362.1,1114.2,168.57,FALSE,348.1,
25-Aug-22,OfficeSupplies,610.1,718.6,-,1,578,
17-07-2020,Grocery,408.9,592.6,103.89,Y,370.6,
01-01-2021,Electronic,241.4,551.1,46.48,0,249.1,
02-11-2021,Appearl,443.1,1264.3,172.66,N,450.6,
28-02-2020,Pet Supplies,282,823.2,190.24,0,280.7,
01-24-2020,SPORTING GOODS,NA,1448.5,129.24,0,475.8,
25-03-2020,office supplies,306.5,872.5,87.51,0,281.3,
28-01-2022,Sport Goods,620.8,1077.3,127.82,0,646.2,
10-27-2021,groceries,320.7,800.7,103.14,N,299.9,
04-Apr-20,Electronics,414.7,478.4,45.32,1,413.1,
04-06-2022,Sporting_Goods,616.8,1395.4,125.9,FALSE,644.4,
29-05-2020,SPORTING GOODS,527.5,-1345.3,125.44,0,477.5,
26-12-2021,PetSupplies,337.7,809.2,196.78,0,340.4,
03-09-2020, Toys,339,-633.6,240.65,FALSE,321.5,
10-06-2021,furniture,265.2,982.3,76.84,FALSE,242.8,
22-05-2022,apparel,413.5,1429,168.43,No,424.4,
09-09-2021,Sport Goods,494.4,-1373.9,128.38,0,454.3,
14-03-2020,PET SUPPLIES,253.1,815.3,199,0,238.7,
13-Jul-22,Auto Parts,305.4,580.5,215.41,0,284.4,
29-03-2021,beauty,457.2,990.3,162.1,1,437.9,
28-Oct-21,Electronis,204.8,417.3,46.64,FALSE,214.5,
15-10-2021, Office Supplies,418.2,839.5,88.4,0,383.2,
02-24-2021,PET SUPPLIES,282.7,813.3,199.7,0,289,
12-Apr-20,FURNITURE,164.2,791.7,76.86,No,162.4,
07-01-2022,Electronic,301.3,336.4,47.02,FALSE,298.6,
29-04-2021,Toy,298.6,618.9,240.86,N,286.6,
21-09-2021,Groceries,257.8,802.6,-,N,237.8,
15-02-2022,automotive parts,358.9,627.1,228.17,0,341.9,
02-04-2020,"  Toy	",221.9,?,235.67,0,206.3,
30-10-2020,Sporting Goods,null,1396.1,128.35,1,649.6,
04-03-2022,PetSupplies,331.3,806.5,196.78,FALSE,344.4,
05-06-2020,Beauty,403.1,1089.6,169.65,0,412.8,
18-05-2020,Auto Parts,-,445.8,218.31,1,325.7,
22-02-2020,Clothing,432.7,1211.2,171.62,0,450.6,
21-10-2022,Toy,-,597.9,238.9,N,361.8,
09-03-2022,Office Supplies,409,730.4,90.32,N,403.1,
04-30-2022,FURNITURE,336.4,1164.8,75.09,Yes,321.5,
08-02-2021, Electronics,1029.1,546.7,46.35,FALSE,2424,
16-Apr-21,OfficeSupplies,350.8,893.1,90.22,FALSE,347.8,
14-08-2022,Beauty,453.9,951.3,160.04,0,425.4,
04-01-2020,Automotive-Parts,354.3,782.2 pcs,224.68,0,,
16-05-2021,Grocery,272.3,673.7,105.94,FALSE,273.1,
27-10-2022,Sport Goods,535.9,1449.7,129.32,0,491.9,
01-Jan-21,APPAREL,462.8,1261.4,171.35,No,470.4,
05-10-2020,Grocery,194.9,359.6,Rs.106.78,FALSE,176.8,
15-11-2021,Furnture,?,999999,73.62,0,361,
29-12-2021,apparel,539.3,1292.1,169.55,N,534.9,
06-06-2020,TOYS,332.9,665.3,228.47,N,303.3,
10-05-2020,Office Supplies,339,827.4,?,0,336.3,
20-05-2020,Auto Parts,283.3,853.5,218.49,0,287.8,
05-02-2020, Toys,275.7,734.5,242.3,0,285.1,
08-28-2022,Groceries,283.6,801.1,108.38,FALSE,283.9,
04-18-2022, Beauty,472.6,1028.1,161.36,1,478.7,
01-30-2020,Grocerys,289.3,679.9,107.65,0,280.4,
18-May-20,SPORTING GOODS,468.6,1367.6,130.86,N,488.6,
13-05-2020,Automotive-Parts,279.9,839.8,207.66,FALSE,271,
13-08-2022,APPAREL,511.8,1407,166.41,0,476.6,
25-01-2020, Toys,-,815.9,242.74,0,239.6,
23-02-2020,BEAUTY,307.9,1083.8,160.54,0,314.6,
18-07-2022, Toys,360.1,572.6,237.74,0,331.9,
07-05-2021,AUTOMOTIVE PARTS,357.6,660.1,222.85,FALSE,348.8,
17-06-2022, Apparel,424,1430.6 pcs,167.71,0,430.8,
01-02-2022,Appearl,missing,1332.9,171.5,0,453.6,
09-Mar-21,office supplies,316.7,891.8,89.47,0,298,
30-03-2022,Toys,290.6,646,-,FALSE,297,
09-05-2022,Appearl,403.2,1425,165.97,N,376.9,
28-09-2021,PetSupplies,369.8,474.7,198.2,FALSE,360,
09-12-2020,groceries,250.2,592.2,110.21,0,232.6,
12-13-2021,AUTOMOTIVE PARTS,508.2,663.3,220.9,1,466,
04-07-2021, Toys,351.9,632.1,239.38,0,N/A,
20-02-2020,groceries,294.4,472.7,106.92,FALSE,268.6,
26-03-2021,AUTOMOTIVE PARTS,395.6,588.9,215.96,0,384.9,
12-12-2020,PET SUPPLIES,449.7,789.6,198.11,1,410.4,
29-02-2020,pet supplies,282.2,825,196.5,FALSE,285.3,
19-05-2020,AUTOMOTIVE PARTS,294.5,442.1,218.3,0,280.9,
31-May-21,Apparel,383.5,1308.4,Rs.174.96,FALSE,397.2,
08-06-2021, Electronics,351.2,505.7,Rs.45.92,TRUE,3236,
10-19-2020,"  PetSupplies	",303.4,837.2,200.1,0,288.2,
06-Aug-20,Toys,322.7,477.6,239.14,0,?,
31-Aug-20,OfficeSupplies,353.9,865.5,93.48,1,369,
04-04-2020,groceries,271.3,633.7,110.36,FALSE,NA,
16-01-2021,groceries,355.6,524.3,110.65,0,330.4,
13-08-2021,Grocery,289,704.5,109.16,0,296.4,
22-03-2022,Pet Supplies,276.5,830,199.4,0,288.9,
12-10-2021,sporting goods,708.2,1447.7,123.71,1,722.7,
09-11-2022,Clothing,537.7,1369.8,172.04,0,539.4,
29-Jan-22,OFFICE SUPPLIES,483.8,726.3,88.37,0,485.2,
20-06-2020,pet supplies,281.8,790.5,190.27,0,279.3,
04-08-2021,beauty,386.5,1047.3,165.83,0,357.4,
28-Apr-20,PetSupplies,186.7,822.5,197.73,0,187.6,
22-01-2022,Toy,286.4,668,240.5,FALSE,262.5,
24-10-2020,Furnture,345.6,782.8,72.78,0,356.4,
16-02-2022,Furniture ,379.5,1106,73.48,TRUE,378.7,
11-14-2021,Furnture,367.6,1018.9,Rs.77.63,0,378.5,
10-11-2021, Apparel,453.9,1333.8,165.58,N,474.2,
01-Dec-21,office supplies,416.3,804.6,88.39,FALSE,398.7,
29-08-2020,Pet Supplies,336.8,-751,198.06,0,342.1,
04-17-2020,FURNITURE,null,767.5,74.03,0,205.5,
18-06-2020,office supplies,300.3,895.3,$88.28,No,297.7,
30-11-2022,furniture,373.4,1149.4,74.97,0,373.9,
07-04-2022,APPAREL,422.5,1434.4,167.85,No,417,
07-Aug-22,apparel,1450.4,984.5,173.9,FALSE,472.3,
09-24-2022,TOYS,339.5,630.5,236.73,0,335.2,
25-May-22,AUTOMOTIVE PARTS,332.8,523.5,214.75,0,336.4,
14-04-2022,Toy,314,386.1,234.27,0,46.1,
07-01-2021,groceries,351.6,529.9,108.07,0,363.8,
17-12-2020,Sport Goods,492.1,1399.8,131.56,No,483.8,
18-04-2021,Groceries,256.4,?,106.5,0,267.5,
29-11-2021,Beuaty,306,990.5,161.09,0,296.7,
25-11-2021,OfficeSupplies,468.1,783.1,90.28,0,468.1,
08-07-2021,Beauty,453.2,993.2,166.46,0,448.4,
08-08-2020,Pet Supplies ,331.3,730.3,193.42,No,315.9,
29-12-2022,Furnture,NULL,1129.3,76.6,FALSE,334,
08-08-2021, Electronics,NULL,505.1,46.93,0,189.2,
11-17-2022,apparel,556.5,1377.9,168.72,0,567.3,
05-10-2021,pet supplies,331.3,-481,197.88,FALSE,340.9,
13-10-2022,office supplies,664.3,748.2,89.83,Y,608.2,
21-05-2020,Beuaty,421.2,1106,169.19,0,386.2,
10-08-2020,PET SUPPLIES,243.5,761,195.03,FALSE,239.8,
01-07-2021,Clothing,426.3,1288.8,164.04,No,440.9,
25-10-2022,Automotive Parts,318.2,501.5,213.22,FALSE,297.3,
08-04-2020, Electronics,252.4,495.5,47.29,N,235.9,
17-05-2021,"  pet supplies	",213.4,NA,197.53,0,202.2,
09-26-2020,groceries,265.5,593.5,109.49,0,276.2,
27-08-2021,Automotive Parts,265.5,706.6,220.47,0,254.7,
19-12-2022, Apparel,469.8,1375.1,172.82,FALSE,483.2,
04-23-2022,APPAREL,429.4,1390.5,165.93,N,399.7,
03-22-2020, Apparel,427.8,1254.1,168.82,0,N/A,
17-11-2022,PET SUPPLIES,421.2,691.5,195.88,FALSE,382.2,
13-01-2020,Automotive-Parts,369.4,838.4,211.45,1,356,
03-01-2020,Groceries ,292.3,649.4,104.55,0,284.1,
18-08-2021,Grocery,278.3,715.4,108.7,FALSE,283.5,
07-10-2020,APPAREL,451.8,1230.8,164.5,FALSE,442.2,
02-03-2022,"  Beauty	",339,1052.3,167.33,0,316.2,
25-05-2022,Sporting_Goods,579.5,1425.9,missing,0,585.1,
22-09-2022,Office Supplies,425.5,704.1,91.06,FALSE,441.4,
29-12-2022,office supplies,494.8,749.5,90.1,No,451.1,
07-15-2022,AUTOMOTIVE PARTS,322.4,575,220.29,0,319.6,
26-06-2020, Office Supplies,306.3,886.2,91.62,0,307.4,
31-10-2022, Office Supplies,436.6,760.3,89.45,0,417.9,
02-01-2021,beauty,255.6,1018.5,164.02,FALSE,255,
09-11-2020,apparel,389.6,1268.9,167.28,0,398.7,
23-May-21,Sporting Goods,534.6,-,122.79,0,515.2,
09-05-2020,Furniture,350.6,811,73.44,0,339.4,
08-19-2022,Toys,418.9,583,230.57,No,413.4,
06-28-2022,beauty,416.6,1025.3,161.74,0,395.4,
17-04-2020,"  Electronic	",280.9,489.1,46.54,N,263,
07-04-2021,groceries,291.4,613.3,106.51,FALSE,273.7,
12-04-2022,Electronics,322.4,297.7,?,0,313.1,
27-10-2022,APPAREL,524.3,1345.5,169.67,0,487.5,
25-Jun-22,Beuaty,447.6,1025.3,161.98,0,433.7,
05-07-2020,Grocery,N/A,632,108.97,FALSE,197.9,
09-09-2021,Electronis,205.6,474.4,46.66,0,211,
13-11-2022,SPORTING GOODS,477.4,1485.8,130.89,No,454.1,
01-06-2022,Automotive Parts,409.9,516.6,217,1,426.7,
23-04-2020,Clothing,433.6,1279.9,170.41,FALSE,399.7,
05-14-2022,Electronic,332.5,999999,45.54,0,341.7,
24-07-2020,Clothing,502,1248.7,169.05,0,522.5,
09-Nov-20,Grocery,227.8,589.8,108.89,0,213,
19-04-2022,GROCERIES,295.3,771.5,108.42,No,302.2,
01-26-2021,SPORTING GOODS,471.4,1407.2,132.04,FALSE,492.8,
06-Sep-21,office supplies,364.3,817.9,88.85,0,341.5,
02-16-2022,office supplies,383,743,88.54,0,364.5,
03-02-2021,office supplies,501,912.6,89.27,1,520.7,
09-03-2021,Groceries ,275.5,640.7,110.43,0,260.7,
24-07-2020,TOYS,371.7,633.7,235.36,0,338.9,
26-07-2022,"  Automotive-Parts	",323.5 units,563.3,222.57,N,311.8,
25-03-2020,Toys,260.7,757.8,238.13,0,259.6,
23-02-2021,Automotive Parts,435.6,642.7,218.96,1,423.4,
18-11-2020,FURNITURE,319.6,823.1,76.24,No,314.4,
25-Feb-20,Furniture ,192,missing,75.81,N,181.1,
05-06-2021,Pet Supplies,291.1,533.7,$192.07,0,276.1,
11-24-2020, Apparel,461.3,1255.8,172.2,0,443.2,
12-11-2021,beauty,383.3,970.1,Rs.172.94,0,379.8,
09-19-2020,Furnture,356.7,807.1,73,0,361.4,
18-01-2020,PET SUPPLIES,285.5,-811.1,196.75,0,275.5,
15-08-2020,PetSupplies,298,739.2,?,FALSE,308.5,
17-06-2021,Appearl,388.6,1283.3,174.49,N,372,
05-01-2021,OFFICE SUPPLIES,323.8,635.5,88.65,FALSE,322.1,
23-10-2021,office supplies,434.3,822,91.11,No,402,
25-05-2021,BEAUTY,407.3,1028.2,Rs.165.71,0,401,
22-01-2021,TOYS,252.4,629,238.59,0,228.8,
20-Jan-21,sporting goods,504.1,1399.9,132.12,0,518.6,
25-Jun-20,Beauty,404.6,,165.08,No,380.4,
23-Aug-22,"  Appearl	",461.9,1427,172.41,0,432.7,
22-07-2022,Office Supplies,410.4,672.8,89.88,0,421.8,
01-07-2020,GROCERIES,240.8,-613.1,105.67,No,241.7,
28-06-2020,SPORTING GOODS,499.8,1362.3,125.78,N,465.4,
17-Oct-22,electronics,208.8,168.2,46.76,FALSE,202.6,
08-10-2021,"  Furniture 	",380.3,973.7,74.31,No,380.4,
09-02-2021,Sporting_Goods,679.1,1387.5,127.58,1,669.2,
22-11-2022,Automotive Parts,431.2,500.3,230.16,Y,390.5,
01-Jul-22,Sporting_Goods,659.3,1347.9,127.45,0,668.6,
02-22-2020, Beauty,345,1059.1,164.39,0,332.8,
06-16-2021,Pet Supplies,281.6,821.8,193.49,FALSE,294.6,
30-04-2021,Furniture ,208.8,1003.1,76.08,N,208.8,
04-20-2022,GROCERIES,353.4,755.2,104.44,0,367,
22-Feb-21,apparel,461.2,1264.2,170.75,0,452.1,
03-18-2022,"  APPAREL	",480.5,1330.8,174,0,498.9,
08-09-2021,SPORTING GOODS,517.2,1365.2,125.69,0,531.8,
15-05-2022,Sporting Goods,570.7,1420.7,125.89,FALSE,531.5,
19-Sep-21,office supplies,346.1,821.0 pcs,88.49,FALSE,313.5,
31-12-2021,AUTOMOTIVE PARTS,390.1,665,218.04,0,374,
23-Oct-22,groceries,353.3,774.1,107.66,FALSE,334.8,
08-09-2022,Apparel,440.2,992.3,NULL,0,54.3,
04-04-2022,office supplies,346.2,750.9,91.56,0,342,
12-28-2021,pet supplies,316.4,N/A,197.67,0,321.8,
25-Oct-22, Beauty,384.3,993.3,162.64,0,395.2,
07-09-2021,Grocery,-239.8,783.7,108.79,0,245.7,
17-07-2020,Automotive Parts,293.5,779.1,213.07,0,276.7,
01-05-2022,Pet Supplies,309.2,821.4,193.21,No,320.1,
02-01-2023,Grocery,381.5,747.5,108.66,No,NA,
01-12-2022,sporting goods,844.3,1495.6,123.35,1,771.7,
05-11-2021,Toy,345.6,634.8,238.72,0,347.2,
11-04-2022,Pet Supplies ,missing,856.6,196.54,N,241.5,
26-Dec-20,Sporting Goods,529.3,1388.7,126.24,FALSE,543.5,
22-Nov-21,Toy,309,650.7,231.21,0,279.8,
19-Jan-21,Clothing,-424.1,1299.5,178.58,0,383,
10-10-2021,beauty,395.7,997.3,166.79,0,406.9,
09-09-2020,TOYS,319.2,621.8,237.54,No,331.6,
01-05-2022,Groceries,459.9,765.2,104.84,1,469.5,
08-Aug-21,Apparel,435.5,1280,167.62,FALSE,450.4,
22-11-2020,Grocerys,264.9,585.4,103.91,FALSE,246.7,
01-Oct-20,Electronic,150.8,530,48.29,0,147.8,
27-09-2020,pet supplies,305.4,810.1,195.74,0,287.8,
09-23-2020,pet supplies,424.5,787.1,192.23,Yes,388.7,
25-02-2022,Beuaty,443.2,807.7,missing,0,418.2,
16-04-2022,OfficeSupplies,407.4,718.3,88.13,FALSE,407.3,
29-Jun-20,Beauty,394.8,558.8,166.09,0,84.6,
06-26-2020,Toys,449,654.9,229.53,1,411.1,
27-07-2020,automotive parts,205.4,772.7 pcs,221.84,No,192.8,
22-02-2022,Furniture ,227.4,1112.2 pcs,72.92,0,?,
09-14-2022,Toy,405.8,610.3,$232.52,0,396.9,
02-10-2020,"  Automotive-Parts	",269,740,216.35,No,252.2,
07-20-2022,Sport Goods,546.9,1384.6,129.6,FALSE,526.3,
01-Jun-20,APPAREL,320.3,1341.2,173.01,0,308.5,
09-04-2020,Toy,257.6,736.6,236.63,N,238.5,
30-06-2021,Furnture,284.5,1011.2,74.64,0,262.8,
06-19-2021,PET SUPPLIES,312.2,810.6,200.8,N,284,
09-12-2022,Grocery,424.2 units,601.9,107.53,FALSE,21.2,
20-02-2021,electronics,299.9,508.3,48.05,0,276.1,
24-07-2021,Furniture ,353.4,996.8,71.73,0,343.7,
11-Nov-22,AUTOMOTIVE PARTS,347.7,510,216.14,N,315.2,
15-11-2020,Grocerys,382.6,592.1,Rs.104.61,1,359.4,
18-05-2020,TOYS,253.6,-739.1,237.24,FALSE,251.5,
21-04-2020,Beuaty,369.2,1081.3,?,FALSE,377.7,
22-11-2021,Automotive Parts,310.9,666.8,213.12,0,307.6,
13-08-2020,Grocerys,245.8,598.1,106.95,0,226.2,
10-20-2020,toys,288.1,621.9,237.36,No,269.4,
11-04-2022,Grocery,311.2,775.7,$104.27,No,307.6,
06-01-2022,TOYS,,675.1,240.74,0,321.1,
12-Jun-21,toys,336.1,426.3,234.6,0,346.6,
05-03-2020,Groceries,393.1,682.6,107.63,TRUE,370,
03-Oct-22,beauty,405.4,948.6,168.43,0,366.5,
26-06-2021,apparel,999999,1287.9,NA,0,393.5,
06-12-2022,sporting goods,595,1412.3,128.14,FALSE,552.5,
27-Dec-20,"  automotive parts	",341.9,586.2,219.42,No,315.9,
05-04-2021,ELECTRONICS,-266.2,465.5,44.41,0,258.5,
01-09-2021,beauty,425.4,1031,167.89,0,429.6,
24-11-2021,SPORTING GOODS,531.3,-1428.9,129.51,N,549.4,
29-06-2021, Electronics,333.3,513,47.55,1,305,
27-Sep-22,Beauty,352.4,971.3,166.61,0,N/A,
22-03-2020,Pet Supplies,301.9,829.8,197.6,1,287.8,
01-19-2021,Office Supplies,501.8,NULL,Rs.92.61,Yes,463.7,
01-10-2021,ELECTRONICS,215.6,449.8,45.65,FALSE,195.7,
25-02-2021,Pet Supplies ,314.9,803.9,198.65,N,308.8,
22-01-2022,groceries,380.9,770.4 pcs,107.62,N,386,
06-10-2020,Automotive Parts,248.5,740.1,missing,FALSE,244.6,
17-01-2020,TOYS,245.3,803.3,241.01,0,243,
20-10-2020, Beauty,323.7,1087.4,161.57,0,311.9,
27-03-2021,GROCERIES,337.6,601.2,106.84,FALSE,342,
02-22-2020,PetSupplies,381.5,820,?,1,389.9,
19-02-2021,Beuaty,410.8,,160.13,1,394,
03-06-2021,TOYS,353.9,622.1,237.75,0,351.2,
28-09-2021,OFFICE SUPPLIES,354.6,820.1,88,0,328.7,
10-01-2020,office supplies,376.1,810.7,90.05,FALSE,354.4,
22-Apr-21,Furniture ,231.8,994.4,72.56,0,NA,
04-03-2020,OFFICE SUPPLIES,346.5,870,87.73,FALSE,359.9,
03-11-2020, Toys,296.2,623.1,$237.11,0,270.1,
11-21-2021,Beauty,338.6,992.2,164.47,N,305.9,
16-03-2020,Groceries,-,668.5,106.58,FALSE,208.8,
22-06-2020,electronics,183.1,552.9,46.08,N,176.2,
17-Oct-20,"  Sport Goods	",425.7,1403.1,999999,FALSE,443.7,
11-May-20,APPAREL,364.2,1312.9,171.67,FALSE,328.6,
02-Jun-21,BEAUTY,428,null,165.96,0,399.5,
06-08-2022,groceries,322.2,779.4,106.03,0,322,
06-12-2022,Grocerys,412.7,782.3,105.2,1,402.5,
14-03-2022,OFFICE SUPPLIES,378.7,741.3,999999,0,372.3,
12-Aug-22,PetSupplies,380.7,735.1,198.11,0,395.2,
11-May-21,Grocerys,243.9,695.7,105.91,0,223.3,
10-12-2020,FURNITURE,322.4,814.1,76.27,N,314.1,
02-01-2022,Furniture,270.0 units,720,75.47,N,52.3,
23-08-2020,Sporting_Goods,503,1366.3,127.38,FALSE,485.8,
08-03-2021,Toys,246.3,643.3,243.03,0,229.5,
19-07-2021,Pet Supplies ,281.4,807.9 pcs,195.89,0,287.7,
17-Nov-21,Furniture,381.9,1004.7,75.35,0,391.1,
28-05-2020,beauty,1250.4,1113.3,162.83,No,370.9,
28-Apr-22, Toys,328.6,309.3,235.14,0,71,
14-10-2022,"  groceries	",404.5,754.9,105.63,0,411.8,
30-05-2020,Sporting Goods,560,1332.9,128.61,0,541.8,
17-Jan-20,"  AUTOMOTIVE PARTS	",331.6,822.7,216.38,0,N/A,
22-02-2021,office supplies,323.8,901.3,missing,FALSE,339.8,
17-11-2022,Beauty,429.5,982.5,158.06,0,429.5,
04-04-2022,"   Apparel	",423.6,1358.5,176.15,0,400.3,
07-06-2022,furniture,260.5,1162.9,74.41,N,249.7,
02-08-2021,Office Supplies,299.6,459.1,92.72,0,48.5,
03-Oct-21,OFFICE SUPPLIES,383.9,820.9,87.74,FALSE,345.6,
16-09-2020,ELECTRONICS,145.8,552.1,46.77,0,148.3,
25-12-2021,furniture,311.4,1039.9,73.44,0,289.7,
07-06-2022,PetSupplies,999999,835.1,193.19,N,305.8,
15-Apr-21,"  PetSupplies	",315.3,832.1,192.4,N,319.2,
10-02-2020,FURNITURE,371.9,779.1,null,0,337.4,
03-17-2020,automotive parts,316.7,770.1,222.5,N,311.8,
02-07-2022,Furniture,268.6,1097.3,76.36,0,258.7,
12-29-2022, Apparel,560.1,1340.8,183.12,N,576.5,
12-15-2021,BEAUTY,345.8,978.5,167.12,No,346.8,
21-10-2021,GROCERIES,315.7,829.6,$107.04,N,287.2,
05-04-2020,Grocerys,227,661.5,109.59,FALSE,219.3,
19-10-2021,office supplies,-367.1,854.5,91.04,0,357.7,
30-09-2022,Apparel,506,?,170.35,N,525,
13-06-2022,SPORTING GOODS,479.7,1441.9,129.05,N,446.1,
07-Sep-21,Sporting_Goods,487.6,1374.7,126.59,FALSE,504.8,
05-28-2020,SPORTING GOODS,509.9,1347.6,131.26,FALSE,480.9,
27-02-2022,furniture,261.2,1107.5,75.6,0,236.9,
12-06-2022,Furniture ,363.8,1143.2,?,Yes,343,
15-11-2022,Groceries ,330.3,788.7,107.89,No,311.2,
29-Aug-22,Auto Parts,272.5,551.9,220.8,N,273.2,
01-06-2021,groceries,296.3,713.3,106.67,Y,309.5,
19-08-2021,furniture,365.4,967.1,76.05,0,352.4,
09-11-2020,sporting goods,457,1412.5,Rs.130.71,FALSE,416.3,
15-07-2022, Toys,403.5,580.1,239.39,0,409.5,
02-07-2022,Furnture,320.4,1143.7,73.67,0,310.8,
26-Apr-20,AUTOMOTIVE PARTS,319.1,814.5,214.2,No,333.2,
22-09-2021,Beuaty,427.7,1002.4,N/A,0,395.3,
29-02-2020,Office Supplies,345,917.1,91.13,0,350.6,
30-01-2021,office supplies,401.9,855,90.23,N,387.5,
22-07-2021,Office Supplies,337,564.1,89.89,N,339.2,
02-03-2022,Grocerys,403,786.2,106.96,N,371.5,
07-09-2020,Pet Supplies,307.7,777.6,189.81,0,293.1,
24-Apr-22,BEAUTY,411.2,1031.9,164.72,0,390,
06-09-2022,toys,-,606.2,241.99,0,367.2,
16-07-2022,Sporting_Goods,530.1,1388.5,127.05,No,490.9,
20-02-2022,Toys,268.4,676.6,239.13,0,253.3,
04-12-2021, Office Supplies,452.4 units,798.7,91.45,FALSE,433.8,
08-04-2020,furniture,186.3,780.8,75.07,FALSE,189.6,
31-03-2021,"  BEAUTY	",397.4,978,165.5,0,391.6,
11-01-2021,Furnture,365,1016.9,75.49,0,3744,
17-07-2020,Sporting Goods,489.3,1377,,N,492.9,
10-Oct-22,GROCERIES,318.8,778.4,108.46,0,292.8,
24-09-2021,Electronis,212.2,460.4,46.63,0,218.4,
04-12-2022,"  Apparel	",404.5,1373.9,165.7,0,406.7,
17-08-2021,apparel,399.1,1277.7,168.69,0,411.5,
11-08-2022,beauty,529.1,988.6,NA,1,482.2,
17-Jun-22,Automotive-Parts,358.5,554.9,213.23,0,369.4,
28-07-2020,furniture,313.4,825.4,72.95,0,301.7,
04-Sep-21,SPORTING GOODS,523.7,1364.7,131.75,0,547.6,
11-10-2021,Toy,292,662.3,235.56,0,280,
27-Oct-21,TOYS,328,630.2,239.26,0,298.1,
10-04-2020,Furniture ,189.3,783.4,74.03,0,173.6,
01-Oct-22,Groceries ,348,754.4,105.53,0,350.2,
12-03-2020,automotive parts,359,411.3,212.68,FALSE,339.4,
16-03-2022,Sporting Goods,566.7,1421,124.63,0,529.1,
07-09-2022,office supplies,373.3,686.6,90.5,FALSE,357.7,
18-07-2022,Groceries,272.8,803.4,108.27,0,250.5,
11-04-2020,Automotive Parts,327,776.4,214.82,0,334.6,
13-03-2022, Toys,272.8,657.7,242.37,FALSE,248.3,
11-08-2020,office supplies,366.3,812.9,87.67,0,330.7,
20-01-2022,Groceries ,375,775.5,104.6,0,358.4,
30-03-2020,automotive parts,296.4,806.4,214.97,0,270.5,
03-08-2020,OFFICE SUPPLIES,NA,880.8,89.07,TRUE,470,
11-01-2021,Sporting_Goods,490.4,1405.5,131.41,No,472,
14-06-2021,Grocerys,238.8,688.4,109.11,0,235.1,
10-08-2022,AUTOMOTIVE PARTS,292.9,556.2,225.02,FALSE,276.9,
06-30-2020,OFFICE SUPPLIES,missing,915.1,87.57,0,223,
10-11-2021,"  GROCERIES	",273.4,814.7,$104.84,N,259.2,
08-12-2022,Apparel,999999,1374.8,167.96,0,507.8,
12-29-2020,"  ELECTRONICS	",189.3 units,573.1,46.79,N,176.2,
09-07-2020,APPAREL,383.8,1312.8,167.43,N,347.3,
07-11-2021,Furniture,394.5,1018.6,73.29,N,387,
02-Jul-20,sporting goods,520.4,1364.4,129.65,0,476.2,
02-06-2022,OFFICE SUPPLIES,364.7,709.3,91.45,0,374.1,
11-08-2020,Sporting_Goods,408.7,1423.4,129.95,0,395.1,
31-08-2021,Appearl,1562.0 units,1284.1,170.19,0,430,
11-07-2022,SPORTING GOODS,496.7,1476,127.29,FALSE,472.4,
07-11-2021,TOYS,332.3,641.1,237.89,0,319.6,
17-08-2020, Beauty,355.5,1089.9,166.24,0,372,
12-01-2021,ELECTRONICS,222.6,570,47.88,No,220.3,
12-04-2020,beauty,383,1111.3 pcs,161.76,0,396.5,
07-04-2022,Clothing,670.2,1347.8,171.69,1,6787,
04-10-2020,OfficeSupplies,365.5,824.3,Rs.88.7,0,345.5,
21-12-2021,Apparel,411.1,1353.2,164.48,N,423.4,
10-29-2020,Beuaty,378.7,817.8,161.47,No,78.9,
05-03-2021,Toys,278.6,631.5,242.65,No,278.7,
10-10-2021,sporting goods,445.7,1431.1,132.23,0,403.2,
27-01-2022,Furniture ,325.8,1066.6,74.94,0,307.4,
16-11-2021,Appearl,489.7,1281.7,169.95,0,477.5,
01-01-2020,Office Supplies,363.4,882.1,91.4,0,331.7,
30-08-2022,Furniture ,401.2,1148.7,73.55,No,391.4,
25-10-2020,apparel,443.6,1238.1,170.04,0,441.7,
16-Sep-22,groceries,530.5,773.4,109.71,1,516.3,
09-Jan-20,Electronics,201.4,519.1,46.02,0,181.5,
14-03-2020,AUTOMOTIVE PARTS,,765.6,222.93,0,316.9,
17-12-2021,SPORTING GOODS,536.8,1412.8,130.05,0,483.9,
15-06-2020,Pet Supplies,219.7,786.4,197.75,0,208.9,
20-06-2022,BEAUTY,,1050,166.97,0,398.6,
07-12-2022,SPORTING GOODS,553.1,1480.8,-,0,565.6,
14-Sep-20,Furniture,356.1,815.4,76.54,0,NA,
16-Apr-20,ELECTRONICS,299.2,478.3,45.74,0,276.1,
11-07-2022,OfficeSupplies,316.3,714.2,Rs.92.99,No,331,
13-01-2021,OfficeSupplies,375.3,874.1,missing,N,361.8,
14-08-2020,Pet Supplies ,330.2,736.2,192.54,No,339.3,
04-08-2020,Automotive Parts,335.3,777.8,222.39,0,346.9,
28-Oct-21, Office Supplies,466,816.4,89.17,0,423.5,
10-Dec-20,APPAREL,482.3,1241.1,171.99,No,460.7,
23-Aug-21,GROCERIES,239.1,761.3,106.07,FALSE,222.2,
27-06-2021,Appearl,364.2,1301.6,165.85,FALSE,356.8,
01-30-2022,Toys,270.7,691.8,243.6,0,262,
30-Jun-20,Furniture ,249.8,808.9,75.61,0,228.5,
30-06-2021,Sporting Goods,564.1,1321.4,130,0,589.3,
08-Jan-20,Sporting Goods,431.4,1107.4,131.67,0,400.3,
03-03-2022,Beuaty,436.9,?,165.41,0,435.6,
11-04-2021,FURNITURE,207.7,991.2,71.66,0,202.8,
10-07-2020,AUTOMOTIVE PARTS,281.3,786.7,219.81,0,260.5,
30-04-2021,Office Supplies,373.6,626.6,87.72,0,378.3,
04-07-2021,Furniture ,187.8,984.2,72.35,FALSE,1967,
29-09-2021,beauty,525.8,1015.6,$161.32,1,NULL,
03-03-2020,Furniture ,181,754.5,76.1,FALSE,183.4,
09-06-2020,Beauty,null,1122.2,168.96,FALSE,355,
04-10-2021,PetSupplies,444.7,860,195.33,Yes,431.8,
14-06-2020,Pet Supplies ,381.4,790.6,197.93,1,353,
02-24-2022,Apparel,724.7,1295,165.47,1,716.8,
06-12-2020, Electronics,257.9,550.2,46.7,No,255.4,
01-02-2020,Groceries ,254.4,700.7 pcs,106.69,0,249.4,
20-02-2022,OfficeSupplies,430.7,732,88.9,FALSE,NULL,
11-12-2022,Sporting_Goods,529.1,1489.2,126.16,FALSE,528.6,
09-25-2020,Grocery,266.9,595.2,109.04,0,2433,
19-04-2022,Pet Supplies ,375.5,656.2,191.29,1,350,
05-11-2022,Toys,383.7,565.8,235.24,0,363.3,
04-07-2020,SPORTING GOODS,490.2,1379.5,128.47,0,487.2,
12-12-2021, Toys,296.2,692.4,240.48,0,309.9,
03-01-2020,sporting goods,694.8,1429,127.04,1,638.1,
21-12-2022, Apparel,497.2,1357,168.68,0,517.5,
13-Jan-21, Toys,255.2,326.7,$232.09,0,264.2,
21-08-2022,PET SUPPLIES,342.2,763.5,195.9,0,321.7,
27-06-2020, Office Supplies,256.6,903.8,$88.04,0,251.7,
19-01-2020,Automotive Parts,354.1,811.4,215.02,0,359,
05-12-2020,TOYS,269.1,622.5,237.43,No,,
12-10-2020,office supplies,414.9,833.5,88.7,0,400,
29-09-2021,Clothing,N/A,1340.6,173.14,N,394.8,
05-07-2020,ELECTRONICS,181,557.1,48.74,0,178.4,
18-05-2022,electronics,438.9,306.2,46.62,1,403.8,
14-Jan-20,furniture,251.9,778.6,73.85,FALSE,248.7,
01-12-2020,"   Electronics	",145.3,560.9,48.09,FALSE,146.5,
30-Oct-20, Apparel,494.3 units,NULL,175.31,N,497.9,
21-12-2021,pet supplies,376.9,824.4,191.88,1,N/A,
01-02-2023,Toys,287.2,588.7,238.58,FALSE,300.4,
01-28-2020,Groceries,344.4,689.2,108.53,TRUE,326.8,
25-05-2020,"  furniture	",297.1,762.9,74.84,Yes,280.5,
12-Jul-22,APPAREL,394.6,1461.4,169.79,0,361.6,
03-01-2021,groceries,279.7,571,108.23,FALSE,277.7,
08-06-2021,Beuaty,437.6,1028.1,163.51,0,425.2,
08-06-2020,PET SUPPLIES,200.3,830.1,190.91,FALSE,203,
19-10-2022,Sporting Goods,571.5,1431,126.88,0,597.5,
27-01-2020,toys,316.6,826.9,234.57,1,292.1,
23-07-2022,BEAUTY,477.1,935.3,166.43,FALSE,missing,
11-Dec-21,Clothing,506.4,1305.1,170.38,FALSE,512.8,
10-15-2022,office supplies,452.4,756.3 pcs,89.64,No,409.3,
14-Mar-20,Electronis,264.4,475.7,45.28,0,261.6,
07-08-2022,OFFICE SUPPLIES,401.3,685.7,87.53,0,365.8,
24-01-2022,Electronis,268.9,344.2,46.62,0,245.7,
13-06-2020,Beuaty,415.6,1112.7,166.33,No,386.3,
18-02-2020,Grocerys,326,481.6,107.95,Yes,20.9,
12-Apr-21, Apparel,421.9,1306.4,167.14,0,392.7,
04-02-2021,AUTOMOTIVE PARTS,374.1,609.1,224.22,0,391.5,
03-Oct-20,Electronis,N/A,530.4,45.25,Y,168.6,
17-11-2020,Sporting_Goods,458.1,1423.2,132.43,FALSE,471.4,
26-10-2021,Pet Supplies ,354.4,828,999999,0,335.6,
09-12-2022,PET SUPPLIES,401.6,683.2,193.66,0,392.9,
29-05-2021,Apparel,397.2,1310.2,170.85,0,378.8,
20-12-2020,electronics,169.9,534.6,47.7,FALSE,166.5,
03-02-2022,Sport Goods,555.3,1410.3,126.88,0,510.6,
19-12-2022,Automotive-Parts,369.3,496.6,223.07,FALSE,354.7,
12-10-2021,"  Automotive-Parts	",283.7,701.6,218.95,0,277.5,
26-08-2022,PetSupplies,416.3,726.2,206.36,0,379.1,
14-12-2020,Auto Parts,324.8,597.1,220.88,0,314.3,
14-07-2020,Pet Supplies,237.3,778.3,$193.37,FALSE,231.2,
22-04-2022,groceries,-405.2,742.2,107.42,0,379.4,
05-03-2020,furniture,269.3,781.7,75.82,1,263.2,
28-Jan-20,Sporting_Goods,486.6,1436.3,123.96,FALSE,451.1,
16-09-2021,Appearl,512.2,1309.6,170.13,0,492.3,
27-Mar-21,OfficeSupplies,385.7,860.3,88.68,FALSE,388.5,
12-09-2021,Furniture,360.7,1034.5,78.18,0,361.9,
14-11-2020,"  Office Supplies	",522.6,788.7,89.79,TRUE,482.3,
07-11-2020,ELECTRONICS,177.7,541,47.34,FALSE,174.2,
03-May-22,furniture,212.8,1171.5 pcs,74.34,0,197.2,
05-03-2021,Furniture,223.5,-1008.9,76.63,0,215.9,
25-01-2021,Toys,231.4,642.2,228.32,No,211.3,
12-11-2020,GROCERIES,303.6,589,110.77,0,304.2,
10-06-2021,Groceries ,310.9,682,108.27,FALSE,280,
11-08-2021,Electronics,314.8,505.5,48.19,1,317.1,
11-19-2021,sporting goods,525.9,1430,126.01,0,518,
03-30-2022,AUTOMOTIVE PARTS,418.7,568.1,222.56,0,missing,
05-09-2021,Auto Parts,272.7,700.8,216.89,FALSE,250.5,
31-01-2020,Grocerys,287.2,685.9,108.02,0,259.6,
09-15-2022, Electronics,244.3,256,46.38,0,240.3,
08-13-2022,Beuaty,553.5,-961.3,169.39,1,554.4,
05-24-2022,Clothing,421.2,1436.4,169.84,0,410.5,
26-05-2021,SPORTING GOODS,541.1,1318.3,125.79,0,566.8,
22-Apr-20, Toys,263.3,738.9,245.2,FALSE,264.5,
20-04-2022, Beauty,422.1,1027.2,167.81,0,435.8,
28-07-2020,Toy,308.7,637.8,null,FALSE,321.4,
13-Nov-22,Auto Parts,1451.8,513.1,217.99,0,300.3,
07-Mar-20,electronics,259.4,506.2,46.31,0,269.4,
15-12-2020,Furniture ,NULL,832.7,74.66,FALSE,321.9,
09-29-2022,Automotive-Parts,320.3,493.9,210.62,No,300.4,
28-10-2020,Furnture,588.8,773.1,75.35,Y,605.5,
16-01-2021,"  SPORTING GOODS	",512.1,1410.8,133.15,0,496.1,
17-Mar-22,"  SPORTING GOODS	",617.6 units,1406,121.5,0,609.3,
03-11-2020,Electronic,115.9,519.8,47.05,FALSE,120.9,
04-08-2020,Electronics,140.7,?,47.53,N,145.3,
10-03-2021,Sporting_Goods,501.8,1362.1,130.2,0,507.6,
18-Jun-21,Pet Supplies ,298.5,817.1,200.62,No,2955,
26-Jul-21,BEAUTY,-403.9,1032,159.4,0,396.7,
15-04-2022,PetSupplies,336.3,837,195.31,FALSE,319.6,
13-03-2021,OFFICE SUPPLIES,368.3,861.3,90.61,0,369.8,
05-May-22,beauty,468.7,1023.8,Rs.164.25,FALSE,468.3,
14-Feb-22, Electronics,295.5,349.1,47.22,0,306.9,
06-11-2021,Sporting_Goods,530.4 units,1411.5,130.43,No,520.7,
19-06-2022,Office Supplies,missing,706.3,89.96,0,318.8,
08-06-2022,PET SUPPLIES,376.1,828.2,199.31,TRUE,380.6,
31-01-2021,Grocerys,300.9 units,553.4,108.59,0,276.3,
06-25-2021,Furnture,300.3,1001.7,73.95,0,277,
02-05-2021,Auto Parts,391.1,610.2,226.58,0,391.8,
10-07-2021,APPAREL,440.5,1297.3,173.74,0,4202,
21-11-2021,toys,336.1,N/A,234.64,0,323.6,
05-09-2020,OfficeSupplies,336.9,839.7,NA,N,349.8,
06-03-2020, Toys,265.2,779.1,237.41,0,999999,
02-09-2022,Clothing,-,1378.6,172.02,0,527.2,
18-05-2022,automotive parts,351.9,523.7,218.7,0,329.1,
10-21-2021,ELECTRONICS,196.6,422.8,45.55,0,204.4,
02-04-2021,Appearl,481.7,1264.1,168.77,FALSE,437.9,
04-07-2021,furniture,275.8,1012.6,73.24,FALSE,281.4,
25-03-2020,electronics,256.6,505.6,47.28,0,251.3,
10-12-2021,Apparel,534,1290.6,172.18,0,551.9,
01-27-2020,Sporting_Goods,437.5,1452,124.22,N,420.8,
02-09-2021,Apparel,451.9,1292.5,166.65,0,437.4,
24-Sep-21,BEAUTY,418,1000.1,167.56,N,379,
08-Dec-20,Pet Supplies ,300.1,790.3,193.26,0,289.2,
28-06-2022,furniture,276.4,1158.3 pcs,$72.16,0,267.8,
25-11-2021,Apparel,522.3,1260.4,170.59,FALSE,538.2,
07-08-2020,beauty,407.8,1072.8,$161.3,0,428.1,
02-04-2022,Automotive Parts,406.8,571,999999,No,387.1,
04-04-2020,Sporting Goods,516.8,1364.9,128.29,0,481.4,
04-Jun-22, Electronics,321.6,295.5,46.77,0,322.6,
18-08-2021,Electronics,199.3,516.2 pcs,47.28,0,185.7,
05-05-2021,FURNITURE,243.3,1009.7,72.94,No,255.1,
25-05-2022,Appearl,999999,1432.6,169.75,0,406,
11-01-2020,"  Furniture 	",271.8,767.7,76.18,N,263.4,
07-06-2020,TOYS,304.6,676.1,238.03,0,297.3,
22-Sep-22,APPAREL,539,1334.4,169,0,522.8,
12-12-2020,Furniture ,296.4,833.2,73.5,FALSE,279.1,
09-08-2022,Office Supplies,343,699.1,93.09,0,358.1,
08-02-2022,GROCERIES,276.1,800.5,105.04,0,288.3,
07-11-2022,PetSupplies,382.4,-,198.77,0,375.5,
18-Jan-21,Electronic,273.4,?,46.58,Yes,247.8,
09-03-2020,sporting goods,437.7,1446.2,124.56,0,435.5,
05-Sep-20,APPAREL,456,1234.4,163.91,N,465.8,
07-Nov-21,Sporting Goods,429.1,1442.6,$129.26,0,397.5,
12-May-20,sporting goods,504.8,1356.1,131.1,N,468.5,
19-Jun-22, Beauty,486.9,1037.1,167.83,0,462.7,
18-10-2021, Beauty,331.7,694.5,164.35,FALSE,47.8,
06-08-2022,pet supplies,382.3,743.9,null,0,384.8,
04-23-2021, Toys,288.4,632.3,229.35,0,287,
22-10-2021,ELECTRONICS,230.6,413,46.42,N,208.3,
03-09-2020,Furniture ,328.1,814.6,74.17,0,340.7,
23-09-2021,Groceries,293.3,791.9,106.31,0,274.4,
17-02-2022,ELECTRONICS,345.5,236.8,46.97,FALSE,359.9,
07-12-2020,Sport Goods,439.9,999999,132.05,0,442.7,
16-10-2021,Sporting_Goods,462.5,1402.7,126.34,0,null,
05-25-2022,GROCERIES,328.9,760.1,NULL,No,318.9,
10-06-2020,Clothing,377.9,1308,167.46,0,360.9,
02-04-2021,Grocery,434.7,610.5,109.59,TRUE,416.8,
21-Sep-21,sporting goods,470.4,1405.3,132.16,FALSE,442.7,
02-11-2021,OFFICE SUPPLIES,484.4,863,90.82,Y,448.5,
19-Dec-20,automotive parts,363.2,572.6,210.76,FALSE,351.9,
11-06-2020,Toys,301.3,683,232.11,0,316.2,
18-06-2021,BEAUTY,452,992.6 pcs,164.29,0,446.7,
16-01-2021,Appearl,480.2,1281.5,181.23,No,504.1,
26-10-2021,Groceries,273,819,104.53,0,268.3,
18-12-2021,PetSupplies,1391.1,802,missing,0,361.9,
20-09-2021,"  Electronics	",153.1,482.9,47.56,No,144,
16-01-2021,Pet Supplies,353.7,811.3,196.13,0,362.2,
04-05-2021,Electronis,286.2,505.2,45.19,FALSE,284.7,
01-11-2020,BEAUTY,347.1,NULL,161.1,0,354.4,
08-Dec-22,Furniture,null,?,NA,FALSE,402.9,
27-Jul-21,Sporting_Goods,762.9,1339.3,125.17,1,763.9,
11-12-2020,Sporting Goods,523.5,1386.3,128.96,FALSE,534.2,
25-12-2022,Apparel,497.2,1362.8,174.16,0,999999,
07-11-2020, Electronics,170,-518.3,46.27,FALSE,160.3,
28-06-2020,APPAREL,321.4,1336.7,168.19,0,327.2,
14-02-2020,Groceries,320.7,666.8,107.14,0,,
06-07-2021,beauty,407.7 units,1000.4,162.97,FALSE,408.9,
28-Jul-21,Grocery,272.4,681.3,105.52,0,254,
22-04-2020,Groceries,340.6,634,106.95,Yes,316.7,
15-01-2020,"  Clothing	",437.5,783.8,171.45,0,452,
27-10-2020,"  PetSupplies	",320.1,821.3,202.62,FALSE,303.6,
19-Jul-20, Electronics,208.5,554.8,45.41,1,218.4,
30-Aug-21,Grocery,missing,754.8,107.81,FALSE,227.7,
18-Aug-21,Sporting_Goods,462.5,1347.5,128.17,No,440.7,
04-12-2020,GROCERIES,325.6,571.6,108.22,0,319,
04-05-2022,Beuaty,634.8 units,1016.7,160.11,Yes,596.4,
05-07-2022,AUTOMOTIVE PARTS,340.9,568,218.68,FALSE,351.1,
25-Sep-20,Automotive Parts,278.5,730.5,222.81,0,277.4,
02-01-2021,apparel,394.1,1300.5,163.73,N,364.5,
09-02-2021,Groceries,295.5,736.9,108.12,FALSE,270,
21-Apr-22,Electronics,360.6,280.9,47.74,0,334.4,
17-06-2022,ELECTRONICS,326,293.3,44.57,FALSE,315.5,
15-Apr-20,Groceries ,N/A,636,109.13,0,229.1,
12-19-2021,Sporting_Goods,457.2,1434.3,129.33,0,421.9,
06-Dec-21, Beauty,339.5,976.4,164.71,FALSE,?,
09-11-2021,Electronics,173.9,-,48.7,FALSE,180.8,
01-Jun-21,Furniture,232,994,74.73,0,224.6,
10-02-2020,toys,183.3,803.3,229.93,0,169.9,
29-07-2020,OfficeSupplies,313.9,868.4,89.92,FALSE,305.2,
16-08-2022,Beauty,419.9,951.9,164.06,FALSE,413.1,
15-09-2020,Furnture,339.5,817.4,74.55,FALSE,331.2,
28-03-2020,Clothing,404.4,1272.3,170.33,FALSE,370.9,
03-10-2021,furniture,377.2,971.4,Rs.75.28,0,390.9,
18-06-2022,Electronis,309,999999,47.03,No,289.1,
10-22-2022,furniture,412.7,1118.2,72.35,0,397.7,
06-15-2021,Toy,324.7,999999,237.34,0,309.2,
08-12-2021, Electronics,232.3,495.1,47.05,N,223.2,
04-22-2021,Grocerys,337.7,missing,104.05,N,342.5,
29-May-21,PET SUPPLIES,320.6,850,195.74,FALSE,328.4,
31-08-2021,"  Pet Supplies	",316.1,790.4,204.83,0,291.3,
16-Dec-22,FURNITURE,-353.2,1119.4,74.32,FALSE,370.2,
06-18-2022,PET SUPPLIES,328.7,807.2,201.69,0,337.3,
08-10-2020,pet supplies,376.7,774.9,206.73,0,350.3,
03-12-2020,sporting goods,597.5,1394.8,124.28,No,547.6,
05-19-2022, Toys,353.2,573.3,238.94,0,334.1,
16-12-2022,ELECTRONICS,300.2,288.4,46.79,FALSE,missing,
21-12-2022,OFFICE SUPPLIES,536.1,705.6,90.2,N,555.6,
05-01-2020,Auto Parts,308.3,838.7,214.16,0,309.1,
18-11-2022,office supplies,504.3,N/A,88.41,0,502.9,
07-01-2021,beauty,358.5,1023.5,N/A,0,363.7,
25-11-2020,Electronis,176.2,999999,47.87,FALSE,159,
18-06-2021,SPORTING GOODS,622.6,1308.4,131.33,No,589.9,
19-06-2020, Apparel,572.1,-1293.4,167.82,TRUE,535.4,
01-21-2020,PetSupplies,271.2,824.5,196.78,0,269.8,
15-04-2022, Toys,329.6,380.1,237.42,0,340.5,
06-05-2021, Office Supplies,310.9,missing,89.46,0,324.6,
15-Dec-22,Toys,356.2,569.9,235.88,0,360.9,
12-24-2022,automotive parts,433.2,missing,-,0,394.2,
09-Feb-20,OFFICE SUPPLIES,428.2,928.7,86.15,TRUE,393.7,
10-12-2021,GROCERIES,500.9,796.3,106.3,Yes,490.1,
29-01-2020,Electronics,206.2,520.1,46.57,0,208.5,
02-05-2021,ELECTRONICS,289.8,504.7,47.33,0,276.6,
22-01-2022,Beuaty,-381.7,999.9,164.45,0,378.7,
24-11-2021,beauty,378,980.2,157.97,0,null,
06-12-2021,Beauty,470.7,991.9,163.27,0,428.1,
07-12-2022,Auto Parts,370,491.1,219.57,No,350.7,
02-06-2021,TOYS,299.2,643.4,242.22,0,278.6,
01-09-2022,Pet Supplies ,407.8,719.2 pcs,202.68,0,425.1,
13-11-2020,Automotive Parts,329.6,646,999999,N,342.3,
11-06-2022,PET SUPPLIES,313.2,831,192.49,0,303.8,
30-Sep-20,FURNITURE,368.6,781.4,75.25,0,355.7,
20-02-2022,FURNITURE,364,NULL,73.88,Yes,352.7,
22-01-2020,electronics,304,N/A,44.85,TRUE,284,
27-01-2022,Grocerys,380.2,776.6,106.74,0,344.2,
04-17-2020,Groceries,266,632.4,106.81,0,279.3,
26-Feb-20,FURNITURE,,758.4,72.58,No,184,
28-01-2022,Toy,282.2,null,999999,FALSE,268.6,
26-07-2021,Groceries,250,676.4,109.31,0,242.3,
18-10-2022,groceries,318.7,785.8,Rs.105.59,0,308.1,
13-02-2022,Office Supplies,417.1,736.5,87.35,0,393.4,
13-06-2021,toys,323.4,missing,238.39,0,21.2,
25-10-2021,PET SUPPLIES,N/A,824.7,198.08,0,342.7,
12-04-2022,Office Supplies,373.9,733.9,87.91,FALSE,345.9,
12-13-2020,pet supplies,343,791.8,195.91,0,315,
23-01-2020,Office Supplies,413.8,483.3,89.69,0,429.9,
21-08-2020, Toys,330.9,637.2,238.32,FALSE,,
16-09-2021,sporting goods,541.3,1385.8,130.96,0,,
10-31-2020,Furniture,341.4,778.2,73.82,0,340.9,
27-05-2022,Electronis,342.5,299.3,47.36,0,353.5,
02-08-2020,Groceries,195.9,585.9,103.95,FALSE,183.3,
29-Oct-21,electronics,202,419.7,46.7,FALSE,NA,
29-01-2020,Toy,219.6,409.3,238.68,0,?,
19-10-2022,OfficeSupplies,454.8,748.4,88.23,N,454.5,
11-12-2020,Sporting_Goods,472.8,1406.3,127.63,0,475.4,
19-Oct-21,Automotive Parts,279.2,681.4,217.93,0,257.8,
06-11-2020,PetSupplies,394.7,789.2,Rs.197.05,0,364,
23-12-2020,Furniture,492.8,864,73.46,1,504,
10-10-2020,ELECTRONICS,148.9,493.1,46.63,0,146.3,
13-12-2020,Automotive-Parts,310.1,606.4,214.13,No,,
11-02-2022, Apparel,505.7,1322.3,170.55,0,493.6,
13-09-2021,Pet Supplies ,322,801.6,200.08,FALSE,334,
06-24-2021,"  Sporting Goods	",519.9,1347.2,127.23,0,520.3,
12-24-2022,pet supplies,390.7,NULL,$192.8,FALSE,391.4,
01-09-2020,Toy,288.4,656.4,235.52,FALSE,295.1,
12-09-2022, Office Supplies,531.1,709.6,89.18,FALSE,,
12-07-2020,Beuaty,381.9,1098.6,$159.49,0,368.5,
06-05-2021,pet supplies,276.9,861.1 pcs,196.58,0,287.8,
16-Jun-22,Groceries,355.4,767.4,110.37,0,333,
07-Dec-20,OFFICE SUPPLIES,362.5,843.3,,0,331.8,
16-Feb-20,Sport Goods,473.2,1440.2,127.16,0,436,
03-01-2022,Grocerys,316.1,824.3,105.61,FALSE,318.6,
23-07-2021,Automotive-Parts,307.4,663.5,$214.12,No,313.6,
03-03-2021,Toys,245.5,642.1,241.52,N,221.9,
03-02-2020,OFFICE SUPPLIES,303.9,912.3,91.68,0,286.1,
19-01-2021,beauty,308.1,1028.4,-,0,288.4,
15-Jan-20,Pet Supplies,259.2,828.2,194.95,0,268.2,
27-Nov-20,BEAUTY,359.3,1073.1,166.69,0,372.1,
14-04-2021,Appearl,NA,1319.4,172.42,FALSE,372.4,
08-14-2022, Office Supplies,missing,999999,88.43,No,369.4,
01-05-2021,sporting goods,571.9,1318.1,129.88,N,534.5,
22-Feb-20,Sporting_Goods,547.3,1409.5 pcs,129.75,FALSE,517.6,
05-03-2020, Electronics,257.6,507.1,46.23,No,233.7,
08-03-2022,AUTOMOTIVE PARTS,311.1,546.1,221.57,0,321.5,
02-06-2021, Apparel,473.2,1275.3,170.95,0,429.1,
11-Apr-22,Sport Goods,570.6,1431.6,131.21,0,999999,
23-05-2021,Furniture ,776,1005.9,71.71,N,190,
04-15-2022,Furniture ,,1135.2,71.19,0,224.2,
16-09-2021,electronics,193.9,468.1,47.23,No,176.2,
29-01-2020, Office Supplies,352.1,908.4,92.18,0,321,
26-08-2020,"  PetSupplies	",311.3,N/A,192.51,0,319.5,
07-Aug-22,Automotive Parts,295.7,562.9,212.93,0,294.3,
01-10-2020,Furnture,246,771,75.23,FALSE,233.1,
15-11-2021,Toy,301.6,664.2,239.25,0,292.4,
28-07-2020,Beauty,353.4,1117.1,168.21,FALSE,339,
26-01-2021,OFFICE SUPPLIES,350.2,876.3,86.03,FALSE,NA,
14-05-2021,office supplies,359.2,933.4,93.55,0,360.8,
04-11-2021,groceries,293.3,618.9,106.27,0,missing,
10-23-2022,Sporting_Goods,438.9,1464,125.83,0,408.2,
23-01-2022,Furniture,290.3,1074.2,77.54,0,296.6,
22-03-2022,APPAREL,436.5,1342.8,166.95,0,398.5,
07-10-2022,Sporting_Goods,511.3,1390.1,$126.4,N,488.4,
05-26-2020,electronics,214.4,540.1,46.02,0,224.1,
27-01-2022,toys,465.6,682.5,Rs.232.14,TRUE,483.5,
12-05-2020,furniture,182.3,792.3,75.78,0,167.3,
27-Jul-20,beauty,366,1112.8,168.23,0,341.7,
21-08-2022, Beauty,428.3,958.8,162.67,N,426.6,
16-10-2020,AUTOMOTIVE PARTS,301,708.7,218.95,0,291.7,
19-Apr-20,Beuaty,N/A,1097.7,162.23,0,334.1,
09-02-2022,beauty,461.2,951.1,169.16,0,452.4,
11-Aug-20,ELECTRONICS,203.8,543.6,46.42,1,199.6,
27-09-2021,Beuaty,364.5,1023.7,165.81,0,369.2,
20-08-2021,Clothing,480.4,1272.7,Rs.170.2,FALSE,469.2,
05-11-2022,Clothing,509,1366.6,165.25,N,500.2,
11-Oct-20,apparel,466.3,1221.2,167.46,0,468,
25-03-2020,APPAREL,382.2,1267.5,172.04,FALSE,380.8,
03-12-2022,pet supplies,401.4,682.3,203.5,FALSE,391.1,
30-06-2020,PET SUPPLIES,249,791.3,194.22,No,244.4,
29-01-2021,ELECTRONICS,285.1,539.9,45.91,FALSE,295.7,
20-06-2022,Auto Parts,312.7,572.3,214.09,0,309.8,
12-14-2020,furniture,288.2,838.8,74.3,0,298.1,
09-01-2022,"  Pet Supplies 	",331.8,837,199.3,FALSE,307,
15-09-2020,SPORTING GOODS,482.4,1376.8,130.54,0,496.6,
04-04-2022,sporting goods,675.1,1431.9,125.87,1,701.7,
25-Jun-21,Sporting Goods,578.3,1332.4,131.23,0,545.5,
04-01-2022,Beauty,428.7,1002.3,165.8,FALSE,415.5,
21-04-2022,Automotive Parts,390.5,565.3,216.28,FALSE,404.5,
19-06-2022,"  Appearl	",458,1424.9,173.56,N,477.5,
15-03-2020,"  Toys	",228.2,774.6,232.55,0,235.9,
10-Sep-20,Apparel,401,1263.8,170.4,0,397.3,
21-Feb-22,Clothing,432.3,1316.2,176.57,N,402.7,
27-Jul-22,electronics,273.5,257.4,47.9,0,258.5,
01-05-2022,Office Supplies,370.6,695.4,88.77,0,386.5,
18-04-2021,Sport Goods,551.7,1335.8,125.83,0,570.2,
04-05-2021,office supplies,308.5,930.8,91.79,FALSE,315,
26-Dec-21,"  Beauty	",null,988.7,162.53,0,345.9,
07-02-2021,Furniture,355.3,901.2,74.82,1,339.3,
28-Aug-20,Automotive-Parts,274,746.3,219.15,0,279.7,
30-03-2021,office supplies,358.3,871.4,92.6,No,374.4,
08-04-2021,PET SUPPLIES,258.7,NULL,198.6,0,missing,
06-Aug-21,automotive parts,303.6,666.9,212.45,0,274.7,
11-21-2022,groceries,349.1,788.8,106,0,347.2,
12-05-2022,Groceries ,348.2,779.2,108.46,N,323.2,
30-08-2022,Beauty,403.2,-965.3,169.47,N,404.5,
24-09-2022,Appearl,834.1,1334.8,167,1,846.1,
20-10-2020,Apparel,358.7,-,170.3,FALSE,369.8,
15-May-20,GROCERIES,409.6,611.1,105.13,1,394.5,
12-11-2020,"  Electronis	",172.3,511.5,46.1,0,167,
27-07-2021,pet supplies,268.4,795.2,196.7,N,268.2,
26-09-2022,OFFICE SUPPLIES,363.8,N/A,89.92,0,379.8,
04-06-2021,sporting goods,607.9,1288.4,127.73,0,552.7,
05-13-2022,Automotive Parts,352.4,525,221.15,FALSE,358.1,
21-09-2021,"  pet supplies	",461.3,NA,Rs.202.46,TRUE,482,
08-Feb-20,ELECTRONICS,246.1,528,48.02,FALSE,248.1,
10-22-2021,PetSupplies,379.4,826.1,198.96,FALSE,346.6,
10-13-2021,"  BEAUTY	",366.2,1003.1,170.47,0,,
14-12-2021,"  PET SUPPLIES	",344.2,826.1,194.09,No,346.4,
05-Mar-22, Toys,287.5,664.5,242.53,0,272.1,
11-05-2020,Electronis,161.4,520.2,45.66,N,154.7,
09-01-2021,OfficeSupplies,422.3,860.7,90.14,No,415.3,
05-Nov-21,OFFICE SUPPLIES,432.9,806.1,90.36,N,397,
01-10-2022,Sporting_Goods,817,1445.8,131.44,1,772,
22-07-2022,toys,383.4,582.4,231.06,0,391.7,
14-03-2020,Sporting_Goods,532,1420.6,130.27,0,549.8,
11-Aug-20,Appearl,419.2,1241.9,166.97,0,426.6,
26-11-2020,Pet Supplies,332.4,765.1,201.47,0,338.7,
05-25-2021,Apparel,364.3,1330.8,172.54,FALSE,362.5,
14-Sep-21,apparel,416.2,1331.8,165.38,FALSE,401.6,
01-18-2022,SPORTING GOODS,462.5,-1428.8,131.03,0,432.6,
14-Feb-22,BEAUTY,335,1046.1 pcs,160.76,0,308.5,
04-09-2020,Groceries ,267.4,439.4,108.91,N,276.3,
08-28-2022,"  Furnture	",342.9,1163.2,73.34,0,341.9,
19-02-2020,Automotive Parts,304.2,796.6,225.07,FALSE,291.1,
12-26-2022,pet supplies,339.4,692.7,Rs.193.0,No,319.3,
19-02-2020,Clothing,442.3,1215.8,167.37,FALSE,400.7,
12-29-2021,Office Supplies,458.3 units,752.1,87.68,0,429.3,
30-10-2021,toys,304.1,636.1,239.92,No,310.2,
02-04-2020, Office Supplies,513.1,867.7,92.08,1,520.7,
30-04-2021,Grocery,338.6,633,108.05,0,322.7,
12-03-2020,AUTOMOTIVE PARTS,376,999999,221.22,0,369.5,
02-26-2020,Office Supplies,336,-921.5,91.48,0,326.6,
21-01-2020,beauty,missing,1024.4,$164.18,FALSE,309,
28-11-2020,Auto Parts,344,627.2,223.58,0,341.4,
12-03-2020, Apparel,456,1230.1,167.19,0,452.4,
21-07-2022,Electronic,305,258.7,46.23,0,318.8,
07-18-2020,Furniture ,281.9,-820.3,$72.94,FALSE,254.3,
24-Apr-21,office supplies,465.7,NA,91.26,1,456.1,
14-11-2021,Toys,322.2,657,234.44,0,301.6,
30-07-2021,Furniture,330.7,996.9,74.38,0,316.1,
31-03-2020,BEAUTY,321.5,1123.8,167.92,FALSE,295,
08-09-2022,OfficeSupplies,429.8,-,90.17,FALSE,393.8,
08-03-2022,office supplies,348.1,-681.6,92.63,0,333.9,
06-09-2022,Sporting Goods,613.2,1164.9,126.2,TRUE,631.6,
08-Feb-20,Appearl,557.6,1223.4,168.97,1,999999,
23-12-2022,Sport Goods,561.2,867.7,125.14,0,5233,
24-Dec-22,Sporting_Goods,552.6,866.3,129.21,0,501.7,
24-Oct-22,Electronic,217.5,294.1,48.4,0,222.1,
12-20-2021,Sport Goods,471.4,1429.6,$131.25,N,480.8,
04-15-2022,Sport Goods,,1408.4,125.52,FALSE,670.3,
29-10-2020,PET SUPPLIES,382.2,805.1,197.81,0,393.8,
23-12-2022,groceries,441.1,734.2,107.33,0,413.5,
18-02-2020,PetSupplies,238.4,823.7,195.18,N,226.1,
19-03-2022,PetSupplies,301.7,818.8,196.69,0,313.1,
30-08-2022,Auto Parts,241.9,560,214.49,0,253.3,
09-12-2020,Furniture,355.4,807.9,72.1,0,331.7,
08-02-2020,pet supplies,271.9,829.9,195.19,0,261.3,
05-20-2022,PET SUPPLIES,323.2,809.2,197.38,0,292.8,
23-02-2021, Electronics,251.2,514.1,47.59,0,236.4,
20-03-2021,FURNITURE,201,956,74.96,No,192.1,
30-10-2020,Automotive-Parts,311.6,664.8,219.11,FALSE,null,
12-11-2021,Groceries,360.2,785.6,null,FALSE,353.3,
16-05-2021,electronics,275.9,316.2,45,FALSE,267.8,
20-Oct-21,Automotive-Parts,324.5,676.1,215,N,338.2,
12-07-2021,GROCERIES,340.8,654.2,106.64,TRUE,347.1,
26-09-2022,Furniture,368.7,1148,73.24,0,347.5,
16-08-2021,Grocerys,missing,726,107.28,FALSE,200.1,
26-05-2021,beauty,408.9,1032.8,168.07,No,424.8,
30-Aug-22,toys,368.9,605,247.36,FALSE,361.7,
17-Jan-20,Sport Goods,523.4,1429.9,130.32,0,515.7,
07-09-2020,furniture,309.8,-821.5,72.46,FALSE,284.5,
14-08-2020,Furniture,,817.5,74.29,0,364.3,
19-Feb-21,Pet Supplies ,326.7,806.8,197.29,0,309.3,
04-30-2021,Sport Goods,614.9,1308.6,,0,589,
31-05-2022,OFFICE SUPPLIES,318.6,731.4,-,FALSE,NA,
27-05-2022,BEAUTY,465.1,1011.3,159.6,FALSE,437.5,
30-Dec-20,"  Groceries 	",283.2,N/A,105.64,FALSE,288.5,
10-03-2022,OFFICE SUPPLIES,433.6,727.8,90.42,FALSE,454.5,
21-Nov-21,SPORTING GOODS,471.3,1446.7,128.98,0,448.9,
10-30-2022,beauty,329.4,986.3,167.99,FALSE,-,
11-01-2021,BEAUTY,355.7,1044.6,163.28,1,362.9,
11-11-2020,beauty,-,1110.5,162.68,0,313.6,
21-08-2021,"  Beuaty	",448.6,1005.8,168.47,No,407.1,
01-01-2020,pet supplies,298.5,804.4,196.85,FALSE,306.6,
30-04-2020,BEAUTY,396.5,1061.4,163.46,FALSE,379.1,
19-09-2020,Appearl,489.9,1215.1,173.24,0,466.2,
25-09-2022,Toys,369.6,620.1,241.99,No,377.6,
07-Jun-22, Beauty,410.2 units,1055.7,165.16,0,382.2,
26-05-2022,APPAREL,425.1,1431.3,172.31,0,388.8,
31-10-2022, Toys,326.5,348.8,244.6,N,302.7,
02-07-2021,Groceries ,307.1,626.3,106.56,FALSE,311.7,
24-07-2022,"  Beauty	",474.5,932.9,164.55,0,431.1,
15-08-2022,FURNITURE,337.6,1151.8,73.3,FALSE,334,
05-04-2021,BEAUTY,434.7,1016,165.22,FALSE,443.1,
17-05-2021,Beuaty,425.1,1037.9,165.33,0,397.2,
20-Jul-21,PetSupplies,292.2,801.8,199.48,0,263.8,
29-05-2020,"  Pet Supplies 	",284.8,820.1,198.59,0,273.1,
17-Feb-20,Toy,231.6,798.9,222.01,0,230.3,
23-11-2022,ELECTRONICS,256.1,293.8,47.91,N,261.2,
12-02-2022,Clothing,442.9,1330,169.11,0,444.2,
06-06-2022,AUTOMOTIVE PARTS,285.5,541.6,217.11,FALSE,281.4,
18-02-2020,FURNITURE,220.9,769.5,76.48,No,NULL,
04-01-2022,electronics,352.4,300.7,47.16,0,363.3,
23-Mar-20,OfficeSupplies,279.1,881.9,89.67,0,254.2,
02-26-2020,pet supplies,249.9,830,194.52,0,243.7,
27-09-2021,GROCERIES,NULL,804.4,110.71,N,245.3,
18-03-2020,sporting goods,486.3,1425.9,127.41,0,501.2,
14-Jul-20,Toy,279.5,662.8,235.47,0,281.8,
14-06-2022,Automotive-Parts,302.4,573,215.9,0,302.3,
27-02-2021, Office Supplies,543.8,898.2,94.09,1,537.1,
11-27-2021,Electronic,235.4,384.1,46.32,0,227.2,
11-07-2020,FURNITURE,278.2,816.5,NA,0,290.9,
09-Apr-20,sporting goods,593.5,1343.1,,N,589,
09-01-2020,Clothing,415.5,1238.7,166.23,0,416.3,
12-29-2021,Toy,270.4,681.1,243.14,0,253.8,
19-08-2022,FURNITURE,584.1,1138.1,73.7,TRUE,NULL,
16-Aug-22, Apparel,424.8,1441.1,167.97,No,437.9,
20-03-2021,Electronics,321.9,474,Rs.48.2,0,318.7,
26-Sep-21,Beuaty,365.7,1019.6 pcs,166.65,0,364.8,
18-08-2021,Automotive Parts,299.2,669.6,225.2,FALSE,269.5,
05-07-2021, Electronics,205.5,520.3,45.62,FALSE,215.2,
29-06-2022,Pet Supplies ,296.7,791.9,204.57,0,278.8,
09-14-2021,Grocerys,254.8,800.2,107.57,0,238.1,
09-13-2020,apparel,365.1,1264.3,165.2,0,339,
24-09-2020,ELECTRONICS,163.3,539.6,45.55,0,155.8,
11-03-2021,toys,297.2,651.3,231.48,0,286.5,
01-15-2022,"  Pet Supplies	",324.2,848.6,193.56,No,314.8,
27-05-2022,PetSupplies,334.9,999999,192.96,No,303.4,
30-01-2020,Automotive Parts,354.6,787,215.26,FALSE,348.8,
07-04-2022,OfficeSupplies,419.6,728.7,89.14,FALSE,423.4,
09-04-2022, Office Supplies,406.7,735.4,92.77,0,384,
15-09-2020,Electronics,130.3,554.5,47.41,0,123,
24-09-2020,SPORTING GOODS,,1380.3,131.03,0,478.9,
24-07-2020,beauty,424.6,1085.6,163.01,0,403.2,
11-11-2022,Pet Supplies,999999,-708.2,191.28,No,377.3,
02-02-2020,Automotive-Parts,339.2,789.6,219.06,FALSE,309.3,
12-09-2020,apparel,470.4,1238.4,171.24,No,450,
18-11-2021,FURNITURE,383.7,1005.9,76.92,0,368.6,
07-Feb-21,Pet Supplies ,NA,819,201.31,0,265.9,
25-03-2022,Grocerys,393.6,736,107.35,0,381.4,
06-01-2020,FURNITURE,363.1,764,73.76,Y,333.7,
09-01-2021,SPORTING GOODS,502.6,1402.6,123.63,No,4798,
12-15-2020,"  Pet Supplies	",301.8,,194.93,0,285,
23-12-2021,OFFICE SUPPLIES,470.7,772.1,88.96,0,439,
01-11-2020,PetSupplies,327,789.3,195.31,FALSE,314.3,
01-05-2021,"  Electronics	",307.7,495.8,45.83,0,287,
17-11-2020, Toys,289.7,NA,227.35,0,287.3,
14-10-2022,Auto Parts,355.6,491,218.81,0,364.7,
01-03-2022,"  FURNITURE	",200.3,1126,75.84,N,191.9,
22-11-2020,Sporting_Goods,436.5,1392,128.3,0,395.5,
08-25-2022, Toys,381.1,586.6,239.38,FALSE,372.9,
16-05-2022,Pet Supplies ,241.2,644.6,192.38,0,19.6,
04-26-2020,Beuaty,531.4,1064.2,164.45,1,482.8,
02-25-2021,ELECTRONICS,300.4,490.9,46.13,0,302.5,
12-Sep-22,Toys,385.8,613.7,239.68,0,394.7,
06-Aug-21,groceries,292.4,693.1,Rs.106.17,FALSE,-,
04-08-2021,toys,?,473.3,236.1,0,331.2,
30-11-2020,Furniture,445.7,815,74.15,1,409.7,
24-08-2022,OFFICE SUPPLIES,366.6,726.8,89.48,0,NULL,
02-Jul-20,automotive parts,261.9,813.2,223.29,0,242.3,
21-03-2021,office supplies,330.4,865,91.25,N,298.2,
15-02-2020,Automotive-Parts,315.7,?,211.55,0,325.6,
25-02-2020,Automotive Parts,302.4,809.2,222.09,0,312,
03-23-2020,GROCERIES,239,397.3,105.71,FALSE,250.2,
03-22-2021,Toys,248.8,643.8,238.96,FALSE,242.7,
16-Feb-21,SPORTING GOODS,490.5,1388.9,126.74,0,510.8,
05-30-2022,Groceries,282.7,767.4,108.73,0,254.7,
07-08-2020,PetSupplies,320,734.5,193.15,0,321,
05-07-2021,APPAREL,384.6,N/A,165.81,0,365.5,
17-07-2022, Toys,372.5,583.3,244.49,0,385,
08-20-2021,groceries,N/A,715.1,105.33,FALSE,299.9,
15-11-2022,Pet Supplies,384.8,707.2,Rs.188.89,FALSE,374.3,
01-12-2022,Clothing,504.3,1401.3,167.61,0,482.7,
18-Nov-20,"  PetSupplies	",521.7,759.7,201.23,1,471.2,
10-08-2021,OFFICE SUPPLIES,436.7,797.9,89,0,455,
30-05-2020,Electronic,243.2,543.1,46.53,No,248.5,
15-Jan-21,PetSupplies,346.4,810.9,202.27,N,missing,
25-10-2022, Toys,336,611,234.31,No,327.8,
13-11-2022,Furnture,380.9,1164.9,77.81,N,363.7,
21-05-2022,Sporting_Goods,604.9,1427,130.3,0,629.7,
16-Jun-21,Toy,422.6,650.4,230.45,1,443.1,
20-06-2021,toys,353.7,638.2,237.75,FALSE,330,
21-06-2022,Pet Supplies ,429.6,805.1,202.35,1,395.8,
06-21-2021,sporting goods,511.6,1339.9,128.37,N,532.8,
06-09-2022,Pet Supplies ,367.8,999999,201.05,0,381.4,
12-12-2020,Automotive Parts,344.3,598.9,226.33,FALSE,324.3,
09-11-2021,OfficeSupplies,362.3,819.9,86.15,0,369.3,
15-04-2022,"  Appearl	",498.1,1355.9,165.08,0,467.7,
15-01-2022,beauty,376.4,989,158.24,N,373.1,
16-05-2021,Furniture,205,1012.4,Rs.75.88,0,193.8,
21-Dec-20,electronics,182.4,535.3,46.9,0,186.4,
13-04-2021,Toys,262,629.8,245.53,0,269.6,
15-04-2021,Grocerys,999999,611.6,105.08,0,321.1,
22-10-2022,Sporting Goods,540.0 units,1434.5,128.9,No,542.8,
28-03-2021,ELECTRONICS,286.7,490.8,46.78,0,278.5,
02-10-2021, Office Supplies,missing,810.7,90.49,0,372.4,
13-Feb-22,PET SUPPLIES,309.4,836.3,195.88,No,320.7,
20-Jan-20,OfficeSupplies,334.6,909.3,92.86,0,341.8,
27-09-2022, Office Supplies,392.4,NULL,89.77,FALSE,364.8,
31-03-2021,Furnture,214.2,961.4,75.27,0,207.3,
01-Jan-22,OFFICE SUPPLIES,452.5,758.2,87.71,0,407.5,
09-17-2021,"  beauty	",N/A,987.2,163.7,0,429.5,
26-Jan-22,office supplies,421.7,748,89.54,0,426.8,
31-07-2022,sporting goods,518.1,1015.2,126.88,0,513.6,
18-08-2022,groceries,366.3,742.7,109.7,N,377.3,
10-01-2020,groceries,304,667.1,112.07,0,305.6,
29-05-2020,AUTOMOTIVE PARTS,328.5,825.4,214.88,0,337,
22-Aug-21,Pet Supplies,missing,799,191.54,0,312.2,
19-11-2022,furniture,404.6,1156.4,73.65,FALSE,398.1,
23-Nov-21,Furnture,309.5,1024.8,73.12,FALSE,322.6,
27-Aug-20, Beauty,424.2,1053.1,168.68,0,441.9,
03-01-2021,ELECTRONICS,219.8,564.9,N/A,No,221.6,
14-Nov-22,Appearl,507.2,1391.7,171.13,No,503.6,
11-03-2020,"  Electronic	",254.9,488.1,48.54,FALSE,254.3,
03-10-2020,Automotive-Parts,267.6,740.1,219.32,FALSE,270.6,
30-May-21,"  Grocery	",252.6,702.8,106.8,0,241,
22-Jan-22,Furniture,303.9,1074.2,74.56,0,305.5,
06-26-2021,BEAUTY,458.4,-988.5,161.94,0,426.1,
30-01-2022,OFFICE SUPPLIES,402.9,746.9,87.33,FALSE,396.7,
03-20-2020,Office Supplies,383.9,856.1,88.86,0,374,
27-09-2021,electronics,140.5,474.7,47.42,No,141.2,
11-07-2020,Beauty,-333.5,1105.1,162.3,0,999999,
15-10-2022,FURNITURE,413.3,1114.8,73.07,0,396.9,
12-04-2021,AUTOMOTIVE PARTS,334.5,661.2 pcs,,0,331.3,
25-09-2022,Electronic,223,271.8,47.78,0,217.1,
11-01-2022,TOYS,265.9,-688.5,233.22,0,248.5,
22-Sep-20,Toy,274.1,635.1,228.9,No,253.1,
24-Jun-21,pet supplies,336.7,817.2,193.19,No,-,
07-10-2020,Toy,-300.6,632.2,246.69,FALSE,301.3,
02-23-2022,groceries,385.4,770.6,107.54,FALSE,373.9,
11-12-2021,PET SUPPLIES,404.1,808.6,194.13,0,384.1,
24-Jan-21,Furniture,265.9 units,584.9,75.1,0,273.3,
06-10-2020,Groceries,210.3,355.1,106.89,0,191.2,
29-11-2020,Pet Supplies,469.7,770,191.52,Y,434.6,
13-08-2021,Automotive Parts,306.6,NA,220.95,FALSE,301.4,
31-12-2021,"   Apparel	",544.6,1295.7 pcs,170.85,No,545.3,
10-Jun-21,sporting goods,782.1,1312.8,129.28,1,748.6,
01-16-2020,FURNITURE,256.9,773,73.7,N,242.4,
27-07-2022,OFFICE SUPPLIES,343.2,688.6,89.35,0,320.8,
27-02-2022,sporting goods,492.1,1452,126.95,0,467.9,
07-10-2021,automotive parts,NA,701.2,216.1,N,260,
15-12-2020,SPORTING GOODS,490.7,1404.6,130.93,0,492.3,
29-05-2022,OfficeSupplies,345.9,725.6,88.9,FALSE,316.7,
10-07-2022, Apparel,435.5,1435,171.58,0,424,
10-04-2022,FURNITURE,226.7,1134.7,73.03,0,212.9,
12-Dec-22,Pet Supplies,355.8,696.4,198.58,0,326,
12-Apr-20,Pet Supplies ,229.2,776.7,194.38,N,235.2,
04-01-2020,Toy,274.4,999999,$237.42,0,270.6,
25-10-2020,Furniture ,356.4,778.5,75.44,FALSE,321.5,
01-19-2020,ELECTRONICS,207.5,533.8,46.71,0,188.3,
01-08-2021,Automotive Parts,536.2,598,219.83,1,508.1,
22-12-2022,ELECTRONICS,314.7,264.4,46.73,0,295.8,
15-Jul-22,Beauty,502.2,936.1,165.51,FALSE,469.5,
07-24-2022,Automotive-Parts,305.4,572.2,218.71,0,291.2,
15-06-2022,"  Pet Supplies	",286.1,828.7,198.76,N,269.2,
28-Nov-22,Furniture ,363.9,1157.5,73.99,0,366.7,
16-Jan-20,APPAREL,469.9,1198,169.42,N,464,
27-Apr-21,"  Furniture 	",177.6,1024.2,75.08,FALSE,165,
08-19-2021,Groceries,316.7,701,103.75,0,295.5,
12-24-2022,groceries,400.4,753.4,NA,0,375.2,
27-08-2021,Pet Supplies,369.2,783.5,197.22,0,377.8,
09-Jun-20, Apparel,NA,1319.6,175.75,0,354.9,
08-25-2022, Electronics,262.9,256,47.12,0,243.9,
14-11-2021,pet supplies,338.5,820.5,199.43,N,346.5,
27-02-2022,OfficeSupplies,404.9,722.6,88.24,FALSE,3992,
25-11-2020,Automotive Parts,307,641.8,Rs.219.74,FALSE,317.1,
02-28-2020,"  Automotive-Parts	",359.8,773.7,214.44,No,376,
31-07-2021,Grocery,300.3,668,106.02,0,308.8,
18-Nov-22,Grocery,missing,767,Rs.108.41,0,394.9,
26-07-2020,apparel,360.8,1294.2,173.65,FALSE,357.4,
01-08-2021,Beuaty,430.6,1043.3,163.49,0,426.9,
09-Apr-21,GROCERIES,NULL,602.8,108.82,FALSE,null,
10-Aug-22,Office Supplies,357.3,700.7,90.93,No,329.9,
29-05-2020,Electronic,241.2,543.9,47.75,FALSE,220.7,
08-10-2020, Toys,313.7,624.3,233.41,0,316.3,
08-05-2021,Office Supplies,332,922.9,86.81,FALSE,,
27-11-2020,Electronics,null,533,46.58,0,193.9,
15-May-20,Office Supplies,310.2,907.9,91.95,FALSE,322.9,
07-02-2020,PET SUPPLIES,292.7,772.6,193.83,FALSE,268.6,
28-06-2021,Sporting_Goods,519.5,1332.9,131.88,0,468.6,
02-01-2023,pet supplies,377.5,663.5,Rs.199.31,0,346,
10-04-2021,beauty,425.8,975.4,Rs.167.66,FALSE,418.8,
19-02-2021,office supplies,N/A,879.2,88.68,0,412.9,
25-05-2022,pet supplies,280.8,missing,195.42,N,278.2,
31-05-2020, Beauty,371.5,1115.3,167.3,FALSE,384.7,
17-12-2022,BEAUTY,378,973.5,164.74,0,355.2,
06-28-2021,toys,318.6,641.9,236.08,0,330.4,
26-05-2020,SPORTING GOODS,476.1,1356,128.37,0,486.7,
10-06-2021,TOYS,328,631,236.63,0,325.8,
09-04-2022, Office Supplies,349,756.8,NULL,FALSE,341.1,
03-05-2020,toys,236.8,751.3,$242.6,FALSE,239.8,
04-01-2021,OFFICE SUPPLIES,380.8,859.3,88.71,0,357.9,
10-12-2022,Office Supplies,565.7,758.2,$90.57,1,552.3,
04-06-2022,Automotive Parts,?,589.6,215.4,0,348.4,
02-06-2022,PET SUPPLIES,304.4,844.5,192.94,0,274.5,
19-08-2021,PetSupplies,NA,797.9,203.23,0,340.5,
27-08-2021,OFFICE SUPPLIES,420.3,787.1,88.79,FALSE,N/A,
03-12-2022,"  APPAREL	",491.3,1399.9,166.32,0,446,
01-09-2021,Office Supplies,356,818.6 pcs,$87.63,FALSE,N/A,
03-05-2021, Beauty,394.5,-1024.4,166.98,N,368.6,
04-12-2022,AUTOMOTIVE PARTS,371.5,473.6,$219.35,0,344.3,
12-03-2022,Automotive-Parts,427.3,?,218.6,0,442.4,
09-01-2020,Sporting_Goods,518.7,1441,130.23,0,540.8,
10-Jan-22,TOYS,267.5,684.3,235.26,0,273.8,
03-Sep-21,electronics,221.4,486.1,46.35,0,203.6,
05-Sep-21,Beauty,361.2,647.9,162.92,N,362.7,
05-15-2021,Toys,388.4,645.1,236.95,1,362.2,
30-Jun-21,BEAUTY,434,989.4,159.22,0,447.1,
15-02-2020,Groceries ,279.9,683.7,111.27,0,285,
04-02-2020,Appearl,388.3,824.7,168.85,N,47.7,
27-02-2020,SPORTING GOODS,564.1,1400.8,127.04,FALSE,514.1,
09-10-2022,Electronic,-211.5,290.2,46.71,FALSE,201.2,
13-09-2020,PET SUPPLIES,309.8,791.3,205.36,No,296.6,
26-09-2020,apparel,452.8,-1206.7,167.93,0,436.5,
28-Sep-22,Electronic,225.9,,48.51,0,216,
28-03-2021, Apparel,399.5,1293.7,175.76,0,378.6,
13-04-2020,TOYS,275.1,745.1,999999,1,248.1,
24-08-2021,Pet Supplies,331,795.1 pcs,196.31,0,329.6,
12-07-2021,OfficeSupplies,282,898,92.17,0,273.4,
12-25-2020,Electronis,248.4,546.2,46.16,No,231.8,
21-May-22,Beauty,460.3,1026.7,163.11,0,463.3,
03-09-2020,Sport Goods,519,1364.8,126.6,No,541,
04-Nov-21,Sporting_Goods,548.6,1397.4,129.13,No,550,
26-05-2022,Grocerys,357,747.2,105.49,0,346,
11-23-2022,beauty,391.5,995.3,166.66,0,359.8,
13-Apr-22,AUTOMOTIVE PARTS,999999,607.7,211.65,TRUE,504.9,
18-12-2021,APPAREL,682.1,1287.4 pcs,172.81,1,656.8,
11-10-2022,Office Supplies,487.2,734.4,89.51,0,442.6,
10-12-2022,Groceries,542.7,759.9,-,1,561.8,
01-06-2020,OfficeSupplies,245.7,917.6,92.25,FALSE,229,
06-01-2020,PET SUPPLIES,244.3,-834,197.9,0,226.8,
01-Jan-21,Automotive Parts,375.2,382.9,224.88,0,43.9,
21-06-2021,Auto Parts,270.9,687,216.5,0,268.2,
12-06-2022,Apparel,397.3,1428.9,168.59,0,410.1,
08-18-2022,FURNITURE,490,1148,77.25,1,473.7,
16-01-2020,OfficeSupplies,342.5,-881.8,null,FALSE,355.8,
03-12-2020,PetSupplies,245.7,829.2,203.14,0,223.6,
17-Dec-20, Office Supplies,431.6,836.6,86.7,No,430.8,
12-11-2022,PET SUPPLIES,424.4,689,190.02,0,433.6,
20-01-2021,Groceries,319.4,535.3,109.8,FALSE,304.6,
09-02-2021,Automotive-Parts,309,687.3,224.01,0,NA,
17-11-2020,Electronic,182.5,544.3,47.72,Y,170.3,
19-Jan-22,Toy,null,685.7,233.68,No,271.1,
20-09-2020,Pet Supplies,304.8,793,194.54,0,312.7,
03-Oct-21,Toy,325.2,645.3,241.51,0,315.9,
18-Nov-21,Pet Supplies ,372.4,811,202.19,0,351.6,
12-Mar-22, Beauty,1229.4,1032.4,missing,0,422.7,
05-05-2020,APPAREL,362.3,1314,173.34,FALSE,375.8,
25-11-2020,Groceries ,279.2,574.1,108.5,0,279.7,
05-12-2022,Furniture,338.5,1140.1,75.49,No,306.2,
05-19-2021,Pet Supplies,324.5,879.5,N/A,Y,,
19-May-21,Office Supplies,287.5,,89.72,FALSE,277.5,
03-10-2020, Electronics,229.9,missing,46,0,236.3,
02-May-22,PET SUPPLIES,237.9,840.4,195.95,N,241,
02-07-2022,Sport Goods,540.1,1381.9,125.73,0,538.4,
28-08-2021,beauty,417.7,1015.2,169.68,0,410.2,
17-01-2022,OfficeSupplies,368.7,753.4,90.02,No,353.9,
23-08-2022,Grocery,null,787.1,108.31,1,474.3,
08-22-2021,beauty,355.3,1035.9,160.88,0,351.5,
27-05-2021,ELECTRONICS,318.6,505,46.92,FALSE,301.4,
14-Sep-21,Sporting_Goods,684,1405.9,123.29,Y,704.9,
07-12-2021,Furniture,missing,1005.9,73.94,0,257.3,
30-10-2021,Clothing,505,1317.8,170.91,0,519,
14-Nov-20,Grocery,314.1,,108.64,0,312.4,
18-12-2021,beauty,360.7,983.2,165.54,0,354.3,
16-08-2020,Automotive Parts,237.6,756.9,218.04,FALSE,227.8,
04-07-2021,Automotive Parts,250.5,693.3,217.52,0,240.6,
27-08-2020,Sporting_Goods,505.6,1366.3,129.12,No,495.2,
06-05-2022,Groceries,313.5,744.1,?,0,323.8,
06-12-2022,toys,304.1,584,236.82,0,302.5,
04-Sep-21,Beauty,435,635.8,165.78,0,420,
10-02-2020,Automotive-Parts,310,800.9,219.94,0,315.1,
21-04-2022,BEAUTY,486.5,1013.6,161.51,FALSE,493.9,
17-Aug-22,electronics,245,230.9,46.05,0,220.9,
28-06-2022,automotive parts,330.1,545.2,214.9,N,299.3,
03-30-2021,Grocerys,280.9,630.4,108.4,FALSE,287.9,
03-Oct-20,GROCERIES,265.3,341.1,107.75,FALSE,269.4,
04-22-2020,Beauty,371.8,1083.1,162.24,0,371.5,
23-09-2022,Office Supplies,461.4,701.1,91.29,FALSE,425.6,
06-Aug-21,Office Supplies,365.2,815.8,89.18,FALSE,375.4,
17-02-2021,SPORTING GOODS,516.2,1373.5,124.61,N,466.5,
27-05-2020,Grocerys,228.5,615.8,107.46,FALSE,229.1,
11-16-2021, Beauty,510.7,1012.8,167.05,TRUE,467.3,
12-05-2022,ELECTRONICS,360.3,293.9,$46.01,0,356,
14-02-2020,Sporting_Goods,479.3,1435.8,129.08,No,438.8,
05-May-22,Pet Supplies ,334.5,460.3,200.7,0,339.7,
08-02-2020,automotive parts,335.9,789.4,218.72,0,304.9,
23-02-2021,Toy,252.9 units,638,999999,N,233,
05-24-2021,beauty,420.8,1029.1,163.88,0,431.8,
28-04-2022,Auto Parts,389.4,402.8,218.54,N,386.3,
05-02-2021,Pet Supplies ,337.8,805.1,missing,FALSE,314.7,
10-Aug-22,PET SUPPLIES,359.8,741,202.38,N,358.6,
11-May-20,groceries,197.1,646.2,108.8,N,192.1,
11-08-2020,PET SUPPLIES,330.4,-807.8,197.05,0,322.8,
02-08-2021,Pet Supplies ,297.8,785.1,197.96,0,292.6,
02-10-2020,groceries,281.1,335.5,106.96,0,274,
05-Mar-21,Beuaty,434.7,957.4,168.16,0,421.6,
08-03-2021,apparel,391,1288.2,173.31,0,383.8,
25-09-2021,Sporting Goods,524.4,1386,127.21,0,4920,
02-01-2022, Toys,341.6,691.5,233.56,1,326.3,
09-22-2021,PET SUPPLIES,347.8,789.3,196.93,0,331.8,
06-01-2022,Electronis,383.7,336.8,46.14,Y,388.2,
11-17-2021,OfficeSupplies,-429.2,804.5,92.19,0,392.6,
07-18-2021,Groceries ,248.1,662.3,108.7,0,226.6,
04-05-2020,electronics,233.7,499.2,NA,N,212.2,
23-Oct-20,PetSupplies,379.6,801.3,195.74,N,376.4,
17-05-2022,apparel,423.2,1427.9,-,No,426.8,
19-05-2022,office supplies,425.8,690.9,90.08,0,442,
04-06-2021,AUTOMOTIVE PARTS,349.5,675.6,212.46,FALSE,328.2,
23-May-20,Toy,287.7,726.2,241.47,FALSE,266.3,
23-06-2022,office supplies,344,697.4,88.02,0,347.1,
07-04-2020,office supplies,249.2,894.7,$91.6,N,241.6,
22-Sep-22,Grocery,534.8,764.3,102.89,1,487.8,
01-07-2022,furniture,303.1,1147.6,74.77,FALSE,273,
09-11-2020,AUTOMOTIVE PARTS,293.2,662,$211.2,0,306.7,
14-10-2020,groceries,248.5,603.7,$107.68,0,231.6,
29-12-2020,Beuaty,320.9,1038.6,Rs.164.68,FALSE,335.9,
25-06-2022,Automotive Parts,346.4,542.4,215.3,No,,
30-03-2020, Beauty,330.3,1119.6,166.6,0,336.9,
16-05-2020,pet supplies,278.4,812.4,193.71,FALSE,269,
09-06-2022,Pet Supplies,310.6,829.7,NULL,0,319.6,
21-08-2021,pet supplies,370.5,785.4,200.15,0,337.4,
25-01-2021,furniture,270.1,581,72.34,FALSE,251.6,
25-11-2020,"  SPORTING GOODS	",482.4,-1367.5,126.87,0,449.6,
19-07-2022,ELECTRONICS,246.9,271.7,47.94,0,237.6,
07-Jul-22,Beuaty,519.2,963.2,169.67,No,517.9,
24-Apr-20,toys,275.6,744.7,242.27,0,284.3,
12-20-2021,Clothing,445.2,1334.4,168.38,0,465.2,
21-09-2020,Clothing,401.5,1235.7,167.9,No,397.7,
26-08-2021,OFFICE SUPPLIES,361.2,798.4,88.93,FALSE,366.3,
16-09-2020,sporting goods,508.1,1371.7,128.29,0,517.8,
01-22-2020,Sporting_Goods,2128,1447.6,Rs.129.69,0,NULL,
01-10-2020,"  Furniture 	",359.1,784.3,74.76,FALSE,363,
06-12-2022,ELECTRONICS,246,310.6,46.58,FALSE,251.5,
06-03-2020, Apparel,463.6,1223.8,170.12,0,428.1,
09-02-2022,OFFICE SUPPLIES,396.2,745.7,90.28,0,394.1,
21-01-2022,SPORTING GOODS,-,1406.4,127.65,0,559.8,
04-03-2022,Apparel,496,1309,175.98,0,471.7,
25-Feb-22,Groceries,-,766.5,110.27,FALSE,402.9,
09-Jan-22,Clothing,489.5,1335.9,167.08,FALSE,478.9,
06-04-2021,Pet Supplies ,220.4,877.6,200.74,FALSE,2285,
23-10-2022,BEAUTY,395.4,993.9,172.2,N,404.1,
10-Apr-22, Toys,316.4,652.7 pcs,240.29,0,326.7,
20-Feb-21,Pet Supplies,,800.6,195.95,No,309.6,
13-12-2021,Appearl,449.7,1319.3,167.35,N,413.5,
16-08-2021,furniture,340.1,980.1,75.33,0,355.9,
22-08-2022,AUTOMOTIVE PARTS,397.3,566.2,212.71,Yes,374.2,
14-07-2022,Groceries,342.6 units,,108.51,0,322.9,
04-07-2021,Electronics,230.2,516.5,46.88,FALSE,216.1,
18-09-2022,SPORTING GOODS,-524.7,null,128.58,No,479.1,
17-09-2021,"  Toys	",386.3,636.8,233.52,0,-,
17-Feb-20,PetSupplies,199.9,831,-,0,202.1,
16-10-2020,Grocerys,264.2,610.6,Rs.108.0,0,264.8,
17-12-2021,Grocery,NA,792.3,105.25,0,387.7,
10-04-2022,"  Grocery	",337.2,759.7,105.41,0,309.1,
19-03-2022,Electronis,356.0 units,296.4,46.83,0,362.9,
27-06-2022,furniture,N/A,1152.2,,0,252.9,
26-Feb-22,BEAUTY,409.4,823.7,163.1,0,56.1,
06-07-2021,Groceries ,235.3,646.3,108.39,0,242.7,
26-06-2021,OFFICE SUPPLIES,301.1,908.2,88.77,0,281.4,
03-17-2020, Toys,209.2,779.7,235.86,FALSE,191.9,
28-11-2021,PET SUPPLIES,327,NA,193.9,0,337.8,
13-01-2020,OFFICE SUPPLIES,302.9,886,90.75,No,289.9,
12-08-2020,Toys,260.6,611.6,229.99,FALSE,246.7,
15-02-2020,Furnture,239.8,764.4,73.5,0,221.5,
04-17-2022,groceries,-,760.4 pcs,104.26,0,360.9,
23-Dec-20,Beuaty,?,1044,158.2,1,458.5,
10-05-2022,SPORTING GOODS,514.3,1441.8,128.68,0,482.9,
30-05-2021,Office Supplies,266.3,948.5,89.17,0,242.9,
09-03-2022,Electronic,341.9,335.4,45.95,0,327.5,
26-02-2020,Sporting Goods,672.5,-1410.5,124.6,TRUE,637.3,
07-Jan-20, Beauty,270,1047,160.06,No,265.2,
23-Aug-21,Electronics,147.1,537.5,NULL,N,149.1,
28-04-2022,Beuaty,647.1,1027.8 pcs,168.3,Yes,620.8,
23-May-22,Sporting_Goods,524.5,1446.1,127.99,N,523.9,
06-05-2021,groceries,788.9,701.8,104.25,0,278.5,
26-09-2021, Office Supplies,396.8,810.3,91.35,0,380.8,
31-01-2020,TOYS,240.9,403.7,237.4,FALSE,45.7,
04-22-2021, Office Supplies,414.4,900.8,88.8,0,401,
08-26-2022,Grocerys,337,779.6,107.08,0,318.2,
15-10-2022,BEAUTY,429.7,943.5,165.52,N,435,
09-11-2022,AUTOMOTIVE PARTS,313.7,518.7,216.11,0,322.6,
20-Jul-22,PetSupplies,370.6,399.6,193.1,0,348.8,
01-28-2020,Beauty,297.7,1021.8,162.52,FALSE,295.4,
31-08-2020,pet supplies,283.5,777.3,202.83,N,272.3,
13-01-2022,FURNITURE,NA,1059.4,72.79,1,539.9,
18-12-2020,FURNITURE,328.6,831.8,75.29,0,302.7,
02-18-2022,Furniture,288,1089.9,74.7,0,283.3,
29-05-2022,Furniture,245,1166.2,74.49,0,254,
11-10-2022,Auto Parts,374.2,507.2,219.27,0,373.7,
01-Sep-21,Auto Parts,254.2,705,215.96,0,238.3,
25-06-2022,sporting goods,564.5,N/A,130.75,FALSE,563.6,
01-26-2020,TOYS,205.8,825,240.5,0,212.3,
29-01-2020,Appearl,518.7,missing,177.92,1,492.1,
25-Apr-22, Apparel,490.8,1408,174.13,1,?,
16-08-2020,Grocery,219.4,616.5 pcs,107.98,0,211.2,
29-04-2020,toys,334.4,739.7,238.8,1,313.3,
04-01-2021,Groceries,242.2,578.4,110.22,FALSE,231.3,
17-03-2020, Office Supplies,311.5,881.8,88.85,0,305.1,
19-10-2022,FURNITURE,395.1,1114.4,73.41,0,406.2,
11-Jun-20,furniture,234.8,779.5,73.54,N,229,
13-Jan-20,Electronis,165.3,537.3,47.82,0,159,
22-Dec-20,toys,402.7,638.6,233.39,1,404,
30-07-2021,beauty,498.6,1014.8,165.4,N,498.2,
15-Jul-21,Toy,380.6,639.4,236.64,FALSE,373.8,
02-12-2022,FURNITURE,370.7 units,1150.6,70.89,0,358.6,
30-06-2020,Beauty,382.4,556.8,163.83,0,391.6,
09-10-2021,Furnture,NA,970.1,73.47,0,356.4,
09-07-2022,automotive parts,329.1,508.9,214.32,No,341.9,
17-07-2020, Toys,325.1,649.9,235.71,0,303.9,
23-01-2022,Beauty,376.8,N/A,168.05,0,361.8,
21-05-2021,Grocery,329.2,665.7,107.13,FALSE,299.4,
26-02-2021,SPORTING GOODS,598.3,1046.3,130.6,0,559.2,
07-09-2021,ELECTRONICS,162.5,481.6,46.19,No,169.9,
06-12-2020,Furniture,-307,813.5,72.43,FALSE,297.5,
05-Apr-21, Toys,260.4 units,629.7,237.58,FALSE,243.1,
02-07-2020,"  OfficeSupplies	",missing,888.6,92.12,0,283.2,
05-02-2021,furniture,281.5,889.5,74.74,0,284,
13-04-2022,pet supplies,286.9,848.3,191.55,0,280.5,
25-Mar-22,FURNITURE,222.5,1130.4,75.75,0,231.5,
04-Feb-20,Electronic,188.3,537.5,46.89,0,178.9,
07-05-2020,FURNITURE,212.9,789,75.99,FALSE,204.2,
16-11-2022,groceries,386.5,770.1,$106.28,0,395.7,
05-01-2021,BEAUTY,406,1030.6,164.49,1,382.7,
17-Nov-20,Clothing,451.1,1262.4,172.03,0,430.2,
10-01-2022,BEAUTY,574,940.4,160.67,1,597.2,
07-08-2022,Beauty,526.4,?,170.03,0,500.8,
23-04-2022,Sporting_Goods,618.7,1416.8,126.58,0,579.6,
12-Sep-21,Furniture,557.9,967.9,76.17,TRUE,515.2,
01-05-2022,TOYS,312,666.7,241.8,0,285.3,
09-01-2022,Furniture ,1162.7,1071,73.53,0,279.6,
11-06-2020,Sporting Goods,null,1322.9,128.16,0,532,
03-08-2021,Office Supplies,-,457.1,Rs.90.79,0,332.7,
10-08-2021,Furnture,310,992.2,75.37,N,300.5,
13-03-2022,Auto Parts,406.2,599,213.64,0,372.9,
03-21-2021,Electronic,296.1,479.5,46.92,0,273.7,
30-01-2021, Toys,null,625.9,242.55,N,261.9,
05-20-2021,apparel,438.3,1317.9,171,0,398.6,
05-12-2020,Pet Supplies,359.7,768.8,198.73,N,364,
05-Jun-21,"  Auto Parts	",446.6 units,691.9,221.47,Y,467.3,
12-11-2022,Pet Supplies,385.3,686.3,200.35,0,NA,
05-11-2022,"  pet supplies	",422.5,704.6,200.4,No,432.4,
05-06-2022,Auto Parts,314.4,532.8,218.31,0,287.2,
17-08-2022,groceries,318.4,755.1,111.15,No,333.1,
27-May-22,Sport Goods,646.9,1412,128.26,No,597.4,
22-Jul-22,Beuaty,467.2,947.8,163.8,0,486.7,
27-Sep-20,Sporting_Goods,697.4,1378.4,130.36,1,656.7,
04-04-2020,BEAUTY,380.3,1102.6,161.86,0,351.8,
04-Feb-22,Groceries ,392,NA,106.32,FALSE,373.4,
04-14-2020,pet supplies,196.6,787.9,195.01,FALSE,187.3,
28-05-2022, Apparel,461.7,1417.3,160.98,0,434.9,
02-Feb-22,Groceries ,368.6,803.1,107.89,0,346.6,
04-11-2020,"  Toy	",269.7,726.5,-,No,275.5,
23-Sep-21,automotive parts,312.1,697.3,206.59,0,288.5,
03-09-2022,Groceries,337.1,784.9,109.74,FALSE,332.5,
22-10-2021,FURNITURE,414.7,1008.1,73.26,0,416.8,
04-10-2022,furniture,402.7,1119.8,77.35,0,414.5,
06-05-2022,APPAREL,492.6,1397.6,NULL,0,498.7,
04-Oct-22,Grocerys,316.9,764.4,106.32,0,305.5,
10-08-2022,electronics,247.6,258.9,46.99,FALSE,241,
09-09-2022,Apparel,529.6,1347.1,169.75,N,523.8,
09-01-2022,Electronis,248.4,348.2,47.26,FALSE,232,
03-Apr-20,Sporting Goods,560.9,1357.2,128.66,0,511.5,
02-11-2020,FURNITURE,217.7,779.8,999999,0,211.6,
19-12-2021,Furniture,315.6,1047.5,73.19,0,310,
25-Jul-20,apparel,399.9,1290.4,172.93,N,418.7,
15-Aug-21,TOYS,NA,638.9,240.32,Y,539,
09-01-2021,Sport Goods,484.8,1364.6,Rs.132.37,FALSE,437.2,
08-02-2020,sporting goods,515,1428.2,130.81,0,487.3,
15-05-2021,electronics,307.6,486.4,48.03,N,300.4,
21-12-2021,Office Supplies,420.6,784.9,89.28,No,395.6,
05-05-2020,toys,241.3,746.2,240.22,0,218.4,
15-02-2022,Sporting_Goods,514.6,1426.4,123.76,0,495.9,
26-07-2021, Apparel,410.5,1287.4,175.44,FALSE,401.2,
19-06-2021,Electronic,269.5,506.5,44.94,FALSE,255.7,
24-Dec-22,Electronics,320.3,256.1,999999,N,303.5,
13-03-2020,Electronics,296.1,473.6,47.08,0,269,
20-03-2022,Electronis,333.7,303.2,45.92,0,304,
06-05-2020,Electronis,266.2,535.1,47.69,FALSE,242.1,
08-09-2021,apparel,442.8,1312.2,166.83,0,430.3,
02-11-2022,APPAREL,534.5,807,165.22,No,33.8,
20-01-2021,office supplies,404.9,851.2,89.64,0,392.9,
20-03-2020,Pet Supplies,264.2,809.9,200.56,0,246,
20-09-2020,"  Furnture	",363.8,806.4,75.62,0,369.4,
06-04-2021,OfficeSupplies,297.8,889,93.67,0,284.9,
11-22-2020,FURNITURE,333.1,828.9,75.45,0,340.8,
11-10-2021,"  Auto Parts	",276,null,$214.95,0,277.8,
28-03-2022,furniture,222.9,1135.8,72.77,0,203.5,
02-01-2022,Pet Supplies,322.1,-839.5,201.72,0,292.6,
24-08-2020,Furniture ,321.2,818,73.86,0,328.6,
07-03-2020,OfficeSupplies,333.9,910,$93.52,No,315.9,
22-11-2022,"  Pet Supplies	",393.7,692.8,199.45,0,383.9,
19-09-2020,ELECTRONICS,163.4,-533,46.85,0,169.8,
13-03-2020,sporting goods,531.6,1424,127.15,0,492.7,
31-12-2020,Groceries ,333,564.3,106.46,N,322.1,
06-02-2022,TOYS,350.6,574.8,239.7,0,351.3,
01-Nov-21,AUTOMOTIVE PARTS,323.1,674.1,213.65,0,310.6,
31-03-2021,Electronis,275.4,478.2,46.6,FALSE,282.5,
16-May-20,OfficeSupplies,314.1,903.1,89.79,FALSE,303.1,
10-20-2021,GROCERIES,311.3,829.7,107.88,0,314.3,
14-12-2022,Beuaty,525.4,975.3,166.59,1,476.8,
10-05-2020,Sporting_Goods,375,,127.45,0,369.6,
15-04-2022,"  AUTOMOTIVE PARTS	",369.1,597.4,220.88,FALSE,348.7,
07-11-2021,Electronis,188.8,403.4,47.31,0,172.8,
07-03-2021,Office Supplies,349.3,880.1,88.57,0,343.4,
22-03-2020,FURNITURE,193.9,763.1,,No,201,
09-06-2020,sporting goods,464.9,1346.4,129.27,0,479.7,
26-May-20,Toy,366.7,719.5,$238.5,1,371.5,
15-Oct-21,Clothing,missing,1321.9,176.6,0,505.3,
03-Apr-22,"  Grocerys	",-,749.5,110.13,FALSE,334.6,
02-19-2020,Groceries ,240.3,485.9,107.64,No,231.4,
09-12-2020,Sporting_Goods,447.8,1415.5,128.01,N,449.4,
22-Oct-22,Pet Supplies ,-,null,199.87,FALSE,393.6,
21-Dec-20,Automotive Parts,338.2,594.8,216.68,0,341,
15-06-2021,Automotive Parts,308.4,692.6,216.44,No,297.6,
13-May-21,Automotive-Parts,328.7,683,$225.02,0,334.5,
12-Oct-22, Beauty,362.9,956.5,162.85,0,352.6,
01-04-2022,Sporting Goods,631.1,1398.5,127.67,0,615.8,
11-10-2021,Grocery,272.3,825.2,107.15,0,?,
01-17-2021,FURNITURE,369.5,868.1,$75.02,1,N/A,
09-28-2020,GROCERIES,175.4,612.2,103.62,0,173.7,
01-Oct-22,PetSupplies,427.8,717.7,199.3,0,395,
05-08-2020,electronics,168.4,551.2,47.8,0,157,
03-05-2020,furniture,180.2,758.8,73.14,0,181.9,
18-Oct-21,Sport Goods,438.5,1407.9,127.06,0,433.3,
04-08-2021,Beuaty,415,983.3,159.09,0,410.7,
19-06-2020,Beuaty,611.9,1123.6,158.88,TRUE,611.7,
04-10-2020,AUTOMOTIVE PARTS,349.2,769,220.71,0,346,
20-10-2022,beauty,452.3,973.2,170.63,N,414.7,
05-10-2022,FURNITURE,missing,1115.4,75.59,FALSE,412.1,
08-06-2020,apparel,424.1,1247.9,167.16,FALSE,423.1,
03-09-2021,TOYS,360.5,624.1,-,0,342.5,
27-05-2021,PetSupplies,290.6,874,192.82,0,263.9,
06-06-2020,Furnture,227.5,780.6,73.6,0,210.4,
05-03-2020, Apparel,365,1321.7,169.7,0,360.4,
13-01-2022,Pet Supplies,362.1,830.6,193.3,0,361.8,
09-09-2020,Furniture ,327.1,-815.2,75.72,0,310.2,
08-01-2022,Beuaty,?,987,170.13,1,551.1,
11-10-2020,groceries,225.3,609.8,105.73,N,223,
04-01-2023,groceries,429.7,744.4,108.17,0,421.9,
01-17-2021,PetSupplies,278.7,832.4 pcs,186.84,FALSE,287.6,
31-05-2022,Furnture,237.7,1164,73.88,FALSE,221.1,
23-Jul-22,Appearl,689.7,1433.7,Rs.178.25,TRUE,646.7,
07-23-2020,Appearl,395.4,1284.6,?,0,393.1,
04-13-2020,Apparel,N/A,1302.9,172.19,FALSE,331.4,
02-02-2020,Furnture,223.2,789.2,74.94,0,218.2,
06-08-2022,Automotive Parts,300.8,559.3,216.06,No,288.8,
29-05-2021, Office Supplies,292.2,617.2,Rs.90.22,FALSE,300.2,
25-Feb-21,Toy,355.4,639,234.05,1,358.2,
28-12-2022,GROCERIES,416.9,739,110.43,0,381.1,
06-11-2022,GROCERIES,,763.1,108.14,0,331.9,
20-Jan-22, Apparel,521.5,1318.6,176.54,FALSE,482.1,
25-04-2020,APPAREL,393.4,1291,173.33,0,382,
02-Mar-20,Groceries,215.3,715.5 pcs,106.07,0,197.9,
19-Jun-20,SPORTING GOODS,569.9,1330.4,128.62,0,590.4,
01-02-2022,Groceries,347.9,NULL,106.22,0,313.4,
05-05-2021,pet supplies,243.9,861.5,201.71,FALSE,232.8,
17-03-2020,PET SUPPLIES,309.7,825.1,198.07,TRUE,300.2,
28-12-2020,Pet Supplies,-315.3,837.4,188.99,0,286.7,
23-06-2021,PetSupplies,278.3,837.4,202.43,0,291.2,
01-09-2022,GROCERIES,361.6,774.5,107.68,0,352.1,
08-May-20,toys,307.8,733.7,236.19,No,282.5,
27-Jan-21, Electronics,239.9,554.9,46.87,0,216.7,
29-11-2021,automotive parts,320.8,666.3,223.84,FALSE,297.8,
15-Jun-21,"  BEAUTY	",411.7,-996.3,162.1,0,380.8,
30-Jan-21,Sporting_Goods,494.3,1391.2,126.87,0,455.9,
20-04-2021,OfficeSupplies,319,917,N/A,N,303.9,
22-02-2022,Toy,249.1,674,228.74,0,232.9,
11-11-2021,BEAUTY,null,1001.6,169.96,FALSE,340.9,
25-12-2022,Automotive Parts,373.7,490.7,213.61,0,355.8,
05-16-2020,Electronic,236.5,523.5,$46.22,0,247.6,
04-07-2022, Beauty,428.1,1007.8,164.51,FALSE,427.1,
07-12-2020,Furnture,319.1,812.9,72.37,0,290.5,
02-Dec-22,GROCERIES,413.9,,107.46,0,393.6,
20-02-2021,Furniture,225,921.9,75.77,FALSE,232,
29-Sep-21,Grocerys,287.5,803.1,108.19,No,270.8,
02-Nov-21,TOYS,281.7,,236.15,0,280.6,
25-11-2020,Pet Supplies ,327.8,763.0 pcs,203.19,0,316.1,
15-11-2022,OfficeSupplies,464.5,738.8,87.94,0,467.3,
19-10-2021,beauty,343,694.2,165.65,FALSE,353.2,
06-24-2022, Beauty,492.2,1013.6,167.18,FALSE,490.9,
04-05-2020,Pet Supplies,206.7,829.3,196.18,0,201.6,
11-12-2022,Grocery,379.4,613.7,104.25,0,344.7,
27-Apr-21,Auto Parts,314.9,632.4,211.6,0,315.8,
02-02-2020, Beauty,269.1 units,1036.5,162.91,0,277.2,
23-07-2020,Furnture,290.7,missing,73.52,0,266.4,
26-Oct-20,office supplies,326.3,838.9,89.33,N,314,
30-08-2020,apparel,431.3,1231.2,168.39,0,403.3,
24-08-2021,Electronic,152.4,522.1,46.25,0,156,
01-08-2021,Apparel,431,N/A,159.68,0,434.1,
02-May-20,Furniture,176.4,783.7,74.4,FALSE,174.6,
04-03-2021,Furnture,246.3,912.3,72.6,0,229.3,
20-10-2022,Electronis,260.6,296.5,46.46,0,243.8,
16-05-2022,Sporting_Goods,583.6,1415.7,129.39,N,579.9,
28-02-2020,Sporting Goods,528.4,1409.9,129.8,0,490.2,
08-Aug-20,groceries,349.4 units,585.6,106.02,1,326.1,
02-05-2022,Automotive-Parts,361.7,541.2,216.6,0,null,
12-07-2022,groceries,387.1,611.4,109.92,0,359.6,
04-07-2022,GROCERIES,267,790,104.86,0,242.1,
26-06-2021,PET SUPPLIES,321.4,816.9,198.1,N,301.9,
08-28-2020, Electronics,183.4,542.4,47.69,0,171,
13-05-2020,PetSupplies,242.3,834.1,198.66,0,238.9,
21-06-2021,"   Toys	",316.6,649.1,241.03,0,297.5,
22-12-2021,ELECTRONICS,253.4,375.5,47.28,0,239.5,
24-Nov-20,Grocery,253.7,580.3,108.83,0,263.5,
26-12-2021,Electronis,260.6,-238.4,45.85,No,61.6,
15-03-2021,Furniture ,190.1,958.7,73.75,0,182.1,
18-Oct-20,BEAUTY,317.3,1085.3,166.68,0,331.5,
02-08-2020,pet supplies,N/A,752,198.95,TRUE,338,
05-06-2021,toys,311.7,638.7,234.73,0,302,
02-Feb-21,AUTOMOTIVE PARTS,367.6,599.9,222.86,0,351.4,
12-12-2021,Electronic,250.5,388.5,46.25,0,2589,
19-05-2022, Apparel,655.5,1425.1,168.72,TRUE,615.4,
08-31-2022,Furnture,373.2,NULL,73.2,FALSE,N/A,
23-Dec-20,apparel,485,N/A,170.67,0,491.1,
11-05-2021,Office Supplies,297.9,937,86.87,0,272.6,
21-08-2021,sporting goods,531.5,1319.3,125.16,0,516.1,
24-Mar-20,Sporting Goods,644.6,1428.4,122.53,TRUE,,
11-03-2020,AUTOMOTIVE PARTS,357.1,NULL,211.97,0,330.4,
16-Oct-21, Office Supplies,577.9,835.3,$87.83,1,548.3,
20-04-2022,Furniture ,210.4,1172.7,74.68,0,190.9,
10-May-22,Beauty,431.8,1033.6,162.69,FALSE,437.2,
29-05-2020,toys,324.7,715,245.06,N,301.8,
22-05-2021,Groceries,309.2,675,105.25,0,285,
15-Jun-22,Furniture,288.8,1135.5,74.72,0,266.7,
13-08-2021, Toys,382.6,628.8,225.89,0,354.8,
05-14-2021,Appearl,433.8,1302,171.48,FALSE,393,
12-05-2021,automotive parts,309.5,,215.38,0,316.7,
07-27-2020,"  FURNITURE	",281.2,837.3,Rs.71.97,0,265,
07-Jul-22, Toys,null,584.2,239.56,0,400.4,
30-12-2020,PET SUPPLIES,328.2,832.9,189.62,0,311.6,
04-10-2022,Toy,361.6,618.4,238.93,0,362.9,
03-Mar-21, Office Supplies,366,893.5,89.24,0,380.8,
10-26-2022,sporting goods,491.1,1461.3,129.25,No,508.7,
16-Aug-22,electronics,226.8,241.1,47.15,N,236.3,
04-11-2022,Electronics,322.7,303.5,47.17,0,321.1,
06-13-2021,ELECTRONICS,255.8,520.5,47.16,No,262.7,
13-12-2020,Grocery,273.2,586.4,109.34,N,272.4,
09-03-2022,Beauty,540.5,1043.1,162.96,Y,511.6,
15-08-2022,Groceries ,265.4,776.4,107.64,N,269,
06-01-2020,Sporting Goods,654.5,1098,129.43,TRUE,119.3,
02-28-2020,ELECTRONICS,266.8,505.2,46.37,0,N/A,
02-06-2021, Apparel,435.1,1297.4,167.98,No,407.7,
29-04-2021,Pet Supplies ,NA,859.2,195.64,N,257.5,
08-24-2020, Beauty,351.7,1078.4,164.42,N,342.8,
04-09-2021,electronics,260.6,498.2,46.08,1,242.1,
31-Oct-22,PetSupplies,358.5,722.1,null,0,330.5,
05-11-2021,furniture,408.1,1011,75.51,FALSE,375.2,
02-02-2022, Apparel,472.2,1341.5,168.16,0,492.1,
31-May-20,OfficeSupplies,254.5,915.6,N/A,0,253.3,
30-05-2022,toys,341.9,562.2,238.14,No,321.4,
07-10-2022,Beauty,443.8,959.2,165.87,0,410.8,
06-Jan-21,Furniture,252.7,860.9,70.48,0,236.8,
22-Aug-21,Sporting Goods,480.3,1328.5,131.5,0,495.4,
07-03-2020,Grocery,251.4,691.2,111.12,0,229.5,
04-17-2022,sporting goods,547.5,1437.7,131.05,No,514.7,
19-08-2020,BEAUTY,353.5,1097.7,164.02,0,360,
08-25-2021,Beauty,389.1,1019.3,160.71,FALSE,371.5,
24-04-2021,beauty,371.5,1022.6,163.64,FALSE,337,
11-08-2022,Toy,394,575.1,226.46,0,411.4,
01-01-2023,Furniture ,338.9,1115.7,74.32,0,344.6,
11-09-2021,PetSupplies,357,NA,188.94,0,357.4,
22-12-2021,Toys,1169.4,690.7,242.56,0,297.9,
03-19-2022,Toys,296.6,637.5,240.91,FALSE,283.6,
18-11-2020,Apparel,476.9,1256.2,172.29,FALSE,476,
06-May-20,automotive parts,303.3,831.1,215.72,0,283.2,
30-Aug-20,pet supplies,295.9,769,Rs.195.24,0,282.8,
11-25-2021, Toys,327.9,649.2 pcs,235.88,0,303.6,
03-10-2021,Pet Supplies,350.5,474.2,190.96,0,32.6,
01-Jul-21,OFFICE SUPPLIES,330.8,900,88.28,0,346.3,
10-05-2022, Electronics,315,294.2,45.53,0,324.7,
04-28-2021, Apparel,,1283.9,165.67,FALSE,421.1,
06-06-2022,pet supplies,448.3,834.6,198.23,1,455.5,
02-28-2021,Sport Goods,512.6,1360,130.01,0,484.2,
01-Jul-20, Electronics,200.8,-560,44.75,N,198.4,
08-19-2021,Automotive-Parts,263.9,681.9,220.65,FALSE,238.4,
24-09-2022,GROCERIES,343.7,764.2,105.29,0,null,
09-26-2021,Furniture ,379.5,973.5,77.25,0,342.7,
15-06-2020,ELECTRONICS,180.9,567.5,47.43,No,181,
12-Jun-22,BEAUTY,590,1037.3,161.51,1,534.9,
19-06-2020,Automotive Parts,394.4,861.2,222.9,1,382.6,
21-09-2022,Furnture,417.6,1148.4,999999,FALSE,417.8,
26-Mar-22,Sporting Goods,858.3,1399.5,131.14,1,836.3,
16-12-2020,Furnture,1006.6,842.6,74.5,0,283.4,
14-05-2022,GROCERIES,353.2,764.1,108.14,N,356.3,
06-12-2021,SPORTING GOODS,454.3,1454.9,126.44,0,436.6,
26-Jan-20,pet supplies,240.3,841.9,196.76,0,231,
10-14-2020,Apparel,438.4,1231.4,169.96,FALSE,448.2,
15-08-2021,GROCERIES,247.6,717.2,108.01,FALSE,230.3,
09-04-2022,groceries,375.7,756.3,107.92,0,340.3,
07-Oct-21,Appearl,540.8,1310.2,169.34,0,515.1,
02-04-2020,Sporting Goods,534.8,1429.2,126.53,FALSE,519.2,
12-Oct-22,sporting goods,550,1435.9,130.71,0,535.6,
24-Aug-21,BEAUTY,423.8,1011.6,Rs.164.4,0,389.6,
22-05-2021,Automotive-Parts,338.8,690.5,,0,310,
07-26-2020,OfficeSupplies,263.3,867,87,0,240.8,
12-09-2021,Electronics,179.8,468.9,46.1,0,183.5,
06-19-2020,Groceries,372.2,614.2,109.76,Yes,378.9,
06-11-2021,beauty,498.9,991,167.38,0,491.2,
10-04-2021, Apparel,null,1351.1 pcs,167.95,No,368.1,
24-11-2022,BEAUTY,409.5,995.5,160.94,FALSE,420.8,
02-Jul-22,Grocery,N/A,775.9,999999,Yes,432.2,
12-02-2022,Pet Supplies ,999999,822.3,193.39,0,334.5,
29-Jan-20,FURNITURE,253.3,757.2,72.96,FALSE,244.7,
09-Dec-22,Auto Parts,416.7,484.2,217.03,N,404.3,
05-08-2021,Grocery,310.7,685.4,107.43,No,308.2,
02-08-2022,Electronic,238.6,253.1,47.81,FALSE,242.1,
26-06-2020,pet supplies,445.5,784.9,193.6,1,414.3,
06-Mar-21,toys,241.7,651.3,238.53,0,243.7,
08-14-2022,Pet Supplies ,366.7,738.3,199.89,No,371.6,
08-03-2022,apparel,436.8,1337.8,175.67,0,412.1,
29-08-2021,"  FURNITURE	",346.6,977.4,76.67,FALSE,315.6,
19-12-2022,"  Grocery	",NULL,761.5,103.26,FALSE,352.4,
11-04-2021,APPAREL,428.7,1295.9,169.6,0,386.6,
14-06-2020,Automotive-Parts,-,867.2,208.75,No,280.3,
27-04-2021,Beuaty,405.8,1016.9,161.91,FALSE,386,
11-08-2021, Beauty,317.1,1002.2,$165.55,N,306.4,
04-16-2020,Pet Supplies ,253.8,780.9,NULL,0,263.2,
25-06-2022,PET SUPPLIES,324.5,789.7,194.12,0,313.8,
07-21-2022,office supplies,342.5,999999,90.58,0,355.1,
09-04-2021,Appearl,500.2,1268.7,166.91,0,475.9,
26-10-2020,Furnture,361.4,776.5,74.39,FALSE,368.5,
15-Nov-20,TOYS,363.5,606.7,$238.58,TRUE,335.4,
12-06-2020,APPAREL,484.5 units,759.2,164.72,0,43.9,
11-16-2020,Office Supplies,355.6,821.6,84.89,0,362.7,
26-Dec-22,furniture,336,1128.2,75.23,0,303.9,
22-05-2021,furniture,229.8,N/A,75.91,0,212.8,
21-07-2020,Pet Supplies ,249.2,782.3,195.88,FALSE,247,
02-04-2020,Automotive-Parts,344.1,787.9,220.81,0,356.9,
01-08-2022,Grocerys,261.9,803.7,107.59,FALSE,259.8,
23-Dec-21,Sport Goods,543.1,786.9,128.93,0,542.5,
31-01-2020,"  sporting goods	",542.2,-1414.7,127.27,No,515.9,
10-01-2021,pet supplies,296,840.7,191.56,FALSE,302.8,
29-09-2020,Office Supplies,307,837,92.13,0,288.1,
29-Dec-22,automotive parts,430.2,491.4,216.14,N,429.8,
06-Sep-20,Sporting_Goods,424.1,1384.5,129.9,0,?,
18-03-2021,ELECTRONICS,327.4,474.1,47.93,0,308.6,
13-Sep-20,TOYS,414.8,635.2,231.1,1,424.5,
13-08-2022,GROCERIES,317.9,-511,106.43,0,320.1,
15-10-2021,Auto Parts,314.3,680.4,217.12,0,288.1,
22-Apr-21,Automotive Parts,352.4,609.6,216.86,FALSE,366.4,
21-09-2022,Beauty,713.6,930.2,165.84,1,652.8,
11-07-2022,Appearl,478.8,1378.1,175.49,0,479.1,
03-07-2020,Pet Supplies,285.9,817,$193.42,0,286.7,
03-02-2021,Pet Supplies ,269.4,811.4,190.34,N,256.2,
18-Sep-21,toys,365.4,640.8,237.7,0,336.2,
09-19-2022,Sport Goods,481,1470.8,131.33,0,463.4,
31-05-2020,toys,309.6,714.4,242.36,0,299.4,
10-30-2020,Beuaty,365.4,823.9,163.86,0,337.2,
08-18-2020,Pet Supplies ,250.9,754.5,200.72,No,253.6,
15-05-2020,automotive parts,297.1,434.2,213.76,FALSE,276.4,
30-12-2020,OfficeSupplies,380.8,855.7,89.9,N,377,
12-08-2020,Sporting Goods,462.8,1391,128.91,0,417.6,
26-12-2020,Beauty,425.2,1030.5,163.86,Yes,421.4,
20-Jul-21,"  Apparel	",417,1291.7,164.98,0,3981,
01-01-2022,Furnture,328.9,1048.3,77.12,N,297.7,
22-Jun-20, Office Supplies,205.1,922.7,86.95,0,212.7,
23-03-2022, Apparel,458.3,1329.2,171.85,FALSE,429.9,
29-08-2022, Apparel,445.3,1411.5,171.31,FALSE,433.3,
01-24-2021,Sporting_Goods,542.8,1394.4,128.76,N,520.2,
12-04-2021,toys,251.2,628.2,243.08,N,252.2,
07-01-2020,Office Supplies,477.6,895.2,88.95,Yes,451.9,
05-01-2020,beauty,399.3,1067.3,168.98,N,373.4,
01-07-2020,Office Supplies,399.8,900.2,92.05,Yes,411.8,
09-Jun-21,TOYS,339.2,627.5,247.4,0,343.3,
11-02-2020,Electronics,201,254.2,$47.64,0,19.2,
22-10-2022,Toy,365,604.5,236.9,0,NULL,
12-03-2020,furniture,446.4,806.7,74.19,TRUE,464.9,
17-Oct-20,Grocerys,282.8,608.1,105.98,FALSE,257.4,
04-16-2020,sporting goods,565.3,1350.5,127.1,FALSE,558.6,
07-10-2020,Automotive Parts,263,744.5,215.54,0,237,
31-12-2021, Office Supplies,481.8,747.1,91.13,FALSE,484,
08-11-2022,Furniture ,354.7,1166.3,Rs.76.61,0,363.1,
11-Oct-20,Beuaty,297.5,1095.8,164.29,N,287.2,
28-08-2021,FURNITURE,360.6,978.4,73.38,0,358.6,
04-12-2021,BEAUTY,389.6,955.2,167.46,0,358.7,
28-03-2020,FURNITURE,-184.2,781.4,77.91,N,190.4,
04-Jan-20,Apparel,600.6,712.1,172.11,TRUE,557.1,
11-07-2020,Toys,312.7,650.9,233.95,No,305.5,
04-08-2021,furniture,333.2,982.8,74.9,0,346.7,
25-08-2021,Furniture,354.6,963,74.65,FALSE,326.2,
03-Feb-21, Apparel,415.1,-1295.1,167.2,0,424.1,
10-06-2021,ELECTRONICS,185.5,457.7,46.67,0,168.1,
03-11-2020,FURNITURE,N/A,792,72.5,0,320.6,
20-Mar-22,Furnture,1221.1,1113.3,76.92,1,269.4,
25-Jul-20,Toys,336.4,640.7,234.82,0,320.8,
06-11-2022,Pet Supplies ,381.7,716.4,201.54,FALSE,385.4,
19-Jul-21,toys,999999,NULL,244.69,1,451.2,
17-Dec-22,"  Groceries 	",419.1,737.5 pcs,108.23,No,408.5,
29-07-2022,SPORTING GOODS,574.1,999.7,128.19,FALSE,601.8,
11-10-2022,"  Auto Parts	",293.2,524.2,214.75,No,271.2,
06-05-2020,TOYS,264.5,748.7,-,0,261.1,
06-May-20,Sporting Goods,545.9,1351.7,999999,0,544.2,
14-01-2021,GROCERIES,371.9,523.3,106.36,0,374.3,
22-07-2021,Appearl,NULL,1280.2,167.93,0,448.6,
25-04-2022,toys,300.7,623.5,238.41,0,308.8,
12-01-2022,Grocery,382,794.1,102.79,0,367.8,
07-01-2021,automotive parts,1284.4,679.4,218.83,N,?,
15-02-2022,OFFICE SUPPLIES,410,732.8,90.44,0,406.9,
01-Aug-20,AUTOMOTIVE PARTS,259.4,768.6,223.53,0,256.4,
30-07-2021,Appearl,527.2,1289.4,172.18,1,544.1,
25-06-2022,apparel,null,1417.6,168.51,N,378.4,
09-01-2020,Automotive Parts,227.9,764.9,220.75,N,228.5,
16-Feb-21, Apparel,446.3,1256.6,170.83,0,402.5,
17-Mar-20,"  Electronis	",234.5,496.2,47.72,0,243.8,
13-11-2020,office supplies,421.1,789.8,89.27,No,417.1,
02-12-2022,AUTOMOTIVE PARTS,412.6,464,221.4,FALSE,407.5,
09-11-2020,BEAUTY,308.4,1115.9,161.04,No,999999,
10-03-2021,PetSupplies,251,843.4,199.71,0,230.9,
01-12-2020,Beauty,315,1080.6,162.96,FALSE,315.6,
23-07-2022,TOYS,383.4,587.3,237.14,FALSE,350.9,
06-05-2021,office supplies,335.4,915.3,91.43,0,331.8,
22-03-2021, Beauty,371,989.6,999999,No,339.2,
27-Aug-22,BEAUTY,437.3,946.3,166.57,0,447.8,
19-07-2021,OFFICE SUPPLIES,285.3,874.1,89.86,No,274.4,
17-03-2021,Toys,256.8,640.5,241,0,234,
30-Jun-20,automotive parts,251.1,null,214.94,0,259.6,
25-04-2020,PET SUPPLIES,272.4,786.9,200.23,FALSE,260.3,
07-20-2021,Electronis,212.5,475.1,46.43,0,210.2,
20-Sep-21,Sporting_Goods,449.4,1418.4,123.57,0,425,
19-Sep-21,Furnture,373.6,949.5,75.3,0,343.8,
10-10-2022,PET SUPPLIES,344.9,746.8,196.3,0,348.8,
08-Aug-22,Office Supplies,349.7,701.6,88.98,0,354.3,
10-04-2022,Pet Supplies,266.5,855.5,197,0,255.7,
02-05-2022,Pet Supplies ,358,826.3,192.43,0,344.1,
19-Sep-21,GROCERIES,283.8,,109.32,0,262.5,
24-Mar-22,SPORTING GOODS,599.7,1405.7,NA,0,582.5,
07-04-2022,Pet Supplies,319.1,834.6,195.9,0,326,
10-Sep-22,Apparel,512.8,1347.4,169.51,N,null,
27-06-2020, Toys,316.1,666.6,240.21,0,285.6,
08-22-2021,"  Automotive-Parts	",278.1,677,223.45,0,283.1,
10-22-2020,OfficeSupplies,391.4,811.4,86.18,0,391.4,
27-Mar-22,"  Grocerys	",326.3,,105.73,0,331.7,
03-15-2021, Toys,244.9,659.2,230.92,0,247.7,
05-25-2020,Sporting Goods,464.8,1359,130.08,No,445.1,
18-02-2022,office supplies,457.8,725.4,90.97,0,439.8,
10-09-2022,beauty,737.2,475.8,162.74,TRUE,89,
03-23-2021,Sport Goods,476.1,1365.9,122.04,0,468.5,
09-Jan-21,Grocery,,535.8,108.51,0,317.8,
31-01-2022,Clothing,419.2,1353,171.59,FALSE,404.5,
22-04-2021,SPORTING GOODS,580.3,1320.5,122.84,FALSE,583,
05-Aug-20,Clothing,407.4,missing,161.67,0,405.7,
12-Nov-21,sporting goods,548.1,1418.3,128.86,0,540.6,
01-28-2021,FURNITURE,262.5,881.8,75.3,FALSE,243,
21-07-2021,Automotive-Parts,275.5,672.7,218.51,N,255.9,
08-09-2022,groceries,349.5,787.8,107.32,0,351.2,
17-11-2021,Pet Supplies ,379.9,809.8,198.85,0,347.7,
11-Jan-21, Toys,245.8,629.7,241.16,No,NULL,
18-02-2022,electronics,341.9,231.1,45.78,N,340.9,
11-09-2021,Sporting Goods,NULL,1372.9,125.82,0,473.2,
04-10-2022,PetSupplies,351.9,745.6 pcs,203.94,0,331,
11-Jul-20,Pet Supplies,310.4,753.7,194.28,0,324.7,
07-24-2022,Furniture ,330.5,1148.7,73.28,0,299.9,
09-09-2020,apparel,384.6,1264.4,170.33,No,374.9,
25-Sep-20,Sport Goods,?,1396,128.33,0,459.7,
24-03-2022,beauty,437.3,NULL,164.34,0,447.4,
25-11-2021,AUTOMOTIVE PARTS,358.9 units,659.1,218.99,N,365.6,
16-Nov-20, Toys,265,615.3,241.4,N,242.1,
15-Oct-20,Apparel,451.6,1228.3,166.82,No,440.4,
12-06-2022,GROCERIES,301,-772.3,107.69,0,299.4,
21-11-2021,Grocerys,317.2,829.2,106.41,0,330,
03-15-2022,OfficeSupplies,514.1,-,?,1,501.7,
23-05-2022,Beauty,446.8,1021.9,168.7,0,444.9,
03-12-2020,Grocery,315.8,643.7,108.91,FALSE,326.1,
05-08-2021,Pet Supplies ,374.5,768.9,190.77,0,362.6,
20-Feb-21,Apparel,459.1,1260.2,174.35,N,NA,
13-07-2021,"  PET SUPPLIES	",272.4,800.8,193.05,N,274.9,
09-25-2020,Furniture,485,missing,74.64,TRUE,453.3,
31-Jul-21,office supplies,370.9,449.4,-,FALSE,370.1,
17-Mar-21,Grocerys,328.6,?,107.57,N,306.6,
13-07-2022,office supplies,341.6,710.1,90.33,0,342.4,
11-09-2021,automotive parts,301.6,663,217.46,FALSE,275.1,
08-01-2020,APPAREL,393.1,1279.4,169.7,0,406.5,
13-Jul-20,Automotive Parts,230.5,797.2,218.49,0,227.8,
10-Aug-21,SPORTING GOODS,506.1,1334.7,127.41,0,485.5,
24-05-2022,toys,332.7,576.2,241.74,0,300.2,
07-13-2020,"  Toys	",313.5,649.7,$231.56,FALSE,325.4,
10-12-2020, Electronics,217,515.3,46.74,0,2215,
06-12-2020,"  Electronics	",160.8,356.4,47.69,0,22.7,
11-12-2022,Furnture,385.3,1165.7,74.25,0,363.9,
22-May-20,toys,297.9,726.8,237.42,0,300.5,
02-24-2020,Toys,209.8,776.9,237.81,FALSE,199.8,
18-12-2021,Sporting Goods,563.1,1406.8,125.95,No,510.4,
06-08-2022, Electronics,280.7,251.7,47.39,FALSE,272.6,
06-16-2020,Auto Parts,249.6,866.7,$224.9,0,235.2,
15-06-2020,Groceries ,189.7,627.5,110,N,178.6,
06-19-2022,furniture,262.5,1149.9,75.71,FALSE,237.5,
26-09-2020,Furnture,null,783.8,73.17,1,439.4,
02-22-2022,SPORTING GOODS,513.6 units,1427.5,130.45,0,497,
03-28-2020,groceries,245.9,670.9,106.51,0,243.6,
24-03-2022,electronics,360.3,305.8,46.8,0,339.8,
26-10-2020,AUTOMOTIVE PARTS,287,707.2,221.93,0,291.4,
06-01-2020,"   Toys	",226.6,803.9,244.67,N,233.2,
02-28-2022,Automotive-Parts,391.4,619.9,225.26,0,387.9,
15-Sep-22,BEAUTY,490.5,937.6,158.12,0,475.4,
09-22-2022,SPORTING GOODS,581.9,1429.8,126.51,0,570.9,
28-Oct-20,automotive parts,292.2,679.4,221.53,FALSE,299.4,
18-Jul-21,Toys,348.6,651.2,242.55,No,331.9,
08-23-2020,PetSupplies,293.5,746.7,201.39,0,282.4,
17-03-2022,Beuaty,419.2,1007,162.61,0,398.7,
10-05-2022,AUTOMOTIVE PARTS,330,542.8,217.35,FALSE,312.8,
03-Aug-20,Toy,321.9,655.3,234.34,0,292.5,
28-03-2020,pet supplies,231.3,815,204.38,FALSE,240.8,
18-12-2020, Apparel,468.3,1253.6,172.22,FALSE,452.9,
17-Mar-21,Clothing,376.7,1295.4,170.77,0,384,
11-03-2022,OFFICE SUPPLIES,425.4,727.3,90.91,0,406,
16-Aug-21,ELECTRONICS,161.7,530.2,48.19,0,149.5,
03-May-20,BEAUTY,390.3,1087.9,165.9,0,396.9,
14-01-2022,groceries,484.3,789,105.71,TRUE,493.2,
29-05-2022,Automotive-Parts,293.5,520,219.54,FALSE,292.9,
25-12-2020,Sporting_Goods,497.3,1391.2,129.24,0,463.3,
12-08-2020, Toys,328.2,647.5,234.62,No,303.8,
09-02-2021,Beauty,296.4,984.4,170.48,0,268.9,
24-Jul-21,BEAUTY,465.7,1017.6,166.51,0,468.1,
24-06-2020,Apparel,388.9,1316,172.83,0,389.1,
23-12-2022,OfficeSupplies,537.3,NULL,89.69,0,null,
09-05-2021,Apparel,412.2,1305.9,172.77,N,376.3,
04-17-2021,Grocerys,319.1,613.4,102.38,0,289.7,
06-11-2021,APPAREL,521.2,1294.7 pcs,168.58,N,526.8,
19-02-2021,groceries,338.6,298.3,108.02,FALSE,339.5,
21-Jun-21,Electronics,226.8,528.2,48.78,0,,
17-10-2020,Appearl,512.5,1215.4,Rs.169.69,FALSE,525.3,
12-02-2021,Sport Goods,602.6,1353.3,127.73,0,543.3,
14-07-2020, Apparel,372.4,1310,170.84,0,336.9,
14-03-2021,PetSupplies,233.9,838.8,197.79,0,216.3,
07-02-2020,Automotive Parts,354.9,772.2,217.94,0,327,
04-09-2020,Automotive-Parts,266.4,741.2,213.79,FALSE,258,
10-27-2020,APPAREL,426.3,1232.2,171.42,0,401.6,
12-09-2020,Electronic,138.8,560.1,47.27,0,130.8,
14-Apr-22,Appearl,453.4,1368.7,171.9,0,468.5,
20-08-2022,Pet Supplies ,368.8,756.4,195.27,0,366.2,
25-07-2022,office supplies,305.9,698.7,88.36,No,295,
25-05-2021,FURNITURE,null,1003.1,Rs.74.37,N,224.3,
05-23-2022,toys,342.2,569.2,232.7,0,344.4,
14-11-2021, Office Supplies,426,818.7,88.02,N,403.2,
04-23-2021,Auto Parts,361,missing,221.65,0,346.3,
28-07-2021, Apparel,444.3,1288.4,172.9,FALSE,447.5,
05-08-2022,APPAREL,472.4,1402.5,172.66,0,443.9,
09-19-2022,TOYS,359.5,617,229.05,0,324.8,
07-12-2022,APPAREL,536.5,1379.1,171.34,FALSE,513,
13-01-2021,BEAUTY,332.8,1037.8,172.1,FALSE,300,
06-10-2020,Toys,256.5,652.2,245.84,0,261.9,
13-09-2020,Automotive Parts,356.2,-,218.59,Yes,340.5,
04-03-2022,Apparel,449,1351,169.49,0,445.3,
02-19-2020,ELECTRONICS,240,540.4,47.51,FALSE,249.1,
25-Apr-20,SPORTING GOODS,517.4,1349.1,128.65,0,478.9,
10-Nov-22,Grocerys,427.1,744.4,105.99,0,NULL,
29-Aug-21, Electronics,-174.2,512.4,47.06,FALSE,175.3,
09-08-2021,Pet Supplies ,299.8,801,199.65,0,295,
05-05-2020,PET SUPPLIES,212.4,837.1,195.04,FALSE,219.3,
13-01-2020,apparel,447,784.8,162.92,0,59,
18-Jan-20, Toys,666.9,820,235.86,FALSE,195.9,
03-18-2020,apparel,999999,1240.6,169.29,FALSE,426.6,
02-15-2020,toys,220.8,793.3,247.95,0,223.2,
07-13-2022,GROCERIES,362.2,788.2,109.24,1,354.5,
17-Nov-22,"  Automotive-Parts	",?,470.8,223.65,TRUE,501,
14-05-2020,BEAUTY,413.7,1104.4,167.01,0,424.7,
26-Oct-21,apparel,451.9,1339.1,166.39,N,420.9,
15-05-2021,Beauty,407.3,1045.8,164.81,0,426.4,
22-Jun-20,SPORTING GOODS,506.8,1364.9,127.81,0,506.4,
02-10-2022,BEAUTY,403.4,949.2,163.06,0,390.3,
05-May-21,Grocerys,291.5,666.5,109.42,N,262.4,
12-03-2021,Groceries,368.7,-795.4,107.76,FALSE,336.5,
30-03-2022,Sport Goods,634.7,1398.6,129.89,0,648.8,
14-06-2020, Apparel,392.7,1287.9,165.33,0,362,
28-11-2021,Groceries,323.9,816.4,111.9,0,331.9,
21-04-2021,PetSupplies,266.7,850,200.16,0,249.3,
19-09-2022,Electronis,193,267.2,46.38,0,174.2,
10-Oct-21,toys,322.4,324.6,234.42,0,321.2,
09-Nov-22,Electronic,236,300.9,45.7,0,231.3,
02-18-2021,office supplies,390.4,880,92.81,0,356.9,
11-01-2022,Furnture,306.7,1072.6,Rs.77.34,0,319.5,
06-01-2020,sporting goods,423.1,1377,125.31,0,422.7,
16-Feb-22,AUTOMOTIVE PARTS,392.8,615.9,219.67,0,398.1,
15-Jul-20,Furnture,274.2,-,77.34,0,249.8,
03-03-2022,Toys,N/A,650.3,237.11,0,319.3,
19-06-2020,Electronics,237.5,546.8,46.18,FALSE,233.5,
20-09-2020,apparel,400,1239.1,169.02,0,373.6,
07-22-2020,sporting goods,488.1,1365.9,128.65,N,464.9,
09-07-2021,Beuaty,443.8,1007,168.37,0,444.3,
08-Mar-21, Beauty,336.3,981.3,162.24,FALSE,346.5,
30-08-2021,OfficeSupplies,318.5,825.1,87.23,FALSE,297.2,
11-Dec-20,Appearl,521.7,1232.7,172.1,0,495.5,
13-Oct-21,Furniture ,384.8,999.7,72.13,0,380.3,
05-02-2020,sporting goods,474.2,1441.6,128.58,0,495.5,
07-08-2020,PET SUPPLIES,273.8,773.3,199,0,277.1,
17-11-2020,Beuaty,302.6,1115.4,163.39,No,305.9,
27-08-2021,Sporting_Goods,518.8,1330.6,133.63,0,486.9,
04-07-2020,TOYS,999999,650,237.69,1,564.2,
10-04-2022,Automotive Parts,401.3,586.4,212.14,0,385.9,
10-09-2022,Toy,528.6,605.3,240.54,1,?,
15-07-2021,Groceries ,283.7,652.1,107.28,FALSE,260.6,
08-01-2022, Toys,288.7,680,240.71,0,300.2,
01-Mar-21,AUTOMOTIVE PARTS,325.5,642.4,211.5,0,331.7,
27-11-2022,OFFICE SUPPLIES,451.2,719.3,89.42,0,419.8,
07-20-2022,Furniture,328.9,-1164.9,74.14,FALSE,330.9,
06-04-2022,OfficeSupplies,553.1,736.3,87.82,Yes,509.7,
27-01-2022,Office Supplies,479,730.7,NA,0,484,
24-Sep-21,"  FURNITURE	",401.9,948.8,$76.52,0,385.2,
06-10-2020,sporting goods,480.2,1346.8,130.09,FALSE,473.9,
14-09-2020,OfficeSupplies,999999,855.3,93.79,0,269.3,
24-08-2020,Automotive-Parts,225.6,753.4,215.81,0,212.1,
30-Oct-21,Sport Goods,492.7,850,129.16,FALSE,513.9,
18-Sep-22,Apparel,511.1,1341.7,172.35,0,495.1,
03-09-2021,GROCERIES,363.5,747.6,106.56,TRUE,359.8,
03-05-2022,Groceries ,327.1,770.9,105.98,0,326.2,
22-10-2021,Auto Parts,326.4,678.8,212.23,0,326.8,
12-07-2021,Electronis,217.8,492.2,46.81,0,221.2,
31-Jan-22,Grocerys,321.3,818.7,109.76,0,333.4,
24-May-21,"  office supplies	",286.6,934.2,89.83,N,275.2,
08-10-2021,Grocery,321.2,795.5,?,FALSE,327.7,
11-01-2021,electronics,210.4,574,47.52,0,192.9,
04-12-2021,pet supplies,375.4,816.6,191.1,No,372.7,
13-03-2021,Automotive-Parts,337.9,449.2,213.91,0,21.7,
08-23-2022,Office Supplies,335.8,733.4,$90.14,FALSE,304.6,
18-Mar-20,office supplies,363.8,863.8,90.76,FALSE,340.6,
12-13-2022,pet supplies,343.1,699.4,196.66,0,311.5,
27-May-21,Apparel,445.9,1295.2,167.12,N,406.9,
01-29-2022, Toys,282.9,694.6,233.53,No,255.7,
03-07-2021, Electronics,320.3,511.4,45.7,Y,314.4,
27-Jul-20,Sporting Goods,447.8,1366.9,?,0,438.7,
02-03-2021,Furniture ,255.4,887.7,78.15,N,261.7,
03-03-2020,"  Grocerys	",239,707.4,108.74,N,218.2,
07-Nov-21,PET SUPPLIES,449.1,829.2,198.19,1,413.4,
07-Jul-21,Appearl,445.8,1292.6,171.83,N,423.1,
23-01-2020,FURNITURE,253.6,764.5,77.2,No,255.8,
22-07-2021,PET SUPPLIES,337.6,null,193.92,FALSE,311.6,
15-Sep-21,Electronic,188.9,467.9,46.78,N,197.4,
30-12-2021,Grocerys,407.7,796.3,NA,FALSE,425,
21-10-2022,Sport Goods,571.1,1423.6,126.62,N,533.2,
02-08-2020, Beauty,352.2,1026.9,158.86,FALSE,352.9,
27-06-2022, Electronics,284.2,308.5,45.88,0,261.6,
11-02-2021,Electronic,176,424.8,46.28,0,180.4,
19-Aug-20,SPORTING GOODS,485.9,1363.2,126.08,0,472.9,
10-Jul-22,PetSupplies,395.1,803.2,202.8,1,389.4,
07-07-2022,Grocery,345.7,761.5,109.11,0,NULL,
07-06-2022,automotive parts,-,545.7,218.95,TRUE,403.8,
10-01-2021,Office Supplies,514,874.4,91.65,TRUE,504.4,
14-09-2021,Electronics,167.6,473.4,44.62,0,151,
21-11-2022,toys,290.1,568.6,N/A,0,285,
24-10-2020,PET SUPPLIES,383.8,801.1,196.64,0,390.1,
13-08-2022,Office Supplies,536.7,704.3,88.04,Yes,492.6,
29-04-2022,Beauty,?,1021.4,161.99,1,654.3,
01-04-2021,PetSupplies,308.5,859.7,195.99,0,281.6,
17-08-2022,Sporting_Goods,798.8,1448.6,128.8,1,812.8,
02-05-2020,pet supplies,235,819.5,188.28,0,245.6,
05-08-2022,Electronic,351.4,277.6,46.74,0,317.9,
07-Feb-21,Toys,386.7,604.3,240.59,Y,,
11-Apr-20,FURNITURE,181.7,784.8,73.89,0,NULL,
13-02-2021,Pet Supplies,284.5,536.2,195.62,0,279.6,
06-Apr-20, Beauty,NULL,1118.4,154.93,0,null,
07-11-2021,Groceries ,282.6,814.2,107.76,0,255.6,
04-07-2022,Automotive-Parts,272.8,585.2,215.69,0,267.2,
28-Jun-21,APPAREL,337.5,1310.3,169.99,0,307.5,
12-10-2020,OfficeSupplies,310.7,null,88.84,FALSE,321.3,
16-06-2022,Automotive Parts,468.8,555.6,221.99,TRUE,443.5,
04-08-2022,toys,402.3,569.7,240.25,0,362.7,
08-10-2022,furniture,400.1,1112.7,72.22,0,398.1,
05-Mar-20,beauty,491.2,1101,162.12,1,467.4,
13-Aug-22,Pet Supplies ,381.4,730,null,0,missing,
06-21-2020,Office Supplies,237.5,910.2,87.39,FALSE,235.3,
01-03-2021,"  PET SUPPLIES	",324.2,829.4,190.8,FALSE,298.8,
03-10-2020,Clothing,391.2,1238.5,174.34,FALSE,371.8,
15-04-2021,ELECTRONICS,318.9,476.3,46.6,FALSE,319.2,
30-10-2020,OFFICE SUPPLIES,null,801.9,$91.19,0,438.4,
05-03-2020,OfficeSupplies,336.6,912.8,88.44,FALSE,312.2,
10-05-2020,Furniture ,228.8,-796.1,73.92,TRUE,NULL,
12-06-2020,beauty,293.6,1076.9,164.86,FALSE,286.4,
02-11-2020,Toys,279.7 units,629.3,231.92,N,261.5,
11-24-2020,Furniture ,318.6,826.3,73.03,FALSE,327.3,
05-03-2022,BEAUTY,393.2 units,-1028.6,167.05,0,N/A,
10-05-2021,BEAUTY,388.7,1027.2,163.66,0,382.8,
19-08-2021,Office Supplies,365.4,790.6,88.51,0,347.7,
15-09-2021,automotive parts,311.4,689.2,217.99,0,309.2,
11-Dec-21,Toys,308.3,680.8,236.39,N,307,
25-02-2022,electronics,351.8,342.6,46,N,339.9,
15-02-2021,toys,211.2,646.9,234.64,0,999999,
17-12-2021,Beauty,363.9,976.2,165.62,0,347.9,
27-07-2022,Auto Parts,NA,564.2,218.02,0,277.1,
30-04-2021,pet supplies,469.2,846.3,195.52,1,456.9,
22-04-2020,Pet Supplies,222.6,793.4,193.85,0,201.1,
16-Mar-20,Sporting Goods,486.1,1428.1,129.67,FALSE,510.4,
22-10-2021,beauty,376.7,1014,159.27,FALSE,368.6,
26-06-2020,Apparel,598.9,1305.3,-,1,587,
29-Jan-22,sporting goods,576.1,1084.5,129.25,0,73,
09-Dec-21, Beauty,382.2,967,167.3,0,380,
01-19-2020,Groceries ,237,710.6,103.43,FALSE,217.4,
30-11-2022,Toy,517.5,574.5,238.96,1,469.5,
28-02-2021,Toys,262.8,639,232.03,0,240.8,
08-May-20,Grocerys,266.9,617.5,107.93,0,251.8,
24-Apr-20,groceries,294.6,-435.1,102.47,FALSE,267.2,
06-09-2020,Groceries ,219.6,451,107.94,FALSE,11.9,
09-04-2020,SPORTING GOODS,470.6,1382.1,128.22,N,492.7,
23-Feb-21,Furniture,201.3,946.4,74.14,FALSE,190.1,
29-Sep-21,Pet Supplies ,346.2,480.5,195.66,No,327.3,
16-04-2022,pet supplies,307.2,848.3,197.21,0,318.3,
06-04-2022,BEAUTY,425.1,1017,165.76,0,433.1,
08-Dec-22,PET SUPPLIES,390.8,682.2,191.17,0,,
11-10-2022, Office Supplies,524.6,746.8,86.34,Y,550.8,
11-May-21,Beauty,408.8,1019.2,169.4,FALSE,427.4,
07-26-2021,ELECTRONICS,183.4,-480.7,46.96,0,184.7,
28-Aug-22,Toys,388.1,581.8,236.19,FALSE,355.2,
19-06-2022,SPORTING GOODS,618.4,1375.3,129.93,FALSE,634.9,
13-10-2022,Toys,385.1,615.2,237.81,0,374.1,
01-Jun-20,Automotive Parts,239.4,875.8,222.31,0,222.8,
27-11-2021,Toy,337.9,658,238.94,No,311.1,
04-07-2021, Office Supplies,290.6,920.3,87.29,0,287.7,
30-04-2020,Groceries,249.5,634.2,108.51,0,N/A,
12-Aug-21,GROCERIES,304.3,697.6,110.01,0,317.3,
06-Aug-21,pet supplies,380.4,773.5,196.63,No,355.6,
15-03-2022,"  Beauty	",381.6,1026.8,169.3,N,374.9,
07-02-2022,OfficeSupplies,403.7,684.7,91.24,No,365.4,
21-06-2020,Furnture,221.1,793.7,76.58,0,228.9,
02-01-2020,Pet Supplies,298.1,807,191.7,0,281.1,
14-02-2020,Office Supplies,409.1,894.3,90.21,No,382.5,
27-06-2022,BEAUTY,452.2,1017.5,165.88,0,458,
26-10-2020,BEAUTY,296.6,1096,166.1,0,279.9,
05-10-2021,groceries,275.8,802.9,$107.43,FALSE,278.6,
18-Mar-20,AUTOMOTIVE PARTS,999999,766.7,216.94,0,298.9,
06-04-2021,Grocery,257.8,623.3,107.23,FALSE,241.2,
01-12-2021,"  Pet Supplies	",318.9,827.6,201.23,0,302.3,
23-02-2022, Beauty,412.8,1010.6,163.79,FALSE,430.4,
02-12-2022,Toys,362.7,575.6,232.42,0,329.5,
02-23-2022,"  Pet Supplies 	",298.9,837.3,201.17,0,299.5,
26-04-2022,sporting goods,575.9,1421.7,Rs.124.57,0,518.8,
16-11-2020,pet supplies,305.9,773.8,199.43,0,287.2,
11-23-2021,Electronis,194.1,-409.7,46.75,No,201.1,
16-12-2022,PET SUPPLIES,-,674.2,197.43,TRUE,648.7,
03-07-2020, Toys,341.1,missing,237.02,0,323,
06-09-2020,"  beauty	",346.6,1072,164.7,0,359.8,
20-Oct-20,SPORTING GOODS,460,1397.3,null,No,455.9,
02-11-2020,PetSupplies,290.5,842.1,197.37,0,277.9,
23-Aug-21,Pet Supplies,291.3,809.3,198.5,FALSE,271.7,
18-12-2021,FURNITURE,339.5,1042.5,74.02,0,NULL,
12-02-2021,Appearl,498.7,1243.1,169.52,No,469.4,
01-08-2020,FURNITURE,469,830.7,$74.14,1,476.9,
03-Jul-22,BEAUTY,430.3,1010.6,167.83,FALSE,441.7,
20-04-2020,Pet Supplies ,216.1,794.5,196.48,0,205.8,
13-Nov-20,Pet Supplies,533.3,767.8,195.68,TRUE,544.2,
28-09-2020,TOYS,307.8,635.9,242.04,0,321,
11-06-2021,Automotive Parts,325.9,663,216.41,0,327.4,
10-10-2021,FURNITURE,missing,971.4,73.56,FALSE,416,
13-07-2021,GROCERIES,210.8,667.2,110.19,FALSE,217.6,
16-06-2020,Pet Supplies ,230.2,786.4,205.11,0,231.4,
16-06-2021,Automotive-Parts,288.3,697.3,Rs.218.75,No,999999,
15-12-2020,Electronis,199.5,526,49.16,0,181.4,
20-06-2021,Groceries,252.9,682.2,$107.44,FALSE,250.2,
28-05-2020,"  Apparel	",414.1,1304.8,168.47,FALSE,405.5,
07-01-2020,Toy,320.2,missing,244.77,0,328.4,
04-Jul-20,ELECTRONICS,215.2,542.2,47.11,0,211.9,
25-12-2020,Groceries ,356.4,560.5,107.87,FALSE,329.6,
05-01-2020,Pet Supplies,266.4,815.9,191.48,No,257.4,
20-02-2021, Office Supplies,414.9,870.6,$89.25,0,397.3,
18-01-2021,Sport Goods,481.8,999999,132.2,0,456.2,
08-04-2021,Auto Parts,362.4,608.6,214.76,FALSE,378.9,
06-09-2022,Apparel,431.6,1390.9,172.79,0,missing,
09-09-2022,furniture,404.6,1161.1,74.71,N,424.6,
11-09-2022,Groceries,321,800.4,107,0,321.9,
16-Feb-22,Sporting Goods,535.9,1419,128.89,0,548.9,
08-11-2021,office supplies,370.3,829.3,90.55,0,361.6,
09-23-2021,Furniture,384.2,945.8,72.77,0,389.8,
02-04-2022,Automotive-Parts,399.5,641.9,214.2,FALSE,384.5,
08-22-2021,Clothing,545.8,1286.4,170.1,1,999999,
02-21-2022,ELECTRONICS,295.5,245.1,46.61,0,277.5,
02-01-2023,AUTOMOTIVE PARTS,370.2,509.4,211.43,FALSE,386.5,
12-Feb-22,Electronic,N/A,999999,47.89,0,339,
07-31-2022, Beauty,420.4,963.1,164.58,No,432.3,
13-Mar-22,Furniture,233.6,1119.9,74.08,0,missing,
02-Jun-22,"   Beauty	",469.2,1022.5,170.33,FALSE,492.5,
17-08-2021,Office Supplies,302.4,805.5,89.68,0,281.7,
14-Dec-20,electronics,200.2,999999,47.06,FALSE,194.3,
30-01-2021,automotive parts,null,NULL,220.79,N,377.5,
29-11-2021,Sporting_Goods,444.8,1454.4,125.74,0,432.5,
23-01-2022,Electronic,300.2,NULL,47.25,0,310.7,
06-04-2021,Appearl,434.1,1285.2,167.89,FALSE,436.1,
07-15-2021,Electronics,233.7,475.6,47.3,0,211.5,
14-02-2020,beauty,333.1,1049,162.46,N,339.2,
16-Jul-21,Apparel,N/A,1272.9,167.93,FALSE,470.2,
15-05-2020,Sporting Goods,614.3,1335.5,124.53,0,564,
13-07-2021,Electronic,203.2,496.7 pcs,47.73,0,200.5,
03-11-2021,pet supplies,336.9,821.4,$195.28,No,330.5,
28-06-2021,electronics,220.4,519.2,$47.38,0,201.9,
28-07-2020,APPAREL,377.5,1291.4,171.4,0,N/A,
20-07-2021,Toys,338.3,654.9,240.41,FALSE,350.5,
05-21-2020,Toy,275,735,,FALSE,262,
02-04-2021,PetSupplies,307.5,855.1,192.31,0,279,
30-Aug-21,BEAUTY,351.9,1050.5,167.68,No,324.6,
24-02-2021,AUTOMOTIVE PARTS,386.2,624.3,215.17,FALSE,391.9,
22-11-2021,BEAUTY,355.5,985.2,163.75,0,341.6,
12-03-2020,TOYS,238.7,776.8,237.12,0,248.9,
05-Jul-21,Sporting Goods,472.2,1343.3,129.54,0,481.1,
05-02-2020,Auto Parts,364.6,777.7,213.88,0,333,
28-Aug-21,Groceries ,361.3,742.9,106.62,Y,337.1,
22-Nov-21,"  Sporting Goods	",768,1442.5,128.38,1,737.2,
04-26-2021,office supplies,264,955.1,88.55,0,247.3,
02-09-2021,"  TOYS	",385.9,617.4,235.28,0,385.1,
03-28-2022,Sport Goods,562.7,1426.1,128.28,0,529.3,
12-12-2021,Grocery,339,812.3,110.9,0,349.7,
15-12-2022,Furniture ,345.1,-1119.9,75.41,N,325.6,
10-07-2021,Automotive-Parts,283,696.5,215.2,No,276.6,
07-Apr-22,Beauty,444.1,1014.8,163.39,FALSE,445.1,
24-Jul-21,Automotive Parts,290.5,-660.5,219.63,No,288.8,
22-10-2022,OfficeSupplies,N/A,736.6,90.74,0,453.9,
11-10-2020,pet supplies,327,802.3,196.89,N,316.1,
04-06-2020, Electronics,257.5,541.1,46.61,No,242.1,
16-06-2022,ELECTRONICS,353.5,285.4,45.24,0,324.8,
10-Apr-20,office supplies,310.1,875.2,91.68,0,288.9,
07-12-2020,Apparel,NULL,769.5,170.13,FALSE,465.2,
06-11-2021,groceries,311,806.1,106.37,N,281.8,
22-06-2022, Beauty,495.2,1021.4,166.84,N,448.1,
07-07-2021,Furniture,294,990.2,75.38,0,287.8,
06-13-2020,pet supplies,276,776.7,193.68,No,257.8,
09-Sep-22,AUTOMOTIVE PARTS,331.1,-,226.6,0,329.1,
18-May-20,BEAUTY,368.6,1118.8,163.86,0,363.6,
09-Nov-22,Toy,352,565.7,243.24,0,349.2,
18-11-2021,Beauty,414,985.4,165.7,N,428.4,
03-Jun-21,electronics,312.8,507,47.24,No,323.3,
15-05-2021,Sporting_Goods,759.1,1333,128.14,TRUE,780.5,
22-07-2021, Electronics,237.5,471.2,45.66,0,218.7,
18-11-2022,Auto Parts,403.7,464.8,215.6,0,375.1,
08-12-2020,Furnture,290.1,820.7,74.42,0,267.2,
06-09-2022,automotive parts,337.2,542.1,216.13,FALSE,305.6,
03-Sep-22,AUTOMOTIVE PARTS,310.7,531.9,218.87,0,282.7,
12-08-2020,office supplies,290.1,874.9,89.23,0,296.9,
13-Sep-21,Electronic,142.3,477.9,46.49,0,148.3,
03-03-2020, Electronics,224.1,514.6,46.54,0,204.8,
25-12-2020,pet supplies,328.5,826.3,Rs.203.14,0,310.4,
02-Dec-22,apparel,546.3,1385.7,170.52,0,561.5,
18-05-2021,Apparel,390.7,1327.8,167.48,0,351.7,
21-01-2022, Beauty,408.3,982.6,164.07,0,421.2,
04-11-2022,OfficeSupplies,485.7,735.7,92.25,0,461.8,
27-01-2020,GROCERIES,228.6,691,$109.98,0,231.3,
08-Oct-21,APPAREL,538.5,1307.8,168.33,0,495.2,
07-Mar-22,pet supplies,266.7,827.6,195.82,No,275.1,
18-Feb-21,"  SPORTING GOODS	",533.3,1370.4,127.35,0,495,
01-04-2023,Auto Parts,412.8,486.9,211.16,FALSE,420.6,
19-10-2022, Beauty,397,992.4,166.67,0,400.8,
01-05-2021,Auto Parts,353.1,645.3,214.76,0,368.3,
08-26-2020,"  Toys	",464,633.7,233.28,1,462.4,
02-Jan-20,beauty,301.6,1023.4,161.52,0,300.4,
10-Nov-21,PetSupplies,375.4,817.2,192.4,0,376,
16-02-2022,BEAUTY,538.3,1028.4,160,TRUE,999999,
16-May-21,PetSupplies,316.4,-887.2,195.74,Y,missing,
25-11-2021,Electronic,241,393.7,44.86,0,236.1,
11-09-2022,PET SUPPLIES,355.5,-732.7,195.87,0,372.1,
15-11-2022,Beuaty,331.6,1003.6,167.89,0,308,
25-Apr-22,Pet Supplies ,272.6,857.3,204.42,0,283.1,
19-06-2022,Electronis,283.4,304.6,46.11,No,,
08-26-2022,OfficeSupplies,433.3,708.4,90.3,No,430.7,
07-May-22,Pet Supplies ,295.6,470.2,197.9,0,57.4,
13-08-2022,SPORTING GOODS,577.5,-1423.5,132.33,0,600.5,
23-11-2020,Sporting Goods,384.9,1402.9,126.48,FALSE,398.3,
31-03-2020,Grocery,218.5,664.8,107.9,0,225.3,
17-Mar-20,sporting goods,481.1,1432.6,128.65,0,440.9,
02-12-2022,pet supplies,457.6,667.4,196.46,No,463.5,
08-14-2020,"  BEAUTY	",403.7,,167.26,0,378.8,
02-04-2020,ELECTRONICS,274.4,486.8,47.71,FALSE,248.8,
08-07-2022,Groceries,339.4,766.9,109.11,0,348.7,
20-Dec-21,Beuaty,287.4,1009.7,162.1,FALSE,278.5,
10-06-2020,Electronic,NA,525.8,46.29,0,98.7,
10-02-2022,Auto Parts,371.1,null,212.72,1,348.2,
10-18-2022,OfficeSupplies,426.5,755.4,90.37,0,436.8,
03-05-2022,Pet Supplies,-,825.4,190.28,FALSE,290.9,
04-11-2021,Electronic,198.6,414.2,46.78,0,184.5,
12-21-2022,Electronics,279.2,279.9,46.68,FALSE,289.8,
06-13-2022,Apparel,418,1426.9,171.56,0,4273,
01-12-2020,"   Apparel	",583.4,1257.2,166.2,Y,587.8,
14-Aug-20,electronics,179.1,527.9,47.68,0,174.2,
07-01-2020,Automotive-Parts,296.4,839.7,217.75,0,286.8,
07-Jul-22,SPORTING GOODS,573.3,1370.7,128.05,FALSE,553.7,
24-01-2022,beauty,NA,1030,170,FALSE,334,
06-12-2022,FURNITURE,361.5,1126.8,73.2,FALSE,361.4,
02-Jul-21,office supplies,-526.7,885.9,93.74,TRUE,481.6,
29-07-2021,Toy,384.3,625.8,232.52,No,375,
28-08-2022,office supplies,365.3,737,89.79,FALSE,382.6,
25-Aug-22,Beuaty,475.9,941,166.39,FALSE,494.8,
19-02-2021,apparel,490.2,1253.3,172.99,FALSE,510.4,
06-18-2021,Office Supplies,446.8,913.3,87.97,TRUE,418.5,
14-06-2021,Electronic,227.9,527,46.55,FALSE,228.3,
14-Oct-21,Furniture,589.3,999.3,73.15,TRUE,538.3,
19-01-2020,APPAREL,424.7,1219.4,169.25,0,425.7,
08-02-2022,Furniture,308.1,1152.1,70.7,0,315.7,
10-10-2020,Furniture ,378.6,776.6,73.82,0,361,
30-07-2021,sporting goods,587.3,1316.7,125.18,0,562,
26-05-2020,Apparel,371.2,1314.8,167.21,No,350,
18-08-2020, Toys,366.6,-638.3,228.9,FALSE,338.7,
10-Aug-21,PetSupplies,263.5,816.5,197.77,0,,
15-01-2020,office supplies,366.6,,89.18,No,345.3,
12-May-21,Grocerys,280,688.8,111.08,0,292.8,
29-11-2022,Pet Supplies ,355,694.7,198.03,0,371.5,
07-10-2021,Toys,358.7,null,229.64,FALSE,362,
03-03-2022,"  Automotive-Parts	",419.1,601.2,218.12,0,415.8,
03-01-2022,office supplies,402.4,779.8,89.48,0,398.5,
10-Jan-21,ELECTRONICS,235.6,559.3,47.47,0,245.2,
20-11-2021,"  Sporting_Goods	",508.3,-1436.4,129.52,0,485.4,
30-12-2022,pet supplies,408.4,666.8,196.15,FALSE,-,
04-29-2020, Office Supplies,301.7,-897.2,90.75,N,293.8,
29-06-2022, Apparel,418.7,1418.2,169.55,No,418.6,
13-Jan-20,groceries,207.1,692.5,109.21,FALSE,210.6,
16-01-2021,Toys,275.7,324.7,234.85,0,268.5,
19-04-2021,GROCERIES,252.2,640.8,104.56,0,229.1,
12-13-2020,"  OfficeSupplies	",387.1,841.3,88.1,0,364.2,
27-Jan-22,pet supplies,325.5,837.9,195.5,0,339.5,
07-13-2020,Sporting Goods,491.1,1372.7,126.01,0,496,
25-12-2020,Beauty,384.8,-,160.04,N,375.4,
06-03-2021,Furniture,202.5,923.1,74.14,0,196,
05-03-2021,Pet Supplies ,313.5,824,196.84,0,327.9,
02-02-2020,Apparel,409.2,1229.8,172.05,FALSE,382.8,
09-Jul-22,groceries,331.7,NA,109.91,FALSE,302.4,
04-11-2020,Pet Supplies,342.3,,196.75,0,317.7,
20-10-2021,electronics,175,427.7,46.81,FALSE,182,
08-20-2022,Office Supplies,551,714.8,89.22,TRUE,501.2,
05-12-2020,Sport Goods,496.8,855.7,125.24,FALSE,455.1,
10-11-2021,automotive parts,315,660.2,$222.68,0,320.5,
21-02-2022,AUTOMOTIVE PARTS,399.2,608.5,Rs.216.25,FALSE,370.2,
06-17-2021,Electronic,267.7,null,48.61,FALSE,277.2,
14-08-2020,APPAREL,424.4,1243.8,168.65,No,444.8,
06-Jul-21,Automotive-Parts,282.6,684.3,220.12,0,271.5,
03-05-2020,Electronics,388,491.7,46.9,TRUE,362.6,
04-13-2021,SPORTING GOODS,533.4,1339.4,132.59,0,,
10-31-2021, Office Supplies,404.3,828.9,,0,373.4,
12-09-2021,"  automotive parts	",267.3,697,216.06,0,244.2,
21-Oct-22, Beauty,440.3,968.5,165.46,No,444.8,
04-08-2022,furniture,367.6,1126.7,75.1,0,382.2,
03-06-2021,SPORTING GOODS,948.1,1294.9,129.96,Y,860.9,
20-11-2022,AUTOMOTIVE PARTS,349,493.3,215.79,0,339.6,
02-Jul-20,Furniture ,275.8,556.9,74.46,FALSE,264.1,
06-12-2022,beauty,367,985.2,167.53,FALSE,345.2,
02-14-2021,Pet Supplies,255.6,,197.44,0,NULL,
23-Oct-20,AUTOMOTIVE PARTS,297.6,706.5,214.75,FALSE,302.6,
03-02-2020, Apparel,422.6,1230.8,164.21,0,?,
24-07-2020,Grocery,255.9,603.3,108.53,0,237.2,
01-Aug-21,Electronic,-,-490.1,46.21,FALSE,182.1,
04-05-2021,Furnture,278.1,1012.2,74.02,TRUE,277.6,
08-30-2020,Groceries ,217.7,593.5,105.29,FALSE,missing,
06-17-2022,beauty,null,1039.2,168.59,0,,
24-Dec-21, Electronics,267.2,248.6,$45.1,0,262.7,
24-09-2021, Apparel,453.4,1348,165.34,0,446.8,
09-04-2022,Pet Supplies,415.2,850.6,193.19,1,376.3,
24-Oct-20,Groceries,290.6,399.6,106.42,0,275.1,
04-08-2020,Sporting Goods,540.8,1356.4,$130.7,0,542,
02-29-2020,automotive parts,392.2,536.3,220.38,0,361.8,
06-Jan-20,Automotive-Parts,271.4,844.2,223.34,FALSE,247.1,
17-03-2022,FURNITURE,239.8,1112.2,74.65,N,251.3,
07-12-2022,Pet Supplies ,389.8,685.3,202.93,FALSE,404.3,
30-09-2021,Apparel,529.2,1312.3,170.09,0,537.2,
22-Sep-21,AUTOMOTIVE PARTS,271.3,708.1,217.2,N,255.2,
11-13-2022,TOYS,322.4,999999,234.18,0,290.5,
07-29-2022,BEAUTY,474.5,934.6,167.38,FALSE,469.9,
10-Sep-20,SPORTING GOODS,479.4,1350.2,130.37,FALSE,467.4,
06-Oct-20,OfficeSupplies,1062.9,840.1,89.75,No,303.3,
05-30-2022,Auto Parts,310.8,511.8,$217.85,0,291,
31-Oct-21,Pet Supplies,382.5,825,204.95,N,371,
11-Jul-20,apparel,601,1300,$178.3,Y,622.9,
14-10-2021,APPAREL,615.7,1323,171.99,1,607.8,
10-01-2020,Auto Parts,-330.3,831,218.71,0,341.8,
29-08-2022,PET SUPPLIES,359.7,745.6,195.16,FALSE,361.4,
21-01-2020,"  OfficeSupplies	",348.6,904.7,90.12,0,339.3,
23-01-2022,Pet Supplies ,321.8,845.5,199.66,0,302.9,
05-09-2020,Toys,NA,724.9,234.76,0,276.8,
10-Feb-22,AUTOMOTIVE PARTS,643.6,-,213.1,TRUE,604.3,
04-28-2022,Sporting_Goods,NA,1425.6,129.14,FALSE,597.6,
29-10-2022,Sporting Goods,,1448.6,132.18,No,520.3,
27-12-2020,"  PetSupplies	",323.3,834,198.13,FALSE,314.2,
21-11-2021,automotive parts,327.8,658.6,209.97,0,334.1,
30-03-2021,electronics,305,472.1,47.27,0,307.7,
04-07-2021,Appearl,420.5,1298.1,167.37,0,420.2,
02-09-2022,Electronic,315.2,NA,45.34,No,323.8,
29-03-2022,Furnture,-209,1135.8,77.09,0,193.3,
20-06-2021,ELECTRONICS,234.5,517.5,46.89,0,232.6,
20-07-2020,groceries,182.7,625.3,107.1,No,184.5,
11-16-2021,Furniture ,352.7 units,1014.8,76.31,0,353.9,
17-11-2021,BEAUTY,368.7,997,163.05,FALSE,339.9,
11-02-2020,Automotive Parts,327,806.6,,0,326.4,
11-23-2022,TOYS,310.8,568.4,237.33,0,296.4,
23-07-2021,Sporting_Goods,549.1,NA,Rs.125.06,FALSE,554.2,
08-05-2021,automotive parts,282.5,668.1,218.4,0,284.3,
05-Feb-22,TOYS,304.7,675.1,235.92,No,285.4,
24-04-2022,Toys,285.9,626.8,232.19,0,272.3,
11-04-2020,Automotive-Parts,270.5,672.1,221.85,FALSE,282.6,
05-10-2020,BEAUTY,323.1,1090.9,168.23,N,333.5,
14-12-2021,"  Auto Parts	",344.5,646.5,213.48,0,339.1,
03-11-2020,Sporting_Goods,437.4,1418.1,129.9,0,415.1,
19-08-2021,Electronics,235.5,504.3,46.29,0,236.6,
05-07-2021,beauty,388,1007.4,159.55,0,387.6,
24-10-2020,OFFICE SUPPLIES,404.6,807.2,89.32,FALSE,364.6,
05-27-2022,OFFICE SUPPLIES,383.5,713.4,89.49,0,373.4,
12-Oct-20,pet supplies,311.8,809.8,202.37,0,323.3,
07-06-2021,office supplies,269.5,911.7,89.23,0,N/A,
10-10-2022,Automotive-Parts,285.3,526.3,225.73,0,297.4,
01-09-2022,beauty,336.2,995.3,168.04,FALSE,302.7,
26-Sep-20,"  Toy	",314.4,-627.3,237.52,0,303.1,
11-04-2021,PET SUPPLIES,246.6,NA,194.95,0,229.5,
16-08-2021,Sporting_Goods,497.2,1343.3,130.15,FALSE,?,
30-11-2021,TOYS,286.6,673.8,233.37,No,278.6,
11-04-2020,OfficeSupplies,363.5,819.5,$88.3,0,331.2,
02-Aug-20,Apparel,401.2,1273.3,169.04,0,414.4,
16-11-2020,BEAUTY,404.2,1103.1,168.03,1,379.6,
20-11-2021,Pet Supplies,408,796.4,194.46,N,386.8,
02-14-2021,Groceries ,301.2,588.2,104.51,FALSE,311.8,
30-12-2021,APPAREL,521.9,1301.1,166.86,0,501.2,
07-30-2021,office supplies,531.2,818.3,94.26,TRUE,508.2,
10-08-2020, Apparel,371.9,1257.5,167.77,FALSE,389.9,
31-03-2022,apparel,490.1,1329,173.53,N,486.2,
21-11-2022,pet supplies,334.5,723,195.4,0,331.5,
08-21-2022,Apparel,448.2,1428.8,172.58,No,N/A,
21-Oct-22,furniture,374.1,1125.8,76.54,N,382.3,
10-03-2021, Electronics,303.4,489,46.44,0,284.3,
14-10-2021,automotive parts,298.7,687.2,214.67,No,305.5,
05-02-2020,Groceries ,248.9,700.9,104.3,0,229.2,
30-11-2021, Beauty,332.2,985.9,161.83,0,341.7,
25-03-2020,Furnture,154.7,785.4,73.23,0,140.2,
02-20-2021,Auto Parts,386.7,-626.1,N/A,0,405.3,
11-01-2021,FURNITURE,235,877.2,75.44,0,213.7,
07-10-2020,Groceries,238.9,601.2,110.06,0,245.5,
29-Oct-21,Pet Supplies ,404.9,819.5,204.6,0,416.8,
01-01-2022,Beauty,335.1,1011.6,166.53,FALSE,344.2,
17-Jul-22,"   Beauty	",416.9,964.2,Rs.170.52,0,386.5,
28-05-2022,groceries,350.7,744.9,105.82,FALSE,359.1,
05-04-2020, Apparel,399.3,1283.5,168.02,No,401,
30-Mar-21,Apparel,396.4,1293.8,174.55,0,373.2,
11-01-2021, Apparel,409.4,1284.4,166.64,FALSE,-,
06-02-2022,OFFICE SUPPLIES,388.1,474.5,89.34,0,77.5,
22-05-2022,pet supplies,299.5,819,197.2,0,271.8,
30-04-2020,PET SUPPLIES,276.3,806.6,192.35,No,277.4,
06-02-2021,OfficeSupplies,392.9,866,91.05,0,N/A,
17-04-2021,Furnture,237,966.1,76.65,No,246.6,
15-04-2020,office supplies,308.5,902.2,missing,0,2816,
08-07-2021,Electronis,262.6,490,45.87,0,271,
18-Jun-20,Grocerys,246.1,609.6,106.86,0,224.8,
15-Nov-21,Automotive Parts,317.3,NULL,213.22,0,318.2,
25-Jul-22,"  electronics	",,283.9,45.49,FALSE,216.9,
31-08-2022,"  Sporting Goods	",578.8,1428.1,134.35,0,541.7,
15-Apr-21,apparel,638.7,1307.5,169.53,Y,636.1,
10-09-2022, Electronics,263.8,193.6,46.17,0,256.2,
08-06-2021,Sporting_Goods,536.6,1321.4,126.6,0,492.7,
18-12-2022,Beauty,363.9,970.8,164.18,0,356.5,
06-01-2021, Electronics,247.9,548.3,46.85,N,250.3,
29-03-2022,AUTOMOTIVE PARTS,385,580,215.41,0,399.8,
01-05-2022,BEAUTY,missing,1025.9,162.59,FALSE,NULL,
03-16-2021,Automotive Parts,322.3,missing,214.04,N,3332,
03-01-2020,Pet Supplies,931.2,803.9,192.42,0,295,
18-05-2022,Office Supplies,340.5,717.6,?,N,309.2,
20-Nov-21,toys,330.6,645,240.18,No,300,
04-05-2021,office supplies,285.9,893.1,89.97,0,291.5,
03-24-2021,Groceries,313.2,624.1,107.01,0,311.4,
30-10-2022,Auto Parts,337.7,501.1,221.31,0,305.8,
13-03-2020,GROCERIES,404.2,639.6,107.13,1,369,
07-12-2020,OFFICE SUPPLIES,257.5,895.7,88.16,0,241,
15-06-2020,"  Office Supplies	",200.9,999999,91.62,No,199.1,
15-02-2022,Pet Supplies ,425.9,854.3,193.95,Y,443.4,
29-03-2020,AUTOMOTIVE PARTS,328.9,-793.9,217.69,0,320,
01-Oct-20,APPAREL,413.5,1248.1,165.27,0,377.5,
21-Jan-20,Sporting Goods,429.7,1455.1,127.45,0,431.7,
20-Aug-21,furniture,373.3,969.5,73.58,0,379.4,
06-03-2022,Pet Supplies,286.2,817.1,194.81,FALSE,277.1,
17-04-2022,Furniture ,205,1149.8,74.27,0,214.3,
02-12-2022,BEAUTY,434.2,977.7,$162.42,N,454.6,
21-12-2022,Groceries ,403.8,746.1,107.97,0,366.7,
06-01-2022,Grocery,386.4,802.9,105.11,No,362.5,
06-08-2020,"  OFFICE SUPPLIES	",337,868.6,89.49,FALSE,334.5,
02-14-2022,OfficeSupplies,376,745.3,93.01,0,393.7,
10-20-2020,PetSupplies,301.4,832.9,195.66,0,293.2,
25-04-2020,Automotive Parts,317.9,806.7,null,No,329.6,
02-02-2022,OFFICE SUPPLIES,453.7,722.1,91.73,FALSE,409.3,
29-07-2021,BEAUTY,455.1,1024.2,167.34,N,438.5,
01-04-2022,Auto Parts,401.2,572.1,221.5,0,410.7,
11-01-2021,office supplies,347.1,887.4,88.94,0,,
14-10-2022,PetSupplies,448.8,720.9,187.04,N,438.7,
26-01-2021,Automotive-Parts,329,603.6,$214.19,0,319.3,
30-07-2021,PET SUPPLIES,457.1,765.9,201.03,1,460.6,
30-07-2020,Clothing,416.7,1279.4,999999,0,385.8,
09-02-2022,"  Groceries 	",365.6,793.3,109.4,0,379.3,
13-Dec-22,Electronic,253.5,303,48.08,0,234.7,
05-28-2021,Sport Goods,572.0 units,1308.9,128.7,No,520.6,
02-Jul-22,Beauty,493.3,-992.3,168.84,FALSE,485.6,
11-18-2022, Toys,360.5,551.7,236.37,0,378.2,
29-12-2020,Auto Parts,NA,587.7,216.23,FALSE,999999,
24-02-2022,AUTOMOTIVE PARTS,409.7,605.1,217.11,N,406.5,
06-10-2020,beauty,329.7,1093.2,167.1,No,322.3,
02-07-2020,Grocerys,-299.3,672.8,105.75,No,281.4,
12-11-2020,pet supplies,463.3,-777.9,192.37,1,426.7,
29-10-2022,GROCERIES,374.8,773.3,$105.97,FALSE,342,
04-13-2021,Automotive-Parts,290.2,-618.3,-,FALSE,272.6,
30-10-2020,Groceries ,448.8,583.1,105.47,Y,434.3,
25-08-2021,Sport Goods,507.6,N/A,125.45,No,468.7,
02-09-2022,Pet Supplies,331.8,828.1,203.94,0,320.7,
14-09-2022,furniture,523.3,1162.7,75.31,1,525,
27-09-2022,Furnture,372.3,1141.5,73.81,0,379.2,
27-12-2021, Apparel,445,1321.5,172.62,0,412.1,
04-08-2020,Toy,237.5,750.2,231.52,0,230.2,
18-11-2020,"  Electronis	",-172.4,529.4,45.59,N,178.7,
02-Dec-20,PET SUPPLIES,330.3,764.8,201.11,0,301.2,
20-12-2022, Beauty,358.7,972.5,161.06,0,328,
01-06-2022,PetSupplies,387.2,815.1,198.42,Y,369.6,
08-22-2020,OfficeSupplies,289,875,91.47,0,293.4,
20-06-2022, Office Supplies,293,721.1,91.05,FALSE,303.5,
30-Mar-20,Toys,209.8,764.8,238.81,0,199,
02-Aug-21,"  Apparel	",380.4,1288.9,167.83,0,381.1,
05-14-2021,Automotive-Parts,349.1,678.1,NULL,0,344.1,
27-10-2021,SPORTING GOODS,532.2,1397,126.71,0,516.2,
08-18-2020,OfficeSupplies,270.2,873,85.59,0,278.7,
07-08-2022,furniture,330.6 units,1137.8,74.52,0,334.4,
17-07-2020,Electronic,189,-546.2,46.43,FALSE,172.4,
14-09-2022,Groceries ,327.8,784.2,108.34,No,324.7,
26-01-2022,Sporting Goods,535.5,1413.5,126.94,No,555.3,
04-06-2022, Electronics,340,305.8,45.32,0,320.7,
07-07-2020, Electronics,175.4,548.3,47.05,0,162.1,
19-07-2022,Grocery,269.9,804.2,106.23,0,256.5,
10-04-2022,apparel,442.3,1358.5,174.44,0,451.3,
11-06-2021, Office Supplies,352,902.7,89.72,N,326.5,
25-01-2020,electronics,216,-514.7,$46.89,0,194.8,
15-Mar-21,PET SUPPLIES,220.5,847.8,195.05,0,220.1,
27-04-2020,Beauty,329.7,1082.7,159.62,0,324.1,
11-Jan-22,Electronic,309,352.1,46.25,1,323.9,
07-05-2021,ELECTRONICS,306.8,356.7,46.06,0,286.2,
24-09-2022,furniture,405.7,?,76.03,0,387.1,
02-02-2020,office supplies,361.2,892.8,90.43,No,348.8,
13-05-2020,Furniture,198.7,780.8,78.28,0,1791,
28-Nov-21,OfficeSupplies,442.1,788.7,87.03,0,438.3,
22-08-2022,BEAUTY,415.8,952.9,163.05,0,394.9,
05-12-2020,Furniture ,330.6,810.7,74.27,FALSE,298.7,
02-15-2022,Groceries,456.2,779.3,106.49,Yes,464.8,
10-03-2022,pet supplies,NA,798,193.02,0,?,
19-01-2021,PET SUPPLIES,261.1,833.9,193.84,FALSE,263.4,
14-04-2022,Beauty,491.3,994.6,162.7,No,513.7,
26-Nov-20,furniture,348.4,806.5 pcs,75.61,FALSE,363.8,
04-08-2022,PetSupplies,359,749.3,192.65,0,369.7,
04-Nov-22,TOYS,370.2,574.1,Rs.231.03,FALSE,339.4,
06-May-22,Grocery,390.6,748.9,105.8,0,389.4,
06-Oct-20,apparel,409,1249.4 pcs,Rs.161.7,0,3822,
06-10-2021,automotive parts,315.4,686.2,222.27,0,303.7,
25-07-2022,Groceries ,270.4,803.5,106.71,N,251.5,
19-06-2020,FURNITURE,258.8,783.6,74.03,0,257.8,
02-01-2020,Sporting_Goods,missing,1419.1,null,N,535.7,
20-08-2021,automotive parts,285.6,675.9,207.73,0,266.2,
09-Apr-21,OfficeSupplies,363.8,870,88.57,0,353.6,
25-04-2021, Office Supplies,303,-937.8,90.79,N,286.8,
13-04-2020,Furniture ,164,786.4,75.76,FALSE,158.4,
15-Sep-20,Beuaty,336.1,1065.2,168.68,0,331.5,
18-03-2020,Beuaty,369.1,1118.7,Rs.161.85,0,349.4,
29-02-2020,Grocery,NA,702.1,$105.5,No,262,
15-Jan-21,Automotive-Parts,360,597.8,219.2,FALSE,missing,
12-04-2021,Furniture,174.8,998.2,73.95,0,172.4,
27-12-2020,Toys,314.4,636.3,241.71,1,287.8,
11-15-2020,Electronis,216.8,527.6,47.86,Y,220.3,
28-12-2021,Clothing,447.1,1322.2,168.26,0,422.1,
01-Nov-21, Office Supplies,392.9,831.4,$86.37,0,393.7,
03-Jul-21,Sporting Goods,570.3,1315.4,128.21,FALSE,592.5,
16-07-2022,Beauty,470.7,951.1,167.37,No,483.6,
17-Sep-22,Sporting Goods,561.8,1440.1,129.41,FALSE,?,
26-07-2022,OFFICE SUPPLIES,471.5,685.7,Rs.91.66,1,462.9,
08-05-2020,furniture,210.1 units,789.6,73.35,No,217,
12-09-2020,OFFICE SUPPLIES,295.6,-,86.18,0,289.5,
05-07-2022, Beauty,454.7,997.7,165.3,N,454.2,
03-Sep-22,Clothing,492.5,1380.7,$170.57,N,486.9,
11-02-2021,Pet Supplies,319.5,812.6,192.87,N,328.9,
06-08-2020,"  SPORTING GOODS	",680.2,1338.3,122.48,1,652.4,
03-01-2021, Toys,250.2,627.7,234.84,FALSE,234.1,
12-07-2020,Beauty,243.7,missing,NA,0,254.6,
13-09-2020,furniture,518.7,814.3,73.83,TRUE,486.9,
01-Jun-22,office supplies,346.2,719.1,89.16,FALSE,362.2,
01-21-2020,"   Apparel	",428.7,1226.6,175.51,0,446.7,
04-Jan-20,PetSupplies,306.4,809.5,200.14,FALSE,309.4,
03-03-2021,Electronis,288.7,498.8,46,0,301.5,
28-10-2021,Grocerys,317,?,108.83,0,319.8,
16-05-2022,Beuaty,612.7,1036.3,161.61,1,603,
05-21-2020,Furnture,195.3,463,71.05,N,45.7,
30-06-2021, Toys,303.3,649.5,233.38,FALSE,313.8,
11-14-2021,apparel,450.4,1294.9,Rs.166.69,0,465.8,
12-25-2020,"  Furniture	",299.2,867.5,73.42,0,281.9,
14-10-2020,Pet Supplies,347.3,793.3,196.02,0,318.9,
30-09-2020,OfficeSupplies,320.4,827.8,89.26,0,304.4,
05-10-2022,Electronic,218.1,N/A,44.55,0,201.1,
19-02-2021,Toy,244.5,627.2,240.01,FALSE,237.9,
11-05-2021, Apparel,380.8,1321.7,172.74,0,347,
08-20-2020,Auto Parts,267.1,510.9,215.27,FALSE,278.6,
25-09-2022,apparel,477.8,1356.9,167.88,0,444.2,
17-10-2022,office supplies,398.6,766.4,91.38,0,394.7,
14-08-2020,office supplies,350.4,null,89.56,No,316.7,
01-03-2021,FURNITURE,295.6,853.1,75.67,FALSE,271.2,
08-04-2021,Toys,268.6,625.1,237.51,0,242,
05-15-2020,BEAUTY,407.3,1104.8,Rs.168.19,0,385.1,
07-31-2021,toys,?,649.1,243.12,0,335.7,
10-06-2021,OFFICE SUPPLIES,351.3,912.9,93.55,0,367.2,
04-04-2021,Automotive Parts,342.1,608.1,211.78,0,358.2,
27-09-2021,Sport Goods,479.1,1404.3,131.86,0,462.3,
07-26-2021,Toys,null,647.6,236.51,0,319.4,
01-08-2021,Furniture,326.2,845.7,76.37,0,317.4,
31-05-2021,GROCERIES,253.1,705.7,999999,No,229,
05-Jan-20,Apparel,407.2,1216.3,171.24,0,422.8,
22-02-2022,Apparel,-428.8,1313.1,168.29,No,424.2,
11-Aug-22,OFFICE SUPPLIES,395.6,685.2,88.89,0,371.3,
10-Aug-21, Office Supplies,373.2,824.6,89.91,TRUE,381,
29-Sep-21,Sporting Goods,453.6,1423.9,?,0,4335,
01-12-2020, Toys,251.2,635.9,$229.81,N,missing,
05-04-2022,Toy,329.6,593.1,-,No,317.5,
21-03-2022,BEAUTY,380.6,1024.4,161.89,No,345.5,
06-03-2021,Office Supplies,386.7,874.2,91.87,0,398.4,
29-09-2020,groceries,203.9,596.5,106.18,0,188.3,
12-10-2021,Apparel,448.6,1335.5,172.27,0,413.2,
22-05-2022,"  Electronics	",309.2,327.4,46.46,0,309.3,
07-08-2020,Appearl,468.7,1237.4,174.27,N,439.1,
28-10-2022,automotive parts,335.8 units,499.1,212.07,0,325.8,
31-05-2020,"  PetSupplies	",?,838.2,200.76,0,241.1,
18-Aug-20,Automotive-Parts,220.8,762.2,216.05,0,222.2,
01-06-2021,"  Clothing	",387.9,1309.1,171.65,0,351.7,
11-11-2020,Electronic,152.6,516.1,46.91,0,158.9,
19-12-2021,Auto Parts,336.1,668,216.82,No,304.9,
10-17-2020,BEAUTY,366.5,1074.7,169.94,FALSE,377.4,
27-10-2022,Electronis,258.2,285.6,47.76,0,233,
27-01-2020,OfficeSupplies,303,926.6,89.59,FALSE,304.6,
06-Sep-21,Toy,999999,625.2,236.53,0,326.1,
14-09-2021,toys,318,647.2,242.7,No,303.5,
03-09-2022,groceries,393.8 units,746,107.32,FALSE,394.9,
21-11-2020,"  Pet Supplies	",341.2,763.5,195.7,0,343.7,
06-18-2020,beauty,427.9,1118.3,161.61,0,431.9,
19-07-2020,Grocerys,178.7,627.1,$105.87,N,183,
12-07-2020,Electronics,156.2,360,46.12,N,155.9,
01-01-2023,ELECTRONICS,314.4,273.7,46.77,0,324.7,
08-16-2020,Office Supplies,263.4,880.4,90.57,0,241.1,
01-10-2020,Pet Supplies ,369.5,793.8,197.46,No,353.1,
06-04-2020,Sporting Goods,504.8,1369.1,128.13,0,507.8,
27-10-2021,Clothing,480.6,1327.1,172.1,0,433.8,
04-11-2021,Toy,437,644.5,240.66,Y,422.4,
22-10-2020,sporting goods,489.5,1398.9,127.48,No,507.3,
13-09-2021,Toys,294.9,651.5,234.37,0,272.4,
17-Jan-20, Electronics,226.8,519.8,47.96,0,237.7,
01-07-2022,toys,370.9,577.1,229.1,0,384,
25-02-2022,Auto Parts,404.5,606.2,216.23,0,418.2,
10-11-2022,sporting goods,478.8,1459.6,-,No,465.5,
03-02-2020,Pet Supplies,224.1,846.1,200.93,FALSE,220.1,
26-Oct-21,automotive parts,1060.1,-678.4,221.55,0,297.3,
10-26-2022,Pet Supplies ,398.8,720.9,197.35,0,366.2,
21-12-2020,Beuaty,264.3,1058.4,162.52,FALSE,242,
13-06-2022,Groceries ,299.4,770.5,106.81,FALSE,300.6,
24-01-2020,Automotive Parts,348.2,810,220.09,0,318.7,
11-15-2022,AUTOMOTIVE PARTS,994.7,511.6,220.67,0,321.6,
27-05-2021,Automotive-Parts,340.9,685.2,222.81,0,?,
05-11-2022,Grocerys,-370.1,764.3,108.38,N,365.3,
11-01-2020,Automotive-Parts,348.1,818.4,217.08,FALSE,330.6,
17-08-2021,Sporting_Goods,413.4,999999,127.19,0,375.7,
10-Jun-20,"  Electronis	",207.1,567.1,48.09,0,214.7,
07-Sep-21,OFFICE SUPPLIES,315.8,832.4,91.48,0,N/A,
06-Feb-20,Automotive Parts,350.2,784.3,212.92,FALSE,327.3,
03-07-2021,Groceries,292.8,631.6,108.26,0,294.6,
07-02-2022,pet supplies,259.7,858,$198.74,0,265.7,
01-Apr-20,Furniture ,NA,787.6,73.71,No,172.8,
11-Apr-20, Apparel,427.2,1286.4,172.65,FALSE,387.4,
09-08-2021,BEAUTY,375.4,1038.1,165.51,FALSE,360,
04-29-2022,Grocerys,369,745,110.46,0,359.3,
05-17-2022,Toy,343.7,575.5,232.03,N,352,
03-Jul-20,PET SUPPLIES,283.7,769.3,193.34,FALSE,NULL,
24-Feb-21,Beauty,327.9,964.9,missing,0,343.1,
14-03-2021,Sporting Goods,537.4,1360.7,120.25,FALSE,489.1,
22-07-2022,pet supplies,537.1,395.7,203.2,1,26.9,
14-09-2021,pet supplies,331.9,800.5,196.96,0,301.3,
18-08-2021,Furnture,370.6,-967,72.94,0,?,
04-10-2020, Beauty,511.7 units,1107.8,163.25,Yes,515.2,
06-10-2021,beauty,382.3,1003.7,165.73,0,376.6,
01-07-2021,electronics,262.6,501.9,46.14,0,243.5,
15-04-2022, Beauty,458.9,1002.7,164.56,No,461.4,
04-10-2020,Appearl,420.7,1243.3,169.68,FALSE,407.8,
16-Jul-20,sporting goods,564.9,1352.7,125.67,0,513.2,
10-May-21,AUTOMOTIVE PARTS,274.6,691.9,218.92,0,248.8,
02-01-2020,groceries,302.1,649.9,108.64,0,315.7,
05-09-2021,OfficeSupplies,315.5,929.8,89.83,FALSE,313.2,
14-03-2020,Beuaty,331.9,1125.8,166.08,N,319.1,
30-Apr-22,apparel,498.9,1390.1,175.15,0,486.4,
08-01-2020,Automotive Parts,314.7,833.4,212.43,0,284.5,
12-22-2021,Grocerys,354,814.6,107.81,0,338.8,
26-01-2021,Groceries ,280,570.4,107.74,0,281.2,
04-17-2022,toys,302.5,639.3,245.37,0,291.5,
05-04-2021,Auto Parts,332.9,618.5,213.03,0,317.3,
18-Dec-21,Auto Parts,335.7,672.7,226.19,FALSE,322.5,
23-Jun-22,sporting goods,N/A,,131.59,0,550.4,
07-05-2020,office supplies,280.8,NULL,89.27,0,253.8,
05-11-2022,AUTOMOTIVE PARTS,352.6,518.2,217.34,N,357.1,
10-18-2022,PetSupplies,383.4,729,195.98,N,378.3,
27-07-2021,"  TOYS	",344.2,645.3,242.45,0,322.2,
25-05-2020,GROCERIES,NA,619.4,108.1,1,291.4,
09-11-2020,Furniture ,349,801.3,72.32,FALSE,360.1,
05-03-2022,Furniture ,260.6,1102.8,75.6,0,234.8,
08-12-2021,Pet Supplies ,355,N/A,199,No,372.6,
10-02-2020,PetSupplies,247.3,827.4,194.94,0,241.9,
03-Mar-21,Pet Supplies ,264.9,999999,200.14,0,271.4,
30-09-2020,Groceries ,239.2,587.8,106.53,0,245,
23-May-22, Office Supplies,292,728.3,88.33,0,269.6,
20-01-2022,Sporting_Goods,556.5,1403.6,129.39,N,5495,
06-01-2020, Beauty,383.5,1107.9,163.6,0,386.1,
09-04-2022,Furniture,239.6,1130.6,Rs.75.31,FALSE,220.9,
14-05-2022,Sport Goods,583.5,null,126.68,0,539.8,
12-02-2021,Auto Parts,368.6,655.6,$212.55,0,342,
28-09-2022,Pet Supplies,396.8,735.3,198.33,0,375.8,
25-01-2022,Automotive-Parts,389.2,660.6,216.07,N,387.7,
05-12-2020, Electronics,217.2,516.6,45.08,FALSE,196.7,
28-03-2020,sporting goods,,1383.9,125.26,FALSE,510.5,
18-11-2021,OFFICE SUPPLIES,451,792.6,87.58,0,446.1,
13-10-2020,OFFICE SUPPLIES,?,824.1,91.06,1,400.7,
01-17-2022,Beuaty,321.5,1002.1,167.66,FALSE,336.3,
12-12-2021,Sporting Goods,483.2,1433.8,125.35,0,444,
01-08-2020, Office Supplies,317.7,868.4,92.06,0,317.4,
01-14-2022,FURNITURE,285.8,1081.2,74.7,FALSE,298.9,
22-06-2020,pet supplies,231,815.9,198.48,0,217.3,
03-02-2022,Pet Supplies ,321.6,-838.5,196.7,0,321,
12-08-2022,Clothing,516.3,1402.4,173.6,0,480.6,
28-11-2022,APPAREL,465.4,1411,164.58,FALSE,434.3,
03-22-2022,AUTOMOTIVE PARTS,334.9,609.1,220.33,No,332.1,
15-Aug-21,Electronis,179.2,520.1,46.31,No,163.5,
10-01-2021,groceries,281.5,542.3,106.41,FALSE,293.7,
20-10-2022,AUTOMOTIVE PARTS,339,508.4,228.06,0,326.2,
20-Oct-21, Apparel,458.4,1320.6,?,N,455.2,
07-27-2021, Apparel,409.5,1288.3,175.92,0,390.8,
15-Nov-22,toys,344,551.8,225.04,No,346.7,
25-06-2020,Toy,306.9,663,248.46,N,304.1,
11-12-2020,Automotive-Parts,321,650.8,220.09,0,300.1,
06-22-2022,Auto Parts,324.4,557.3,210.65,0,317.6,
10-Jan-22,furniture,386.6,1079.8,74.76,1,389.5,
16-06-2021, Apparel,386.1,1291.6,167.49,0,360.3,
29-Jul-22,"  Pet Supplies 	",392.6,515.5,196.27,0,376.4,
06-10-2022,APPAREL,540.9,1349.9,167.12,No,532.9,
24-11-2020,Beauty,262.9,1110.2,166.57,0,272.3,
09-01-2022,Sporting Goods,657.3,1440.2,127.34,TRUE,618.8,
10-18-2020,Toy,285.3,627.4,233.21,N,261.8,
29-10-2020,Clothing,447.5,1227,171.2,No,459.9,
15-08-2021,OfficeSupplies,316.5,811.1,92.33,FALSE,324.4,
01-09-2021,Electronic,198.8,496.5,47.64,0,184.7,
07-31-2020,Beuaty,425.1,1085.3,160.38,0,403.9,
17-03-2020,apparel,413.4,1246.6,Rs.165.96,0,410.1,
31-03-2022,Sporting_Goods,595.6,1405.3,128.16,0,614.7,
15-06-2020,"  Furnture	",216.4,788.9,77.03,0,211.7,
06-Jan-22, Office Supplies,501.8,752.3,87.01,FALSE,495.4,
08-05-2020,PET SUPPLIES,305.4,739.3,196.21,0,284.7,
29-11-2021,office supplies,374.9,811,86.44,FALSE,346.7,
21-03-2021,toys,246.5,646.9,236.49,FALSE,226.5,
12-11-2021,TOYS,339.2,650.4,240.55,FALSE,330.9,
13-08-2021,BEAUTY,450.2,1012.7,164.93,FALSE,428.3,
13-03-2022,Apparel,461.1,1330,166.7,0,432.9,
24-05-2022,"  ELECTRONICS	",303,329.3,44.8,0,290.1,
17-10-2020,furniture,345.1,785.9,$77.3,0,337.6,
08-10-2021,PetSupplies,430.6,821,188.9,FALSE,429.8,
28-Feb-21,Beauty,367,975.4,163.6,FALSE,null,
10-10-2021,Electronics,171.3,455,48.57,0,173.4,
29-07-2020,groceries,264.9 units,599.6,107.4,Y,259.7,
27-11-2020,Toy,288.9,617.5,240.49,N,268.7,
09-07-2020,Sporting Goods,534.4,1360.1,128.87,0,521.5,
09-Apr-21,electronics,332.2,462.8,47.42,No,311.1,
11-03-2021, Beauty,440.8,962.2,163.93,0,427.7,
09-06-2020,Furniture ,191.4,790.4,73.86,FALSE,192.1,
13-09-2021, Beauty,340.2,1013.4,$167.22,N,328.6,
02-06-2021,Sporting_Goods,531.5,1315.6,124.96,FALSE,5156,
04-08-2021,Clothing,N/A,1282.3,168.72,0,427.6,
12-04-2021,automotive parts,302.7,619.5,216.73,0,273.9,
28-Sep-20,apparel,423.1,1226.5,163.65,0,412.5,
01-11-2020,Apparel,479,1226.5 pcs,169.35,FALSE,?,
27-Sep-21,OfficeSupplies,374.7,814,87.64,0,390.9,
13-10-2020,Furniture ,345.2,793.7,74.13,No,332.1,
16-03-2020, Toys,222.1,778.9,237.23,0,213.6,
08-04-2022,Groceries ,328.1,783.3,106.68,0,320.4,
01-05-2020,Sporting Goods,458.9,1097.3,128.52,FALSE,430.6,
04-16-2021,"  GROCERIES	",342.1,601.5,108.13,No,341.9,
24-01-2021,automotive parts,448.5,598.3,$219.76,1,407,
27-May-20,Furnture,209.5,755.9,74.27,FALSE,190.3,
03-03-2022,Groceries ,394.5,757.2,106.95,N,366.4,
07-Mar-22,Auto Parts,498.1,NULL,215.11,1,464.8,
11-29-2022,OFFICE SUPPLIES,431.1,722.1,84.41,FALSE,390.2,
07-15-2020,Sporting_Goods,504.8,NULL,129.35,0,459.9,
04-03-2020,toys,NA,786,242.27,0,201.1,
09-01-2020,Groceries,304.3,667.9,105.2,N,296.6,
10-Jan-22,"  Groceries	",346.8,804.5,108.17,0,361.6,
23-Jul-22,AUTOMOTIVE PARTS,317.5,569.5 pcs,219.16,0,306.1,
04-12-2022,Toys,321.7,588.4,233.28,0,297.5,
11-04-2022,Auto Parts,370.6,602.8,220.35,FALSE,387.6,
08-31-2022, Toys,370,600.1,249.71,0,387.7,
22-12-2022,Office Supplies,482.5,726.7 pcs,91.96,No,451.8,
03-02-2021,sporting goods,null,1352.8,127.29,No,559,
05-10-2021, Apparel,476.2,1327.7,165.01,0,447.1,
12-09-2021,OFFICE SUPPLIES,365.7,821.2,90.73,N,354.4,
19-01-2021,Furniture,239.6,884.3,74.61,0,226.8,
03-10-2021,Automotive Parts,-,690.6,226.57,FALSE,256.4,
12-05-2021,Furniture ,252.9,1014.3,75.36,0,232.1,
05-Apr-21,Sporting Goods,999999,1339.6,123,1,762.2,
19-04-2021, Toys,283.9,623.6,238.83,0,276.1,
31-Jan-21,PetSupplies,301.2,821.8,189.92,0,277.9,
09-07-2022,Furnture,341.5,999999,999999,No,326.5,
03-08-2022,Clothing,436.8,1410.4,Rs.168.1,FALSE,426.3,
08-03-2020, Office Supplies,321.1,908.8,94.87,0,302.9,
13-09-2022,Electronis,220.7,264.6,45.07,0,200.3,
31-05-2021,Automotive-Parts,296.6,696.8,222.18,FALSE,294.8,
08-17-2020,Office Supplies,253.5,999999,87.27,FALSE,240.4,
07-01-2021,TOYS,262.3,640.2,232.45,FALSE,NA,
01-08-2021,SPORTING GOODS,500.1,1342.9,127.02,0,520.7,
06-08-2021,Toy,?,465.6,231.84,0,76.5,
04-Apr-20,Pet Supplies,336.6,798.3,197.93,1,344.8,
28-03-2021,OfficeSupplies,325.9,878.7,90.79,FALSE,319.8,
01-01-2020,Beauty,292.3,1029.7,165.15,FALSE,305.7,
17-06-2020,groceries,244.7,610.4,109.19,N,230.9,
30-08-2022,APPAREL,418,1412.2,$172.27,0,420.3,
23-Sep-22,BEAUTY,451.4,932.1,163.62,N,440,
26-09-2022,Grocery,297.8,783.7,$110.05,No,306.5,
29-Sep-22,Grocerys,373.5,749.9,107.25,N,361.2,
17-Dec-21,Furniture,360.2,638.7,73.91,0,370.3,
10-02-2021,Automotive Parts,353.1,642.7,217.65,0,318.8,
02-07-2020,Sporting Goods,475.8,1442.8,128.6,FALSE,494.5,
26-08-2021,BEAUTY,404.8,1024.3,163.5,0,NULL,
27-06-2021,PET SUPPLIES,262.8,835.2,201.31,N,240.2,
04-Feb-20,"  OfficeSupplies	",343.2,N/A,91.84,N,323.6,
04-07-2021,"  Beuaty	",400.8,missing,165.12,FALSE,361.3,
16-Aug-21,"  office supplies	",331.4,800.3,89.06,No,333.8,
07-05-2022,AUTOMOTIVE PARTS,365.8,541.3,217.6,0,338,
20-09-2020,Office Supplies,296.2,836.5,89.67,No,298.7,
30-10-2022,Electronic,232.9,285.4,44.8,0,214.5,
11-20-2021,office supplies,N/A,786.9,91.47,0,417.1,
17-12-2021,APPAREL,520.4,,170.3,0,532.1,
17-07-2020,Beuaty,440.2,1077.1,160.36,No,408.7,
05-10-2020,PET SUPPLIES,N/A,789.2,NULL,Y,437.2,
14-01-2020,groceries,missing,693.7,111.13,0,237.2,
11-10-2022,PET SUPPLIES,376.9,741.7,194.79,0,null,
20-05-2020,"  Toys	",252,N/A,237.56,No,241.4,
28-12-2021,Groceries,342.2,809.7,109.13,0,327.9,
07-12-2021,Electronics,214.1,391.4,45.04,FALSE,223.7,
03-01-2023,TOYS,282.4,,239.3,No,255,
13-11-2021,Automotive-Parts,309.7,670.8,223.37,0,299.4,
08-06-2022,Furnture,274,1157.8,75.99,FALSE,280.1,
01-17-2021, Apparel,433,1295.7,174.62,N,406,
22-11-2022,Appearl,450.1 units,-1424.5,170.33,N,465.5,
05-06-2022,pet supplies,282,835.1,,0,268.6,
04-08-2021,FURNITURE,288.5,978.9,74.3,1,301.5,
02-08-2020,groceries,276.9,676.1,107.06,0,256.5,
24-11-2021,automotive parts,359.9,656.2,219.75,N,350,
31-01-2020,Apparel,438.6 units,1218.7,168.03,0,420.5,
27-09-2022,TOYS,341.3,626,236.12,0,342.6,
11-Jul-21, Electronics,224.7,489.2,46.22,0,235.4,
19-07-2020,furniture,292.3,819.3,75.21,0,272.8,
08-10-2022,OfficeSupplies,383.9,765,$90.44,0,393.5,
25-01-2020,OFFICE SUPPLIES,357.3,491.7,91.72,0,339.3,
17-Oct-21,Sporting Goods,1726,1407.6,130.79,0,487.4,
07-11-2020,PetSupplies,332.1,null,208.49,0,323.1,
06-11-2022,Electronis,226.1,301.7,46.35,0,230.6,
12-08-2020,Sporting Goods,483.5,1398.3,129.53,0,505.3,
23-02-2020,Automotive-Parts,313.7,794.1,218.34,0,285.3,
19-11-2020,Pet Supplies,363.7,761.6,192.91,0,367.5,
12-04-2020,Office Supplies,279.9,891.6,88.73,0,281.9,
07-06-2021,OfficeSupplies,288.6,940.8,92.09,FALSE,284.4,
31-07-2020,PetSupplies,328.4,-738.4,203.35,0,329.4,
08-09-2022, Toys,396.3,603.7,null,FALSE,NULL,
05-04-2022,"  Furnture	",190.4,1150.4,73.44,N,179.6,
08-11-2022,beauty,674.1,missing,161.36,TRUE,654.8,
24-Nov-20,OFFICE SUPPLIES,N/A,836.2,88.07,FALSE,351.8,
29-02-2020,Furnture,180.3 units,747.7,73.94,FALSE,187.6,
02-Jan-20,Toys,240.1,797.5,247.51,0,224.2,
26-Jan-20,OFFICE SUPPLIES,348.9,496.8,90.07,0,332.8,
06-10-2020,PetSupplies,223.5,999999,198.94,0,209.2,
07-04-2020,beauty,N/A,1090.7,159.19,0,446.1,
26-Nov-21,SPORTING GOODS,530.3,1428,130.51,0,503.1,
16-04-2021,"  automotive parts	",346.4,,209.85,0,320.6,
07-11-2021,Automotive Parts,316.3,663.6,224.22,0,289.6,
21-11-2020, Toys,311.7,598.3,234.79,FALSE,289.5,
19-Nov-20,FURNITURE,390.7,811.8,74.83,0,?,
26-10-2021,Electronic,NULL,422.6,45.69,N,163.3,
18-07-2021,"   Beauty	",442.2,1012.8,165.1,No,401.7,
01-02-2023,Sport Goods,1436.9,-1504.6,124.97,0,456,
09-Mar-22,Sporting Goods,525,1443,132.63,0,506.2,
14-Jun-21,AUTOMOTIVE PARTS,276.2,703.3,211.49,N,277.2,
18-Aug-20,FURNITURE,310,849.1,77.77,0,295.9,
27-Sep-20,"  Beuaty	",338.2,1080,170.82,0,322.1,
24-01-2020,PetSupplies,299.3,823.3,200.3,0,307.4,
05-19-2022,Beauty,469.6,1028,173.91,FALSE,426.1,
06-Apr-22,furniture,214.5,1144.2,73.77,0,193.8,
26-02-2020,Appearl,406.6,1218.8,172.85,N,370.4,
06-09-2021,Furniture ,384.7,948.5,75.04,0,381,
04-05-2022, Beauty,418.1,1034.4,166.3,N,404.7,
05-04-2020,ELECTRONICS,259.5,488.6,45.74,FALSE,238.3,
10-01-2022,Office Supplies,428.3,742.7,90.79,N,433,
27-06-2022,GROCERIES,294.3,796.4,109.37,0,280.7,
06-02-2022,Groceries,1322.8,,111.1,0,357.5,
19-10-2021,Furniture,378.6,1010.9,75.12,FALSE,353,
12-02-2020,BEAUTY,405.4,1080.5,168.65,1,365.1,
28-Sep-21,Beuaty,,1026.1,166.17,0,339.1,
25-07-2022,Sport Goods,1463.2,1410,122.46,0,569.6,
21-05-2022, Office Supplies,464.6,706.4,90.66,TRUE,455.8,
25-03-2022,Pet Supplies ,330.9,819.7,194.55,N,312.7,
08-02-2022,Automotive-Parts,355.6,640.1,222.53,0,323.2,
16-10-2020,Sport Goods,769.8,999999,124.93,Y,770.8,
06-15-2021,Appearl,-,1296.3,173.19,No,376.6,
01-30-2020,Electronis,247,519,46.91,0,227.4,
07-15-2020, Toys,320.3,646.5,242.61,FALSE,332.5,
05-01-2020,Grocery,286.1,619.7,108.32,0,299.3,
10-09-2020,"  PET SUPPLIES	",NA,782.2,-,0,363.9,
14-04-2021,Groceries,292.7,624.5,110.29,N,276.6,
09-10-2021,ELECTRONICS,207.7,469.5,46.94,0,204.6,
25-Mar-20,Beauty,349.7,1112.1,163.4,0,338,
12-22-2020,Sporting Goods,447,1407.9,Rs.126.15,0,424.5,
27-Apr-21,OfficeSupplies,,651.6,87.55,0,280.2,
08-11-2021,Grocerys,266,711.7,107.63,N,270.6,
03-Jul-21,office supplies,340.4,902.5,87.41,0,310.4,
05-01-2022,Grocerys,368.7,807.7,106.54,0,359.2,
28-11-2021,Clothing,470.5,1287.1,null,0,474.7,
07-05-2022,APPAREL,463.8,1407.4,171.84,FALSE,432.4,
09-26-2020,OFFICE SUPPLIES,368.7,807.7 pcs,89.62,FALSE,332.5,
06-Aug-22,office supplies,391.5,681,94.52,0,393.9,
04-24-2022,automotive parts,373.2,425.1,225.47,0,-,
08-24-2020, Toys,265.8,643,236.82,0,257.6,
11-07-2021,Clothing,723.5,1305,165.13,Y,657.9,
10-Mar-22,sporting goods,616.3,999999,126.99,0,587.3,
09-11-2021,Toy,321.8,642,224.18,0,334.3,
31-10-2021,Furnture,380.2,1019,72.21,0,359.4,
13-Feb-21,OFFICE SUPPLIES,427.1,-855.6,88.57,0,388.4,
27-Jun-20, Beauty,424.3,550.7,NULL,No,384.3,
09-12-2022,"   Apparel	",454.4,1366.3,171.29,N,427.6,
17-03-2021,office supplies,458.6,869.1,90.44,1,478.6,
11-11-2020,Auto Parts,295.2,656.4,$228.71,0,306.8,
22-02-2022, Office Supplies,403.6,741.6,90.57,0,421.5,
02-12-2021,"  OfficeSupplies	",454.4,793.7,89.37,No,412.5,
20-03-2022,SPORTING GOODS,602.1,1408.7,126.91,0,602.6,
27-07-2020,GROCERIES,?,634.7,107.2,0,173.7,
10-Mar-21,Furniture,187,940.5,75.03,0,192.3,
08-17-2020,GROCERIES,186.7,633.1,106.66,0,182.6,
03-12-2022,furniture,379.3,1138.1,77.87,0,379.5,
20-01-2020,FURNITURE,238.9,774.1,74.03,FALSE,225,
24-01-2020,BEAUTY,325.7,540.4 pcs,160.43,0,316.6,
30-Apr-22,PET SUPPLIES,300.8,821.2,191.96,FALSE,289.9,
30-Aug-22,OfficeSupplies,312.4,758.4,92.41,0,282.5,
05-27-2020,Pet Supplies,281.7,811.5,198.33,0,288.4,
11-06-2022,OFFICE SUPPLIES,NA,-716.8,91.43,FALSE,367.7,
28-10-2021,FURNITURE,384,1019.2,72.13,0,384.4,
01-04-2021,Beauty,389.3,NA,165.97,0,375.1,
05-Jun-20,toys,296.7,677.8,232.83,0,293.4,
20-Aug-22,Sport Goods,536.5,1443.8,126.15,N,NULL,
09-02-2021,Sport Goods,487.7,1370,126.4,0,501.2,
15-10-2020,Sporting Goods,483.9,1390.2 pcs,130.34,N,490.5,
12-11-2020,OfficeSupplies,598.4,798.6,88.83,1,546.6,
13-02-2021,Apparel,491.2,1243.5,172.58,FALSE,449.3,
04-08-2020,Sporting Goods,477.4,missing,127.15,0,492.1,
28-12-2021,Office Supplies,419.1,768.7,88.06,No,408,
08-10-2020,AUTOMOTIVE PARTS,343.2,725.9,223.98,1,326,
30-Sep-21, Toys,372.1,625.3,235.98,0,368.8,
13-Feb-21, Beauty,343.2,966.6,168.87,0,314.6,
23-Dec-21,Clothing,526.3,1302.7,166,0,496.3,
04-04-2022, Toys,325,628,233.64,0,299.9,
21-01-2022,Pet Supplies ,385.5 units,817.8,Rs.196.26,N,370.5,
25-03-2022,OFFICE SUPPLIES,411.8,748.7,89.01,0,429.2,
12-10-2020,GROCERIES,229.9,608.1,107.13,FALSE,213.8,
06-17-2021,Toys,341.4,647.5,244.63,0,338.1,
14-06-2022,furniture,262.4,1139,72.52,0,265.4,
26-05-2021, Toys,329.6,639.1,234.21,0,313.7,
02-04-2022,"  beauty	",416.1,1007.9,162.71,N,401.8,
23-11-2021,pet supplies,354.9,814.5,NA,No,360.8,
26-03-2020,Electronic,400.9,486.2,46.98,1,391.1,
28-Aug-21,Automotive Parts,291,692.3,218.23,0,266.7,
31-May-21,electronics,241,529.4,46.93,0,246.7,
05-Sep-22,beauty,-,961.4,170.85,Yes,491.3,
18-05-2021,Toys,284.3,648.8,231.89,0,276.8,
02-06-2022,sporting goods,580.1,1415.4,122.01,0,577.2,
11-06-2020,Appearl,611.9,1300.6,172.36,1,616.6,
25-Jul-20,GROCERIES,237.5,610.3,110.68,N,240.4,
15-03-2022,sporting goods,552.9,1428.8,126.62,0,530.7,
20-Dec-21,Pet Supplies ,338.6,810.8,191.47,0,315.1,
10-22-2022,Clothing,507.2,-1328.8,175.6,0,507.4,
28-05-2021,Electronic,303.1 units,497.8,45.33,N,,
19-Aug-20,Automotive Parts,246.2,511.7,217.28,N,235.4,
01-02-2022, Beauty,345.5,1022.7,164.82,FALSE,350.8,
30-Aug-21,"  Pet Supplies 	",321.8 units,794.7,198.46,0,334.1,
29-03-2021,Apparel,393,1294.9,167.77,N,377.8,
03-23-2022,Sport Goods,575.3,1416.3,130.55,0,577.8,
22-06-2021,GROCERIES,215.4,679,108.4,0,222,
09-13-2022,Pet Supplies,339.1,734.7,193.36,FALSE,308.7,
07-01-2022,Sport Goods,520.1,1421.6,129.02,0,481.6,
08-11-2020,groceries,250.8,586.2,104.71,FALSE,261.2,
05-05-2021,Beuaty,401.7,1023.1 pcs,N/A,0,411.5,
08-04-2020,OFFICE SUPPLIES,276.6,880.4,89.48,0,290,
29-10-2022,automotive parts,339.7,N/A,216.22,FALSE,349.7,
12-16-2021,TOYS,312.1,N/A,233.32,0,315.4,
30-Jan-20,Beauty,349.3,1012.3,166.33,0,345.5,
10-29-2020,Toy,306.2,632.3,233.45,No,305.5,
24-02-2021,Groceries ,452.9,607,,Y,440.2,
13-10-2020,"  toys	",N/A,628.7,234.53,0,263.7,
26-02-2022,Auto Parts,401.9,612.5,212.75,0,398.6,
02-09-2021,pet supplies,366.5,770.8,202.62,0,345.8,
17-Dec-20,Furniture,308.9,831.6,N/A,0,304.9,
03-06-2020,Furniture,179.6,756.2,76.6,N,174.5,
05-Aug-20,Sporting_Goods,459.8,1402.8,130.81,0,460.8,
01-09-2022,Electronics,241.6,274.8,NA,No,235.4,
09-12-2020,Beauty,329.2,1054.5,167.83,FALSE,345.2,
30-Jul-20,Toy,339.6,634.5,238.86,0,309.8,
17-09-2022,apparel,N/A,1353.7,168.25,0,518.2,
23-02-2022,OFFICE SUPPLIES,409.8,736.9 pcs,$88.7,FALSE,374.7,
07-03-2021,Apparel,413,1286.5,169.26,0,382.8,
30-Jun-22,TOYS,363.4,571.4,232.89,0,376.8,
07-09-2020,Electronics,112.5,566.4,47.34,0,113.2,
25-02-2022,Pet Supplies,354.1,803.8,191.85,0,368.7,
06-09-2022,apparel,466.5,1415.1,169,No,477,
14-02-2020,TOYS,239.9,790.7,231.61,0,219.9,
24-04-2022,apparel,436.7,1391.3,170.38,0,446,
03-12-2022,sporting goods,553.1,1431.8,133.51,0,531.9,
22-10-2020,Electronis,164.3,488.4,46.56,0,160.9,
04-07-2022,office supplies,317.2,713,missing,0,314.8,
15-07-2021,SPORTING GOODS,564.9,1311.7,125.12,N,545.2,
07-17-2022, Office Supplies,342,703.9 pcs,89.71,FALSE,334.8,
08-Dec-21,Electronic,247.4,377.9,48.52,FALSE,null,
26-06-2022,APPAREL,481.2,1388.9,168.06,0,476.9,
14-May-22,OFFICE SUPPLIES,386.8,704.4,90.05,No,400.6,
17-05-2022, Electronics,320.4,302.5,47.38,0,300.2,
06-14-2020, Beauty,524.8,1115.9,165.22,1,483.4,
18-07-2020, Beauty,415.3,1088.9,,0,407.5,
23-10-2021,Furnture,379.1,1022.5,74.55,0,386.8,
09-09-2022,Toy,374.1,603.9,237.55,N,382.5,
19-05-2020,groceries,191.7,635.9,104.57,N,195.5,
06-01-2022,Beauty,585.3,993.7,161.07,TRUE,548.3,
24-10-2022,furniture,394.1,1121.9,74.49,0,390.2,
18-10-2021,Clothing,411.7 units,-1335,173.85,No,383.9,
19-Jan-21, Electronics,225.6,552.1,46.89,FALSE,211.7,
19-02-2021,SPORTING GOODS,575.3,1355.7,126.54,0,584.4,
26-09-2021,Clothing,-437.1,1343.7,171.7,0,420.4,
07-28-2020,groceries,,618.5,Rs.106.96,0,206.1,
03-02-2021,PetSupplies,333.3,815.5,196.77,FALSE,326.9,
12-12-2021,"   Office Supplies	",410.8,?,89.16,0,411.6,
06-03-2022,Furniture,195.2,1122.4,72.55,0,181.6,
18-Mar-21,Sporting_Goods,631.1,1332,127.83,0,593.1,
20-06-2020,"  groceries	",252.7,620.7,109.56,0,245.8,
02-01-2023,Beuaty,342.5,994.9,160.63,N,345,
01-Jun-21,OFFICE SUPPLIES,299.1,930.4,90.71,0,304.6,
10-02-2022,Beauty,403.1,1011.4,165.52,N,371.1,
31-08-2021, Electronics,255.8,509.1,46.26,1,231.6,
20-03-2020,Sporting_Goods,898.4,1393.5,122.93,TRUE,885.4,
03-06-2021,Clothing,661.2,1295.7,165.59,1,613.1,
28-Oct-20,Beuaty,343.3,821.8,158.51,N,327.4,
15-04-2020,AUTOMOTIVE PARTS,293.3,799.5,222.9,FALSE,296.4,
02-07-2022,TOYS,382.5,571.5,230.4,0,346.3,
04-May-21,PET SUPPLIES,253.7,862.2,194.96,N,243.5,
02-04-2021,office supplies,406.7,853.6,88.44,No,423.7,
26-04-2022,Clothing,404.4,1408.9,166.69,0,421.1,
02-19-2020,OfficeSupplies,348.2,521.8,88.49,0,363.2,
09-12-2021,apparel,464.5,1307.3,167.67,0,421.1,
18-07-2020,automotive parts,-253.9,781,215.69,0,2449,
20-12-2022,Toy,457.2,572.2,235.61,TRUE,412.6,
18-04-2020,furniture,185.4,780,73.12,0,189.2,
16-11-2020,Groceries,249.5,594.7,105.98,FALSE,245.6,
18-Jan-20,Furniture,248.3,778.2,74.76,0,225.8,
05-06-2020,Apparel,NA,1303.2,165.2,0,405.3,
09-Dec-20,Automotive Parts,325.6,609.2,220.98,0,314.4,
09-10-2020,Groceries,288.7,575.8,106.75,0,260.9,
04-06-2021,Automotive-Parts,451.9,610.2,217.12,Y,415.8,
06-24-2022,TOYS,-387,554.7,NA,FALSE,396.7,
02-11-2022,Groceries,371.5,770.7,107.54,0,368.6,
04-12-2021,beauty,380.8,999.3,163.49,No,390,
05-Jul-22,Toys,364.5,587.9,242.43,No,366.5,
07-03-2021,Pet Supplies,316.8,814,N/A,0,329.9,
21-03-2021, Apparel,436.9,1281.9,173.69,No,422.8,
28-11-2022,Sport Goods,510.5,1494.9,128.97,No,507.1,
22-May-22,Sporting_Goods,592.6,1426,124.04,0,614.3,
06-24-2021, Beauty,534.7,1000,167.95,TRUE,550.8,
21-06-2022,Furniture,254,1159.9,74.96,0,252.4,
09-07-2022, Apparel,447.9,1438,173.49,0,missing,
19-11-2022, Apparel,471.7,1412.7,169.23,0,442.8,
06-05-2020,electronics,262.9,-494.8,46.8,0,272.5,
06-26-2022,GROCERIES,316.3,786.2,107.25,0,316.6,
03-02-2021,Beuaty,348.7,missing,169.35,0,357.7,
24-02-2020,Grocerys,,701,109.62,No,221.8,
21-Nov-20,Appearl,447.5,1262.0 pcs,174.79,FALSE,448.4,
25-07-2022,Furniture,320.1,NA,76.27,0,325.4,
20-Jun-21,Auto Parts,256.5,686.5,221.99,No,246.6,
11-03-2022,SPORTING GOODS,591.3,1424.8,128.14,0,578.3,
23-04-2021,Sport Goods,652.2,1299.2,127.42,0,657.1,
12-25-2020,TOYS,269.3,636.5,238.47,No,246.8,
12-03-2021,Sporting_Goods,566.9,1354,124.9,0,567,
10-24-2022,TOYS,347,-614.3,$230.03,0,352.5,
01-Jun-22,"  apparel	",391.3,1433.3,166.29,0,384.8,
06-09-2021,electronics,154.4,?,46.98,0,147.8,
28-04-2020,Electronic,232.4,499.9,46.61,N,224.9,
23-Aug-21,Apparel,436.1,1276.5,175.75,0,396.7,
09-07-2020, Beauty,446.2,1068.1,162.53,0,,
17-04-2022,APPAREL,468,1361.9,168.73,N,458.4,
12-03-2021,Clothing,454.7,1278.7,174.24,0,471.6,
07-Jun-20,OFFICE SUPPLIES,250.2,885,87.25,FALSE,256.1,
13-Mar-21,Grocerys,341,619.5,Rs.108.38,No,335.4,
16-Jul-22,"  Auto Parts	",266.8,592.8,220.52,0,253.5,
08-Oct-20,APPAREL,465.2,1226.2,165.38,No,479.6,
06-04-2022,Pet Supplies ,308.6,836.3,198.09,0,285.3,
22-May-22,Toy,322.3,574.3,241.15,N,328.1,
14-05-2021,BEAUTY,478.4,1014.3,166.13,0,468.5,
03-17-2022,office supplies,445.2,737.5,89.57,N,438.4,
01-Dec-21,Beuaty,353.4,978.4,164.33,0,345.2,
11-08-2021,Automotive Parts,281.4,671.4,218.92,0,278.1,
05-10-2021,Furnture,385.1,978.9,74.33,0,370.9,
01-07-2020,Automotive-Parts,269.2,820.4,217.44,N,256.6,
28-04-2021,Groceries ,298.4,NA,106.07,FALSE,309.2,
28-Oct-21,Beuaty,376.4,990.4,164.27,0,NA,
28-12-2020,Groceries ,262.2,589.9,108.14,FALSE,274.1,
21-09-2020,Furniture ,342.1,821.4,75.01,0,314,
03-24-2021,furniture,204.6,954.1,73.11,No,191.6,
07-06-2021,FURNITURE,279,1004.9,73.34,0,275.4,
09-03-2021, Electronics,267.9,501.7,46.71,0,258.2,
06-04-2020,Appearl,394.2,1285.3 pcs,168.57,0,369.2,
01-Mar-21,Furniture ,223.7,936.3,75.17,0,212.8,
12-11-2021,Beuaty,398,993.1,160.83,0,414.3,
12-06-2022,Automotive Parts,301.2,575.9,216.75,0,316,
13-11-2021,Pet Supplies,382.4,811.9,196.88,0,366.2,
30-01-2020,sporting goods,479.3,1436.4,124.99,No,476.7,
03-02-2022,Automotive Parts,416.1,-643,217.96,FALSE,423.9,
02-11-2021,Pet Supplies,335.6,845.4,193.64,FALSE,305.6,
08-03-2020,Sport Goods,464.7,1389.5,122.3,No,473.5,
28-Sep-20,Electronics,NA,548.4,46.25,0,102.3,
29-Sep-22,Office Supplies,448.7,726.4,90.69,N,432.7,
16-10-2020,apparel,447.6,1233.3,166.8,0,404.6,
17-Jul-21,apparel,404.3,1291.2,N/A,0,383,
26-04-2020,Furnture,188.2,777.9,75.64,0,174.8,
12-17-2022,Sporting_Goods,null,1481.2,129.56,0,551.6,
04-09-2022,Clothing,445.5,1396.2,167.32,No,452.8,
07-11-2022,Office Supplies,607.5,747.7,88.22,1,598.1,
11-09-2020,Sport Goods,831.3,1339.3,129.13,1,862.6,
08-01-2021,Groceries ,343,527.5,109.41,FALSE,324,
29-06-2021,Office Supplies,255.1,919.9,91.18,N,230.1,
18-12-2022,automotive parts,386.9,490.8,232.29,N,351.6,
04-07-2022,Grocery,360.7,754.7,N/A,0,331.6,
29-02-2020,ELECTRONICS,313.7,514.5,46,Y,302.4,
10-31-2020, Toys,459.1,628.8,247.88,1,416.6,
29-08-2020,Clothing,-,1224.3,172.22,0,433.2,
27-10-2020,Furniture,331.3,787.6,999999,0,336.2,
06-23-2021,OFFICE SUPPLIES,-291.2,910.2,88.49,FALSE,282.6,
09-23-2022,automotive parts,359.5,null,219.52,0,347.1,
09-Oct-22,Toys,339,624.9,236.18,FALSE,318.4,
29-01-2021,Pet Supplies,319.3,807.8 pcs,194.5,0,319.7,
05-12-2021,OfficeSupplies,419.9,811.2,91.35,FALSE,407.5,
15-04-2020, Apparel,443.9,1263.5,170.56,0,441.7,
02-28-2022,Clothing,427,999999,166.99,0,445.7,
24-Nov-22,APPAREL,542.8 units,1388.6,171.63,0,552.4,
04-Aug-20,OFFICE SUPPLIES,263.8,NULL,89.73,N,274.7,
25-08-2022,Pet Supplies,395.6,733.2,194.82,0,394.1,
26-07-2022, Beauty,446.3,941.5,,FALSE,458.2,
24-01-2022,"  APPAREL	",427,1349.5,,0,435.8,
27-11-2022,Furnture,390.6,1146,72.96,FALSE,363,
13-Feb-20,TOYS,NA,786.7,-,FALSE,null,
02-05-2020,sporting goods,500.2,1365.6,125.94,0,484.6,
14-Mar-22,Beauty,379.7,null,167.04,No,375.5,
09-01-2021,TOYS,308,642.4,234.37,1,290.1,
03-09-2022,furniture,412.2,1151.8,75.05,0,400.2,
22-Mar-21,Groceries ,288.5,631,,0,292.5,
02-May-20,APPAREL,,1321.4,178.49,N,368.9,
16-11-2021,sporting goods,483,1446.9,128.97,FALSE,503.6,
11-04-2020,Groceries,263.7,585.3,$109.27,0,273.2,
01-04-2022,APPAREL,499.5,999999,175.37,FALSE,453.9,
25-Dec-21,automotive parts,380.2,493.2,225.04,No,393.9,
06-06-2020,SPORTING GOODS,548.4,1328.1,126.35,0,544,
08-18-2021, Beauty,?,1010.6,161.44,0,388.4,
04-07-2021, Toys,256,639.2,Rs.237.34,FALSE,268.4,
16-12-2021,Grocerys,381.9,798.3,109.33,0,371.6,
23-Aug-20,Groceries,209.6,620.3,107.72,0,189.3,
16-Jul-20,Automotive-Parts,257.4,787,212.08,0,248.1,
03-Aug-21, Beauty,385.1,1053.5,164.94,N,387,
21-01-2022,Furniture,300.6 units,1079.3,74.16,No,301.7,
13-08-2020,pet supplies,330.7,740.3,192.47,0,329.5,
05-25-2022,TOYS,431.8,573.3,229.41,1,399,
30-07-2021,TOYS,380.2,629.4,236.19,0,374.2,
02-12-2020,Groceries ,275.9,582.8,107.34,0,277.4,
24-05-2021,Groceries,251.3,690.4,108.08,0,256.6,
15-04-2021,sporting goods,584.2,1322,129.58,0,missing,
23-Jan-21,groceries,missing,542.1,107.87,FALSE,304,
05-07-2020,Beauty,396.6,1099.9,165.07,No,394.9,
10-06-2022,"  FURNITURE	",426.3,1108.2,71.93,0,388.3,
18-04-2021,"  automotive parts	",305.1,617.2,213.75,FALSE,274.7,
25-Oct-22,OfficeSupplies,427,765.8,93.18,0,413.8,
10-10-2022,OFFICE SUPPLIES,394.7,754,93.31,0,358.2,
12-10-2022,Toy,366.2,616.7,235.9,N,331.7,
20-07-2020,"  Electronics	",138.7,559.7,48.16,N,143.8,
09-28-2020,Automotive Parts,228,741.7,213.47,N,214.5,
05-04-2021,Groceries ,999999,607.2,107.75,0,294.8,
26-Jul-20,furniture,,838.6,74.5,0,272.5,
12-Mar-20,BEAUTY,372.3,1113.7,163.21,No,350.2,
02-08-2020,OfficeSupplies,253.2,885.2,91.25,FALSE,264.4,
05-27-2021,Groceries ,311.1,678.6,107.53,0,296,
01-11-2020,Toy,missing,641.3,243.04,FALSE,249.8,
30-10-2021,Furnture,368.1,1019.4,74.82,FALSE,368.9,
08-15-2020,Automotive-Parts,254.2,738.6,219.3,0,255.3,
05-04-2022,automotive parts,366.2,598.1,223.19,FALSE,373.8,
14-Jul-20,BEAUTY,616.8,1098.8,164.46,1,632.8,
22-Aug-20,TOYS,335,631.1,234.15,0,326.4,
10-Sep-21,AUTOMOTIVE PARTS,291.9,688.8,212.78,0,290.7,
03-07-2022,"  Auto Parts	",312.3,567.3,220.62,0,318.5,
25-Aug-22,SPORTING GOODS,742.2,1442.9,126.44,TRUE,670.2,
15-Sep-22,OFFICE SUPPLIES,417.4,722.5,92.43,FALSE,403.9,
17-07-2022,Pet Supplies ,319.8,-,192.88,0,302.1,
19-11-2020,ELECTRONICS,186.9,531,47.07,N,184,
12-Aug-20,Grocerys,220.1,607.7,106.86,0,204.6,
18-01-2022,Toy,268.7,NULL,240.78,N,267.5,
05-01-2020, Office Supplies,355,883.8,92.87,FALSE,336.3,
09-18-2021,Electronic,178.4,-469.4,46.61,0,,
30-Jan-21,Beauty,363.4,995.2,161.93,FALSE,380.9,
15-12-2020,Groceries,273.3,586.5,109.18,0,271.5,
05-28-2021,beauty,454.5,1011.2,161.09,No,419.1,
01-13-2021,APPAREL,451.4,1284.6,166.55,0,469.7,
24-09-2020,Office Supplies,358.1,809.4,91.78,0,339,
23-Feb-20,Pet Supplies,237.4,834.5,188.93,FALSE,218.7,
10-Mar-20,Toys,203.4,790.7,238.49,0,183.6,
09-25-2021,Beuaty,401.7,1003.8,168.99,0,408.7,
29-12-2021,Furniture ,316.2,651.3,74.71,0,29.4,
16-02-2020, Apparel,632.5,1236.5,167.36,1,581.6,
12-08-2021,Toys,304.3,671.9,237.81,FALSE,276.1,
09-02-2021,GROCERIES,288,593.4,106.96,0,275.2,
27-Nov-22,SPORTING GOODS,490.2,1500.3,132.14,FALSE,494.9,
02-Aug-22,"  Toys	",341.6,580.2,227.22,0,318.4,
20-Aug-20,FURNITURE,369.6,822.4,71.76,FALSE,360.1,
28-11-2022,Grocerys,332.1,793,109.79,0,317.3,
11-14-2022,Office Supplies,414.1,756.8,89.83,0,414.2,
25-08-2020,Grocerys,194.1,607.6,110.11,FALSE,203,
25-10-2022,Electronic,232.3,missing,47.04,0,235.3,
23-Jan-22,office supplies,451.4,739,?,0,416.7,
05-04-2020, Beauty,330.8,1120.4,165.94,0,336.8,
09-07-2022,Furnture,398,N/A,75.31,FALSE,372.9,
26-Mar-21,Clothing,456.8,1275.7,170.21,FALSE,429.6,
29-06-2021,"  Sport Goods	",462.2,1355,128.21,0,435.6,
20-May-21,pet supplies,259.9,878.1,196.33,No,252,
04-Jul-20,FURNITURE,284.6,551.2,74.51,FALSE,17.6,
17-Aug-20,ELECTRONICS,121.1,555.7,47.18,No,112.6,
20-Nov-21, Electronics,218.8,398.6,47.59,N,218.3,
06-08-2022,BEAUTY,465.9,948.2,162.42,FALSE,424.5,
11-11-2021,Groceries,368.9,789.8,107.65,FALSE,336.7,
14-Jun-21,FURNITURE,248.6,988.9,74.67,0,227.9,
05-Jun-21,Toy,346.4,628.9,239.17,0,312.7,
07-12-2020,Toys,216.9,627.2,233.6,FALSE,218.4,
25-Apr-21,Toys,261.8,626.3,238.2,0,242.6,
15-06-2021,OfficeSupplies,273.3,926.8,91.91,FALSE,260.1,
06-08-2021,Toys,324.6,641.9,225.48,0,333.9,
12-25-2022,SPORTING GOODS,500.4,876.5,128.48,N,27.3,
06-22-2021,pet supplies,281.8,833.4,197.58,0,288,
04-12-2022,Beauty,383.9,1032.8,160.82,FALSE,351.2,
06-Nov-21,Pet Supplies,384.3,814.4,204.39,0,360.7,
15-08-2020,OfficeSupplies,306.2,868.2,999999,0,303.4,
07-02-2021,Groceries,285.3,593.2,109.15,FALSE,258.6,
08-11-2021,Toy,355.1,639.6,237.91,0,347.7,
12-17-2021,Office Supplies,477.9,759.8,null,0,486.3,
06-08-2022,Furniture ,364.5,1123.9,75.12,0,348.8,
16-07-2021,PET SUPPLIES,345.3,776.5,192.69,0,336,
12-05-2020,Automotive-Parts,297.4,622.7,209.82,0,307,
08-27-2021,BEAUTY,-436.1,1009.8,165.19,FALSE,437.6,
06-May-20,office supplies,267,896,89.16,0,253.6,
05-10-2022,automotive parts,311.6,,215.12,N,281.9,
22-06-2021,Toy,316.1,655.1,244.38,0,295.4,
08-05-2020,Beauty,426.3,1089.6,168.68,FALSE,NA,
05-12-2021,Groceries ,334.8,804.2,110.46,0,311.3,
29-10-2022,"   Electronics	",273,272.2,46.81,N,270.1,
22-08-2022,GROCERIES,294.1,787.6,104.75,0,264.7,
10-04-2020,PET SUPPLIES,276,776,197.82,N,259.3,
20-10-2022,APPAREL,498.9,1327.9,169.09,N,512.5,
06-11-2022,beauty,394.4,973.2,164.5,FALSE,368,
21-12-2021,Electronics,null,381.1,46.75,No,200.3,
22-Nov-22,Sporting_Goods,503.6,1480.5,131.55,FALSE,491.9,
03-09-2020,AUTOMOTIVE PARTS,320.8,777.6,Rs.214.56,0,326.5,
06-17-2020,OfficeSupplies,253.3,906,88.56,0,248.7,
07-27-2022,Clothing,443.2,929.8,166.03,0,431.9,
12-10-2021,PET SUPPLIES,399.7,816.4,191.98,0,410.1,
29-11-2020,"  Sport Goods	",414.6,1397.8,131.92,0,427.1,
03-11-2022,Beuaty,425.3,-953.8,163.12,FALSE,445.5,
25-05-2020,PetSupplies,180.2,850.1 pcs,193.83,0,188.4,
10-03-2022,Groceries,282.8,776.1,108.2,0,268.9,
05-04-2022,Electronics,329.8,304.9,46.71,0,3219,
10-14-2022,Furnture,424.1,1114,75.99,0,413.2,
19-Jul-20,office supplies,253.2,?,90.88,No,230.8,
11-03-2020,groceries,247,670.1,$104.9,N,missing,
23-02-2020,Grocerys,229,709.5,107.68,0,232.7,
26-12-2021,furniture,311.3,1038.2,74.24,FALSE,304.1,
17-02-2022, Office Supplies,462.7,725.7,90.53,0,418.4,
17-10-2022,groceries,304.4,791.1,102.55,FALSE,287.1,
09-20-2022,Sporting Goods,477.2,1466.9,120.76,N,434.8,
09-26-2022,Beuaty,373.4,964.7,165.28,0,377.2,
24-Dec-21,PetSupplies,380.3,790.8,195.76,0,383.8,
30-06-2022,Pet Supplies ,357.4,778.9,191.52,FALSE,335.7,
19-09-2022,Furnture,402.6,1150.6,74.22,FALSE,374.5,
26-07-2020,automotive parts,197.5,784.9,$213.88,0,189.3,
06-06-2021,Grocery,249.6,NULL,111.27,FALSE,234.8,
16-06-2021,Furniture ,257.4,987.8,76.1,0,237.2,
17-03-2021,ELECTRONICS,292.2,479.2,45.88,0,279.1,
06-09-2021, Apparel,465.6,1296.8,175.17,N,460.8,
01-05-2022,Sport Goods,572.3,1413.6,126.55,0,575.3,
05-06-2020,sporting goods,563.2,1318.4,127.26,0,532.1,
02-01-2020,automotive parts,348.8,786.5,219.17,FALSE,356.6,
18-11-2022,PetSupplies,431.1,-687.3,200.11,N,442.5,
26-04-2021,Automotive Parts,355.3,626.4,219.78,FALSE,347.5,
05-05-2021,Electronics,308.6,498.3,47.35,No,312.1,
12-05-2022,Furniture ,236.2,1155.3,71.69,0,243.6,
23-Nov-20,toys,270.2,608.5,244.27,No,265.2,
19-Nov-20,beauty,341.8,1100.9,165.48,FALSE,332.3,
11-25-2022,Toy,340.3,566.2,237.08,0,338.6,
21-Jul-22, Toys,380.5,584,999999,0,363.4,
24-03-2021,Beauty,391.4,984.8,168.26,0,395.9,
28-07-2022,Beuaty,493.1,934.7,166.5,FALSE,495.2,
27-05-2022,"  groceries	",370.9,747,-,N,374.3,
06-08-2022,"  automotive parts	",491.8,532.3,215.88,Yes,499.4,
01-03-2022,GROCERIES,350.7,769.2,104.82,0,352.8,
10-11-2022,Sporting_Goods,554.4,1463.3,127.34,FALSE,516.5,
07-24-2020,automotive parts,269.3,749.4,223.01,0,267.5,
09-08-2021,Electronics,190.5,484,46.77,0,172,
23-Sep-21,Sporting_Goods,452.2,1406.5,131.05,0,430.5,
06-06-2021,Sporting_Goods,517.5,1330.2,126.13,0,509.1,
04-11-2022,"  Electronis	",261.7,282.8,null,0,250.4,
27-05-2020,Automotive Parts,313.7,837.1,216.33,N,302.2,
26-02-2022,Sport Goods,526.3,1448.3,129.27,0,999999,
02-18-2022,TOYS,297.2,668.8,242.86,0,270.7,
26-Nov-21,automotive parts,357.9,658.6,221.71,0,340,
06-12-2020,PetSupplies,314.9,782.6,202.21,FALSE,316.4,
28-10-2021,PetSupplies,409,813.8,194.01,N,428.1,
02-21-2022,Sport Goods,500.3 units,1429.2 pcs,128.38,0,510.7,
17-Apr-21,Sporting_Goods,590.0 units,1329.7,126.36,0,550.3,
02-Oct-20,sporting goods,530.8,1375.2,132.66,FALSE,500.4,
27-Dec-21,BEAUTY,310.8,725.6,164.14,0,285.5,
29-05-2021,BEAUTY,470.8,1009.5,165.37,0,492.8,
06-30-2022,FURNITURE,,1149,73.64,FALSE,283.8,
03-25-2022,TOYS,289.9,644.8,237.38,0,290.4,
20-01-2022, Toys,296.1,676.9,243.34,No,293,
31-07-2020,apparel,439,1270.5,172.9,0,395.7,
18-03-2022,Pet Supplies,311.1,812.8,195.82,No,294.9,
12-24-2022,Furniture ,-,1128.3,74.82,0,325.1,
29-06-2021,groceries,232.7,648.3,104.66,0,null,
16-10-2022,Groceries ,333.5,776.9,N/A,0,345.2,
11-05-2022, Office Supplies,368.8,681.3,88.18,FALSE,336.4,
30-May-20,Pet Supplies ,255.2,830,198.87,0,266.2,
09-06-2022,Electronis,325.4,277.9,46.01,0,339.4,
27-06-2020,Automotive-Parts,270.5,820.9,214.9,FALSE,245,
27-03-2022,apparel,441.9,1340.3,167.64,0,451.9,
19-01-2020,pet supplies,274.9,809.4,202.37,FALSE,262.7,
04-14-2020,TOYS,NA,732.3,N/A,0,269.3,
19-Sep-22,Automotive-Parts,294.4,491.1,?,0,281.4,
17-11-2022,GROCERIES,565,769.7,110.44,1,517,
31-May-22,apparel,460.5,1411.4,173.66,0,442.1,
16-07-2020,furniture,303.2,803.8,74.13,0,298.4,
16-May-21,Auto Parts,341.1,-679.1,216.49,0,342.8,
20-05-2021,Auto Parts,441,680.8,219.57,Yes,424.6,
10-06-2022,ELECTRONICS,344.8 units,272.6,48.36,FALSE,338.7,
09-02-2021,Beauty,426.8,1031.8,164.03,0,426.1,
26-Jan-22,Pet Supplies ,294.4,851.1,,0,275.7,
14-01-2021,furniture,999999,855.4,Rs.73.49,0,303.5,
17-03-2021,Sporting_Goods,missing,1354.8,131.09,FALSE,575.5,
29-02-2020,Sport Goods,510.4,1414.1,127.67,FALSE,517,
06-19-2021,OfficeSupplies,310.8,912.2,90.8,0,291.4,
13-11-2020,BEAUTY,521.2,1095.2,169.31,Y,479.4,
25-11-2022,OFFICE SUPPLIES,?,710.3,87.76,0,472.1,
19-01-2022,APPAREL,NULL,1341.1,165.61,0,473.7,
01-04-2022,furniture,250.2,,$75.92,0,229.8,
22-May-20,beauty,407.9 units,NULL,$160.28,0,383.6,
17-Nov-22,"  office supplies	",499.1,722.1,87.64,0,516.1,
16-07-2022,OfficeSupplies,404.8,690.2,90.1,0,393.7,
11-10-2020,Furnture,483.8,782.5,75.45,1,491.2,
09-24-2021,TOYS,384.6,644,234.45,0,394.3,
07-09-2022,"  Sporting Goods	",510.1,1441.9,128.61,No,496,
05-17-2022,Sporting_Goods,527.7,1439.8,128.33,0,512,
09-07-2020,Apparel,402.6,1261.7,172.7,0,N/A,
07-18-2021, Office Supplies,296.5,885.2,92.24,0,267.6,
13-04-2022,sporting goods,571.6,1432.7,127.38,FALSE,516.7,
05-03-2021,Electronics,329.1,483,46.23,No,305.5,
19-Feb-22,beauty,423.9,1011.9,164.16,0,389.6,
09-07-2020,"  electronics	",310.9,519.8,46.33,1,298.5,
15-01-2020,Furniture ,251.5,776.7,74.69,0,239.5,
27-05-2020,TOYS,292.8,721.2,228.31,0,277,
21-Jul-21,ELECTRONICS,N/A,472.4,47.22,1,301.2,
07-01-2021,beauty,483.9,965.5,165.26,0,467.9,
22-10-2020,groceries,270.1,396.6,107.36,FALSE,275.9,
12-18-2020,Grocerys,344.9,567.3,108.49,0,355.1,
05-22-2022,Furnture,237.2,1157.6,72.17,0,234.5,
27-09-2020,Appearl,387,1230.8,170.85,No,397.2,
04-01-2020,"  Sporting Goods	",519.8,1079.1,$129.04,0,475.4,
19-Nov-20,Automotive-Parts,339.1,641.2,$216.49,0,313.1,
03-Feb-22,Clothing,446.1,1352.4,173.82,0,413,
29-11-2022,Sporting Goods,429.3,1524.1,129.26,N,393.6,
02-06-2022,Clothing,418.3,1425.7,175.05,No,434.8,
08-May-21,Toy,301.6,636.5,231.1,0,291.4,
29-Jul-20,Furniture ,356.1,805.6,74.07,0,328.3,
01-01-2021,furniture,288,855.9,73.63,0,264.1,
26-Jun-21,automotive parts,315,677.6,212.52,0,297.6,
01-07-2020,beauty,402.6,552.8,168.35,0,396.9,
14-07-2022,apparel,457.3,1437,175.63,0,999999,
03-11-2022, Electronics,252.5,279.8,46.2,FALSE,238.3,
01-09-2020,ELECTRONICS,135.8,572.2,48.22,No,129.3,
29-12-2020,Clothing,474.3,1256.9,168.11,No,451.5,
19-Jul-21,Groceries,212.5,669.2,$103.46,N,215,
04-05-2022,sporting goods,2203.3,1422.1,130.52,0,583.6,
09-11-2021,office supplies,361.8,829.7,90.82,0,360.2,
06-19-2021,Sporting Goods,560.5,1324.1,126.74,FALSE,546,
27-03-2020,Auto Parts,361.4,783.2,227.55,0,334.5,
25-09-2021,Pet Supplies ,NULL,467.4,193.82,0,371.7,
02-02-2020,Grocerys,246.6,704.7,Rs.107.11,FALSE,249.5,
13-02-2022, Electronics,311.8,352.9,Rs.45.45,No,298.2,
21-03-2022,SPORTING GOODS,-564.1,1420.6,129.58,FALSE,589.5,
12-21-2022,Beuaty,394.9,960.4,169.12,N,392.9,
23-10-2020,Electronic,187.6,478.7,47.23,0,174.9,
19-Aug-22,Sporting_Goods,1949.4,1432.8,130.13,1,700.7,
01-08-2022, Beauty,393.7,968.9,166.93,0,362.3,
09-Mar-21,PET SUPPLIES,999999,847.3,Rs.197.05,0,220.1,
13-03-2022,Sporting Goods,539.9,1433,130.33,N,564.2,
13-05-2021,Groceries ,300.4,680.6,106.2,FALSE,273.9,
12-04-2022,Auto Parts,369.6,611.5,$220.58,0,380.9,
04-24-2021,Automotive Parts,340.3,612.8,216.08,0,355.9,
15-Feb-20,sporting goods,510.8,1420.3,122.57,0,520.3,
09-30-2021,Auto Parts,285.3,696.8,225.56,0,273.4,
02-06-2021,Office Supplies,307.4,917.7,89.09,N,320.5,
10-May-22,Groceries,298.7,783.7,106.65,0,294,
05-Feb-21,"  apparel	",NA,1263,176.05,0,502.3,
15-06-2020,Automotive-Parts,233.4,875.5,220.04,0,229.8,
08-07-2021,sporting goods,570.1,1315,129.45,N,523.1,
03-09-2022,Toy,267.2,652.8,235.35,0,247.9,
22-09-2021,apparel,645.4,1338.3,171.76,1,608.6,
25-01-2022,Pet Supplies ,303.5,847.4,195.9,0,311.9,
11-10-2021, Apparel,458.3,1308.9,166.63,0,431.7,
18-07-2022,office supplies,327.9,700.4,93.14,0,331.7,
01-01-2023,Appearl,491.1,1364.5,172.35,No,478.5,
07-22-2021,FURNITURE,312.8,1003.8,74.37,0,285.9,
07-25-2020,"  Electronics	",179.5,547.3,46.01,0,167,
18-08-2021,TOYS,377.9,629.7,228.71,FALSE,367,
22-02-2020,Grocerys,270,missing,107.4,No,256.4,
01-03-2020,FURNITURE,206.6,739.8,75.49,N,206.2,
18-03-2021,PET SUPPLIES,396.2,832.4,197.41,1,367.4,
23-07-2022,Sporting_Goods,610.7,1383.6,129.47,0,568.7,
30-06-2022,Electronics,454.6,280.5,48.66,1,451.8,
14-Mar-21,Electronis,-283.8,485.2,47.85,0,271,
04-Nov-22,"  GROCERIES	",384.3,758.8,105.51,N,375.9,
04-07-2022,toys,328.8 units,639.8,231.33,No,342,
07-07-2021,OfficeSupplies,337.5 units,888.6,90.82,0,310.5,
23-Sep-20,AUTOMOTIVE PARTS,230.1 units,753.3,214.49,No,230.4,
13-12-2022,Groceries ,354.3,760.9,105.3,No,342.1,
02-12-2020,Grocerys,250.7,687,108.62,0,258.9,
06-11-2022,SPORTING GOODS,520.7,1476,128.73,0,532.7,
13-07-2022,SPORTING GOODS,511.8,1394.4,126.95,0,490.6,
20-05-2022,AUTOMOTIVE PARTS,378.2,506.5,216.87,0,361.6,
04-12-2022,FURNITURE,1192.1,1139.4,72.03,0,336.7,
30-05-2020,BEAUTY,397.4,-1109.8,161.09,0,377,
03-03-2022,OfficeSupplies,441,728.2,89.57,FALSE,423.7,
31-01-2022,Beauty,missing,1028.1,167.22,1,492.3,
28-Nov-22,Pet Supplies,368.7,-697.4,195.42,0,383.8,
10-07-2022,OFFICE SUPPLIES,323.1,704.9,null,0,302.8,
29-12-2020,Sport Goods,497.4,1403.7 pcs,Rs.122.9,0,515.2,
04-26-2021,Toys,258.4,622.2,228.39,0,257,
07-May-22,FURNITURE,256.2,1161.8,76.06,0,234.2,
17-Sep-20,Groceries ,224.9,600.1,108.26,N,225.3,
20-Feb-21,Beauty,385.6,947.3,161.63,0,359.9,
08-27-2020,Pet Supplies ,375.4,738.9,,0,361.1,
23-06-2021,Electronics,251.9,521.7,47.44,N,262.5,
11-02-2021,OFFICE SUPPLIES,417,817.7,88.86,0,404.7,
20-Apr-20,Appearl,365.9,1292.1,168.47,0,?,
12-06-2021,Electronic,282.3,512,46.55,0,294.3,
13-Sep-22,automotive parts,270.5,-526.2,221.11,FALSE,272.6,
29-Dec-21,Groceries,350.6,810,107.01,FALSE,352.1,
18-01-2021,APPAREL,431,-1293,173.5,0,443.1,
04-06-2022,Toy,335,583.5,234.49,FALSE,309.5,
05-30-2020,Automotive Parts,-284.2,851.7,214.52,0,292.1,
06-10-2022,Sporting_Goods,618.5,1399.1,129.8,FALSE,630.5,
07-14-2022,Automotive-Parts,332.9,572.4,214.23,FALSE,332.4,
05-04-2021,apparel,394.8,1299.7,167.97,0,392.9,
21-04-2022,Groceries,366.5,753.4,108.57,0,362.2,
10-21-2020,Electronis,162.8,494.7,46.52,0,162.6,
02-Feb-21,Electronic,243.3,565.8,46.87,0,247.1,
09-26-2022,Appearl,461.6,1357.4,166.76,0,476.1,
03-13-2021,TOYS,255,669.6,238.21,0,258.3,
04-03-2022,OfficeSupplies,624.3,724,93.06,TRUE,646.1,
06-06-2020,"  Electronics	",248.7,538.3,46.75,0,260.4,
23-Jul-20,SPORTING GOODS,517,1362.5,125.92,0,532.6,
07-10-2021, Electronics,202.1,452.8,47.17,FALSE,184.5,
25-06-2022,Toys,389,549.5,238.1,0,352.8,
07-12-2021,Furnture,-351,1031,73.02,0,360.5,
11-Jan-20, Beauty,294.2,1032.5,169.26,FALSE,302,
23-11-2020,Beauty,268.4,-1111.2,163.03,0,248.5,
20-Oct-22,PetSupplies,430.1,706.1,194.82,0,401.5,
03-Jan-21, Office Supplies,392.4,842.1,86.12,0,375.9,
04-Mar-20,SPORTING GOODS,595.5,1404.8,$121.35,0,608.4,
13-Oct-20,Automotive-Parts,257.6,728.9,216,FALSE,242.9,
31-Mar-22,Grocery,,729,$107.45,FALSE,388.9,
03-01-2023,beauty,350.1 units,990.4,166.53,No,336.4,
02-28-2020,Appearl,415.9,1221.3,174.13,0,411,
01-12-2021,Furniture ,257.8,867.7,75.49,0,250.9,
13-05-2020,office supplies,258.2,921.6,91.37,0,255.4,
03-10-2022,electronics,204.7,295.9,48.22,0,208.8,
05-03-2022,Sporting_Goods,530.7,1436.7,131.63,0,499.3,
03-04-2020,Toy,269.4,739.4,231.25,No,273.9,
07-11-2020,Apparel,457.3,984.9,169.15,0,425.9,
01-05-2020,Sport Goods,?,1334.3,129.18,0,568.4,
15-12-2021,furniture,345.8,637.1,75.13,0,61.1,
04-08-2020,BEAUTY,499.5,1112.4,170.91,1,453.2,
08-13-2020,Sporting Goods,473.4,1377,124.3,0,469.1,
03-04-2021,Toy,297,617.3,N/A,N,276.1,
26-Aug-22,SPORTING GOODS,516.4,1464.5,128.77,0,510.9,
11-27-2021,pet supplies,382.2,818.4,193.25,0,363.5,
03-07-2022,Sport Goods,519,1449.1,126.92,0,525.5,
16-11-2022,Toy,354.2,550.9,242.75,0,352.4,
11-02-2021, Toys,260.7,629.2,241.24,FALSE,272.9,
30-10-2021,electronics,999999,419.8,47.1,FALSE,176.4,
05-13-2022,Clothing,450.3,1422.2,170.03,N,446.1,
23-Aug-22,Electronis,204.3,NA,46.21,0,198.3,
25-11-2021,"  Pet Supplies	",NULL,802,194.79,1,531,
14-Dec-22,ELECTRONICS,273.2,302.6,Rs.47.15,0,266.3,
04-10-2021,beauty,349.9,-,null,0,323.5,
11-29-2020,Electronic,151.9,551.5,45.6,0,142.2,
20-Feb-20,Sporting Goods,530.6,1414.3,125.16,0,null,
30-Apr-22,AUTOMOTIVE PARTS,381,534.7,224.18,0,350.7,
04-09-2020,Pet Supplies ,269.4,783.2,190.61,0,276.9,
14-11-2022,TOYS,310.8,566.4,242.98,No,299.9,
03-08-2020,FURNITURE,153.8,761.6,72.11,FALSE,155.9,
10-11-2020,office supplies,364.8,817,90.48,N,363.6,
28-05-2020,Automotive Parts,280.3,840.8,214.04,FALSE,264.5,
09-05-2021,Sporting_Goods,545.7,1337.6,130.98,0,493.8,
09-07-2021, Toys,565.2,626.2,$238.42,Yes,511,
06-Feb-21, Electronics,281.6,548.7,46.42,0,269.2,
05-02-2021,beauty,401.7,966.2 pcs,164.17,FALSE,382.6,
31-May-20,GROCERIES,193.2,614.7,107.17,FALSE,177.9,
01-24-2021,Toys,238.8,646.6,250.1,No,228.7,
04-Oct-21,PET SUPPLIES,337,480.8,195.06,No,330.6,
28-07-2021,Toy,319.6,642.7,239.61,FALSE,320.5,
11-02-2021,electronics,290.3,535.3,Rs.46.77,FALSE,296.5,
15-07-2020,Groceries ,999999,620,109.74,1,283.1,
03-05-2022,sporting goods,628.5,1405.9,Rs.122.93,0,619.4,
07-12-2021,PetSupplies,329.7,837.2,202.14,No,318.3,
11-11-2020,SPORTING GOODS,479.7,1407.6,127.76,0,487.9,
03-04-2021,Sport Goods,557.1,1332.7,127.41,0,540.1,
13-06-2020, Apparel,428.2,1283.6,171.06,0,397.6,
29-07-2021,pet supplies,472.6,776.1,192.53,1,442.2,
20-03-2020,Furnture,204.4,755.1 pcs,73.22,FALSE,208.5,
03-08-2021,Furnture,322.1,988,?,0,322.7,
13-02-2020,Automotive-Parts,339.5,?,219.86,N,347.8,
12-02-2021, Office Supplies,456.8,847.3,86.11,N,449.4,
08-01-2020, Office Supplies,377.6,877.4,87.46,No,384.3,
16-03-2022,AUTOMOTIVE PARTS,421.2,592.5,219.75,0,4418,
12-03-2020,OFFICE SUPPLIES,377.9,884.7,90.36,0,366.2,
08-19-2020,Toys,397.8,647,224.35,Yes,365.5,
14-11-2020,SPORTING GOODS,496.4,1393.3,126.78,0,490.8,
09-05-2022,Electronic,321.8,999999,47.66,N,329.5,
11-06-2022,toys,354.8,576.3,245.37,FALSE,349.2,
18-02-2022,"  Pet Supplies	",371.1,816.9,NULL,0,339.4,
24-02-2020,FURNITURE,161.2,780.3,$73.41,No,163.7,
02-Nov-21,Automotive Parts,333.8,674.6,221.53,FALSE,304.5,
13-08-2021,Pet Supplies,327.3,800.3,194.09,0,294.6,
07-31-2022,"  PET SUPPLIES	",337.1,-763.8,201.92,0,333,
03-04-2020,Grocery,256.9,701.8,$104.48,0,265.3,
05-Feb-20,FURNITURE,214.2,797.4,76.32,0,194.5,
19-Oct-20,Toys,281,630.5,240.18,0,280.6,
08-08-2022,Beauty,430.9,955.8,160.43,0,437.1,
02-01-2021,Groceries ,271.9,574.6,109.35,No,278.3,
08-12-2022,Office Supplies,498.9,720.9,92.03,0,467.4,
05-19-2020, Beauty,386.5,1114.3,163.37,0,374.1,
15-06-2021, Electronics,228.5,531.2,46.85,No,234.9,
01-Oct-22,Toys,396.8,602.4,240.29,0,401.3,
30-Apr-20,APPAREL,411.6,1297.5,169.68,0,424.2,
11-09-2021, Apparel,470.5,1317,175.29,0,428.8,
17-01-2022,Grocery,322.8,798.1,105.51,0,333.4,
28-09-2021,ELECTRONICS,158.1,468.8,48.08,0,145.9,
07-May-21,Pet Supplies ,308,845.6,198.18,0,297.7,
30-11-2022,sporting goods,528.3,1495.2,126.69,No,528.3,
06-11-2020,Groceries ,304.7,578.4,108.05,0,N/A,
02-23-2020,FURNITURE,NULL,771,75.53,No,154.7,
19-Jul-21,SPORTING GOODS,456.4,1344.4,124.25,0,443.2,
10-16-2022,Sport Goods,512.1,1444.6,127.26,0,494.2,
20-02-2022,PET SUPPLIES,302.4,835.2,195.88,No,281.4,
02-24-2022,Sporting Goods,598.1,1420.4,126.92,0,564.2,
13-12-2020,Sporting_Goods,445.8,1421,Rs.125.86,0,431.7,
07-04-2021,PetSupplies,302.6,818,201.16,FALSE,310.6,
21-06-2022,OfficeSupplies,343.8,698.3,88.05,0,340.7,
16-05-2022,Apparel,418.1,1428.8,169.81,N,388,
20-11-2022,electronics,245.5,303.2,46.62,N,248.8,
01-Aug-20,Groceries,256.2,566.4,106.76,0,235.3,
22-05-2021,TOYS,321.6,631.6,231.42,FALSE,314.6,
19-07-2020, Apparel,381.8 units,1301.1,170.76,0,373.4,
26-07-2022,TOYS,376.4,584.3,239.62,FALSE,378.4,
13-09-2021,apparel,443.2,1328.3,167.27,0,451.8,
02-26-2020,Electronis,322.1,518.4,47.48,Y,315.9,
02-22-2020,Furnture,197.6,759.5,74.62,0,207.4,
04-03-2020,Apparel,388.2,1249.1,170.17,0,404.9,
04-04-2022,Groceries,?,752.5 pcs,103.66,0,335.4,
05-Jun-21,FURNITURE,244.8,998.7,75.79,FALSE,237.9,
20-06-2020,Auto Parts,251,861.5,210.35,0,999999,
12-27-2021,SPORTING GOODS,519.1,786.5,999999,0,532.5,
10-07-2022,"  sporting goods	",518.5,1458.6,126.86,0,534,
17-06-2020,Automotive Parts,941.9,862.5,215.26,0,NULL,
08-05-2021,Furniture,205.1,1022.5,73.27,N,194.2,
09-02-2022,APPAREL,473,1340.6,173.86,FALSE,472.9,
03-Jun-20, Electronics,null,555.4,46.65,FALSE,221.9,
09-08-2022,Sporting Goods,504.1,1449,129.49,FALSE,511,
10-24-2021,Toys,333.2,617.1,231.37,0,309.6,
03-04-2022,Toys,305.8,635.4,243.79,0,310.6,
01-15-2022,Furniture,324.2,1069.5,Rs.75.9,0,321.7,
10-02-2020,Pet Supplies ,394.4,780.1 pcs,195.55,FALSE,399.8,
15-03-2020,Furniture ,165.8,763.6,72.84,FALSE,158.5,
09-07-2022, Toys,380.8,605.1,244.85,0,NULL,
24-12-2020,electronics,238,542.2,45.33,No,215.2,
20-03-2022,OFFICE SUPPLIES,374.1,759.9,88.22,FALSE,364.2,
05-17-2020,Toys,247.3,743.3,235.82,FALSE,253.1,
03-11-2021, Electronics,194.7,420.7,47.53,0,190.6,
04-12-2021,Sport Goods,540.2,1332.4,127.7,FALSE,564.1,
09-Nov-22,OFFICE SUPPLIES,642.9,736.7,91.73,1,672.5,
19-04-2021,Furniture,190.9,-989.5,75.54,0,186.1,
10-01-2021,Toy,258,632.2,242.13,0,261.4,
08-Oct-20,beauty,367.4,1069.5,161.43,No,335.9,
19-10-2020,Electronis,112.5,514.2,47.14,0,114.3,
31-07-2021,Auto Parts,266.2,664.8,NA,FALSE,263.4,
16-Oct-21,TOYS,330.8,630,237.08,N,324.4,
01-12-2020,Office Supplies,349,838.9,89.74,0,342.8,
09-14-2021,automotive parts,326.5,694.5,214.1,1,326.5,
22-12-2022,furniture,525.9,1125.6,72.63,1,519.4,
10-09-2021,Automotive Parts,277.4,689.8,226.17,No,287.7,
04-Dec-20,Sporting_Goods,516.5,851.9,$123.74,0,51.5,
13-Sep-21,SPORTING GOODS,725.5,1395.1,128.82,1,661.6,
07-Nov-20,Sport Goods,483.5,NA,127.77,FALSE,435.3,
02-01-2021,SPORTING GOODS,NA,1383.1,131.58,0,N/A,
10-12-2021,Automotive Parts,391.8,null,220.17,0,385.7,
01-18-2022,Pet Supplies,342.7,830.3,196.97,0,337.9,
05-Feb-22, Apparel,457.7,1354.7,172.86,N,416.7,
26-Aug-21, Toys,355.5,618.3,,0,322.7,
22-01-2022,Auto Parts,382.8,678.5,216.38,0,-,
28-Feb-21,"  Furniture	",195.3,943.1,72.02,0,202.4,
02-17-2022,sporting goods,588.9,1399.7,127.37,No,546.1,
14-Sep-22, Office Supplies,397.4,731.7,91.1,0,362.5,
01-02-2020,TOYS,233.4,405.3,248.77,FALSE,216.9,
19-02-2021,Furniture,254.1,910.3,74.81,N,250.7,
09-02-2021,Pet Supplies ,258.4,827.1,194.25,0,236.6,
02-05-2022,Office Supplies,N/A,701.4,91.6,0,NA,
30-04-2022,toys,missing,309,230.63,FALSE,313.6,
29-Oct-21,SPORTING GOODS,542.3,843.2,130.25,0,515.9,
27-07-2020,Toys,317.6,632.6,242.71,FALSE,323,
12-Apr-21,Electronics,277.8,492.4,48.23,0,271,
09-30-2020,toys,297.8,630.1,235.6,0,307.2,
01-Mar-22,SPORTING GOODS,554.3,1434.6,130.06,0,571,
21-04-2021, Electronics,308.3,-487.1,47.79,FALSE,286.4,
31-12-2020,FURNITURE,293.4,N/A,,FALSE,267.5,
14-05-2021,electronics,297.4,488.1,44.86,0,298.4,
20-05-2022,toys,343,574.7,245.1,0,?,
09-17-2022,Auto Parts,303.1,505.6,213.97,0,296.7,
01-06-2022,"  Furniture	",260.3,1162.4,N/A,0,258.8,
07-07-2022,Pet Supplies ,559.8,789.1,197.37,1,507.9,
07-06-2022, Toys,396.8,582.3,241.05,FALSE,404.3,
25-May-21,TOYS,483.3,646.4,233.48,TRUE,4869,
08-14-2022,Clothing,423.5,1435.3,173.58,0,439.9,
29-03-2020,OFFICE SUPPLIES,305.3,870.3,90.44,N,296.8,
05-01-2020,"  Furniture	",211.4,777.2,73.86,0,211.2,
03-12-2022,BEAUTY,394.9,989.5,166.12,FALSE,368.7,
20-02-2020,BEAUTY,363.2,NA,164.71,N,336.2,
05-Dec-20,BEAUTY,339.9,1061.4,161.98,0,313.4,
16-01-2021,beauty,358.7,1011.1,$158.17,0,343.2,
28-06-2020,Electronis,195.8,566,45.42,No,204.6,
16-01-2020,AUTOMOTIVE PARTS,320.9,831.4,220.55,0,328.5,
12-07-2020,Furnture,267.7,817,72.54,0,273.9,
02-11-2021,Sporting Goods,757.6,1349.7,126.06,1,697.3,
01-02-2020,pet supplies,-,826.4,197.77,0,302.4,
13-02-2022,furniture,240.3,1102.8,72.5,N,223.9,
28-Apr-20,SPORTING GOODS,472.7,1372.2,127.68,FALSE,447.1,
21-09-2021,Appearl,421.9,1340.5,167.33,0,389.6,
06-02-2021,"  Grocery	",311.3,582.1,Rs.109.93,0,288.5,
05-Dec-21,sporting goods,530.4,,129.78,0,524.8,
24-11-2022,furniture,367.2,1168.7,70.51,0,354.4,
27-08-2020, Office Supplies,355.8,436.9,89.5,0,365.4,
19-03-2022,automotive parts,999999,581.1,210.73,0,421.6,
09-09-2022,Pet Supplies,383.7,NULL,195.44,N,350.8,
01-01-2022,TOYS,283.8,677.1,249.33,FALSE,284.3,
19-Sep-20,TOYS,297.9,626,238.36,No,281.4,
02-May-21,BEAUTY,386,1021.7,162.03,0,356.1,
22-03-2022,office supplies,361.4,763.4,88.92,0,344.2,
10-06-2022,Appearl,467,1416.1,166.92,FALSE,485.7,
12-Nov-20,TOYS,293.8,608,237.9,0,296.6,
22-Feb-22,AUTOMOTIVE PARTS,375.5,614.3,213.92,N,364.9,
28-01-2021,Beuaty,NULL,992.3,166.3,0,341.4,
29-08-2022,Beauty,421,959.4,166.93,0,415.8,
08-10-2022, Apparel,502.4,1348.5,170.45,0,463.4,
01-23-2022,Appearl,485.3,1332.8,169.33,0,455.9,
04-06-2022,pet supplies,305.8,823.8,196.06,0,276.1,
06-03-2022,Electronics,425.1,346.3,47.44,1,414.4,
09-23-2022,Groceries,364.2,758,107.42,FALSE,360.4,
06-02-2022,Clothing,505,1337.1,174.04,FALSE,504.6,
01-03-2020,Automotive Parts,407.7,552.3,Rs.217.7,1,405.8,
03-07-2021,Furnture,214.2,927.1,75.14,FALSE,224,
10-15-2020,ELECTRONICS,165.9,493.9,45,N,155.6,
15-05-2020,Furniture ,232,-744.5,74.93,0,227.4,
09-02-2020,office supplies,326.2 units,846.7,90.77,FALSE,304.3,
31-Mar-21,PET SUPPLIES,?,876.9,199.63,N,270.2,
24-Jan-22,Groceries ,346.1,778.6,108.33,0,324,
01-30-2020,Apparel,470,1204.9,167.99,0,475.1,
29-09-2022,Sporting_Goods,578.8,1431.4,129.39,0,554.5,
01-15-2022,Sporting Goods,572,1381.2,130.89,0,574.8,
12-Feb-21,Furniture ,243.1,N/A,76.43,FALSE,233.7,
11-Jul-20,Office Supplies,276,893.5,89.76,0,256.9,
15-09-2022, Apparel,526.8,1351.9,165.23,No,519.3,
11-05-2020,"   Office Supplies	",251.5,922.4,90.39,No,263.7,
04-Feb-20,Furniture ,195.6,799.2,75.09,No,179.6,
01-Apr-22, Apparel,454.3,1347.3,172.49,0,460.6,
01-Apr-22,OfficeSupplies,1226.4,719.2,$88.36,0,426.5,
09-02-2020,Grocerys,226.9,591.7,Rs.104.32,0,219.8,
04-11-2020,"  BEAUTY	",360,1092,162.06,FALSE,346.3,
17-05-2021,Electronis,703.9,318.9,46.5,N,246.6,
16-Jul-22,toys,373.6,583.1,234.51,0,390.9,
28-03-2021,automotive parts,359.9,589.3,216.65,0,336.8,
17-12-2020,groceries,344.5,564.9,111.06,N,311.9,
09-04-2020,Electronic,285.8,484.9,45,0,291.5,
03-Apr-22,OfficeSupplies,371.7,740,90.87,0,347,
13-Nov-20, Toys,455.8,600.7,244.12,1,421.5,
11-04-2021,Automotive Parts,298.6,621.4,223.13,0,288.7,
30-Jan-21,Furnture,244.6,890.9,74.64,FALSE,226.8,
26-01-2021,pet supplies,245.7,836.1,195.79,0,244.8,
28-07-2021,Sporting_Goods,461.9,1352.5,130.17,0,439.8,
07-18-2020,Sport Goods,491.1,1379,Rs.127.33,FALSE,508.2,
05-12-2022, Toys,319,588.8,235.65,0,305.6,
05-Oct-22,Pet Supplies ,522.2,720.8,196.24,1,520.3,
28-06-2021,Groceries,305.2,666.1,106.67,Y,276.4,
04-23-2021,OFFICE SUPPLIES,354.8,915,88.13,0,329.3,
15-07-2022,pet supplies,368.8,750.7,196.96,FALSE,343.3,
09-07-2020,automotive parts,283.2,791.3,null,0,263.8,
22-05-2020,PetSupplies,298.6,805.9,201.57,FALSE,288.8,
07-Jan-21,Appearl,999999,1259.9,175.27,No,473.8,
06-12-2022,AUTOMOTIVE PARTS,NULL,494.4,213.78,FALSE,336.9,
27-Dec-21,PetSupplies,322.3,-820.6,190.52,0,325.3,
05-14-2022, Beauty,460.5,1026,Rs.163.48,0,439.9,
15-02-2022, Toys,266.2,,235.01,FALSE,243.1,
19-May-20,SPORTING GOODS,504.2,1349,125.24,0,504.2,
23-Nov-20,ELECTRONICS,143.6,531.1,45.58,0,136.8,
30-09-2022,Furniture ,425.9,?,75.66,0,388,
02-05-2020, Beauty,428.2,1069.6,168.35,0,435.4,
08-01-2021,beauty,360.6,1031.4,164.73,FALSE,335.7,
25-07-2020,office supplies,313.5,858.3,91.55,0,291.4,
02-01-2022,Beauty,335.1,1002.3,162.06,FALSE,320.9,
31-05-2020,Furniture,192,770.6,74.12,0,174.6,
27-Jan-20,Automotive-Parts,352.3,795,218.99,0,344.2,
26-03-2021,Electronis,-328.4,472.5,?,0,309,
07-11-2022,Beauty,336.8,986.5,171.1,FALSE,328.8,
09-28-2021,Furniture,474.6,982.7,72.13,1,482.9,
02-05-2021,Grocery,340.7,572.4,110.28,N,323.4,
18-Apr-21,Electronic,302,483.8,46.62,0,282.2,
12-03-2021,Beauty,NA,982.2,164.61,0,351.4,
04-Apr-20,OfficeSupplies,327.9,873.3,89.83,FALSE,295.6,
04-15-2020,FURNITURE,185.4,770.6,73.82,0,182.5,
11-01-2020,SPORTING GOODS,496,1404.7,missing,FALSE,454.1,
05-04-2021,"  Beuaty	",361.3,999,167.12,0,364.2,
05-29-2020, Apparel,379.3,1312.6,168.28,No,341.9,
30-07-2022,sporting goods,573.6,1003.1,132.77,0,29.1,
11-27-2021,BEAUTY,missing,986.7,162.48,0,383.8,
10-01-2022, Electronics,1041.2,347.4,46.04,0,259.3,
10-08-2022,beauty,438.9,931.1,$165.19,0,419.2,
07-20-2020,Toys,291.9,658,234.53,0,268.6,
26-01-2022, Toys,283.7,680.5,244.61,0,259.9,
21-03-2020,FURNITURE,183.6,766.9,$74.62,0,170.2,
28-12-2020,APPAREL,471.8,1252.2,168.57,FALSE,479.4,
11-02-2022, Office Supplies,437.7,737.5,88.85,FALSE,401.5,
07-05-2020,office supplies,252.9,879.8,89.1,FALSE,255.5,
30-Apr-20,Furniture,217.5,773.5,75.52,0,202.9,
20-08-2020,"  Toys	",299.5,649.2,229.91,0,281.2,
14-02-2021,ELECTRONICS,257.5,544.1,45.91,0,264.6,
23-07-2021, Electronics,341.4,467.8,47.48,Yes,341.9,
23-Aug-21,SPORTING GOODS,437.8,1342.6,131.15,FALSE,395.4,
13-12-2020,Apparel,?,1254.6,$166.74,0,430.4,
26-12-2020,electronics,293.1,556.6 pcs,46.72,1,273.9,
06-01-2021, Beauty,325.8,1029.4,163.86,0,330.9,
01-17-2020,Furniture ,266.7,769.1,74.43,0,264.6,
02-09-2022,TOYS,386,593.3,231.21,FALSE,373.3,
11-05-2020,PetSupplies,198.8,843.7,190.43,0,192.6,
04-05-2022,Grocerys,359.9,-756.8,106.7,0,377.7,
17-01-2021,Electronis,200.0 units,?,Rs.46.88,0,187.7,
15-Aug-20,Appearl,400.4,1248.5,168.8,FALSE,406.5,
19-04-2020,Groceries ,236.4,640.1,108.32,0,235.8,
18-01-2021,furniture,243.8,883,73.69,0,221.9,
05-Oct-21,toys,999999,645.7,234.22,0,264.4,
23-09-2020,Office Supplies,323.6,826.5,89.7,No,327.2,
09-03-2020,Furniture,178.4,754.7,74.3,FALSE,N/A,
15-09-2020,AUTOMOTIVE PARTS,217,762.2,210.82,FALSE,207.8,
22-03-2022,SPORTING GOODS,555.6,1424.9,NULL,0,518.5,
02-21-2022, Office Supplies,415.2,739.5,90.82,FALSE,422,
02-10-2021, Apparel,491.3,1323.2,$168.64,FALSE,486.6,
06-01-2022,Groceries ,328.8,753.4,108.79,No,303.6,
11-09-2021,electronics,?,465.5,Rs.47.7,0,189.1,
03-02-2021,ELECTRONICS,395,508.7,46.07,1,369.5,
02-12-2022,Auto Parts,601.6,619.4,215.06,1,579.6,
25-06-2020,OfficeSupplies,283.7,899.5,88.79,FALSE,257.6,
06-04-2021,apparel,473.7,1285.9,175.15,FALSE,449.7,
21-08-2022,Sporting Goods,494.8,1448.8,124.54,0,461.4,
09-Jun-21,BEAUTY,433.1,1006.7,160.99,N,453.7,
10-Jul-20,FURNITURE,323.1,796.1,75.59,0,NULL,
28-11-2021,"  FURNITURE	",345.1,1029.9,73.71,0,340,
10-05-2022, Apparel,541,1422,170.48,Y,512.8,
14-12-2021,APPAREL,null,1301.5,171.93,FALSE,473.7,
09-12-2021, Electronics,249,379.1,45.98,0,226.8,
13-03-2021,sporting goods,541,1359.6,126.82,0,500.8,
15-Feb-22, Apparel,402.6,NULL,164.94,No,379.3,
21-06-2021,Grocery,null,683,108.89,0,233.2,
22-11-2021,Grocery,279.9,831.3,108.89,0,274.7,
04-18-2020,APPAREL,NA,1279.8,169.92,0,403.4,
27-11-2022,Beauty,390.7,1003,163.96,0,?,
04-07-2020,Office Supplies,296.9,878.2,91.73,FALSE,290.9,
10-Jan-20, Toys,241.8,795.5,239.83,0,242.8,
18-Nov-20,Groceries ,282.6,582.7 pcs,109.87,0,291.9,
18-07-2022,Pet Supplies,297.9,776,192.75,0,304.5,
02-08-2022,BEAUTY,585.7,959.3,164.2,TRUE,613.4,
11-02-2020,Toys,228.2,787.0 pcs,229.63,N,236.2,
05-03-2021,TOYS,269,636.3,242.19,FALSE,248.7,
29-Apr-20,Groceries ,240.8,631.1,$106.67,No,null,
19-11-2021,Toys,317.1,999999,236.4,N,315.6,
13-04-2020,groceries,220.2,642.1,104.05,0,218.1,
25-07-2021,Electronics,220.1,476.4,45.57,No,213.8,
20-May-22,Sport Goods,581.6,1431.5,127.06,0,550.4,
09-02-2022,toys,260.6,693.3,234.26,0,238.1,
16-12-2020,Toy,269.6,631.2,236.6,0,266.1,
30-Nov-20,Groceries ,260.2,578.9,$106.31,0,248.2,
04-May-22,ELECTRONICS,322.4,293.3,47.17,0,311.3,
18-06-2020,Electronic,236.6,544,44.9,0,228.1,
19-05-2022,ELECTRONICS,432.6,295.3,46.46,Yes,416.4,
02-11-2020,Groceries ,243.9,688.6,106.69,0,222.2,
18-02-2020, Toys,209.8,803.3,237.63,0,206.7,
17-09-2021,Furniture ,399.7,954.2,$71.54,0,372.3,
30-07-2020,PET SUPPLIES,301.4,746.2,194.71,0,297.9,
09-10-2021,Beuaty,419.9,988.2,163.25,0,415,
10-Aug-22,furniture,345.1,1129.6,74.57,FALSE,361.6,
27-05-2020,SPORTING GOODS,538.1,1343.5,130.93,N,546.3,
27-12-2022,Automotive Parts,349.9,505.9,218.02,FALSE,323.1,
07-07-2022, Office Supplies,399,679.4,88.26,0,409.9,
07-08-2021,groceries,272,713.7,107.93,0,280.7,
24-07-2020,Sport Goods,516.3,1361.4,134.28,0,503.9,
14-02-2021,toys,230.7,647.5,240,0,237.4,
04-05-2021,Grocery,248.9,676.1,109.96,No,227.3,
27-11-2022,automotive parts,351,487.7,218.43,0,366.7,
05-Feb-20,Pet Supplies ,233.4,836,192.64,0,235.4,
21-01-2020,electronics,179.5,535,46.59,0,162.4,
25-09-2020, Office Supplies,388.5,802.3,Rs.92.88,0,369.7,
27-02-2022,beauty,384.9,832.1,163.95,0,397.5,
08-09-2021,Pet Supplies ,407,786.8,191.52,1,419.1,
15-Mar-22,PetSupplies,269.6,815.4,190.56,FALSE,251.8,
16-05-2022,Toy,340.1,579.5,232.7,0,309.8,
30-03-2021, Toys,276.8,632.7,241.38,0,274.8,
18-04-2022,TOYS,322.9,633.9,236.19,FALSE,334.1,
07-04-2020,FURNITURE,156.8,790.7,76.51,FALSE,147.9,
04-08-2022,Appearl,418.1,1373.2,163.64,0,427.4,
26-06-2022,"  OFFICE SUPPLIES	",342.5,698.9,89.89,0,323.9,
22-04-2022,Pet Supplies,329.7,640.2,199.33,No,317.4,
14-08-2021,Automotive-Parts,?,680.5,226.31,0,265.3,
06-02-2020, Office Supplies,365.5,900.3,92.65,N,375.4,
29-06-2020,Groceries,165.1,639.3,110.14,N,154.5,
03-10-2020,sporting goods,493.2,1386.1,127.07,0,471.3,
07-Dec-21,OfficeSupplies,427.9,791.8,90.24,No,445.6,
15-Oct-21,FURNITURE,NA,996.9,76.49,0,373.1,
15-07-2021,Beauty,455,1004.9,174.35,0,?,
27-11-2022,PetSupplies,366.1,missing,192.32,FALSE,382.1,
07-22-2020,OfficeSupplies,400.7,877.4,?,1,371.7,
19-Jan-22,Furniture ,286.3,1085.6,74.3,0,273.3,
20-04-2020, Office Supplies,-,920.7,85.5,0,232.6,
21-08-2021,Furnture,378.9,961.5,74.49,0,386.3,
06-03-2021,Electronic,304.9,489.6,46.57,No,275.8,
02-04-2021, Toys,312.5,625.9,230.68,0,296.9,
28-04-2022,electronics,360.2,286.9,47.64,0,335.8,
21-10-2022,office supplies,999999,NA,86.34,FALSE,456.6,
02-10-2021,beauty,423.5,1010.3,168.16,0,403.3,
28-02-2022,groceries,342.1,775.9 pcs,108.09,0,341.4,
29-03-2022,Sporting Goods,523.6,1434.9,128.84,0,496.2,
29-01-2021,Beuaty,397.8,-,166.57,0,403.5,
04-10-2022,sporting goods,469.3,1466,129.28,0,438.7,
14-04-2022,sporting goods,634.5,1418,130.68,No,584.1,
03-20-2022, Beauty,401.5,1020.9,164.85,No,385,
18-12-2022, Office Supplies,750.8,725.2,91.96,TRUE,776.7,
25-09-2022,Groceries ,316.1,778.4,107.97,0,304.4,
08-12-2022,Furniture,374.2,1126.5,72.82,0,354.2,
19-Nov-22,Auto Parts,369.4,476.5,225.14,0,384.2,
09-08-2021,toys,1216,651,233.59,0,297.3,
20-09-2021,Toys,311.8,669.7,236.02,0,324.5,
30-12-2020,Beuaty,328.3 units,1034,166.28,N,335.9,
08-27-2020,Auto Parts,250.3,749.3 pcs,216.91,0,256.5,
12-12-2022,OfficeSupplies,454.9,745.7,91.47,FALSE,446.2,
04-26-2020,OfficeSupplies,269.6,912,88.15,0,271,
27-07-2021,Electronic,189.5,480.6,46.48,0,177.5,
18-07-2021,pet supplies,308.6,795.8,NULL,N,313.6,
05-10-2020,Auto Parts,285.4,843.7,223.06,0,286,
12-09-2021,office supplies,NA,775.9,92.64,0,432.1,
12-06-2022,Apparel,missing,1394.5,169.82,0,501.6,
05-02-2022,beauty,389,1039.8,162.59,0,null,
19-04-2020,office supplies,279.5,910.1,89.17,0,269.1,
27-10-2020,beauty,313.7,?,154.32,0,329.3,
20-04-2022,Auto Parts,378.6,572.9,222.31,0,397,
19-Nov-20,Clothing,1417,1250.3,171.75,0,480.2,
03-12-2020,Pet Supplies ,363.8,752.7,204.63,FALSE,339.9,
13-07-2021,automotive parts,243,688.6,228.95,0,225.2,
25-Jan-20,Pet Supplies ,285.1,827.9,191.61,N,260.8,
09-10-2022,beauty,392.7,945.9,166.63,N,367.4,
21-Nov-21,FURNITURE,358.7,1020.1,75.24,0,330.4,
25-06-2020,FURNITURE,283.6,781.4,75.17,FALSE,268,
18-03-2021,AUTOMOTIVE PARTS,384.3,590.4,212.47,No,356.4,
12-03-2021,Electronic,327.1,481.5,48.77,FALSE,339.5,
01-02-2020,ELECTRONICS,234.7,521.4,46.92,N,212.2,
02-12-2022, Office Supplies,537.7,695,88.1,N,487.7,
17-Jul-21,Auto Parts,266.4,669.3,216.65,No,268.9,
26-08-2022,Electronis,255.9,256.6,NULL,0,239.2,
28-Jul-21,Furnture,443.8,999.2,75.21,TRUE,462.1,
25-11-2022,Automotive Parts,399.6,467.4,216.56,FALSE,3777,
11-07-2020,Sporting Goods,553.4,1356.7,128.19,FALSE,560.5,
20-09-2021,Furniture ,358.6,950.4,999999,0,364.9,
27-08-2021, Toys,370.4,614.2,234.28,N,337.9,
22-09-2020,"  furniture	",344.4,815.1,75.83,0,324.2,
19-Jul-21,Furniture ,300.3,1001.6,73.83,0,315.2,
07-Oct-22, Office Supplies,431.4,753,89.14,0,401.5,
04-06-2021,Beuaty,486.3,993.2,$164.3,0,484.6,
23-05-2021,pet supplies,251.9,892.4,196,0,245.6,
15-04-2022,office supplies,402.9,719.6,90.29,0,383.1,
01-06-2020,Furniture,202.6,767,77.14,FALSE,205.1,
12-Aug-20,Furniture,313.9,834,72.01,0,327.1,
05-27-2022,APPAREL,460.8,1418.9,170.88,0,457.2,
08-15-2022,PetSupplies,328.2,758.4,200.78,FALSE,315,
19-02-2022, Electronics,350.2,228.6,45.46,0,61.7,
12-06-2021,Pet Supplies,308.9,817.8,196.99,FALSE,309.4,
06-11-2020,ELECTRONICS,194.2,515.3,46.58,0,186.4,
05-05-2022,Sport Goods,587.8 units,1429.1,126.83,0,591.8,
04-01-2020, Beauty,285.6,1030.2,166,0,270,
17-11-2021,apparel,582.3,1291.8,177.03,1,575,
14-05-2020,Sporting_Goods,532.1,1348.9,129.41,FALSE,530.9,
31-08-2021,AUTOMOTIVE PARTS,267.3,693.8,222.07,FALSE,277.4,
22-07-2020, Toys,337.8,636,238.61,0,331,
10-08-2022,Beauty,473.5,934.7,167.43,N,427,
05-Dec-21,automotive parts,340.7,656.1,214.82,0,325.8,
28-Jan-22, Electronics,321.2,333,48.18,0,307,
04-01-2021,FURNITURE,212.9,961.3,74.69,No,213.8,
31-10-2020,Appearl,471.1,1228.4,168.4,N,488.8,
06-Dec-20,sporting goods,482.9,857.6,129.27,0,493.1,
25-06-2021,Pet Supplies ,298.8,826.2,195.33,0,304.6,
27-03-2021,Pet Supplies ,306.8,849.1,193.12,FALSE,303.5,
10-Nov-20,BEAUTY,300.1,1116,NA,No,276.7,
22-07-2020,"  PET SUPPLIES	",312.3,759.3,196.21,0,307.6,
22-02-2020,automotive parts,346.4,789,221.76,0,335.7,
11-03-2022,OFFICE SUPPLIES,493,736.1,87.97,0,463.6,
04-10-2021,TOYS,317,643.9,233.62,FALSE,287.9,
20-02-2022,Beauty,389.3,1021.7,missing,FALSE,382.7,
02-05-2020,AUTOMOTIVE PARTS,384.6,999999,220.71,TRUE,403.2,
28-04-2022,"  Pet Supplies 	",320.8,817.7,195.37,0,999999,
21-08-2021,AUTOMOTIVE PARTS,333.6,682.3,215.79,Y,307.1,
26-02-2021,furniture,230.9,934.3,76.63,0,216.2,
09-10-2021,Beauty,1217.8,989.8,166.51,0,435.1,
30-01-2022,PetSupplies,286.5,841.9,196.65,0,275.8,
02-29-2020,BEAUTY,365.9 units,1082.6,166.22,0,383,
21-01-2021,AUTOMOTIVE PARTS,366.7,590.1,211.5,0,355.8,
03-01-2022,Clothing,444,1349.0 pcs,177.13,No,443.7,
11-30-2022,ELECTRONICS,280.2,287.5,47.75,0,266.8,
10-31-2020,Beuaty,333.8,832.2,166.21,N,310.5,
02-05-2020, Toys,213.1,808.5,246.67,0,194.2,
26-11-2021,toys,306.1,661.1,237.76,FALSE,302.9,
13-06-2020,OfficeSupplies,279.1,894.2,89.66,FALSE,274.3,
12-09-2020,PET SUPPLIES,363.6,764.8,198.8,FALSE,335.5,
07-11-2021,Furniture,281.1,1013.9,73.75,N,280.6,
19-04-2022,Office Supplies,387.5,723.4,85.19,0,351.9,
03-Sep-21,Automotive-Parts,319.3,683,216.21,0,299.5,
07-06-2021, Beauty,428.4,1014.7,170.44,N,394.5,
07-Jan-21,Sport Goods,557.9,1381.7,130.26,0,530.9,
29-03-2021,furniture,211.2,969.1,73.36,FALSE,214,
15-11-2020,Beuaty,333.3,-1100.3,165.28,FALSE,344.2,
11-07-2021,OfficeSupplies,305.7,887.2,91.43,0,288.6,
07-14-2020,Sporting_Goods,512.7,1362.3,130.9,FALSE,511.5,
13-01-2020,furniture,245.2,781.2,75.97,0,246.8,
14-Jun-20,furniture,318.1,-777.4,73.83,Yes,313.6,
05-02-2020,Beauty,315.9,1022.5,162.26,0,320.5,
02-27-2022, Toys,271.4,658,233.11,0,283.8,
25-10-2022,pet supplies,351.9,737.9,201.91,0,323.2,
05-11-2020, Apparel,519.3,961.6,163.62,N,69.4,
02-04-2022,Groceries ,362.8,737.9,105.5,0,350.1,
03-09-2020, Office Supplies,330.9,855.5,88.97,N,310.9,
29-10-2022,furniture,409.6,1133.1,75.29,FALSE,417.3,
03-05-2020,Toys,234.3,783,234.34,0,215.8,
21-09-2022,Office Supplies,382.3,715.3,87.35,FALSE,375.6,
25-11-2020,Toy,276.4,610.6,232.87,0,249.6,
07-Jul-20,Automotive-Parts,236.5,null,$223.61,FALSE,236.4,
24-07-2020, Electronics,207.9,535,45.78,No,197.3,
18-10-2022,Sporting_Goods,490.9,1459.4,130.79,N,447.3,
14-04-2020,electronics,255.8,491.8,47.1,No,242.2,
28-Oct-21, Toys,333.8,630.1,229.16,FALSE,336.3,
28-03-2021, Toys,263.5,642.2,Rs.240.3,N,243.3,
13-Mar-20,BEAUTY,-380.6,1111.9,162.78,FALSE,365.1,
08-14-2022,toys,386.2,-582.2,236.85,0,353.4,
11-14-2022,Sporting Goods,536.1,1465.3,128.18,0,517.1,
25-06-2022,electronics,291.1,322.2,47.11,0,301.3,
26-06-2022,ELECTRONICS,286.3,316.6,Rs.45.94,0,299.6,
28-04-2022,furniture,243.4,1175.2,76.53,0,230.5,
03-May-21,"  Electronic	",267,?,47.54,0,273.8,
18-06-2022,Beuaty,469.6,-1042.7,164.71,0,439.2,
23-04-2022,Toys,309.8,629,235.14,FALSE,320.1,
08-01-2021, Toys,359.3,639.3,232.34,0,342,
12-15-2022,beauty,NULL,955.5,168.76,FALSE,415.9,
26-03-2022,Clothing,486,1324.4,171.47,0,489,
01-02-2021, Toys,246.5,621.5,235.2,0,258.8,
11-08-2022,Pet Supplies ,369.5,735.9,197.96,0,364,
29-03-2020,beauty,331.3,1121.3,N/A,0,314.6,
16-04-2021,furniture,239.5,969.9,75.04,0,218.4,
09-30-2022,Pet Supplies ,425.2,715.9,195.92,0,388.6,
28-07-2021,Electronis,NA,478.2,47.41,0,227.2,
22-05-2021,BEAUTY,428,1018.5,165.87,0,425.9,
12-May-22,Appearl,492.6,-1406.7,174.09,No,491.9,
25-Jul-20,Sporting_Goods,511.2,1365.9,128.05,FALSE,NULL,
09-07-2022,Sport Goods,551.9,999999,125.97,FALSE,553.9,
23-03-2020,PET SUPPLIES,326.6,831,193.9,1,295.2,
17-09-2022,furniture,396.1,1149.9,72.85,0,3830,
04-03-2021,Clothing,441.4,1284.2,165.86,No,415.6,
12-08-2021, Toys,341.5,642.3,232.7,No,331.6,
05-Aug-20,Automotive Parts,230.2,756.6,214.41,0,214.4,
12-08-2021, Beauty,457.2,1013,170.16,0,452.4,
13-03-2020,AUTOMOTIVE PARTS,369,762.1,Rs.220.07,0,337.8,
18-Mar-22,BEAUTY,null,1002.6,161.92,1,522.1,
05-18-2022,apparel,432.6,1428.5,169.04,FALSE,392.8,
13-08-2020,electronics,167.6,N/A,47.26,No,174.4,
15-11-2022,Furniture ,381.8,1151,75.71,0,345.3,
13-05-2021, Toys,305,647.8,NA,FALSE,299.7,
10-02-2021, Beauty,333,975.5,167.19,FALSE,345.8,
07-07-2021,automotive parts,393.4,680.6,213.46,1,410.2,
13-02-2020, Beauty,NA,1036.5,164.05,0,330.4,
08-18-2020,Clothing,400.6,1250.9,170.3,0,377.5,
06-03-2022,pet supplies,325,N/A,,FALSE,301.7,
11-05-2020, Electronics,226.5,513.4,47.9,No,237.6,
28-10-2022,Toys,367.7,344.2,238.05,FALSE,381.7,
06-12-2020,Furniture,281.4,,73.15,No,288,
07-12-2021,SPORTING GOODS,438.7,1455.3,125.56,FALSE,401.2,
07-Jul-20,toys,265.8,672.7,240.45,0,258.2,
16-Sep-21,Furniture ,369,960,73.72,0,382.9,
24-Sep-21,PetSupplies,420.4,772.9,194.61,0,407.6,
15-Feb-20,Beuaty,341.7,1051.4,159.3,No,339.2,
04-02-2022,Toys,314.4,641.3,239.3,0,287.6,
12-02-2021,toys,null,622.9,239.32,FALSE,290.7,
18-09-2022,Office Supplies,416.9,705.4,89.32,0,433.8,
25-10-2021,SPORTING GOODS,471.6,1414.1,129.09,FALSE,467.6,
21-04-2021,furniture,214.7,992.4,77.28,FALSE,213.8,
10-15-2020,Furniture,389.8,777.5,78.02,0,378.8,
29-08-2020,Toy,311.9,643.6,243.38,0,284.6,
15-09-2020,Pet Supplies ,303.7,794.6,190.96,0,276.4,
05-Sep-20,Grocerys,231.4,449.7,,0,219.7,
09-02-2021,"  Toy	",209.8,630,238.66,0,205,
04-Aug-22,ELECTRONICS,254,251.7,47.56,0,2543,
06-Oct-22,Electronic,376,298.1,46.43,1,353,
12-23-2020,Automotive-Parts,339.5 units,587.8,215.45,No,318.2,
18-11-2021,Sport Goods,529,1432.9,128.71,0,490.3,
15-Dec-21,OFFICE SUPPLIES,?,782,90.47,0,458,
10-01-2021,Clothing,517.1,1274.3,169.48,1,502.8,
20-Jun-21,Sporting_Goods,534.2,1331.9,127.45,0,547.2,
13-02-2022,Appearl,999999,1326.0 pcs,168.54,0,417.9,
29-04-2021,GROCERIES,305.5,640.8,108.88,0,278.8,
11-Oct-22,GROCERIES,329.5,769.7,103.72,N,344.1,
06-02-2020,Pet Supplies ,255.5,834.5,197.7,0,230.8,
26-Mar-20,"   Beauty	",378.5,,165.29,0,360.9,
20-12-2021,Office Supplies,437.9,782.3,91.87,No,452.5,
25-08-2020,"  Automotive-Parts	",236.9,745.8,222.22,FALSE,243.8,
01-Jun-20,TOYS,NULL,715.7,241.3,0,280.1,
27-03-2020,Apparel,412.6,1265.5,165.7,0,374.2,
10-09-2020,OFFICE SUPPLIES,328.4,851.8,87.68,No,316.5,
25-08-2022,Groceries,344.4,778.3,107.22,FALSE,329.3,
24-02-2020,APPAREL,430.6,1211.1,167.3,0,391.8,
31-03-2021,Toys,N/A,636.9,241.69,0,273.6,
20-Sep-21, Office Supplies,357.9,822.4,93.28,No,332.6,
25-Apr-20, Office Supplies,314.5,890.4,91.74,0,325,
02-04-2021,sporting goods,999999,,126.79,0,491.2,
16-12-2021,Beauty,385.4,968.2,162.16,No,396.9,
04-05-2021,Furniture,149.9,997.3,76.26,0,154.6,
09-05-2021,toys,287.3,640.6,235.73,0,271.3,
27-08-2020,Grocery,350.3,585.1,110.32,1,355.2,
30-07-2020,Furnture,319,820.6,75.78,0,333,
02-11-2021,Sporting Goods,420.6,864.8,131.23,N,396,
28-08-2021,APPAREL,433.7,1277.7,168.19,N,398.8,
07-Sep-22,Groceries ,341.6,785,105.95,FALSE,311.5,
04-07-2021,Auto Parts,378.1,602.1,217.49,0,352.8,
17-Jun-21,Sport Goods,569.2,1325,131.57,0,531.1,
03-11-2022,SPORTING GOODS,512.2,1469.5,130.52,0,474.7,
27-04-2022,PET SUPPLIES,306.5,833.9,199.29,0,999999,
10-20-2022,TOYS,345.8,609.7,229.38,FALSE,322.3,
30-07-2022,Furniture ,null,1135.1,74.34,0,343.2,
24-09-2021,Sport Goods,527.1,1386.9,125.88,FALSE,499.6,
22-Feb-21,sporting goods,489,1079,missing,0,485.6,
18-01-2021,PetSupplies,261,838.1,197.1,0,238.1,
08-09-2020,Sporting Goods,486.5,-1359.2,128.82,0,508.3,
21-06-2020,pet supplies,255.4,798.5,196.96,0,260.5,
24-10-2021,Furniture,365.8,1027.3,72.83,No,345.5,
02-Aug-20,sporting goods,445.1,1383.5,129.18,0,426.3,
19-03-2022,OfficeSupplies,419.9,NA,88.39,0,432.8,
04-09-2021,Automotive-Parts,999999,696.1,221.17,Yes,367.4,
09-11-2020,TOYS,327.6,627.5,232.15,0,294.9,
14-10-2022,Beuaty,424.8,943.9,166.35,FALSE,415.8,
27-10-2022,Automotive Parts,365.7,494,216.62,FALSE,359.1,
12-28-2020,Automotive Parts,338.7,590.1,223.54,FALSE,312.9,
31-07-2020, Toys,337.2,643.3,243,0,342.6,
23-08-2021,office supplies,275.6,818.8,90.05,0,2734,
31-Jul-22,Electronic,357.7,252.3,46.17,TRUE,342,
20-Feb-20,Apparel,456.7,1204.8,171.28,FALSE,null,
01-07-2020,Pet Supplies ,null,786.3,193.92,N,250.1,
07-09-2021,Furniture ,330.6,997,74.64,FALSE,302.3,
07-06-2021, Apparel,-,1299.4,?,0,399.7,
28-11-2021,sporting goods,468.3,null,130.03,FALSE,433.8,
29-08-2021,pet supplies,327,799.6,197.86,0,305,
10-06-2022,Furniture,300,1140.2,77.41,FALSE,306.2,
08-03-2021,Groceries,252.6,703.2,108.41,0,253.8,
01-11-2020,Groceries,229.5,605.8,104.74,0,234.4,
11-16-2022,SPORTING GOODS,477.9,1488,128.04,0,missing,
12-21-2020,Sporting Goods,465,1401,126.26,0,465.9,
13-12-2021,Sporting_Goods,493.3,1435,127.85,0,474.7,
13-03-2021,Clothing,436.2,1284.2,175.19,0,445.6,
12-08-2022,Beauty,485.5,946.6,165.86,FALSE,-,
07-12-2022,office supplies,328.2,714.6,90.06,0,335.6,
24-Oct-21,pet supplies,345,-823.9,195.45,FALSE,327.9,
10-27-2022,OFFICE SUPPLIES,492,741.8,89.9,0,456,
10-10-2020,Appearl,422.4,1236.4,172.42,0,399.3,
31-Mar-21,Office Supplies,339.5,878.8,93.18,No,342.4,
03-09-2021,SPORTING GOODS,562.1,1350.3,131.38,0,508.7,
10-12-2021,furniture,378.3,1033.9,76.29,0,NULL,
02-03-2021, Toys,202,653.9,245.61,FALSE,203.4,
17-01-2022,FURNITURE,266.3,1086,76.73,0,255.6,
07-06-2020,TOYS,275.9,676.1,240.86,N,271.3,
10-16-2020,Electronis,165.8,494.5 pcs,47.7,0,156.3,
22-06-2021,office supplies,289.7,917.9,90.4,0,262.2,
16-04-2020,Toy,232.6,741.2,233.07,0,229.1,
05-10-2022,OFFICE SUPPLIES,,680.1,87.85,0,360.9,
24-Nov-21, Electronics,206.9,407.8,47.94,No,190.4,
14-Dec-22,"  AUTOMOTIVE PARTS	",398.3,488.4,215.24,0,381.9,
12-29-2020,OfficeSupplies,379.7,859.7,91.38,0,358.1,
17-09-2021,ELECTRONICS,210.7,null,48.12,0,193.7,
10-03-2022,Auto Parts,563.6,593.1,218.25,Yes,547.1,
17-12-2020,Electronics,null,521.9,48.16,0,-,
06-04-2020,OFFICE SUPPLIES,259.1,894.5 pcs,90.15,No,256.1,
23-May-21,BEAUTY,406.6,1025.6,165.99,0,415.4,
13-04-2020,sporting goods,503.7,1361.3,$128.91,0,454.4,
07-11-2020,Grocerys,279.4,581.7,missing,0,293.3,
02-03-2020, Beauty,276.5,1117.6,162.54,0,288.4,
01-01-2020,furniture,261.3,780.4,73.82,FALSE,243.5,
13-12-2022,Auto Parts,357.4,503.8,Rs.212.99,N,374,
24-05-2020,office supplies,268,909.5,90.19,0,271.1,
13-04-2020,Office Supplies,237.2,918.3,91.13,0,239.5,
25-06-2020,sporting goods,528.4,1352.3,126.13,0,480.4,
07-10-2021,Pet Supplies,418.9,813.1,188.3,No,426.4,
08-07-2021,groceries,278.5,637.4,107.66,0,266.7,
12-06-2021,GROCERIES,279.8,682.8,108.56,N,263.6,
03-07-2022,GROCERIES,321.8,771.6,108.38,0,305.7,
02-26-2020,toys,NA,784.3 pcs,238.54,0,228.3,
07-05-2021,Furnture,246.6,1012.7,76.62,0,,
23-05-2020,Electronics,246.1,537,45.98,0,236,
04-Nov-22,Automotive-Parts,391.3,507.2,219.4,0,377.5,
10-31-2020,PET SUPPLIES,327.7,826.3,193.86,0,317,
16-07-2021,"   Office Supplies	",322.6,875.2,90.93,0,308.1,
01-17-2022,Appearl,438.6,1351.7,175.55,FALSE,416.3,
05-08-2022,Office Supplies,398.6,-674.7,89.69,N,375.1,
09-02-2020,APPAREL,426.6,1224.7,170.1,FALSE,429.4,
24-03-2021,"  Pet Supplies	",265.7,854.6,190.88,0,243.6,
08-14-2021,ELECTRONICS,218.2,501.6,46.05,N,219.2,
08-10-2021,Automotive-Parts,308.6,686.8,219.38,0,296.7,
30-08-2020,Sporting Goods,423.9,1390.1,128.92,0,433.9,
12-11-2021,Pet Supplies,373.6,820.4 pcs,185.6,0,344.1,
20-Dec-21,Toys,271.1,708.8,236.79,FALSE,253.2,
22-02-2022,Grocery,324.8,783,106.7,0,323.2,
12-12-2022,Groceries ,354.1,774.3,108.58,0,330.2,
11-03-2021, Toys,266.1,656.6,233.27,0,265.1,
10-30-2022,OFFICE SUPPLIES,?,764.2,90.9,0,423.5,
17-09-2020,Sporting_Goods,452.5,1394.9,127.17,0,454.4,
02-26-2021,"  automotive parts	",354.5,632.1,218.64,N,340.2,
19-Oct-20,Automotive Parts,245.1,722.3,220.35,N,245.7,
17-11-2022,Toys,356.3,552.8,246.93,0,372,
01-02-2022,Sporting_Goods,-502.4,1424.9,122.97,N,458.4,
27-08-2021,GROCERIES,327.8,728.1,110.3,0,329.2,
12-10-2021,"  Toy	",322,323.7,230.73,N,17.2,
12-08-2020,Automotive Parts,238.2,752.7,221.8,0,null,
07-01-2022,PET SUPPLIES,355.1,786.6,198.22,0,339.5,
19-Mar-21,office supplies,999999,847.5,89.03,0,425.7,
08-10-2022,Groceries ,361.8,753.8,104.81,N,353,
09-29-2020,Sporting Goods,428.4,1407.2,129.88,0,430.1,
12-02-2021,Beauty,408.1,953.9,163.46,FALSE,423.1,
01-12-2020,Groceries ,254.3,591.1,109.99,0,241.3,
20-04-2021,PetSupplies,238.3 units,860.8,198.18,0,233.8,
08-May-21,"  GROCERIES	",303.3,672.4,105.98,0,277.2,
18-04-2022,Sport Goods,?,,127.79,0,587.3,
27-06-2021,BEAUTY,428.6,1002.3,161.88,No,429.6,
09-24-2020,Clothing,471.9,1197.9,168.69,No,427.1,
11-21-2022,Auto Parts,346.3,494,221.67,0,327.7,
10-11-2021,furniture,999999,1018.4,73.67,FALSE,389.7,
14-05-2020,automotive parts,322.8,822.4,218.3,FALSE,317.6,
12-18-2022,ELECTRONICS,273.1,290.7,47.28,0,265.8,
15-12-2022,office supplies,516.9,730.9,92.45,0,513.6,
25-04-2021,Groceries,268.1,647.4,105.52,0,259.4,
20-06-2021,Beauty,419.9,1013.5,999999,N,400.6,
06-06-2021,FURNITURE,956.6,1004.4,,No,206.7,
07-21-2020, Electronics,153.1,552,missing,0,152.6,
30-Apr-20,toys,272.4,726.1,239.02,0,270.8,
30-09-2022,Toy,383.7,601.9,242.28,N,352.1,
12-08-2021,office supplies,373.8,795.2,87.14,N,388.7,
30-Apr-21, Beauty,469.1 units,1005.9,166.27,0,441.3,
09-26-2021,Sporting_Goods,445.5,1412.5,126.89,0,447.5,
30-11-2021,Furniture,320.9,615,75.31,FALSE,311.3,
02-03-2022,Clothing,504.5,1303.0 pcs,172.66,0,529,
23-06-2022,Furniture,309.7,1138,73.29,N,298.2,
16-01-2022,groceries,365.5,788.6,104.26,0,333.6,
16-Nov-22,Automotive-Parts,328.9,503,218.95,0,missing,
10-03-2020,Apparel,439.3,1245.2,169.15,FALSE,448.1,
13-06-2021,Automotive Parts,334.8,700.5,226.5,1,339.6,
06-Jul-22,automotive parts,296,573.9,218.26,0,283.6,
13-12-2021,FURNITURE,null,644.2,71.98,0,324.3,
14-01-2020,APPAREL,361.8,801.4,166.79,N,352.3,
19-03-2021,apparel,432.6,1286.2,171.83,0,403.3,
01-02-2021,AUTOMOTIVE PARTS,522.7,393.5,221.1,1,478.7,
13-12-2022,Appearl,508.7,1395.2,172.55,No,477.6,
23-Aug-21,Auto Parts,203.5,699.5,224.2,0,199.7,
12-05-2021,electronics,296.2,486,45.66,N,300,
26-05-2021,Furnture,230.1,1006.8,$75.67,0,,
04-14-2021,Pet Supplies ,278.7,844.2,194.3,N,273,
16-04-2020,APPAREL,412.8,1266.1,172.31,0,394.6,
08-01-2020,Pet Supplies,N/A,814.6,205.73,FALSE,294.4,
18-05-2021,groceries,255.9,680.8,110.28,0,235.9,
10-03-2022,Clothing,485.3,1318.6,170.28,0,487.6,
15-01-2022,Toy,299.8 units,672.4,Rs.240.34,0,290.8,
11-24-2022,Grocerys,408,770.9,106.38,0,NA,
19-05-2021,Groceries ,290.5,672.2,$107.25,0,297.4,
04-02-2022,Appearl,459.7,1353.8,172.22,FALSE,450.3,
07-Jan-22,Auto Parts,?,349.9,216.87,0,398.6,
03-Jan-22,Electronics,252.7 units,351,45.99,0,265.1,
04-06-2020, Office Supplies,321.6,877.3,87.84,FALSE,297.2,
07-10-2020,Electronics,118.9,-516.9,47.04,0,120.5,
10-09-2020,Electronis,169.4,558.6,45.55,0,161.2,
07-11-2022,Automotive Parts,336.7,517.4,217,0,343.1,
29-05-2020,Grocery,267.4,600.4,111.23,0,266.9,
27-02-2020,Beuaty,356.1,1078.3,163.98,0,358.2,
27-11-2021,Appearl,670.7,NULL,175.18,Y,700.2,
05-02-2020,Grocerys,269.3,624.5,108.29,FALSE,274.5,
06-25-2021,Groceries,293.9,628.7,106.23,No,,
02-08-2022,PetSupplies,312.6,758.3,192.94,0,NA,
06-04-2022,Automotive-Parts,354,519.5,219.35,0,332.6,
22-Dec-21,pet supplies,343.5,-811.3,197.58,N,310.7,
21-03-2022,PetSupplies,276.4,825.4,193.56,0,266.2,
23-03-2020,Toys,217.1 units,784.6,236.95,0,200.5,
04-08-2022, Electronics,367.8,292,-,FALSE,342.8,
30-06-2020,Electronic,193.4,570.9,45.55,No,176.9,
10-03-2020,Beauty,412.4,1129.8,164.61,Y,413.1,
21-09-2020, Electronics,105.6,551.7,46.15,0,110.8,
06-30-2020,Toy,299.2,669,999999,0,305.7,
10-22-2021,sporting goods,576.4,1368.5,129.14,0,594,
01-03-2020,Office Supplies,325.8,914.6,86.62,0,339.9,
11-01-2021,groceries,296.2,813.2,103.07,FALSE,308.8,
09-29-2022, Electronics,253.3,270,-,0,243.5,
14-12-2020,TOYS,252.7,638.2,232.49,0,233.3,
28-Mar-21,pet supplies,261.9,862.7,200.2,0,245.2,
06-08-2020,Groceries ,248.9,580.6,109,FALSE,234.8,
23-03-2021,Grocerys,263.5,?,103.7,FALSE,252.6,
13-06-2021,sporting goods,524,1338.5,128.32,No,487.7,
25-Sep-20, Toys,330.2,623.4,227.72,0,343.1,
28-May-21,APPAREL,453,1290.4,169.27,No,440.7,
04-10-2020,"  Electronics	",135.3,525.9,48.03,0,137.5,
15-May-20,Pet Supplies ,269.8,822.2,196.2,FALSE,279,
02-02-2021,Apparel,413,1283.1,170.53,0,420.1,
09-10-2020,"  beauty	",null,1068.9,165.7,0,320.4,
05-07-2020,BEAUTY,417.6,1091.8,165.96,0,392.7,
19-12-2020,FURNITURE,296.3,845.4,75.74,0,271.4,
02-04-2022,Pet Supplies ,327.8,838.6,Rs.195.06,FALSE,316.2,
20-05-2020,Sporting_Goods,565.4,1328.6,128.75,FALSE,516.4,
27-Feb-22,GROCERIES,349.2,777.5,109.47,0,359.8,
05-19-2022,AUTOMOTIVE PARTS,372.6,512,220.72,No,368.6,
05-Sep-21,PetSupplies,302.5,794.8,202.61,0,281,
29-07-2021,OfficeSupplies,331.6,837.6,90.04,0,343.5,
26-Sep-21,Electronis,163.2,467.8,47.27,0,154.8,
06-Apr-22,Sport Goods,579.4,1422.7,131.86,0,NA,
06-21-2020,BEAUTY,372.6,1135.7,159.89,0,364.5,
25-04-2021,Beuaty,408.4,1013.4,166.43,0,409.1,
08-05-2020,BEAUTY,415.4,1062.9,168.4,0,406.8,
20-12-2020,toys,258.3,644.4,242.64,FALSE,237.6,
03-20-2020, Electronics,408.9,?,999999,TRUE,376.1,
11-01-2021,PET SUPPLIES,272.8,838.3,199.6,0,255.1,
02-09-2021,furniture,370.2,960.2,76.03,N,347.1,
25-02-2021,office supplies,490.3,883.9,85.49,Yes,459,
04-29-2022,PET SUPPLIES,320.8,819.7,192.39,0,316.9,
03-11-2020, Office Supplies,?,827.4,90.6,No,370.3,
01-Mar-22,OFFICE SUPPLIES,385.2,735.5,92.5,0,355.9,
07-07-2020,"  Furniture 	",253.1,815.6,73.69,0,,
19-Mar-22,Clothing,448.4,1339.9,168.28,0,445.3,
08-28-2021,Sporting_Goods,462.6,1354.8,127.76,0,460,
10-07-2020,TOYS,510.3,646.8,236.4,1,464.3,
14-05-2022, Toys,347.1,574.2,240.7,0,357.2,
20-03-2020,groceries,297.2,386.5,107.12,N,308.9,
07-Feb-20,Pet Supplies,287.7,819.9,196.57,0,290.3,
03-01-2022,Beauty,N/A,1004.7,166.66,0,364.3,
28-03-2021,groceries,290.3,620,105.68,FALSE,263.5,
03-10-2022,"   Apparel	",,1357.9,$172.33,0,423.3,
11-15-2021,Sport Goods,443.1,1457,122.41,0,428.8,
25-03-2022,AUTOMOTIVE PARTS,395.4,582.5,221.8,No,392.8,
22-02-2022,Electronics,417.1,999999,44.72,1,416.8,
24-01-2020, Toys,224.8,827.8,246.16,0,232.1,
05-Feb-22,ELECTRONICS,313.3,-350.6,47.14,FALSE,319,
07-13-2021, Beauty,383.5,1017.1,164.04,FALSE,384.1,
15-02-2020,electronics,268.6,325.9,48.83,N,NULL,
28-07-2022,ELECTRONICS,290.1,249.3,47.3,0,284.5,
09-09-2022,"  Sport Goods	",596.1,1424.8,128.46,0,611,
17-01-2022,Toys,343.2,700.7,235.16,TRUE,351,
20-Mar-21,Groceries ,341.9,626.4,105.72,N,340.4,
29-04-2022,sporting goods,628.1,1408.1,131.53,0,633.7,
27-Feb-22,Electronic,512.9,353.3,48.13,TRUE,514.3,
31-12-2022,Beuaty,386.5,986.2,162.35,0,389.6,
06-09-2022,Grocerys,null,752.2,107.44,0,323.2,
12-12-2021,apparel,517.1,1301.1,172.93,0,511.6,
28-Jul-22,Toy,407.2,557,$233.71,0,372.5,
18-07-2022,apparel,445,1440.7,167.58,0,401,
06-10-2022,PetSupplies,418.1,718.7,202.57,N,380.1,
07-06-2022,furniture,397.3,1154,75.46,1,412,
02-01-2022,APPAREL,517.9,1315.5,174.76,0,532,
04-04-2021, Apparel,421.5 units,1294,164.27,0,425.1,
09-08-2022,toys,364.7,581,$232.94,FALSE,350.5,
30-Sep-20,PetSupplies,352.9,805.6,196.46,0,370.4,
21-Feb-21,Sporting Goods,540.2,1362.8,126.21,No,510.3,
11-11-2021,OfficeSupplies,481.9,796.7,88.24,0,444.3,
12-Apr-20,Auto Parts,309,786.3,222.08,0,303.4,
01-01-2021,Sport Goods,501.3,1394.3,127.5,No,N/A,
01-Jul-21,Toys,341.3,634.8,239.93,0,352.2,
29-10-2022, Office Supplies,480.1,746.3,90.18,0,495,
26-05-2020,GROCERIES,195.3,622,107.7,0,205,
16-01-2022,Apparel,448.8,-1352.2,170.17,0,412.6,
09-08-2020,Grocerys,217.6,594.6,-,No,209.5,
03-07-2020,automotive parts,344.7,780.5,220.33,FALSE,320.6,
07-05-2021,Appearl,459.6,1300.8,171.91,No,450.9,
11-02-2022,electronics,328.2,347.8,46.33,0,317.8,
19-Jan-20, Office Supplies,330.3,903.4,91.05,No,340.3,
07-05-2021, Beauty,441.3,995.6,163.07,N,462.7,
30-01-2021,APPAREL,436.7,1292.6,171.68,0,450.5,
20-04-2020,BEAUTY,565,1088.7,160.65,TRUE,560.2,
25-02-2020,Grocery,229.7,703.3,108.58,0,229,
12-07-2020,Pet Supplies ,265.9,762.6,$200.33,0,265.3,
27-05-2020,Electronis,220.5,547.6,48.83,FALSE,203.1,
06-10-2022,Automotive-Parts,327.8,503.4,216.48,0,337.9,
08-09-2020,BEAUTY,448.7,1064.7,160.03,Y,438.3,
28-04-2020,Toy,999999,735.6,230.23,0,262.3,
30-May-22,pet supplies,272.5,null,198.85,0,284.5,
14-05-2020,ELECTRONICS,268.7 units,512.2,46.58,0,249.2,
04-09-2022,TOYS,300.5,653.5,230.24,0,302.6,
01-12-2020,toys,217.4,792.4,236.26,0,213.8,
04-07-2022,PetSupplies,328.2,793.3,195.74,0,339.5,
18-07-2022,Automotive-Parts,303.1,586,227.63,0,294.2,
07-07-2020,PET SUPPLIES,N/A,777.4,198.54,TRUE,369.3,
12-08-2020,APPAREL,414.1,1238.9,168.83,0,376.4,
22-05-2020,ELECTRONICS,318.1,-527.2,48.32,1,329.7,
25-Oct-21,Electronic,151,432.9,47.07,N,151.9,
03-08-2022,SPORTING GOODS,636.5,1426.7,N/A,Yes,621.4,
17-07-2021,Sporting_Goods,552.2,1315.1,126.29,0,565.3,
04-10-2021,Sport Goods,561.4,1326.5 pcs,126.93,0,523,
06-25-2022,FURNITURE,298.8,1140.6,?,0,281.2,
20-02-2022, Apparel,548.6,1313.2,163.83,1,525.1,
24-03-2022,PET SUPPLIES,-,821.5,?,0,313.4,
06-12-2021,"  ELECTRONICS	",220.7,391,Rs.46.32,0,218.3,
02-01-2022,Furnture,293.4,1060,77.25,0,297.8,
10-05-2020,Groceries,243,634.5,108.47,0,235.7,
22-Apr-20,SPORTING GOODS,545.9,1343,132.15,0,540.7,
06-Aug-22,toys,407.7,574.8,239.62,0,426.8,
03-01-2022, Toys,264.9,677.2,238.03,0,276.3,
23-06-2020,TOYS,290,-,233.37,0,303.2,
05-01-2022,Appearl,486.6,1342.2,172.58,0,443.8,
02-03-2022,OfficeSupplies,414.9,731.5,92.08,FALSE,416.2,
14-02-2022,toys,260.5 units,681.7,242.09,0,null,
09-08-2020,APPAREL,399.1,1264.6,null,0,389.6,
12-08-2020,Electronics,163.2,542.7,46.9,FALSE,150.1,
15-11-2021,BEAUTY,N/A,1024.3,160.58,No,301,
22-01-2021,furniture,293,578.7,77.08,0,271.9,
03-02-2021,Groceries ,316.2,562.9,104.42,No,285.1,
16-May-20,beauty,387,1111.6,167.89,0,400.2,
31-07-2020,electronics,314.6,547.3,46.82,Yes,315.5,
23-Jul-21,Office Supplies,379.4,557.7,89.95,FALSE,,
30-04-2022,Electronic,372.1,281.4,48.11,FALSE,370.3,
04-01-2023, Office Supplies,498.9,740.8,90.95,0,485.1,
16-Mar-21,TOYS,262.2,649.4,225.97,No,268.2,
14-07-2021,groceries,238.7,665.5,109.41,0,217.6,
26-Dec-20,automotive parts,358.8,582.4,222.16,0,358.9,
13-11-2021,FURNITURE,360.2,1014.3,73.12,0,332.6,
27-11-2020, Apparel,759.8,1236.1,173.53,TRUE,692.9,
26-10-2021,"  Sporting Goods	",455.7,1419.7,131.45,0,440.2,
23-03-2021,Furnture,213.7,951.5,73.78,FALSE,223.9,
16-Jul-21,"  Electronics	",279.2,460.3,48.4,0,290.8,
22-09-2022, Toys,391.6,607.4,$234.29,FALSE,378.5,
03-07-2022,OFFICE SUPPLIES,375.4,740,91.31,FALSE,341.4,
13-Nov-22,ELECTRONICS,229.2,309.7,46.96,FALSE,210.5,
28-05-2021,office supplies,?,603.9,94.36,0,322.3,
11-07-2022,FURNITURE,306.5,1148.8,76.3,0,309.1,
19-12-2021,OfficeSupplies,451.2,776.9,91.81,FALSE,470.1,
03-Oct-21,Apparel,-,1343.8,172,FALSE,452.6,
15-03-2022,Auto Parts,400.8,599.4,217.2,0,400.9,
29-06-2021,PET SUPPLIES,273.7,829.4,NA,FALSE,259.6,
12-06-2020,pet supplies,N/A,766.1,205.29,0,301.2,
19-12-2021,Groceries ,334.6,-814.1,106.73,0,303.6,
01-May-21,Toys,306.7,618.6,229.02,0,322,
28-Jul-20,SPORTING GOODS,410.4,1375,129.48,FALSE,409.9,
04-01-2023,ELECTRONICS,452.3,264.8,46.22,1,468.7,
21-06-2020,Groceries ,196.8,638.5,110.06,0,199.4,
10-07-2022,automotive parts,309.1,562.7,214.58,0,302.6,
14-09-2020,"  Beauty	",355.5,1059.6,158.62,FALSE,361.5,
27-Apr-22,OfficeSupplies,384.3,723.2,91.92,0,361.8,
05-29-2022,Pet Supplies,287.3,823.5,196.52,FALSE,288.7,
10-31-2020,groceries,284.1,585.7 pcs,107.47,0,275.1,
21-10-2022,Grocery,400,762.2,108.28,0,4120,
27-02-2020,Appearl,412.1,1212.6,167.73,No,null,
04-01-2021,Groceries,321.9,620.6,105.23,N,317.4,
29-05-2022,Beuaty,440.7,1036.2,165.56,0,457.9,
04-12-2020,pet supplies,346.5,770.9,194.11,0,348,
08-12-2021,Sporting Goods,533.1,1422.5,125.82,FALSE,491.2,
07-24-2021,OfficeSupplies,null,562.9,92.43,0,378,
10-16-2022,PetSupplies,398.2,741.3,198.89,No,417.2,
07-01-2020,Furniture,282.8,760.3,77.74,0,290.2,
03-01-2023,Apparel,635.9,1382.2,173.06,1,594.5,
25-Jan-20,"  Apparel	",422.6,1230.1,170.27,FALSE,428.7,
04-Jun-21,Grocery,308.7,697.7,103.95,0,319,
24-Feb-21,Furniture ,191.7,943.6,72.59,N,185.7,
16-Oct-20,Beauty,N/A,1078.9,163.45,0,361.3,
06-11-2020,TOYS,330.4,603.6,236.75,No,310.2,
23-08-2022,"  BEAUTY	",416.2,963.9,162.55,0,410.7,
08-06-2020,Sport Goods,577.7,?,129.15,0,547.4,
15-05-2021,apparel,416.3,1306.3,161.67,FALSE,428.2,
26-10-2020,Apparel,449.9,?,167.74,FALSE,466.1,
12-01-2021, Apparel,434.6,1283,172.19,0,414.2,
21-06-2021,PET SUPPLIES,220.8,840.8,192.73,0,214.2,
29-Jun-22, Toys,382,557.4,236.21,No,347.8,
21-Apr-22,PetSupplies,306.7,645.7,195.93,0,277.6,
12-10-2020, Apparel,446.7,1221.9,165.7,No,457.9,
21-05-2021,APPAREL,401.7,missing,$170.16,FALSE,382.7,
12-08-2022,Electronis,286.9,247.9,48.3,0,N/A,
20-03-2021, Office Supplies,398.8,841.3,91.09,0,370.4,
29-Aug-20,Beauty,389.6,1058.8,168.1,0,354.9,
07-06-2022,Electronics,290.9,300,46.31,No,267.8,
16-Apr-21,Toys,302.3,623.8,238.93,0,305.1,
28-05-2021, Toys,298.9,643.2,245.98,N,299.5,
19-05-2020,Electronics,228.6,537.6,45.93,FALSE,217.3,
21-Sep-21,ELECTRONICS,159.6,482.5,N/A,0,158.4,
06-25-2021,AUTOMOTIVE PARTS,320.5,665.9,218.68,0,313.3,
05-09-2020,Sporting_Goods,505.8,1370.4,129.49,No,520.3,
03-17-2022,groceries,401.6,746.3,109.89,0,378.7,
12-03-2020,Furniture ,236.1,738.5,73.69,0,239.1,
24-12-2020,Sporting Goods,447.6,1410.1,129.07,0,426.6,
04-14-2021,electronics,306.6,481.7,47.52,No,291.6,
10-10-2020,office supplies,362.1,821.3,?,FALSE,361.9,
26-Mar-22,PET SUPPLIES,337,819.6,196.12,0,345.3,
30-04-2022,Sporting Goods,602.5,1409.9,129.06,FALSE,593.1,
14-10-2021, Electronics,221.6,422.1,46.66,0,228.3,
12-Apr-20,Grocerys,236.9,646.3,106.93,FALSE,219.8,
18-Feb-21,PetSupplies,457.2,804.6,202.5,1,477.7,
17-01-2022,SPORTING GOODS,511.7,1403.7,133,0,523.2,
02-04-2020,Sporting_Goods,544.1,1372.1,127.85,0,560.1,
05-18-2022,Furniture,240.3,NA,74.59,0,249.9,
12-16-2021,Sport Goods,534.4,1418,128.75,0,488.2,
06-07-2020,Electronis,180.6,548.3,$46.29,0,1806,
05-14-2020,Office Supplies,455.5,999999,89.99,Yes,457.9,
03-24-2022,Grocerys,387.9,738.7,107.21,0,402.6,
28-05-2020,Furniture ,232.2,756.4,77.49,0,219.5,
12-10-2021,beauty,345.4,1010.4,$165.76,N,317.4,
04-03-2022,Electronic,357.5,338.2,48.35,0,330.4,
22-11-2020,office supplies,363.3,834.7,92.84,FALSE,342.9,
29-06-2022,Electronis,289.3,297.8,46.39,0,266,
02-24-2020,Electronic,201.5,541.9,47,0,208.4,
25-05-2020,OfficeSupplies,249.9,917.3,90.88,0,245.6,
26-Feb-22,Pet Supplies ,344.4,813.2,190.87,FALSE,317.3,
05-08-2021,apparel,-465.6,1258.3,168.83,N,446.4,
01-12-2020,Pet Supplies ,N/A,764.5,197.11,FALSE,308.1,
27-03-2021,Sporting_Goods,591.3,1326,127.22,No,586.1,
18-07-2020,GROCERIES,239.6,605.4,109.32,0,243.6,
05-08-2021,FURNITURE,357,974.5,76.3,0,N/A,
06-06-2020, Office Supplies,284,879.3,87.43,FALSE,267.8,
10-02-2020,Electronic,560.8,416.2,48.25,0,206.5,
02-26-2022,furniture,null,1102.6,72.88,No,229.4,
25-01-2022,Toys,264.3,null,235.81,0,273.3,
12-01-2021,Sporting_Goods,485.3,1404,124.58,N,450.8,
25-10-2020, Toys,302.2,632.7,240.86,0,306.3,
30-04-2021, Toys,470.5,615,236.16,1,440.8,
11-15-2021, Office Supplies,386,825.3,89.65,0,389.1,
24-06-2020,Toy,351.6,?,233.89,1,342.1,
04-27-2021,Sport Goods,507.6,1357.6,129.41,N,501.2,
24-11-2020,ELECTRONICS,149.6,544.3,46.28,0,143.8,
15-10-2022,sporting goods,689.3,1442.8,$126.75,TRUE,634.2,
06-09-2022,Automotive Parts,307.6,513.7,220.55,No,282.1,
19-08-2021,Toy,365.3,628.7,235.21,0,380.1,
16-Jun-22,furniture,311.4,1131.5,71.28,0,300.4,
09-16-2021,"  BEAUTY	",435.9,986.6,167.75,0,NULL,
05-05-2021,Sporting_Goods,543.9,null,130.36,0,511.7,
22-01-2020,pet supplies,258.3,829.5,198.48,0,263.3,
31-07-2020,FURNITURE,334.5,821.8,73.73,FALSE,314.6,
22-Apr-22, Apparel,496.7,1369.5,164.42,0,511.6,
25-03-2021,office supplies,507.8,NULL,91.18,TRUE,512.8,
11-Jul-21,PET SUPPLIES,328.9,779.6,197.2,0,321,
12-06-2021, Apparel,373.7,1315.8,165.03,0,383.8,
26-11-2022,Sporting Goods,544.2,1472.9,131.03,N,514.4,
04-08-2021,Pet Supplies,327.2,781.9,199.04,0,324.4,
18-02-2021,toys,269.3,622,244.32,0,248.1,
08-03-2020,Sporting Goods,677.2,1416.8,126.07,1,625,
03-10-2022,FURNITURE,252.3,1110.3,74.85,0,231.9,
04-01-2023,"  toys	",323.8,571.3,NA,FALSE,325.4,
08-11-2022,Pet Supplies ,345.5,734.3,197.75,FALSE,324.7,
02-14-2022,sporting goods,572.5,1408.9,134.67,0,564.7,
19-Apr-22,toys,298.5,643.2,244.65,0,287.2,
29-03-2021,Sport Goods,499.5,1358.4,128.15,N,,
02-11-2020,sporting goods,468.6,1413.7,126.14,0,463.4,
15-01-2020,TOYS,219.7,804.3,Rs.233.54,0,210.7,
29-Oct-20,ELECTRONICS,178.5,480.9,44.97,0,164.7,
06-19-2022,Grocerys,305.8,778.5,105.97,N,310.5,
30-Sep-22,GROCERIES,388.9,739.1,106.01,0,391.5,
12-26-2020,office supplies,418.5,849.9,89.34,FALSE,413.1,
12-27-2022,OFFICE SUPPLIES,673,763.6,90.93,1,623.7,
17-Jul-22,AUTOMOTIVE PARTS,320,575.9,Rs.216.31,0,320.7,
08-01-2022,sporting goods,533.1,1013.4,Rs.124.99,No,557.6,
25-05-2022, Electronics,342.4,309.5,46.55,0,351.2,
02-06-2021,Pet Supplies ,268,855,200.89,N,263.7,
04-21-2020,Apparel,326,1307.1,168.79,0,332.6,
04-04-2022,"  ELECTRONICS	",333.9,306.8,48.43,0,308.4,
30-05-2022,Sporting_Goods,569,1443.1,Rs.126.59,0,550.8,
12-21-2020,pet supplies,266.9,827.4,200.23,0,266.9,
22-11-2021,PetSupplies,302.1,838.8,199.23,0,279.4,
09-10-2021, Apparel,513.4,1309.7,166.66,FALSE,482.9,
05-30-2021,AUTOMOTIVE PARTS,303.1,688.8,213.81,0,315.8,
06-20-2020,Sporting Goods,515.4,1345.4,129.22,0,525.3,
03-02-2022,SPORTING GOODS,568.9,1428.7,$130.72,0,525.1,
05-04-2021,PetSupplies,225.6,871.7,194.65,FALSE,231.5,
02-Apr-21,Furniture,225.8,962.9,75.33,0,230,
12-Jul-21,Pet Supplies,265,803.5,203.12,No,261.4,
26-06-2022,Pet Supplies,307.6,-,197.09,FALSE,310,
21-Jan-22,Office Supplies,488,721.6,85.3,0,487.5,
08-Jul-21, Toys,336.7,644.2,238.98,0,326.7,
18-Mar-22,Toys,299,639,246.54,0,301.2,
12-11-2020,Groceries,481.4,569.5,108.53,Yes,445.5,
03-06-2020, Apparel,394.9,1309.7,167.83,N,392.4,
05-05-2022,OFFICE SUPPLIES,380.2,694.7,90.52,N,353.1,
31-Aug-20,Sporting_Goods,482.8,1376.2,125.82,No,448.4,
25-07-2021,Furniture ,308.3,1004.3,73.53,FALSE,missing,
12-Sep-20,TOYS,336.2,623.1,243.72,N,348,
01-06-2022, Beauty,467.1,1018.6,999999,0,445.7,
27-Dec-22,Clothing,642.2,1374.2,171.12,1,591,
12-09-2022, Electronics,missing,284.3,46.68,0,284.4,
27-11-2022,Electronics,315,304,47.32,Y,284.4,
14-Nov-21,Grocerys,283.1,810.9,105.66,N,269.7,
22-06-2022,Pet Supplies ,330.6,795.5,203.46,0,328.9,
09-09-2020,Sport Goods,455.6,-1368.9,126.72,0,421.6,
19-03-2020,Office Supplies,334.1,873.1,88.53,0,?,
19-10-2021,Clothing,485.9,1312.2,170.41,0,495.5,
05-08-2021,APPAREL,410.3,1313.2,173.97,0,412.4,
01-04-2020,groceries,239.4,659.1,107.83,N,247.8,
13-06-2021,office supplies,259.8,931.5,88.66,0,238.3,
30-03-2020,Sporting Goods,499.5,1393,129,0,486.4,
08-08-2020,Beuaty,401.2,1076.7,163.03,FALSE,388.2,
03-02-2020,TOYS,220.7,819.8,240.19,N,224.3,
12-01-2020,Beauty,251,1045.3,166.93,0,246.4,
13-May-21,SPORTING GOODS,596.7,1315.7,127.37,0,539.7,
28-10-2022,Apparel,872.1,1340.7,166.32,TRUE,870.9,
28-11-2020,GROCERIES,320.3,559.5,109.39,0,317.2,
22-11-2020,Auto Parts,322.6,631.5,217.87,0,319,
27-11-2022,Toy,318.4,573.4,$232.95,0,290.5,
16-Jul-22,FURNITURE,330.6,1150.1,75.89,FALSE,311.1,
23-11-2021,groceries,324.3,821.9,106.16,FALSE,313.8,
02-12-2022,Groceries ,375.3,799.1,100.88,0,385.4,
08-11-2022,GROCERIES,346.7,761,107.37,0,338.7,
08-07-2020,Apparel,561,1311.1,161.74,1,530.5,
08-03-2021,"  SPORTING GOODS	",,1354.7,128.63,No,485.5,
10-02-2021,OfficeSupplies,373.1,871,89.94,0,359.6,
26-02-2022,Clothing,482.5,1303.5,173.74,0,N/A,
03-27-2022, Electronics,346.2,313.2,47.2,FALSE,325.9,
02-06-2022,Grocery,349.9,738,105.6,FALSE,322.3,
02-16-2022, Apparel,449.5,1318.6,162.74,0,404.9,
02-11-2022,OfficeSupplies,missing,745,91.05,TRUE,656.5,
06-08-2021, Beauty,386.3,1020.6,171.61,N,378,
21-09-2022,Pet Supplies,371.1,731.6,$190.83,N,372.3,
02-04-2020,"  Beauty	",278.5,1036.2,162.37,0,260,
05-09-2022,Auto Parts,276.3,530,$221.48,FALSE,259.1,
23-12-2021,beauty,382.5,983,163.62,FALSE,399,
08-03-2022,Groceries ,318.9,783.1,103.94,0,288.1,
01-05-2020, Electronics,171,518.7,48.03,FALSE,173.1,
08-07-2021,AUTOMOTIVE PARTS,308.6,671,221.13,0,317.1,
10-10-2020,TOYS,N/A,622.6,241.72,0,300.8,
24-May-21,Toy,279.7,657.4,232.8,FALSE,292.2,
01-12-2020,"  Automotive Parts	",312.7,417.5,216.48,FALSE,45,
04-13-2021,PetSupplies,236,861.1,196.9,No,239,
03-08-2022,Furnture,368.7,1133.9,74.05,0,384.3,
04-17-2022,ELECTRONICS,355.1,276.4,46.71,No,335.7,
04-06-2020,"  Apparel	",393.7,1310.6,173.55,FALSE,381,
03-07-2022,Furniture,307.2,1145.4,75.58,FALSE,281.3,
30-10-2022, Toys,503,352.8,230.33,1,499.6,
11-01-2020,"  Furniture 	",336.3,788.5,76.98,N,305.4,
03-04-2022,Automotive-Parts,420.4,602.4,221.1,0,410.5,
13-05-2022,sporting goods,639.2,1406.1,126.92,FALSE,644.6,
21-12-2020,"  Clothing	",411.8,1281.3,164.85,0,383.1,
29-04-2022, Toys,340.7,308.9,247.02,0,321.6,
01-20-2020,SPORTING GOODS,400.8,1465.3,127.19,No,368.6,
20-09-2022,PetSupplies,362,737.2,201.16,0,327,
26-03-2022,Auto Parts,409.8,575.2,216.84,0,373,
25-02-2022,Furniture ,NULL,1094.8,72.86,0,233.9,
12-19-2020,Grocerys,331.3,563.5,$105.64,0,319.9,
26-12-2021,Sporting_Goods,532.2,NULL,131.52,N,543.7,
20-07-2022,electronics,259.6,271.5,46.78,0,259.7,
31-12-2022,electronics,317.1,273.2,46.67,0,321.6,
20-11-2020,Groceries,304.8,569.5,105.14,0,281.2,
13-04-2021,Furniture,,985.0 pcs,74.04,0,192.4,
07-08-2022,Grocery,303.2,775.4,106.7,No,279.7,
03-Feb-20,furniture,NULL,788,74.95,N,208.6,
09-03-2021,Beuaty,337.2,990.1,Rs.165.12,0,318.8,
03-30-2020,Grocerys,201.8,672.1,107.22,0,199.3,
20-04-2022,apparel,453.4,1375.1,170.31,N,456.1,
06-03-2022,AUTOMOTIVE PARTS,405.8,598.5,216.9,FALSE,395.1,
05-08-2021,Electronis,240.4,487,45.43,0,217.5,
09-Aug-20,Beauty,367.3,1082.1,157.95,0,372.6,
25-02-2022, Office Supplies,430.2,735.3,89.73,No,388,
18-09-2021,AUTOMOTIVE PARTS,NULL,708.4,216.27,FALSE,299,
07-Jun-22, Toys,363.9,562.1,236.88,0,357.5,
13-03-2021,Pet Supplies ,287.9,827.8 pcs,193.11,0,286.2,
04-10-2020,Sport Goods,439,1401.5,128.14,N,453.3,
09-08-2022,ELECTRONICS,-238.1,262.5,46.48,0,234.8,
08-19-2022,"  Pet Supplies 	",missing,742.6,193.28,FALSE,365.8,
04-09-2021, Toys,364.6,619.5,235.77,FALSE,372.4,
15-09-2021,Sporting_Goods,466.4,1398.6,124.64,FALSE,469.1,
01-20-2021,Automotive Parts,478.6,581.1,219.63,Yes,474.9,
03-24-2021,"  sporting goods	",541.3,1345.6,126.65,0,487.2,
10-02-2020,groceries,223.1,700.8,107.01,0,215.4,
30-10-2022,Apparel,491.1,1356.7,173.52,No,484.6,
23-07-2022,Grocery,521.1,999999,110.06,1,497.6,
22-01-2021,Electronis,274.5,545,45.95,No,284.6,
03-27-2020,Grocerys,297.3,645,$104.32,0,298.1,
02-18-2021,Beauty,392.3,null,164.06,No,390.9,
02-07-2022,AUTOMOTIVE PARTS,341.3,554.6,218.84,N,343.2,
02-Jan-20,Furniture,281.1,773.8,76.01,N,268.5,
26-Jun-22,Sport Goods,788.5,1374.3,-,TRUE,806,
22-01-2022,OFFICE SUPPLIES,460,725,91.16,FALSE,422,
09-05-2022, Office Supplies,310.9,701.6,88.52,0,292.7,
07-11-2020,OfficeSupplies,362.4,810.1,89.39,0,371.1,
24-Jan-22,toys,363.2,683.2,235.88,TRUE,345.4,
03-Oct-21,Groceries ,261,811.6 pcs,107.69,FALSE,246.4,
18-Jan-22,OFFICE SUPPLIES,413.9,740.1,missing,FALSE,425.6,
03-Jun-22,Appearl,473.5,1399.3,166.26,0,458,
10-May-20,sporting goods,542.9 units,1350.8,126.15,No,515,
01-20-2021, Beauty,391.2,993.4,169.41,0,367.4,
09-May-22, Beauty,614.7,1033,165.69,TRUE,608.3,
15-01-2021,Furniture,312.7,853.9,73.81,FALSE,N/A,
02-14-2021, Beauty,1116.3,968.5,163.71,0,337.6,
14-02-2022,Furniture ,262.3,1100.1,75.36,0,269.9,
13-09-2020,beauty,373.3,1044.1,164.25,0,389,
15-Nov-20,PET SUPPLIES,337.2,773.8 pcs,193.56,No,352.3,
12-09-2022,"  Groceries 	",311.9,797,111.06,N,305.7,
31-01-2022,OfficeSupplies,402,738.4,88.11,0,373.6,
09-18-2021,Sporting_Goods,515.7,1392.4,$127.59,N,518.6,
23-01-2020,Groceries,293.5,null,103.09,No,300,
16-07-2022,Groceries,325.4,780.8,107.52,FALSE,307.9,
22-03-2020,groceries,-258.3,397.8,105.57,0,38.5,
05-05-2021,OFFICE SUPPLIES,356.4,916.6,88.14,FALSE,334.7,
12-Nov-21,office supplies,455.9,805.7,92.43,0,455.6,
28-May-22,Electronis,403.6,-297.6,Rs.47.9,1,372.8,
04-29-2020,"  sporting goods	",546.4,1343.5,135.04,0,537.9,
04-03-2022,furniture,245.4,1108.3,74.04,FALSE,252.5,
17-Oct-21,BEAUTY,337,689.5,168.29,0,325.3,
09-03-2021,FURNITURE,183,939.9,76.21,FALSE,176.8,
03-17-2021,FURNITURE,206.2,948.3,74.63,0,194.7,
08-15-2021,Sporting Goods,507.6,1335.4,127.74,0,462.1,
02-12-2020,furniture,351.3,808,72.85,FALSE,320.3,
07-24-2022,Electronic,242.4 units,275.9,48.23,0,248.1,
05-04-2020, Office Supplies,288.5,890.3,90.74,No,302.9,
08-Mar-22,Auto Parts,388.2,596.1,217.99,0,388.2,
09-20-2022,GROCERIES,1234.5,787.1,108.86,FALSE,313,
17-09-2020,BEAUTY,409.4,1051.7,172.02,FALSE,377.4,
18-02-2020,Sport Goods,506.4,1436.7,$127.02,FALSE,null,
15-01-2021,Electronis,263.3,547.1,45.75,FALSE,276.1,
04-02-2020,Grocery,267.4,644.3,106.22,0,265.1,
29-Jul-20,PetSupplies,306,754.7,Rs.198.5,0,294.3,
08-10-2022,Sporting Goods,494.1,1475.4,125.89,FALSE,486.7,
30-Sep-21, Electronics,203.4,452.4,44.92,0,207.9,
20-07-2020,OFFICE SUPPLIES,213.4,905.6,Rs.88.63,0,,
31-12-2022,Office Supplies,498.2,740.2,88.33,0,475.7,
12-05-2020,Toy,250.2,-734.8,Rs.239.06,0,261.5,
26-12-2021,AUTOMOTIVE PARTS,360.9,500.7,219.21,0,378,
09-12-2020,Pet Supplies ,493.2,-786.2,198.96,TRUE,508.4,
13-10-2022,PetSupplies,1341.8,729.7,-,0,421.3,
03-Oct-20,OfficeSupplies,354,NULL,88.49,FALSE,326.4,
26-06-2021, Toys,357,637.4,241.35,0,370.8,
23-04-2021,furniture,251.1,993.6,Rs.75.88,0,240.1,
12-07-2020,"  Sport Goods	",436.9,1389.1,129.45,0,453.7,
22-08-2022,Sporting_Goods,474.2,1461.5,131.55,0,428.5,
16-05-2020,FURNITURE,216.1,748.3,73.08,0,219.8,
18-05-2020,Furniture,185.5,758.9,75.45,N,175.4,
01-08-2020, Electronics,192.7,516.5,46.74,FALSE,176.3,
06-10-2021,Appearl,3255.4,1324.8,174.39,1,740.1,
05-Jul-20,Automotive-Parts,243,806.6,999999,0,247.8,
16-02-2021, Electronics,389.1,529.1,47.1,1,358.7,
14-05-2022,Appearl,406.3,1442.4,169.73,No,383.2,
06-09-2020,Pet Supplies ,204.3,,194.26,FALSE,191.2,
26-Apr-20,"  Groceries	",N/A,453.8,107.39,FALSE,11.5,
10-Mar-20,Furniture ,185.1,745.2,75.14,0,194.2,
15-09-2020,groceries,194.1,613.1,105.21,No,199.6,
02-Mar-22,automotive parts,418.7,605.8,215.32,0,,
14-03-2020,office supplies,353.7,891.1,90.47,N,368.1,
24-10-2020,Automotive Parts,278.9,710.1,219.09,0,276.6,
09-10-2020,Furniture,402,758.7,73.21,0,380.1,
10-03-2021,toys,249.8,651,228.14,0,253.6,
01-20-2021,PET SUPPLIES,310.2,819.1,196.82,0,292.5,
11-09-2022,Beauty,421.9,977,158.94,N,404.5,
08-11-2020,furniture,336.7,795.1,75.64,No,333.3,
29-Mar-20,Toys,233,756.2,236.39,0,234.5,
28-01-2021,apparel,472.7,1283.1,174.93,0,473.6,
15-Nov-20,OfficeSupplies,358.7,819.5,89.26,No,344,
18-03-2020,TOYS,241.5,773,233.98,0,222.7,
11-28-2021,Auto Parts,352.7,659,213.25,0,N/A,
18-11-2021, Toys,315.9,missing,237.7,No,323.2,
02-Jan-22,Groceries ,NULL,813.8,107.18,0,356.7,
12-24-2021,Apparel,505.9,1308,172.24,0,510.5,
19-07-2020,Pet Supplies ,246,779.8,198.43,FALSE,240.4,
25-05-2021,Electronis,249.2,525.6,45.69,0,231.6,
07-01-2020,furniture,238.7,810.7,75.36,0,231.4,
07-03-2020,Beuaty,406.3,1100.2,164.08,FALSE,395.5,
16-Feb-21,"  Furniture	",N/A,907.7,72.56,N,218.5,
24-01-2022,sporting goods,-541.3,1408.7,128.15,N,498.5,
08-04-2022,Furniture,239.8,1138.8,73.06,FALSE,227.7,
08-16-2022,GROCERIES,287.2,770.6,105.68,FALSE,286,
04-Jan-21,APPAREL,448.8,1275.2,166.88,0,465.8,
20-01-2022, Office Supplies,599.5,714.5,88.95,1,555.1,
04-12-2020, Apparel,489.5,764.7,169.02,0,513.4,
01-10-2022,Electronic,229.3,287.8,47.91,No,226.7,
05-09-2022,toys,362.8,609.2,233.21,0,362,
17-05-2020,sporting goods,537.3,1356.4,126.57,0,507.6,
21-08-2022,Office Supplies,370.1,717.7,93.82,0,345,
14-Oct-21,OFFICE SUPPLIES,413,845.1,92.49,N,380.3,
06-05-2020,"  FURNITURE	",237.1,773.2,76.49,FALSE,218.4,
04-08-2020,Automotive Parts,233.3,764.7,215.67,0,230.6,
13-01-2022,"  TOYS	",307.7,678.2,240.6,0,291.9,
15-Jun-20,"  Sport Goods	",468.2 units,-,126.21,0,423.1,
04-22-2022,AUTOMOTIVE PARTS,missing,563.8,222.26,TRUE,503.9,
27-11-2020,Office Supplies,,804.2,91.05,FALSE,455.8,
03-11-2022,AUTOMOTIVE PARTS,372.4,510.6,220.36,FALSE,343.4,
04-Jun-20,Toys,296.4,688.8,237.63,0,286,
06-Sep-20,"  Furniture 	",351.7,816.1,74.91,FALSE,364.4,
11-Feb-22,"  PET SUPPLIES	",336.3,NULL,198.37,0,306.5,
05-03-2021,office supplies,429.1,867,Rs.89.52,0,428.2,
14-08-2021, Toys,358.1,634.5,232.71,0,373.2,
07-28-2020,Pet Supplies,262.2,774,195.33,0,250.8,
06-02-2020,Electronis,313.3,546.2,46.78,1,325.6,
02-May-20,Electronics,missing,488.4,47.19,No,267.4,
21-02-2020,Automotive Parts,352.2 units,785.8,223.56,0,327.1,
03-Feb-22,Beauty,419.6,995.1,165.58,0,401.9,
24-02-2022, Toys,262.7,664.4,235.05,No,275.1,
25-01-2021,SPORTING GOODS,447.6,1424.8,127.62,No,459.1,
07-21-2020,Beuaty,343.2,1104.5,164.87,FALSE,340.2,
01-10-2020,automotive parts,390.7,725.9,218.16,1,359.5,
05-24-2020,"  Sporting Goods	",502.6,1341.2,125.39,0,462.5,
11-06-2020,Grocery,264.5,595.1,108.94,FALSE,999999,
02-01-2021, Electronics,280,562.3,46.76,TRUE,287.3,
10-01-2020,Sporting Goods,527.3,1439.2,129.7,N,548.7,
17-11-2020,Auto Parts,275.1,666.6,220.71,No,249.4,
11-Jan-22,Grocery,327.5,812.3,108.59,0,304.8,
12-05-2022,Toys,352.4,576.8,237.99,0,-,
08-06-2021,Furnture,309.4,1007.2,77.08,TRUE,307,
02-24-2022,PET SUPPLIES,NA,811.6,199.48,0,329.1,
24-Jul-22,office supplies,353.3,693.2,89.43,0,340,
07-04-2020,Auto Parts,337.1 units,783.2,221.01,N,,
12-08-2022, Toys,386.8,999999,235.85,0,350.8,
09-10-2020,TOYS,311.7,625.5,231.7,0,295.8,
15-07-2020,Pet Supplies,301.3,760,201.63,0,277.2,
27-10-2021,Office Supplies,557,847,87.78,TRUE,582.4,
04-12-2020, Office Supplies,421.8,825.8,90.29,0,NA,
04-19-2021,office supplies,277.9,-925.1,90.24,0,277,
05-09-2020,Furniture ,-219.4,789.9,74.06,FALSE,2192,
20-11-2021,AUTOMOTIVE PARTS,348.6,656.3,214.37,0,341.7,
14-12-2022, Apparel,556.8,1377.4,172.79,No,559.7,
04-Oct-21,automotive parts,265,700.9,214.67,0,250.1,
29-06-2020,ELECTRONICS,179.8,572.6,47.43,0,166.1,
04-06-2020,pet supplies,215.1,798.5,196.75,No,199.5,
10-06-2020, Beauty,?,1104.8,165.38,0,397,
12-01-2022,sporting goods,643.7,1425.7,129.39,Yes,590.5,
16-03-2022,"  BEAUTY	",NULL,1021,162.48,No,415.4,
05-13-2021,Appearl,NA,1308.3,170.97,0,442.3,
14-Sep-20,electronics,118.9,558.4,45.76,0,116,
03-06-2022,Automotive-Parts,358.3,519.2,220.31,0,352.4,
07-Feb-20,Beauty,309,1030.6,171.4,FALSE,292.6,
11-Nov-21,Sporting Goods,498.2,1426.2 pcs,128.27,No,515.6,
06-16-2022,Office Supplies,389.5,694.1,92.68,0,373.9,
24-08-2022,automotive parts,407.8,562.7,219.13,1,402.7,
01-09-2022,Furnture,378.4,null,76.72,0,367.7,
21-07-2022,sporting goods,NULL,1366.6,126.17,0,NA,
19-04-2020,Furniture,188.6 units,776.1,73.99,0,188.1,
17-11-2021,ELECTRONICS,221,405.2,46.52,0,199.4,
17-Jun-21,Grocerys,307.4,659.7,110.47,0,279.5,
05-25-2020,APPAREL,NULL,1327.9,170.29,0,355.2,
20-11-2021,Groceries ,348.1,816.2 pcs,106.63,0,332.9,
21-10-2020,beauty,369.8,1070.4,168.71,0,363.7,
02-06-2020,Office Supplies,203.7,928,90.27,0,194.5,
16-05-2022,Grocery,302.9,786.7,105.57,0,291.5,
25-03-2021,pet supplies,287.4,845.7,197.58,0,287.2,
03-Feb-20,Beauty,272.4,1036.1,156.97,0,273.8,
17-07-2021,"  Grocerys	",272.4,655,Rs.111.69,FALSE,255.3,
25-Jan-21,Apparel,421.3,1298.4,173.9,N,408,
06-05-2021,Furniture ,223.5,1018,74.15,FALSE,220.2,
12-02-2020,AUTOMOTIVE PARTS,328.1,801.3,227.6,FALSE,298.5,
18-03-2020,Furniture,172.1,missing,73.82,N,164.5,
23-09-2021,toys,344.3,650.8,240.48,0,347.9,
02-11-2020,OFFICE SUPPLIES,428.8,915,92.6,Yes,447,
12-09-2021,"  Pet Supplies	",319.3,-804.4,203.22,0,288.6,
09-13-2020,sporting goods,452.6,1384.8,129.58,FALSE,454,
26-07-2022,Pet Supplies,324.3,999999,195.63,N,319.4,
08-11-2021,sporting goods,513.4,1332.7,128.04,FALSE,494.1,
16-12-2022, Toys,365.3,564.9,240.39,N,376.5,
07-27-2022,TOYS,392.1,574.2 pcs,233.31,0,388.9,
31-Oct-22,Electronis,217.3,290.8,46.55,FALSE,201.5,
04-05-2020,OfficeSupplies,225.2,911.7,92.2,FALSE,212.5,
06-04-2021,Sporting Goods,488.3,1354.1,131.67,N,498.2,
31-Oct-21,SPORTING GOODS,497.6,852.9,NA,0,44.7,
15-11-2021,Electronis,181.3,421.4,47.14,0,166.7,
28-06-2021,"  Furnture	",288.5,1004.6,999999,0,292.8,
16-Oct-22,Furniture,394.3,1118.3,74.24,FALSE,388.6,
10-20-2022,groceries,372.6,764.6,106.76,FALSE,384.9,
02-20-2022,Groceries ,363.1,789.4,105.6,FALSE,N/A,
20-11-2020,FURNITURE,365.2,820.7,73.53,No,341.9,
21-Mar-20,beauty,381.1,1126.8,$165.11,No,350.9,
26-04-2020,PetSupplies,212,815.4,206.07,FALSE,213.9,
02-08-2020,Automotive-Parts,N/A,784.9,217.55,0,216.2,
14-May-22,Furniture ,241.6,1161.7,73.11,No,226,
12-02-2022,Sport Goods,574.2,1404.2,129.47,0,572.1,
20-03-2021,Automotive Parts,396,588.6,214.31,FALSE,373.2,
05-Oct-21, Electronics,167.3,465.2,48.02,0,170.8,
11-10-2020,"  Toy	",287.6,631.4,236.76,0,298.1,
28-06-2022, Apparel,580.2,1424.8,175.58,1,532.1,
11-09-2021,Furnture,588.7,968.6,75,TRUE,618.1,
06-Oct-20,FURNITURE,328.3,769.9,74.35,0,324.9,
17-Jul-22,Sport Goods,missing,,127.54,0,514.4,
31-07-2022,OfficeSupplies,328.3,683,89.13,0,330.9,
16-09-2022,Office Supplies,443.3,708.2,92.14,0,427,
27-02-2020,FURNITURE,224.2,741.4,73.17,0,232.7,
09-Sep-21,GROCERIES,999999,767.4,106.43,FALSE,282.1,
01-02-2021,Furniture,452.5,858,74.68,Yes,413.9,
23-11-2021,sporting goods,489.4,1446.8,128.91,N,450,
16-06-2020,Sporting Goods,501,1351.3,129.17,0,469.9,
16-12-2021,pet supplies,368.4,807.5,192.38,FALSE,363.9,
10-May-21, Toys,268.9,646.4,236.31,0,260.4,
31-08-2020,Apparel,414.2,1237.7,$172.6,0,421,
08-19-2020,Office Supplies,263.5,883,88.63,0,247.6,
02-10-2022,OfficeSupplies,388.6,756.5,90.04,0,382.5,
07-10-2022,toys,390.5,606.9,232.77,0,401.5,
23-01-2020,Sporting_Goods,530.2,1433.9,125,0,516.6,
23-07-2021,Furniture,340.5,1000.3,75.14,FALSE,350.6,
01-11-2020,electronics,207.1,521.9,46.94,0,194,
14-Jun-20,Electronic,213.6,560.2,47.13,0,204.7,
07-22-2021,beauty,447,1020.8,161.21,0,434.7,
09-08-2020,Toys,297.2,629.9,235.39,FALSE,293.8,
21-03-2020,PET SUPPLIES,246.8,821.1,195.99,0,249.7,
01-02-2022,PetSupplies,308.3,835.4,198.81,0,302.4,
07-01-2020,Toy,217.3,807.5,236.71,No,212.4,
18-06-2020,Apparel,414.6,1280.8,170.24,0,431.2,
11-30-2022,BEAUTY,399.8,993.6,165.36,0,null,
31-01-2021,Automotive Parts,359.9,603.9,222.56,FALSE,354.2,
26-03-2020,Furniture ,missing,772.4,$77.28,FALSE,200.4,
11-10-2022,"  furniture	",399.1,1112,73.63,0,391.4,
30-07-2020,"  electronics	",185,552.2,45.3,No,171.5,
20-07-2021,Groceries ,231.6,667.4,110.75,N,227,
09-11-2021,Furnture,322.5,1042.1,72.21,N,304.2,
17-12-2021,Pet Supplies,381.2,801.1,197.67,No,378.6,
07-15-2022,APPAREL,455.1,1438.2,170.75,No,414.6,
31-03-2021,Grocery,324.7,NULL,106.65,FALSE,328.7,
16-05-2020,Toys,294.7,726.5,224.65,0,298.3,
10-12-2020,toys,300.6,607.3,232.81,0,291.6,
07-09-2021,Beauty,364.3,641.8,162.05,0,3778,
04-Aug-21,Sport Goods,512.9,1337.5,128.92,0,474.3,
09-05-2021,Groceries,370.3,682.6,107.82,1,355.9,
09-12-2021, Toys,377.4,672.5,240.23,1,385.3,
04-04-2021,FURNITURE,223.9,?,75.38,0,227.8,
04-04-2020,furniture,203.8,769.6,74.77,No,190.2,
10-09-2020,Grocery,257.8,-594.4,107.87,0,246.7,
26-03-2022,Groceries,356.1,741.1,Rs.107.47,N,336.3,
20-02-2021,Groceries ,327.5,298.3,110.46,0,N/A,
19-09-2020,Sporting_Goods,460.2,-,131.92,0,430.7,
03-02-2020,Automotive Parts,322.7,796.6,215.46,0,304.9,
13-Apr-22,Grocery,341.1,774.4,110.66,FALSE,332.4,
04-03-2022,Sporting_Goods,-,1408.2,126.83,FALSE,600.7,
14-08-2021,PetSupplies,342,793.3,200.63,0,310.4,
31-12-2022,Groceries,399.8,749.7,107.5,No,390.9,
16-09-2020,Automotive Parts,245.1,756.5,220.86,0,224.8,
12-03-2022,apparel,488.2,missing,170.95,0,485.2,
22-03-2021,Pet Supplies ,251.7,854.9,188.15,No,243.4,
23-Nov-22,Automotive-Parts,367.6,478.3,207.23,0,381.8,
04-06-2021,Electronis,291.1,508.8,45.79,N,288.4,
30-11-2021,office supplies,null,811.1,NA,No,357.8,
08-18-2020,Electronics,141.2,556,46.6,0,140.6,
30-12-2022,Groceries ,423.5,742.7,106.77,FALSE,405.2,
24-04-2022,Furnture,202.2,1194.9,76.3,No,211.7,
15-02-2021,Office Supplies,344.1,881.1,88.62,0,359.9,
03-22-2022,BEAUTY,N/A,1021.2,Rs.169.02,0,400.3,
03-04-2021,GROCERIES,367.7,595.7,108.03,0,353.1,
14-10-2021,toys,361.2,315.7,Rs.236.45,0,345.8,
22-02-2020, Electronics,250.1,544.2,47.88,0,252.6,
26-Dec-22,Auto Parts,376.3,500.4,213.58,0,344.5,
17-10-2021,Grocerys,265.9,834.7,110.02,0,242,
05-19-2021,Toys,307.8,641.1,235.85,N,307.1,
22-Jan-21,Pet Supplies ,435.4,819,196.56,Y,397.9,
25-01-2020,Automotive-Parts,409.4,806.5,212.68,1,N/A,
03-Apr-21,Furniture,198.9,978.5,74.66,0,207.3,
06-10-2022,AUTOMOTIVE PARTS,325.3,553.9,213.87,0,336.8,
11-05-2020,Auto Parts,287.1,841.8,216.94,FALSE,267.2,
13-Dec-20,TOYS,241.7,638.2,240.36,0,221.7,
31-12-2021,Sporting_Goods,548.9,1405.3,129.93,0,526,
13-Apr-21,Electronics,291,478,$47.61,0,293.9,
02-09-2021,office supplies,353.7,-875.8,89.49,0,320.6,
04-01-2021,Furniture,295.5,855,73.89,FALSE,293.1,
07-Mar-22,"  furniture	",211.6,1123.5,75.02,No,200.7,
13-12-2020,Electronic,177.1 units,529.7,46.97,0,165.1,
08-05-2020,APPAREL,380,1309.5,170.51,0,360.5,
17-09-2022, Electronics,250.2,245,48.73,0,254.3,
03-04-2022,Pet Supplies,237.9,865.2,198.28,FALSE,219.8,
18-01-2021,"  Grocerys	",268.8,555.3,NULL,0,279,
17-04-2020,OFFICE SUPPLIES,308.8,906,90.91,FALSE,323,
01-10-2020, Electronics,212.6,518.5,47.02,N,191.5,
08-11-2021,apparel,710.9,1268.4,170.5,1,731.2,
22-Jul-21,Grocerys,298.9,657.1,107.05,FALSE,298.3,
09-04-2021,Automotive Parts,377.8,608.9,211.04,0,363.9,
02-15-2022,beauty,388.8,1027.1 pcs,166.71,0,394.5,
23-May-20,AUTOMOTIVE PARTS,299.1,844.3,215.07,0,282.4,
04-Oct-21,Furniture,355.7,983.5,70.59,0,342.9,
10-12-2020,"   Electronics	",102.2,514.4,46.77,N,98.4,
05-Sep-20, Beauty,349.3,1076.5,167.76,N,350.8,
25-07-2022,automotive parts,288.3,573.7,219.56,0,288.1,
10-Jul-20,APPAREL,408,1309.6,169.62,0,379.5,
02-14-2022,groceries,329.3,793.9,108.14,0,321.3,
10-08-2020,OFFICE SUPPLIES,249.7,882.5,88.9,FALSE,260.4,
19-03-2021,"  Pet Supplies	",336.3,812.5,198.53,No,349.2,
24-10-2022,Beuaty,351.1,1013.2,167.93,0,358.7,
04-22-2021,Toy,311.2,621.1,226.27,N,312.7,
05-14-2021,Toy,336.7,636.8,234.52,0,303.3,
02-Mar-20,Appearl,406.8,1229.6,178,FALSE,NULL,
10-05-2021, Electronics,267.7,355.2,$48.54,0,276.7,
26-Dec-22,Groceries ,371.8 units,-752.3,109.06,FALSE,353.9,
07-08-2020,Office Supplies,276.2,missing,88.84,0,278.4,
16-May-20,AUTOMOTIVE PARTS,306.7,435.1,223.12,0,278.1,
21-12-2020,Furniture ,323.8,855.3,72.56,N,328.8,
10-Jan-20,Apparel,456.3,1187.7,166.84,0,448.3,
02-18-2021,Furnture,232.5,905.8,74.1,0,225.5,
05-02-2022,Grocery,390.2,780,110.84,FALSE,359.9,
10-27-2020,AUTOMOTIVE PARTS,264.3,704,211.59,0,270.7,
07-Jun-22,apparel,382.8,-1428.6,167.98,0,401.2,
14-03-2022,FURNITURE,214.1,1123.3,75.67,N,203.2,
03-28-2022,Beuaty,409.8,1015.4,170.26,N,386.6,
21-10-2020,APPAREL,482.3,1229.4,$167.35,0,487.1,
31-05-2021,"  OFFICE SUPPLIES	",1794,935.6,89.66,1,417.4,
14-11-2022,Pet Supplies,368.8,707.2,203.08,0,380.4,
15-12-2021,Apparel,519.8,NULL,166.1,0,487.4,
02-09-2020,FURNITURE,515.3,812.4,75.82,1,?,
17-09-2020, Office Supplies,334.9,830.8,91.28,0,318.1,
16-10-2021,FURNITURE,409,992.6,$73.83,FALSE,398.2,
28-06-2021,Pet Supplies,241.6,837.7,194.58,FALSE,240.8,
21-08-2021, Toys,387.2,622.9,241.14,No,360.2,
08-12-2022,Automotive-Parts,385.1,496.4,213.66,0,361.5,
03-21-2020,GROCERIES,262,395.2,$107.01,N,256.1,
11-09-2022,Clothing,518.1,1342.3,179.74,FALSE,513.6,
07-09-2020,Sporting Goods,435,1374.8,129.88,0,397,
04-09-2022,automotive parts,298.1,532,221.83,0,293.1,
04-28-2022, Apparel,485,-1387.3,165.86,No,437.6,
11-08-2021,Furniture,352.8,977.9,74.73,0,340.1,
20-01-2020,ELECTRONICS,178.9,535.9,45.7,0,165.8,
29-Jun-22,Grocery,319.3,778.6,107.03,0,295,
08-12-2021,APPAREL,,1296.2,168.98,FALSE,444.7,
04-28-2021,FURNITURE,209.8,1007.9,76.67,FALSE,null,
28-05-2022,OfficeSupplies,383.6,719.3,90.65,N,371.1,
11-29-2021,Pet Supplies ,338.4,836.2,Rs.194.74,No,324.3,
12-08-2022, Beauty,411.8,971.4,166.4,0,408.6,
05-04-2020,Appearl,375.4,1308.2,170.8,No,389.7,
28-01-2022,automotive parts,421.3,635.1 pcs,219,0,401.2,
03-27-2020,BEAUTY,378,1102.1,167.94,0,345,
21-05-2020, Office Supplies,325.2,897.4,91.16,FALSE,303,
08-Mar-22,Sporting_Goods,546.7,1435,130.59,0,498.2,
10-09-2022,Auto Parts,311.7,514.6,215.11,0,missing,
04-03-2022,Grocery,405.4,747.9,104.56,0,388.7,
05-11-2021,beauty,384.4,972.2,164.6,0,355.8,
31-10-2020,sporting goods,495.8,1398,130.53,0,447.1,
09-08-2020,Appearl,1007.6,1244.3,168.32,0,387.4,
11-06-2020,Automotive-Parts,303.5,875.4,217.33,FALSE,299,
07-31-2022,toys,531.3,558.5,236.39,1,498.3,
04-May-20,Groceries ,187.5,645.3,110.07,FALSE,183.5,
05-12-2022, Office Supplies,430.9,727.2,$86.76,N,440.2,
05-14-2020,Toy,306.1,726.5,242.14,FALSE,278,
13-09-2022, Beauty,397.7,973.6,166.6,No,382.3,
25-02-2020,Sporting Goods,NA,1424.7,,No,467.4,
09-07-2021,groceries,299.4,628.5,109.1,0,295.4,
03-12-2021,Furniture,387.7,604.5,76.81,N,364.9,
06-07-2022,OFFICE SUPPLIES,345.7,-695.8,91.39,FALSE,351.6,
01-01-2022,pet supplies,352.3,828.9,Rs.190.23,0,360.9,
22-May-22, Beauty,470.3,1018.7,168.18,FALSE,490.1,
01-08-2020,TOYS,334.6,643.1,240.32,0,331.5,
10-Jul-20,OFFICE SUPPLIES,345,865.8,93.22,FALSE,316.3,
09-09-2022,Groceries,342.9,788.9,107.34,0,354.8,
22-10-2021,"  OFFICE SUPPLIES	",423.7,830.1,90.75,0,442,
15-03-2022,furniture,232.6,1115.1,73.06,0,242.5,
21-07-2022,automotive parts,298.3,580.3,217.41,0,304.2,
17-01-2020,Office Supplies,433.8,864.9,86.49,0,440.7,
18-08-2020,BEAUTY,381.8,1091.9,172.97,FALSE,396.3,
02-10-2021,Sport Goods,519.9,1403.1,130.81,0,512.4,
06-09-2022,Furnture,276.8,1148.6,72.56,0,288.6,
06-25-2021, Toys,364.6,646,237.86,0,376.1,
29-05-2021,sporting goods,731.6,1313.7,124.06,1,669,
26-06-2022,Automotive-Parts,1156.2,551.3,NA,N,311.6,
28-07-2020,Electronic,146.2,556.8,47.63,0,137.4,
09-04-2020,Groceries,278.4,630.5,104.17,0,285.8,
08-02-2021,"  Groceries	",999999,594.2,107.61,0,260.3,
06-12-2021,FURNITURE,320.2 units,1035.3,76.07,FALSE,335.7,
13-12-2022,Furnture,352.9,1129.8,74.58,0,348.6,
22-06-2021,BEAUTY,399.5,999.8,165.45,0,415.7,
06-06-2021,OfficeSupplies,289.4,944.4,91.58,0,295.5,
07-05-2021,FURNITURE,276.6,1010.7,73.5,0,280.2,
25-Aug-20, Apparel,394.5,1255.6,174.3,0,393.9,
07-05-2021,SPORTING GOODS,598.3,1331.9,125.93,0,551.3,
09-04-2020, Apparel,412.4,1285.6,172.78,N,401.4,
27-02-2020,Groceries ,306.8,691.3,109.29,0,311.4,
15-Aug-22,sporting goods,494.4,1451.8,128.28,0,481.7,
05-May-22,Furniture,246.5,1160.9,72.96,0,228.6,
09-10-2022,automotive parts,314.9,523.3,221.71,0,3278,
08-09-2020,Groceries ,188.2,465.8,107.53,FALSE,180.9,
02-01-2021,Beauty,315.8,1035.9,161.8,0,missing,
02-11-2022,Electronic,247.8,289.4,46.57,0,244.7,
14-10-2020,Sport Goods,-452.2,1399.4,128.61,0,424.9,
30-12-2020,Toys,951.2,631.5,236.74,N,233.5,
24-03-2022,Furnture,219.8,1129.5,72.98,0,224.7,
25-12-2021,Apparel,520.6,1300.3,166.73,0,508.3,
06-11-2021,"  toys	",287.6,656.2,242.36,N,292.7,
11-05-2022,APPAREL,472.7,1407.2,167.63,0,484.2,
23-07-2021, Apparel,446.5,1278.4,null,0,409.2,
16-Aug-22,toys,358.4,592.7,236.21,FALSE,364.9,
07-05-2022,Beuaty,470,1023.6,NULL,0,489.8,
24-Dec-22, Apparel,577.6,1332.2,$173.12,0,522,
15-Dec-20,office supplies,511.8,838.9,89.02,Yes,525.4,
21-08-2020,Beuaty,409,1079.5,165.29,0,416.4,
17-10-2020,AUTOMOTIVE PARTS,264.9,716.7,217.9,0,270.3,
07-13-2020,Furnture,260.2,823.4,$77.62,N,253,
04-17-2022,office supplies,323.6,745.7,85.8,0,334.1,
22-01-2020,Automotive-Parts,303.8,819.2,221.51,0,310.3,
30-10-2022,Groceries,347.7,782.6,104.94,0,319.5,
03-25-2022,Sporting_Goods,631,1393.3,126.7,FALSE,600.1,
31-10-2020, Office Supplies,401.4,801.9,88.15,0,418.8,
27-Feb-21,SPORTING GOODS,missing,1350,128.35,Y,636.2,
05-13-2022,Grocery,396.1,751.3,108.35,No,391.6,
21-02-2021,electronics,243.8,522.9,45.94,N,244.4,
23-06-2022,AUTOMOTIVE PARTS,507.5,553,215.7,Yes,501.7,
24-04-2020,Auto Parts,323.9,805.6,225.21,0,324.3,
15-07-2020,Electronis,193.7,536.4,46.11,0,174.4,
08-03-2022,toys,NA,578.8,242.22,0,NULL,
14-12-2020,beauty,265.8,1083.4,163.01,0,258.1,
11-10-2020,Electronic,132.6,501.9,46.88,0,137.7,
22-03-2021,Automotive-Parts,359.1,591.1,missing,0,342.2,
11-04-2022, Toys,298.2,649.6,235.19,0,311.5,
13-04-2021,Groceries ,280.8,621.6,106.6,0,274.5,
29-07-2020,sporting goods,499.2,1344.7,128.75,N,492.5,
10-12-2020,Auto Parts,242.6,739.2,214.21,0,249.2,
28-09-2020,Furnture,342.8,797.4,73.88,0,325.5,
07-10-2021,SPORTING GOODS,null,1313.7,131.56,FALSE,537.1,
20-04-2022,Pet Supplies ,275.1,656.5,194.36,0,45.7,
05-04-2020,PET SUPPLIES,241.4,793.5,193.07,No,229.7,
14-08-2022,sporting goods,506.9,1450,132.19,FALSE,476.8,
05-01-2022,Automotive-Parts,360.4,544.9,223.25,0,363.7,
01-Sep-22,Sporting_Goods,590,1426.4,130.18,0,561.9,
05-10-2022,beauty,428.9,937,162.08,0,387.9,
27-Sep-20,"  TOYS	",319.3,-630.8,$239.19,0,309,
19-09-2021,beauty,439.4,994.4,167.46,No,450.6,
26-Mar-20,OfficeSupplies,428.4,873.6,87.28,Y,410.6,
06-07-2021,Appearl,-350.2,NA,165.26,0,341.2,
18-04-2021,FURNITURE,219.5,976.2,75.72,0,229.5,
22-04-2020,Electronics,missing,508.1,48.32,N,252,
01-11-2021,Sporting_Goods,464,855.8,128.75,0,454.5,
18-02-2021,Electronics,297.9,520.2,46.01,0,311.6,
13-05-2020,sporting goods,525.5,1356.3,131.69,FALSE,533.6,
12-04-2020,ELECTRONICS,999999,346.3,47.18,N,238.5,
11-02-2022,Toys,300.8,686.5,238.12,0,296.4,
25-12-2022,Electronic,290.6,262.3,$44.9,FALSE,288.5,
23-08-2022,Toy,381.1,588,231.46,0,373.4,
26-08-2020,Automotive-Parts,264.3,741.6,222.49,0,248.5,
03-04-2020,FURNITURE,241.5,761.9,73.57,0,220.1,
11-22-2021, Apparel,457.6,1278.6,173.02,FALSE,469.6,
25-May-21,sporting goods,510.4,1328.5,128.12,0,528.5,
16-07-2022,ELECTRONICS,285.1,263.4,46.43,FALSE,271.6,
06-06-2021,Beauty,434.7,1016,163.57,N,409.8,
06-07-2020,pet supplies,225.2,791,194.01,0,215.1,
03-12-2021,"   Beauty	",436.6,945.3,167.26,FALSE,436.7,
13-08-2022,furniture,379.6,1123.1,76.21,0,370.7,
31-08-2022,pet supplies,366.1,NULL,198.47,0,340.5,
04-02-2020,apparel,423.6,1229.7,172.54,0,414.6,
19-May-20,furniture,181.2,468.2,74.78,0,NULL,
06-01-2020,Apparel,428.5,1212.2,169.72,N,409.7,
05-10-2021,furniture,999999,1032.1,71.06,0,199.3,
24-08-2022,Beauty,453,952.7,167.26,0,447.7,
07-10-2021,Furniture,391.6,969.5,75.96,0,401.6,
12-19-2022,Electronic,266.3,294.5,47.83,FALSE,267.3,
19-02-2022,Sporting_Goods,589.3,1396.1,124.62,No,586.4,
17-09-2021,APPAREL,473.4,missing,169.43,0,439.4,
10-Mar-20,PetSupplies,225.2,835.6,199.09,0,206,
06-Jun-21,Pet Supplies ,273.9,535.8,195.61,No,249.6,
19-01-2021,"  Toys	",1120.3,629.9,243.3,0,256.6,
05-20-2020,Beuaty,600.4,1101.4,NA,TRUE,577.2,
01-08-2022,FURNITURE,316.1,1067.5,73.11,0,329.1,
01-25-2021,Beauty,451.9,1017.2,$165.46,1,437.6,
06-10-2021,Office Supplies,404.3,812.6,90.72,0,382.5,
03-06-2020,PetSupplies,?,818.7,195.44,N,257.6,
30-Sep-20,Electronic,146.4,532.4,46.83,0,134.9,
02-23-2021,Sport Goods,562.7,1060.1,127.66,0,570.2,
11-05-2021,"  Automotive Parts	",355.2,651.4,217.57,No,999999,
10-02-2022,toys,275.1,682.8,239.76,FALSE,286,
17-Feb-21,Beuaty,380,948.3,158.63,0,364.1,
17-May-20,AUTOMOTIVE PARTS,265.1,446.6,Rs.217.36,0,49.7,
03-Nov-22,Groceries ,384.5,762.1,106.93,0,390.5,
11-20-2022,SPORTING GOODS,480.2,1486.2,124.58,0,449.5,
26-Apr-22,Furnture,233.7,1181.5,74.34,0,227.3,
03-Jul-21,toys,357.2,633.4,235.68,0,336.8,
25-Nov-22,Beuaty,426.1,990.6,163.66,0,433.5,
26-May-20,pet supplies,279.9,834.5,187.37,Y,275.7,
24-06-2022, Office Supplies,382.5,681.9,88.28,0,350.3,
04-08-2021,electronics,217.2,484,46.99,N,223.4,
06-Sep-20,Clothing,336.6,1283.2,170.61,0,346.1,
29-11-2021,Electronics,194.8,401.8,49.03,0,194.9,
23-10-2021,Grocery,329.2,812.3,109.51,FALSE,303.9,
19-Jul-22,Automotive-Parts,281.9,591.3,$219.13,0,259.2,
16-Oct-22,Automotive Parts,294.2,513.1,216.92,N,286.3,
18-Dec-21,Electronis,-,370.4,45.35,0,278.3,
28-Apr-21, Beauty,671.6,missing,160.84,1,642.8,
29-12-2020,GROCERIES,265.8,586.7,104.08,0,246.3,
14-Jul-21,Beauty,450.6,1003.5,165.64,0,457.6,
26-08-2020,Electronics,missing,548.7,48.51,N,147.2,
16-Sep-20,Grocerys,230.8,596.6,106.89,0,234,
29-08-2020,Auto Parts,245.1,756.9,226.45,0,256,
20-06-2020, Apparel,359.7,1309.7,168.91,0,360.3,
06-21-2020,Sporting Goods,498.8,1359.5,128.39,0,489.5,
19-06-2020,Pet Supplies ,321.1,770.9,199.28,N,332.4,
10-04-2021,Toy,367.8,611.9,230.87,1,377.4,
12-20-2021,AUTOMOTIVE PARTS,329.6,675.2,221.66,0,315.5,
07-02-2021,Pet Supplies ,null,810,192.9,0,334.5,
16-02-2021,OfficeSupplies,353.6,886.1,89.74,0,333,
01-09-2022, Office Supplies,437.1,722.7,91.62,0,399.6,
24-09-2020,Pet Supplies,340.5,784.8,196.59,0,346.2,
02-11-2021,Groceries,288.5,819,102.95,0,283.7,
14-Mar-21,Furnture,217.1,944.4,73.93,0,200.5,
29-Jan-20, Beauty,287.3,1027.7,164.84,0,285.5,
17-07-2020, Apparel,425.2,1293.7,177.03,0,413.8,
15-02-2021, Beauty,332.8,966,162.41,0,312.6,
21-02-2020,Electronics,267.3,532.1,46.37,0,262.3,
09-26-2022,AUTOMOTIVE PARTS,999999,509.1,215.72,FALSE,288.4,
27-06-2022,apparel,417,1417,171.41,0,393.8,
16-01-2021,Furniture ,297.1,,75.77,0,268.3,
04-Jun-22,APPAREL,447.4,-1416.2,175.62,0,464.2,
22-08-2021,"  GROCERIES	",276.5,740.6,106.88,0,259.9,
27-02-2021,Clothing,473.4,1274.4,170.25,0,446.1,
26-10-2022,"  FURNITURE	",401.7,1134.5,999999,N,388.9,
15-06-2022,TOYS,360.6,576.1,234.11,FALSE,344.7,
04-Jul-20,Grocery,235.9,-628.5,109.93,FALSE,225.7,
04-23-2021,ELECTRONICS,339.9,472.1,45.27,0,310.2,
06-Feb-21,Auto Parts,361.5,617.8,211.28,0,370.9,
02-12-2021,Groceries ,372,792.9,107.9,0,388.8,
17-Jun-21,PET SUPPLIES,306.8,816.2,199,0,309.4,
01-14-2022,"  PET SUPPLIES	",344.6,999999,194.88,N,313.3,
10-03-2022,"  Office Supplies	",385.9,752,89.92,0,401.5,
02-08-2021,Toys,341,644.3,233.49,0,345.3,
08-Feb-21,FURNITURE,214.2,904,74.65,0,209.5,
16-01-2020,Sporting Goods,826.9,1418,130.74,1,800.8,
27-04-2020,PET SUPPLIES,186.4,826.1,202.36,FALSE,178.9,
12-01-2022,Apparel,505.5,1330.3,null,No,522.9,
03-09-2022,Office Supplies,401.3,732.2,86.69,0,394.7,
05-12-2020,apparel,508.9,760.2,172.73,N,466.2,
25-Feb-21,beauty,385.6,-953.3,163.17,0,393.3,
16-06-2020,"  beauty	",407.7,1126.3,171.01,0,428,
01-Apr-21,"  Automotive Parts	",387.2,595.3,Rs.217.37,0,379.8,
26-08-2021,Furniture,391.5,952.6,74.29,0,359.8,
27-07-2021,Beauty,526,missing,164.09,TRUE,499,
08-07-2021, Apparel,450,1289.2,167.26,0,445.2,
06-Apr-21,"  FURNITURE	",173.5,983.2,Rs.76.23,0,165.7,
29-09-2022,Furniture,439,1110.7,76.13,0,452.7,
14-01-2022,Sport Goods,605.7,1380.3,130.51,0,612.9,
11-10-2021,OFFICE SUPPLIES,409.1,816.9,92.21,0,409.7,
01-01-2020,electronics,177.1,528.9,46.33,No,178.1,
06-28-2022,Groceries ,307.1,781.5,107.81,0,297.4,
15-11-2021,Grocery,288.7,818.5,114.14,FALSE,267,
12-08-2021,PetSupplies,491.8,791.7,194.78,1,449.4,
08-10-2020, Office Supplies,349.1,824.6,84.2,0,346.4,
01-06-2021,Office Supplies,403.7,N/A,$90.23,FALSE,384.7,
15-09-2021,PetSupplies,343.8,793.1,192.61,No,332.1,
10-15-2021,Pet Supplies ,395.1,843.9,191.9,FALSE,389.2,
25-10-2021,Grocerys,280.9,815.3,104.73,0,292.1,
23-04-2022,Furniture ,244.1,NULL,74.67,FALSE,230.3,
09-05-2022,Auto Parts,343,543.6,?,0,320.1,
30-Mar-21,Pet Supplies,236,882.8,187.96,FALSE,213,
03-Oct-22,toys,341.8,620.7,N/A,0,335,
20-Jan-21,Electronics,246,546.9,48.39,0,239.6,
05-01-2021,OFFICE SUPPLIES,349.7,864.5,87.56,0,343.8,
14-06-2020,Grocerys,203.9,625.2,106.92,0,199.9,
11-Feb-20,PetSupplies,236.5,827.9,198.58,FALSE,214.5,
22-11-2020,Toys,287.4,606.3,236.79,0,263.7,
29-08-2020,Office Supplies,325.5,861,91.02,FALSE,325.5,
20-03-2020,TOYS,249.5,772.8,239.3,0,225.5,
23-12-2020,pet supplies,314.6,822.8,$199.72,0,309.1,
13-10-2021,"  Toys	",323.9,320.3,$237.2,No,325,
24-08-2021,OFFICE SUPPLIES,329,803.7,$89.89,0,323.6,
12-07-2021,Sport Goods,488.9,1339.9,126.59,FALSE,463.6,
24-04-2020,Electronis,284,493.5,45.21,No,262.9,
07-08-2020,Toy,318.8,652.3,234.7,0,293,
08-Feb-22,beauty,321.6,1038.6,168.08,0,302.6,
26-07-2020,toys,307.3,637,247.08,FALSE,288.9,
21-12-2021,Beuaty,385.4,981.4,156.2,0,368.3,
02-17-2022,Clothing,483.5,1307.1,166.72,0,489.9,
29-03-2022,Electronis,326.9,319.7,46.92,0,341.8,
26-02-2022,Electronis,348.9,347.4,47.5,FALSE,365.7,
14-06-2022,Pet Supplies,301.7,826.8,201.46,0,279.7,
03-24-2021,OfficeSupplies,319.1,868.4,91.71,0,N/A,
22-03-2022,furniture,215.4,1128.7,72.38,0,214.5,
11-05-2020,Toy,235.4,740.8,242.97,0,224.2,
18-04-2022,PET SUPPLIES,247.6,657.8,193.98,0,239.1,
08-17-2022,Pet Supplies ,372.3,750.7,193.07,FALSE,344.3,
04-10-2020,Furniture ,337.6,782.4,null,0,339.4,
05-Jun-20,AUTOMOTIVE PARTS,307.5,870.6 pcs,218.59,0,291,
20-01-2022,furniture,322.2,1072.6,71.65,0,310,
23-11-2020,Grocerys,246.6,586.6,110.23,FALSE,231.4,
10-09-2021,Furniture ,355.3,969.5,72.41,0,372.5,
10-11-2021,Beuaty,347,999.2,163,0,-,
06-05-2021,Sporting_Goods,575.8,1336,128.56,No,523,
06-11-2022,toys,-364.8,569.3,237.21,0,376.9,
09-04-2022, Apparel,471.7 units,1350.6,173.79,N,473.9,
29-08-2020,"  Electronics	",191.2,553.7,47.5,Yes,196.4,
18-10-2022,automotive parts,346.6,508.1,225.01,0,334.6,
07-26-2021,Office Supplies,300.1,868.7,90.17,No,278.6,
14-Apr-22,OFFICE SUPPLIES,364.7,734,87.51,FALSE,NA,
03-11-2021,Groceries ,496.9,806.6,105.82,TRUE,521.1,
01-10-2022,Clothing,504.3,1343.6,170.38,0,495.2,
14-11-2020,Furniture ,385.6,805.1,72.65,0,389.4,
06-Mar-21,sporting goods,571.1,1347.8,132.06,0,555.4,
09-25-2022,AUTOMOTIVE PARTS,296,501.1,212.99,0,303.1,
29-08-2022,Office Supplies,373.4,731.6,$87.39,0,373.1,
16-12-2020,pet supplies,328.6,794.3,194.18,FALSE,311.7,
13-10-2021,Grocery,285.8,820.6,108.89,FALSE,272.3,
24-06-2022,Grocerys,349.1,776.8,111.15,FALSE,336.4,
13-02-2021,Furniture,249.3,891.5,73.43,0,237.8,
16-11-2022,Appearl,574.8,1373.2,174.8,0,593,
10-04-2020,APPAREL,422.6,1288.5,165.71,0,,
13-Jun-21,Groceries ,261.4,678.2,107.35,0,266,
16-07-2020,OfficeSupplies,320,869,88.1,FALSE,309,
09-Apr-22,Sporting_Goods,608.2,1407.5,missing,0,578.5,
01-25-2020,Groceries ,280.9,670.7,106.09,No,280.3,
06-06-2022,Toys,406.1,566,237.94,Y,410.6,
10-11-2020, Electronics,168.2,511.4,46.87,0,157.3,
11-08-2021,"  GROCERIES	",274.9,810.7,112.77,0,268.8,
10-06-2021,FURNITURE,,980.3,73.74,0,338.4,
08-05-2022,Pet Supplies ,278,471.3,200.03,No,null,
16-03-2022,PET SUPPLIES,316.9,805.1,195.55,0,289.8,
19-11-2020, Office Supplies,1761.7,803.4,90.66,0,403.7,
10-21-2021,TOYS,350.4,609.6,247.1,0,356.1,
08-08-2021,Grocerys,249.5,709.1,105.95,0,246.2,
07-02-2021,Automotive-Parts,392.1,617.1,226.66,0,401.3,
21-Nov-21,APPAREL,493.4,1271,166.01,0,502.6,
06-Aug-20,Furnture,331.8,813.3,72.28,0,305.8,
28-02-2022,Beauty,373.2,831.1,162.24,No,350.2,
28-Dec-20, Electronics,184.3,577.9,47.14,N,181,
08-Mar-21,Furniture,-276.1,935.3,75.93,1,248.8,
22-09-2021, Electronics,193.4,462.2,47.62,0,198.9,
19-Nov-21,GROCERIES,357.4,809.9,106.62,0,335.6,
10-23-2021,pet supplies,393.2,missing,198.65,0,408,
09-06-2021,Pet Supplies,275.1,531.9,199.6,No,248.3,
30-Sep-20,Beuaty,336.1,1077.7,162.37,FALSE,328,
07-09-2020, Beauty,333.2,1063.5,168.45,0,304.4,
08-27-2021,APPAREL,453,1273.5,173.06,0,444.8,
10-20-2021,Furniture ,410.3,1008.7,73.72,FALSE,383.5,
29-04-2020,Electronic,247.4,500.1,47.63,FALSE,257.7,
15-Jan-20,Auto Parts,348.2 units,825.4,218.73,N,341.4,
08-09-2020,Pet Supplies,282.5,787.5,201.48,0,259.1,
28-Nov-22,ELECTRONICS,235.8,310.1,48.34,0,236.9,
20-08-2020,Office Supplies,-,860.7,89.28,FALSE,314,
08-05-2021,ELECTRONICS,314.9,349.3,47.3,0,31.7,
03-19-2021,Electronis,323.3,476.3,46.04,0,322.5,
09-Sep-22,"  Beauty	",712.7,NULL,166.38,1,645.1,
05-14-2020,PetSupplies,264.9,831.9,192.36,FALSE,254,
26-05-2021,AUTOMOTIVE PARTS,288.1,695.6,213.08,0,277.5,
22-02-2021,electronics,252.9,514.8,46.81,0,245.6,
05-10-2021,Sport Goods,474.1,1419.2 pcs,130.41,FALSE,444.4,
08-06-2022,sporting goods,606,1419.3,126.82,FALSE,586,
18-01-2021, Office Supplies,390.3,862.4,90.43,0,351.4,
27-May-22,Automotive-Parts,362.8,509.3,213.67,0,354.7,
18-Jul-22,ELECTRONICS,246,276.7,47.64,FALSE,238.9,
01-01-2023,BEAUTY,-372.2,988.5,163.91,0,389,
26-01-2022,automotive parts,null,658.9,221.63,0,358.7,
24-04-2022, Office Supplies,323.7,737.5,999999,0,327.4,
14-08-2022,Furniture ,375.4,null,74.86,0,369.5,
26-03-2021,pet supplies,290.4,843.3,197.58,0,263.6,
04-01-2023,Furnture,311.2,1125.9,72.61,0,291.6,
10-24-2021,beauty,298.6,1020.7,159.95,0,NA,
02-Feb-22, Toys,302.4,683.4,226.51,0,291.8,
20-09-2022,TOYS,400.6,605.8,240.67,0,-,
04-03-2020, Beauty,N/A,1101.4,162.52,0,356.1,
23-07-2022,Electronics,265.9,270.7,47.75,0,266.8,
20-10-2021,sporting goods,530.9,?,NA,0,526.6,
25-Apr-22,"  GROCERIES	",299.9,768.4,106.23,0,314,
02-10-2020,Electronis,157.5,526.4,47.95,0,162.4,
11-04-2021,Beuaty,365.1,992.5,166.71,0,364.6,
28-01-2022,beauty,413.5,1002.2,162.86,0,420.9,
18-02-2020,AUTOMOTIVE PARTS,313.2 units,797,216.39,0,290.6,
28-09-2020,sporting goods,452.9,1394.5,127.06,FALSE,454.4,
07-01-2021,Auto Parts,483.9,607.3,218.84,Y,484.2,
05-01-2022, Toys,291.7,616.8,239.17,FALSE,282,
21-04-2021,Auto Parts,353.9,611.6,215.09,0,365.8,
07-Oct-21, Beauty,407.7,987.7,162.79,0,369.4,
15-09-2021,Groceries ,278.4,795.3,109.02,N,256.9,
20-10-2022,FURNITURE,426,1110.6,74.42,0,411.4,
07-06-2020,Automotive-Parts,254.3,893.3,220.82,N,258.9,
17-Sep-21,Auto Parts,280.7,701,216.83,0,294.4,
21-02-2020,PetSupplies,284,815.7,198.57,FALSE,279.2,
11-06-2022, Beauty,492.5,-1028.7,173.63,0,488.4,
26-07-2020,Groceries,184.3,633.8,105.71,0,171.7,
15-Sep-22,Automotive Parts,321.5,500.5,220.59,0,289.5,
07-04-2022,Auto Parts,408.6,580,221.48,0,423.4,
12-19-2022,Beauty,363.2,972.2,168.13,0,362.4,
11-Oct-22,"  Apparel	",498,1343.1,169.15,0,463.5,
23-05-2021, Toys,295.5,648.2,238.68,0,283.6,
07-22-2022,Auto Parts,322.1,565.3,212.03,0,293.1,
08-05-2022,"   Toys	",332.4,599,234.97,0,343.7,
08-19-2022,"  Apparel	",510.1,1410.1,170.41,0,494.5,
01-17-2021,Sport Goods,468.8,1419.7,130.67,N,477.8,
26-11-2021,FURNITURE,360.5,1017.8,75.8,0,363.3,
14-06-2022,apparel,408,1432.1,169.01,0,403.6,
21-Oct-20,Groceries,267.9,400.1,NA,FALSE,999999,
07-09-2020,GROCERIES,195.4,460,103.42,FALSE,177.4,
12-19-2020,Toys,N/A,618.1,,0,332.5,
24-Apr-22,PET SUPPLIES,272.1,856.5,199.28,0,281.2,
19-06-2022,AUTOMOTIVE PARTS,324.6,568.7,218.14,0,312.9,
22-May-21,OfficeSupplies,481.5,945.4,92.23,TRUE,436,
11-08-2022,Clothing,490.8,980.9,173.24,0,459.2,
02-11-2022,SPORTING GOODS,544,1459.9,128.77,0,535.1,
04-06-2020,"  GROCERIES	",261.9,596,108.8,No,254.2,
07-06-2020,Pet Supplies ,222.2,,193.21,0,220.5,
09-24-2021,Automotive-Parts,321.6,691.7,214.31,0,null,
03-31-2020,Sport Goods,492.3,1391.5,N/A,0,488.7,
04-09-2022,pet supplies,372,728.8,196.88,No,359.9,
08-Aug-21,Furniture ,351,972.2,75.33,FALSE,N/A,
21-08-2020,AUTOMOTIVE PARTS,255,-516.1,228.45,0,48.4,
21-03-2020,OfficeSupplies,338.6 units,873.1,89.8,0,337,
12-08-2020,Beauty,387.8,1078.7,167.8,0,378.7,
14-06-2020,sporting goods,525.3,1330.1,125.72,0,519.2,
18-Jul-21,FURNITURE,285,1001.3,73.95,FALSE,258.5,
06-Aug-21,ELECTRONICS,234.3,492.7,48.75,0,224.8,
04-04-2022,Auto Parts,367,999999,226.88,FALSE,374.8,
12-07-2020,groceries,292.4,614.6,105.75,1,305,
24-Dec-21,furniture,377.3,1023.9,74.98,0,375.3,
21-Oct-21,Sport Goods,542.1,1375.7,128.37,0,564.2,
03-11-2022,Toys,315.9,641.5,242.4,N,306.2,
20-04-2021,furniture,197.5,993,71.82,0,190.3,
25-08-2020,PET SUPPLIES,265.5,761.6,203.58,0,257.2,
12-11-2021,Beuaty,398,993.1,160.83,0,414.3,
13-Sep-21,Office Supplies,327.1,836.5,90.55,0,3379,
23-04-2020,sporting goods,606.9,N/A,127.95,FALSE,576.8,
19-07-2022, Office Supplies,325.7,701.5 pcs,89.02,0,330.6,
19-Sep-22,Automotive-Parts,294.4,491.1,?,0,281.4,
14-04-2021,Auto Parts,353.9,590.1,223.97,0,354.2,
25-11-2020,OfficeSupplies,387,832.3,90.6,No,398.2,
23-06-2020,furniture,201.3,803.6,76.42,0,201,
10-04-2020,ELECTRONICS,290.9,NULL,47.79,No,273.6,
10-06-2020,Furniture,219.5,780.2,74.26,No,208.2,
04-11-2022,PET SUPPLIES,2752.9,697.1,198.87,TRUE,669.9,
22-06-2021,Toy,316.1,655.1,244.38,0,295.4,
26-08-2022,PetSupplies,416.3,726.2,206.36,0,379.1,
12-09-2020,Electronic,138.8,560.1,47.27,0,130.8,
06-13-2021,ELECTRONICS,255.8,520.5,47.16,No,262.7,
01-11-2020,PetSupplies,327,789.3,195.31,FALSE,314.3,
07-06-2020,Sport Goods,474.4,1377.1,130.05,FALSE,482.8,
07-22-2021,beauty,447,1020.8,161.21,0,434.7,
06-03-2022,AUTOMOTIVE PARTS,405.8,598.5,216.9,FALSE,395.1,
14-Apr-22,Appearl,453.4,1368.7,171.9,0,468.5,
27-02-2021, Office Supplies,543.8,898.2,94.09,1,537.1,
02-20-2022,Groceries ,363.1,789.4,105.6,FALSE,N/A,
09-09-2022,Groceries,342.9,788.9,107.34,0,354.8,
13-02-2021,Furniture,249.3,891.5,73.43,0,237.8,
09-05-2022,pet supplies,258.3,477.8,195.28,0,267,
02-Oct-20,sporting goods,530.8,1375.2,132.66,FALSE,500.4,
01-Jul-21,OFFICE SUPPLIES,330.8,900,88.28,0,346.3,
02-06-2021,Groceries,296.2,693.9,103.98,FALSE,301.2,
16-Apr-21,Toys,302.3,623.8,238.93,0,305.1,
03-07-2020,Sport Goods,551.7,1417,131.93,0,577.7,
04-21-2020,Apparel,326,1307.1,168.79,0,332.6,
12-15-2021,BEAUTY,345.8,978.5,167.12,No,346.8,
17-05-2020,groceries,206.1,632.7,107.94,0,208.2,
24-01-2021,Pet Supplies ,-,819.4,190.48,0,304.8,
20-01-2022,Sporting_Goods,556.5,1403.6,129.39,N,5495,
07-09-2021,Grocery,-239.8,783.7,108.79,0,245.7,
30-May-21,Beauty,395.3,1033.6,161.23,0,391.3,
08-07-2022, Office Supplies,349.2,696.2,88.81,0,342.6,
29-05-2021,sporting goods,731.6,1313.7,124.06,1,669,
19-07-2021,ELECTRONICS,205.6,477.6,46.35,0,198.8,
21-09-2020,toys,304.8,620,239.02,0,317.3,
03-24-2021,furniture,204.6,954.1,73.11,No,191.6,
09-30-2021,Auto Parts,285.3,696.8,225.56,0,273.4,
23-01-2020,Groceries,293.5,null,103.09,No,300,
12-01-2020,Pet Supplies ,276.9,803.7,191.13,0,287,
07-12-2021,Clothing,509.2,1284.6,166.05,0,481.8,
13-01-2022,Beuaty,362.5,993,N/A,0,999999,
02-28-2020,"  Automotive-Parts	",359.8,773.7,214.44,No,376,
11-Jul-21, Electronics,224.7,489.2,46.22,0,235.4,
11-04-2021,APPAREL,428.7,1295.9,169.6,0,386.6,
18-May-20,groceries,190.1,638.9,$109.44,0,177.8,
17-01-2022,OfficeSupplies,368.7,753.4,90.02,No,353.9,
16-03-2021,Electronis,-303.4,472.6,46.92,FALSE,277.7,
23-Nov-20,ELECTRONICS,143.6,531.1,45.58,0,136.8,
05-07-2020,Sport Goods,561.4,1341.5,Rs.125.85,0,520.5,
23-06-2020,PetSupplies,244.5,800.2,196.47,0,226.6,
02-11-2022,OfficeSupplies,missing,745,91.05,TRUE,656.5,
15-04-2021,OFFICE SUPPLIES,374.7,881.4,88.25,0,345.2,
04-08-2020,Clothing,366.6,1278.6,164.1,0,350.5,
22-08-2022,APPAREL,431.3,1438.4,174.07,0,432.4,
08-28-2022,"  Furnture	",342.9,1163.2,73.34,0,341.9,
17-10-2020,Appearl,512.5,1215.4,Rs.169.69,FALSE,525.3,
22-01-2020,Automotive-Parts,303.8,819.2,221.51,0,310.3,
04-04-2022, Toys,325,628,233.64,0,299.9,
31-Mar-21,Office Supplies,339.5,878.8,93.18,No,342.4,
27-Dec-22,Clothing,642.2,1374.2,171.12,1,591,
26-07-2020,automotive parts,197.5,784.9,$213.88,0,189.3,
19-08-2021,furniture,365.4,967.1,76.05,0,352.4,
02-23-2022,groceries,385.4,770.6,107.54,FALSE,373.9,
11-09-2022,Clothing,518.1,1342.3,179.74,FALSE,513.6,
03-30-2021,Grocerys,280.9,630.4,108.4,FALSE,287.9,
01-08-2022,OfficeSupplies,-,405.3,89.88,0,469.7,
16-06-2020,Groceries,197.4,621.1,109.89,0,189.4,
15-Feb-21,automotive parts,343,640,217.94,0,339.8,
30-Sep-20,PetSupplies,352.9,805.6,196.46,0,370.4,
06-10-2020,PetSupplies,,786.4,192.33,0,289.8,
19-03-2021, Toys,255.6,641.7,235.91,FALSE,256.9,
08-Nov-20,Electronic,187.6,528.2,46.88,TRUE,172.2,
23-07-2020,Furnture,290.7,missing,73.52,0,266.4,
02-Aug-20,Apparel,401.2,1273.3,169.04,0,414.4,
05-13-2022,Clothing,450.3,1422.2,170.03,N,446.1,
04-19-2020, Toys,229.6,742.7,?,0,218.2,
03-03-2020,Automotive-Parts,321.8,549.3,216.97,FALSE,297.5,
08-04-2022,Furniture,239.8,1138.8,73.06,FALSE,227.7,
05-18-2021,Electronics,274,315.3,46.39,FALSE,61.4,
22-Aug-21,Pet Supplies,missing,799,191.54,0,312.2,
10-12-2021,ELECTRONICS,252.4,383,45.59,0,254.5,
01-03-2021, Apparel,455.2,1270.3,167.01,0,475.4,
08-31-2020,Beauty,355,1058.6,Rs.165.25,No,332.8,
11-13-2022,Office Supplies,454,746.6,91.15,0,447.1,
01-09-2021,Office Supplies,356,818.6 pcs,$87.63,FALSE,N/A,
15-04-2022, Beauty,458.9,1002.7,164.56,No,461.4,
10-06-2022,"   Beauty	",494.4,1023.7,164.88,0,488.4,
28-01-2022,"  groceries	",397.9,778.5,105.49,FALSE,417.6,
28-06-2022,furniture,276.4,1158.3 pcs,$72.16,0,267.8,
10-06-2020,SPORTING GOODS,399.9,1414.1,N/A,FALSE,384.4,
09-27-2021,Pet Supplies ,406.2,473.8,195.26,Yes,83.1,
18-04-2022,TOYS,322.9,633.9,236.19,FALSE,334.1,
04-15-2020,FURNITURE,185.4,770.6,73.82,0,182.5,
06-Sep-20,"  Pet Supplies	",323.7,773.2,194.47,0,N/A,
10-Jan-20, Toys,241.8,795.5,239.83,0,242.8,
28-12-2022,Automotive Parts,407.9,496.8,215.41,0,NA,
10-10-2022,OFFICE SUPPLIES,394.7,754,93.31,0,358.2,
14-Aug-21,Sport Goods,2181.3,1342.1,128.32,FALSE,516,
17-05-2022,Pet Supplies,247.6,646.1,199.55,0,234.6,
08-10-2020,Sporting_Goods,missing,1368.5,130.14,FALSE,521.4,
08-18-2021,Pet Supplies ,342.5,801.4,199.14,N,330.9,
28-Mar-20,OFFICE SUPPLIES,317.4,864.2,89.19,FALSE,314,
07-Apr-21,sporting goods,NA,1332.6,129.6,0,525.4,
22-04-2022,FURNITURE,250.5,1161.6,75.8,N,244,
27-01-2020,Clothing,370.2,1232.8,172.44,0,377.8,
18-04-2020,PetSupplies,245.4,771.6,206.07,0,243.5,
30-Oct-21,Pet Supplies,361.6,826.6,197.39,0,365.4,
14-Sep-22,Sporting Goods,494.8,1466.5,?,No,492.5,
26-Mar-22,Sporting Goods,858.3,1399.5,131.14,1,836.3,
29-07-2020,OfficeSupplies,313.9,868.4,89.92,FALSE,305.2,
02-24-2022,OfficeSupplies,421.1,740.1,91.59,0,381.1,
09-11-2021,BEAUTY,435,991.2,167.56,FALSE,436.9,
12-07-2021,OfficeSupplies,282,898,92.17,0,273.4,
23-Sep-21,Sporting_Goods,452.2,1406.5,131.05,0,430.5,
22-01-2021,AUTOMOTIVE PARTS,559.8,581.4,211.45,Yes,559,
29-Jul-20,apparel,378.9,1287.2,165.66,0,369.6,
07-03-2021,Pet Supplies,254.6 units,831.2,199.56,0,251.8,
09-08-2020,Grocerys,217.6,594.6,-,No,209.5,
07-12-2021,Furniture,missing,1005.9,73.94,0,257.3,
08-28-2020, Electronics,183.4,542.4,47.69,0,171,
11-06-2020, Electronics,247.2,551,47.46,0,225.7,
30-01-2022,PetSupplies,286.5,841.9,196.65,0,275.8,
24-Jun-20,Beauty,386.5,1127.1,null,0,380.5,
21-04-2020,Beuaty,369.2,1081.3,?,FALSE,377.7,
11-05-2022,ELECTRONICS,343.3,291.6,46.14,FALSE,310.4,
02-05-2022,Automotive-Parts,361.7,541.2,216.6,0,null,
23-11-2022,"  sporting goods	",508.2,1482.1,129.63,0,498.8,
12-11-2022,groceries,379.6,762.7,Rs.110.14,0,396.7,
14-04-2022,Beauty,491.3,994.6,162.7,No,513.7,
10-01-2020,office supplies,376.1,810.7,90.05,FALSE,354.4,
11-16-2021, Beauty,510.7,1012.8,167.05,TRUE,467.3,
18-Jun-21,Pet Supplies ,298.5,817.1,200.62,No,2955,
06-20-2022,Grocery,283,788.3,104.46,0,255.2,
29-11-2021,automotive parts,320.8,666.3,223.84,FALSE,297.8,
04-03-2022,PetSupplies,331.3,806.5,196.78,FALSE,344.4,
21-02-2022,Beuaty,347.1,1035.3,166.03,0,323.6,
02-06-2021, Apparel,473.2,1275.3,170.95,0,429.1,
03-05-2020,AUTOMOTIVE PARTS,390,820.5,218.72,Y,397.5,
16-Apr-20,Grocery,268.2,628.9,107.76,FALSE,266.7,
08-27-2021,APPAREL,453,1273.5,173.06,0,444.8,
29-Sep-22,Office Supplies,448.7,726.4,90.69,N,432.7,
30-May-22,pet supplies,272.5,null,198.85,0,284.5,
10-02-2021,Pet Supplies,371,825.2,193.07,Y,376.2,
14-08-2020,sporting goods,455.9,1382.2,132.76,0,464.5,
23-07-2022,BEAUTY,477.1,935.3,166.43,FALSE,missing,
21-10-2021,Office Supplies,437.3,822,90.08,No,394.6,
17-02-2021,PET SUPPLIES,439.6,541.2,196.49,TRUE,438.9,
07-Jun-20,groceries,208.7,611.2,111.52,0,192.5,
11-01-2020,"  Furniture 	",336.3,788.5,76.98,N,305.4,
04-13-2020,Apparel,N/A,1302.9,172.19,FALSE,331.4,
02-Dec-22,apparel,546.3,1385.7,170.52,0,561.5,
31-03-2021, Apparel,,1279.6,NA,0,424.3,
07-31-2020,Beuaty,425.1,1085.3,160.38,0,403.9,
10-02-2020,PetSupplies,247.3,827.4,194.94,0,241.9,
07-05-2022,Electronics,362.2,275.5,47.27,0,368.7,
26-05-2021,Furnture,230.1,1006.8,$75.67,0,,
29-Mar-20,Toys,233,756.2,236.39,0,234.5,
27-12-2020,Sporting Goods,444.2,1422.9,132.86,0,?,
12-04-2020,beauty,383,1111.3 pcs,161.76,0,396.5,
