Date,Product_Category,Units_Sold,Inventory_Level,Unit_Price,Promotion_Flag,Warehouse_Dispatch_Rate
01-01-2020,Electronics,177.1,528.9,46.33,FALSE,178.1
01-01-2020,Pet Supplies,298.5,804.4,196.85,FALSE,306.6
01-01-2020,Beauty,292.3,1029.7,165.15,FALSE,305.7
01-01-2020,Sporting Goods,453.3,1397.7,126.8,FALSE,472.3
01-01-2020,Furniture,261.3,780.4,73.82,FALSE,243.5
01-01-2020,Toys,388.7,792.3,239.05,TRUE,397.1
01-01-2020,Automotive Parts,339.5,656.2,223.74,FALSE,311.8
01-01-2020,Apparel,453.9,719,168.09,FALSE,426.4
01-01-2020,Groceries,270,655.4,107.5,FALSE,276.9
01-01-2020,Office Supplies,363.4,882.1,91.4,FALSE,331.7
02-01-2020,Pet Supplies,298.1,807,191.7,FALSE,281.1
02-01-2020,Automotive Parts,348.8,786.5,219.17,FALSE,356.6
02-01-2020,Office Supplies,385.4,874.9,91.11,FALSE,381.8
02-01-2020,Sporting Goods,525.15,1419.1,128.33,FALSE,535.7
02-01-2020,Furniture,202.7,480.8,43.19,FALSE,210.9
02-01-2020,Toys,240.1,797.5,247.51,FALSE,224.2
02-01-2020,Groceries,302.1,649.9,108.64,FALSE,315.7
02-01-2020,Automotive Parts,337.6,819.5,213.49,FALSE,307.2
02-01-2020,Apparel,445.1,716.9,171.46,FALSE,69.9
02-01-2020,Furniture,281.1,773.8,76.01,FALSE,268.5
02-01-2020,Beauty,301.6,1023.4,161.52,FALSE,300.4
03-01-2020,Clothing,381.5,1234.9,172.29,FALSE,396.5
03-01-2020,Sporting Goods,642.8,1429,127.04,TRUE,628.15
03-01-2020,Furniture,292.9,760.3,73.95,FALSE,279.5
03-01-2020,Office Supplies,369.4,855.6,88.42,FALSE,443.7
03-01-2020,Automotive Parts,308.2,835.1,217.96,FALSE,287.5
03-01-2020,Apparel,483.4,711.2,167.15,FALSE,463.2
03-01-2020,Pet Supplies,642.8,803.9,192.42,FALSE,295
03-01-2020,Groceries,292.3,649.4,104.55,FALSE,284.1
03-01-2020,Toys,235.8,800.8,230.42,FALSE,228.1
03-01-2020,Electronics,196.4,510.5,46.62,FALSE,181.6
04-01-2020,Pet Supplies,306.4,809.5,200.14,FALSE,309.4
04-01-2020,Furniture,260.1,769.7,74.99,FALSE,248.6
04-01-2020,Electronics,192.1,512,45.59,FALSE,198.1
04-01-2020,Groceries,261.2,664,109.62,FALSE,274.1
04-01-2020,Apparel,600.6,712.1,172.11,TRUE,557.1
04-01-2020,Automotive Parts,354.3,782.2,224.68,FALSE,317.9
04-01-2020,Sporting Goods,509,1383.6,122.9,FALSE,522.1
04-01-2020,Toys,274.4,1722.47,237.42,FALSE,270.6
04-01-2020,Beauty,285.6,1030.2,166,FALSE,270
04-01-2020,Office Supplies,361.7,885.2,87.91,FALSE,374.6
04-01-2020,Sporting Goods,519.8,1079.1,129.04,FALSE,475.4
04-01-2020,Automotive Parts,313.5,835.5,212.92,FALSE,315.3
05-01-2020,Pet Supplies,266.4,815.9,191.48,FALSE,257.4
05-01-2020,Office Supplies,355,883.8,92.87,FALSE,336.3
05-01-2020,Furniture,265.4,761.5,73.87,FALSE,262.6
05-01-2020,Apparel,407.2,1216.3,171.24,FALSE,422.8
05-01-2020,Beauty,270.8,1035.8,166.83,FALSE,259.1
05-01-2020,Furniture,211.4,777.2,73.86,FALSE,211.2
05-01-2020,Automotive Parts,308.3,838.7,214.16,FALSE,309.1
05-01-2020,Beauty,399.3,1067.3,168.98,FALSE,373.4
05-01-2020,Toys,306.1,635.9,229.81,FALSE,285.7
05-01-2020,Toys,187.9,811,235.15,FALSE,186.3
05-01-2020,Groceries,286.1,619.7,108.32,FALSE,299.3
05-01-2020,Groceries,260.9,673.9,107.88,FALSE,240.3
06-01-2020,Electronics,198.2,527.3,46.55,TRUE,206.4
06-01-2020,Apparel,428.5,1212.2,169.72,FALSE,409.7
06-01-2020,Pet Supplies,247,827.6,198.77,FALSE,243.2
06-01-2020,Office Supplies,467.7,891.7,89.41,TRUE,441.1
06-01-2020,Toys,226.6,803.9,244.67,FALSE,233.2
06-01-2020,Sporting Goods,642.8,1098,129.43,TRUE,119.3
06-01-2020,Automotive Parts,271.4,844.2,223.34,FALSE,247.1
06-01-2020,Groceries,233.1,685.9,109.47,FALSE,218.2
06-01-2020,Pet Supplies,244.3,834,197.9,FALSE,226.8
06-01-2020,Sporting Goods,423.1,1377,125.31,FALSE,422.7
06-01-2020,Furniture,363.1,764,73.76,TRUE,333.7
06-01-2020,Beauty,383.5,1107.9,163.6,FALSE,386.1
06-01-2020,Beauty,234.6,1051.7,157.77,FALSE,628.15
07-01-2020,Furniture,282.8,760.3,77.74,FALSE,290.2
07-01-2020,Sporting Goods,460.6,1097.1,127.02,FALSE,472.7
07-01-2020,Office Supplies,477.6,895.2,88.95,TRUE,451.9
07-01-2020,Toys,217.3,807.5,236.71,FALSE,212.4
07-01-2020,Apparel,420.4,1215,170.28,FALSE,403.3
07-01-2020,Beauty,270,1047,160.06,FALSE,265.2
07-01-2020,Furniture,238.7,810.7,75.36,FALSE,231.4
07-01-2020,Sporting Goods,511.4,1364.4,129.51,FALSE,530.9
07-01-2020,Apparel,507.2,1321.1,168.92,TRUE,484.7
07-01-2020,Groceries,197.4,694.7,107.18,FALSE,295.35
07-01-2020,Pet Supplies,259.2,827.9,193.95,FALSE,255.8
07-01-2020,Toys,320.2,635.9,244.77,FALSE,328.4
07-01-2020,Electronics,175.5,523.1,46.78,FALSE,628.15
07-01-2020,Automotive Parts,296.4,839.7,217.75,FALSE,286.8
08-01-2020,Beauty,405.5,1080.9,167.97,FALSE,393.4
08-01-2020,Pet Supplies,321.3,814.6,205.73,FALSE,294.4
08-01-2020,Clothing,450.3,1203.3,166.46,FALSE,459.9
08-01-2020,Sporting Goods,431.4,1107.4,131.67,FALSE,400.3
08-01-2020,Automotive Parts,314.7,833.4,212.43,FALSE,284.5
08-01-2020,Office Supplies,377.6,877.4,87.46,FALSE,384.3
08-01-2020,Furniture,267.3,770.1,75.07,FALSE,262.5
08-01-2020,Apparel,393.1,1279.4,169.7,FALSE,406.5
09-01-2020,Toys,313.75,808,236.86,FALSE,224.2
09-01-2020,Furniture,285.3,760.1,73.12,FALSE,273.1
09-01-2020,Beauty,337.8,1068.5,164.22,FALSE,334.7
09-01-2020,Pet Supplies,335.9,790.7,196.71,FALSE,311.5
09-01-2020,Automotive Parts,227.9,764.9,220.75,FALSE,228.5
09-01-2020,Automotive Parts,364.8,815,217.8,FALSE,381.9
09-01-2020,Clothing,642.8,1178.7,174.47,TRUE,628.15
09-01-2020,Groceries,304.3,667.9,105.2,FALSE,296.6
09-01-2020,Electronics,201.4,519.1,46.02,FALSE,181.5
09-01-2020,Pet Supplies,308.6,768.5,196.38,FALSE,318.5
09-01-2020,Office Supplies,400.9,870.3,87.52,FALSE,406.3
09-01-2020,Sporting Goods,518.7,1441,130.23,FALSE,540.8
09-01-2020,Clothing,415.5,1238.7,166.23,FALSE,416.3
10-01-2020,Sporting Goods,527.3,1439.2,129.7,FALSE,548.7
10-01-2020,Automotive Parts,330.3,831,218.71,FALSE,341.8
10-01-2020,Groceries,304,667.1,112.07,FALSE,305.6
10-01-2020,Office Supplies,376.1,810.7,90.05,FALSE,354.4
10-01-2020,Beauty,290.7,1032.3,163.62,FALSE,304.9
10-01-2020,Office Supplies,514.8,877.8,87.58,TRUE,515.3
10-01-2020,Pet Supplies,321.3,796.4,197.46,FALSE,310.6
10-01-2020,Apparel,456.3,1187.7,166.84,FALSE,448.3
10-01-2020,Toys,241.8,795.5,239.83,FALSE,242.8
11-01-2020,Groceries,287,670.6,107.92,FALSE,293.3
11-01-2020,Beauty,294.2,1032.5,169.26,FALSE,302
11-01-2020,Toys,232.8,786.3,233.61,FALSE,235.8
11-01-2020,Sporting Goods,496,1404.7,128.33,FALSE,454.1
11-01-2020,Automotive Parts,348.1,818.4,217.08,FALSE,330.6
11-01-2020,Furniture,336.3,788.5,76.98,FALSE,305.4
11-01-2020,Apparel,456,779.1,174.53,FALSE,420
11-01-2020,Furniture,271.8,767.7,76.18,FALSE,263.4
11-01-2020,Office Supplies,378.7,872.8,90.02,FALSE,373.6
11-01-2020,Sporting Goods,504.9,1445.9,128.54,FALSE,495.3
12-01-2020,Groceries,226.4,683.4,107.16,FALSE,215.7
12-01-2020,Furniture,392.8,820.9,76.05,TRUE,376.7
12-01-2020,Beauty,251,1045.3,166.93,FALSE,246.4
12-01-2020,Office Supplies,353.8,878.2,91.51,FALSE,352
12-01-2020,Sporting Goods,442.6,1452.6,128.33,FALSE,456
12-01-2020,Apparel,439.1,783.4,171.85,FALSE,412.7
12-01-2020,Furniture,246.8,776.8,76.91,FALSE,289.7
12-01-2020,Electronics,177.8,533,46.78,FALSE,175.3
12-01-2020,Pet Supplies,276.9,803.7,191.13,FALSE,287
13-01-2020,Electronics,165.3,537.3,47.82,FALSE,159
13-01-2020,Furniture,245.2,781.2,75.97,FALSE,246.8
13-01-2020,Automotive Parts,369.4,838.4,211.45,TRUE,356
13-01-2020,Pet Supplies,242.6,822,193.48,FALSE,247.1
13-01-2020,Sporting Goods,468.8,1439.2,131.15,FALSE,449.1
13-01-2020,Office Supplies,302.9,886,90.75,FALSE,289.9
13-01-2020,Apparel,447,784.8,162.92,FALSE,64.55
13-01-2020,Toys,208.5,793.8,235.68,FALSE,189.5
13-01-2020,Beauty,265.1,1044.3,161.84,FALSE,272.4
13-01-2020,Groceries,207.1,692.5,109.21,FALSE,210.6
14-01-2020,Automotive Parts,299.6,844.2,217.32,FALSE,308.9
14-01-2020,Pet Supplies,253.3,822.7,190.2,FALSE,245.1
14-01-2020,Apparel,361.8,801.4,166.79,FALSE,352.3
14-01-2020,Beauty,403.7,1039.1,164.86,TRUE,405
14-01-2020,Electronics,158.9,533.8,48.03,FALSE,146.2
14-01-2020,Toys,211.7,804.8,240.71,FALSE,192.8
14-01-2020,Groceries,302.8,693.7,111.13,FALSE,237.2
14-01-2020,Furniture,251.9,778.6,73.85,FALSE,248.7
14-01-2020,Office Supplies,306.7,888.8,85.58,FALSE,302.3
14-01-2020,Sporting Goods,437,1722.47,128.34,FALSE,395.5
15-01-2020,Automotive Parts,348.2,825.4,218.73,FALSE,341.4
15-01-2020,Sporting Goods,524.8,1722.47,123.35,FALSE,547
15-01-2020,Groceries,261.3,690.7,107.24,FALSE,270.5
15-01-2020,Furniture,251.5,776.7,74.69,FALSE,239.5
15-01-2020,Electronics,201.8,524.5,49.17,FALSE,204.7
15-01-2020,Office Supplies,366.6,819.8,89.18,FALSE,345.3
15-01-2020,Clothing,437.5,783.8,171.45,FALSE,452
15-01-2020,Toys,219.7,804.3,237.11,FALSE,210.7
15-01-2020,Beauty,320.2,1019.2,159.6,FALSE,305
15-01-2020,Pet Supplies,259.2,828.2,194.95,FALSE,268.2
16-01-2020,Pet Supplies,293.6,812.3,201.35,FALSE,265
16-01-2020,Groceries,323.3,684.4,108.24,FALSE,332.5
16-01-2020,Automotive Parts,320.9,831.4,220.55,FALSE,328.5
16-01-2020,Apparel,469.9,1198,169.42,FALSE,464
16-01-2020,Electronics,248.4,522.9,46.37,FALSE,201.7
16-01-2020,Furniture,256.9,773,73.7,FALSE,242.4
16-01-2020,Sporting Goods,642.8,1418,130.74,TRUE,628.15
16-01-2020,Toys,250.3,798.4,233.51,FALSE,230.9
16-01-2020,Beauty,310.2,1021.9,158.41,FALSE,387.5
16-01-2020,Office Supplies,342.5,881.8,89.82,FALSE,355.8
17-01-2020,Furniture,266.7,769.1,74.43,FALSE,264.6
17-01-2020,Apparel,486.4,1186.5,168.7,FALSE,467.9
17-01-2020,Automotive Parts,331.6,822.7,216.38,FALSE,317.9
17-01-2020,Toys,245.3,803.3,241.01,FALSE,243
17-01-2020,Sporting Goods,523.4,1429.9,130.32,FALSE,515.7
17-01-2020,Beauty,330.4,1011.4,158.06,FALSE,334.9
17-01-2020,Electronics,226.8,519.8,47.96,FALSE,237.7
17-01-2020,Office Supplies,433.8,864.9,86.49,FALSE,440.7
17-01-2020,Pet Supplies,277.8,816.9,190.79,FALSE,284.4
17-01-2020,Groceries,301.3,696,105.6,FALSE,313.2
18-01-2020,Apparel,484.9,1191.7,166.63,FALSE,487.3
18-01-2020,Pet Supplies,285.5,811.1,196.75,FALSE,275.5
18-01-2020,Sporting Goods,475.7,1447.5,129.74,FALSE,484.1
18-01-2020,Groceries,285.2,689.7,107.45,FALSE,263.5
18-01-2020,Beauty,284.2,1016.3,164.45,FALSE,297.4
18-01-2020,Electronics,195,480.8,47.73,FALSE,184.6
18-01-2020,Toys,642.8,820,235.86,FALSE,195.9
18-01-2020,Automotive Parts,338.1,820.3,217.8,FALSE,315.7
18-01-2020,Furniture,248.3,778.2,74.76,FALSE,225.8
18-01-2020,Office Supplies,642.8,879.9,90.97,FALSE,361.35
19-01-2020,Beauty,288.2,1019.3,166.05,FALSE,302.3
19-01-2020,Pet Supplies,274.9,809.4,202.37,FALSE,262.7
19-01-2020,Sporting Goods,494.2,1397.7,128.26,FALSE,447
19-01-2020,Electronics,207.5,533.8,46.71,FALSE,188.3
19-01-2020,Office Supplies,330.3,903.4,91.05,FALSE,340.3
19-01-2020,Groceries,237,710.6,103.43,FALSE,217.4
19-01-2020,Automotive Parts,354.1,811.4,215.02,FALSE,359
19-01-2020,Toys,204.4,819.2,241.6,FALSE,210.2
19-01-2020,Furniture,241.4,770.2,72.3,FALSE,233.8
19-01-2020,Apparel,424.7,1219.4,169.25,FALSE,425.7
20-01-2020,Beauty,277,1032.7,163.17,FALSE,268.5
20-01-2020,Office Supplies,334.6,909.3,92.86,FALSE,341.8
20-01-2020,Electronics,178.9,535.9,45.7,FALSE,165.8
20-01-2020,Toys,229.6,635.9,236.22,FALSE,220.1
20-01-2020,Apparel,400.2,1230.6,164.31,FALSE,376.7
20-01-2020,Furniture,238.9,774.1,74.03,FALSE,225
20-01-2020,Sporting Goods,400.8,1465.3,127.19,FALSE,368.6
20-01-2020,Automotive Parts,329.1,656.2,218.87,FALSE,295.9
20-01-2020,Pet Supplies,214.1,840.7,200.22,FALSE,310.6
20-01-2020,Groceries,234.9,699.5,105.45,FALSE,242.6
21-01-2020,Toys,218,815.8,243.39,FALSE,200.4
21-01-2020,Groceries,236.6,697.6,107.5,FALSE,214.9
21-01-2020,Pet Supplies,271.2,824.5,196.78,FALSE,269.8
21-01-2020,Sporting Goods,429.7,1455.1,127.45,FALSE,431.7
21-01-2020,Office Supplies,348.6,904.7,90.12,FALSE,339.3
21-01-2020,Automotive Parts,331.1,805,210.49,FALSE,334.6
21-01-2020,Electronics,179.5,535,46.59,FALSE,162.4
21-01-2020,Furniture,240.9,773.8,76.16,FALSE,225.7
21-01-2020,Apparel,428.7,1226.6,175.51,FALSE,446.7
21-01-2020,Beauty,397.35,1024.4,164.18,FALSE,309
22-01-2020,Toys,255.8,807.5,233.27,FALSE,259.4
22-01-2020,Furniture,303.9,775.7,75.16,FALSE,223.4
22-01-2020,Apparel,464.6,1223.6,168.48,FALSE,483.2
22-01-2020,Pet Supplies,258.3,829.5,198.48,FALSE,263.3
22-01-2020,Office Supplies,369.1,484.9,87.58,FALSE,336
22-01-2020,Beauty,271.6,1028.7,163.73,FALSE,282.3
22-01-2020,Electronics,304,480.8,44.85,TRUE,284
22-01-2020,Groceries,253.1,695,109.58,FALSE,265.8
22-01-2020,Sporting Goods,642.8,1447.6,128.33,FALSE,512.9
22-01-2020,Automotive Parts,303.8,819.2,221.51,FALSE,310.3
23-01-2020,Furniture,253.6,764.5,77.2,FALSE,255.8
23-01-2020,Sporting Goods,530.2,1433.9,125,FALSE,516.6
23-01-2020,Toys,333.3,819.9,241.61,TRUE,339.1
23-01-2020,Beauty,323.1,539.7,164.4,FALSE,308.1
23-01-2020,Automotive Parts,358.3,810,227.83,FALSE,346.8
23-01-2020,Office Supplies,413.8,483.3,89.69,FALSE,429.9
23-01-2020,Apparel,422.3,1239.3,171.18,FALSE,394.1
23-01-2020,Pet Supplies,365,803.4,196.71,FALSE,337.7
23-01-2020,Groceries,293.5,693.1,103.09,FALSE,300
23-01-2020,Electronics,226.3,514.2,46.78,FALSE,226.3
24-01-2020,Furniture,246.7,763.4,74.43,FALSE,241.4
24-01-2020,Electronics,642.8,518.4,46.62,FALSE,207.8
24-01-2020,Apparel,642.8,1212.4,172.63,TRUE,628.15
24-01-2020,Office Supplies,377,489.1,89.15,FALSE,64.55
24-01-2020,Groceries,302.6,663,108.99,FALSE,286.7
24-01-2020,Pet Supplies,299.3,823.3,200.3,FALSE,307.4
24-01-2020,Sporting Goods,525.15,1448.5,129.24,FALSE,475.8
24-01-2020,Toys,224.8,827.8,246.16,FALSE,232.1
24-01-2020,Automotive Parts,348.2,810,220.09,FALSE,318.7
24-01-2020,Beauty,325.7,540.4,160.43,FALSE,316.6
25-01-2020,Groceries,280.9,670.7,106.09,FALSE,280.3
25-01-2020,Office Supplies,357.3,491.7,91.72,FALSE,339.3
25-01-2020,Sporting Goods,462.4,1453,127.5,FALSE,482.2
25-01-2020,Automotive Parts,409.4,806.5,212.68,TRUE,317.9
25-01-2020,Pet Supplies,285.1,827.9,191.61,FALSE,260.8
25-01-2020,Furniture,303.9,765.2,76.26,FALSE,245
25-01-2020,Beauty,323.4,1016.3,163.6,FALSE,64.55
25-01-2020,Apparel,422.6,1230.1,170.27,FALSE,428.7
25-01-2020,Electronics,216,514.7,46.89,FALSE,194.8
25-01-2020,Toys,313.75,815.9,242.74,FALSE,239.6
26-01-2020,Toys,205.8,825,240.5,FALSE,212.3
26-01-2020,Sporting Goods,384.7,1470,129.25,FALSE,389.2
26-01-2020,Beauty,269.7,552.5,161.37,FALSE,262.4
26-01-2020,Automotive Parts,308.8,815,216.27,FALSE,279
26-01-2020,Electronics,174.8,524.9,48.16,FALSE,166.1
26-01-2020,Pet Supplies,240.3,841.9,196.76,FALSE,231
26-01-2020,Clothing,399.7,1231.3,176,FALSE,414.1
26-01-2020,Furniture,236.7,769.9,73.24,FALSE,628.15
26-01-2020,Office Supplies,348.9,496.8,90.07,FALSE,332.8
26-01-2020,Groceries,266,677,101.62,FALSE,241
27-01-2020,Beauty,256.8,555,164.82,FALSE,264.5
27-01-2020,Clothing,370.2,1232.8,172.44,FALSE,377.8
27-01-2020,Electronics,197.4,519.4,46.8,FALSE,187.8
27-01-2020,Furniture,239.5,766.3,75.13,FALSE,289.7
27-01-2020,Office Supplies,303,926.6,89.59,FALSE,304.6
27-01-2020,Toys,316.6,826.9,234.57,TRUE,292.1
27-01-2020,Automotive Parts,352.3,795,218.99,FALSE,344.2
27-01-2020,Groceries,228.6,691,109.98,FALSE,231.3
27-01-2020,Pet Supplies,230.2,850.8,194.86,FALSE,231.7
27-01-2020,Sporting Goods,437.5,1452,124.22,FALSE,420.8
28-01-2020,Automotive Parts,329.1,805.2,219.88,FALSE,287.2
28-01-2020,Electronics,188.2,523.9,47.81,FALSE,176.9
28-01-2020,Apparel,451.9,1219.5,169.1,FALSE,384.8
28-01-2020,Furniture,218.5,774.4,73.18,FALSE,204.4
28-01-2020,Office Supplies,325.8,915.2,88.17,FALSE,325.6
28-01-2020,Pet Supplies,247.5,842.5,194.21,FALSE,230.9
28-01-2020,Groceries,344.4,689.2,108.53,TRUE,326.8
28-01-2020,Beauty,297.7,1021.8,162.52,FALSE,295.4
28-01-2020,Toys,277.8,828,230.87,TRUE,253.4
28-01-2020,Sporting Goods,486.6,1436.3,123.96,FALSE,451.1
29-01-2020,Pet Supplies,249.3,837.9,194.66,FALSE,227.4
29-01-2020,Automotive Parts,335.3,794,214.53,FALSE,313.3
29-01-2020,Electronics,206.2,520.1,46.57,FALSE,208.5
29-01-2020,Apparel,518.7,1300.9,177.92,TRUE,492.1
29-01-2020,Groceries,271.1,675.6,108.92,FALSE,260.9
29-01-2020,Furniture,253.3,757.2,72.96,FALSE,244.7
29-01-2020,Beauty,287.3,1027.7,164.84,FALSE,285.5
29-01-2020,Sporting Goods,460,1442.3,128.12,FALSE,435.5
29-01-2020,Office Supplies,352.1,908.4,92.18,FALSE,321
29-01-2020,Toys,219.6,409.3,238.68,FALSE,302.8
30-01-2020,Apparel,470,1204.9,167.99,FALSE,475.1
30-01-2020,Sporting Goods,479.3,1436.4,124.99,FALSE,476.7
30-01-2020,Beauty,349.3,1012.3,166.33,FALSE,345.5
30-01-2020,Furniture,237.4,763.7,74.11,FALSE,245.8
30-01-2020,Pet Supplies,299.3,828.6,196.71,FALSE,270.9
30-01-2020,Electronics,247,519,46.91,FALSE,227.4
30-01-2020,Toys,251.3,405.7,232.84,FALSE,259.8
30-01-2020,Groceries,289.3,679.9,107.65,FALSE,280.4
30-01-2020,Office Supplies,385.5,890,91.15,FALSE,399.9
30-01-2020,Automotive Parts,354.6,787,215.26,FALSE,348.8
31-01-2020,Apparel,438.6,1218.7,168.03,FALSE,420.5
31-01-2020,Toys,240.9,403.7,237.4,FALSE,64.55
31-01-2020,Pet Supplies,294.8,832.2,193.59,FALSE,277.5
31-01-2020,Automotive Parts,356.7,787.6,218.52,FALSE,352.9
31-01-2020,Groceries,287.2,685.9,108.02,FALSE,259.6
31-01-2020,Office Supplies,532.8,879.7,93.08,TRUE,507
31-01-2020,Furniture,239.2,767.5,75.07,FALSE,249.2
31-01-2020,Sporting Goods,542.2,1414.7,127.27,FALSE,515.9
31-01-2020,Beauty,347.4,1016.3,166.52,FALSE,338
31-01-2020,Electronics,224.4,523.3,46.54,FALSE,220.4
01-02-2020,Sporting Goods,471.9,1435.7,124.83,FALSE,426.5
01-02-2020,Apparel,445.3,1220.1,171.06,FALSE,458.7
01-02-2020,Groceries,254.4,700.7,106.69,FALSE,249.4
01-02-2020,Toys,233.4,405.3,248.77,FALSE,216.9
01-02-2020,Electronics,234.7,521.4,46.92,FALSE,212.2
01-02-2020,Office Supplies,387.7,887.5,91.29,FALSE,356.5
01-02-2020,Beauty,397.35,1030,165.88,FALSE,288.1
01-02-2020,Furniture,243.3,780.1,74.14,FALSE,253.9
01-02-2020,Pet Supplies,321.3,826.4,197.77,FALSE,302.4
02-02-2020,Sporting Goods,510.2,1397.7,126,FALSE,503.4
02-02-2020,Pet Supplies,246.3,838.3,191.04,FALSE,233.6
02-02-2020,Apparel,409.2,1229.8,172.05,FALSE,382.8
02-02-2020,Automotive Parts,339.2,789.6,219.06,FALSE,309.3
02-02-2020,Office Supplies,361.2,892.8,90.43,FALSE,348.8
02-02-2020,Groceries,246.6,704.7,107.5,FALSE,249.5
02-02-2020,Electronics,185.8,530.1,46.81,FALSE,180.2
02-02-2020,Beauty,269.1,1036.5,162.91,FALSE,277.2
02-02-2020,Toys,212,1722.47,237.11,FALSE,218.9
02-02-2020,Furniture,223.2,789.2,74.94,FALSE,218.2
03-02-2020,Sporting Goods,490.2,1433.7,129.63,FALSE,453.2
03-02-2020,Automotive Parts,322.7,796.6,215.46,FALSE,304.9
03-02-2020,Groceries,241.2,706.7,108,FALSE,252
03-02-2020,Sporting Goods,497.6,1423.3,126.03,FALSE,493.1
03-02-2020,Electronics,283.8,531.9,47.61,TRUE,288.2
03-02-2020,Pet Supplies,224.1,846.1,200.93,FALSE,220.1
03-02-2020,Automotive Parts,277.6,560.3,217.79,FALSE,64.55
03-02-2020,Toys,220.7,819.8,240.19,FALSE,224.3
03-02-2020,Apparel,422.6,1230.8,164.21,FALSE,438.8
03-02-2020,Furniture,303.9,788,74.95,FALSE,208.6
03-02-2020,Beauty,272.4,1036.1,156.97,FALSE,273.8
03-02-2020,Office Supplies,303.9,912.3,91.68,FALSE,286.1
04-02-2020,Automotive Parts,307.5,796.7,218.05,FALSE,301.7
04-02-2020,Furniture,195.6,799.2,75.09,FALSE,179.6
04-02-2020,Groceries,248.7,704.3,107.53,FALSE,259.3
04-02-2020,Beauty,361.4,1110.2,166.94,FALSE,387.5
04-02-2020,Electronics,188.3,537.5,46.89,FALSE,178.9
04-02-2020,Office Supplies,343.2,819.8,91.84,FALSE,323.6
04-02-2020,Groceries,267.4,644.3,106.22,FALSE,265.1
04-02-2020,Apparel,388.3,824.7,168.85,FALSE,64.55
04-02-2020,Apparel,423.6,1229.7,172.54,FALSE,414.6
04-02-2020,Pet Supplies,212.3,840.7,196.24,FALSE,310.6
05-02-2020,Groceries,269.3,624.5,108.29,FALSE,274.5
05-02-2020,Sporting Goods,474.2,1441.6,128.58,FALSE,495.5
05-02-2020,Furniture,214.2,797.4,76.32,FALSE,194.5
05-02-2020,Electronics,248.4,528.7,47.16,FALSE,217.8
05-02-2020,Toys,275.7,734.5,242.3,FALSE,285.1
05-02-2020,Beauty,315.9,1022.5,162.26,FALSE,320.5
05-02-2020,Groceries,248.9,700.9,104.3,FALSE,229.2
05-02-2020,Pet Supplies,233.4,836,192.64,FALSE,235.4
05-02-2020,Automotive Parts,364.6,777.7,213.88,FALSE,333
05-02-2020,Office Supplies,345.8,900.7,91.35,FALSE,332.6
05-02-2020,Apparel,437.6,1230.9,173.12,FALSE,408.9
06-02-2020,Sporting Goods,511.1,1434.4,127.43,FALSE,476.5
06-02-2020,Automotive Parts,350.2,784.3,212.92,FALSE,327.3
06-02-2020,Beauty,345.7,1009,162.19,FALSE,339.6
06-02-2020,Pet Supplies,255.5,834.5,197.7,FALSE,230.8
06-02-2020,Office Supplies,365.5,900.3,92.65,FALSE,375.4
06-02-2020,Clothing,388.6,1318.5,171.82,FALSE,395.7
06-02-2020,Furniture,341.8,771.2,74.55,TRUE,345.6
06-02-2020,Furniture,244.1,784.6,73.4,FALSE,227.2
06-02-2020,Apparel,430.1,1233.4,167.03,FALSE,446.8
06-02-2020,Toys,218.7,810.7,234.45,FALSE,226.4
06-02-2020,Electronics,248.4,518.1,45.71,FALSE,258.4
06-02-2020,Pet Supplies,292.2,819.9,194.81,FALSE,270.5
06-02-2020,Groceries,185.7,623.7,105.9,FALSE,186.1
06-02-2020,Toys,642.8,707.4,237.11,FALSE,290.9
06-02-2020,Beauty,374.3,1102.7,160.69,FALSE,361
06-02-2020,Electronics,313.3,546.2,46.78,TRUE,325.6
07-02-2020,Electronics,246.6,521.5,46.78,FALSE,258.2
07-02-2020,Apparel,458.8,1224.6,173.91,FALSE,413.2
07-02-2020,Furniture,303.9,782.8,76.47,FALSE,222
07-02-2020,Automotive Parts,354.9,772.2,217.94,FALSE,327
07-02-2020,Beauty,309,1030.6,171.4,FALSE,292.6
07-02-2020,Toys,240,796.2,237.84,FALSE,233.5
07-02-2020,Pet Supplies,292.7,772.6,193.83,FALSE,268.6
07-02-2020,Pet Supplies,287.7,819.9,196.57,FALSE,290.3
08-02-2020,Pet Supplies,271.9,829.9,195.19,FALSE,261.3
08-02-2020,Automotive Parts,335.9,789.4,218.72,FALSE,304.9
08-02-2020,Apparel,557.6,1223.4,168.97,TRUE,438.8
08-02-2020,Office Supplies,357.9,912.2,89.23,FALSE,373.5
08-02-2020,Sporting Goods,515,1428.2,130.81,FALSE,487.3
08-02-2020,Electronics,246.1,528,48.02,FALSE,248.1
08-02-2020,Furniture,198.9,793.3,74.04,FALSE,180.5
09-02-2020,Beauty,280,1043.5,156.79,FALSE,276.4
09-02-2020,Beauty,354.4,1074.8,161.77,FALSE,337.1
09-02-2020,Electronics,213.9,411.4,47.43,FALSE,207.5
09-02-2020,Office Supplies,326.2,846.7,90.77,FALSE,304.3
09-02-2020,Groceries,226.9,591.7,107.5,FALSE,219.8
09-02-2020,Toys,219.2,805.8,233.22,FALSE,213.3
09-02-2020,Office Supplies,428.2,928.7,86.15,TRUE,393.7
09-02-2020,Apparel,426.6,1224.7,170.1,FALSE,429.4
09-02-2020,Sporting Goods,498,1426.5,131.57,FALSE,507.3
09-02-2020,Groceries,258.8,687.5,110.75,FALSE,260.2
09-02-2020,Pet Supplies,642.8,825.1,189.99,FALSE,246.4
09-02-2020,Furniture,211.6,792.6,73.59,FALSE,198.9
10-02-2020,Automotive Parts,310,800.9,219.94,FALSE,315.1
10-02-2020,Toys,183.3,803.3,229.93,FALSE,169.9
10-02-2020,Pet Supplies,247.3,827.4,194.94,FALSE,241.9
10-02-2020,Office Supplies,533.4,810.1,92.8,TRUE,533.4
10-02-2020,Electronics,560.8,416.2,48.25,FALSE,206.5
10-02-2020,Pet Supplies,394.4,780.1,195.55,FALSE,399.8
10-02-2020,Apparel,375.7,1240.9,167.72,FALSE,378.1
10-02-2020,Furniture,179.1,791.3,73.99,FALSE,164.4
10-02-2020,Groceries,223.1,700.8,107.01,FALSE,215.4
10-02-2020,Office Supplies,314.7,923.8,88.7,FALSE,294.8
10-02-2020,Furniture,371.9,779.1,74.43,FALSE,337.4
11-02-2020,Groceries,210.8,600.3,108.87,FALSE,191.6
11-02-2020,Pet Supplies,236.5,827.9,198.58,FALSE,214.5
11-02-2020,Electronics,112.8,527.1,46.39,FALSE,102.2
11-02-2020,Electronics,201,254.2,47.64,FALSE,64.55
11-02-2020,Automotive Parts,327,806.6,217.8,FALSE,326.4
11-02-2020,Beauty,320.5,1036.4,165.95,FALSE,317.9
11-02-2020,Toys,228.2,787,229.63,FALSE,236.2
11-02-2020,Automotive Parts,266.6,676,210.93,FALSE,271.3
11-02-2020,Furniture,342.2,781.4,76.62,FALSE,320.2
11-02-2020,Sporting Goods,602.1,1437,132.56,TRUE,624.6
12-02-2020,Clothing,448.7,1226.2,173.9,FALSE,418.4
12-02-2020,Electronics,248.4,255.9,47.11,FALSE,203.6
12-02-2020,Toys,248.1,784.8,241.1,FALSE,223.7
12-02-2020,Pet Supplies,256.1,821.6,200.73,FALSE,236.5
12-02-2020,Furniture,303.9,785.2,74.27,FALSE,289.7
12-02-2020,Beauty,459.3,1049.3,160.17,TRUE,473.9
12-02-2020,Sporting Goods,448.1,1448.6,128.32,FALSE,429.9
12-02-2020,Automotive Parts,328.1,801.3,227.6,FALSE,298.5
12-02-2020,Electronics,181,543.1,47.98,FALSE,173.9
12-02-2020,Toys,313.75,623.3,238.9,FALSE,274.7
12-02-2020,Office Supplies,388.6,901.8,88.82,FALSE,370.1
12-02-2020,Beauty,405.4,1080.5,168.65,TRUE,365.1
12-02-2020,Sporting Goods,525.15,845.6,130.02,FALSE,443
13-02-2020,Beauty,397.35,1036.5,164.05,FALSE,330.4
13-02-2020,Automotive Parts,339.5,656.2,219.86,FALSE,347.8
13-02-2020,Groceries,320.7,665,107.5,FALSE,324.1
13-02-2020,Sporting Goods,543.9,1413.6,128.75,FALSE,550.4
13-02-2020,Furniture,206.1,777.8,74.96,FALSE,202.5
13-02-2020,Apparel,435.8,1230,174.1,FALSE,436.3
13-02-2020,Toys,313.75,786.7,237.11,FALSE,302.8
13-02-2020,Office Supplies,375.7,904.7,90.49,FALSE,370
13-02-2020,Pet Supplies,300.4,815.7,197.59,FALSE,299.9
13-02-2020,Electronics,232.6,255.4,47.42,FALSE,64.55
14-02-2020,Furniture,209.9,776.1,75.05,FALSE,192.8
14-02-2020,Automotive Parts,352.5,789.1,212.35,FALSE,319.1
14-02-2020,Beauty,333.1,1049,162.46,FALSE,339.2
14-02-2020,Toys,239.9,790.7,231.61,FALSE,219.9
14-02-2020,Electronics,261.8,329.6,47.18,FALSE,270.2
14-02-2020,Pet Supplies,305.2,814.3,194.46,FALSE,299.2
14-02-2020,Apparel,446.1,1237.6,175.88,FALSE,411.8
14-02-2020,Groceries,320.7,666.8,107.14,FALSE,295.35
14-02-2020,Sporting Goods,479.3,1435.8,129.08,FALSE,438.8
14-02-2020,Office Supplies,409.1,894.3,90.21,FALSE,382.5
15-02-2020,Beauty,341.7,1051.4,159.3,FALSE,339.2
15-02-2020,Automotive Parts,315.7,656.2,211.55,FALSE,325.6
15-02-2020,Electronics,268.6,325.9,48.83,FALSE,242.1
15-02-2020,Groceries,279.9,683.7,111.27,FALSE,285
15-02-2020,Sporting Goods,510.8,1420.3,122.57,FALSE,520.3
15-02-2020,Pet Supplies,236.5,824.9,197.81,FALSE,237.3
15-02-2020,Furniture,239.8,764.4,73.5,FALSE,221.5
15-02-2020,Apparel,431,1235,166.85,FALSE,450.8
15-02-2020,Toys,220.8,793.3,247.95,FALSE,223.2
15-02-2020,Office Supplies,369.4,904.2,87.9,FALSE,373.3
16-02-2020,Groceries,264.9,472,106.76,FALSE,257.8
16-02-2020,Pet Supplies,267.5,813.6,203.25,FALSE,247.8
16-02-2020,Automotive Parts,329.1,795.3,214.79,FALSE,342.7
16-02-2020,Sporting Goods,473.2,1440.2,127.16,FALSE,436
16-02-2020,Electronics,351.9,543,48.46,TRUE,356.2
16-02-2020,Office Supplies,333.8,519.3,87.48,FALSE,336.1
16-02-2020,Toys,206.3,799.9,234.35,FALSE,187.7
16-02-2020,Furniture,235,772.4,76.22,FALSE,226.7
16-02-2020,Apparel,632.5,1236.5,167.36,TRUE,581.6
16-02-2020,Beauty,328.3,1052.2,159.04,FALSE,302.5
17-02-2020,Sporting Goods,462.3,1451.9,133.38,FALSE,426.7
17-02-2020,Electronics,204.6,550.2,46.43,FALSE,209.8
17-02-2020,Apparel,384.9,1237.2,168.73,FALSE,387.3
17-02-2020,Pet Supplies,199.9,831,196.71,FALSE,202.1
17-02-2020,Automotive Parts,313.4,797.4,217.06,FALSE,317.9
17-02-2020,Beauty,311.3,1016.3,160.38,FALSE,302.8
17-02-2020,Groceries,226.3,478.9,109.88,FALSE,231.8
17-02-2020,Toys,231.6,798.9,222.01,FALSE,230.3
17-02-2020,Office Supplies,323.8,523,86.51,FALSE,317.7
17-02-2020,Furniture,208.5,777,76.65,FALSE,192.8
18-02-2020,Sporting Goods,506.4,1436.7,127.02,FALSE,512.9
18-02-2020,Toys,209.8,803.3,237.63,FALSE,206.7
18-02-2020,Office Supplies,338,520.2,90.71,FALSE,64.55
18-02-2020,Electronics,236.5,542,47.29,FALSE,234.4
18-02-2020,Beauty,281.8,1063.4,164.99,FALSE,277.9
18-02-2020,Groceries,326,481.6,107.95,TRUE,64.55
18-02-2020,Furniture,220.9,769.5,76.48,FALSE,289.7
18-02-2020,Clothing,642.8,1215.5,175.15,FALSE,428.7
18-02-2020,Automotive Parts,313.2,797,216.39,FALSE,290.6
18-02-2020,Pet Supplies,238.4,823.7,195.18,FALSE,226.1
19-02-2020,Pet Supplies,257.8,823.7,194.07,FALSE,259.1
19-02-2020,Toys,223.8,787.4,239.27,FALSE,217.8
19-02-2020,Office Supplies,348.2,521.8,88.49,FALSE,363.2
19-02-2020,Automotive Parts,304.2,796.6,225.07,FALSE,291.1
19-02-2020,Clothing,442.3,1215.8,167.37,FALSE,400.7
19-02-2020,Beauty,358,1041.4,164.62,FALSE,387.5
19-02-2020,Groceries,240.3,485.9,107.64,FALSE,231.4
19-02-2020,Sporting Goods,443.3,1448.1,119.28,FALSE,405.7
19-02-2020,Furniture,303.9,770.7,73.48,FALSE,184.6
19-02-2020,Electronics,240,540.4,47.51,FALSE,249.1
20-02-2020,Sporting Goods,530.6,1414.3,125.16,FALSE,512.9
20-02-2020,Groceries,294.4,472.7,106.92,FALSE,268.6
20-02-2020,Beauty,363.2,1016.3,164.71,FALSE,336.2
20-02-2020,Electronics,259.8,533.4,46.53,FALSE,256.8
20-02-2020,Furniture,194.8,765.7,73.56,FALSE,178.6
20-02-2020,Pet Supplies,328.2,801.6,188.57,FALSE,328.3
20-02-2020,Automotive Parts,363.8,783.1,218.64,FALSE,366.7
20-02-2020,Apparel,456.7,1204.8,171.28,FALSE,438.8
20-02-2020,Toys,255.3,779.2,233.31,FALSE,235.5
20-02-2020,Office Supplies,354.9,522.9,88.92,FALSE,371.2
21-02-2020,Furniture,225.3,749.7,73.42,FALSE,235.2
21-02-2020,Pet Supplies,284,815.7,198.57,FALSE,279.2
21-02-2020,Automotive Parts,352.2,785.8,223.56,FALSE,327.1
21-02-2020,Toys,211.4,635.9,238.03,FALSE,200.2
21-02-2020,Office Supplies,382.8,908.4,86.86,FALSE,372.2
21-02-2020,Electronics,267.3,532.1,46.37,FALSE,262.3
21-02-2020,Beauty,323.9,1062.5,171.46,FALSE,319.4
21-02-2020,Sporting Goods,569.3,1402.4,128.31,FALSE,561.3
21-02-2020,Groceries,290.4,694.3,112.03,FALSE,296.4
21-02-2020,Apparel,450.3,1210.9,167.94,FALSE,445.3
22-02-2020,Furniture,197.6,759.5,74.62,FALSE,207.4
22-02-2020,Electronics,250.1,544.2,47.88,FALSE,252.6
22-02-2020,Beauty,345,1059.1,164.39,FALSE,332.8
22-02-2020,Toys,258,772.2,236.78,FALSE,257.2
22-02-2020,Groceries,270,693.1,107.4,FALSE,256.4
22-02-2020,Pet Supplies,381.5,820,196.71,TRUE,389.9
22-02-2020,Automotive Parts,346.4,789,221.76,FALSE,335.7
22-02-2020,Office Supplies,369.7,913.3,90.16,FALSE,334.2
22-02-2020,Clothing,432.7,1211.2,171.62,FALSE,450.6
22-02-2020,Sporting Goods,547.3,1409.5,129.75,FALSE,517.6
23-02-2020,Sporting Goods,470.2,1434.8,128.46,FALSE,452
23-02-2020,Pet Supplies,237.4,834.5,188.93,FALSE,218.7
23-02-2020,Beauty,307.9,1083.8,160.54,FALSE,314.6
23-02-2020,Furniture,303.9,771,75.53,FALSE,154.7
23-02-2020,Automotive Parts,313.7,794.1,218.34,FALSE,285.3
23-02-2020,Apparel,406.7,1217.3,170.65,FALSE,391
23-02-2020,Office Supplies,337.7,919.5,89.01,FALSE,350.4
23-02-2020,Electronics,226.6,541.2,48.64,FALSE,225
23-02-2020,Groceries,229,709.5,107.68,FALSE,232.7
23-02-2020,Toys,313.75,771.1,235.68,FALSE,255.5
24-02-2020,Sporting Goods,465.8,1432.4,131.21,FALSE,432
24-02-2020,Groceries,302.8,701,109.62,FALSE,221.8
24-02-2020,Toys,209.8,776.9,237.81,FALSE,199.8
24-02-2020,Electronics,201.5,541.9,47,FALSE,208.4
24-02-2020,Beauty,285.1,1092.8,165.65,FALSE,296.7
24-02-2020,Pet Supplies,236.6,825.7,194.44,FALSE,231.7
24-02-2020,Furniture,161.2,780.3,73.41,FALSE,163.7
24-02-2020,Apparel,430.6,1211.1,167.3,FALSE,391.8
24-02-2020,Office Supplies,299.2,928,88.97,FALSE,303.3
24-02-2020,Automotive Parts,354.6,788.6,220.61,FALSE,337.8
25-02-2020,Apparel,395,1228.3,166.47,FALSE,371
25-02-2020,Groceries,229.7,703.3,108.58,FALSE,229
25-02-2020,Automotive Parts,302.4,809.2,222.09,FALSE,312
25-02-2020,Toys,175.3,789.4,237.06,FALSE,170.9
25-02-2020,Office Supplies,313.3,927.2,86.17,FALSE,316.2
25-02-2020,Furniture,192,977.65,75.81,FALSE,181.1
25-02-2020,Electronics,228,526.2,47.59,FALSE,232.1
25-02-2020,Sporting Goods,525.15,1424.7,128.33,FALSE,467.4
25-02-2020,Beauty,297.6,1090,164,FALSE,288.1
25-02-2020,Pet Supplies,252.1,826.2,196.71,FALSE,247.8
26-02-2020,Toys,313.75,784.3,238.54,FALSE,228.3
26-02-2020,Sporting Goods,642.8,1410.5,124.6,TRUE,628.15
26-02-2020,Pet Supplies,249.9,830,194.52,FALSE,243.7
26-02-2020,Electronics,322.1,518.4,47.48,TRUE,315.9
26-02-2020,Groceries,270.3,696.6,105.21,FALSE,247.8
26-02-2020,Automotive Parts,328.1,798.1,217.8,FALSE,339.1
26-02-2020,Office Supplies,336,921.5,91.48,FALSE,326.6
26-02-2020,Apparel,406.6,1218.8,172.85,FALSE,370.4
26-02-2020,Furniture,303.9,758.4,72.58,FALSE,184
26-02-2020,Beauty,308.8,1087.9,168.84,FALSE,306.2
27-02-2020,Groceries,306.8,691.3,109.29,FALSE,311.4
27-02-2020,Sporting Goods,564.1,1400.8,127.04,FALSE,514.1
27-02-2020,Office Supplies,353.3,917.5,91.56,FALSE,350
27-02-2020,Toys,266.6,775.8,234.18,FALSE,247.4
27-02-2020,Pet Supplies,286.4,822.1,200.66,FALSE,259
27-02-2020,Furniture,224.2,741.4,73.17,FALSE,232.7
27-02-2020,Apparel,412.1,1212.6,167.73,FALSE,438.8
27-02-2020,Electronics,277.6,499.2,47.22,FALSE,279.1
27-02-2020,Beauty,356.1,1078.3,163.98,FALSE,358.2
27-02-2020,Automotive Parts,642.8,784.3,216.04,FALSE,350.4
28-02-2020,Office Supplies,364.7,910.2,88.22,FALSE,336.6
28-02-2020,Automotive Parts,359.8,773.7,214.44,FALSE,376
28-02-2020,Groceries,319.1,689.5,107.68,FALSE,334.2
28-02-2020,Furniture,211.3,743.4,74.14,FALSE,192.4
28-02-2020,Toys,238.1,789.3,242.61,FALSE,234.4
28-02-2020,Beauty,379.1,1074.3,166.35,FALSE,385.8
28-02-2020,Electronics,266.8,505.2,46.37,FALSE,242.1
28-02-2020,Apparel,415.9,1221.3,174.13,FALSE,411
28-02-2020,Sporting Goods,528.4,1409.9,129.8,FALSE,490.2
28-02-2020,Pet Supplies,282,823.2,190.24,FALSE,280.7
29-02-2020,Furniture,180.3,747.7,73.94,FALSE,187.6
29-02-2020,Sporting Goods,510.4,1414.1,127.67,FALSE,517
29-02-2020,Toys,207.7,799.6,241.01,FALSE,207
29-02-2020,Beauty,365.9,1082.6,166.22,FALSE,383
29-02-2020,Groceries,302.8,702.1,105.5,FALSE,262
29-02-2020,Pet Supplies,282.2,825,196.5,FALSE,285.3
29-02-2020,Automotive Parts,392.2,536.3,220.38,FALSE,361.8
29-02-2020,Office Supplies,345,917.1,91.13,FALSE,350.6
29-02-2020,Electronics,313.7,514.5,46,TRUE,302.4
29-02-2020,Clothing,472.8,1203.2,171.79,FALSE,463.7
01-03-2020,Furniture,206.6,739.8,75.49,FALSE,206.2
01-03-2020,Beauty,334.1,1014.4,162.11,FALSE,301.6
01-03-2020,Sporting Goods,514,1416.2,129.36,FALSE,466.8
01-03-2020,Toys,216.7,791.6,242.29,FALSE,209.9
01-03-2020,Automotive Parts,407.7,552.3,217.8,TRUE,405.8
01-03-2020,Office Supplies,325.8,914.6,86.62,FALSE,339.9
01-03-2020,Electronics,234.7,514.1,46.85,FALSE,223
01-03-2020,Pet Supplies,321.3,830.8,196.71,FALSE,247.2
01-03-2020,Groceries,245.8,707.6,108.87,FALSE,222.6
01-03-2020,Beauty,330,1091.2,165.4,FALSE,321.1
02-03-2020,Pet Supplies,321.3,830.4,193.8,FALSE,258
02-03-2020,Beauty,276.5,1117.6,162.54,FALSE,288.4
02-03-2020,Office Supplies,289.8,921.8,86.71,FALSE,295.5
02-03-2020,Toys,174.7,807.2,229.26,FALSE,183.2
02-03-2020,Furniture,159.7,757.1,71.93,FALSE,150.9
02-03-2020,Apparel,406.8,1229.6,178,FALSE,438.8
02-03-2020,Electronics,240.5,508.9,46.54,FALSE,246.6
02-03-2020,Groceries,215.3,715.5,106.07,FALSE,197.9
03-03-2020,Beauty,380,1120,164.86,TRUE,395.4
03-03-2020,Electronics,224.1,514.6,46.54,FALSE,204.8
03-03-2020,Automotive Parts,321.8,549.3,216.97,FALSE,297.5
03-03-2020,Toys,208.1,790.3,245.08,FALSE,214.7
03-03-2020,Apparel,355.4,1250.5,169.14,FALSE,361.9
03-03-2020,Furniture,181,754.5,76.1,FALSE,183.4
03-03-2020,Pet Supplies,247.5,830.4,198.55,FALSE,258.6
03-03-2020,Groceries,239,707.4,108.74,FALSE,218.2
03-03-2020,Sporting Goods,469.1,1722.47,127.22,FALSE,430.1
03-03-2020,Office Supplies,291.9,927,89.37,FALSE,285.5
04-03-2020,Electronics,248.4,510.8,46.48,FALSE,234.6
04-03-2020,Pet Supplies,248.3,823.1,195.28,FALSE,244.1
04-03-2020,Office Supplies,346.5,870,87.73,FALSE,359.9
04-03-2020,Apparel,388.2,1249.1,170.17,FALSE,404.9
04-03-2020,Sporting Goods,595.5,1404.8,121.35,FALSE,608.4
04-03-2020,Toys,313.75,786,242.27,FALSE,201.1
04-03-2020,Beauty,397.35,1101.4,162.52,FALSE,356.1
04-03-2020,Office Supplies,345.9,913.2,90.41,FALSE,335.8
05-03-2020,Groceries,393.1,682.6,107.63,TRUE,370
05-03-2020,Sporting Goods,539.3,1357.6,128.33,FALSE,546.4
05-03-2020,Apparel,365,1321.7,169.7,FALSE,360.4
05-03-2020,Clothing,405.3,1237.4,167.91,FALSE,399.5
05-03-2020,Office Supplies,336.6,912.8,88.44,FALSE,312.2
05-03-2020,Furniture,269.3,781.7,75.82,TRUE,263.2
05-03-2020,Electronics,257.6,507.1,46.23,FALSE,233.7
05-03-2020,Beauty,491.2,1101,162.12,TRUE,467.4
05-03-2020,Sporting Goods,544.4,1722.47,129.05,FALSE,509.7
05-03-2020,Automotive Parts,333.9,785.5,218.39,FALSE,312
05-03-2020,Groceries,226.8,634,107.5,FALSE,219.5
06-03-2020,Beauty,347.3,1016.3,162.21,FALSE,352.9
06-03-2020,Toys,313.75,707.3,234.06,FALSE,246.4
06-03-2020,Toys,265.2,779.1,237.41,FALSE,302.8
06-03-2020,Beauty,400.3,1101.7,163.83,FALSE,367.1
06-03-2020,Groceries,296.1,681.5,107.7,FALSE,289
06-03-2020,Electronics,264.8,501.3,47.96,FALSE,266.5
06-03-2020,Office Supplies,353.7,908.3,90.96,FALSE,318.6
06-03-2020,Automotive Parts,360.1,777.7,213.97,FALSE,334.3
06-03-2020,Apparel,463.6,1223.8,170.12,FALSE,428.1
07-03-2020,Beauty,362.1,1114.2,168.57,FALSE,348.1
07-03-2020,Office Supplies,333.9,910,93.52,FALSE,315.9
07-03-2020,Clothing,642.8,1293.5,167.61,TRUE,628.15
07-03-2020,Groceries,251.4,691.2,111.12,FALSE,229.5
07-03-2020,Toys,241.1,785.6,239.34,FALSE,223.6
07-03-2020,Electronics,259.4,506.2,46.31,FALSE,269.4
07-03-2020,Automotive Parts,265.6,807,216.77,FALSE,244.4
07-03-2020,Beauty,406.3,1100.2,164.08,FALSE,395.5
07-03-2020,Furniture,292,551.3,74.64,FALSE,274.2
07-03-2020,Furniture,207.2,746,75.3,FALSE,198.5
08-03-2020,Automotive Parts,342,777.8,219.9,FALSE,336.7
08-03-2020,Office Supplies,321.1,908.8,94.87,FALSE,302.9
08-03-2020,Beauty,366.3,1095.3,164.49,FALSE,352.4
08-03-2020,Clothing,357.9,1283.3,166.71,FALSE,343.6
08-03-2020,Sporting Goods,642.8,1416.8,126.07,TRUE,625
08-03-2020,Apparel,417.9,1236,169.25,FALSE,378.1
08-03-2020,Toys,240.4,783.2,239.4,FALSE,244.2
08-03-2020,Beauty,642.8,1126.9,157.31,FALSE,329.9
08-03-2020,Sporting Goods,464.7,1389.5,122.3,FALSE,473.5
09-03-2020,Beauty,352.1,1119.7,166.48,FALSE,331.6
09-03-2020,Toys,211.3,792.7,236.56,FALSE,199.9
09-03-2020,Apparel,340.3,1258.9,168.22,FALSE,346.3
09-03-2020,Furniture,178.4,754.7,74.3,FALSE,289.7
09-03-2020,Office Supplies,288.5,917.5,88.17,FALSE,284.5
09-03-2020,Sporting Goods,437.7,1446.2,124.56,FALSE,435.5
10-03-2020,Apparel,439.3,1245.2,169.15,FALSE,448.1
10-03-2020,Office Supplies,342.5,910.5,88.92,TRUE,327
10-03-2020,Groceries,247.4,678.5,107.61,FALSE,238.5
10-03-2020,Sporting Goods,472.9,1439.5,129.61,FALSE,479.7
10-03-2020,Automotive Parts,284.2,787.7,217.8,FALSE,270.8
10-03-2020,Beauty,412.4,1129.8,164.61,TRUE,413.1
10-03-2020,Furniture,185.1,745.2,75.14,FALSE,194.2
10-03-2020,Toys,203.4,790.7,238.49,FALSE,183.6
10-03-2020,Pet Supplies,225.2,835.6,199.09,FALSE,206
11-03-2020,Beauty,346.9,1115.5,164.86,FALSE,318.2
11-03-2020,Automotive Parts,357.1,656.2,211.97,FALSE,330.4
11-03-2020,Groceries,247,670.1,104.9,FALSE,295.35
11-03-2020,Toys,223.6,786.7,243.28,FALSE,221.9
11-03-2020,Electronics,254.9,488.1,48.54,FALSE,254.3
11-03-2020,Furniture,192.3,743.6,74.24,FALSE,174.5
11-03-2020,Apparel,461.5,1220.2,169.75,FALSE,483.6
11-03-2020,Pet Supplies,267.8,825.8,192.49,FALSE,252.1
12-03-2020,Electronics,642.8,471.6,46.78,FALSE,270.7
12-03-2020,Furniture,446.4,806.7,74.19,TRUE,464.9
12-03-2020,Automotive Parts,359,411.3,212.68,FALSE,339.4
12-03-2020,Toys,312,615.2,229.42,FALSE,295.6
12-03-2020,Toys,238.7,776.8,237.12,FALSE,248.9
12-03-2020,Office Supplies,377.9,884.7,90.36,FALSE,366.2
12-03-2020,Automotive Parts,376,1722.47,221.22,FALSE,369.5
12-03-2020,Apparel,456,1230.1,167.19,FALSE,452.4
12-03-2020,Beauty,372.3,1113.7,163.21,FALSE,350.2
12-03-2020,Furniture,236.1,738.5,73.69,FALSE,239.1
13-03-2020,Office Supplies,352.8,892.9,87.94,FALSE,368.6
13-03-2020,Groceries,404.2,639.6,107.13,TRUE,369
13-03-2020,Beauty,380.6,1111.9,162.78,FALSE,365.1
13-03-2020,Automotive Parts,369,762.1,217.8,FALSE,337.8
13-03-2020,Pet Supplies,286,812.9,197.64,FALSE,292.7
13-03-2020,Furniture,189,751.5,74.07,FALSE,195.1
13-03-2020,Clothing,451,1232.3,169.5,FALSE,466.3
13-03-2020,Electronics,296.1,473.6,47.08,FALSE,269
13-03-2020,Sporting Goods,531.6,1424,127.15,FALSE,492.7
13-03-2020,Toys,219.9,774.2,235.41,FALSE,230.8
14-03-2020,Office Supplies,353.7,891.1,90.47,FALSE,368.1
14-03-2020,Pet Supplies,253.1,815.3,199,FALSE,238.7
14-03-2020,Toys,247.4,765.6,243.19,FALSE,227.3
14-03-2020,Electronics,264.4,475.7,45.28,FALSE,261.6
14-03-2020,Furniture,247.9,735.5,73.86,FALSE,228.9
14-03-2020,Automotive Parts,329.1,765.6,222.93,FALSE,316.9
14-03-2020,Apparel,442,1232.3,169.66,FALSE,404.4
14-03-2020,Beauty,331.9,1125.8,166.08,FALSE,319.1
14-03-2020,Sporting Goods,532,1420.6,130.27,FALSE,549.8
14-03-2020,Groceries,277.8,657.3,107.5,FALSE,280.1
15-03-2020,Beauty,339.9,1127,168.03,FALSE,307.8
15-03-2020,Pet Supplies,249.7,817,204.56,FALSE,247.8
15-03-2020,Furniture,165.8,763.6,72.84,FALSE,158.5
15-03-2020,Automotive Parts,338.8,766.4,222.8,FALSE,339.9
15-03-2020,Sporting Goods,499,1423.2,130.3,FALSE,454.1
15-03-2020,Electronics,642.8,489.7,46.91,FALSE,236.2
15-03-2020,Toys,228.2,774.6,232.55,FALSE,235.9
15-03-2020,Groceries,260,665.5,105.91,FALSE,238
15-03-2020,Apparel,411.5,1250.6,170.84,FALSE,383.9
15-03-2020,Office Supplies,300.8,896.9,91.27,FALSE,307.1
16-03-2020,Automotive Parts,329.1,772.2,216.83,FALSE,272.1
16-03-2020,Beauty,328.5,1132,160.29,FALSE,307.5
16-03-2020,Furniture,191.2,748.9,74.31,FALSE,175.6
16-03-2020,Electronics,238.8,484.8,45.92,FALSE,246.3
16-03-2020,Pet Supplies,217.7,825.5,200.6,FALSE,223.8
16-03-2020,Office Supplies,283.2,892,91.96,FALSE,292.9
16-03-2020,Toys,222.1,778.9,237.23,FALSE,213.6
16-03-2020,Sporting Goods,486.1,1428.1,129.67,FALSE,510.4
16-03-2020,Clothing,394.9,1244.5,173.85,FALSE,377.5
16-03-2020,Groceries,302.8,668.5,106.58,FALSE,208.8
17-03-2020,Office Supplies,311.5,881.8,88.85,FALSE,305.1
17-03-2020,Electronics,234.5,496.2,47.72,FALSE,243.8
17-03-2020,Furniture,163.7,761.6,72,FALSE,628.15
17-03-2020,Beauty,265.5,1154.4,161.16,FALSE,269.3
17-03-2020,Automotive Parts,316.7,770.1,222.5,FALSE,311.8
17-03-2020,Apparel,413.4,1246.6,169.66,FALSE,410.1
17-03-2020,Pet Supplies,309.7,825.1,198.07,TRUE,300.2
17-03-2020,Groceries,241.6,654.2,107.86,FALSE,218.2
17-03-2020,Toys,209.2,779.7,235.86,FALSE,191.9
17-03-2020,Sporting Goods,481.1,1432.6,128.65,FALSE,440.9
18-03-2020,Electronics,238.4,480.8,45.95,FALSE,234.8
18-03-2020,Apparel,642.8,1240.6,169.29,FALSE,426.6
18-03-2020,Groceries,257.6,646.9,107.5,FALSE,267.3
18-03-2020,Toys,241.5,773,233.98,FALSE,222.7
18-03-2020,Beauty,369.1,1118.7,164.86,FALSE,349.4
18-03-2020,Pet Supplies,263.4,817.3,187.18,FALSE,267.4
18-03-2020,Office Supplies,363.8,863.8,90.76,FALSE,340.6
18-03-2020,Automotive Parts,642.8,766.7,216.94,FALSE,298.9
18-03-2020,Furniture,172.1,977.65,73.82,FALSE,164.5
18-03-2020,Sporting Goods,486.3,1425.9,127.41,FALSE,501.2
19-03-2020,Groceries,642.8,644,109.4,FALSE,242.7
19-03-2020,Electronics,284.9,483.5,45.18,FALSE,282.6
19-03-2020,Beauty,393.5,1120.8,161.48,FALSE,376.3
19-03-2020,Sporting Goods,531.8,1410.9,125.3,FALSE,504
19-03-2020,Furniture,303.9,760.6,77.15,FALSE,201.9
19-03-2020,Automotive Parts,333.8,772.4,217.66,FALSE,328.9
19-03-2020,Office Supplies,334.1,873.1,88.53,FALSE,361.35
19-03-2020,Pet Supplies,254.6,816.7,195.52,FALSE,236
19-03-2020,Apparel,419.1,1247.1,167.4,FALSE,392.7
19-03-2020,Toys,234,775.9,237.11,FALSE,232.3
20-03-2020,Sporting Goods,642.8,1393.5,122.93,TRUE,628.15
20-03-2020,Electronics,408.9,480.8,357.79,TRUE,376.1
20-03-2020,Groceries,297.2,386.5,107.12,FALSE,308.9
20-03-2020,Apparel,444.8,1244.2,165.96,FALSE,451.1
20-03-2020,Office Supplies,383.9,856.1,88.86,FALSE,374
20-03-2020,Furniture,204.4,755.1,73.22,FALSE,208.5
20-03-2020,Toys,249.5,772.8,239.3,FALSE,225.5
20-03-2020,Beauty,322.5,1138.8,164.62,FALSE,335.3
20-03-2020,Pet Supplies,264.2,809.9,200.56,FALSE,246
20-03-2020,Automotive Parts,390.2,759.2,217.07,FALSE,359.6
21-03-2020,Sporting Goods,576.1,1393.5,128.08,FALSE,533.4
21-03-2020,Electronics,274.1,499.9,46.78,FALSE,260.5
21-03-2020,Pet Supplies,246.8,821.1,195.99,FALSE,249.7
21-03-2020,Automotive Parts,309.1,788.6,217.37,FALSE,321.5
21-03-2020,Office Supplies,338.6,873.1,89.8,FALSE,337
21-03-2020,Apparel,436.6,1248.3,173.4,FALSE,403.1
21-03-2020,Toys,238.4,772.1,241.81,FALSE,225.6
21-03-2020,Furniture,183.6,766.9,74.62,FALSE,170.2
21-03-2020,Beauty,381.1,1126.8,165.11,FALSE,350.9
21-03-2020,Groceries,262,395.2,107.01,FALSE,256.1
22-03-2020,Sporting Goods,451.8,1425.2,130.36,FALSE,438.8
22-03-2020,Automotive Parts,348.7,774.9,212.4,FALSE,351
22-03-2020,Groceries,258.3,397.8,105.57,FALSE,64.55
22-03-2020,Apparel,427.8,1254.1,168.82,FALSE,438.8
22-03-2020,Toys,217.5,635.9,239.82,FALSE,219.7
22-03-2020,Beauty,397.35,1137.4,167.51,FALSE,333
22-03-2020,Pet Supplies,301.9,829.8,197.6,TRUE,287.8
22-03-2020,Electronics,237.7,515.3,47.04,FALSE,242.8
22-03-2020,Office Supplies,292.3,884.8,89.07,FALSE,283.9
22-03-2020,Furniture,193.9,763.1,74.43,FALSE,201
23-03-2020,Furniture,163.4,774.2,74.67,FALSE,163.9
23-03-2020,Apparel,388.8,1265.3,167,FALSE,357.2
23-03-2020,Office Supplies,279.1,881.9,89.67,FALSE,254.2
23-03-2020,Pet Supplies,326.6,831,193.9,TRUE,295.2
23-03-2020,Groceries,239,397.3,105.71,FALSE,250.2
23-03-2020,Electronics,231.7,505.9,45.7,FALSE,225.9
23-03-2020,Toys,217.1,784.6,236.95,FALSE,200.5
23-03-2020,Beauty,397.35,1136.2,164.07,FALSE,329.9
23-03-2020,Sporting Goods,479.2,1418.1,128.73,FALSE,473.4
23-03-2020,Automotive Parts,308.1,786.6,220.43,FALSE,292.1
24-03-2020,Toys,243.1,772.6,231.52,FALSE,231.1
24-03-2020,Automotive Parts,322.5,788.8,216.01,FALSE,317.3
24-03-2020,Furniture,160.1,772,75.89,FALSE,146
24-03-2020,Sporting Goods,642.8,1428.4,122.53,TRUE,512.9
24-03-2020,Groceries,295.5,405.1,107.27,TRUE,274.4
24-03-2020,Office Supplies,290.9,879.3,88.51,FALSE,286.2
24-03-2020,Electronics,232.9,480.8,47.49,FALSE,220.6
24-03-2020,Apparel,362.8,1271.8,167.2,FALSE,375.8
24-03-2020,Beauty,304.3,1133,163.73,FALSE,310.4
24-03-2020,Pet Supplies,213.5,817.6,193.7,FALSE,222.9
25-03-2020,Sporting Goods,524.8,1401.2,127.25,FALSE,531.7
25-03-2020,Pet Supplies,247.9,812,192.86,FALSE,230.7
25-03-2020,Electronics,256.6,505.6,47.28,FALSE,251.3
25-03-2020,Beauty,349.7,1112.1,163.4,FALSE,338
25-03-2020,Groceries,257.5,656.9,105.48,FALSE,232.1
25-03-2020,Automotive Parts,340.9,796,227.33,FALSE,339
25-03-2020,Office Supplies,306.5,872.5,87.51,FALSE,281.3
25-03-2020,Toys,260.7,757.8,238.13,FALSE,259.6
25-03-2020,Apparel,382.2,1267.5,172.04,FALSE,380.8
25-03-2020,Furniture,154.7,785.4,73.23,FALSE,140.2
26-03-2020,Pet Supplies,270.8,804.1,196.96,FALSE,258
26-03-2020,Sporting Goods,525.15,1385.8,128.4,FALSE,572.8
26-03-2020,Electronics,400.9,486.2,46.98,TRUE,391.1
26-03-2020,Furniture,303.9,772.4,77.28,FALSE,200.4
26-03-2020,Groceries,290.2,648,110.49,FALSE,271.2
26-03-2020,Apparel,444.8,1300.9,165.7,FALSE,452.5
26-03-2020,Office Supplies,428.4,873.6,87.28,TRUE,410.6
26-03-2020,Toys,244.3,755.5,238.42,FALSE,241.3
26-03-2020,Beauty,378.5,1016.3,165.29,FALSE,360.9
26-03-2020,Automotive Parts,348,798,218.17,FALSE,338.6
27-03-2020,Automotive Parts,361.4,783.2,227.55,FALSE,334.5
27-03-2020,Office Supplies,350.4,861.3,89.82,FALSE,331.6
27-03-2020,Sporting Goods,642.8,1373,128.39,TRUE,628.15
27-03-2020,Pet Supplies,270.4,800.2,197.4,FALSE,258.6
27-03-2020,Electronics,248.4,487.7,47.31,FALSE,292.6
27-03-2020,Beauty,378,1102.1,167.94,FALSE,345
27-03-2020,Toys,276.5,752,234.84,FALSE,274.9
27-03-2020,Apparel,412.6,1265.5,165.7,FALSE,374.2
27-03-2020,Groceries,297.3,645,104.32,FALSE,298.1
27-03-2020,Furniture,181.7,786.7,74.43,FALSE,180.9
28-03-2020,Groceries,245.9,670.9,106.51,FALSE,243.6
28-03-2020,Beauty,358.1,1113.5,163.52,FALSE,338.2
28-03-2020,Pet Supplies,231.3,815,204.38,FALSE,240.8
28-03-2020,Automotive Parts,329.1,788.2,211.7,FALSE,344.5
28-03-2020,Sporting Goods,525.15,1383.9,125.26,FALSE,510.5
28-03-2020,Furniture,184.2,781.4,77.91,FALSE,190.4
28-03-2020,Clothing,404.4,1272.3,170.33,FALSE,370.9
28-03-2020,Toys,209.7,769.9,239.92,FALSE,191
28-03-2020,Office Supplies,317.4,864.2,89.19,FALSE,314
28-03-2020,Electronics,278.8,488.6,45.74,FALSE,270.4
29-03-2020,Pet Supplies,230.3,817.4,190.56,FALSE,217.1
29-03-2020,Apparel,386,1292.3,168.69,FALSE,404.7
29-03-2020,Office Supplies,305.3,870.3,90.44,FALSE,296.8
29-03-2020,Toys,233,756.2,236.39,FALSE,234.5
29-03-2020,Sporting Goods,518.4,1394.1,127.66,FALSE,537.3
29-03-2020,Beauty,331.3,1121.3,164.86,FALSE,314.6
29-03-2020,Electronics,255.2,496.5,48.76,FALSE,250.9
29-03-2020,Groceries,241.2,667.9,106.71,FALSE,225.9
29-03-2020,Automotive Parts,328.9,793.9,217.69,FALSE,320
29-03-2020,Furniture,154.4,799.1,74.92,FALSE,150.2
30-03-2020,Electronics,642.8,501.5,46.78,FALSE,252.9
30-03-2020,Sporting Goods,499.5,1393,129,FALSE,486.4
30-03-2020,Beauty,330.3,1119.6,166.6,FALSE,336.9
30-03-2020,Apparel,384.8,1295.5,164.92,FALSE,367.5
30-03-2020,Office Supplies,276.9,879.8,87.69,FALSE,264.6
30-03-2020,Pet Supplies,296.3,833.5,195.61,TRUE,289.8
30-03-2020,Toys,209.8,764.8,238.81,FALSE,199
30-03-2020,Groceries,201.8,672.1,107.22,FALSE,199.3
30-03-2020,Furniture,181.9,793,71.43,FALSE,181
30-03-2020,Automotive Parts,296.4,806.4,214.97,FALSE,270.5
31-03-2020,Electronics,240.6,498.9,46.42,FALSE,248.1
31-03-2020,Beauty,321.5,1123.8,167.92,FALSE,295
31-03-2020,Groceries,218.5,664.8,107.9,FALSE,225.3
31-03-2020,Toys,219.7,759.6,231.72,FALSE,215.3
31-03-2020,Automotive Parts,295.3,810.5,216.68,FALSE,267.9
31-03-2020,Sporting Goods,492.3,1391.5,128.33,FALSE,488.7
31-03-2020,Furniture,181.8,790.3,74.98,FALSE,169.1
31-03-2020,Pet Supplies,262,807.1,195.44,TRUE,240.1
31-03-2020,Office Supplies,263.3,891.8,94.07,FALSE,250.5
31-03-2020,Clothing,370.4,822.9,172.83,FALSE,357.4
01-04-2020,Pet Supplies,253.8,814.3,193.96,FALSE,239.2
01-04-2020,Office Supplies,333.5,873.2,89.82,FALSE,318.5
01-04-2020,Electronics,260.4,496.2,46.3,FALSE,255.4
01-04-2020,Furniture,303.9,787.6,73.71,FALSE,172.8
01-04-2020,Toys,251.6,751.9,239.97,FALSE,231
01-04-2020,Apparel,377.2,826.4,175.48,FALSE,350.1
01-04-2020,Beauty,368.9,1104.4,161.32,FALSE,344.9
01-04-2020,Groceries,239.4,659.1,107.83,FALSE,247.8
02-04-2020,Toys,274.7,635.9,237.11,FALSE,258.4
02-04-2020,Electronics,274.4,486.8,47.71,FALSE,248.8
02-04-2020,Pet Supplies,283.6,791.4,192.68,FALSE,268.3
02-04-2020,Office Supplies,513.1,867.7,92.08,TRUE,520.7
02-04-2020,Beauty,278.5,1036.2,162.37,FALSE,260
02-04-2020,Toys,221.9,635.9,235.67,FALSE,206.3
02-04-2020,Sporting Goods,544.1,1372.1,127.85,FALSE,560.1
02-04-2020,Automotive Parts,344.1,787.9,220.81,FALSE,356.9
02-04-2020,Sporting Goods,534.8,1429.2,126.53,FALSE,519.2
02-04-2020,Furniture,169.1,786.4,76.2,FALSE,166.7
03-04-2020,Electronics,286.1,480.8,46.37,FALSE,294.9
03-04-2020,Furniture,286.6,748.9,73.42,TRUE,279.1
03-04-2020,Automotive Parts,354.2,656.2,215.82,FALSE,327.8
03-04-2020,Apparel,469.9,805.3,168.15,FALSE,438.8
03-04-2020,Toys,269.4,739.4,231.25,FALSE,273.9
03-04-2020,Automotive Parts,342.6,786.3,211.46,FALSE,319.3
03-04-2020,Pet Supplies,294.3,784.2,195.79,FALSE,298.3
03-04-2020,Sporting Goods,560.9,1357.2,128.66,FALSE,511.5
03-04-2020,Beauty,404,1016.3,169.33,FALSE,364.4
03-04-2020,Groceries,274,638.7,108.42,FALSE,282.7
03-04-2020,Groceries,256.9,701.8,104.48,FALSE,265.3
03-04-2020,Furniture,241.5,761.9,73.57,FALSE,220.1
04-04-2020,Electronics,414.7,478.4,45.32,TRUE,413.1
04-04-2020,Automotive Parts,312.6,794.8,219.11,FALSE,327.4
04-04-2020,Pet Supplies,336.6,798.3,197.93,TRUE,344.8
04-04-2020,Toys,241,748.1,235.63,FALSE,236.1
04-04-2020,Furniture,203.8,769.6,74.77,FALSE,190.2
04-04-2020,Beauty,380.3,1102.6,161.86,FALSE,351.8
04-04-2020,Sporting Goods,516.8,1364.9,128.29,FALSE,481.4
04-04-2020,Apparel,417.2,809.7,170.79,FALSE,435.2
04-04-2020,Office Supplies,327.9,873.3,89.83,FALSE,295.6
04-04-2020,Groceries,271.3,633.7,110.36,FALSE,295.35
05-04-2020,Office Supplies,288.5,890.3,90.74,FALSE,302.9
05-04-2020,Electronics,259.5,488.6,45.74,FALSE,238.3
05-04-2020,Apparel,375.4,1308.2,170.8,FALSE,389.7
05-04-2020,Furniture,303.9,786.9,75.19,FALSE,289.7
05-04-2020,Pet Supplies,241.4,793.5,193.07,FALSE,229.7
05-04-2020,Apparel,399.3,1283.5,168.02,FALSE,401
05-04-2020,Toys,222.9,752.2,237.11,FALSE,204.3
05-04-2020,Groceries,227,661.5,109.59,FALSE,219.3
05-04-2020,Automotive Parts,320.7,787.5,208.8,FALSE,303.5
05-04-2020,Beauty,330.8,1120.4,165.94,FALSE,336.8
06-04-2020,Beauty,445.8,1094.2,166.23,FALSE,420.5
06-04-2020,Furniture,303.9,786.6,73.63,FALSE,157.7
06-04-2020,Electronics,232.6,506.3,46.2,FALSE,240
06-04-2020,Apparel,394.2,1285.3,168.57,FALSE,369.2
06-04-2020,Office Supplies,259.1,894.5,90.15,FALSE,256.1
06-04-2020,Beauty,397.35,1118.4,154.93,FALSE,387.5
06-04-2020,Sporting Goods,504.8,1369.1,128.13,FALSE,507.8
07-04-2020,Office Supplies,249.2,894.7,91.6,FALSE,241.6
07-04-2020,Pet Supplies,280.3,800.9,201.98,TRUE,265
07-04-2020,Apparel,357.4,1301,166.9,FALSE,365.7
07-04-2020,Sporting Goods,513.2,1359.6,120.61,FALSE,503.4
07-04-2020,Automotive Parts,337.1,783.2,221.01,FALSE,317.9
07-04-2020,Groceries,216.2,668.9,104.28,FALSE,204.4
07-04-2020,Furniture,156.8,790.7,76.51,FALSE,147.9
07-04-2020,Beauty,397.35,1090.7,159.19,FALSE,446.1
08-04-2020,Beauty,356.1,1089.7,172.81,FALSE,331.9
08-04-2020,Electronics,252.4,495.5,47.29,FALSE,235.9
08-04-2020,Furniture,186.3,780.8,75.07,FALSE,189.6
08-04-2020,Office Supplies,276.6,880.4,89.48,FALSE,290
08-04-2020,Pet Supplies,321.3,795,197.42,TRUE,275.3
08-04-2020,Groceries,279.7,639.4,107.1,FALSE,253.4
09-04-2020,Toys,257.6,736.6,236.63,FALSE,238.5
09-04-2020,Apparel,412.4,1285.6,172.78,FALSE,401.4
09-04-2020,Office Supplies,298.8,878.9,89.48,FALSE,305.2
09-04-2020,Groceries,278.4,630.5,104.17,FALSE,285.8
09-04-2020,Sporting Goods,470.6,1382.1,128.22,FALSE,492.7
09-04-2020,Sporting Goods,593.5,1343.1,128.33,FALSE,589
09-04-2020,Electronics,285.8,484.9,45,FALSE,291.5
09-04-2020,Furniture,642.8,784.3,72.43,TRUE,289.7
09-04-2020,Apparel,447.8,1239.3,166.93,FALSE,454
09-04-2020,Beauty,366.5,1109.8,167.22,FALSE,342.3
10-04-2020,Groceries,278.3,635.2,106.4,FALSE,276.3
10-04-2020,Toys,242.5,740.7,238.94,FALSE,238.6
10-04-2020,Electronics,290.9,480.8,47.79,FALSE,273.6
10-04-2020,Apparel,422.6,1288.5,165.71,FALSE,438.8
10-04-2020,Office Supplies,310.1,875.2,91.68,FALSE,288.9
10-04-2020,Pet Supplies,276,776,197.82,FALSE,259.3
10-04-2020,Sporting Goods,525.15,1356.8,127.45,FALSE,479.3
10-04-2020,Furniture,189.3,783.4,74.03,FALSE,173.6
11-04-2020,Pet Supplies,279.6,771.8,190.09,FALSE,269.4
11-04-2020,Toys,287.7,609.3,235.49,FALSE,302.8
11-04-2020,Beauty,642.8,1105.8,164.9,TRUE,552.3
11-04-2020,Groceries,273.3,637.9,107.5,FALSE,285.9
11-04-2020,Sporting Goods,538.1,1355.7,129.24,FALSE,495.3
11-04-2020,Groceries,263.7,585.3,109.27,FALSE,273.2
11-04-2020,Electronics,257.3,489.7,45.2,FALSE,263.7
11-04-2020,Clothing,446.7,981.4,176.87,FALSE,407.9
11-04-2020,Apparel,427.2,1286.4,172.65,FALSE,387.4
11-04-2020,Office Supplies,363.5,819.5,88.3,FALSE,331.2
11-04-2020,Office Supplies,275.7,885.2,88.17,FALSE,628.15
11-04-2020,Automotive Parts,327,776.4,214.82,FALSE,334.6
11-04-2020,Furniture,181.7,784.8,73.89,FALSE,289.7
11-04-2020,Automotive Parts,270.5,672.1,221.85,FALSE,282.6
12-04-2020,Apparel,386,1288.7,170.01,FALSE,402.3
12-04-2020,Office Supplies,279.9,891.6,88.73,FALSE,281.9
12-04-2020,Automotive Parts,309,786.3,222.08,FALSE,303.4
12-04-2020,Toys,262.9,620.2,226.9,FALSE,264.4
12-04-2020,Groceries,236.9,646.3,106.93,FALSE,219.8
12-04-2020,Pet Supplies,229.2,776.7,194.38,FALSE,235.2
12-04-2020,Sporting Goods,538.9,1397.7,127.54,FALSE,494.1
12-04-2020,Electronics,642.8,346.3,47.18,FALSE,238.5
12-04-2020,Furniture,345.7,807.7,75.48,FALSE,319.2
12-04-2020,Furniture,164.2,791.7,76.86,FALSE,162.4
12-04-2020,Beauty,383,1111.3,161.76,FALSE,396.5
13-04-2020,Apparel,451.9,1302.9,172.19,FALSE,331.4
13-04-2020,Groceries,220.2,642.1,104.05,FALSE,218.1
13-04-2020,Automotive Parts,300.4,783.4,216.64,FALSE,312.6
13-04-2020,Office Supplies,237.2,918.3,91.13,FALSE,239.5
13-04-2020,Pet Supplies,193.5,793.1,198.54,FALSE,199.9
13-04-2020,Sporting Goods,503.7,1361.3,128.91,FALSE,454.4
13-04-2020,Beauty,317.9,1134.3,166.12,FALSE,310.7
13-04-2020,Toys,275.1,745.1,357.79,TRUE,248.1
13-04-2020,Furniture,164,786.4,75.76,FALSE,158.4
13-04-2020,Electronics,229.8,499.2,47.06,FALSE,628.15
14-04-2020,Toys,313.75,732.3,237.11,FALSE,269.3
14-04-2020,Beauty,353.7,1116.6,164.05,FALSE,347.2
14-04-2020,Electronics,255.8,491.8,47.1,FALSE,242.2
14-04-2020,Pet Supplies,196.6,787.9,195.01,FALSE,187.3
14-04-2020,Clothing,529.2,1296.2,170.57,TRUE,526.2
14-04-2020,Office Supplies,301.4,897,90.3,FALSE,312.1
14-04-2020,Furniture,147.5,784.2,73.26,FALSE,142.3
14-04-2020,Automotive Parts,305.4,787.4,215.77,FALSE,275.2
14-04-2020,Sporting Goods,496.2,1369,130.69,FALSE,515.9
14-04-2020,Groceries,207.9,646.3,107.5,FALSE,207.7
15-04-2020,Beauty,371.7,1016.3,169.21,FALSE,388.4
15-04-2020,Groceries,302.8,636,109.13,FALSE,229.1
15-04-2020,Sporting Goods,642.8,1357.5,125.64,TRUE,512.9
15-04-2020,Office Supplies,308.5,902.2,89.82,FALSE,628.15
15-04-2020,Electronics,262.5,480.8,46.38,FALSE,246.8
15-04-2020,Apparel,443.9,1263.5,170.56,FALSE,441.7
15-04-2020,Furniture,185.4,770.6,73.82,FALSE,182.5
15-04-2020,Pet Supplies,239,783,197.24,FALSE,231.5
15-04-2020,Automotive Parts,293.3,799.5,222.9,FALSE,296.4
15-04-2020,Toys,283.1,729,236.23,FALSE,282.3
16-04-2020,Automotive Parts,343.2,791.6,220.09,FALSE,350.7
16-04-2020,Electronics,299.2,478.3,45.74,FALSE,276.1
16-04-2020,Toys,232.6,741.2,233.07,FALSE,229.1
16-04-2020,Sporting Goods,565.3,1350.5,127.1,FALSE,558.6
16-04-2020,Apparel,412.8,1266.1,172.31,FALSE,394.6
16-04-2020,Pet Supplies,253.8,780.9,196.71,FALSE,263.2
16-04-2020,Office Supplies,304.4,896.4,88.99,FALSE,286.3
16-04-2020,Groceries,268.2,628.9,107.76,FALSE,266.7
16-04-2020,Beauty,377.7,1016.3,164.86,FALSE,388.5
16-04-2020,Furniture,177,774.1,72.89,FALSE,182.9
17-04-2020,Furniture,303.9,767.5,74.03,FALSE,205.5
17-04-2020,Electronics,280.9,489.1,46.54,FALSE,263
17-04-2020,Beauty,391.8,1085.6,164.77,FALSE,392.2
17-04-2020,Sporting Goods,642.8,1347.3,131.89,TRUE,628.15
17-04-2020,Automotive Parts,344.9,794.4,214.75,FALSE,336.1
17-04-2020,Office Supplies,308.8,906,90.91,FALSE,323
17-04-2020,Toys,276.3,734.7,242.49,FALSE,283.9
17-04-2020,Pet Supplies,254.8,776.4,193.34,FALSE,246.4
17-04-2020,Apparel,439.1,1260.9,165.06,FALSE,453.8
17-04-2020,Groceries,266,632.4,106.81,FALSE,279.3
18-04-2020,Electronics,268.4,489.7,46.65,FALSE,255.8
18-04-2020,Apparel,451.9,1279.8,169.92,FALSE,403.4
18-04-2020,Automotive Parts,333.1,799.6,221.13,FALSE,344.1
18-04-2020,Sporting Goods,633.9,1367.7,127.53,TRUE,618.1
18-04-2020,Furniture,185.4,780,73.12,FALSE,189.2
18-04-2020,Beauty,387.8,1090.3,158.88,FALSE,354.3
18-04-2020,Toys,239.8,742,237.84,FALSE,302.8
18-04-2020,Office Supplies,280.8,912.2,90.17,FALSE,259.4
18-04-2020,Groceries,261.3,628.2,108.45,FALSE,273.4
18-04-2020,Pet Supplies,245.4,771.6,206.07,FALSE,243.5
19-04-2020,Office Supplies,279.5,910.1,89.17,FALSE,269.1
19-04-2020,Electronics,251.9,494.4,46.08,FALSE,237.2
19-04-2020,Sporting Goods,503.6,1367.4,128.33,FALSE,512.9
19-04-2020,Beauty,397.35,1097.7,162.23,FALSE,334.1
19-04-2020,Toys,229.6,742.7,237.11,FALSE,218.2
19-04-2020,Groceries,236.4,640.1,108.32,FALSE,235.8
19-04-2020,Pet Supplies,170.7,798.8,197.09,FALSE,172.8
19-04-2020,Furniture,188.6,776.1,73.99,FALSE,188.1
19-04-2020,Automotive Parts,308.9,807.7,212.75,FALSE,309.7
19-04-2020,Apparel,505,1722.47,171.97,TRUE,500.6
20-04-2020,Office Supplies,369.4,920.7,85.5,FALSE,232.6
20-04-2020,Furniture,192.6,767.2,76.11,FALSE,188.8
20-04-2020,Electronics,245.6,496.6,46.39,FALSE,236.5
20-04-2020,Apparel,365.9,1292.1,168.47,FALSE,438.8
20-04-2020,Pet Supplies,216.1,794.5,196.48,FALSE,205.8
20-04-2020,Beauty,565,1088.7,160.65,TRUE,560.2
20-04-2020,Toys,232.8,739.7,231.63,FALSE,243.2
20-04-2020,Sporting Goods,486.2,1365.8,132.83,FALSE,488.2
20-04-2020,Groceries,208.9,639,109.13,FALSE,217.3
20-04-2020,Automotive Parts,329.1,814.9,214.7,FALSE,285.7
21-04-2020,Groceries,280.6,636.7,105.34,TRUE,284
21-04-2020,Toys,248.8,740.9,237.35,FALSE,251.1
21-04-2020,Sporting Goods,472.1,1368.9,135.84,FALSE,426.9
21-04-2020,Office Supplies,263.2,922.9,90.68,FALSE,250.2
21-04-2020,Pet Supplies,232.4,792.6,192.77,FALSE,240
21-04-2020,Automotive Parts,312.2,804.1,217.09,FALSE,317.9
21-04-2020,Apparel,326,1307.1,168.79,FALSE,332.6
21-04-2020,Beauty,369.2,1081.3,164.86,FALSE,377.7
21-04-2020,Electronics,245.1,480.8,47.24,FALSE,232.8
21-04-2020,Furniture,146.2,781.8,73.84,FALSE,144.5
22-04-2020,Automotive Parts,301.4,806.9,210.16,FALSE,297.1
22-04-2020,Electronics,248.4,508.1,48.32,FALSE,252
22-04-2020,Office Supplies,261,920.2,89.94,FALSE,246.7
22-04-2020,Sporting Goods,545.9,1343,132.15,FALSE,540.7
22-04-2020,Pet Supplies,222.6,793.4,193.85,FALSE,201.1
22-04-2020,Beauty,371.8,1083.1,162.24,FALSE,371.5
22-04-2020,Groceries,340.6,634,106.95,TRUE,316.7
22-04-2020,Apparel,365.4,1295.7,174.08,FALSE,356.1
22-04-2020,Furniture,171.8,762.5,74.43,FALSE,175.5
22-04-2020,Toys,263.3,738.9,245.2,FALSE,264.5
23-04-2020,Beauty,615.3,1077.7,163.54,TRUE,587.5
23-04-2020,Furniture,200.8,759,74.83,FALSE,205.2
23-04-2020,Sporting Goods,606.9,1397.7,127.95,FALSE,576.8
23-04-2020,Clothing,433.6,1279.9,170.41,FALSE,399.7
23-04-2020,Groceries,642.8,616,104.14,FALSE,263
23-04-2020,Automotive Parts,330.3,800.8,222.14,FALSE,326.3
23-04-2020,Pet Supplies,237.7,786.8,194.37,FALSE,226.4
23-04-2020,Toys,262,746.4,242.34,FALSE,260.5
23-04-2020,Office Supplies,338.3,890.1,90.6,FALSE,316.4
23-04-2020,Electronics,281,494,47.5,FALSE,275.7
24-04-2020,Apparel,438,1277.5,167.68,FALSE,438.8
24-04-2020,Electronics,284,493.5,45.21,FALSE,262.9
24-04-2020,Beauty,425.9,1722.47,171.63,FALSE,444.2
24-04-2020,Pet Supplies,409.6,777.3,201.68,TRUE,371.6
24-04-2020,Toys,275.6,744.7,242.27,FALSE,284.3
24-04-2020,Groceries,294.6,435.1,102.47,FALSE,267.2
24-04-2020,Office Supplies,338.6,819.8,88.07,FALSE,338.8
24-04-2020,Furniture,164.2,767.8,74.46,FALSE,169.5
24-04-2020,Automotive Parts,323.9,805.6,225.21,FALSE,324.3
24-04-2020,Sporting Goods,547,1333.2,128.5,FALSE,573.4
25-04-2020,Office Supplies,314.5,890.4,91.74,FALSE,325
25-04-2020,Electronics,264.8,491.8,46.99,FALSE,260.2
25-04-2020,Pet Supplies,272.4,786.9,200.23,FALSE,260.3
25-04-2020,Automotive Parts,317.9,806.7,217.8,FALSE,329.6
25-04-2020,Sporting Goods,517.4,1349.1,128.65,FALSE,478.9
25-04-2020,Apparel,393.4,1291,173.33,FALSE,382
25-04-2020,Furniture,183.5,772.1,73.94,FALSE,172.6
25-04-2020,Beauty,506.7,1057.1,163.2,TRUE,524
25-04-2020,Toys,304.9,735.9,233.63,FALSE,282.5
25-04-2020,Groceries,302.8,442.4,101.67,FALSE,258.7
26-04-2020,Pet Supplies,212,815.4,206.07,FALSE,213.9
26-04-2020,Groceries,302.8,453.8,107.39,FALSE,64.55
26-04-2020,Beauty,531.4,1064.2,164.45,TRUE,482.8
26-04-2020,Apparel,406.4,1294.7,170.74,FALSE,391
26-04-2020,Electronics,239.5,494.5,47.3,FALSE,224.7
26-04-2020,Sporting Goods,494.4,1359,126.61,FALSE,486
26-04-2020,Toys,258.5,743.9,241.83,FALSE,261.2
26-04-2020,Office Supplies,269.6,912,88.15,FALSE,271
26-04-2020,Automotive Parts,319.1,814.5,214.2,FALSE,333.2
26-04-2020,Furniture,188.2,777.9,75.64,FALSE,174.8
27-04-2020,Office Supplies,252.6,919.4,90.15,FALSE,254.4
27-04-2020,Sporting Goods,505.1,1352.6,128.56,FALSE,493.1
27-04-2020,Pet Supplies,186.4,826.1,202.36,FALSE,178.9
27-04-2020,Automotive Parts,291.4,818.8,221.78,FALSE,282
27-04-2020,Toys,211.1,752.6,242.15,FALSE,209
27-04-2020,Furniture,188.2,783.7,74.28,FALSE,197.2
27-04-2020,Groceries,206,461.1,109.6,FALSE,209.1
27-04-2020,Electronics,250.5,491.3,45.02,FALSE,252.8
27-04-2020,Apparel,350.1,1314.7,173.6,FALSE,343.8
27-04-2020,Beauty,329.7,1082.7,159.62,FALSE,324.1
28-04-2020,Groceries,220.9,454.9,106.39,FALSE,215.8
28-04-2020,Toys,642.8,735.6,230.23,FALSE,262.3
28-04-2020,Furniture,163.1,789.2,72.65,FALSE,158.6
28-04-2020,Pet Supplies,186.7,822.5,197.73,FALSE,187.6
28-04-2020,Apparel,358.1,1312.3,163.24,FALSE,327.6
28-04-2020,Beauty,393.6,1062.8,165.65,FALSE,365.7
28-04-2020,Electronics,232.4,499.9,46.61,FALSE,224.9
28-04-2020,Office Supplies,255.4,910.3,89.52,FALSE,253.7
28-04-2020,Automotive Parts,293.2,824.7,209.98,FALSE,303.5
28-04-2020,Sporting Goods,472.7,1372.2,127.68,FALSE,447.1
29-04-2020,Sporting Goods,546.4,1343.5,135.04,FALSE,537.9
29-04-2020,Furniture,155.8,795,74.3,FALSE,144.2
29-04-2020,Toys,334.4,739.7,238.8,TRUE,313.3
29-04-2020,Pet Supplies,238.3,807.2,194.25,FALSE,310.6
29-04-2020,Office Supplies,301.7,897.2,90.75,FALSE,293.8
29-04-2020,Beauty,388.4,1060.1,159.35,FALSE,396.3
29-04-2020,Clothing,382.8,1305.4,163.85,FALSE,381.1
29-04-2020,Electronics,247.4,500.1,47.63,FALSE,257.7
29-04-2020,Groceries,240.8,631.1,106.67,FALSE,295.35
29-04-2020,Automotive Parts,324,816.3,212.94,FALSE,311.4
30-04-2020,Automotive Parts,311.6,828.2,217,FALSE,296.7
30-04-2020,Office Supplies,327.9,888,88.25,FALSE,313.6
30-04-2020,Sporting Goods,587.8,1336,126.97,FALSE,589.7
30-04-2020,Toys,272.4,726.1,239.02,FALSE,270.8
30-04-2020,Groceries,249.5,634.2,108.51,FALSE,295.35
30-04-2020,Furniture,217.5,773.5,75.52,FALSE,202.9
30-04-2020,Pet Supplies,276.3,806.6,192.35,FALSE,277.4
30-04-2020,Apparel,411.6,1297.5,169.68,FALSE,424.2
30-04-2020,Beauty,396.5,1061.4,163.46,FALSE,379.1
30-04-2020,Electronics,283,487.9,45.77,FALSE,258.3
01-05-2020,Pet Supplies,258.5,815,202.96,FALSE,252.2
01-05-2020,Sporting Goods,458.9,1097.3,128.52,FALSE,430.6
01-05-2020,Office Supplies,435.6,884.8,90.7,TRUE,428
01-05-2020,Electronics,282.1,481.4,45.21,FALSE,260.9
01-05-2020,Apparel,439.9,1296,169.66,FALSE,404.7
01-05-2020,Sporting Goods,525.15,1334.3,129.18,FALSE,568.4
01-05-2020,Automotive Parts,472.4,813.8,219.42,TRUE,438.1
01-05-2020,Electronics,171,518.7,48.03,FALSE,173.1
02-05-2020,Apparel,451.9,1321.4,178.49,FALSE,368.9
02-05-2020,Pet Supplies,235,819.5,188.28,FALSE,245.6
02-05-2020,Office Supplies,294.4,895.3,87.66,FALSE,279.9
02-05-2020,Sporting Goods,500.2,1365.6,125.94,FALSE,484.6
02-05-2020,Beauty,428.2,1069.6,168.35,FALSE,435.4
02-05-2020,Electronics,248.4,488.4,47.19,FALSE,267.4
02-05-2020,Toys,213.1,808.5,246.67,FALSE,194.2
02-05-2020,Automotive Parts,384.6,1722.47,220.71,TRUE,403.2
02-05-2020,Furniture,176.4,783.7,74.4,FALSE,174.6
03-05-2020,Electronics,388,491.7,46.9,TRUE,362.6
03-05-2020,Toys,234.3,783,234.34,FALSE,215.8
03-05-2020,Automotive Parts,390,820.5,218.72,TRUE,397.5
03-05-2020,Pet Supplies,258.6,815.5,203.28,FALSE,246
03-05-2020,Pet Supplies,261.8,827.3,194.09,FALSE,254.9
03-05-2020,Furniture,180.2,758.8,73.14,FALSE,181.9
03-05-2020,Beauty,390.3,1087.9,165.9,FALSE,396.9
03-05-2020,Toys,236.8,751.3,242.6,FALSE,239.8
03-05-2020,Office Supplies,282.2,892.3,92.15,FALSE,289.6
04-05-2020,Sporting Goods,472.6,1376.7,127.71,FALSE,458.6
04-05-2020,Beauty,355.9,1096.1,164.29,FALSE,359
04-05-2020,Pet Supplies,206.7,829.3,196.18,FALSE,201.6
04-05-2020,Groceries,187.5,645.3,110.07,FALSE,183.5
04-05-2020,Office Supplies,225.2,911.7,92.2,FALSE,212.5
04-05-2020,Electronics,233.7,499.2,46.78,FALSE,212.2
04-05-2020,Sporting Goods,545.2,1362.5,129.71,FALSE,548.9
04-05-2020,Furniture,303.9,785.9,73.61,FALSE,156.9
04-05-2020,Toys,273.3,736.9,225.62,FALSE,277.4
04-05-2020,Automotive Parts,308,834.8,217.8,FALSE,306.5
05-05-2020,Toys,241.3,746.2,240.22,FALSE,218.4
05-05-2020,Apparel,362.3,1314,173.34,FALSE,375.8
05-05-2020,Automotive Parts,264.5,841.4,211.63,FALSE,244
05-05-2020,Sporting Goods,463.6,1373.8,130.84,FALSE,439.2
05-05-2020,Electronics,236.8,499,46.38,FALSE,232.7
05-05-2020,Office Supplies,235,905.1,88.28,FALSE,220.5
05-05-2020,Pet Supplies,212.4,837.1,195.04,FALSE,219.3
05-05-2020,Beauty,532.2,1094.7,165.05,TRUE,558.7
05-05-2020,Groceries,186.8,641.5,107.7,FALSE,192.8
05-05-2020,Furniture,247.6,793.6,74.93,TRUE,228.3
06-05-2020,Electronics,262.9,494.8,46.8,FALSE,272.5
06-05-2020,Automotive Parts,303.3,831.1,215.72,FALSE,283.2
06-05-2020,Toys,264.5,748.7,237.11,FALSE,261.1
06-05-2020,Groceries,230.6,626.2,110.54,FALSE,208.6
06-05-2020,Apparel,395.9,1304.3,170.78,FALSE,375.5
06-05-2020,Sporting Goods,545.9,1351.7,357.79,FALSE,544.2
06-05-2020,Office Supplies,267,896,89.16,FALSE,253.6
06-05-2020,Electronics,266.2,535.1,47.69,FALSE,242.1
06-05-2020,Pet Supplies,240.9,829.7,195.21,FALSE,228.2
06-05-2020,Furniture,237.1,773.2,76.49,FALSE,218.4
06-05-2020,Office Supplies,294.7,882.4,90.33,FALSE,305.1
07-05-2020,Automotive Parts,322,833,222.66,FALSE,321.6
07-05-2020,Office Supplies,280.8,819.8,89.27,FALSE,253.8
07-05-2020,Apparel,642.8,1301.3,169.57,TRUE,624.1
07-05-2020,Office Supplies,252.9,879.8,89.1,FALSE,255.5
07-05-2020,Sporting Goods,528.4,1359.5,130.53,FALSE,530.2
07-05-2020,Furniture,212.9,789,75.99,FALSE,204.2
07-05-2020,Groceries,265,614.8,109.97,FALSE,242.5
07-05-2020,Electronics,275.4,494.3,46.76,FALSE,266.9
08-05-2020,Beauty,415.4,1062.9,168.4,FALSE,406.8
08-05-2020,Groceries,266.9,617.5,107.93,FALSE,251.8
08-05-2020,Toys,322.1,471.2,242.07,FALSE,291.2
08-05-2020,Apparel,380,1309.5,170.51,FALSE,360.5
08-05-2020,Pet Supplies,253.4,828.4,191.98,FALSE,233.9
08-05-2020,Automotive Parts,408.7,832.7,219.04,TRUE,409.2
08-05-2020,Sporting Goods,630,1318.7,131.1,FALSE,607.3
08-05-2020,Beauty,426.3,1089.6,168.68,FALSE,387.5
08-05-2020,Furniture,303.9,977.65,75.97,FALSE,337.5
08-05-2020,Pet Supplies,305.4,739.3,196.21,FALSE,284.7
08-05-2020,Furniture,210.1,789.6,73.35,FALSE,217
08-05-2020,Toys,307.8,733.7,236.19,FALSE,282.5
09-05-2020,Groceries,259.2,624,110.05,FALSE,242.8
09-05-2020,Electronics,258.3,501.4,44.93,FALSE,232.6
09-05-2020,Furniture,350.6,811,73.44,FALSE,339.4
09-05-2020,Office Supplies,266.9,903.1,90.18,FALSE,268.9
09-05-2020,Pet Supplies,257.6,823.2,198.21,FALSE,236.3
09-05-2020,Apparel,421.9,1291.7,170.86,FALSE,410
09-05-2020,Beauty,393.8,1094.7,166.27,FALSE,373.5
09-05-2020,Sporting Goods,508.4,1355.4,128.99,FALSE,475.1
10-05-2020,Office Supplies,239.9,921.3,90.6,FALSE,233.5
10-05-2020,Apparel,427.9,1296.4,172.15,FALSE,398.1
10-05-2020,Toys,252.4,740.6,242.9,FALSE,262.4
10-05-2020,Sporting Goods,375,1397.7,127.45,FALSE,369.6
10-05-2020,Furniture,228.8,796.1,73.92,TRUE,289.7
10-05-2020,Office Supplies,339,827.4,89.82,FALSE,336.3
10-05-2020,Groceries,243,634.5,108.47,FALSE,235.7
10-05-2020,Furniture,329.6,781.3,73.51,FALSE,313.9
10-05-2020,Sporting Goods,542.9,1350.8,126.15,FALSE,515
10-05-2020,Beauty,339.2,1122.2,164.86,FALSE,341.8
11-05-2020,Beauty,366.2,1116.1,170.21,FALSE,333
11-05-2020,Toys,235.4,740.8,242.97,FALSE,224.2
11-05-2020,Office Supplies,251.5,922.4,90.39,FALSE,263.7
11-05-2020,Electronics,161.4,520.2,45.66,FALSE,154.7
11-05-2020,Pet Supplies,198.8,843.7,190.43,FALSE,192.6
11-05-2020,Electronics,226.5,513.4,47.9,FALSE,237.6
11-05-2020,Automotive Parts,287.1,841.8,216.94,FALSE,267.2
11-05-2020,Groceries,197.1,646.2,108.8,FALSE,192.1
11-05-2020,Sporting Goods,506,1359.4,130.31,FALSE,458.8
11-05-2020,Apparel,364.2,1312.9,171.67,FALSE,328.6
11-05-2020,Furniture,174.6,801.1,75.15,FALSE,183
11-05-2020,Office Supplies,369.4,808.2,91.19,FALSE,395.7
11-05-2020,Sporting Goods,501.2,1396.7,126.42,FALSE,475.3
12-05-2020,Pet Supplies,202.9,846.3,196.89,FALSE,184.6
12-05-2020,Sporting Goods,504.8,1356.1,131.1,FALSE,468.5
12-05-2020,Furniture,182.3,792.3,75.78,FALSE,167.3
12-05-2020,Automotive Parts,297.4,622.7,209.82,FALSE,307
12-05-2020,Toys,250.2,734.8,237.11,FALSE,261.5
12-05-2020,Clothing,346.4,1331.1,167.78,FALSE,325.9
12-05-2020,Beauty,382.6,1110.9,165.28,FALSE,349.8
12-05-2020,Office Supplies,331.8,923.6,87.48,TRUE,330.6
13-05-2020,Automotive Parts,279.9,839.8,207.66,FALSE,271
13-05-2020,Electronics,228.8,522.4,46.44,FALSE,212.2
13-05-2020,Sporting Goods,525.5,1356.3,131.69,FALSE,533.6
13-05-2020,Furniture,198.7,780.8,78.28,FALSE,628.15
13-05-2020,Pet Supplies,242.3,834.1,198.66,FALSE,238.9
13-05-2020,Office Supplies,258.2,921.6,91.37,FALSE,255.4
13-05-2020,Apparel,569.7,1315.1,164.62,TRUE,525.6
13-05-2020,Beauty,362,1115.7,163.86,FALSE,372.2
13-05-2020,Toys,428.2,727,237.11,TRUE,445.6
13-05-2020,Groceries,358.4,627.1,108.73,TRUE,364.6
14-05-2020,Pet Supplies,264.9,831.9,192.36,FALSE,254
14-05-2020,Toys,306.1,726.5,242.14,FALSE,278
14-05-2020,Electronics,268.7,512.2,46.58,FALSE,249.2
14-05-2020,Sporting Goods,532.1,1348.9,129.41,FALSE,530.9
14-05-2020,Groceries,275.7,611.9,110.04,FALSE,270.2
14-05-2020,Furniture,303.9,761.8,73.43,FALSE,195.9
14-05-2020,Beauty,413.7,1104.4,167.01,FALSE,424.7
14-05-2020,Apparel,453.2,1291.1,171.1,FALSE,465.3
14-05-2020,Automotive Parts,322.8,822.4,218.3,FALSE,317.6
14-05-2020,Office Supplies,455.5,1722.47,89.99,TRUE,457.9
15-05-2020,Apparel,408.4,1300.5,162.93,FALSE,408.7
15-05-2020,Beauty,407.3,1104.8,164.86,FALSE,385.1
15-05-2020,Furniture,232,744.5,74.93,FALSE,227.4
15-05-2020,Toys,313.8,719,239.18,FALSE,326.6
15-05-2020,Electronics,257.9,509.6,48.29,FALSE,264.2
15-05-2020,Sporting Goods,614.3,1335.5,124.53,FALSE,564
15-05-2020,Office Supplies,310.2,907.9,91.95,FALSE,322.9
15-05-2020,Groceries,409.6,611.1,105.13,TRUE,394.5
15-05-2020,Pet Supplies,269.8,822.2,196.2,FALSE,279
15-05-2020,Automotive Parts,297.1,434.2,213.76,FALSE,276.4
16-05-2020,Toys,294.7,726.5,224.65,FALSE,298.3
16-05-2020,Beauty,387,1111.6,167.89,FALSE,400.2
16-05-2020,Electronics,236.5,523.5,46.22,FALSE,247.6
16-05-2020,Pet Supplies,278.4,812.4,193.71,FALSE,269
16-05-2020,Office Supplies,314.1,903.1,89.79,FALSE,303.1
16-05-2020,Sporting Goods,561.5,1347.3,126.81,FALSE,512.6
16-05-2020,Automotive Parts,306.7,435.1,223.12,FALSE,278.1
16-05-2020,Groceries,245.1,623.1,112.67,FALSE,233.7
16-05-2020,Furniture,216.1,748.3,73.08,FALSE,219.8
16-05-2020,Apparel,365.5,1304.8,171.61,FALSE,330
17-05-2020,Sporting Goods,537.3,1356.4,126.57,FALSE,507.6
17-05-2020,Pet Supplies,245.3,819.7,192.27,FALSE,243.1
17-05-2020,Electronics,237.9,528.1,45.46,FALSE,247.7
17-05-2020,Groceries,206.1,632.7,107.94,FALSE,208.2
17-05-2020,Toys,247.3,743.3,235.82,FALSE,253.1
17-05-2020,Office Supplies,280.2,905.2,89.34,FALSE,264.9
17-05-2020,Apparel,334.3,1321.9,165.52,FALSE,305.9
17-05-2020,Furniture,268.7,761.3,73.38,TRUE,264.4
17-05-2020,Automotive Parts,265.1,446.6,217.8,FALSE,64.55
17-05-2020,Beauty,379.8,1119.2,160.85,FALSE,342
18-05-2020,Groceries,190.1,638.9,109.44,FALSE,177.8
18-05-2020,Clothing,326.5,1323.3,170.57,FALSE,312.3
18-05-2020,Sporting Goods,468.6,1367.6,130.86,FALSE,488.6
18-05-2020,Automotive Parts,329.1,445.8,218.31,TRUE,325.7
18-05-2020,Electronics,211.6,541.7,47.88,FALSE,197.2
18-05-2020,Toys,253.6,739.1,237.24,FALSE,251.5
18-05-2020,Furniture,185.5,758.9,75.45,FALSE,175.4
18-05-2020,Office Supplies,210.4,931.7,90.19,FALSE,195.5
18-05-2020,Pet Supplies,192.8,834.8,191.65,FALSE,188.1
18-05-2020,Beauty,368.6,1118.8,163.86,FALSE,363.6
19-05-2020,Automotive Parts,294.5,442.1,218.3,FALSE,280.9
19-05-2020,Groceries,191.7,635.9,104.57,FALSE,195.5
19-05-2020,Electronics,228.6,537.6,45.93,FALSE,217.3
19-05-2020,Sporting Goods,504.2,1349,125.24,FALSE,504.2
19-05-2020,Office Supplies,259.6,919.4,90.11,FALSE,244.5
19-05-2020,Beauty,386.5,1114.3,163.37,FALSE,374.1
19-05-2020,Furniture,181.2,468.2,74.78,FALSE,289.7
19-05-2020,Pet Supplies,302.8,832.4,203.4,TRUE,284.8
19-05-2020,Apparel,369.9,1306.1,172.22,FALSE,351.6
19-05-2020,Toys,278.9,730.7,237.11,FALSE,273.8
20-05-2020,Furniture,205.7,977.65,74.43,FALSE,201
20-05-2020,Groceries,302.8,624.7,108.58,FALSE,244.9
20-05-2020,Automotive Parts,283.3,853.5,218.49,FALSE,287.8
20-05-2020,Electronics,237.2,536.7,45.75,FALSE,237.9
20-05-2020,Pet Supplies,205.9,825.3,188.15,FALSE,208
20-05-2020,Office Supplies,291.7,912.2,85.35,FALSE,292.8
20-05-2020,Clothing,409,1292.6,164.38,FALSE,420.6
20-05-2020,Toys,252,635.9,237.56,FALSE,241.4
20-05-2020,Sporting Goods,565.4,1328.6,128.75,FALSE,516.4
20-05-2020,Beauty,600.4,1101.4,164.86,TRUE,577.2
21-05-2020,Office Supplies,325.2,897.4,91.16,FALSE,303
21-05-2020,Toys,275,735,237.11,FALSE,262
21-05-2020,Furniture,195.3,463,71.05,FALSE,64.55
21-05-2020,Sporting Goods,556,1333.7,128.14,FALSE,582.4
21-05-2020,Groceries,277.7,616.9,107.39,FALSE,250.9
21-05-2020,Pet Supplies,263.8,807.8,199.78,FALSE,255.7
21-05-2020,Automotive Parts,338.8,656.2,212.82,FALSE,332.1
21-05-2020,Electronics,250.4,531.6,48.71,FALSE,242.1
21-05-2020,Beauty,421.2,1106,169.19,FALSE,386.2
21-05-2020,Apparel,387.2,1307,177.72,FALSE,395.8
22-05-2020,Toys,297.9,726.8,237.42,FALSE,300.5
22-05-2020,Automotive Parts,287.7,839.2,220.03,FALSE,271.5
22-05-2020,Pet Supplies,298.6,805.9,201.57,FALSE,288.8
22-05-2020,Furniture,256,454.9,72.75,FALSE,263.1
22-05-2020,Beauty,407.9,1016.3,160.28,FALSE,383.6
22-05-2020,Office Supplies,369.4,913.3,87.78,FALSE,265.1
22-05-2020,Electronics,318.1,527.2,48.32,TRUE,329.7
22-05-2020,Groceries,274.8,618.2,111.11,FALSE,260.7
22-05-2020,Apparel,415.3,1303.4,172.22,FALSE,417.8
22-05-2020,Sporting Goods,579.4,1322.5,129.42,FALSE,523.2
23-05-2020,Automotive Parts,299.1,844.3,215.07,FALSE,282.4
23-05-2020,Toys,287.7,726.2,241.47,FALSE,266.3
23-05-2020,Apparel,358,1326.2,160.37,FALSE,355.8
23-05-2020,Groceries,230.7,631.6,107.94,FALSE,229.1
23-05-2020,Pet Supplies,277.6,810.5,198.16,FALSE,258.7
23-05-2020,Electronics,246.1,537,45.98,FALSE,236
23-05-2020,Sporting Goods,642.8,1339,130.59,TRUE,628.15
23-05-2020,Beauty,425.5,1102.7,164.42,FALSE,418.6
23-05-2020,Furniture,303.9,463.5,73.03,FALSE,215
23-05-2020,Office Supplies,270.7,908.5,91.27,FALSE,244
24-05-2020,Clothing,396.3,1315.4,170.57,FALSE,401.2
24-05-2020,Automotive Parts,281.3,852.7,215.81,FALSE,262.3
24-05-2020,Furniture,224.3,773.3,74.99,TRUE,203.3
24-05-2020,Office Supplies,268,909.5,90.19,FALSE,271.1
24-05-2020,Pet Supplies,241,831.9,190.87,FALSE,234.3
24-05-2020,Beauty,369.6,1123.9,164.16,FALSE,350.8
24-05-2020,Toys,271.5,725,240.58,FALSE,249.2
24-05-2020,Electronics,225.3,541.4,47.22,FALSE,211
24-05-2020,Groceries,214.3,693.1,108.75,FALSE,218.8
24-05-2020,Sporting Goods,502.6,1341.2,125.39,FALSE,462.5
25-05-2020,Electronics,284.3,545.2,46.53,TRUE,263.5
25-05-2020,Automotive Parts,275.3,855.4,212.32,FALSE,276.4
25-05-2020,Furniture,297.1,762.9,74.84,TRUE,280.5
25-05-2020,Pet Supplies,180.2,850.1,193.83,FALSE,188.4
25-05-2020,Beauty,464.1,1130.9,161.82,TRUE,484
25-05-2020,Apparel,451.9,1327.9,170.29,FALSE,355.2
25-05-2020,Groceries,302.8,619.4,108.1,TRUE,291.4
25-05-2020,Office Supplies,249.9,917.3,90.88,FALSE,245.6
25-05-2020,Sporting Goods,464.8,1359,130.08,FALSE,445.1
25-05-2020,Toys,313.75,724.6,236.18,FALSE,294.3
26-05-2020,Groceries,195.3,622,107.7,FALSE,205
26-05-2020,Toys,366.7,719.5,238.5,TRUE,371.5
26-05-2020,Sporting Goods,476.1,1356,128.37,FALSE,486.7
26-05-2020,Pet Supplies,279.9,834.5,187.37,TRUE,275.7
26-05-2020,Apparel,371.2,1314.8,167.21,FALSE,350
26-05-2020,Furniture,221.6,752.6,74.99,FALSE,212.1
26-05-2020,Office Supplies,235.4,923.7,90.19,FALSE,218.7
26-05-2020,Electronics,214.4,540.1,46.02,FALSE,224.1
26-05-2020,Automotive Parts,301.6,844.7,222.21,FALSE,271.6
26-05-2020,Beauty,360.7,1133.5,166.08,FALSE,337.9
27-05-2020,Office Supplies,327.6,909.4,88.35,TRUE,297.8
27-05-2020,Beauty,423.3,1109,165.12,FALSE,414.5
27-05-2020,Apparel,572.3,1319.1,167.15,TRUE,584.5
27-05-2020,Groceries,228.5,615.8,107.46,FALSE,229.1
27-05-2020,Automotive Parts,313.7,837.1,216.33,FALSE,302.2
27-05-2020,Sporting Goods,538.1,1343.5,130.93,FALSE,546.3
27-05-2020,Toys,292.8,721.2,228.31,FALSE,277
27-05-2020,Pet Supplies,281.7,811.5,198.33,FALSE,288.4
27-05-2020,Electronics,220.5,547.6,48.83,FALSE,203.1
27-05-2020,Furniture,209.5,755.9,74.27,FALSE,190.3
28-05-2020,Toys,303.8,721.3,239.27,FALSE,315.5
28-05-2020,Electronics,256.3,541.2,46.02,FALSE,268.4
28-05-2020,Pet Supplies,285.5,816.3,196.71,FALSE,296.1
28-05-2020,Apparel,414.1,1304.8,168.47,FALSE,405.5
28-05-2020,Groceries,302.8,600.6,105.02,FALSE,251.7
28-05-2020,Automotive Parts,280.3,840.8,214.04,FALSE,264.5
28-05-2020,Furniture,232.2,756.4,77.49,FALSE,219.5
28-05-2020,Office Supplies,306,892.4,90.21,FALSE,293.4
28-05-2020,Beauty,642.8,1113.3,162.83,FALSE,370.9
28-05-2020,Sporting Goods,509.9,1347.6,131.26,FALSE,480.9
29-05-2020,Beauty,468.7,1089.8,166.54,FALSE,472.4
29-05-2020,Automotive Parts,328.5,825.4,214.88,FALSE,337
29-05-2020,Toys,324.7,715,245.06,FALSE,301.8
29-05-2020,Office Supplies,304.3,894,91.67,FALSE,292.1
29-05-2020,Furniture,215.6,766.4,74.17,FALSE,224.9
29-05-2020,Electronics,241.2,543.9,47.75,FALSE,220.7
29-05-2020,Pet Supplies,284.8,820.1,198.59,FALSE,273.1
29-05-2020,Groceries,267.4,600.4,111.23,FALSE,266.9
29-05-2020,Sporting Goods,527.5,1345.3,125.44,FALSE,477.5
29-05-2020,Apparel,379.3,1312.6,168.28,FALSE,341.9
30-05-2020,Clothing,385.5,1312.2,171.06,FALSE,372.3
30-05-2020,Office Supplies,295.7,899.6,93.53,FALSE,286.1
30-05-2020,Furniture,206.2,769.2,72.43,FALSE,210.1
30-05-2020,Pet Supplies,255.2,830,198.87,FALSE,266.2
30-05-2020,Automotive Parts,284.2,851.7,214.52,FALSE,292.1
30-05-2020,Beauty,397.4,1109.8,161.09,FALSE,377
30-05-2020,Electronics,243.2,543.1,46.53,FALSE,248.5
30-05-2020,Groceries,265.3,599.6,104.56,FALSE,270.4
30-05-2020,Toys,319.7,713.1,239.35,FALSE,328.1
30-05-2020,Sporting Goods,560,1332.9,128.61,FALSE,541.8
31-05-2020,Furniture,192,770.6,74.12,FALSE,174.6
31-05-2020,Apparel,380.5,1300.9,172.85,FALSE,360
31-05-2020,Groceries,193.2,614.7,107.17,FALSE,177.9
31-05-2020,Beauty,371.5,1115.3,167.3,FALSE,384.7
31-05-2020,Office Supplies,254.5,915.6,89.82,FALSE,253.3
31-05-2020,Toys,309.6,714.4,242.36,FALSE,299.4
31-05-2020,Sporting Goods,471.4,1365.8,130.97,FALSE,490.6
31-05-2020,Electronics,229.2,549.8,47.55,FALSE,217
31-05-2020,Pet Supplies,321.3,838.2,200.76,FALSE,241.1
31-05-2020,Automotive Parts,270.6,861.7,223.22,FALSE,272.9
01-06-2020,Office Supplies,245.7,917.6,92.25,FALSE,229
01-06-2020,Groceries,197.3,615.9,109.27,FALSE,192.1
01-06-2020,Automotive Parts,239.4,875.8,222.31,FALSE,222.8
01-06-2020,Furniture,202.6,767,77.14,FALSE,205.1
01-06-2020,Apparel,320.3,1341.2,173.01,FALSE,308.5
01-06-2020,Toys,313.75,715.7,241.3,FALSE,280.1
01-06-2020,Electronics,218.3,557.5,47.65,FALSE,226.7
02-06-2020,Sporting Goods,483.9,1354.9,130.52,FALSE,504.2
02-06-2020,Office Supplies,203.7,928,90.27,FALSE,194.5
02-06-2020,Automotive Parts,264.8,873.6,224.93,FALSE,268.3
02-06-2020,Groceries,317.1,672.9,111.95,FALSE,306.3
03-06-2020,Apparel,394.9,1309.7,167.83,FALSE,392.4
03-06-2020,Automotive Parts,284.9,866.3,220.04,FALSE,277.5
03-06-2020,Groceries,222.1,608.4,106.61,FALSE,204.5
03-06-2020,Office Supplies,307.4,819.8,93.48,FALSE,284.8
03-06-2020,Furniture,179.6,756.2,76.6,FALSE,174.5
03-06-2020,Furniture,237.9,764.6,73.62,FALSE,233.4
03-06-2020,Pet Supplies,321.3,818.7,195.44,FALSE,257.6
03-06-2020,Pet Supplies,233.9,839.3,196.27,FALSE,215.7
03-06-2020,Electronics,248.4,555.4,46.65,FALSE,221.9
03-06-2020,Sporting Goods,507,1345.4,126.32,FALSE,511.3
03-06-2020,Sporting Goods,557.7,1418.2,128.4,FALSE,509.4
04-06-2020,Office Supplies,321.6,877.3,87.84,FALSE,297.2
04-06-2020,Toys,235.9,754.1,230.6,FALSE,232.1
04-06-2020,Automotive Parts,280.7,875.1,214.5,FALSE,281.8
04-06-2020,Furniture,224.5,776.7,74.04,FALSE,222.8
04-06-2020,Toys,296.4,688.8,237.63,FALSE,286
04-06-2020,Automotive Parts,309.3,791.8,223.41,FALSE,302.8
04-06-2020,Electronics,257.5,541.1,46.61,FALSE,242.1
04-06-2020,Pet Supplies,215.1,798.5,196.75,FALSE,199.5
04-06-2020,Sporting Goods,553.5,1336.3,131.28,FALSE,581
04-06-2020,Groceries,261.9,596,108.8,FALSE,254.2
04-06-2020,Pet Supplies,284.9,817.7,191.81,FALSE,278.8
04-06-2020,Apparel,393.7,1310.6,173.55,FALSE,381
04-06-2020,Groceries,302.8,661.6,108.05,FALSE,215.4
05-06-2020,Sporting Goods,563.2,1318.4,127.26,FALSE,532.1
05-06-2020,Groceries,642.8,605.1,111.98,FALSE,215.7
05-06-2020,Pet Supplies,260.5,826.2,200.07,FALSE,249.3
05-06-2020,Furniture,198.8,792.1,74.66,FALSE,205.2
05-06-2020,Automotive Parts,307.5,870.6,218.59,FALSE,291
05-06-2020,Beauty,403.1,1089.6,169.65,FALSE,412.8
05-06-2020,Toys,296.7,677.8,232.83,FALSE,293.4
05-06-2020,Apparel,451.9,1303.2,165.2,FALSE,405.3
05-06-2020,Beauty,414.2,1105.4,167.95,FALSE,428.6
06-06-2020,Beauty,397.35,1108.3,164.1,FALSE,371.5
06-06-2020,Toys,332.9,665.3,228.47,FALSE,303.3
06-06-2020,Office Supplies,284,879.3,87.43,FALSE,267.8
06-06-2020,Sporting Goods,548.4,1328.1,126.35,FALSE,544
06-06-2020,Electronics,248.7,538.3,46.75,FALSE,260.4
06-06-2020,Furniture,227.5,780.6,73.6,FALSE,210.4
06-06-2020,Automotive Parts,288.9,881.3,212.24,FALSE,264.9
06-06-2020,Apparel,388.9,1317.4,167.84,FALSE,386.5
06-06-2020,Groceries,264,595.9,111.32,FALSE,274.5
06-06-2020,Pet Supplies,361,823,201.63,TRUE,369.3
07-06-2020,Automotive Parts,254.3,893.3,220.82,FALSE,258.9
07-06-2020,Sporting Goods,494.1,1349.7,132.01,FALSE,518.7
07-06-2020,Electronics,204.9,555.4,46.86,FALSE,202.8
07-06-2020,Pet Supplies,222.2,807.1,193.21,FALSE,220.5
07-06-2020,Sporting Goods,474.4,1377.1,130.05,FALSE,482.8
07-06-2020,Toys,275.9,676.1,240.86,FALSE,271.3
07-06-2020,Groceries,208.7,611.2,111.52,FALSE,192.5
07-06-2020,Toys,304.6,676.1,238.03,FALSE,297.3
07-06-2020,Beauty,383.1,1118.5,161.96,FALSE,368.9
07-06-2020,Office Supplies,250.2,885,87.25,FALSE,256.1
07-06-2020,Apparel,376.8,1318.2,168.54,FALSE,394.5
08-06-2020,Sporting Goods,577.7,1397.7,129.15,FALSE,547.4
08-06-2020,Pet Supplies,200.3,830.1,190.91,FALSE,203
08-06-2020,Beauty,346.2,1016.3,167.94,FALSE,334.3
08-06-2020,Office Supplies,217.7,897.6,86.73,FALSE,221.5
08-06-2020,Apparel,424.1,1247.9,167.16,FALSE,423.1
08-06-2020,Apparel,358,1321.1,170.15,FALSE,330.3
08-06-2020,Groceries,193.3,693.1,105.35,FALSE,176.8
08-06-2020,Automotive Parts,234.8,896.4,217.8,FALSE,211.5
08-06-2020,Toys,247.3,689.4,236.95,FALSE,245.8
09-06-2020,Groceries,170.1,625.5,109.46,FALSE,156.4
09-06-2020,Office Supplies,251,889.1,89.27,FALSE,246.1
09-06-2020,Beauty,397.35,1122.2,168.96,FALSE,355
09-06-2020,Toys,298.6,676.1,236.08,FALSE,276.6
09-06-2020,Automotive Parts,252.8,892.6,215.92,FALSE,238.8
09-06-2020,Apparel,451.9,1319.6,175.75,FALSE,354.9
09-06-2020,Furniture,191.4,790.4,73.86,FALSE,192.1
09-06-2020,Sporting Goods,464.9,1346.4,129.27,FALSE,479.7
10-06-2020,Sporting Goods,399.9,1414.1,128.33,FALSE,384.4
10-06-2020,Automotive Parts,280.2,884.1,217.8,FALSE,253.7
10-06-2020,Clothing,377.9,1308,167.46,FALSE,360.9
10-06-2020,Toys,434.8,683.4,231.3,TRUE,453.5
10-06-2020,Furniture,219.5,780.2,74.26,FALSE,208.2
10-06-2020,Electronics,248.4,525.8,46.29,FALSE,98.7
10-06-2020,Electronics,207.1,567.1,48.09,FALSE,214.7
10-06-2020,Beauty,397.35,1104.8,165.38,FALSE,397
10-06-2020,Groceries,222.8,608.9,104.54,FALSE,295.35
11-06-2020,Toys,301.3,683,232.11,FALSE,316.2
11-06-2020,Automotive Parts,303.5,875.4,217.33,FALSE,299
11-06-2020,Office Supplies,290.1,894.8,89.65,FALSE,284.4
11-06-2020,Electronics,247.2,551,47.46,FALSE,225.7
11-06-2020,Groceries,264.5,595.1,108.94,FALSE,295.35
11-06-2020,Apparel,611.9,1300.6,172.36,TRUE,616.6
11-06-2020,Furniture,234.8,779.5,73.54,FALSE,229
11-06-2020,Beauty,414.3,1111,165.6,FALSE,386.6
11-06-2020,Sporting Goods,525.15,1322.9,128.16,FALSE,532
12-06-2020,Office Supplies,286.1,892.8,87.15,FALSE,296.6
12-06-2020,Beauty,420.4,1111.2,168.3,FALSE,396.9
12-06-2020,Toys,324.5,673.9,238.02,FALSE,317.1
12-06-2020,Apparel,484.5,759.2,164.72,FALSE,64.55
12-06-2020,Pet Supplies,321.3,766.1,205.29,FALSE,301.2
12-06-2020,Beauty,293.6,1076.9,164.86,FALSE,286.4
12-06-2020,Groceries,294.2,572.2,103.5,FALSE,302.9
12-06-2020,Sporting Goods,569.3,1314,129.83,FALSE,551.8
12-06-2020,Toys,255.3,621.7,244.07,FALSE,247.2
12-06-2020,Groceries,272.9,593.1,109.91,FALSE,270.6
12-06-2020,Automotive Parts,373.6,870.4,214.13,TRUE,337.7
13-06-2020,Sporting Goods,544.2,1320.3,130.79,FALSE,535.2
13-06-2020,Pet Supplies,276,776.7,193.68,FALSE,257.8
13-06-2020,Furniture,289.9,779.8,77.71,TRUE,281.6
13-06-2020,Apparel,428.2,1283.6,171.06,FALSE,397.6
13-06-2020,Office Supplies,279.1,894.2,89.66,FALSE,274.3
13-06-2020,Electronics,223.6,564.7,48.57,FALSE,201.9
13-06-2020,Groceries,237.3,607.4,106.83,FALSE,242.8
13-06-2020,Beauty,415.6,1112.7,166.33,FALSE,386.3
13-06-2020,Automotive Parts,268.4,876.2,215.93,FALSE,269.5
13-06-2020,Toys,279.7,684.7,238.85,FALSE,278.1
14-06-2020,Pet Supplies,381.4,790.6,197.93,TRUE,353
14-06-2020,Apparel,392.7,1287.9,165.33,FALSE,362
14-06-2020,Groceries,203.9,625.2,106.92,FALSE,199.9
14-06-2020,Automotive Parts,329.1,867.2,208.75,FALSE,280.3
14-06-2020,Sporting Goods,525.3,1330.1,125.72,FALSE,519.2
14-06-2020,Furniture,318.1,777.4,73.83,TRUE,313.6
14-06-2020,Beauty,524.8,1115.9,165.22,TRUE,483.4
14-06-2020,Toys,263.4,690.3,242.78,FALSE,237.4
14-06-2020,Office Supplies,237.9,906.5,86.09,FALSE,227.9
14-06-2020,Electronics,213.6,560.2,47.13,FALSE,204.7
15-06-2020,Apparel,353.3,1299.8,171.33,FALSE,330.7
15-06-2020,Office Supplies,200.9,1722.47,91.62,FALSE,199.1
15-06-2020,Pet Supplies,219.7,786.4,197.75,FALSE,208.9
15-06-2020,Automotive Parts,233.4,875.5,220.04,FALSE,229.8
15-06-2020,Furniture,216.4,788.9,77.03,FALSE,211.7
15-06-2020,Sporting Goods,468.2,1397.7,126.21,FALSE,423.1
15-06-2020,Electronics,180.9,567.5,47.43,FALSE,181
15-06-2020,Beauty,371,1134.3,166.97,FALSE,335.4
15-06-2020,Groceries,189.7,627.5,110,FALSE,178.6
15-06-2020,Toys,437.1,672.6,243.09,TRUE,437.4
16-06-2020,Automotive Parts,249.6,866.7,224.9,FALSE,235.2
16-06-2020,Beauty,407.7,1126.3,171.01,FALSE,428
16-06-2020,Sporting Goods,501,1351.3,129.17,FALSE,469.9
16-06-2020,Groceries,197.4,621.1,109.89,FALSE,189.4
16-06-2020,Electronics,268.4,569.4,47.07,TRUE,258
16-06-2020,Toys,290.7,674.1,237.4,FALSE,304.3
16-06-2020,Pet Supplies,230.2,786.4,205.11,FALSE,231.4
16-06-2020,Office Supplies,226.4,913.9,90.03,FALSE,224.4
16-06-2020,Furniture,282.9,791.6,73.57,TRUE,289.4
16-06-2020,Apparel,370.1,1288.6,170.16,FALSE,361.9
17-06-2020,Sporting Goods,549.1,1337.1,128.32,FALSE,526
17-06-2020,Apparel,438.2,1271.3,172.32,FALSE,425.5
17-06-2020,Furniture,288.2,792,74.43,TRUE,296.5
17-06-2020,Pet Supplies,242.9,790,202.59,FALSE,222.9
17-06-2020,Automotive Parts,642.8,862.5,215.26,FALSE,317.9
17-06-2020,Groceries,244.7,610.4,109.19,FALSE,230.9
17-06-2020,Beauty,378.2,1016.3,165.55,FALSE,394.4
17-06-2020,Office Supplies,253.3,906,88.56,FALSE,248.7
17-06-2020,Electronics,206.7,554.9,47.34,FALSE,209
17-06-2020,Toys,297.3,670.1,241.47,FALSE,291.5
18-06-2020,Pet Supplies,277.1,774.7,200.57,FALSE,272.8
18-06-2020,Office Supplies,300.3,895.3,88.28,FALSE,297.7
18-06-2020,Groceries,246.1,609.6,106.86,FALSE,224.8
18-06-2020,Furniture,297.1,790.6,74.88,TRUE,289
18-06-2020,Toys,396.1,661.6,235.18,TRUE,412
18-06-2020,Apparel,414.6,1280.8,170.24,FALSE,431.2
18-06-2020,Electronics,236.6,544,44.9,FALSE,228.1
18-06-2020,Sporting Goods,634.7,1313.6,129.74,FALSE,628.15
18-06-2020,Automotive Parts,329.1,853.9,216.71,FALSE,282.6
18-06-2020,Beauty,427.9,1118.3,161.61,FALSE,431.9
19-06-2020,Sporting Goods,569.9,1330.4,128.62,FALSE,590.4
19-06-2020,Beauty,611.9,1123.6,158.88,TRUE,611.7
19-06-2020,Office Supplies,349.2,900.8,91.19,TRUE,338.9
19-06-2020,Furniture,258.8,783.6,74.03,FALSE,257.8
19-06-2020,Pet Supplies,321.1,770.9,199.28,FALSE,332.4
19-06-2020,Electronics,237.5,546.8,46.18,FALSE,233.5
19-06-2020,Groceries,372.2,614.2,109.76,TRUE,378.9
19-06-2020,Apparel,572.1,1293.4,167.82,TRUE,535.4
19-06-2020,Automotive Parts,394.4,861.2,222.9,TRUE,382.6
19-06-2020,Toys,328.3,663.8,235.87,FALSE,329.6
20-06-2020,Automotive Parts,251,861.5,210.35,FALSE,317.9
20-06-2020,Beauty,382.8,1131.7,164.99,FALSE,365.4
20-06-2020,Electronics,233.4,480.8,45.75,FALSE,223.5
20-06-2020,Groceries,252.7,620.7,109.56,FALSE,245.8
20-06-2020,Pet Supplies,281.8,790.5,190.27,FALSE,279.3
20-06-2020,Apparel,359.7,1309.7,168.91,FALSE,360.3
20-06-2020,Furniture,266.7,783.1,74.27,FALSE,250.7
20-06-2020,Sporting Goods,515.4,1345.4,129.22,FALSE,525.3
20-06-2020,Toys,294.1,683.6,237.11,FALSE,305.1
20-06-2020,Office Supplies,268.9,901.1,89.82,FALSE,273.2
21-06-2020,Office Supplies,237.5,910.2,87.39,FALSE,235.3
21-06-2020,Groceries,196.8,638.5,110.06,FALSE,199.4
21-06-2020,Furniture,221.1,793.7,76.58,FALSE,228.9
21-06-2020,Apparel,356.2,1313.6,176.26,FALSE,349.4
21-06-2020,Toys,301.3,676.1,234.24,FALSE,293.8
21-06-2020,Sporting Goods,498.8,1359.5,128.39,FALSE,489.5
21-06-2020,Automotive Parts,283.7,868.6,221.27,TRUE,261.5
21-06-2020,Pet Supplies,255.4,798.5,196.96,FALSE,260.5
21-06-2020,Electronics,189.7,550.7,47.85,FALSE,242.1
21-06-2020,Beauty,372.6,1135.7,159.89,FALSE,364.5
22-06-2020,Toys,282.1,676.8,237.11,FALSE,281.8
22-06-2020,Furniture,213.7,798.1,75.35,FALSE,211.7
22-06-2020,Groceries,200.4,634.4,107.5,FALSE,189.2
22-06-2020,Pet Supplies,231,815.9,198.48,FALSE,217.3
22-06-2020,Automotive Parts,228.3,866.3,224.8,FALSE,214.7
22-06-2020,Beauty,328.9,1016.3,162.91,FALSE,322.1
22-06-2020,Sporting Goods,506.8,1364.9,127.81,FALSE,506.4
22-06-2020,Apparel,352.3,1315.7,170.66,FALSE,324.9
22-06-2020,Office Supplies,205.1,922.7,86.95,FALSE,212.7
22-06-2020,Electronics,183.1,552.9,46.08,FALSE,176.2
23-06-2020,Electronics,198.6,552.7,48.56,FALSE,186
23-06-2020,Pet Supplies,244.5,800.2,196.47,FALSE,226.6
23-06-2020,Groceries,193.7,641.4,107.59,FALSE,181.3
23-06-2020,Office Supplies,256,905.9,85.93,FALSE,244.6
23-06-2020,Automotive Parts,317.4,854.8,214.96,TRUE,325.5
23-06-2020,Sporting Goods,477.8,1369.2,130.44,FALSE,464.6
23-06-2020,Clothing,368.5,1320.7,171.14,FALSE,345.1
23-06-2020,Furniture,201.3,803.6,76.42,FALSE,201
23-06-2020,Beauty,402.4,1123.9,165.13,FALSE,413.1
23-06-2020,Toys,290,635.9,233.37,FALSE,303.2
24-06-2020,Apparel,388.9,1316,172.83,FALSE,389.1
24-06-2020,Groceries,214.6,633.6,105.77,FALSE,220.9
24-06-2020,Pet Supplies,280.1,788.9,199.1,FALSE,284.1
24-06-2020,Automotive Parts,282.2,837,219.77,FALSE,255.4
24-06-2020,Electronics,213.5,541.9,47.13,FALSE,242.1
24-06-2020,Office Supplies,277.4,901.6,88.16,FALSE,287.1
24-06-2020,Toys,351.6,635.9,233.89,TRUE,342.1
24-06-2020,Beauty,386.5,1127.1,164.86,FALSE,380.5
24-06-2020,Sporting Goods,495.6,1363.5,131.18,FALSE,460.5
24-06-2020,Furniture,303.9,791.8,76.26,FALSE,253.9
25-06-2020,Beauty,404.6,1016.3,165.08,FALSE,380.4
25-06-2020,Groceries,642.8,623.8,107.51,TRUE,331.9
25-06-2020,Electronics,212.7,547.7,45.45,FALSE,213.3
25-06-2020,Office Supplies,283.7,899.5,88.79,FALSE,257.6
25-06-2020,Automotive Parts,286.5,825.3,217.8,FALSE,268.7
25-06-2020,Pet Supplies,307,782.7,192.91,FALSE,322
25-06-2020,Toys,306.9,663,248.46,FALSE,304.1
25-06-2020,Furniture,283.6,781.4,75.17,FALSE,268
25-06-2020,Sporting Goods,528.4,1352.3,126.13,FALSE,480.4
25-06-2020,Clothing,398,1316.3,180.56,FALSE,373.2
26-06-2020,Pet Supplies,445.5,784.9,193.6,TRUE,414.3
26-06-2020,Furniture,271,785.9,74.43,FALSE,268.1
26-06-2020,Electronics,237.6,541.7,45.57,FALSE,220.7
26-06-2020,Automotive Parts,305.5,817.4,216.98,FALSE,281.8
26-06-2020,Sporting Goods,613.2,1327.1,124.36,FALSE,628.15
26-06-2020,Apparel,598.9,1305.3,169.66,TRUE,587
26-06-2020,Office Supplies,306.3,886.2,91.62,FALSE,307.4
26-06-2020,Toys,449,654.9,229.53,TRUE,411.1
26-06-2020,Groceries,251.6,612.4,105.64,FALSE,263.7
26-06-2020,Beauty,418.4,1016.3,164.61,FALSE,429.7
27-06-2020,Toys,316.1,666.6,240.21,FALSE,285.6
27-06-2020,Office Supplies,256.6,903.8,88.04,FALSE,251.7
27-06-2020,Apparel,451.9,1331.9,172.69,FALSE,362.2
27-06-2020,Beauty,424.3,550.7,164.86,FALSE,384.3
27-06-2020,Furniture,240.6,801.1,73.32,FALSE,223.4
27-06-2020,Pet Supplies,288.5,787.6,200.9,FALSE,262.7
27-06-2020,Sporting Goods,586.7,1334.1,126.95,FALSE,610.4
27-06-2020,Groceries,256.5,615.1,104.12,FALSE,261
27-06-2020,Automotive Parts,270.5,820.9,214.9,FALSE,245
27-06-2020,Electronics,210.3,555.9,46.79,FALSE,628.15
28-06-2020,Toys,399.6,661.4,233.02,TRUE,388.4
28-06-2020,Pet Supplies,321.3,805.2,201.43,FALSE,212.5
28-06-2020,Office Supplies,284.4,896.4,88.44,FALSE,281
28-06-2020,Beauty,364.1,560.6,162.68,FALSE,364.7
28-06-2020,Sporting Goods,499.8,1362.3,125.78,FALSE,465.4
28-06-2020,Automotive Parts,236.4,822.4,219.45,FALSE,224.8
28-06-2020,Furniture,237.6,805.1,74.43,FALSE,235.2
28-06-2020,Electronics,195.8,566,45.42,FALSE,204.6
28-06-2020,Groceries,209.3,693.1,105.79,FALSE,208.5
28-06-2020,Apparel,321.4,1336.7,168.19,FALSE,327.2
29-06-2020,Furniture,229.3,806.6,75.03,FALSE,237.3
29-06-2020,Beauty,394.8,558.8,166.09,FALSE,84.6
29-06-2020,Apparel,352.9,1328.2,172.55,FALSE,330.5
29-06-2020,Electronics,179.8,572.6,47.43,FALSE,166.1
29-06-2020,Office Supplies,275.9,913.4,90.29,TRUE,269.2
29-06-2020,Groceries,165.1,639.3,110.14,FALSE,154.5
29-06-2020,Toys,318.9,661.1,237.28,FALSE,325.8
29-06-2020,Pet Supplies,232,794.2,201.07,FALSE,233.3
29-06-2020,Sporting Goods,439.6,1381.5,125,FALSE,435.1
29-06-2020,Automotive Parts,213.8,834.7,214.92,FALSE,216.8
30-06-2020,Pet Supplies,249,791.3,194.22,FALSE,244.4
30-06-2020,Sporting Goods,525.15,1363.8,128.2,FALSE,488.5
30-06-2020,Beauty,382.4,556.8,163.83,FALSE,391.6
30-06-2020,Electronics,193.4,570.9,45.55,FALSE,176.9
30-06-2020,Furniture,249.8,808.9,75.61,FALSE,228.5
30-06-2020,Apparel,376.4,1300.9,168.85,FALSE,361.2
30-06-2020,Toys,299.2,669,357.79,FALSE,305.7
30-06-2020,Automotive Parts,251.1,656.2,214.94,FALSE,259.6
30-06-2020,Office Supplies,369.4,915.1,87.57,FALSE,223
30-06-2020,Groceries,188.9,630,111.04,FALSE,171.1
01-07-2020,Groceries,240.8,613.1,105.67,FALSE,241.7
01-07-2020,Electronics,200.8,560,44.75,FALSE,198.4
01-07-2020,Beauty,402.6,552.8,168.35,FALSE,396.9
01-07-2020,Office Supplies,399.8,900.2,92.05,TRUE,411.8
01-07-2020,Automotive Parts,269.2,820.4,217.44,FALSE,256.6
01-07-2020,Pet Supplies,321.3,786.3,193.92,FALSE,250.1
02-07-2020,Sporting Goods,475.8,1442.8,128.6,FALSE,494.5
02-07-2020,Office Supplies,395.6,899.7,85.65,FALSE,414.7
02-07-2020,Electronics,199.1,553.8,46.86,FALSE,242.1
02-07-2020,Toys,301.7,667.7,226.72,FALSE,309.7
02-07-2020,Apparel,451.9,1300.9,163.22,FALSE,432.8
02-07-2020,Beauty,418.8,1095.7,163.6,FALSE,418.5
02-07-2020,Automotive Parts,261.9,813.2,223.29,FALSE,242.3
02-07-2020,Office Supplies,369.4,888.6,92.12,FALSE,283.2
02-07-2020,Furniture,275.8,556.9,74.46,FALSE,264.1
02-07-2020,Sporting Goods,520.4,1364.4,129.65,FALSE,476.2
02-07-2020,Groceries,299.3,672.8,105.75,FALSE,281.4
02-07-2020,Groceries,257.5,618.7,108.58,FALSE,251.8
03-07-2020,Groceries,249.4,624.5,106.19,FALSE,243.1
03-07-2020,Pet Supplies,283.7,769.3,193.34,FALSE,310.6
03-07-2020,Apparel,445.3,1228.7,166.52,FALSE,465.6
03-07-2020,Toys,341.1,635.9,237.02,FALSE,323
03-07-2020,Office Supplies,309.7,878.4,90.42,FALSE,291.8
03-07-2020,Pet Supplies,285.9,817,193.42,FALSE,286.7
03-07-2020,Sporting Goods,551.7,1417,131.93,FALSE,577.7
03-07-2020,Sporting Goods,526.5,1360.4,127.58,FALSE,514.1
03-07-2020,Electronics,208.1,546,46.26,FALSE,210
03-07-2020,Automotive Parts,344.7,780.5,220.33,FALSE,320.6
04-07-2020,Groceries,235.9,628.5,109.93,FALSE,225.7
04-07-2020,Furniture,284.6,551.2,74.51,FALSE,64.55
04-07-2020,Automotive Parts,329.1,805.8,218.7,FALSE,270
04-07-2020,Sporting Goods,490.2,1379.5,128.47,FALSE,487.2
04-07-2020,Beauty,335.9,1120,168.75,FALSE,319.5
04-07-2020,Pet Supplies,293.1,768.9,193.45,FALSE,268.5
04-07-2020,Office Supplies,296.9,878.2,91.73,FALSE,290.9
04-07-2020,Toys,225.7,755.5,227.14,FALSE,217.6
04-07-2020,Electronics,215.2,542.2,47.11,FALSE,211.9
04-07-2020,Toys,642.8,650,237.69,TRUE,564.2
04-07-2020,Electronics,236.2,505.8,47.17,FALSE,231.1
04-07-2020,Apparel,398.1,1309.4,169.76,FALSE,405.6
05-07-2020,Automotive Parts,243,806.6,357.79,FALSE,247.8
05-07-2020,Beauty,396.6,1099.9,165.07,FALSE,394.9
05-07-2020,Furniture,303.9,556.4,74.43,FALSE,270.8
05-07-2020,Pet Supplies,385.3,783.3,194.15,TRUE,358.3
05-07-2020,Toys,304.9,735.6,232.83,FALSE,304.9
05-07-2020,Electronics,181,557.1,48.74,FALSE,178.4
05-07-2020,Pet Supplies,267.3,824,201.1,FALSE,270.8
05-07-2020,Sporting Goods,561.4,1341.5,128.33,FALSE,520.5
05-07-2020,Groceries,302.8,632,108.97,FALSE,197.9
05-07-2020,Apparel,391.9,1313.8,170.24,FALSE,405.5
05-07-2020,Beauty,417.6,1091.8,165.96,FALSE,392.7
05-07-2020,Toys,313.75,661.8,231.98,FALSE,309.4
06-07-2020,Office Supplies,346.4,890,91.33,TRUE,363.1
06-07-2020,Pet Supplies,225.2,791,194.01,FALSE,215.1
06-07-2020,Furniture,241.5,776.5,75.48,FALSE,235.5
06-07-2020,Beauty,370.5,1102.2,164.74,FALSE,387.5
06-07-2020,Apparel,391.8,1308.2,169.85,FALSE,364.3
06-07-2020,Furniture,274.6,552.6,73.71,FALSE,254.8
06-07-2020,Electronics,180.6,548.3,46.29,FALSE,628.15
06-07-2020,Automotive Parts,245.9,802.9,217.8,FALSE,225
06-07-2020,Groceries,178.1,627.7,105.74,FALSE,185
07-07-2020,Apparel,360.4,1315.2,171.23,FALSE,367.8
07-07-2020,Sporting Goods,490.8,1374.3,129.2,FALSE,453.8
07-07-2020,Office Supplies,256,891.7,89.26,FALSE,255
07-07-2020,Toys,265.8,672.7,240.45,FALSE,258.2
07-07-2020,Groceries,164.7,634.5,104.71,FALSE,170.8
07-07-2020,Automotive Parts,236.5,656.2,223.61,FALSE,236.4
07-07-2020,Furniture,253.1,815.6,73.69,FALSE,289.7
07-07-2020,Pet Supplies,321.3,777.4,198.54,TRUE,369.3
07-07-2020,Electronics,175.4,548.3,47.05,FALSE,162.1
07-07-2020,Beauty,375,1099,156.69,FALSE,346.4
08-07-2020,Apparel,561,1311.1,161.74,TRUE,530.5
08-07-2020,Toys,327.6,1722.47,234.98,FALSE,328.1
08-07-2020,Sporting Goods,602.4,1385.5,122.9,TRUE,563.6
08-07-2020,Office Supplies,360.7,882.7,91.15,TRUE,348.4
08-07-2020,Beauty,357.6,1100.1,167.08,FALSE,329.2
08-07-2020,Furniture,336,824.5,73.35,FALSE,328.8
08-07-2020,Furniture,642.8,813.3,73.81,FALSE,241.1
08-07-2020,Electronics,183.7,539.2,46.23,FALSE,186.4
09-07-2020,Toys,298.8,660.1,246.5,FALSE,270.8
09-07-2020,Automotive Parts,283.2,791.3,217.8,FALSE,263.8
09-07-2020,Apparel,402.6,1261.7,172.7,FALSE,438.8
09-07-2020,Beauty,446.2,1068.1,162.53,FALSE,387.5
09-07-2020,Electronics,310.9,519.8,46.33,TRUE,298.5
09-07-2020,Sporting Goods,534.4,1360.1,128.87,FALSE,521.5
09-07-2020,Apparel,383.8,1312.8,167.43,FALSE,347.3
09-07-2020,Groceries,435,594.4,110.72,TRUE,415.5
10-07-2020,Pet Supplies,334.6,749.3,188.09,FALSE,320.6
10-07-2020,Furniture,355.7,759.3,74.66,FALSE,328.5
10-07-2020,Toys,510.3,646.8,236.4,TRUE,464.3
10-07-2020,Furniture,323.1,796.1,75.59,FALSE,289.7
10-07-2020,Beauty,418.7,1090.2,167.16,FALSE,380
10-07-2020,Automotive Parts,281.3,786.7,219.81,FALSE,260.5
10-07-2020,Office Supplies,345,865.8,93.22,FALSE,316.3
10-07-2020,Apparel,408,1309.6,169.62,FALSE,379.5
11-07-2020,Groceries,232.3,693.1,107.38,FALSE,233.7
11-07-2020,Apparel,601,1300,178.3,TRUE,622.9
11-07-2020,Pet Supplies,310.4,753.7,194.28,FALSE,324.7
11-07-2020,Beauty,333.5,1105.1,162.3,FALSE,387.5
11-07-2020,Office Supplies,276,893.5,89.76,FALSE,256.9
11-07-2020,Automotive Parts,276.8,786.2,221.76,FALSE,260.5
11-07-2020,Furniture,278.2,816.5,74.43,FALSE,290.9
11-07-2020,Sporting Goods,553.4,1356.7,128.19,FALSE,560.5
11-07-2020,Toys,312.7,650.9,233.95,FALSE,305.5
12-07-2020,Automotive Parts,251.8,793.7,218.48,FALSE,240.3
12-07-2020,Electronics,197.7,543.2,46.25,FALSE,181
12-07-2020,Pet Supplies,265.9,762.6,200.33,FALSE,265.3
12-07-2020,Beauty,243.7,1016.3,164.86,FALSE,254.6
12-07-2020,Electronics,156.2,360,46.12,FALSE,155.9
12-07-2020,Beauty,381.9,1098.6,159.49,FALSE,368.5
12-07-2020,Groceries,292.4,614.6,105.75,TRUE,305
12-07-2020,Sporting Goods,436.9,1389.1,129.45,FALSE,453.7
12-07-2020,Furniture,267.7,817,72.54,FALSE,273.9
13-07-2020,Apparel,489,1319.3,170.9,TRUE,492.7
13-07-2020,Electronics,140.4,566.3,47.12,FALSE,131.3
13-07-2020,Toys,313.5,649.7,231.56,FALSE,325.4
13-07-2020,Furniture,260.2,823.4,77.62,FALSE,253
13-07-2020,Sporting Goods,491.1,1372.7,126.01,FALSE,496
13-07-2020,Automotive Parts,230.5,797.2,218.49,FALSE,227.8
13-07-2020,Groceries,302.8,625.2,111.2,FALSE,159
13-07-2020,Office Supplies,200.5,907.2,90.62,FALSE,207
13-07-2020,Beauty,363.3,1016.3,168.55,FALSE,380.2
13-07-2020,Pet Supplies,248.5,769.8,199.87,FALSE,248.5
14-07-2020,Automotive Parts,228.9,801.2,219.47,FALSE,222.1
14-07-2020,Groceries,196.8,618.1,110.22,FALSE,192.1
14-07-2020,Sporting Goods,512.7,1362.3,130.9,FALSE,511.5
14-07-2020,Pet Supplies,237.3,778.3,193.37,FALSE,231.2
14-07-2020,Furniture,272.1,819.6,74.63,FALSE,283.1
14-07-2020,Toys,279.5,662.8,235.47,FALSE,281.8
14-07-2020,Electronics,171.3,552.4,45.82,FALSE,164.4
14-07-2020,Beauty,616.8,1098.8,164.46,TRUE,628.15
14-07-2020,Apparel,372.4,1310,170.84,FALSE,336.9
14-07-2020,Office Supplies,225.6,897.1,89.87,FALSE,223.2
15-07-2020,Automotive Parts,255.5,792.5,224.22,FALSE,628.15
15-07-2020,Pet Supplies,301.3,760,201.63,FALSE,277.2
15-07-2020,Furniture,274.2,977.65,77.34,FALSE,249.8
15-07-2020,Beauty,392,1093.6,169.2,FALSE,407.7
15-07-2020,Office Supplies,248.4,894.3,91.85,FALSE,235.4
15-07-2020,Sporting Goods,504.8,1397.7,129.35,FALSE,459.9
15-07-2020,Electronics,193.7,536.4,46.11,FALSE,174.4
15-07-2020,Toys,320.3,646.5,242.61,FALSE,332.5
15-07-2020,Clothing,388.2,1305,168.45,FALSE,402.2
15-07-2020,Groceries,642.8,620,109.74,TRUE,283.1
16-07-2020,Automotive Parts,257.4,787,212.08,FALSE,248.1
16-07-2020,Pet Supplies,295.4,771.4,189.36,FALSE,302
16-07-2020,Groceries,227.7,608.6,107.5,FALSE,211.1
16-07-2020,Toys,340.7,644.4,228.51,FALSE,336.7
16-07-2020,Furniture,303.2,803.8,74.13,FALSE,298.4
16-07-2020,Sporting Goods,564.9,1352.7,125.67,FALSE,513.2
16-07-2020,Apparel,408.6,1296,169.66,FALSE,438.8
16-07-2020,Electronics,204.5,543.6,48.65,FALSE,200.6
16-07-2020,Office Supplies,320,869,88.1,FALSE,309
16-07-2020,Beauty,436.6,1079.2,164.82,FALSE,443.9
17-07-2020,Pet Supplies,328.7,764.9,190.64,FALSE,300
17-07-2020,Groceries,408.9,592.6,103.89,TRUE,370.6
17-07-2020,Beauty,440.2,1077.1,160.36,FALSE,408.7
17-07-2020,Office Supplies,326.4,866.9,89.69,FALSE,303.2
17-07-2020,Furniture,288.2,819.2,73.65,FALSE,260
17-07-2020,Toys,325.1,649.9,235.71,FALSE,303.9
17-07-2020,Electronics,189,546.2,46.43,FALSE,172.4
17-07-2020,Apparel,425.2,1293.7,177.03,FALSE,413.8
17-07-2020,Automotive Parts,293.5,779.1,213.07,FALSE,276.7
17-07-2020,Sporting Goods,489.3,1377,128.33,FALSE,492.9
18-07-2020,Beauty,415.3,1088.9,164.86,FALSE,407.5
18-07-2020,Sporting Goods,491.1,1379,128.33,FALSE,508.2
18-07-2020,Furniture,281.9,820.3,72.94,FALSE,254.3
18-07-2020,Automotive Parts,253.9,781,215.69,FALSE,628.15
18-07-2020,Groceries,239.6,605.4,109.32,FALSE,243.6
18-07-2020,Apparel,452.4,1278.8,171.22,FALSE,422.5
18-07-2020,Electronics,202.5,536.4,47.05,FALSE,198
18-07-2020,Office Supplies,263.7,883.6,93.47,FALSE,361.35
18-07-2020,Pet Supplies,283.8,770.4,201.12,FALSE,274
18-07-2020,Toys,314.8,647,229.2,FALSE,329.3
19-07-2020,Toys,323.3,647.7,241.51,FALSE,324.4
19-07-2020,Furniture,292.3,819.3,75.21,FALSE,272.8
19-07-2020,Apparel,381.8,1301.1,170.76,FALSE,373.4
19-07-2020,Electronics,208.5,554.8,45.41,TRUE,218.4
19-07-2020,Office Supplies,253.2,819.8,90.88,FALSE,230.8
19-07-2020,Sporting Goods,496.1,1371.7,129.5,FALSE,478.9
19-07-2020,Automotive Parts,212.2,787.3,216.26,FALSE,204.2
19-07-2020,Pet Supplies,246,779.8,198.43,FALSE,240.4
19-07-2020,Beauty,351.2,1104.8,164.86,FALSE,361.3
19-07-2020,Groceries,178.7,627.1,105.87,FALSE,183
20-07-2020,Furniture,267,831.3,73.09,FALSE,276.5
20-07-2020,Sporting Goods,452.8,1381.8,127.36,FALSE,408.7
20-07-2020,Apparel,351.4,1306,167.66,FALSE,353.8
20-07-2020,Automotive Parts,256.3,766,222.48,FALSE,232.5
20-07-2020,Pet Supplies,321.3,781.7,196.52,FALSE,249.6
20-07-2020,Beauty,383.6,1092.3,165.96,FALSE,397.1
20-07-2020,Electronics,138.7,559.7,48.16,FALSE,143.8
20-07-2020,Groceries,182.7,625.3,107.1,FALSE,184.5
20-07-2020,Office Supplies,213.4,905.6,89.82,FALSE,361.35
20-07-2020,Toys,291.9,658,234.53,FALSE,268.6
21-07-2020,Sporting Goods,434.6,1387.5,126.54,FALSE,437
21-07-2020,Office Supplies,238.2,891.2,91.11,FALSE,238.3
21-07-2020,Electronics,153.1,552,46.78,FALSE,152.6
21-07-2020,Toys,298.3,652.1,231.88,FALSE,294.9
21-07-2020,Pet Supplies,249.2,782.3,195.88,FALSE,247
21-07-2020,Beauty,343.2,1104.5,164.87,FALSE,340.2
21-07-2020,Groceries,171.5,626.7,108.13,FALSE,163.6
21-07-2020,Apparel,364.4,1304.2,166.35,FALSE,344
21-07-2020,Automotive Parts,329.1,778.2,214.33,FALSE,195.8
21-07-2020,Furniture,256.3,845.9,73.94,FALSE,248
22-07-2020,Electronics,184.5,540.9,47.76,FALSE,167.9
22-07-2020,Office Supplies,400.7,877.4,89.82,TRUE,371.7
22-07-2020,Toys,337.8,636,238.61,FALSE,331
22-07-2020,Sporting Goods,488.1,1365.9,128.65,FALSE,464.9
22-07-2020,Beauty,406.9,1077.2,159.69,FALSE,402.9
22-07-2020,Apparel,382.9,1294.7,169.21,FALSE,379.8
22-07-2020,Furniture,278.2,843.1,71.53,FALSE,283.2
22-07-2020,Automotive Parts,642.8,765.1,217.8,FALSE,250.9
22-07-2020,Groceries,216.6,616.5,109.33,FALSE,196.4
22-07-2020,Pet Supplies,312.3,759.3,196.21,FALSE,307.6
23-07-2020,Pet Supplies,322.3,757.6,200.13,FALSE,292.8
23-07-2020,Beauty,426.2,1078.8,171.49,FALSE,446.9
23-07-2020,Office Supplies,305.6,868.3,87.93,FALSE,304.8
23-07-2020,Apparel,395.4,1284.6,169.66,FALSE,393.1
23-07-2020,Automotive Parts,276.1,750.4,217.87,FALSE,265.5
23-07-2020,Furniture,290.7,977.65,73.52,FALSE,266.4
23-07-2020,Toys,348.8,640.4,230.98,FALSE,365.2
23-07-2020,Groceries,237.7,612.2,106.91,FALSE,221.7
23-07-2020,Electronics,276.4,537.5,46.28,TRUE,266.1
23-07-2020,Sporting Goods,517,1362.5,125.92,FALSE,532.6
24-07-2020,Automotive Parts,269.3,749.4,223.01,FALSE,267.5
24-07-2020,Pet Supplies,313.2,758.3,198.35,FALSE,297.7
24-07-2020,Office Supplies,338.7,859.5,90.71,FALSE,343.9
24-07-2020,Electronics,207.9,535,45.78,FALSE,197.3
24-07-2020,Sporting Goods,516.3,1361.4,134.28,FALSE,503.9
24-07-2020,Beauty,424.6,1085.6,163.01,FALSE,403.2
24-07-2020,Toys,371.7,633.7,235.36,FALSE,338.9
24-07-2020,Groceries,255.9,603.3,108.53,FALSE,237.2
24-07-2020,Clothing,502,1248.7,169.05,FALSE,522.5
24-07-2020,Furniture,312.2,839.9,76.68,FALSE,286.2
25-07-2020,Beauty,381.8,1103.9,163.19,FALSE,350.2
25-07-2020,Sporting Goods,511.2,1365.9,128.05,FALSE,512.9
25-07-2020,Apparel,399.9,1290.4,172.93,FALSE,418.7
25-07-2020,Toys,336.4,640.7,234.82,FALSE,320.8
25-07-2020,Furniture,287.3,844.9,74.61,FALSE,275.8
25-07-2020,Pet Supplies,321.3,751.2,197.26,FALSE,300.2
25-07-2020,Groceries,237.5,610.3,110.68,FALSE,240.4
25-07-2020,Automotive Parts,268.6,757.6,212.23,FALSE,257.1
25-07-2020,Office Supplies,313.5,858.3,91.55,FALSE,291.4
25-07-2020,Electronics,179.5,547.3,46.01,FALSE,167
26-07-2020,Automotive Parts,197.5,784.9,213.88,FALSE,189.3
26-07-2020,Groceries,184.3,633.8,105.71,FALSE,171.7
26-07-2020,Apparel,360.8,1294.2,173.65,FALSE,357.4
26-07-2020,Sporting Goods,480.6,1367.5,129.61,FALSE,456.6
26-07-2020,Office Supplies,263.3,867,87,FALSE,240.8
26-07-2020,Pet Supplies,321.3,766.1,197.2,FALSE,245.5
26-07-2020,Electronics,158.9,551.7,46.83,FALSE,163.3
26-07-2020,Toys,307.3,637,247.08,FALSE,288.9
26-07-2020,Beauty,379.6,1109.1,164.2,FALSE,352.5
26-07-2020,Furniture,303.9,838.6,74.5,FALSE,272.5
27-07-2020,Beauty,366,1112.8,168.23,FALSE,341.7
27-07-2020,Pet Supplies,257.5,771.9,196.66,FALSE,265.2
27-07-2020,Sporting Goods,447.8,1366.9,128.33,FALSE,438.7
27-07-2020,Apparel,344.8,1297,166.84,FALSE,313.3
27-07-2020,Furniture,281.2,837.3,74.43,FALSE,265
27-07-2020,Toys,317.6,632.6,242.71,FALSE,323
27-07-2020,Office Supplies,257.8,879.3,85.11,FALSE,270
27-07-2020,Groceries,302.8,634.7,107.2,FALSE,173.7
27-07-2020,Electronics,133.6,557.6,47.13,FALSE,127.4
27-07-2020,Automotive Parts,205.4,772.7,221.84,FALSE,192.8
28-07-2020,Pet Supplies,262.2,774,195.33,FALSE,250.8
28-07-2020,Office Supplies,229.8,889.3,88.71,FALSE,214.1
28-07-2020,Sporting Goods,410.4,1375,129.48,FALSE,409.9
28-07-2020,Beauty,353.4,1117.1,168.21,FALSE,339
28-07-2020,Apparel,377.5,1291.4,171.4,FALSE,438.8
28-07-2020,Automotive Parts,311.5,771.1,226.46,TRUE,297.5
28-07-2020,Toys,308.7,637.8,237.11,FALSE,321.4
28-07-2020,Groceries,302.8,618.5,107.5,FALSE,206.1
28-07-2020,Furniture,313.4,825.4,72.95,FALSE,301.7
28-07-2020,Electronics,146.2,556.8,47.63,FALSE,137.4
29-07-2020,Automotive Parts,267.3,762,217.41,FALSE,278
29-07-2020,Office Supplies,313.9,868.4,89.92,FALSE,305.2
29-07-2020,Sporting Goods,499.2,1344.7,128.75,FALSE,492.5
29-07-2020,Furniture,356.1,805.6,74.07,FALSE,328.3
29-07-2020,Electronics,175.2,549.7,47.64,FALSE,177.8
29-07-2020,Beauty,376.9,1102.5,167.94,FALSE,376
29-07-2020,Groceries,264.9,599.6,107.4,TRUE,259.7
29-07-2020,Apparel,378.9,1287.2,165.66,FALSE,369.6
29-07-2020,Pet Supplies,306,754.7,196.71,FALSE,294.3
29-07-2020,Toys,337.6,635.1,244.85,FALSE,350.7
30-07-2020,Beauty,424,1090.3,162.82,FALSE,428.3
30-07-2020,Automotive Parts,329.1,770.2,217.36,FALSE,232
30-07-2020,Clothing,416.7,1279.4,357.79,FALSE,385.8
30-07-2020,Sporting Goods,540,1339.3,129.46,FALSE,514.7
30-07-2020,Groceries,245.1,575.5,106.42,FALSE,222.9
30-07-2020,Electronics,185,552.2,45.3,FALSE,171.5
30-07-2020,Office Supplies,456,877.5,92.01,TRUE,443.9
30-07-2020,Furniture,319,820.6,75.78,FALSE,333
30-07-2020,Pet Supplies,301.4,746.2,194.71,FALSE,297.9
30-07-2020,Toys,339.6,634.5,238.86,FALSE,309.8
31-07-2020,Automotive Parts,249.8,770.7,216.97,FALSE,246.2
31-07-2020,Apparel,439,1270.5,172.9,FALSE,395.7
31-07-2020,Pet Supplies,328.4,738.4,203.35,FALSE,329.4
31-07-2020,Office Supplies,313.7,867.9,90.17,FALSE,322.8
31-07-2020,Furniture,334.5,821.8,73.73,FALSE,314.6
31-07-2020,Toys,337.2,643.3,243,FALSE,342.6
31-07-2020,Groceries,251.3,693.1,112.21,FALSE,251.8
31-07-2020,Electronics,314.6,547.3,46.82,TRUE,315.5
31-07-2020,Beauty,425.1,1085.3,160.38,FALSE,403.9
31-07-2020,Sporting Goods,518,1349.1,125.35,FALSE,490.5
01-08-2020,Toys,216.1,808.1,238.54,FALSE,226.7
01-08-2020,Groceries,256.2,566.4,106.76,FALSE,235.3
01-08-2020,Automotive Parts,259.4,768.6,223.53,FALSE,256.4
01-08-2020,Pet Supplies,314.8,745.4,199.13,FALSE,310.6
01-08-2020,Office Supplies,317.7,868.4,92.06,FALSE,317.4
01-08-2020,Sporting Goods,542.4,1352.5,126.94,FALSE,493.5
01-08-2020,Electronics,192.7,516.5,46.74,FALSE,176.3
01-08-2020,Groceries,243.5,681,103.88,FALSE,254.5
01-08-2020,Beauty,298.6,1035.6,159.43,FALSE,300.4
01-08-2020,Toys,334.6,643.1,240.32,FALSE,331.5
01-08-2020,Furniture,469,830.7,74.14,TRUE,476.9
01-08-2020,Electronics,248.4,554.7,46.98,FALSE,161.8
02-08-2020,Beauty,382.4,1086.9,162.18,FALSE,370.8
02-08-2020,Automotive Parts,329.1,784.9,217.55,FALSE,216.2
02-08-2020,Electronics,147.4,556,48.36,FALSE,145.8
02-08-2020,Groceries,195.9,585.9,103.95,FALSE,183.3
02-08-2020,Pet Supplies,321.3,752,198.95,TRUE,338
02-08-2020,Beauty,352.2,1026.9,158.86,FALSE,352.9
02-08-2020,Furniture,285.3,832.2,73.92,FALSE,297.5
02-08-2020,Sporting Goods,445.1,1383.5,129.18,FALSE,426.3
02-08-2020,Office Supplies,253.2,885.2,91.25,FALSE,264.4
02-08-2020,Toys,351.7,796.2,244.7,TRUE,327.2
02-08-2020,Toys,322.8,650.8,240.82,FALSE,327.7
02-08-2020,Groceries,276.9,676.1,107.06,FALSE,256.5
02-08-2020,Apparel,401.2,1273.3,169.04,FALSE,414.4
03-08-2020,Pet Supplies,277,745.1,194.97,FALSE,281.5
03-08-2020,Electronics,139.1,566,45.97,FALSE,133.7
03-08-2020,Toys,321.9,655.3,234.34,FALSE,292.5
03-08-2020,Electronics,228.1,508.2,45.66,FALSE,238.3
03-08-2020,Groceries,181.3,593.9,107.31,FALSE,180.5
03-08-2020,Office Supplies,369.4,880.8,89.07,TRUE,470
03-08-2020,Pet Supplies,204.7,841.1,205.12,FALSE,196.5
03-08-2020,Automotive Parts,229.6,778,221.04,FALSE,231.1
03-08-2020,Furniture,296.6,823.8,75.13,FALSE,628.15
03-08-2020,Furniture,153.8,761.6,72.11,FALSE,155.9
03-08-2020,Groceries,246.1,687.3,107.14,FALSE,254.4
04-08-2020,Office Supplies,263.8,819.8,89.73,FALSE,274.7
04-08-2020,Sporting Goods,540.8,1356.4,130.7,FALSE,542
04-08-2020,Toys,237.5,750.2,231.52,FALSE,230.2
04-08-2020,Pet Supplies,256.9,749,202.83,FALSE,234.8
04-08-2020,Clothing,366.6,1278.6,164.1,FALSE,350.5
04-08-2020,Beauty,499.5,1112.4,170.91,TRUE,453.2
04-08-2020,Apparel,387.7,1294.9,164.56,FALSE,405.7
04-08-2020,Toys,345,462.2,227.2,FALSE,360.7
04-08-2020,Automotive Parts,335.3,777.8,222.39,FALSE,346.9
04-08-2020,Electronics,140.7,480.8,47.53,FALSE,145.3
04-08-2020,Sporting Goods,477.4,1397.7,127.15,FALSE,492.1
04-08-2020,Groceries,200,588.6,108.58,FALSE,181.3
04-08-2020,Automotive Parts,233.3,764.7,215.67,FALSE,230.6
04-08-2020,Furniture,299.8,820.1,75.2,FALSE,282.1
05-08-2020,Electronics,396.2,500.1,46.36,TRUE,242.1
05-08-2020,Electronics,168.4,551.2,47.8,FALSE,157
05-08-2020,Office Supplies,294.2,885.8,89.32,FALSE,282.2
05-08-2020,Office Supplies,294.6,894.5,90.85,FALSE,288.1
05-08-2020,Groceries,235.4,583.9,107.59,FALSE,217.8
05-08-2020,Clothing,407.4,1303.5,161.67,FALSE,405.7
05-08-2020,Automotive Parts,230.2,756.6,214.41,FALSE,214.4
05-08-2020,Sporting Goods,459.8,1402.8,130.81,FALSE,460.8
06-08-2020,Furniture,331.8,813.3,72.28,FALSE,305.8
06-08-2020,Electronics,183.4,542.3,46.17,FALSE,242.1
06-08-2020,Groceries,248.9,580.6,109,FALSE,234.8
06-08-2020,Toys,322.7,477.6,239.14,FALSE,302.8
06-08-2020,Sporting Goods,642.8,1338.3,122.48,TRUE,628.15
06-08-2020,Pet Supplies,392.1,731.6,194.68,TRUE,391.8
06-08-2020,Furniture,196.9,787.7,76.54,FALSE,205.9
06-08-2020,Electronics,204.1,564.5,45.95,FALSE,190.3
06-08-2020,Beauty,590.4,1066.7,165.71,TRUE,592.2
06-08-2020,Automotive Parts,274.4,744.1,225.36,FALSE,277.1
06-08-2020,Office Supplies,337,868.6,89.49,FALSE,334.5
07-08-2020,Toys,318.8,652.3,234.7,FALSE,293
07-08-2020,Automotive Parts,258.6,800,221.11,FALSE,237.5
07-08-2020,Beauty,407.8,1072.8,161.3,FALSE,428.1
07-08-2020,Sporting Goods,512.2,1382.9,130.38,FALSE,512.3
07-08-2020,Groceries,254.1,693.1,357.79,FALSE,255.3
07-08-2020,Apparel,468.7,1237.4,174.27,FALSE,439.1
07-08-2020,Electronics,204.1,537.8,45.07,FALSE,186.2
07-08-2020,Pet Supplies,320,734.5,193.15,FALSE,321
07-08-2020,Office Supplies,276.2,819.8,88.84,FALSE,278.4
07-08-2020,Automotive Parts,244.2,760.3,222.54,FALSE,223.1
07-08-2020,Pet Supplies,273.8,773.3,199,FALSE,277.1
07-08-2020,Groceries,196.1,619.3,109.15,FALSE,205.6
08-08-2020,Office Supplies,299.9,870.6,89.88,FALSE,300.2
08-08-2020,Sporting Goods,535.8,1381.6,126.92,FALSE,555.9
08-08-2020,Toys,322.5,474.1,231.44,FALSE,312.9
08-08-2020,Groceries,349.4,585.6,106.02,TRUE,326.1
08-08-2020,Beauty,401.2,1076.7,163.03,FALSE,388.2
08-08-2020,Apparel,423.5,1245,170.09,FALSE,434.8
08-08-2020,Automotive Parts,245.2,757.6,215.76,FALSE,245.3
08-08-2020,Electronics,168.3,552.2,45.98,FALSE,152.7
08-08-2020,Furniture,315.7,834.5,75.75,FALSE,286.3
08-08-2020,Pet Supplies,331.3,730.3,193.42,FALSE,315.9
09-08-2020,Apparel,642.8,1244.3,168.32,FALSE,387.4
09-08-2020,Sporting Goods,464.2,1401.6,132.47,FALSE,473.1
09-08-2020,Beauty,367.3,1082.1,157.95,FALSE,372.6
09-08-2020,Office Supplies,275.8,873.5,88.08,FALSE,256.5
09-08-2020,Furniture,325.2,833.4,74.11,FALSE,289.7
09-08-2020,Electronics,144.8,551,45.23,FALSE,151.9
09-08-2020,Apparel,399.1,1264.6,169.66,FALSE,389.6
09-08-2020,Toys,297.2,629.9,235.39,FALSE,293.8
09-08-2020,Pet Supplies,295.8,745.5,197.45,FALSE,305.6
09-08-2020,Groceries,217.6,594.6,107.5,FALSE,209.5
09-08-2020,Automotive Parts,188.1,773.7,215.62,FALSE,185.3
10-08-2020,Groceries,162.3,693.1,108.69,FALSE,164.2
10-08-2020,Toys,287,667.8,241.05,FALSE,282.1
10-08-2020,Pet Supplies,243.5,761,195.03,FALSE,239.8
10-08-2020,Office Supplies,249.7,882.5,88.9,FALSE,260.4
10-08-2020,Furniture,325.5,828.3,73.8,FALSE,299
10-08-2020,Beauty,362.1,1085.8,158.24,FALSE,333.8
10-08-2020,Automotive Parts,215.7,764.9,211.45,FALSE,204.5
10-08-2020,Sporting Goods,417.4,1410,127.42,FALSE,512.9
10-08-2020,Apparel,371.9,1257.5,167.77,FALSE,389.9
11-08-2020,Office Supplies,261.9,880.6,90.57,FALSE,262.9
11-08-2020,Toys,300.2,659.5,233.92,FALSE,302.1
11-08-2020,Electronics,203.8,543.6,46.42,TRUE,199.6
11-08-2020,Sporting Goods,408.7,1423.4,129.95,FALSE,395.1
11-08-2020,Automotive Parts,214.4,758.1,222.34,FALSE,197.9
11-08-2020,Groceries,174.4,608.5,107.82,FALSE,167.1
11-08-2020,Apparel,419.2,1241.9,166.97,FALSE,426.6
11-08-2020,Automotive Parts,329.1,664.6,211.74,FALSE,288.1
11-08-2020,Pet Supplies,330.4,807.8,197.05,FALSE,322.8
11-08-2020,Pet Supplies,317.1,756.6,196.62,TRUE,318.8
11-08-2020,Beauty,337.1,1086.7,165.55,FALSE,304.6
11-08-2020,Office Supplies,366.3,812.9,87.67,FALSE,330.7
11-08-2020,Sporting Goods,525.15,1407.4,126.64,FALSE,420.6
12-08-2020,Apparel,414.1,1238.9,168.83,FALSE,376.4
12-08-2020,Electronics,248.4,355.4,45.19,FALSE,142.6
12-08-2020,Office Supplies,290.1,874.9,89.23,FALSE,296.9
12-08-2020,Sporting Goods,483.5,1398.3,129.53,FALSE,505.3
12-08-2020,Furniture,313.9,834,72.01,FALSE,327.1
12-08-2020,Groceries,220.1,607.7,106.86,FALSE,204.6
12-08-2020,Apparel,467.1,773.8,166.06,FALSE,444.3
12-08-2020,Automotive Parts,238.2,752.7,221.8,FALSE,317.9
12-08-2020,Electronics,163.2,542.7,46.9,FALSE,150.1
12-08-2020,Sporting Goods,462.8,1391,128.91,FALSE,417.6
12-08-2020,Automotive Parts,291.9,615.9,226.11,FALSE,288.8
12-08-2020,Pet Supplies,376.4,755.9,196.64,TRUE,310.6
12-08-2020,Toys,328.2,647.5,234.62,FALSE,303.8
12-08-2020,Toys,260.6,611.6,229.99,FALSE,246.7
12-08-2020,Beauty,387.8,1078.7,167.8,FALSE,378.7
13-08-2020,Sporting Goods,473.4,1377,124.3,FALSE,469.1
13-08-2020,Automotive Parts,244.9,752,214.47,FALSE,317.9
13-08-2020,Pet Supplies,330.7,740.3,192.47,FALSE,329.5
13-08-2020,Electronics,167.6,480.8,47.26,FALSE,174.4
13-08-2020,Toys,331.5,649.2,230.73,FALSE,321.7
13-08-2020,Groceries,245.8,598.1,106.95,FALSE,226.2
13-08-2020,Beauty,401.8,1073.8,166.97,FALSE,398.6
13-08-2020,Apparel,441.6,1235.1,168.14,FALSE,411.7
13-08-2020,Office Supplies,306.4,871.2,89.56,FALSE,286.3
13-08-2020,Furniture,642.8,822.4,75.95,FALSE,323.1
14-08-2020,Apparel,424.4,1243.8,168.65,FALSE,444.8
14-08-2020,Office Supplies,350.4,819.8,89.56,FALSE,316.7
14-08-2020,Electronics,179.1,527.9,47.68,FALSE,174.2
14-08-2020,Toys,306.4,655.9,237.22,FALSE,289.5
14-08-2020,Sporting Goods,455.9,1382.2,132.76,FALSE,464.5
14-08-2020,Beauty,403.7,1016.3,167.26,FALSE,378.8
14-08-2020,Automotive Parts,271.3,732.9,209.05,FALSE,265.6
14-08-2020,Groceries,268.5,594.9,107.3,FALSE,242.9
14-08-2020,Furniture,303.9,817.5,74.29,FALSE,364.3
14-08-2020,Pet Supplies,330.2,736.2,192.54,FALSE,339.3
15-08-2020,Pet Supplies,298,739.2,196.71,FALSE,308.5
15-08-2020,Office Supplies,306.2,868.2,357.79,FALSE,303.4
15-08-2020,Toys,343.5,646.6,234.1,FALSE,302.8
15-08-2020,Sporting Goods,482.7,1370.8,127.04,FALSE,477.8
15-08-2020,Beauty,386.9,1080.9,166.54,FALSE,396.6
15-08-2020,Electronics,172.4,526.4,45.23,FALSE,175.5
15-08-2020,Groceries,224.6,609.5,102.21,FALSE,208.9
15-08-2020,Apparel,400.4,1248.5,168.8,FALSE,406.5
15-08-2020,Automotive Parts,254.2,738.6,219.3,FALSE,255.3
15-08-2020,Furniture,642.8,836.3,75.68,FALSE,324.5
16-08-2020,Pet Supplies,305.8,739.3,195.06,FALSE,310.6
16-08-2020,Apparel,524.2,1237.6,166.67,TRUE,511.6
16-08-2020,Beauty,348.1,1095.3,168.19,FALSE,356.3
16-08-2020,Office Supplies,263.4,880.4,90.57,FALSE,241.1
16-08-2020,Automotive Parts,237.6,756.9,218.04,FALSE,227.8
16-08-2020,Sporting Goods,486.1,1366.6,124.3,FALSE,472.4
16-08-2020,Groceries,219.4,616.5,107.98,FALSE,211.2
16-08-2020,Toys,323.8,651.1,229.38,FALSE,331.8
16-08-2020,Electronics,140.1,542.6,47.59,FALSE,139.6
16-08-2020,Furniture,306.1,841.1,75.29,FALSE,317.8
17-08-2020,Furniture,308.8,840.9,73.34,FALSE,279.8
17-08-2020,Automotive Parts,228.4,757.5,222.78,FALSE,214.7
17-08-2020,Toys,489.3,645.3,241.4,TRUE,443.9
17-08-2020,Sporting Goods,421,1386,128.46,FALSE,439
17-08-2020,Clothing,379.1,1258.3,176.81,FALSE,395.4
17-08-2020,Pet Supplies,292.9,745.2,198.24,FALSE,263.8
17-08-2020,Groceries,186.7,633.1,106.66,FALSE,182.6
17-08-2020,Office Supplies,253.5,1722.47,87.27,FALSE,240.4
17-08-2020,Electronics,121.1,555.7,47.18,FALSE,112.6
17-08-2020,Beauty,355.5,1089.9,166.24,FALSE,372
18-08-2020,Furniture,310,849.1,77.77,FALSE,295.9
18-08-2020,Pet Supplies,250.9,754.5,200.72,FALSE,253.6
18-08-2020,Toys,366.6,638.3,228.9,FALSE,338.7
18-08-2020,Electronics,141.2,556,46.6,FALSE,140.6
18-08-2020,Automotive Parts,220.8,762.2,216.05,FALSE,222.2
18-08-2020,Office Supplies,270.2,873,85.59,FALSE,278.7
18-08-2020,Clothing,400.6,1250.9,170.3,FALSE,377.5
18-08-2020,Sporting Goods,494.9,1397.7,124.07,FALSE,447.2
18-08-2020,Groceries,194,626.2,105.94,FALSE,196.5
18-08-2020,Beauty,381.8,1091.9,172.97,FALSE,396.3
19-08-2020,Beauty,353.5,1097.7,164.02,FALSE,360
19-08-2020,Sporting Goods,485.9,1363.2,126.08,FALSE,472.9
19-08-2020,Groceries,209.7,615.5,107.82,FALSE,210.4
19-08-2020,Pet Supplies,327.1,738.3,198.03,FALSE,313.9
19-08-2020,Electronics,151.5,549,47.67,FALSE,141.9
19-08-2020,Apparel,428.5,1300.9,357.79,FALSE,395.6
19-08-2020,Office Supplies,263.5,883,88.63,FALSE,247.6
19-08-2020,Furniture,341.2,838.3,77.08,FALSE,342.4
19-08-2020,Toys,397.8,647,224.35,TRUE,365.5
19-08-2020,Automotive Parts,246.2,511.7,217.28,FALSE,235.4
20-08-2020,Furniture,369.6,822.4,71.76,FALSE,360.1
20-08-2020,Groceries,244.6,612.1,101.93,FALSE,221.1
20-08-2020,Toys,299.5,649.2,229.91,FALSE,281.2
20-08-2020,Apparel,429.3,1300.9,169.66,FALSE,430.9
20-08-2020,Pet Supplies,348.2,737.4,189.71,FALSE,346.6
20-08-2020,Beauty,403.3,1084,159.25,FALSE,407
20-08-2020,Automotive Parts,267.1,510.9,215.27,FALSE,278.6
20-08-2020,Electronics,174.3,541.5,48.4,FALSE,173.9
20-08-2020,Office Supplies,369.4,860.7,89.28,FALSE,314
20-08-2020,Sporting Goods,510.3,1356.7,130.55,FALSE,460.8
21-08-2020,Automotive Parts,255,516.1,228.45,FALSE,64.55
21-08-2020,Pet Supplies,333.3,742.4,190.76,FALSE,329.1
21-08-2020,Electronics,186.8,545.9,47.02,FALSE,182.7
21-08-2020,Beauty,409,1079.5,165.29,FALSE,416.4
21-08-2020,Groceries,261.6,609.1,105.32,FALSE,251.4
21-08-2020,Furniture,346.1,824.1,75.28,FALSE,329
21-08-2020,Sporting Goods,550.1,1347.1,131.37,FALSE,538
21-08-2020,Office Supplies,370.6,846.1,88.63,FALSE,356.8
21-08-2020,Clothing,436.6,1243.7,171,FALSE,437.2
21-08-2020,Toys,330.9,637.2,238.32,FALSE,302.8
22-08-2020,Electronics,171.8,546.7,44.54,FALSE,156.3
22-08-2020,Toys,335,631.1,234.15,FALSE,326.4
22-08-2020,Apparel,403.6,1248.2,172.75,FALSE,369.7
22-08-2020,Pet Supplies,313.5,739.8,187.42,FALSE,284.4
22-08-2020,Office Supplies,289,875,91.47,FALSE,293.4
22-08-2020,Furniture,353.1,817.6,73.61,FALSE,342.6
22-08-2020,Groceries,232.4,611.9,112.27,FALSE,237.9
22-08-2020,Automotive Parts,228,518.7,220.02,FALSE,224.2
22-08-2020,Sporting Goods,534.8,1350.1,128.35,FALSE,528.8
22-08-2020,Beauty,422.9,1065.4,161.41,FALSE,407.7
23-08-2020,Groceries,209.6,620.3,107.72,FALSE,189.3
23-08-2020,Electronics,132.7,556.8,46.57,FALSE,125.9
23-08-2020,Apparel,465.9,1255.4,166.22,TRUE,477
23-08-2020,Pet Supplies,293.5,746.7,201.39,FALSE,282.4
23-08-2020,Office Supplies,270.3,450.4,92.07,FALSE,279.7
23-08-2020,Sporting Goods,503,1366.3,127.38,FALSE,485.8
23-08-2020,Toys,325.7,627.8,235.51,FALSE,324.8
23-08-2020,Furniture,327.1,819.4,71.71,FALSE,336.5
23-08-2020,Automotive Parts,329.1,511.8,222.69,FALSE,230
23-08-2020,Beauty,358,1084,159.56,FALSE,355.3
24-08-2020,Sporting Goods,401,1391.3,125.84,FALSE,393.2
24-08-2020,Toys,265.8,643,236.82,FALSE,257.6
24-08-2020,Furniture,321.2,818,73.86,FALSE,328.6
24-08-2020,Pet Supplies,251.1,762.5,200.58,FALSE,229.1
24-08-2020,Electronics,116.2,557,45.73,FALSE,107
24-08-2020,Automotive Parts,225.6,753.4,215.81,FALSE,212.1
24-08-2020,Clothing,387.8,1257.1,171.46,FALSE,392
24-08-2020,Beauty,351.7,1078.4,164.42,FALSE,342.8
24-08-2020,Office Supplies,228.6,457,90.29,FALSE,224.1
24-08-2020,Groceries,642.8,620.6,106.38,FALSE,150.1
25-08-2020,Beauty,316.4,1089.5,357.79,FALSE,300.6
25-08-2020,Groceries,194.1,607.6,110.11,FALSE,203
25-08-2020,Furniture,322.7,815,71.49,FALSE,306.3
25-08-2020,Apparel,394.5,1255.6,174.3,FALSE,393.9
25-08-2020,Electronics,642.8,547.3,46.78,TRUE,149.8
25-08-2020,Toys,324,628.6,239.74,FALSE,317.6
25-08-2020,Pet Supplies,265.5,761.6,203.58,FALSE,257.2
25-08-2020,Sporting Goods,465.2,1372.7,129.78,FALSE,434.5
25-08-2020,Office Supplies,272.5,819.8,89.99,FALSE,64.55
25-08-2020,Automotive Parts,236.9,745.8,222.22,FALSE,243.8
26-08-2020,Toys,464,633.7,233.28,TRUE,462.4
26-08-2020,Groceries,234.3,598.4,107.35,FALSE,228.4
26-08-2020,Office Supplies,369.4,440.9,90.94,FALSE,317.8
26-08-2020,Furniture,317.5,817.1,72.44,FALSE,290.4
26-08-2020,Electronics,248.4,548.7,48.51,FALSE,147.2
26-08-2020,Automotive Parts,264.3,741.6,222.49,FALSE,248.5
26-08-2020,Apparel,471.4,1222.3,169.07,FALSE,456.3
26-08-2020,Pet Supplies,311.3,807.1,192.51,FALSE,319.5
26-08-2020,Sporting Goods,497.9,1367.1,125.56,FALSE,499.6
26-08-2020,Beauty,374.5,1073.6,165.47,FALSE,344.7
27-08-2020,Groceries,350.3,585.1,110.32,TRUE,355.2
27-08-2020,Furniture,326.1,819.7,74.85,FALSE,306.9
27-08-2020,Pet Supplies,375.4,738.9,196.71,FALSE,361.1
27-08-2020,Beauty,424.2,1053.1,168.68,FALSE,441.9
27-08-2020,Electronics,145.3,551.6,47.49,FALSE,130.9
27-08-2020,Toys,345.9,632.8,237.19,FALSE,315.9
27-08-2020,Sporting Goods,505.6,1366.3,129.12,FALSE,495.2
27-08-2020,Office Supplies,355.8,436.9,89.5,FALSE,365.4
27-08-2020,Automotive Parts,250.3,749.3,216.91,FALSE,256.5
27-08-2020,Apparel,469.1,1214.4,171.36,FALSE,429.9
28-08-2020,Office Supplies,341.3,859,88.31,FALSE,346.4
28-08-2020,Pet Supplies,352.7,745.9,205.48,FALSE,363
28-08-2020,Beauty,404.9,1059.7,167.44,FALSE,374.6
28-08-2020,Toys,349.3,635.7,248.24,FALSE,325.1
28-08-2020,Electronics,183.4,542.4,47.69,FALSE,171
28-08-2020,Groceries,270.7,579.2,105.79,FALSE,259.8
28-08-2020,Automotive Parts,274,746.3,219.15,FALSE,279.7
28-08-2020,Furniture,337.7,819.1,74.43,FALSE,305.9
28-08-2020,Sporting Goods,503.5,1369,125.41,FALSE,462.7
28-08-2020,Apparel,433.9,1228.7,171.29,FALSE,395.5
29-08-2020,Beauty,389.6,1058.8,168.1,FALSE,354.9
29-08-2020,Furniture,341,824.7,72.93,FALSE,340.1
29-08-2020,Toys,311.9,643.6,243.38,FALSE,284.6
29-08-2020,Groceries,250.9,585.6,104.7,FALSE,257.1
29-08-2020,Clothing,450.3,1224.3,172.22,FALSE,433.2
29-08-2020,Sporting Goods,470.6,1378.7,357.79,FALSE,461.3
29-08-2020,Office Supplies,325.5,861,91.02,FALSE,325.5
29-08-2020,Pet Supplies,336.8,751,198.06,FALSE,342.1
29-08-2020,Electronics,191.2,553.7,47.5,TRUE,196.4
29-08-2020,Automotive Parts,245.1,756.9,226.45,FALSE,256
30-08-2020,Apparel,431.3,1231.2,168.39,FALSE,403.3
30-08-2020,Toys,324.8,640.9,239.3,FALSE,628.15
30-08-2020,Beauty,351.6,1056.9,165.31,FALSE,367.4
30-08-2020,Furniture,320.5,828.8,72.39,FALSE,327
30-08-2020,Pet Supplies,295.9,769,196.71,FALSE,282.8
30-08-2020,Groceries,217.7,593.5,105.29,FALSE,295.35
30-08-2020,Office Supplies,268.3,875.6,357.79,FALSE,258.6
30-08-2020,Sporting Goods,423.9,1390.1,128.92,FALSE,433.9
30-08-2020,Electronics,140,563.4,47.21,FALSE,128.9
30-08-2020,Automotive Parts,260.1,750.1,219.13,FALSE,246.5
31-08-2020,Toys,307.1,649.2,245.1,FALSE,307.2
31-08-2020,Electronics,105.2,581.4,49.34,FALSE,242.1
31-08-2020,Apparel,414.2,1237.7,172.6,FALSE,421
31-08-2020,Groceries,178.2,612.1,107.55,FALSE,181.4
31-08-2020,Automotive Parts,240.7,758.8,215,FALSE,223.4
31-08-2020,Furniture,336.7,824,74.01,FALSE,306
31-08-2020,Sporting Goods,482.8,1376.2,125.82,FALSE,448.4
31-08-2020,Pet Supplies,283.5,777.3,202.83,FALSE,272.3
31-08-2020,Beauty,355,1058.6,164.86,FALSE,332.8
31-08-2020,Office Supplies,353.9,865.5,93.48,TRUE,369
01-09-2020,Sporting Goods,475.8,1371.1,128.08,FALSE,628.15
01-09-2020,Furniture,344.2,821.4,72.43,FALSE,343.1
01-09-2020,Beauty,340.1,1017.7,169.22,FALSE,356.2
01-09-2020,Electronics,135.8,572.2,48.22,FALSE,129.3
01-09-2020,Office Supplies,306,856.1,86.5,FALSE,282.6
01-09-2020,Toys,288.4,656.4,235.52,FALSE,295.1
01-09-2020,Groceries,207.3,606,108.3,FALSE,204.8
02-09-2020,Apparel,425.1,1241.8,169.28,FALSE,438.5
02-09-2020,Automotive Parts,389.5,751.4,213.42,TRUE,628.15
02-09-2020,Pet Supplies,301.4,767.2,196.71,FALSE,300.2
02-09-2020,Furniture,515.3,812.4,75.82,TRUE,289.7
02-09-2020,Sporting Goods,424.8,1384.6,124.15,FALSE,426.7
02-09-2020,Automotive Parts,432.9,784.9,219.02,TRUE,420.6
02-09-2020,Electronics,179.3,570.5,46.78,TRUE,179.5
02-09-2020,Toys,332.2,642.4,241.3,FALSE,309.4
03-09-2020,Automotive Parts,320.8,777.6,217.8,FALSE,326.5
03-09-2020,Electronics,401.9,557.9,46.34,FALSE,168.1
03-09-2020,Furniture,328.1,814.6,74.17,FALSE,340.7
03-09-2020,Groceries,242.1,682.3,107.5,FALSE,218.9
03-09-2020,Apparel,474.6,1228.5,172.11,FALSE,435.2
03-09-2020,Sporting Goods,519,1364.8,126.6,FALSE,541
03-09-2020,Automotive Parts,278.6,747,220.49,FALSE,266.4
03-09-2020,Pet Supplies,197.7,845.9,202.75,FALSE,183.6
03-09-2020,Pet Supplies,352.9,753.3,190.9,FALSE,337.3
03-09-2020,Toys,339,633.6,240.65,FALSE,321.5
03-09-2020,Beauty,416.3,1058.9,154.36,FALSE,419.6
03-09-2020,Groceries,254.5,693.1,107.5,FALSE,264.8
03-09-2020,Electronics,243.1,510,45.98,FALSE,232.4
03-09-2020,Office Supplies,330.9,855.5,88.97,FALSE,310.9
04-09-2020,Groceries,267.4,439.4,108.91,FALSE,276.3
04-09-2020,Automotive Parts,266.4,741.2,213.79,FALSE,258
04-09-2020,Furniture,344.4,809.4,75.9,FALSE,331.2
04-09-2020,Automotive Parts,302.8,782.8,221.74,FALSE,280.6
04-09-2020,Office Supplies,505,842.4,89.71,TRUE,505
04-09-2020,Electronics,151.5,566.1,46.78,FALSE,147.4
04-09-2020,Toys,354.6,1722.47,241.41,FALSE,367.7
04-09-2020,Beauty,400.3,1061.8,169.08,FALSE,413.8
04-09-2020,Pet Supplies,269.4,783.2,190.61,FALSE,276.9
04-09-2020,Pet Supplies,338.8,762.8,193.47,FALSE,344.6
05-09-2020,Automotive Parts,328.9,835,217.47,FALSE,336.8
05-09-2020,Furniture,219.4,789.9,74.06,FALSE,628.15
05-09-2020,Beauty,349.3,1076.5,167.76,FALSE,350.8
05-09-2020,Toys,313.75,724.9,234.76,FALSE,276.8
05-09-2020,Office Supplies,336.9,839.7,89.82,FALSE,349.8
05-09-2020,Sporting Goods,505.8,1370.4,129.49,FALSE,520.3
05-09-2020,Groceries,231.4,449.7,107.5,FALSE,219.7
05-09-2020,Toys,330.9,621.3,234.06,FALSE,316.1
05-09-2020,Electronics,150.1,563.9,46.48,FALSE,147.8
05-09-2020,Automotive Parts,273.5,746.5,217.09,FALSE,287
05-09-2020,Apparel,456,1234.4,163.91,FALSE,465.8
05-09-2020,Pet Supplies,324.4,771.6,200.42,FALSE,330.7
06-09-2020,Sporting Goods,424.1,1384.5,129.9,FALSE,512.9
06-09-2020,Electronics,223.4,559.4,46.23,FALSE,217.1
06-09-2020,Electronics,126.5,563.5,47.14,FALSE,131.9
06-09-2020,Beauty,346.6,1072,164.7,FALSE,359.8
06-09-2020,Furniture,351.7,816.1,74.91,FALSE,364.4
06-09-2020,Toys,293,633.7,237.22,FALSE,280.7
06-09-2020,Pet Supplies,204.3,807.1,194.26,FALSE,191.2
06-09-2020,Clothing,336.6,1283.2,170.61,FALSE,346.1
06-09-2020,Groceries,219.6,451,107.94,FALSE,64.55
06-09-2020,Automotive Parts,329.1,759.7,217.82,FALSE,189.5
06-09-2020,Pet Supplies,323.7,773.2,194.47,FALSE,310.6
06-09-2020,Office Supplies,267.7,1722.47,90.54,FALSE,256.9
07-09-2020,Pet Supplies,307.7,777.6,189.81,FALSE,293.1
07-09-2020,Automotive Parts,215.4,751.3,211.84,FALSE,225.5
07-09-2020,Electronics,112.5,566.4,47.34,FALSE,113.2
07-09-2020,Office Supplies,312.7,880.7,89.62,FALSE,297.4
07-09-2020,Sporting Goods,435,1374.8,129.88,FALSE,397
07-09-2020,Groceries,195.4,460,103.42,FALSE,177.4
07-09-2020,Furniture,257.4,817.9,74.77,FALSE,265
07-09-2020,Toys,293.4,627.6,237.11,FALSE,277.2
07-09-2020,Furniture,309.8,821.5,72.46,FALSE,284.5
07-09-2020,Office Supplies,291.2,855.1,92.53,FALSE,270.7
07-09-2020,Beauty,333.2,1063.5,168.45,FALSE,304.4
07-09-2020,Pet Supplies,303.2,758.3,203.68,FALSE,317.2
08-09-2020,Office Supplies,296.3,846.3,89.03,FALSE,273.1
08-09-2020,Electronics,123.8,563.1,46.34,FALSE,117.7
08-09-2020,Pet Supplies,282.5,787.5,201.48,FALSE,259.1
08-09-2020,Sporting Goods,486.5,1359.2,128.82,FALSE,508.3
08-09-2020,Groceries,188.2,465.8,107.53,FALSE,180.9
08-09-2020,Furniture,334.1,809.4,75.42,FALSE,342
08-09-2020,Toys,321.8,658.6,241.97,FALSE,316.1
08-09-2020,Beauty,448.7,1064.7,160.03,TRUE,438.3
08-09-2020,Automotive Parts,248.8,745.2,214.55,FALSE,261.1
09-09-2020,Furniture,327.1,815.2,75.72,FALSE,310.2
09-09-2020,Pet Supplies,325.3,769.8,197.92,FALSE,310.6
09-09-2020,Office Supplies,337.7,834,90.16,FALSE,311.7
09-09-2020,Automotive Parts,243.5,748.4,225.09,FALSE,232.7
09-09-2020,Groceries,218.4,604.8,109.11,FALSE,220.5
09-09-2020,Sporting Goods,455.6,1368.9,126.72,FALSE,421.6
09-09-2020,Toys,319.2,621.8,237.54,FALSE,331.6
09-09-2020,Electronics,139.7,562.5,45.52,FALSE,142.5
09-09-2020,Apparel,384.6,1264.4,170.33,FALSE,374.9
09-09-2020,Beauty,490.3,1054,165.76,TRUE,451.8
10-09-2020,Electronics,169.4,558.6,45.55,FALSE,161.2
10-09-2020,Apparel,401,1263.8,170.4,FALSE,397.3
10-09-2020,Furniture,357.7,805.2,74.42,FALSE,325.5
10-09-2020,Beauty,400.8,1040.1,166.37,FALSE,368.6
10-09-2020,Sporting Goods,479.4,1350.2,130.37,FALSE,467.4
10-09-2020,Toys,351.4,618.3,231.15,FALSE,332.2
10-09-2020,Groceries,257.8,594.4,107.87,FALSE,246.7
10-09-2020,Office Supplies,328.4,851.8,87.68,FALSE,316.5
10-09-2020,Pet Supplies,344.9,766.6,198.66,FALSE,316.3
10-09-2020,Automotive Parts,329.1,656.2,217.42,FALSE,270.5
10-09-2020,Pet Supplies,321.3,782.2,196.71,FALSE,363.9
11-09-2020,Automotive Parts,250.1,744.1,214.81,FALSE,227.9
11-09-2020,Sporting Goods,642.8,1339.3,129.13,TRUE,628.15
11-09-2020,Pet Supplies,301.9,807.7,197.16,FALSE,298.4
11-09-2020,Electronics,158.8,558.2,46.78,FALSE,146.3
11-09-2020,Office Supplies,359.3,838.1,89.15,FALSE,360.3
11-09-2020,Apparel,468.1,1242.7,165.94,FALSE,474.8
11-09-2020,Pet Supplies,588.3,758.4,197.34,TRUE,590.7
11-09-2020,Groceries,272.1,586.4,109.38,FALSE,278.1
11-09-2020,Beauty,389.1,1043.6,164.86,FALSE,360.1
12-09-2020,Automotive Parts,258.2,747.2,212.57,FALSE,255.2
12-09-2020,Pet Supplies,363.6,764.8,198.8,FALSE,335.5
12-09-2020,Apparel,470.4,1238.4,171.24,FALSE,450
12-09-2020,Electronics,138.8,560.1,47.27,FALSE,130.8
12-09-2020,Sporting Goods,466,1368.5,129.09,FALSE,419.7
12-09-2020,Toys,336.2,623.1,243.72,FALSE,348
12-09-2020,Office Supplies,295.6,819.8,86.18,FALSE,289.5
13-09-2020,Toys,414.8,635.2,231.1,TRUE,424.5
13-09-2020,Furniture,518.7,814.3,73.83,TRUE,486.9
13-09-2020,Apparel,365.1,1264.3,165.2,FALSE,339
13-09-2020,Groceries,217.8,610.4,106.21,FALSE,216.9
13-09-2020,Electronics,126.4,562.2,47.37,FALSE,120.9
13-09-2020,Automotive Parts,356.2,656.2,218.59,TRUE,340.5
13-09-2020,Sporting Goods,452.6,1384.8,129.58,FALSE,454
13-09-2020,Pet Supplies,309.8,791.3,205.36,FALSE,296.6
13-09-2020,Office Supplies,303.4,847.6,90.92,FALSE,293.4
13-09-2020,Beauty,373.3,1044.1,164.25,FALSE,389
14-09-2020,Electronics,118.9,558.4,45.76,FALSE,116
14-09-2020,Furniture,356.1,815.4,76.54,FALSE,289.7
14-09-2020,Pet Supplies,313.8,787.4,197.43,FALSE,296.1
14-09-2020,Apparel,374.7,1259.5,164.68,FALSE,366
14-09-2020,Sporting Goods,408.9,1398.6,128.56,FALSE,392.4
14-09-2020,Toys,324.2,627.7,237.66,FALSE,303.8
14-09-2020,Office Supplies,642.8,855.3,93.79,FALSE,269.3
14-09-2020,Beauty,355.5,1059.6,158.62,FALSE,361.5
14-09-2020,Groceries,184.3,620.2,106.7,FALSE,188.1
14-09-2020,Automotive Parts,329.1,754.3,227.12,FALSE,211.8
15-09-2020,Furniture,339.5,817.4,74.55,FALSE,331.2
15-09-2020,Automotive Parts,217,762.2,210.82,FALSE,207.8
15-09-2020,Pet Supplies,303.7,794.6,190.96,FALSE,276.4
15-09-2020,Beauty,336.1,1065.2,168.68,FALSE,331.5
15-09-2020,Electronics,130.3,554.5,47.41,FALSE,123
15-09-2020,Sporting Goods,482.4,1376.8,130.54,FALSE,496.6
15-09-2020,Office Supplies,295.9,849.5,89.09,FALSE,274.6
15-09-2020,Clothing,428.7,1237,172.32,FALSE,435.9
15-09-2020,Toys,299.1,625.7,239.26,FALSE,276.8
15-09-2020,Groceries,194.1,613.1,105.21,FALSE,199.6
16-09-2020,Apparel,622.1,1229.7,169.68,TRUE,628.15
16-09-2020,Furniture,358.6,813.1,75.52,FALSE,372.3
16-09-2020,Groceries,230.8,596.6,106.89,FALSE,234
16-09-2020,Electronics,145.8,552.1,46.77,FALSE,148.3
16-09-2020,Sporting Goods,508.1,1371.7,128.29,FALSE,517.8
16-09-2020,Beauty,357.4,1061.4,162.07,FALSE,628.15
16-09-2020,Automotive Parts,245.1,756.5,220.86,FALSE,224.8
16-09-2020,Toys,314.7,619,236.71,FALSE,321.7
16-09-2020,Pet Supplies,334,785.5,196.16,FALSE,300.9
16-09-2020,Office Supplies,346.8,829.5,84.22,FALSE,360
17-09-2020,Sporting Goods,452.5,1394.9,127.17,FALSE,454.4
17-09-2020,Groceries,224.9,600.1,108.26,FALSE,225.3
17-09-2020,Electronics,138.5,554.5,45.75,FALSE,133.2
17-09-2020,Automotive Parts,313.6,735.2,216.73,FALSE,326.3
17-09-2020,Beauty,409.4,1051.7,172.02,FALSE,377.4
17-09-2020,Toys,445.3,621.8,232.64,TRUE,455
17-09-2020,Office Supplies,334.9,830.8,91.28,FALSE,318.1
17-09-2020,Pet Supplies,355.3,782.3,193.2,FALSE,346.4
17-09-2020,Apparel,456.2,1232.3,173.39,FALSE,410.7
17-09-2020,Furniture,374.3,805.2,75.96,FALSE,344.4
18-09-2020,Beauty,388.2,1052.6,166.82,FALSE,396.6
18-09-2020,Apparel,441.7,1229.2,173.8,FALSE,400.6
18-09-2020,Toys,367.3,608,229.66,FALSE,366.9
18-09-2020,Pet Supplies,340.6,781.3,203.1,FALSE,340.6
18-09-2020,Sporting Goods,642.8,1363.9,128.26,TRUE,628.15
18-09-2020,Groceries,271.5,1722.47,104.42,FALSE,246.4
18-09-2020,Electronics,227.9,538.2,47.55,TRUE,237.5
18-09-2020,Automotive Parts,285.9,733,219.38,FALSE,284.7
18-09-2020,Office Supplies,373.9,819.6,89.57,FALSE,340.4
18-09-2020,Furniture,381.1,802,73.45,FALSE,343.9
19-09-2020,Apparel,489.9,1215.1,173.24,FALSE,466.2
19-09-2020,Groceries,272.4,593.4,106.02,FALSE,264.8
19-09-2020,Sporting Goods,460.2,1397.7,131.92,FALSE,430.7
19-09-2020,Office Supplies,332.5,826.4,90.34,FALSE,303.5
19-09-2020,Toys,297.9,626,238.36,FALSE,281.4
19-09-2020,Pet Supplies,374.1,807.1,202.44,FALSE,358.1
19-09-2020,Electronics,163.4,533,46.85,FALSE,169.8
19-09-2020,Beauty,397.35,1062,163.9,FALSE,376.5
19-09-2020,Furniture,356.7,807.1,73,FALSE,361.4
19-09-2020,Automotive Parts,245.8,656.2,223.12,FALSE,235.5
20-09-2020,Pet Supplies,304.8,793,194.54,FALSE,312.7
20-09-2020,Toys,327.6,619.8,233.02,FALSE,319.7
20-09-2020,Automotive Parts,597.2,739,215.55,FALSE,317.9
20-09-2020,Electronics,125.9,550.7,47.25,FALSE,128.8
20-09-2020,Office Supplies,296.2,836.5,89.67,FALSE,298.7
20-09-2020,Sporting Goods,642.8,1391.7,127,FALSE,422.8
20-09-2020,Apparel,400,1239.1,169.02,FALSE,373.6
20-09-2020,Furniture,363.8,806.4,75.62,FALSE,369.4
20-09-2020,Beauty,346.8,1722.47,164.86,FALSE,321.1
20-09-2020,Groceries,208.6,608.6,109.91,FALSE,198.6
21-09-2020,Pet Supplies,310.5,787.3,197.65,FALSE,280.1
21-09-2020,Clothing,401.5,1235.7,167.9,FALSE,397.7
21-09-2020,Furniture,342.1,821.4,75.01,FALSE,314
21-09-2020,Office Supplies,286.7,837.3,91.99,FALSE,298.9
21-09-2020,Toys,304.8,620,239.02,FALSE,317.3
21-09-2020,Sporting Goods,418.9,1401.4,126.46,FALSE,379.4
21-09-2020,Groceries,201.2,614,107.51,FALSE,191.5
21-09-2020,Automotive Parts,229.1,746.7,214.88,FALSE,217.4
21-09-2020,Beauty,330.1,1066,174.45,FALSE,340
21-09-2020,Electronics,105.6,551.7,46.15,FALSE,110.8
22-09-2020,Electronics,119.3,551.3,45.05,FALSE,111.7
22-09-2020,Office Supplies,457.2,819.8,91.28,TRUE,439.2
22-09-2020,Sporting Goods,426.1,1394.4,130.06,FALSE,400.8
22-09-2020,Groceries,179.8,625.9,109.21,FALSE,188.6
22-09-2020,Apparel,417,1225.2,174.65,FALSE,402.6
22-09-2020,Automotive Parts,262.9,736.8,219.17,FALSE,260.5
22-09-2020,Toys,274.1,635.1,228.9,FALSE,253.1
22-09-2020,Pet Supplies,321.3,806.1,194.16,FALSE,294.6
22-09-2020,Furniture,344.4,815.1,75.83,FALSE,324.2
22-09-2020,Beauty,338.1,1060.8,165.31,FALSE,326.4
23-09-2020,Beauty,371.7,1048.1,165.22,FALSE,361.2
23-09-2020,Office Supplies,323.6,826.5,89.7,FALSE,327.2
23-09-2020,Automotive Parts,230.1,753.3,214.49,FALSE,230.4
23-09-2020,Electronics,130.9,551,47.08,FALSE,120.4
23-09-2020,Sporting Goods,489.3,1378.9,124.25,FALSE,500.3
23-09-2020,Furniture,365.2,807.4,73.46,FALSE,356
23-09-2020,Groceries,241.3,693.1,105.86,FALSE,219.8
23-09-2020,Toys,642.8,618.2,232.12,FALSE,302.8
23-09-2020,Pet Supplies,424.5,787.1,192.23,TRUE,388.7
23-09-2020,Apparel,449.6,1217.5,173.18,FALSE,425.1
24-09-2020,Sporting Goods,525.15,1380.3,131.03,FALSE,478.9
24-09-2020,Automotive Parts,268.5,744.5,228.68,FALSE,249.9
24-09-2020,Groceries,302.8,606.5,106.63,FALSE,234.8
24-09-2020,Electronics,163.3,539.6,45.55,FALSE,155.8
24-09-2020,Clothing,471.9,1197.9,168.69,FALSE,427.1
24-09-2020,Office Supplies,358.1,809.4,91.78,FALSE,339
24-09-2020,Beauty,343.5,1065.2,166.57,FALSE,332.9
24-09-2020,Pet Supplies,340.5,784.8,196.59,FALSE,346.2
24-09-2020,Furniture,388.5,790.6,73.27,FALSE,372.3
24-09-2020,Toys,313.8,629.3,239.15,FALSE,325.7
25-09-2020,Pet Supplies,353.4,785.4,197.98,FALSE,332.1
25-09-2020,Toys,330.2,623.4,227.72,FALSE,343.1
25-09-2020,Electronics,161.4,535.2,45.67,FALSE,159.7
25-09-2020,Beauty,397.35,1052,162.52,FALSE,433.7
25-09-2020,Automotive Parts,278.5,730.5,222.81,FALSE,277.4
25-09-2020,Sporting Goods,525.15,1396,128.33,FALSE,459.7
25-09-2020,Groceries,266.9,595.2,109.04,FALSE,628.15
25-09-2020,Apparel,462.1,1203.2,171.31,FALSE,480.3
25-09-2020,Furniture,485,977.65,74.64,TRUE,453.3
25-09-2020,Office Supplies,388.5,802.3,89.82,FALSE,369.7
26-09-2020,Toys,314.4,627.3,237.52,FALSE,303.1
26-09-2020,Pet Supplies,355.9,787.3,200.16,FALSE,358
26-09-2020,Sporting Goods,468.7,1385.7,128.33,FALSE,438.9
26-09-2020,Beauty,370.6,1068.6,166.43,FALSE,372.7
26-09-2020,Automotive Parts,245.9,733.9,217.32,FALSE,227.4
26-09-2020,Office Supplies,368.7,807.7,89.62,FALSE,332.5
26-09-2020,Apparel,452.8,1206.7,167.93,FALSE,436.5
26-09-2020,Furniture,303.9,783.8,73.17,TRUE,439.4
26-09-2020,Groceries,265.5,593.5,109.49,FALSE,276.2
26-09-2020,Electronics,162.3,480.8,47,FALSE,151.7
27-09-2020,Furniture,443,799.4,72.25,TRUE,423.2
27-09-2020,Apparel,387,1230.8,170.85,FALSE,397.2
27-09-2020,Groceries,232.6,597.8,105.66,FALSE,236.4
27-09-2020,Beauty,338.2,1080,170.82,FALSE,322.1
27-09-2020,Office Supplies,297.2,833.2,90.49,FALSE,293.8
27-09-2020,Automotive Parts,244.1,733.7,212.11,FALSE,239.5
27-09-2020,Toys,319.3,630.8,239.19,FALSE,309
27-09-2020,Pet Supplies,305.4,810.1,195.74,FALSE,287.8
27-09-2020,Sporting Goods,642.8,1378.4,130.36,TRUE,628.15
27-09-2020,Electronics,130.3,541.2,45.31,FALSE,131.8
28-09-2020,Office Supplies,439.5,833.6,89.82,TRUE,423.6
28-09-2020,Beauty,400.9,1089.2,169.17,TRUE,416.8
28-09-2020,Furniture,342.8,797.4,73.88,FALSE,325.5
28-09-2020,Toys,307.8,635.9,242.04,FALSE,321
28-09-2020,Apparel,423.1,1226.5,163.65,FALSE,412.5
28-09-2020,Pet Supplies,317.3,807.1,197.57,FALSE,315.1
28-09-2020,Automotive Parts,228,741.7,213.47,FALSE,214.5
28-09-2020,Groceries,175.4,612.2,103.62,FALSE,173.7
28-09-2020,Electronics,248.4,548.4,46.25,FALSE,102.3
28-09-2020,Sporting Goods,452.9,1394.5,127.06,FALSE,454.4
29-09-2020,Office Supplies,307,837,92.13,FALSE,288.1
29-09-2020,Beauty,317.7,1085.9,165.4,FALSE,325.1
29-09-2020,Furniture,335.4,796.6,74.43,FALSE,307.7
29-09-2020,Apparel,582.8,1236.6,169.26,TRUE,539.5
29-09-2020,Groceries,203.9,596.5,106.18,FALSE,188.3
29-09-2020,Electronics,122.5,543.2,46.75,FALSE,113.3
29-09-2020,Sporting Goods,428.4,1407.2,129.88,FALSE,430.1
29-09-2020,Automotive Parts,212,656.2,220.63,FALSE,219.2
29-09-2020,Toys,312.4,632.8,232.87,FALSE,303.2
29-09-2020,Pet Supplies,435.6,807.1,198.18,TRUE,456.4
30-09-2020,Beauty,336.1,1077.7,162.37,FALSE,328
30-09-2020,Electronics,146.4,532.4,46.83,FALSE,134.9
30-09-2020,Office Supplies,320.4,827.8,89.26,FALSE,304.4
30-09-2020,Automotive Parts,329.1,726.7,216.99,FALSE,271.3
30-09-2020,Pet Supplies,352.9,805.6,196.46,FALSE,370.4
30-09-2020,Groceries,239.2,587.8,106.53,FALSE,245
30-09-2020,Furniture,368.6,781.4,75.25,FALSE,355.7
30-09-2020,Toys,297.8,630.1,235.6,FALSE,307.2
30-09-2020,Apparel,455,1300.9,171.47,FALSE,439.3
30-09-2020,Sporting Goods,492.5,1397.7,128.77,FALSE,480.8
01-10-2020,Furniture,246,771,75.23,FALSE,233.1
01-10-2020,Furniture,359.1,784.3,74.76,FALSE,363
01-10-2020,Electronics,212.6,518.5,47.02,FALSE,191.5
01-10-2020,Sporting Goods,483,1385.8,123.57,FALSE,440
01-10-2020,Groceries,284.7,693.1,111.03,FALSE,280.9
01-10-2020,Beauty,365,1067.9,162.21,FALSE,357.3
01-10-2020,Toys,327.1,619.5,233.29,FALSE,324.2
01-10-2020,Pet Supplies,369.5,793.8,197.46,FALSE,353.1
01-10-2020,Electronics,150.8,530,48.29,FALSE,147.8
01-10-2020,Apparel,413.5,1248.1,165.27,FALSE,377.5
01-10-2020,Automotive Parts,390.7,725.9,218.16,TRUE,359.5
02-10-2020,Beauty,265.6,1050.7,156.67,FALSE,274.9
02-10-2020,Clothing,471.7,1234.1,168.62,FALSE,462.3
02-10-2020,Sporting Goods,460.6,1438.7,132.85,FALSE,461.6
02-10-2020,Automotive Parts,269,740,216.35,FALSE,252.2
02-10-2020,Toys,307.9,630.6,239.35,FALSE,291.8
02-10-2020,Sporting Goods,530.8,1375.2,132.66,FALSE,500.4
02-10-2020,Groceries,281.1,335.5,106.96,FALSE,274
02-10-2020,Beauty,393.4,1066,166.74,FALSE,383.1
02-10-2020,Electronics,157.5,526.4,47.95,FALSE,162.4
03-10-2020,Toys,323.7,623.8,235.27,FALSE,291.6
03-10-2020,Electronics,248.4,530.4,45.25,TRUE,168.6
03-10-2020,Pet Supplies,335,791.8,191.92,FALSE,315.6
03-10-2020,Automotive Parts,267.6,740.1,219.32,FALSE,270.6
03-10-2020,Electronics,229.9,480.8,46,FALSE,236.3
03-10-2020,Sporting Goods,493.2,1386.1,127.07,FALSE,471.3
03-10-2020,Beauty,343.9,1077.6,170.24,FALSE,330.6
03-10-2020,Clothing,391.2,1238.5,174.34,FALSE,371.8
03-10-2020,Furniture,448.3,768.2,75.53,TRUE,461
03-10-2020,Groceries,265.3,341.1,107.75,FALSE,269.4
03-10-2020,Office Supplies,354,819.8,88.49,FALSE,326.4
04-10-2020,Apparel,420.7,1243.3,169.68,FALSE,407.8
04-10-2020,Sporting Goods,439,1401.5,128.14,FALSE,453.3
04-10-2020,Beauty,454.2,1092.3,167.89,TRUE,456.7
04-10-2020,Furniture,337.6,782.4,74.43,FALSE,339.4
04-10-2020,Office Supplies,365.5,824.3,89.82,FALSE,345.5
04-10-2020,Automotive Parts,349.2,769,220.71,FALSE,346
04-10-2020,Automotive Parts,244,746.8,216.9,FALSE,241.6
04-10-2020,Beauty,511.7,1107.8,163.25,TRUE,515.2
04-10-2020,Groceries,218.1,353.8,108.73,FALSE,64.55
04-10-2020,Electronics,135.3,525.9,48.03,FALSE,137.5
04-10-2020,Toys,285.4,634.1,231.1,FALSE,266.6
04-10-2020,Pet Supplies,316.8,787.1,189.97,FALSE,318.5
05-10-2020,Apparel,451.9,1245.7,166.87,FALSE,405.7
05-10-2020,Pet Supplies,321.3,789.2,196.71,TRUE,437.2
05-10-2020,Groceries,194.9,359.6,107.5,FALSE,176.8
05-10-2020,Automotive Parts,285.4,843.7,223.06,FALSE,286
05-10-2020,Electronics,105.7,480.8,47.31,FALSE,103.7
05-10-2020,Beauty,323.1,1090.9,168.23,FALSE,333.5
05-10-2020,Pet Supplies,197.6,848,193.72,FALSE,181.9
05-10-2020,Toys,313.75,636.4,239.83,TRUE,466.9
05-10-2020,Automotive Parts,312.5,747.4,216.43,TRUE,305.3
05-10-2020,Electronics,233.4,513.8,47.29,FALSE,237.9
06-10-2020,Office Supplies,642.8,840.1,89.75,FALSE,303.3
06-10-2020,Automotive Parts,248.5,740.1,217.8,FALSE,244.6
06-10-2020,Apparel,409,1249.4,169.66,FALSE,628.15
06-10-2020,Sporting Goods,480.2,1346.8,130.09,FALSE,473.9
06-10-2020,Beauty,329.7,1093.2,167.1,FALSE,322.3
06-10-2020,Furniture,328.3,769.9,74.35,FALSE,324.9
06-10-2020,Groceries,210.3,355.1,106.89,FALSE,191.2
06-10-2020,Office Supplies,265.3,899.5,91.17,FALSE,264.7
06-10-2020,Toys,256.5,652.2,245.84,FALSE,261.9
06-10-2020,Pet Supplies,223.5,1722.47,198.94,FALSE,209.2
06-10-2020,Pet Supplies,321.3,786.4,192.33,FALSE,289.8
07-10-2020,Pet Supplies,340.7,777.5,190.01,FALSE,308.6
07-10-2020,Groceries,238.9,601.2,110.06,FALSE,245.5
07-10-2020,Electronics,118.9,516.9,47.04,FALSE,120.5
07-10-2020,Sporting Goods,523.7,1397.7,127.56,FALSE,523.5
07-10-2020,Automotive Parts,263,744.5,215.54,FALSE,237
07-10-2020,Office Supplies,370.4,818.8,86.48,FALSE,371.9
07-10-2020,Toys,300.6,632.2,246.69,FALSE,301.3
07-10-2020,Apparel,451.8,1230.8,164.5,FALSE,442.2
07-10-2020,Electronics,323.7,532,46.79,TRUE,326.3
07-10-2020,Beauty,448.9,1082.7,165.41,TRUE,387.5
07-10-2020,Sporting Goods,528.7,1362.9,129.28,FALSE,512.1
07-10-2020,Groceries,260.7,586.2,111.44,FALSE,254.2
08-10-2020,Furniture,398.2,757.8,74.11,FALSE,401.7
08-10-2020,Automotive Parts,343.2,725.9,223.98,TRUE,326
08-10-2020,Pet Supplies,376.7,774.9,206.73,FALSE,350.3
08-10-2020,Office Supplies,349.1,824.6,84.2,FALSE,346.4
08-10-2020,Apparel,465.2,1226.2,165.38,FALSE,479.6
08-10-2020,Electronics,155.9,504.4,45.13,FALSE,142.4
08-10-2020,Groceries,297.7,571.2,105.18,FALSE,309.2
08-10-2020,Electronics,121.3,557,46.78,FALSE,242.1
08-10-2020,Sporting Goods,525.15,1368.5,130.14,FALSE,521.4
08-10-2020,Beauty,367.4,1069.5,161.43,FALSE,335.9
08-10-2020,Toys,313.7,624.3,233.41,FALSE,316.3
09-10-2020,Furniture,402,758.7,73.21,FALSE,380.1
09-10-2020,Beauty,397.35,1068.9,165.7,FALSE,320.4
09-10-2020,Sporting Goods,490.6,1377.7,125.94,FALSE,493.3
09-10-2020,Office Supplies,404.3,803.5,89.96,FALSE,405.8
09-10-2020,Groceries,288.7,575.8,106.75,FALSE,260.9
09-10-2020,Toys,311.7,625.5,231.7,FALSE,295.8
09-10-2020,Apparel,491,1300.9,171.06,FALSE,475.1
09-10-2020,Automotive Parts,287.9,724.3,216.7,FALSE,264.2
09-10-2020,Electronics,171.6,496.6,46.45,FALSE,180
10-10-2020,Automotive Parts,333.1,727.6,217.8,TRUE,336
10-10-2020,Toys,313.75,622.6,241.72,FALSE,300.8
10-10-2020,Beauty,382.4,1064.7,165.98,FALSE,354.7
10-10-2020,Apparel,422.4,1236.4,172.42,FALSE,399.3
10-10-2020,Groceries,265.9,591.5,107.67,FALSE,276
10-10-2020,Electronics,148.9,493.1,46.63,FALSE,146.3
10-10-2020,Sporting Goods,492.8,1380.5,130.21,FALSE,512.9
10-10-2020,Office Supplies,362.1,821.3,89.82,FALSE,361.9
10-10-2020,Pet Supplies,347,791,193.9,FALSE,334
10-10-2020,Furniture,378.6,776.6,73.82,FALSE,361
11-10-2020,Toys,287.6,631.4,236.76,FALSE,298.1
11-10-2020,Groceries,225.3,609.8,105.73,FALSE,223
11-10-2020,Office Supplies,347.2,826.1,89.82,FALSE,330.4
11-10-2020,Furniture,483.8,782.5,75.45,TRUE,491.2
11-10-2020,Automotive Parts,281.2,721.9,211.99,FALSE,272.7
11-10-2020,Sporting Goods,425.2,1397.7,131.85,FALSE,384.6
11-10-2020,Pet Supplies,327,802.3,196.89,FALSE,316.1
11-10-2020,Electronics,132.6,501.9,46.88,FALSE,137.7
11-10-2020,Apparel,466.3,1221.2,167.46,FALSE,468
11-10-2020,Beauty,297.5,1095.8,164.29,FALSE,287.2
12-10-2020,Furniture,348.1,796.1,72.74,FALSE,354
12-10-2020,Pet Supplies,311.8,809.8,202.37,FALSE,323.3
12-10-2020,Apparel,446.7,1221.9,165.7,FALSE,457.9
12-10-2020,Automotive Parts,330.2,605.8,217.19,FALSE,328
12-10-2020,Office Supplies,414.9,833.5,88.7,FALSE,400
12-10-2020,Groceries,229.9,608.1,107.13,FALSE,213.8
12-10-2020,Sporting Goods,454.4,1395.7,123.45,FALSE,628.15
12-10-2020,Beauty,287.9,1101,164.75,FALSE,294.4
12-10-2020,Office Supplies,310.7,819.8,88.84,FALSE,321.3
13-10-2020,Electronics,105.1,516.8,45.21,FALSE,95.3
13-10-2020,Pet Supplies,321.3,804.2,197.63,FALSE,335
13-10-2020,Furniture,345.2,793.7,74.13,FALSE,332.1
13-10-2020,Automotive Parts,257.6,728.9,216,FALSE,242.9
13-10-2020,Toys,313.75,628.7,234.53,FALSE,263.7
13-10-2020,Clothing,429.2,1228.2,161.41,FALSE,420.3
13-10-2020,Groceries,207.4,613.8,108.22,FALSE,200.7
13-10-2020,Office Supplies,369.4,824.1,91.06,TRUE,400.7
13-10-2020,Sporting Goods,437.1,1399.6,122.02,FALSE,442.5
13-10-2020,Beauty,309.1,1092.1,159.81,FALSE,300.6
14-10-2020,Toys,293.2,631.9,222.61,FALSE,282.8
14-10-2020,Office Supplies,365.3,814.8,88.4,FALSE,366
14-10-2020,Electronics,149.4,505.2,45.86,FALSE,155.7
14-10-2020,Sporting Goods,452.2,1399.4,128.61,FALSE,424.9
14-10-2020,Automotive Parts,273,724,217.8,FALSE,273
14-10-2020,Beauty,335.5,1077.5,170.48,FALSE,350.8
14-10-2020,Furniture,360.3,790.9,74.45,FALSE,326.9
14-10-2020,Groceries,248.5,603.7,107.68,FALSE,231.6
14-10-2020,Apparel,438.4,1231.4,169.96,FALSE,448.2
14-10-2020,Pet Supplies,347.3,793.3,196.02,FALSE,318.9
15-10-2020,Office Supplies,393.3,812.4,87.09,FALSE,412.4
15-10-2020,Toys,318.6,618.6,237.11,FALSE,326.6
15-10-2020,Groceries,283.5,597.6,104.81,FALSE,276.1
15-10-2020,Apparel,451.6,1228.3,166.82,FALSE,440.4
15-10-2020,Sporting Goods,483.9,1390.2,130.34,FALSE,490.5
15-10-2020,Furniture,389.8,777.5,78.02,FALSE,378.8
15-10-2020,Beauty,408.2,1059.1,166.05,FALSE,422.3
15-10-2020,Electronics,165.9,493.9,45,FALSE,155.6
15-10-2020,Pet Supplies,365.9,793.6,194.88,FALSE,360.3
15-10-2020,Automotive Parts,301.9,712.3,212.39,FALSE,300.8
16-10-2020,Apparel,447.6,1233.3,166.8,FALSE,404.6
16-10-2020,Pet Supplies,501.4,799.7,199.8,TRUE,510.3
16-10-2020,Groceries,264.2,610.6,107.5,FALSE,264.8
16-10-2020,Automotive Parts,301,708.7,218.95,FALSE,291.7
16-10-2020,Beauty,397.35,1078.9,163.45,FALSE,361.3
16-10-2020,Office Supplies,371.5,817.7,90.67,FALSE,368.9
16-10-2020,Furniture,390,775.6,72.27,FALSE,289.7
16-10-2020,Toys,313.7,619.2,234.78,FALSE,315.7
16-10-2020,Electronics,165.8,494.5,47.7,FALSE,156.3
16-10-2020,Sporting Goods,642.8,1722.47,124.93,TRUE,628.15
17-10-2020,Pet Supplies,346.5,816.4,196.46,FALSE,310.6
17-10-2020,Electronics,166.1,489.8,46.22,FALSE,172.3
17-10-2020,Furniture,345.1,785.9,77.3,FALSE,337.6
17-10-2020,Beauty,366.5,1074.7,169.94,FALSE,377.4
17-10-2020,Groceries,282.8,608.1,105.98,FALSE,257.4
17-10-2020,Automotive Parts,264.9,716.7,217.9,FALSE,270.3
17-10-2020,Apparel,512.5,1215.4,169.66,FALSE,525.3
17-10-2020,Sporting Goods,425.7,1403.1,357.79,FALSE,443.7
17-10-2020,Toys,296.2,627.2,242.46,FALSE,291.8
17-10-2020,Office Supplies,376.5,810.7,91.21,FALSE,359.3
18-10-2020,Automotive Parts,329.1,712.4,218.27,FALSE,272.1
18-10-2020,Groceries,387.5,621.8,108.24,TRUE,400.3
18-10-2020,Furniture,349.1,780.1,72.58,FALSE,364.8
18-10-2020,Beauty,317.3,1085.3,166.68,FALSE,331.5
18-10-2020,Office Supplies,355.5,816.2,90.02,FALSE,349.9
18-10-2020,Sporting Goods,473,1395,128.43,FALSE,486.9
18-10-2020,Electronics,120.4,514.5,45.52,FALSE,125.7
18-10-2020,Toys,285.3,627.4,233.21,FALSE,261.8
18-10-2020,Pet Supplies,319.6,829.3,192.48,FALSE,335.4
18-10-2020,Clothing,491.8,1223.6,170.85,FALSE,448.8
19-10-2020,Pet Supplies,303.4,837.2,200.1,FALSE,288.2
19-10-2020,Electronics,112.5,514.2,47.14,FALSE,114.3
19-10-2020,Groceries,204.3,631.2,107.79,FALSE,206.8
19-10-2020,Furniture,353.7,785.5,76.25,FALSE,357.5
19-10-2020,Beauty,296.7,1101.5,167.95,FALSE,271.8
19-10-2020,Office Supplies,309.4,829.1,91.81,FALSE,283.7
19-10-2020,Automotive Parts,245.1,722.3,220.35,FALSE,245.7
19-10-2020,Sporting Goods,496.6,1422.9,125.66,TRUE,480
19-10-2020,Apparel,372.4,1265.7,173.66,FALSE,381.5
19-10-2020,Toys,281,630.5,240.18,FALSE,280.6
20-10-2020,Toys,288.1,621.9,237.36,FALSE,269.4
20-10-2020,Apparel,358.7,1300.9,170.3,FALSE,369.8
20-10-2020,Automotive Parts,323.2,722.8,216.91,TRUE,628.15
20-10-2020,Beauty,323.7,1087.4,161.57,FALSE,311.9
20-10-2020,Office Supplies,347.8,812.6,90.42,FALSE,348.5
20-10-2020,Pet Supplies,301.4,832.9,195.66,FALSE,293.2
20-10-2020,Furniture,349.5,780.5,73.91,FALSE,345.7
20-10-2020,Sporting Goods,460,1397.3,128.33,FALSE,455.9
20-10-2020,Electronics,133.4,511.3,46.27,FALSE,136.9
20-10-2020,Groceries,215.8,620.9,108.43,FALSE,205.1
21-10-2020,Sporting Goods,440.7,1412.6,125.17,FALSE,414.9
21-10-2020,Electronics,162.8,494.7,46.52,FALSE,162.6
21-10-2020,Beauty,369.8,1070.4,168.71,FALSE,363.7
21-10-2020,Groceries,267.9,400.1,107.5,FALSE,295.35
21-10-2020,Toys,455.2,617.2,237.58,TRUE,458.9
21-10-2020,Furniture,381.8,767.5,73.97,FALSE,363.5
21-10-2020,Automotive Parts,285.3,711.2,217.67,FALSE,292.7
21-10-2020,Office Supplies,374.9,811,89.41,FALSE,379.4
21-10-2020,Apparel,482.3,1229.4,167.35,FALSE,487.1
21-10-2020,Pet Supplies,440.4,824.9,197.49,TRUE,400.5
22-10-2020,Office Supplies,391.4,811.4,86.18,FALSE,391.4
22-10-2020,Toys,334.1,615.8,233.32,FALSE,327
22-10-2020,Automotive Parts,322.1,706.5,212.33,FALSE,325.8
22-10-2020,Sporting Goods,489.5,1398.9,127.48,FALSE,507.3
22-10-2020,Pet Supplies,368.2,804.4,198.18,FALSE,355.6
22-10-2020,Groceries,270.1,396.6,107.36,FALSE,275.9
22-10-2020,Beauty,366.9,1061,155.3,FALSE,385.1
22-10-2020,Electronics,164.3,488.4,46.56,FALSE,160.9
22-10-2020,Furniture,390.9,765.5,74.6,FALSE,410
22-10-2020,Apparel,642.8,1237.2,170.24,FALSE,429.9
23-10-2020,Electronics,187.6,478.7,47.23,FALSE,174.9
23-10-2020,Toys,312.3,631,234.6,FALSE,302.8
23-10-2020,Apparel,466,1300.9,168.89,FALSE,484.6
23-10-2020,Groceries,286.3,398.6,104.75,FALSE,64.55
23-10-2020,Pet Supplies,379.6,801.3,195.74,FALSE,376.4
23-10-2020,Sporting Goods,525.3,1397.7,124.69,FALSE,539.4
23-10-2020,Automotive Parts,297.6,706.5,214.75,FALSE,302.6
23-10-2020,Beauty,388.2,1068.2,167.94,FALSE,356.1
23-10-2020,Office Supplies,406.7,805.8,89.69,FALSE,416
23-10-2020,Furniture,383.1,778.5,77.28,FALSE,396.4
24-10-2020,Beauty,377.7,1069.2,169.73,FALSE,380.9
24-10-2020,Pet Supplies,383.8,801.1,196.64,FALSE,390.1
24-10-2020,Office Supplies,404.6,807.2,89.32,FALSE,364.6
24-10-2020,Sporting Goods,498.9,1400.7,125.87,FALSE,519.7
24-10-2020,Automotive Parts,278.9,710.1,219.09,FALSE,276.6
24-10-2020,Groceries,290.6,399.6,106.42,FALSE,275.1
24-10-2020,Toys,331.9,630,234.04,FALSE,313.1
24-10-2020,Clothing,443.2,1235.3,175.8,FALSE,407.6
24-10-2020,Electronics,149.9,493.5,46.49,FALSE,140.9
24-10-2020,Furniture,345.6,782.8,72.78,FALSE,356.4
25-10-2020,Automotive Parts,275.9,717.9,218.97,FALSE,287.2
25-10-2020,Toys,302.2,632.7,240.86,FALSE,306.3
25-10-2020,Office Supplies,359,818.4,92.08,FALSE,370
25-10-2020,Beauty,333,1080.8,164.86,FALSE,348.3
25-10-2020,Apparel,443.6,1238.1,170.04,FALSE,441.7
25-10-2020,Furniture,356.4,778.5,75.44,FALSE,321.5
25-10-2020,Sporting Goods,412,1422.5,128.33,FALSE,414.2
25-10-2020,Electronics,137.9,499.9,47.36,FALSE,142.7
25-10-2020,Groceries,269,401.4,106.62,FALSE,245.8
25-10-2020,Pet Supplies,306.3,828.6,196.71,FALSE,303.3
26-10-2020,Automotive Parts,287,707.2,221.93,FALSE,291.4
26-10-2020,Electronics,119.2,506.9,46.52,FALSE,120.4
26-10-2020,Furniture,361.4,776.5,74.39,FALSE,368.5
26-10-2020,Office Supplies,326.3,838.9,89.33,FALSE,314
26-10-2020,Beauty,296.6,1096,166.1,FALSE,279.9
26-10-2020,Sporting Goods,403.4,1427.7,128.16,FALSE,397.4
26-10-2020,Apparel,449.9,1300.9,167.74,FALSE,466.1
26-10-2020,Pet Supplies,302.4,831.7,198.94,FALSE,287.6
26-10-2020,Groceries,225.6,614.3,106.48,FALSE,204.2
26-10-2020,Toys,268.1,640.6,236.79,FALSE,273
27-10-2020,Furniture,331.3,787.6,357.79,FALSE,336.2
27-10-2020,Sporting Goods,454.5,1412.5,127.69,FALSE,427
27-10-2020,Groceries,207.6,617.7,109.82,FALSE,208
27-10-2020,Beauty,313.7,1016.3,154.32,FALSE,329.3
27-10-2020,Toys,268.7,642.9,239.54,FALSE,259.5
27-10-2020,Pet Supplies,320.1,821.3,202.62,FALSE,303.6
27-10-2020,Office Supplies,321.4,849.9,90.48,FALSE,317.6
27-10-2020,Automotive Parts,264.3,704,211.59,FALSE,270.7
27-10-2020,Apparel,426.3,1232.2,171.42,FALSE,401.6
27-10-2020,Electronics,248.4,500.5,46.76,FALSE,105.4
28-10-2020,Apparel,448.3,1228.5,173.31,FALSE,447
28-10-2020,Electronics,150.4,493.9,46.1,FALSE,138.7
28-10-2020,Toys,314.3,624.8,237.11,FALSE,301.3
28-10-2020,Furniture,588.8,773.1,75.35,TRUE,605.5
28-10-2020,Beauty,343.3,821.8,158.51,FALSE,327.4
28-10-2020,Office Supplies,354.5,832.7,88.9,FALSE,334.1
28-10-2020,Groceries,269.7,592.2,105.39,FALSE,262.3
28-10-2020,Pet Supplies,316.8,823.2,196.08,FALSE,306.8
28-10-2020,Automotive Parts,292.2,679.4,221.53,FALSE,299.4
28-10-2020,Sporting Goods,642.8,1393.1,125.76,TRUE,628.15
29-10-2020,Toys,306.2,632.3,233.45,FALSE,305.5
29-10-2020,Furniture,351.4,775.2,72.63,FALSE,363.5
29-10-2020,Clothing,447.5,1227,171.2,FALSE,459.9
29-10-2020,Office Supplies,469.1,823.1,90.18,TRUE,471
29-10-2020,Sporting Goods,598.7,1407.3,124.26,TRUE,552.8
29-10-2020,Automotive Parts,289.4,679.9,217.28,FALSE,299.9
29-10-2020,Electronics,178.5,480.9,44.97,FALSE,164.7
29-10-2020,Beauty,378.7,817.8,161.47,FALSE,78.9
29-10-2020,Pet Supplies,382.2,805.1,197.81,FALSE,393.8
29-10-2020,Groceries,277.4,590.9,111.3,FALSE,260.8
30-10-2020,Beauty,365.4,823.9,163.86,FALSE,337.2
30-10-2020,Apparel,494.3,1300.9,175.31,FALSE,497.9
30-10-2020,Furniture,373.3,769.3,71.37,FALSE,339.6
30-10-2020,Electronics,602.7,480.8,48.65,FALSE,162.7
30-10-2020,Toys,332.8,628.1,235.4,FALSE,302.8
30-10-2020,Sporting Goods,525.15,1396.1,128.35,TRUE,628.15
30-10-2020,Office Supplies,369.4,801.9,91.19,FALSE,438.4
30-10-2020,Automotive Parts,311.6,664.8,219.11,FALSE,317.9
30-10-2020,Pet Supplies,384.6,807.5,198.29,FALSE,399.6
30-10-2020,Groceries,448.8,583.1,105.47,TRUE,434.3
31-10-2020,Toys,459.1,628.8,247.88,TRUE,416.6
31-10-2020,Groceries,284.1,585.7,107.47,FALSE,275.1
31-10-2020,Office Supplies,401.4,801.9,88.15,FALSE,418.8
31-10-2020,Apparel,471.1,1228.4,168.4,FALSE,488.8
31-10-2020,Beauty,333.8,832.2,166.21,FALSE,310.5
31-10-2020,Furniture,341.4,778.2,73.82,FALSE,340.9
31-10-2020,Pet Supplies,327.7,826.3,193.86,FALSE,317
31-10-2020,Automotive Parts,288.7,673,215.43,FALSE,282.8
31-10-2020,Electronics,232.2,503.7,48.41,TRUE,212.7
31-10-2020,Sporting Goods,495.8,1398,130.53,FALSE,447.1
01-11-2020,Pet Supplies,327,789.3,195.31,FALSE,314.3
01-11-2020,Electronics,207.1,521.9,46.94,FALSE,194
01-11-2020,Apparel,479,1226.5,169.35,FALSE,438.8
01-11-2020,Pet Supplies,325.7,831.9,189.46,FALSE,299.3
01-11-2020,Office Supplies,395.7,809.1,91.85,FALSE,384.8
01-11-2020,Toys,313.75,641.3,243.04,FALSE,249.8
01-11-2020,Groceries,229.5,605.8,104.74,FALSE,234.4
01-11-2020,Beauty,347.1,1016.3,161.1,FALSE,354.4
01-11-2020,Electronics,154.1,509.8,46.63,FALSE,146.3
01-11-2020,Automotive Parts,270.6,673.7,218.91,FALSE,283.8
02-11-2020,Clothing,602.3,1247.2,170.13,TRUE,565.8
02-11-2020,Toys,279.7,629.3,231.92,FALSE,261.5
02-11-2020,Office Supplies,428.8,915,92.6,TRUE,447
02-11-2020,Groceries,243.9,688.6,106.69,FALSE,222.2
02-11-2020,Beauty,303.8,1101.8,165.81,FALSE,297.9
02-11-2020,Sporting Goods,468.6,1413.7,126.14,FALSE,463.4
02-11-2020,Office Supplies,284.1,841.9,91.43,FALSE,283.6
02-11-2020,Apparel,642.8,1235.6,171.59,FALSE,369.4
02-11-2020,Pet Supplies,290.5,842.1,197.37,FALSE,277.9
02-11-2020,Furniture,217.7,779.8,357.79,FALSE,211.6
03-11-2020,Groceries,238.3,601.5,107.01,FALSE,221.2
03-11-2020,Sporting Goods,437.4,1418.1,129.9,FALSE,415.1
03-11-2020,Pet Supplies,316.2,825.3,196.37,FALSE,307.9
03-11-2020,Toys,296.2,623.1,237.11,FALSE,270.1
03-11-2020,Furniture,303.9,792,72.5,FALSE,320.6
03-11-2020,Office Supplies,369.4,827.4,90.6,FALSE,370.3
03-11-2020,Beauty,322.2,1097.1,163.35,FALSE,308.2
03-11-2020,Automotive Parts,279.4,667.7,218.51,FALSE,259.2
03-11-2020,Apparel,434.5,1300.9,161.64,FALSE,394.7
03-11-2020,Electronics,115.9,519.8,47.05,FALSE,120.9
03-11-2020,Office Supplies,432.2,896.5,90.9,TRUE,444.2
03-11-2020,Sporting Goods,470.5,1434.1,128.58,FALSE,461
04-11-2020,Sporting Goods,491.9,1400.7,124.74,FALSE,466.6
04-11-2020,Pet Supplies,342.3,807.1,196.75,FALSE,317.7
04-11-2020,Toys,269.7,726.5,237.11,FALSE,275.5
04-11-2020,Furniture,365.1,782.9,73.92,FALSE,334.4
04-11-2020,Electronics,146,523.7,45.69,FALSE,152.2
04-11-2020,Beauty,360,1092,162.06,FALSE,346.3
05-11-2020,Toys,286,608.3,235.2,FALSE,276.7
05-11-2020,Beauty,346.5,1106.5,160.82,FALSE,312.2
05-11-2020,Apparel,519.3,961.6,163.62,FALSE,69.4
05-11-2020,Automotive Parts,318.6,662.2,218.62,FALSE,326.5
05-11-2020,Pet Supplies,392.3,790.5,200.38,FALSE,393.4
05-11-2020,Furniture,303.9,782.9,73.34,FALSE,370.6
05-11-2020,Groceries,272,583.5,109.07,FALSE,257.3
06-11-2020,Apparel,484.4,973.6,171.18,FALSE,452
06-11-2020,Pet Supplies,394.7,789.2,196.71,FALSE,364
06-11-2020,Toys,330.4,603.6,236.75,FALSE,310.2
06-11-2020,Office Supplies,401.4,800.2,91.36,FALSE,399
06-11-2020,Furniture,369,774.5,76.13,FALSE,348.4
06-11-2020,Beauty,368.2,1091.7,164.86,FALSE,369.7
06-11-2020,Automotive Parts,273.9,674,219.92,FALSE,271.9
06-11-2020,Groceries,304.7,578.4,108.05,FALSE,295.35
06-11-2020,Sporting Goods,534,1395.6,129.02,FALSE,526.1
06-11-2020,Electronics,194.2,515.3,46.58,FALSE,186.4
06-11-2020,Pet Supplies,345,777.8,196.85,TRUE,356.6
07-11-2020,Furniture,366.9,783.3,74.03,FALSE,331.2
07-11-2020,Pet Supplies,332.1,807.1,208.49,FALSE,323.1
07-11-2020,Groceries,279.4,581.7,107.5,FALSE,293.3
07-11-2020,Beauty,416.2,1089.1,162.28,FALSE,421.5
07-11-2020,Electronics,177.7,541,47.34,FALSE,174.2
07-11-2020,Electronics,170,518.3,46.27,FALSE,160.3
07-11-2020,Toys,315.5,607.6,235.41,FALSE,306.5
07-11-2020,Sporting Goods,483.5,1397.7,127.77,FALSE,435.3
07-11-2020,Apparel,457.3,984.9,169.15,FALSE,425.9
07-11-2020,Office Supplies,362.4,810.1,89.39,FALSE,371.1
07-11-2020,Automotive Parts,286.3,664.2,221.77,FALSE,284.2
08-11-2020,Electronics,187.6,528.2,46.88,TRUE,172.2
08-11-2020,Furniture,312.8,833.7,73.34,FALSE,320.1
08-11-2020,Groceries,250.8,586.2,104.71,FALSE,261.2
08-11-2020,Beauty,299,1114.5,164.86,FALSE,387.5
08-11-2020,Apparel,410.1,1262.4,164.95,FALSE,411.3
08-11-2020,Toys,299,613.6,232.17,FALSE,313
08-11-2020,Furniture,336.7,795.1,75.64,FALSE,333.3
09-11-2020,Furniture,349,801.3,72.32,FALSE,360.1
09-11-2020,Groceries,227.8,589.8,108.89,FALSE,213
09-11-2020,Sporting Goods,457,1412.5,128.33,FALSE,416.3
09-11-2020,Toys,313.75,618,236.12,FALSE,257.9
09-11-2020,Furniture,319.6,800.8,74.15,FALSE,304.6
09-11-2020,Automotive Parts,293.2,662,211.2,FALSE,306.7
09-11-2020,Office Supplies,311,832.8,88.44,FALSE,293
09-11-2020,Toys,327.6,627.5,232.15,FALSE,294.9
09-11-2020,Electronics,125.4,525.4,45.45,FALSE,128.1
09-11-2020,Apparel,389.6,1268.9,167.28,FALSE,398.7
09-11-2020,Beauty,308.4,1115.9,161.04,FALSE,387.5
10-11-2020,Toys,318.9,622.8,226.15,TRUE,319.6
10-11-2020,Automotive Parts,261.5,667.6,219.8,FALSE,258.7
10-11-2020,Pet Supplies,290,805.4,194.26,FALSE,272.8
10-11-2020,Apparel,443.8,1253.9,165.03,FALSE,450.5
10-11-2020,Office Supplies,364.8,817,90.48,FALSE,363.6
10-11-2020,Beauty,300.1,1116,164.86,FALSE,276.7
10-11-2020,Sporting Goods,451.5,1412.9,357.79,FALSE,465.6
10-11-2020,Electronics,168.2,511.4,46.87,FALSE,157.3
10-11-2020,Groceries,207.7,604.4,110.87,FALSE,200
10-11-2020,Furniture,348.3,977.65,76.09,FALSE,329
11-11-2020,Automotive Parts,295.2,656.4,228.71,FALSE,306.8
11-11-2020,Apparel,451.9,1239.3,164.46,FALSE,502.9
11-11-2020,Toys,286.4,609.4,237.34,FALSE,287.5
11-11-2020,Sporting Goods,479.7,1407.6,127.76,FALSE,487.9
11-11-2020,Groceries,278.7,594.7,110.15,FALSE,275.9
11-11-2020,Furniture,327.8,812.5,74.43,FALSE,332.7
11-11-2020,Electronics,152.6,516.1,46.91,FALSE,158.9
11-11-2020,Pet Supplies,642.8,787.9,196.51,FALSE,298.5
11-11-2020,Beauty,397.35,1110.5,162.68,FALSE,313.6
11-11-2020,Office Supplies,391.6,808.8,87.74,FALSE,353.2
12-11-2020,Groceries,481.4,569.5,108.53,TRUE,445.5
12-11-2020,Office Supplies,598.4,798.6,88.83,TRUE,546.6
12-11-2020,Pet Supplies,587,756.8,201.84,TRUE,551.3
12-11-2020,Furniture,319.3,823.8,73.92,FALSE,295.6
12-11-2020,Toys,293.8,608,237.9,FALSE,296.6
12-11-2020,Groceries,303.6,589,110.77,FALSE,304.2
12-11-2020,Furniture,346.7,813.4,73.25,FALSE,357.2
12-11-2020,Apparel,453.6,1254.4,163.95,FALSE,438.8
12-11-2020,Pet Supplies,463.3,777.9,192.37,TRUE,426.7
12-11-2020,Electronics,172.3,511.5,46.1,FALSE,167
12-11-2020,Beauty,381.9,1087.6,164.04,FALSE,380.7
13-11-2020,Automotive Parts,329.6,646,357.79,FALSE,342.3
13-11-2020,Pet Supplies,533.3,767.8,195.68,TRUE,544.2
13-11-2020,Electronics,189.6,513.3,47.65,FALSE,180.9
13-11-2020,Office Supplies,421.1,789.8,89.27,FALSE,417.1
13-11-2020,Furniture,387.7,805.1,74.78,FALSE,390.6
13-11-2020,Apparel,493.9,1240.9,170.16,FALSE,502.2
13-11-2020,Groceries,311.9,583.8,107.58,FALSE,282.3
13-11-2020,Beauty,521.2,1095.2,169.31,TRUE,479.4
13-11-2020,Toys,455.8,600.7,244.12,TRUE,421.5
13-11-2020,Sporting Goods,642.8,1392.1,126.08,TRUE,628.15
14-11-2020,Toys,313,595.7,239.46,FALSE,310
14-11-2020,Furniture,385.6,805.1,72.65,FALSE,389.4
14-11-2020,Electronics,180,518.6,47.2,FALSE,175.9
14-11-2020,Automotive Parts,263.3,668.9,218.2,FALSE,238.1
14-11-2020,Beauty,395.8,1088.8,166.91,FALSE,372
14-11-2020,Pet Supplies,320.4,786.7,196.92,FALSE,298
14-11-2020,Sporting Goods,496.4,1393.3,126.78,FALSE,490.8
14-11-2020,Clothing,642.8,1244.6,166.21,TRUE,628.15
14-11-2020,Groceries,314.1,693.1,108.64,FALSE,312.4
14-11-2020,Office Supplies,522.6,788.7,89.79,TRUE,482.3
15-11-2020,Groceries,382.6,592.1,107.5,TRUE,359.4
15-11-2020,Furniture,361.2,814.7,72.76,FALSE,338.1
15-11-2020,Clothing,462.9,1258.5,173.61,FALSE,474.1
15-11-2020,Pet Supplies,337.2,773.8,193.56,FALSE,352.3
15-11-2020,Sporting Goods,478.3,1399.9,130.68,FALSE,452.3
15-11-2020,Electronics,216.8,527.6,47.86,TRUE,220.3
15-11-2020,Toys,363.5,606.7,238.58,TRUE,335.4
15-11-2020,Beauty,333.3,1100.3,165.28,FALSE,344.2
15-11-2020,Automotive Parts,282.4,658.4,214.04,FALSE,262.5
15-11-2020,Office Supplies,358.7,819.5,89.26,FALSE,344
16-11-2020,Electronics,129.1,535.3,47.8,FALSE,127.5
16-11-2020,Toys,265,615.3,241.4,FALSE,242.1
16-11-2020,Office Supplies,355.6,821.6,84.89,FALSE,362.7
16-11-2020,Furniture,321.5,821.6,74.43,FALSE,321.5
16-11-2020,Groceries,249.5,594.7,105.98,FALSE,245.6
16-11-2020,Automotive Parts,329.1,662.3,206.12,FALSE,295.6
16-11-2020,Pet Supplies,305.9,773.8,199.43,FALSE,287.2
16-11-2020,Beauty,404.2,1103.1,168.03,TRUE,379.6
16-11-2020,Sporting Goods,428.6,1424,127.41,FALSE,397.1
16-11-2020,Apparel,642.8,1273,171.13,FALSE,408.7
17-11-2020,Toys,289.7,635.9,227.35,FALSE,287.3
17-11-2020,Sporting Goods,458.1,1423.2,132.43,FALSE,471.4
17-11-2020,Furniture,303.9,817,76.44,FALSE,289.7
17-11-2020,Clothing,451.1,1262.4,172.03,FALSE,430.2
17-11-2020,Electronics,182.5,544.3,47.72,TRUE,170.3
17-11-2020,Beauty,302.6,1115.4,163.39,FALSE,305.9
17-11-2020,Groceries,247.5,584.7,100.47,FALSE,257.2
17-11-2020,Pet Supplies,296.2,774.7,203.18,FALSE,285.9
17-11-2020,Office Supplies,344.6,832.9,89.92,FALSE,358.8
17-11-2020,Automotive Parts,275.1,666.6,220.71,FALSE,249.4
18-11-2020,Sporting Goods,467.6,1410.7,124,FALSE,483.2
18-11-2020,Pet Supplies,521.7,759.7,201.23,TRUE,471.2
18-11-2020,Beauty,310.2,1115.7,164.6,FALSE,282.6
18-11-2020,Groceries,282.6,582.7,109.87,FALSE,291.9
18-11-2020,Furniture,319.6,823.1,76.24,FALSE,314.4
18-11-2020,Office Supplies,386.9,819.8,89.89,FALSE,374
18-11-2020,Apparel,476.9,1256.2,172.29,FALSE,476
18-11-2020,Electronics,172.4,529.4,45.59,FALSE,178.7
18-11-2020,Toys,409.7,606.2,235.24,TRUE,378.1
18-11-2020,Automotive Parts,336.9,642.7,222.82,FALSE,351.9
19-11-2020,Furniture,390.7,811.8,74.83,FALSE,289.7
19-11-2020,Electronics,186.9,531,47.07,FALSE,184
19-11-2020,Sporting Goods,444.8,1413.6,127.63,FALSE,448.5
19-11-2020,Beauty,341.8,1100.9,165.48,FALSE,332.3
19-11-2020,Groceries,312.6,567.5,107.5,FALSE,295
19-11-2020,Automotive Parts,339.1,641.2,216.49,FALSE,313.1
19-11-2020,Office Supplies,642.8,803.4,90.66,FALSE,403.7
19-11-2020,Toys,253.9,607.7,240.81,FALSE,255.1
19-11-2020,Clothing,642.8,1250.3,171.75,FALSE,480.2
19-11-2020,Pet Supplies,363.7,761.6,192.91,FALSE,367.5
20-11-2020,Electronics,176.1,480.8,47.04,FALSE,162.6
20-11-2020,Automotive Parts,369.2,630.5,217.8,FALSE,378.4
20-11-2020,Toys,295,592.2,246.79,FALSE,276
20-11-2020,Apparel,496.3,1249.7,167.05,FALSE,462.5
20-11-2020,Sporting Goods,503.2,1387,128.01,FALSE,485.4
20-11-2020,Pet Supplies,642.8,757,203.3,FALSE,364.5
20-11-2020,Beauty,374.4,1081.3,165.24,FALSE,338.2
20-11-2020,Groceries,304.8,569.5,105.14,FALSE,281.2
20-11-2020,Furniture,365.2,820.7,73.53,FALSE,341.9
20-11-2020,Office Supplies,419.3,805.9,88.98,FALSE,427.2
21-11-2020,Furniture,493.8,830.2,73.05,TRUE,449.2
21-11-2020,Beauty,379.5,1072.5,169.8,FALSE,392.5
21-11-2020,Pet Supplies,341.2,763.5,195.7,FALSE,343.7
21-11-2020,Electronics,193,515,48.02,FALSE,195.3
21-11-2020,Sporting Goods,463.2,1388.9,127.19,FALSE,425
21-11-2020,Apparel,447.5,1262,174.79,FALSE,448.4
21-11-2020,Automotive Parts,322.5,635.1,211,FALSE,293.2
21-11-2020,Office Supplies,393.6,816.1,92.25,FALSE,361.35
21-11-2020,Groceries,302.8,565.1,104.85,FALSE,310.2
21-11-2020,Toys,311.7,598.3,234.79,FALSE,289.5
22-11-2020,Electronics,167.4,524.8,46.78,FALSE,151.3
22-11-2020,Office Supplies,363.3,834.7,92.84,FALSE,342.9
22-11-2020,Furniture,333.1,828.9,75.45,FALSE,340.8
22-11-2020,Pet Supplies,311.2,770.3,196.71,FALSE,310.6
22-11-2020,Toys,287.4,606.3,236.79,FALSE,263.7
22-11-2020,Sporting Goods,436.5,1392,128.3,FALSE,395.5
22-11-2020,Groceries,264.9,585.4,103.91,FALSE,246.7
22-11-2020,Apparel,608.6,1259.6,169.39,TRUE,438.8
22-11-2020,Beauty,301.6,1097.1,166.08,FALSE,285.5
22-11-2020,Automotive Parts,322.6,631.5,217.87,FALSE,319
23-11-2020,Sporting Goods,384.9,1402.9,126.48,FALSE,398.3
23-11-2020,Toys,270.2,608.5,244.27,FALSE,265.2
23-11-2020,Furniture,316.4,832.5,73.77,FALSE,305
23-11-2020,Apparel,436.8,1265.4,170.27,FALSE,449
23-11-2020,Groceries,246.6,586.6,110.23,FALSE,231.4
23-11-2020,Beauty,268.4,1111.2,163.03,FALSE,248.5
23-11-2020,Electronics,143.6,531.1,45.58,FALSE,136.8
23-11-2020,Automotive Parts,359.2,651.1,222.25,TRUE,337.7
23-11-2020,Pet Supplies,303.3,766.7,197.4,FALSE,280.9
23-11-2020,Office Supplies,355.1,837.9,89.95,FALSE,372
24-11-2020,Sporting Goods,433.9,1389.6,123.83,FALSE,414
24-11-2020,Furniture,318.6,826.3,73.03,FALSE,327.3
24-11-2020,Beauty,262.9,1110.2,166.57,FALSE,272.3
24-11-2020,Automotive Parts,289.3,638.9,211.62,FALSE,298.6
24-11-2020,Toys,251.8,611.7,234.08,FALSE,242.1
24-11-2020,Electronics,149.6,544.3,46.28,FALSE,143.8
24-11-2020,Groceries,253.7,580.3,108.83,FALSE,263.5
24-11-2020,Office Supplies,369.4,836.2,88.07,FALSE,351.8
24-11-2020,Pet Supplies,329.5,757.8,192.39,FALSE,324
24-11-2020,Apparel,461.3,1255.8,172.2,FALSE,443.2
25-11-2020,Furniture,553.3,977.65,71.76,TRUE,562.3
25-11-2020,Toys,276.4,610.6,232.87,FALSE,249.6
25-11-2020,Groceries,279.2,574.1,108.5,FALSE,279.7
25-11-2020,Pet Supplies,327.8,763,203.19,FALSE,316.1
25-11-2020,Clothing,450.3,1274.2,169.01,FALSE,396
25-11-2020,Electronics,176.2,1722.47,47.87,FALSE,159
25-11-2020,Office Supplies,387,832.3,90.6,FALSE,398.2
25-11-2020,Automotive Parts,307,641.8,217.8,FALSE,317.1
25-11-2020,Sporting Goods,482.4,1367.5,126.87,FALSE,449.6
25-11-2020,Beauty,320.5,1098.2,166.1,FALSE,290.5
26-11-2020,Office Supplies,434.1,815.8,88.32,FALSE,425.9
26-11-2020,Apparel,511.5,1251.3,162.66,FALSE,523.5
26-11-2020,Furniture,348.4,806.5,75.61,FALSE,363.8
26-11-2020,Pet Supplies,332.4,765.1,201.47,FALSE,338.7
26-11-2020,Groceries,322.1,562.1,110.42,FALSE,319.7
26-11-2020,Toys,284.5,611.6,232.9,FALSE,289.3
26-11-2020,Sporting Goods,518.1,1354.4,132.77,FALSE,510.1
26-11-2020,Electronics,187.9,538.1,46.87,FALSE,177.8
26-11-2020,Beauty,355.7,1076.1,160.9,FALSE,335.5
26-11-2020,Automotive Parts,335.5,636.2,217.8,FALSE,347.5
27-11-2020,Pet Supplies,367.3,758.5,196.66,FALSE,359.8
27-11-2020,Furniture,380.1,805.7,76.97,FALSE,356.3
27-11-2020,Sporting Goods,524.1,1352.8,130.08,FALSE,534.4
27-11-2020,Toys,288.9,617.5,240.49,FALSE,268.7
27-11-2020,Beauty,359.3,1073.1,166.69,FALSE,372.1
27-11-2020,Apparel,642.8,1236.1,173.53,TRUE,628.15
27-11-2020,Electronics,248.4,533,46.58,FALSE,193.9
27-11-2020,Office Supplies,369.4,804.2,91.05,FALSE,455.8
27-11-2020,Groceries,307.6,562.3,107.85,FALSE,299
27-11-2020,Automotive Parts,339.5,635.9,221.03,FALSE,352.4
28-11-2020,Automotive Parts,344,627.2,223.58,FALSE,341.4
28-11-2020,Electronics,192,530.8,45.63,FALSE,190.1
28-11-2020,Furniture,332.4,820.5,73.03,FALSE,347
28-11-2020,Beauty,336.8,1081.9,164.4,FALSE,336.5
28-11-2020,Pet Supplies,381.6,757.2,198.18,FALSE,310.6
28-11-2020,Groceries,320.3,559.5,109.39,FALSE,317.2
28-11-2020,Apparel,483.2,1240.3,174.94,FALSE,435.4
28-11-2020,Office Supplies,400.5,814,89.09,FALSE,420.5
28-11-2020,Toys,313.75,617.8,235.42,FALSE,293.3
28-11-2020,Sporting Goods,507.6,1369.9,125.58,FALSE,528.4
29-11-2020,Apparel,433.7,1253.5,172.39,FALSE,426.4
29-11-2020,Groceries,284,572.7,105.92,FALSE,297.6
29-11-2020,Toys,251.9,634.3,235.7,FALSE,262.5
29-11-2020,Automotive Parts,299.7,424,217.8,FALSE,286.4
29-11-2020,Electronics,151.9,551.5,45.6,FALSE,142.2
29-11-2020,Beauty,270.5,1092.7,163.17,FALSE,249.7
29-11-2020,Office Supplies,398,818.1,88.45,FALSE,358.6
29-11-2020,Furniture,318.7,815.9,74.12,FALSE,628.15
29-11-2020,Pet Supplies,469.7,770,191.52,TRUE,434.6
29-11-2020,Sporting Goods,414.6,1397.8,131.92,FALSE,427.1
30-11-2020,Groceries,260.2,578.9,106.31,FALSE,248.2
30-11-2020,Pet Supplies,288.2,778.6,195.75,FALSE,294.1
30-11-2020,Office Supplies,369.4,819.8,88.09,FALSE,349.9
30-11-2020,Sporting Goods,452.7,1385.8,128.33,FALSE,413.1
30-11-2020,Toys,275.3,635.9,235.87,FALSE,271.4
30-11-2020,Furniture,445.7,815,74.15,TRUE,409.7
30-11-2020,Beauty,398.9,1094.5,169.02,TRUE,387.4
30-11-2020,Electronics,158.5,555.3,45.06,FALSE,144.8
30-11-2020,Apparel,500.9,1232.7,172.01,FALSE,460.2
30-11-2020,Automotive Parts,286.2,422.2,213.45,FALSE,317.9
01-12-2020,Automotive Parts,312.7,417.5,216.48,FALSE,64.55
01-12-2020,Toys,251.2,635.9,229.81,FALSE,302.8
01-12-2020,Office Supplies,349,838.9,89.74,FALSE,342.8
01-12-2020,Pet Supplies,321.3,764.5,197.11,FALSE,308.1
01-12-2020,Groceries,254.3,591.1,109.99,FALSE,241.3
01-12-2020,Electronics,145.3,560.9,48.09,FALSE,146.5
01-12-2020,Apparel,583.4,1257.2,166.2,TRUE,587.8
01-12-2020,Sporting Goods,427.3,1392.1,129.15,FALSE,393.4
01-12-2020,Beauty,315,1080.6,162.96,FALSE,315.6
01-12-2020,Automotive Parts,320,834.9,209.85,FALSE,290
01-12-2020,Toys,217.4,792.4,236.26,FALSE,213.8
02-12-2020,Furniture,351.3,808,72.85,FALSE,320.3
02-12-2020,Groceries,250.7,687,108.62,FALSE,258.9
02-12-2020,Office Supplies,561.2,818.9,91.44,TRUE,579.7
02-12-2020,Automotive Parts,288.2,421.5,219.08,FALSE,289.5
02-12-2020,Groceries,275.9,582.8,107.34,FALSE,277.4
02-12-2020,Pet Supplies,330.3,764.8,201.11,FALSE,301.2
02-12-2020,Apparel,441.6,1251.2,171.29,FALSE,420.7
03-12-2020,Electronics,202.2,532.5,46.18,FALSE,186.2
03-12-2020,Apparel,503.8,1227.9,166.98,FALSE,520.1
03-12-2020,Groceries,315.8,643.7,108.91,FALSE,326.1
03-12-2020,Beauty,374,1053.8,163.91,FALSE,353.6
03-12-2020,Sporting Goods,464.4,855.4,125.46,FALSE,472.4
03-12-2020,Groceries,303.5,573.2,109.72,FALSE,274.9
03-12-2020,Pet Supplies,363.8,752.7,204.63,FALSE,339.9
03-12-2020,Sporting Goods,597.5,1394.8,124.28,FALSE,547.6
03-12-2020,Pet Supplies,245.7,829.2,203.14,FALSE,223.6
03-12-2020,Office Supplies,408.7,829.6,89.82,FALSE,405.3
04-12-2020,Automotive Parts,348.3,615.6,219.91,FALSE,342.1
04-12-2020,Pet Supplies,346.5,770.9,194.11,FALSE,348
04-12-2020,Groceries,325.6,571.6,108.22,FALSE,319
04-12-2020,Apparel,489.5,764.7,169.02,FALSE,513.4
04-12-2020,Toys,228.1,742.3,226.83,FALSE,234.4
04-12-2020,Electronics,255.2,491.2,45.81,FALSE,253.3
04-12-2020,Beauty,393.3,1049.3,157.98,FALSE,411.2
04-12-2020,Office Supplies,421.8,825.8,90.29,FALSE,361.35
04-12-2020,Sporting Goods,516.5,851.9,123.74,FALSE,64.55
05-12-2020,Electronics,185.8,349.9,47.24,FALSE,171.8
05-12-2020,Apparel,508.9,760.2,172.73,FALSE,466.2
05-12-2020,Office Supplies,430.7,823.7,90.46,FALSE,447.3
05-12-2020,Toys,269.1,622.5,237.43,FALSE,302.8
05-12-2020,Beauty,339.9,1061.4,161.98,FALSE,313.4
05-12-2020,Groceries,213.5,635.9,107.71,FALSE,209
05-12-2020,Pet Supplies,359.7,768.8,198.73,FALSE,364
05-12-2020,Automotive Parts,265.4,1722.47,213.58,FALSE,262.1
05-12-2020,Sporting Goods,496.8,855.7,125.24,FALSE,455.1
05-12-2020,Furniture,330.6,810.7,74.27,FALSE,298.7
05-12-2020,Electronics,217.2,516.6,45.08,FALSE,196.7
05-12-2020,Groceries,321.7,568.3,107.42,FALSE,311.2
06-12-2020,Furniture,281.4,977.65,73.15,FALSE,288
06-12-2020,Pet Supplies,314.9,782.6,202.21,FALSE,316.4
06-12-2020,Furniture,307,813.5,72.43,FALSE,297.5
06-12-2020,Office Supplies,412.7,825.4,90.56,FALSE,377.4
06-12-2020,Sporting Goods,482.9,857.6,129.27,FALSE,493.1
06-12-2020,Automotive Parts,309.8,610.9,218.81,FALSE,306.8
06-12-2020,Apparel,428.6,1292.5,169.04,FALSE,390.1
06-12-2020,Electronics,257.9,550.2,46.7,FALSE,255.4
06-12-2020,Electronics,160.8,356.4,47.69,FALSE,64.55
07-12-2020,Office Supplies,362.5,843.3,89.82,FALSE,331.8
07-12-2020,Apparel,451.9,769.5,170.13,FALSE,465.2
07-12-2020,Furniture,319.1,812.9,72.37,FALSE,290.5
07-12-2020,Toys,292.2,653.2,230.26,FALSE,287.3
07-12-2020,Automotive Parts,285.1,615.1,213.97,FALSE,278.1
07-12-2020,Pet Supplies,283.3,797.4,197.25,FALSE,276.6
07-12-2020,Groceries,250.3,582.7,106.66,FALSE,253.5
07-12-2020,Apparel,402.8,1309.6,166.85,FALSE,415.1
07-12-2020,Office Supplies,257.5,895.7,88.16,FALSE,241
07-12-2020,Sporting Goods,439.9,1722.47,132.05,FALSE,442.7
07-12-2020,Toys,216.9,627.2,233.6,FALSE,218.4
08-12-2020,Furniture,290.1,820.7,74.42,FALSE,267.2
08-12-2020,Groceries,254.5,582.2,104.84,FALSE,244.9
08-12-2020,Office Supplies,356.2,849.7,90.12,FALSE,339.4
08-12-2020,Pet Supplies,300.1,790.3,193.26,FALSE,289.2
08-12-2020,Beauty,318.3,1065.6,168.22,FALSE,304.3
09-12-2020,Apparel,625.5,1252.3,174.18,TRUE,628.15
09-12-2020,Automotive Parts,325.6,609.2,220.98,FALSE,314.4
09-12-2020,Electronics,184.7,516.8,47.81,FALSE,175.5
09-12-2020,Pet Supplies,493.2,786.2,198.96,TRUE,508.4
09-12-2020,Furniture,327,806.5,74.41,FALSE,305.8
09-12-2020,Beauty,329.2,1054.5,167.83,FALSE,345.2
09-12-2020,Groceries,250.2,592.2,110.21,FALSE,232.6
09-12-2020,Groceries,271.3,581,108.17,FALSE,251.3
09-12-2020,Sporting Goods,447.8,1415.5,128.01,FALSE,449.4
09-12-2020,Office Supplies,396.1,835.5,86.87,FALSE,365.2
09-12-2020,Beauty,346.4,1050,163.77,FALSE,354.3
09-12-2020,Toys,271.8,608.3,236.69,FALSE,255.5
09-12-2020,Furniture,355.4,807.9,72.1,FALSE,331.7
10-12-2020,Electronics,217,515.3,46.74,FALSE,628.15
10-12-2020,Toys,313.75,633.2,234.76,FALSE,266
10-12-2020,Beauty,374.3,1043.8,159.05,FALSE,377.7
10-12-2020,Pet Supplies,358.7,777.9,198.04,FALSE,373.4
10-12-2020,Sporting Goods,518.3,1390,126.75,FALSE,499.8
10-12-2020,Automotive Parts,242.6,739.2,214.21,FALSE,249.2
10-12-2020,Electronics,102.2,514.4,46.77,FALSE,98.4
10-12-2020,Toys,300.6,607.3,232.81,FALSE,291.6
10-12-2020,Groceries,314.7,576.9,357.79,FALSE,289
10-12-2020,Apparel,482.3,1241.1,171.99,FALSE,460.7
10-12-2020,Furniture,322.4,814.1,76.27,FALSE,314.1
11-12-2020,Automotive Parts,527.4,601.2,211.87,TRUE,551.9
11-12-2020,Beauty,351.2,1059.8,169.03,FALSE,360.8
11-12-2020,Sporting Goods,523.5,1386.3,128.96,FALSE,534.2
11-12-2020,Office Supplies,423.4,829.7,89.79,FALSE,399.8
11-12-2020,Automotive Parts,321,650.8,220.09,FALSE,300.1
11-12-2020,Toys,280.8,613.6,240.19,FALSE,272.4
11-12-2020,Apparel,521.7,1232.7,172.1,FALSE,495.5
11-12-2020,Sporting Goods,472.8,1406.3,127.63,FALSE,475.4
11-12-2020,Electronics,227,513.1,48.08,FALSE,225.4
12-12-2020,Sporting Goods,494.9,1401.3,129.22,FALSE,500.8
12-12-2020,Automotive Parts,344.3,598.9,226.33,FALSE,324.3
12-12-2020,Electronics,317.5,512.6,47.64,TRUE,291.4
12-12-2020,Pet Supplies,449.7,789.6,198.11,TRUE,410.4
12-12-2020,Toys,284.5,620.8,236.96,FALSE,258.8
12-12-2020,Clothing,436,1252.9,173.65,FALSE,409.3
12-12-2020,Groceries,327,693.1,105.83,FALSE,297.1
12-12-2020,Beauty,363.6,1057.2,167.72,FALSE,352.7
12-12-2020,Furniture,296.4,833.2,73.5,FALSE,279.1
12-12-2020,Office Supplies,402.5,835.3,90.04,FALSE,366.2
13-12-2020,Groceries,273.2,586.4,109.34,FALSE,272.4
13-12-2020,Office Supplies,387.1,841.3,88.1,FALSE,364.2
13-12-2020,Pet Supplies,343,791.8,195.91,FALSE,315
13-12-2020,Apparel,451.9,1254.6,166.74,FALSE,430.4
13-12-2020,Furniture,304.6,839,72.32,FALSE,309
13-12-2020,Automotive Parts,310.1,606.4,214.13,FALSE,317.9
13-12-2020,Toys,241.7,638.2,240.36,FALSE,221.7
13-12-2020,Electronics,177.1,529.7,46.97,FALSE,165.1
13-12-2020,Sporting Goods,445.8,1421,128.33,FALSE,431.7
13-12-2020,Beauty,320.5,1064.3,170.35,FALSE,291.4
14-12-2020,Automotive Parts,324.8,597.1,220.88,FALSE,314.3
14-12-2020,Groceries,271.4,584.7,104.4,FALSE,265.2
14-12-2020,Pet Supplies,308.8,796.8,198.58,FALSE,283.3
14-12-2020,Electronics,200.2,1722.47,47.06,FALSE,194.3
14-12-2020,Apparel,436.8,1260.6,166.18,FALSE,456.1
14-12-2020,Furniture,288.2,838.8,74.3,FALSE,298.1
14-12-2020,Beauty,265.8,1083.4,163.01,FALSE,258.1
14-12-2020,Sporting Goods,417.5,1419.3,126.8,FALSE,393.2
14-12-2020,Toys,252.7,638.2,232.49,FALSE,233.3
14-12-2020,Office Supplies,363.4,819.8,91.06,FALSE,361.9
15-12-2020,Electronics,199.5,526,49.16,FALSE,181.4
15-12-2020,Automotive Parts,321.7,590.1,220.24,FALSE,301.5
15-12-2020,Furniture,303.9,832.7,74.66,FALSE,321.9
15-12-2020,Toys,221.8,649.1,243.71,FALSE,232.2
15-12-2020,Beauty,315.7,1060.9,160.6,FALSE,329
15-12-2020,Sporting Goods,490.7,1404.6,130.93,FALSE,492.3
15-12-2020,Groceries,273.3,586.5,109.18,FALSE,271.5
15-12-2020,Office Supplies,511.8,838.9,89.02,TRUE,525.4
15-12-2020,Pet Supplies,301.8,807.1,194.93,FALSE,285
15-12-2020,Clothing,426.1,1268.9,167.71,FALSE,385.3
16-12-2020,Furniture,642.8,842.6,74.5,FALSE,283.4
16-12-2020,Office Supplies,393.5,843.4,89.75,FALSE,362.3
16-12-2020,Electronics,300.4,523.8,47.79,TRUE,283.9
16-12-2020,Beauty,335.8,1055.9,165.79,FALSE,329.1
16-12-2020,Sporting Goods,478.3,1401.6,128.77,FALSE,494.3
16-12-2020,Pet Supplies,328.6,794.3,194.18,FALSE,311.7
16-12-2020,Automotive Parts,484.1,591.4,215.45,TRUE,491.5
16-12-2020,Toys,269.6,631.2,236.6,FALSE,266.1
16-12-2020,Groceries,292.6,582.3,109.82,FALSE,274.3
16-12-2020,Apparel,475.7,1250.4,168.63,FALSE,481.9
17-12-2020,Sporting Goods,492.1,1399.8,131.56,FALSE,483.8
17-12-2020,Office Supplies,431.6,836.6,86.7,FALSE,430.8
17-12-2020,Pet Supplies,355.8,793.3,193.07,FALSE,348.1
17-12-2020,Apparel,455.1,1257.1,169.66,FALSE,426.4
17-12-2020,Furniture,308.9,831.6,74.43,FALSE,304.9
17-12-2020,Toys,385.1,630.8,238.81,TRUE,375.2
17-12-2020,Automotive Parts,360.6,586,224.99,FALSE,370.4
17-12-2020,Groceries,344.5,564.9,111.06,FALSE,311.9
17-12-2020,Electronics,248.4,521.9,48.16,FALSE,242.1
17-12-2020,Beauty,350.3,1048,164.86,FALSE,347
18-12-2020,Beauty,355.8,1050.5,164.32,FALSE,354.9
18-12-2020,Apparel,468.3,1253.6,172.22,FALSE,452.9
18-12-2020,Automotive Parts,352.4,581.6,214.05,FALSE,324.9
18-12-2020,Office Supplies,429.7,830.2,88.79,FALSE,448.9
18-12-2020,Electronics,227.3,513.4,45.33,FALSE,628.15
18-12-2020,Sporting Goods,510.5,1392.2,123.78,FALSE,477
18-12-2020,Groceries,344.9,567.3,108.49,FALSE,355.1
18-12-2020,Pet Supplies,355.7,792.3,198.25,FALSE,337.4
18-12-2020,Toys,297.9,628.9,238.34,FALSE,276.8
18-12-2020,Furniture,328.6,831.8,75.29,FALSE,302.7
19-12-2020,Groceries,331.3,563.5,105.64,FALSE,319.9
19-12-2020,Pet Supplies,351.3,795.6,196.83,FALSE,343.6
19-12-2020,Beauty,344.2,1047.9,163.87,FALSE,310.2
19-12-2020,Automotive Parts,363.2,572.6,210.76,FALSE,351.9
19-12-2020,Office Supplies,392.7,839.4,88.26,FALSE,407.6
19-12-2020,Apparel,475.6,1250.6,171.77,FALSE,494
19-12-2020,Toys,313.75,618.1,237.11,FALSE,332.5
19-12-2020,Electronics,216.2,514,46.41,FALSE,219
19-12-2020,Furniture,296.3,845.4,75.74,FALSE,271.4
19-12-2020,Sporting Goods,482.9,1399.3,128.51,FALSE,504.5
20-12-2020,Toys,258.3,644.4,242.64,FALSE,237.6
20-12-2020,Automotive Parts,329.1,593.6,221.37,FALSE,325.7
20-12-2020,Beauty,420.3,1057.1,164.83,TRUE,386.5
20-12-2020,Pet Supplies,298.1,810.6,197.47,FALSE,298.9
20-12-2020,Furniture,295.1,849.7,72.94,FALSE,303.3
20-12-2020,Sporting Goods,431.4,1397.7,133.57,FALSE,391.7
20-12-2020,Groceries,264.9,579.4,105,FALSE,263.3
20-12-2020,Apparel,463.9,1261.4,172.62,FALSE,442.7
20-12-2020,Electronics,169.9,534.6,47.7,FALSE,166.5
20-12-2020,Office Supplies,373.6,854.6,91.3,FALSE,374.4
21-12-2020,Pet Supplies,266.9,827.4,200.23,FALSE,266.9
21-12-2020,Electronics,182.4,535.3,46.9,FALSE,186.4
21-12-2020,Furniture,323.8,855.3,72.56,FALSE,328.8
21-12-2020,Sporting Goods,465,1401,126.26,FALSE,465.9
21-12-2020,Automotive Parts,338.2,594.8,216.68,FALSE,341
21-12-2020,Groceries,273.1,580.4,108.56,FALSE,264
21-12-2020,Office Supplies,360.6,861.4,93,FALSE,370.9
21-12-2020,Beauty,264.3,1058.4,162.52,FALSE,242
21-12-2020,Toys,250,638.5,236.35,FALSE,238.4
21-12-2020,Clothing,411.8,1281.3,164.85,FALSE,383.1
22-12-2020,Pet Supplies,642.8,822.2,196.98,FALSE,270.7
22-12-2020,Apparel,423,1283,167.51,FALSE,404.7
22-12-2020,Groceries,353.5,577.2,107.36,TRUE,352.7
22-12-2020,Furniture,302.2,977.65,75.56,FALSE,283.7
22-12-2020,Toys,402.7,638.6,233.39,TRUE,404
22-12-2020,Sporting Goods,447,1407.9,128.33,FALSE,424.5
22-12-2020,Beauty,436.2,1041,163.74,TRUE,401.5
22-12-2020,Office Supplies,566.1,860.1,89.95,TRUE,512.5
22-12-2020,Electronics,185.9,480.8,47.17,FALSE,187.7
22-12-2020,Automotive Parts,310.9,594.9,225.41,FALSE,282.9
23-12-2020,Office Supplies,377.4,854.9,93.28,FALSE,340.3
23-12-2020,Pet Supplies,314.6,822.8,199.72,FALSE,309.1
23-12-2020,Automotive Parts,339.5,587.8,215.45,FALSE,318.2
23-12-2020,Furniture,492.8,864,73.46,TRUE,504
23-12-2020,Toys,268.5,635.9,240.33,FALSE,268.1
23-12-2020,Apparel,485,1300.9,170.67,FALSE,491.1
23-12-2020,Electronics,201.3,545.3,47.59,FALSE,195.4
23-12-2020,Beauty,397.35,1044,158.2,TRUE,458.5
23-12-2020,Sporting Goods,475,1403.7,130.8,FALSE,464.1
23-12-2020,Groceries,287.8,576.7,107.04,FALSE,291.9
24-12-2020,Groceries,336,563.6,108.44,FALSE,304.8
24-12-2020,Electronics,238,542.2,45.33,FALSE,215.2
24-12-2020,Furniture,311,866.5,73.07,FALSE,305.3
24-12-2020,Pet Supplies,355.6,809.3,195.28,FALSE,364.9
24-12-2020,Sporting Goods,447.6,1410.1,129.07,FALSE,426.6
24-12-2020,Automotive Parts,375,576.4,222.03,FALSE,377.5
24-12-2020,Apparel,489.7,1264.2,169.03,FALSE,498.9
24-12-2020,Beauty,338.7,1036.6,166.62,FALSE,335.5
24-12-2020,Office Supplies,435.2,832.3,89.82,FALSE,415.5
24-12-2020,Toys,263.2,640,238.95,FALSE,252.3
25-12-2020,Office Supplies,439.2,834.6,93.05,FALSE,401.6
25-12-2020,Furniture,299.2,867.5,73.42,FALSE,281.9
25-12-2020,Pet Supplies,328.5,826.3,196.71,FALSE,310.4
25-12-2020,Sporting Goods,497.3,1391.2,129.24,FALSE,463.3
25-12-2020,Automotive Parts,356.2,579.9,226.67,FALSE,317.9
25-12-2020,Electronics,248.4,546.2,46.16,FALSE,231.8
25-12-2020,Apparel,515.1,1256.8,167.97,FALSE,628.15
25-12-2020,Groceries,356.4,560.5,107.87,FALSE,329.6
25-12-2020,Beauty,384.8,1016.3,160.04,FALSE,375.4
25-12-2020,Toys,269.3,636.5,238.47,FALSE,246.8
26-12-2020,Beauty,425.2,1030.5,163.86,TRUE,421.4
26-12-2020,Furniture,286.7,865.9,74.58,FALSE,266.9
26-12-2020,Groceries,332.8,563.4,105.15,FALSE,344.3
26-12-2020,Toys,233.4,639.2,239.59,FALSE,244.2
26-12-2020,Pet Supplies,365.4,819.8,204.03,FALSE,380.8
26-12-2020,Electronics,293.1,556.6,46.72,TRUE,273.9
26-12-2020,Sporting Goods,529.3,1388.7,126.24,FALSE,543.5
26-12-2020,Apparel,443.6,1274.8,169.59,FALSE,425.9
26-12-2020,Automotive Parts,358.8,582.4,222.16,FALSE,358.9
26-12-2020,Office Supplies,418.5,849.9,89.34,FALSE,413.1
27-12-2020,Automotive Parts,341.9,586.2,219.42,FALSE,315.9
27-12-2020,Groceries,274.7,588.9,106.12,FALSE,282.1
27-12-2020,Sporting Goods,444.2,1422.9,132.86,FALSE,512.9
27-12-2020,Furniture,312.4,859.4,72.68,FALSE,297.1
27-12-2020,Apparel,418.5,1280.1,170.72,FALSE,377.4
27-12-2020,Beauty,300.7,1047.4,159.77,FALSE,273.8
27-12-2020,Toys,314.4,636.3,241.71,TRUE,287.8
27-12-2020,Office Supplies,594.2,859.4,357.79,TRUE,610.7
27-12-2020,Pet Supplies,323.3,834,198.13,FALSE,314.2
27-12-2020,Electronics,206.3,559.8,46.43,FALSE,205.2
28-12-2020,Office Supplies,373.2,861,85.73,FALSE,361
28-12-2020,Electronics,184.3,577.9,47.14,FALSE,181
28-12-2020,Furniture,269.9,870.9,74.95,FALSE,249.4
28-12-2020,Groceries,262.2,589.9,108.14,FALSE,274.1
28-12-2020,Toys,262.9,630.4,239.15,FALSE,241.1
28-12-2020,Beauty,445.7,1046,164.3,TRUE,431.6
28-12-2020,Apparel,471.8,1252.2,168.57,FALSE,479.4
28-12-2020,Pet Supplies,315.3,837.4,188.99,FALSE,286.7
28-12-2020,Automotive Parts,338.7,590.1,223.54,FALSE,312.9
28-12-2020,Sporting Goods,433.4,1424.2,128.21,FALSE,427.6
29-12-2020,Electronics,189.3,573.1,46.79,FALSE,176.2
29-12-2020,Clothing,474.3,1256.9,168.11,FALSE,451.5
29-12-2020,Beauty,320.9,1038.6,164.86,FALSE,335.9
29-12-2020,Toys,234.2,640.2,237.11,FALSE,219
29-12-2020,Pet Supplies,297.7,843.1,199.28,FALSE,309
29-12-2020,Sporting Goods,497.4,1403.7,128.33,FALSE,515.2
29-12-2020,Automotive Parts,329.1,587.7,216.23,FALSE,317.9
29-12-2020,Groceries,265.8,586.7,104.08,FALSE,246.3
29-12-2020,Office Supplies,379.7,859.7,91.38,FALSE,358.1
29-12-2020,Furniture,262.9,871.9,75.76,FALSE,289.7
30-12-2020,Pet Supplies,328.2,832.9,189.62,FALSE,311.6
30-12-2020,Automotive Parts,364.8,370.2,216.66,FALSE,352.6
30-12-2020,Clothing,452,1265.2,170.71,FALSE,466
30-12-2020,Beauty,328.3,1034,166.28,FALSE,335.9
30-12-2020,Toys,642.8,631.5,236.74,FALSE,233.5
30-12-2020,Electronics,220.2,560.7,48.56,FALSE,200
30-12-2020,Office Supplies,380.8,855.7,89.9,FALSE,377
30-12-2020,Groceries,283.2,693.1,105.64,FALSE,288.5
30-12-2020,Furniture,303.1,855.2,75.07,FALSE,289.7
30-12-2020,Sporting Goods,505,1393.4,130.29,FALSE,459.7
31-12-2020,Electronics,246.5,548.5,48.31,FALSE,248.2
31-12-2020,Beauty,354.6,1031.9,164.86,FALSE,323.4
31-12-2020,Office Supplies,588.5,845.2,86.64,TRUE,581
31-12-2020,Groceries,333,564.3,106.46,FALSE,322.1
31-12-2020,Clothing,594,1266.9,167.69,TRUE,574.6
31-12-2020,Automotive Parts,359.3,379.4,218.49,FALSE,336.9
31-12-2020,Toys,282.7,620.6,243.64,FALSE,295.3
31-12-2020,Pet Supplies,373.1,825,195,FALSE,346.8
31-12-2020,Furniture,293.4,977.65,74.43,FALSE,267.5
31-12-2020,Sporting Goods,529.2,1390.6,125.67,FALSE,490.7
01-01-2021,Automotive Parts,375.2,382.9,224.88,FALSE,64.55
01-01-2021,Toys,296.4,611.7,239.89,FALSE,279.5
01-01-2021,Electronics,241.4,551.1,46.48,FALSE,249.1
01-01-2021,Apparel,462.8,1261.4,171.35,FALSE,470.4
01-01-2021,Furniture,288,855.9,73.63,FALSE,264.1
01-01-2021,Beauty,360.3,1028.2,159.98,FALSE,375.2
01-01-2021,Sporting Goods,501.3,1394.3,127.5,FALSE,512.9
01-01-2021,Pet Supplies,338,807.1,199.69,FALSE,339.6
01-01-2021,Office Supplies,457.2,819.8,88.75,FALSE,442.1
01-01-2021,Groceries,302.8,551,101.36,TRUE,500.7
02-01-2021,Apparel,394.1,1300.5,163.73,FALSE,364.5
02-01-2021,Sporting Goods,525.15,1383.1,131.58,FALSE,512.9
02-01-2021,Electronics,280,562.3,46.76,TRUE,287.3
02-01-2021,Office Supplies,391.9,849.3,88,FALSE,401.8
02-01-2021,Pet Supplies,261,838.4,194.51,FALSE,249.1
02-01-2021,Beauty,255.6,1018.5,164.02,FALSE,255
02-01-2021,Groceries,271.9,574.6,109.35,FALSE,278.3
02-01-2021,Beauty,315.8,1035.9,161.8,FALSE,387.5
02-01-2021,Toys,313.75,621.6,239.71,FALSE,249.8
02-01-2021,Apparel,490.2,1250.8,168.11,FALSE,510.3
02-01-2021,Pet Supplies,342.5,835.4,199.04,FALSE,335
03-01-2021,Pet Supplies,263.6,813,198.7,FALSE,254.9
03-01-2021,Groceries,279.7,571,108.23,FALSE,277.7
03-01-2021,Automotive Parts,358.7,386.6,218.56,FALSE,334.2
03-01-2021,Toys,250.2,627.7,234.84,FALSE,234.1
03-01-2021,Office Supplies,392.4,842.1,86.12,FALSE,375.9
03-01-2021,Electronics,219.8,564.9,46.78,FALSE,221.6
04-01-2021,Furniture,295.5,855,73.89,FALSE,293.1
04-01-2021,Beauty,303.3,1038.6,166.73,FALSE,305.9
04-01-2021,Office Supplies,323.1,864.1,90.09,FALSE,314.2
04-01-2021,Apparel,448.8,1275.2,166.88,FALSE,465.8
04-01-2021,Furniture,212.9,961.3,74.69,FALSE,213.8
04-01-2021,Electronics,184,574.5,45.58,FALSE,170.6
04-01-2021,Sporting Goods,457.1,1406.4,125.38,FALSE,438
04-01-2021,Office Supplies,380.8,859.3,88.71,FALSE,357.9
04-01-2021,Automotive Parts,303.8,616.5,226.95,FALSE,310.6
04-01-2021,Apparel,446.2,1280.5,167.39,FALSE,423.5
04-01-2021,Groceries,242.2,578.4,110.22,FALSE,231.3
04-01-2021,Electronics,322.5,452.4,46.48,FALSE,303.2
04-01-2021,Pet Supplies,294.8,829.1,196.71,FALSE,280.2
04-01-2021,Groceries,321.9,620.6,105.23,FALSE,317.4
05-01-2021,Furniture,257.2,864,76.77,FALSE,233.5
05-01-2021,Pet Supplies,443.5,832.2,193.72,TRUE,461.9
05-01-2021,Office Supplies,323.8,635.5,88.65,FALSE,322.1
05-01-2021,Sporting Goods,455.2,1412.3,130.65,FALSE,475.7
05-01-2021,Apparel,456.2,1268.7,166.67,FALSE,438.8
05-01-2021,Office Supplies,349.7,864.5,87.56,FALSE,343.8
05-01-2021,Beauty,406,1030.6,164.49,TRUE,382.7
05-01-2021,Electronics,208.6,558.5,46.78,FALSE,191.5
05-01-2021,Automotive Parts,342.9,605.4,212.97,FALSE,309.6
06-01-2021,Automotive Parts,333.2,614.1,219.63,FALSE,314.6
06-01-2021,Electronics,247.9,548.3,46.85,FALSE,250.3
06-01-2021,Sporting Goods,484.4,1402.9,126.33,FALSE,487.5
06-01-2021,Toys,283.5,635.9,238.7,FALSE,291.8
06-01-2021,Beauty,395.7,1031.2,164.86,FALSE,386.3
06-01-2021,Sporting Goods,510.2,1325.1,125.5,FALSE,508.2
06-01-2021,Apparel,421.4,1282.2,169.66,FALSE,428.6
06-01-2021,Furniture,252.7,860.9,70.48,FALSE,236.8
06-01-2021,Groceries,424.4,552.1,105.39,TRUE,439.8
06-01-2021,Pet Supplies,278.5,836.5,201.59,FALSE,251.6
06-01-2021,Beauty,325.8,1029.4,163.86,FALSE,330.9
07-01-2021,Furniture,303.9,847.8,71.71,FALSE,284.8
07-01-2021,Beauty,483.9,965.5,165.26,FALSE,467.9
07-01-2021,Automotive Parts,483.9,607.3,218.84,TRUE,484.2
07-01-2021,Groceries,351.6,529.9,108.07,FALSE,363.8
07-01-2021,Sporting Goods,557.9,1381.7,130.26,FALSE,530.9
07-01-2021,Toys,262.3,640.2,232.45,FALSE,302.8
07-01-2021,Beauty,358.5,1023.5,164.86,FALSE,363.7
07-01-2021,Automotive Parts,642.8,679.4,218.83,FALSE,317.9
07-01-2021,Office Supplies,375.3,860.7,89.57,FALSE,371.7
07-01-2021,Electronics,642.8,552.4,48.62,FALSE,247.5
07-01-2021,Pet Supplies,349.2,818.4,198.66,FALSE,343.7
07-01-2021,Apparel,642.8,1259.9,175.27,FALSE,473.8
08-01-2021,Clothing,479.9,1260.4,168.31,FALSE,456.1
08-01-2021,Beauty,360.6,1031.4,164.73,FALSE,335.7
08-01-2021,Toys,359.3,639.3,232.34,FALSE,342
08-01-2021,Pet Supplies,340.8,818.6,199.7,FALSE,351.1
08-01-2021,Groceries,219.2,700.5,109.52,FALSE,217.9
08-01-2021,Groceries,343,527.5,109.41,FALSE,324
08-01-2021,Toys,277.2,631.3,238.18,FALSE,290
08-01-2021,Electronics,244.4,480.8,46.6,FALSE,229.3
08-01-2021,Pet Supplies,642.8,785.1,196.44,FALSE,286.9
08-01-2021,Sporting Goods,546.1,1390.2,132.77,FALSE,516.7
09-01-2021,Sporting Goods,502.6,1402.6,123.63,FALSE,628.15
09-01-2021,Apparel,451.9,1264.8,168.33,FALSE,475.7
09-01-2021,Groceries,269.9,746,108.97,FALSE,254.5
09-01-2021,Automotive Parts,342,601,217.8,FALSE,628.15
09-01-2021,Electronics,228.9,558.5,47.39,FALSE,223.4
09-01-2021,Toys,308,642.4,234.37,TRUE,290.1
09-01-2021,Groceries,302.8,535.8,108.51,FALSE,317.8
09-01-2021,Pet Supplies,321.3,825.3,197.38,FALSE,307.3
09-01-2021,Beauty,366.1,1037.4,162.7,FALSE,337.1
09-01-2021,Sporting Goods,484.8,1364.6,128.33,FALSE,437.2
09-01-2021,Office Supplies,422.3,860.7,90.14,FALSE,415.3
09-01-2021,Furniture,301.1,858.9,76.1,FALSE,287.3
10-01-2021,Pet Supplies,296,840.7,191.56,FALSE,302.8
10-01-2021,Pet Supplies,380.6,463.4,196.58,FALSE,386.5
10-01-2021,Clothing,517.1,1274.3,169.48,TRUE,502.8
10-01-2021,Automotive Parts,509.5,595.1,219.71,TRUE,518.8
10-01-2021,Office Supplies,514,874.4,91.65,TRUE,504.4
10-01-2021,Groceries,281.5,542.3,106.41,FALSE,293.7
10-01-2021,Toys,258,632.2,242.13,FALSE,261.4
10-01-2021,Electronics,235.6,559.3,47.47,FALSE,245.2
10-01-2021,Sporting Goods,480.8,1412.6,125.22,FALSE,497.6
11-01-2021,Apparel,409.4,1284.4,166.64,FALSE,438.8
11-01-2021,Sporting Goods,490.4,1405.5,131.41,FALSE,472
11-01-2021,Pet Supplies,272.8,838.3,199.6,FALSE,255.1
11-01-2021,Groceries,296.2,813.2,103.07,FALSE,308.8
11-01-2021,Toys,245.8,629.7,241.16,FALSE,302.8
11-01-2021,Automotive Parts,329.1,608.5,208.42,FALSE,294.7
11-01-2021,Groceries,275.4,543.7,105.58,FALSE,628.15
11-01-2021,Beauty,355.7,1044.6,163.28,TRUE,362.9
11-01-2021,Furniture,235,877.2,75.44,FALSE,213.7
11-01-2021,Furniture,365,1016.9,75.49,FALSE,628.15
11-01-2021,Office Supplies,347.1,887.4,88.94,FALSE,361.35
11-01-2021,Electronics,210.4,574,47.52,FALSE,192.9
12-01-2021,Electronics,222.6,570,47.88,FALSE,220.3
12-01-2021,Automotive Parts,329.1,604.1,214.32,FALSE,348.1
12-01-2021,Apparel,434.6,1283,172.19,FALSE,414.2
12-01-2021,Office Supplies,365,873.8,91.72,FALSE,361.35
12-01-2021,Pet Supplies,379,824.5,195.47,FALSE,382.1
12-01-2021,Beauty,309.2,1042.2,158.76,FALSE,319.7
12-01-2021,Toys,249.1,631.4,242.76,FALSE,249.7
12-01-2021,Sporting Goods,504.2,1430.3,126,FALSE,496.7
12-01-2021,Sporting Goods,485.3,1404,124.58,FALSE,450.8
12-01-2021,Furniture,349.9,613.8,74.42,FALSE,352.3
13-01-2021,Toys,255.2,326.7,232.09,FALSE,264.2
13-01-2021,Groceries,318.5,1722.47,108.95,FALSE,628.15
13-01-2021,Electronics,248.4,555.2,45.85,FALSE,257.9
13-01-2021,Beauty,332.8,1037.8,172.1,FALSE,300
13-01-2021,Office Supplies,375.3,874.1,89.82,FALSE,361.8
13-01-2021,Furniture,275.2,860.6,73.48,FALSE,270
13-01-2021,Pet Supplies,303,829.9,197.57,FALSE,313.8
13-01-2021,Automotive Parts,368.6,595.7,216.22,FALSE,380.6
13-01-2021,Sporting Goods,546.7,1386.3,129.73,FALSE,536.9
13-01-2021,Apparel,451.4,1284.6,166.55,FALSE,469.7
14-01-2021,Toys,415.9,324.8,236.34,TRUE,389.2
14-01-2021,Apparel,477.3,1274.3,168.52,FALSE,490.8
14-01-2021,Pet Supplies,328.6,823.2,357.79,FALSE,343.7
14-01-2021,Sporting Goods,502,1398.7,133.6,FALSE,492.6
14-01-2021,Beauty,362.4,1025.3,168.74,FALSE,338.4
14-01-2021,Office Supplies,420.6,845.8,91.39,FALSE,439.7
14-01-2021,Furniture,642.8,855.4,74.43,FALSE,303.5
14-01-2021,Groceries,371.9,523.3,106.36,FALSE,374.3
14-01-2021,Electronics,259.7,549,47.33,FALSE,246.9
14-01-2021,Automotive Parts,329.1,599.7,214.5,FALSE,346
15-01-2021,Office Supplies,406.5,842.2,92.77,FALSE,376.2
15-01-2021,Apparel,429.6,1292.3,178.17,FALSE,411.9
15-01-2021,Furniture,312.7,853.9,73.81,FALSE,289.7
15-01-2021,Beauty,351.3,1024,167.26,FALSE,335.8
15-01-2021,Automotive Parts,360,597.8,219.2,FALSE,317.9
15-01-2021,Toys,273.8,328.5,240.15,FALSE,64.55
15-01-2021,Electronics,263.3,547.1,45.75,FALSE,276.1
15-01-2021,Sporting Goods,553.6,1397.7,130.14,FALSE,508.7
15-01-2021,Pet Supplies,346.4,810.9,202.27,FALSE,310.6
15-01-2021,Groceries,336.3,538.4,108.69,FALSE,334.2
16-01-2021,Beauty,358.7,1011.1,158.17,FALSE,343.2
16-01-2021,Sporting Goods,512.1,1410.8,133.15,FALSE,496.1
16-01-2021,Office Supplies,369.4,849.9,88.11,FALSE,395.7
16-01-2021,Furniture,297.1,977.65,75.77,FALSE,268.3
16-01-2021,Electronics,243.8,544,47.03,FALSE,228.4
16-01-2021,Automotive Parts,373.4,595,217.24,FALSE,338.1
16-01-2021,Groceries,355.6,524.3,110.65,FALSE,330.4
16-01-2021,Toys,275.7,324.7,234.85,FALSE,268.5
16-01-2021,Apparel,480.2,1281.5,181.23,FALSE,504.1
16-01-2021,Pet Supplies,353.7,811.3,196.13,FALSE,362.2
17-01-2021,Electronics,200,480.8,46.78,FALSE,187.7
17-01-2021,Groceries,297.7,546.7,107.59,FALSE,281.5
17-01-2021,Automotive Parts,325.6,606.3,219.05,FALSE,322.4
17-01-2021,Furniture,369.5,868.1,75.02,TRUE,289.7
17-01-2021,Pet Supplies,278.7,832.4,186.84,FALSE,287.6
17-01-2021,Apparel,433,1295.7,174.62,FALSE,406
17-01-2021,Sporting Goods,468.8,1419.7,130.67,FALSE,477.8
17-01-2021,Office Supplies,364.1,866.9,89.92,FALSE,334.4
17-01-2021,Beauty,305.1,1023,160.49,FALSE,291.5
17-01-2021,Toys,238.2,331.1,238.83,FALSE,241.3
18-01-2021,Toys,236.4,631.8,243.81,FALSE,246.4
18-01-2021,Automotive Parts,339.6,596.2,221.39,FALSE,347.6
18-01-2021,Beauty,322.5,1020.2,164.12,FALSE,304.2
18-01-2021,Furniture,243.8,883,73.69,FALSE,221.9
18-01-2021,Sporting Goods,481.8,1722.47,132.2,FALSE,456.2
18-01-2021,Office Supplies,390.3,862.4,90.43,FALSE,351.4
18-01-2021,Groceries,268.8,555.3,107.5,FALSE,279
18-01-2021,Electronics,273.4,480.8,46.58,TRUE,247.8
18-01-2021,Pet Supplies,261,838.1,197.1,FALSE,238.1
18-01-2021,Apparel,431,1293,173.5,FALSE,443.1
19-01-2021,Toys,642.8,629.9,243.3,FALSE,256.6
19-01-2021,Furniture,239.6,884.3,74.61,FALSE,226.8
19-01-2021,Office Supplies,501.8,819.8,89.82,TRUE,463.7
19-01-2021,Beauty,308.1,1028.4,164.86,FALSE,288.4
19-01-2021,Sporting Goods,525.15,1404.4,126.17,FALSE,483.1
19-01-2021,Groceries,452.5,547.6,107.6,TRUE,424.9
19-01-2021,Clothing,424.1,1299.5,178.58,FALSE,383
19-01-2021,Electronics,225.6,552.1,46.89,FALSE,211.7
19-01-2021,Automotive Parts,464.4,591,221.95,TRUE,425
19-01-2021,Pet Supplies,261.1,833.9,193.84,FALSE,263.4
20-01-2021,Apparel,437.8,1009.3,166.43,FALSE,438.8
20-01-2021,Office Supplies,404.9,851.2,89.64,FALSE,392.9
20-01-2021,Furniture,292.7,874.6,77.98,FALSE,299.9
20-01-2021,Beauty,391.2,993.4,169.41,FALSE,367.4
20-01-2021,Electronics,246,546.9,48.39,FALSE,239.6
20-01-2021,Toys,239.2,641.1,241.78,FALSE,229.5
20-01-2021,Groceries,319.4,535.3,109.8,FALSE,304.6
20-01-2021,Sporting Goods,504.1,1399.9,132.12,FALSE,518.6
20-01-2021,Automotive Parts,478.6,581.1,219.63,TRUE,474.9
20-01-2021,Pet Supplies,310.2,819.1,196.82,FALSE,292.5
21-01-2021,Furniture,303.9,977.65,72.8,FALSE,263.5
21-01-2021,Pet Supplies,355.4,806.2,193.32,FALSE,370.4
21-01-2021,Sporting Goods,527.4,1393.5,129.33,FALSE,508
21-01-2021,Groceries,342,527.5,105.72,FALSE,331.9
21-01-2021,Apparel,509.3,994.4,169.59,FALSE,529.7
21-01-2021,Office Supplies,454.8,842.7,91.59,FALSE,418.3
21-01-2021,Beauty,326.7,1006.9,166.74,FALSE,296.3
21-01-2021,Automotive Parts,366.7,590.1,211.5,FALSE,355.8
21-01-2021,Toys,268.7,631.7,240.9,FALSE,302.8
21-01-2021,Electronics,273.8,480.8,46.37,FALSE,265.6
22-01-2021,Pet Supplies,435.4,819,196.56,TRUE,397.9
22-01-2021,Office Supplies,445,847.6,89.82,FALSE,402.3
22-01-2021,Apparel,491.1,999.5,167.33,FALSE,98.2
22-01-2021,Automotive Parts,559.8,581.4,211.45,TRUE,559
22-01-2021,Sporting Goods,538.1,1397.6,130.83,FALSE,516.4
22-01-2021,Groceries,332.9,535.7,108.8,FALSE,320.7
22-01-2021,Toys,252.4,629,238.59,FALSE,228.8
22-01-2021,Furniture,293,578.7,77.08,FALSE,271.9
22-01-2021,Beauty,360,987.1,161.26,FALSE,373.2
22-01-2021,Electronics,274.5,545,45.95,FALSE,284.6
23-01-2021,Groceries,302.8,542.1,107.87,FALSE,304
23-01-2021,Sporting Goods,491,1404.6,132.91,FALSE,444.4
23-01-2021,Automotive Parts,378.3,583.3,215.98,FALSE,363.3
23-01-2021,Electronics,264.8,545.1,46.57,FALSE,249.6
23-01-2021,Toys,261.4,635.9,237.89,FALSE,628.15
23-01-2021,Clothing,573.7,1009.6,164.9,TRUE,599.7
23-01-2021,Office Supplies,440.8,848.6,90.37,FALSE,413.9
23-01-2021,Beauty,337.2,1016.3,170.73,FALSE,387.5
23-01-2021,Furniture,295.1,577.8,73.91,FALSE,64.55
23-01-2021,Pet Supplies,290.3,827.1,203.04,FALSE,275.4
24-01-2021,Sporting Goods,542.8,1394.4,128.76,FALSE,520.2
24-01-2021,Furniture,265.9,584.9,75.1,FALSE,273.3
24-01-2021,Automotive Parts,448.5,598.3,219.76,TRUE,407
24-01-2021,Groceries,425.4,562.1,107.5,TRUE,411
24-01-2021,Toys,238.8,646.6,250.1,FALSE,228.7
24-01-2021,Electronics,312.7,546.1,46.48,TRUE,286.8
24-01-2021,Clothing,462.2,1008.3,173.34,FALSE,422.8
24-01-2021,Pet Supplies,321.3,819.4,190.48,FALSE,304.8
24-01-2021,Beauty,329.5,1013.1,171.93,FALSE,311.2
24-01-2021,Office Supplies,362.7,819.8,90.53,FALSE,358.5
25-01-2021,Automotive Parts,351.8,591.2,212.26,FALSE,356.9
25-01-2021,Sporting Goods,447.6,1424.8,127.62,FALSE,459.1
25-01-2021,Toys,231.4,642.2,228.32,FALSE,211.3
25-01-2021,Apparel,421.3,1298.4,173.9,FALSE,408
25-01-2021,Pet Supplies,287.6,822.7,195.73,FALSE,266.4
25-01-2021,Office Supplies,369.4,873.7,89.82,FALSE,338
25-01-2021,Groceries,293.4,572.5,107.56,FALSE,285.6
25-01-2021,Beauty,451.9,1017.2,165.46,TRUE,437.6
25-01-2021,Furniture,270.1,581,72.34,FALSE,251.6
25-01-2021,Electronics,248.4,556.8,46.96,FALSE,213.1
26-01-2021,Groceries,280,570.4,107.74,FALSE,281.2
26-01-2021,Electronics,232.3,557.2,46.3,FALSE,227
26-01-2021,Beauty,280.6,1016.3,164.48,FALSE,265.6
26-01-2021,Automotive Parts,329,603.6,214.19,FALSE,319.3
26-01-2021,Furniture,243.3,881.4,73.85,FALSE,248
26-01-2021,Toys,642.8,636,234.4,FALSE,242.7
26-01-2021,Office Supplies,350.2,876.3,86.03,FALSE,361.35
26-01-2021,Clothing,385.5,1304.6,167.2,FALSE,381
26-01-2021,Pet Supplies,245.7,836.1,195.79,FALSE,244.8
26-01-2021,Sporting Goods,471.4,1407.2,132.04,FALSE,492.8
27-01-2021,Furniture,225.7,890,75.61,FALSE,220.6
27-01-2021,Sporting Goods,642.8,1390.1,128.86,FALSE,500.3
27-01-2021,Toys,261.5,618.9,238.43,FALSE,271.7
27-01-2021,Office Supplies,379.5,866.3,87.4,FALSE,363.4
27-01-2021,Groceries,310,559,107.73,FALSE,316.9
27-01-2021,Pet Supplies,642.8,818.1,204.17,FALSE,317.9
27-01-2021,Electronics,239.9,554.9,46.87,FALSE,216.7
27-01-2021,Automotive Parts,434.5,599.6,221.71,TRUE,419.9
27-01-2021,Beauty,324.7,1016.3,170.1,FALSE,302.9
27-01-2021,Apparel,484.2,1278.2,171.63,FALSE,438.8
28-01-2021,Toys,263.7,622.4,237,FALSE,263.7
28-01-2021,Electronics,248.4,535.3,48.21,FALSE,289.8
28-01-2021,Apparel,472.7,1283.1,174.93,FALSE,473.6
28-01-2021,Pet Supplies,303.6,809.7,196.64,FALSE,300.8
28-01-2021,Groceries,368.7,535.2,108.67,FALSE,365.7
28-01-2021,Furniture,262.5,881.8,75.3,FALSE,243
28-01-2021,Beauty,397.35,992.3,166.3,FALSE,341.4
28-01-2021,Office Supplies,433.2,851.8,90.72,FALSE,424.6
28-01-2021,Sporting Goods,576.6,1371.3,132.28,FALSE,544.3
28-01-2021,Automotive Parts,376.9,591.3,218.63,FALSE,394
29-01-2021,Office Supplies,428.5,850.7,88.36,FALSE,435.3
29-01-2021,Sporting Goods,580.9,1367.9,132.9,FALSE,582.8
29-01-2021,Groceries,321.1,693.1,108.55,FALSE,304.8
29-01-2021,Electronics,285.1,539.9,45.91,FALSE,295.7
29-01-2021,Automotive Parts,642.8,590.6,221.3,FALSE,389.6
29-01-2021,Beauty,397.8,1016.3,166.57,FALSE,403.5
29-01-2021,Pet Supplies,319.3,807.8,194.5,FALSE,319.7
29-01-2021,Furniture,249.1,893.2,74.99,FALSE,230.6
29-01-2021,Apparel,602.5,1276.1,164.41,TRUE,603
29-01-2021,Toys,370.5,619.2,236.37,TRUE,365.2
30-01-2021,Beauty,363.4,995.2,161.93,FALSE,380.9
30-01-2021,Electronics,277.1,545.3,47.18,FALSE,263.8
30-01-2021,Automotive Parts,329.1,656.2,220.79,FALSE,377.5
30-01-2021,Sporting Goods,494.3,1391.2,126.87,FALSE,455.9
30-01-2021,Groceries,318.9,552.9,104,FALSE,329.4
30-01-2021,Toys,313.75,625.9,242.55,FALSE,261.9
30-01-2021,Apparel,436.7,1292.6,171.68,FALSE,450.5
30-01-2021,Pet Supplies,320.5,806,189.14,FALSE,320
30-01-2021,Furniture,244.6,890.9,74.64,FALSE,226.8
30-01-2021,Office Supplies,401.9,855,90.23,FALSE,387.5
31-01-2021,Automotive Parts,359.9,603.9,222.56,FALSE,354.2
31-01-2021,Apparel,447.6,1288.7,169.66,FALSE,407
31-01-2021,Groceries,300.9,553.4,108.59,FALSE,276.3
31-01-2021,Sporting Goods,535.1,1376.2,128.09,FALSE,493.5
31-01-2021,Office Supplies,370.2,870.8,89.26,FALSE,333.6
31-01-2021,Pet Supplies,301.2,821.8,189.92,FALSE,277.9
31-01-2021,Beauty,345.2,1016.3,163.28,FALSE,628.15
31-01-2021,Electronics,266.9,558.8,46.96,FALSE,262.8
31-01-2021,Toys,230,625.3,235.96,FALSE,229.5
31-01-2021,Furniture,270.1,887.1,75.5,FALSE,255
01-02-2021,Sporting Goods,458.5,1404.3,128.01,FALSE,421.6
01-02-2021,Furniture,452.5,858,74.68,TRUE,413.9
01-02-2021,Electronics,249.2,563,47.55,FALSE,258.1
01-02-2021,Office Supplies,369.8,881.7,92.46,FALSE,386.1
01-02-2021,Furniture,254,892.7,78.75,FALSE,265.5
01-02-2021,Automotive Parts,522.7,393.5,221.1,TRUE,478.7
01-02-2021,Automotive Parts,322.9,614,221.77,FALSE,312.9
01-02-2021,Toys,246.5,621.5,235.2,FALSE,258.8
01-02-2021,Groceries,323.7,554.9,103.77,FALSE,308.9
02-02-2021,Toys,239.8,618.3,238.68,FALSE,250.1
02-02-2021,Sporting Goods,540.8,1376.5,127.94,FALSE,502.5
02-02-2021,Furniture,303.9,892.5,74.14,FALSE,236.4
02-02-2021,Beauty,350.9,981.3,163.41,FALSE,358.9
02-02-2021,Apparel,413,1283.1,170.53,FALSE,420.1
02-02-2021,Electronics,243.3,565.8,46.87,FALSE,247.1
02-02-2021,Pet Supplies,279,833,194.12,FALSE,263.7
02-02-2021,Office Supplies,642.8,890.3,85.26,TRUE,459.4
02-02-2021,Automotive Parts,367.6,599.9,222.86,FALSE,351.4
02-02-2021,Groceries,455.9,572.8,105.76,TRUE,450.1
03-02-2021,Groceries,295.5,606.2,111.67,FALSE,307.2
03-02-2021,Pet Supplies,269.4,811.4,190.34,FALSE,256.2
03-02-2021,Sporting Goods,525.15,1352.8,127.29,FALSE,559
03-02-2021,Office Supplies,369.4,872.3,91.08,FALSE,388.8
03-02-2021,Groceries,316.2,562.9,104.42,FALSE,285.1
03-02-2021,Electronics,395,508.7,46.07,TRUE,369.5
03-02-2021,Toys,250.3,608.1,227.21,FALSE,250.6
03-02-2021,Office Supplies,501,912.6,89.27,TRUE,520.7
03-02-2021,Beauty,348.7,1016.3,169.35,FALSE,357.7
03-02-2021,Apparel,415.1,1295.1,167.2,FALSE,424.1
03-02-2021,Automotive Parts,329.1,602.4,212.05,TRUE,497.6
03-02-2021,Pet Supplies,333.3,815.5,196.77,FALSE,326.9
04-02-2021,Apparel,458.8,1274.3,172.55,FALSE,444.8
04-02-2021,Groceries,332.2,564.2,108.29,FALSE,313.8
04-02-2021,Office Supplies,404,860.3,93.61,FALSE,400
04-02-2021,Pet Supplies,360.7,809.6,194.8,FALSE,347.6
04-02-2021,Toys,235.2,609.8,231.53,FALSE,232.5
04-02-2021,Beauty,642.8,966.1,165.12,FALSE,410.5
04-02-2021,Automotive Parts,374.1,609.1,224.22,FALSE,391.5
04-02-2021,Furniture,268.4,890.9,74.04,FALSE,246.5
05-02-2021,Pet Supplies,337.8,805.1,196.71,FALSE,314.7
05-02-2021,Electronics,297.6,539.6,46.67,FALSE,277.2
05-02-2021,Beauty,401.7,966.2,164.17,FALSE,382.6
05-02-2021,Automotive Parts,338.4,650.6,212.44,FALSE,342.5
05-02-2021,Toys,263.1,600.4,231.13,FALSE,254.6
05-02-2021,Furniture,281.5,889.5,74.74,FALSE,284
05-02-2021,Apparel,451.9,1263,176.05,FALSE,502.3
06-02-2021,Sporting Goods,520.1,1381.8,127.24,FALSE,532.5
06-02-2021,Groceries,311.3,582.1,107.5,FALSE,288.5
06-02-2021,Office Supplies,392.9,866,91.05,FALSE,361.35
06-02-2021,Beauty,487.1,980.1,173.78,TRUE,460.1
06-02-2021,Automotive Parts,361.5,617.8,211.28,FALSE,370.9
06-02-2021,Electronics,262.1,523.3,46.64,FALSE,269.4
06-02-2021,Electronics,281.6,548.7,46.42,FALSE,269.2
06-02-2021,Pet Supplies,287.3,818.2,204.46,FALSE,268.6
06-02-2021,Furniture,245.8,904,73.6,FALSE,249.9
07-02-2021,Automotive Parts,392.1,617.1,226.66,FALSE,401.3
07-02-2021,Furniture,355.3,901.2,74.82,TRUE,339.3
07-02-2021,Beauty,332.8,977.2,164.39,FALSE,308.4
07-02-2021,Pet Supplies,321.3,819,201.31,FALSE,265.9
07-02-2021,Pet Supplies,321.3,810,192.9,FALSE,334.5
07-02-2021,Apparel,566.7,1284.7,171.87,TRUE,583.7
07-02-2021,Toys,386.7,604.3,240.59,TRUE,302.8
07-02-2021,Sporting Goods,539.4,1371.3,135.2,FALSE,512.9
07-02-2021,Office Supplies,350,881.4,91.35,FALSE,365.5
07-02-2021,Groceries,285.3,593.2,109.15,FALSE,258.6
08-02-2021,Electronics,178.9,497.8,46.78,FALSE,185.6
08-02-2021,Automotive Parts,326.9,643.5,220.04,FALSE,316
08-02-2021,Furniture,214.2,904,74.65,FALSE,209.5
08-02-2021,Furniture,330,989.5,74.78,FALSE,304.5
08-02-2021,Beauty,280.4,993.6,164.86,FALSE,283.2
08-02-2021,Sporting Goods,462.4,1358.2,125.02,FALSE,444.6
08-02-2021,Electronics,642.8,546.7,46.35,FALSE,628.15
08-02-2021,Toys,193.6,629.2,238.53,FALSE,177.1
08-02-2021,Office Supplies,351.9,880.5,89.82,FALSE,334.1
08-02-2021,Apparel,374.7,1292.8,169.24,FALSE,391.5
08-02-2021,Groceries,642.8,594.2,107.61,FALSE,260.3
08-02-2021,Pet Supplies,281.6,821.4,200.81,FALSE,259.5
08-02-2021,Sporting Goods,436.1,1405,128.86,FALSE,396.8
09-02-2021,Groceries,288,593.4,106.96,FALSE,275.2
09-02-2021,Furniture,256,891.3,77.19,FALSE,233.5
09-02-2021,Automotive Parts,309,687.3,224.01,FALSE,317.9
09-02-2021,Groceries,295.5,736.9,108.12,FALSE,270
09-02-2021,Sporting Goods,642.8,1387.5,127.58,TRUE,628.15
09-02-2021,Sporting Goods,487.7,1370,126.4,FALSE,501.2
09-02-2021,Toys,209.8,630,238.66,FALSE,205
09-02-2021,Beauty,426.8,1031.8,164.03,FALSE,426.1
09-02-2021,Beauty,296.4,984.4,170.48,FALSE,268.9
09-02-2021,Pet Supplies,258.4,827.1,194.25,FALSE,236.6
09-02-2021,Electronics,244.5,545.5,46.93,FALSE,223
09-02-2021,Apparel,426.6,1300.9,170.26,FALSE,417.7
09-02-2021,Office Supplies,386.9,812,86.88,FALSE,351.8
10-02-2021,Automotive Parts,353.1,642.7,217.65,FALSE,318.8
10-02-2021,Furniture,287.1,899,74.93,TRUE,285.5
10-02-2021,Pet Supplies,371,825.2,193.07,TRUE,376.2
10-02-2021,Beauty,333,975.5,167.19,FALSE,345.8
10-02-2021,Groceries,316.1,580.4,106.19,FALSE,320.5
10-02-2021,Sporting Goods,491,1382.1,125.79,FALSE,468.4
10-02-2021,Pet Supplies,384.8,464,196.15,FALSE,368.2
10-02-2021,Automotive Parts,295.8,688.5,220.33,FALSE,275.1
10-02-2021,Apparel,480.9,1722.47,174.49,FALSE,502.8
10-02-2021,Office Supplies,373.1,871,89.94,FALSE,359.6
10-02-2021,Electronics,280.6,541.4,47.96,FALSE,293.4
11-02-2021,Electronics,290.3,535.3,46.78,FALSE,296.5
11-02-2021,Electronics,176,424.8,46.28,FALSE,180.4
11-02-2021,Apparel,460.4,1318.2,167.72,FALSE,481.5
11-02-2021,Groceries,340.7,569.3,107.19,FALSE,314
11-02-2021,Toys,260.7,629.2,241.24,FALSE,272.9
11-02-2021,Beauty,375.9,961.7,164.62,FALSE,376.1
11-02-2021,Furniture,268.5,885,73.9,FALSE,268.2
11-02-2021,Automotive Parts,395.7,630.6,224.34,FALSE,412.5
11-02-2021,Pet Supplies,319.5,812.6,192.87,FALSE,328.9
11-02-2021,Office Supplies,417,817.7,88.86,FALSE,404.7
12-02-2021,Toys,313.75,622.9,239.32,FALSE,290.7
12-02-2021,Automotive Parts,384.1,633.5,217.6,FALSE,358.9
12-02-2021,Groceries,352,567.3,106.55,FALSE,368.8
12-02-2021,Beauty,408.1,953.9,163.46,FALSE,423.1
12-02-2021,Office Supplies,456.8,847.3,86.11,FALSE,449.4
12-02-2021,Furniture,243.1,977.65,76.43,FALSE,233.7
12-02-2021,Automotive Parts,368.6,655.6,212.55,FALSE,342
12-02-2021,Apparel,498.7,1243.1,169.52,FALSE,469.4
12-02-2021,Sporting Goods,602.6,1353.3,127.73,FALSE,543.3
13-02-2021,Sporting Goods,525.15,1378.3,122.56,FALSE,485.8
13-02-2021,Furniture,249.3,891.5,73.43,FALSE,237.8
13-02-2021,Electronics,468.9,530.5,45.75,TRUE,472.9
13-02-2021,Beauty,343.2,966.6,168.87,FALSE,314.6
13-02-2021,Toys,260.9,641.2,238.27,FALSE,264
13-02-2021,Automotive Parts,385.3,632.8,223.29,FALSE,317.9
13-02-2021,Office Supplies,427.1,855.6,88.57,FALSE,388.4
13-02-2021,Groceries,315.2,1722.47,109.07,FALSE,289
13-02-2021,Pet Supplies,284.5,536.2,195.62,FALSE,279.6
13-02-2021,Apparel,491.2,1243.5,172.58,FALSE,449.3
14-02-2021,Apparel,459.1,1245.8,165.11,FALSE,432.1
14-02-2021,Electronics,257.5,544.1,45.91,FALSE,264.6
14-02-2021,Groceries,301.2,588.2,104.51,FALSE,311.8
14-02-2021,Toys,230.7,647.5,240,FALSE,237.4
14-02-2021,Office Supplies,369,866.9,85.38,FALSE,352
14-02-2021,Beauty,642.8,968.5,163.71,FALSE,337.6
14-02-2021,Sporting Goods,536.2,1378.8,131.02,FALSE,544.4
14-02-2021,Furniture,219,899.3,73,FALSE,226.5
14-02-2021,Automotive Parts,377.9,630.5,212.28,FALSE,388.2
14-02-2021,Pet Supplies,255.6,807.1,197.44,FALSE,310.6
15-02-2021,Office Supplies,344.1,881.1,88.62,FALSE,359.9
15-02-2021,Clothing,415.3,1262.5,167.85,FALSE,384.3
15-02-2021,Electronics,237.1,547.1,46.57,FALSE,244.7
15-02-2021,Automotive Parts,343,640,217.94,FALSE,339.8
15-02-2021,Beauty,332.8,966,162.41,FALSE,312.6
15-02-2021,Furniture,206.6,906,71.41,FALSE,204
15-02-2021,Groceries,298.4,590.8,106.86,FALSE,296.1
15-02-2021,Pet Supplies,251.7,544.5,193.71,FALSE,64.55
15-02-2021,Toys,211.2,646.9,234.64,FALSE,302.8
15-02-2021,Sporting Goods,486.2,1392.8,130.42,FALSE,449
16-02-2021,Sporting Goods,490.5,1388.9,126.74,FALSE,510.8
16-02-2021,Electronics,389.1,529.1,47.1,TRUE,358.7
16-02-2021,Toys,233.9,638.9,239.16,FALSE,223.8
16-02-2021,Pet Supplies,243.2,807.1,199.53,FALSE,250.3
16-02-2021,Apparel,446.3,1256.6,170.83,FALSE,402.5
16-02-2021,Beauty,296.3,966.1,163.54,FALSE,274.4
16-02-2021,Automotive Parts,350.9,639.9,217.8,FALSE,329.6
16-02-2021,Furniture,303.9,907.7,72.56,FALSE,218.5
16-02-2021,Groceries,273.4,693.1,107.5,FALSE,283.5
16-02-2021,Office Supplies,353.6,886.1,89.74,FALSE,333
17-02-2021,Office Supplies,351.4,888,92.37,FALSE,363.7
17-02-2021,Furniture,263,896.3,73.65,FALSE,264.5
17-02-2021,Pet Supplies,439.6,541.2,196.49,TRUE,438.9
17-02-2021,Electronics,289.6,520,47.34,FALSE,271.3
17-02-2021,Sporting Goods,516.2,1373.5,124.61,FALSE,466.5
17-02-2021,Toys,264.1,624.4,236.75,FALSE,239
17-02-2021,Beauty,380,948.3,158.63,FALSE,364.1
17-02-2021,Apparel,482.5,1249.2,171.3,FALSE,444.1
17-02-2021,Automotive Parts,365.2,639.2,216.01,FALSE,372
17-02-2021,Groceries,323.9,581.3,107.32,FALSE,320.5
18-02-2021,Pet Supplies,457.2,804.6,202.5,TRUE,477.7
18-02-2021,Beauty,392.3,1016.3,164.06,FALSE,390.9
18-02-2021,Groceries,343,296.9,108.61,FALSE,348.3
18-02-2021,Furniture,232.5,905.8,74.1,FALSE,225.5
18-02-2021,Sporting Goods,533.3,1370.4,127.35,FALSE,495
18-02-2021,Automotive Parts,383.8,635.2,225.82,FALSE,388
18-02-2021,Apparel,469.6,1260.5,172.14,FALSE,427.4
18-02-2021,Electronics,297.9,520.2,46.01,FALSE,311.6
18-02-2021,Office Supplies,390.4,880,92.81,FALSE,356.9
18-02-2021,Toys,269.3,622,244.32,FALSE,248.1
19-02-2021,Furniture,254.1,910.3,74.81,FALSE,250.7
19-02-2021,Sporting Goods,575.3,1355.7,126.54,FALSE,584.4
19-02-2021,Apparel,490.2,1253.3,172.99,FALSE,510.4
19-02-2021,Pet Supplies,326.7,806.8,197.29,FALSE,309.3
19-02-2021,Automotive Parts,389.8,625,357.79,FALSE,373.8
19-02-2021,Beauty,410.8,1016.3,160.13,TRUE,394
19-02-2021,Groceries,338.6,298.3,108.02,FALSE,339.5
19-02-2021,Electronics,471.7,508.7,46.18,TRUE,454.8
19-02-2021,Office Supplies,369.4,879.2,88.68,FALSE,412.9
19-02-2021,Toys,244.5,627.2,240.01,FALSE,237.9
20-02-2021,Furniture,225,921.9,75.77,FALSE,232
20-02-2021,Toys,247.8,629.9,241.88,FALSE,257.1
20-02-2021,Beauty,385.6,947.3,161.63,FALSE,359.9
20-02-2021,Groceries,327.5,298.3,110.46,FALSE,295.35
20-02-2021,Office Supplies,414.9,870.6,89.25,FALSE,397.3
20-02-2021,Apparel,459.1,1260.2,174.35,FALSE,438.8
20-02-2021,Pet Supplies,321.3,800.6,195.95,FALSE,309.6
20-02-2021,Automotive Parts,386.7,626.1,217.8,FALSE,405.3
20-02-2021,Sporting Goods,525.15,1363.4,128.7,FALSE,628.15
20-02-2021,Electronics,299.9,508.3,48.05,FALSE,276.1
21-02-2021,Toys,238.9,631.4,246.72,FALSE,222.2
21-02-2021,Office Supplies,356.5,890,88.22,FALSE,356
21-02-2021,Furniture,198.1,977.65,74.43,FALSE,192.9
21-02-2021,Groceries,271.1,309.7,110.89,FALSE,284.6
21-02-2021,Electronics,243.8,522.9,45.94,FALSE,244.4
21-02-2021,Beauty,345,960.2,164.1,FALSE,335.7
21-02-2021,Apparel,452.7,1262,169.42,FALSE,422.3
21-02-2021,Pet Supplies,422.6,808.1,198.02,TRUE,398.4
21-02-2021,Sporting Goods,540.2,1362.8,126.21,FALSE,510.3
21-02-2021,Automotive Parts,359.5,630.6,215.41,FALSE,344.4
22-02-2021,Office Supplies,323.8,901.3,89.82,FALSE,339.8
22-02-2021,Automotive Parts,345.7,637.1,213.73,FALSE,332.4
22-02-2021,Beauty,310,976.7,169.59,FALSE,322.3
22-02-2021,Groceries,302.8,309.7,107.87,FALSE,289.7
22-02-2021,Apparel,461.2,1264.2,170.75,FALSE,452.1
22-02-2021,Pet Supplies,218.4,807.1,196.39,FALSE,214.5
22-02-2021,Furniture,206.1,937.2,72.59,FALSE,210.6
22-02-2021,Electronics,252.9,514.8,46.81,FALSE,245.6
22-02-2021,Toys,235.2,636.1,232.68,FALSE,222.3
22-02-2021,Sporting Goods,489,1079,128.33,FALSE,485.6
23-02-2021,Toys,252.9,638,357.79,FALSE,233
23-02-2021,Automotive Parts,435.6,642.7,218.96,TRUE,423.4
23-02-2021,Clothing,621.8,1282.3,171.01,TRUE,628.15
23-02-2021,Furniture,201.3,946.4,74.14,FALSE,190.1
23-02-2021,Beauty,397.35,960.5,164.96,TRUE,521.7
23-02-2021,Sporting Goods,562.7,1060.1,127.66,FALSE,570.2
23-02-2021,Pet Supplies,266.9,815.3,194.88,FALSE,277.5
23-02-2021,Groceries,302.8,608,107.23,FALSE,281.9
23-02-2021,Electronics,251.2,514.1,47.59,FALSE,236.4
23-02-2021,Office Supplies,385.5,819.8,88.85,FALSE,392.2
24-02-2021,Electronics,290.2,492.7,47.51,FALSE,276.3
24-02-2021,Sporting Goods,556.5,1059.7,128.09,FALSE,512.9
24-02-2021,Toys,286.6,620.1,243.41,FALSE,298.9
24-02-2021,Beauty,327.9,964.9,164.86,FALSE,343.1
24-02-2021,Automotive Parts,386.2,624.3,215.17,FALSE,391.9
24-02-2021,Furniture,191.7,943.6,72.59,FALSE,185.7
24-02-2021,Groceries,452.9,607,107.5,TRUE,440.2
24-02-2021,Apparel,427.2,1277.3,167.79,FALSE,396
24-02-2021,Office Supplies,390.2,882.5,92.26,FALSE,405.8
24-02-2021,Pet Supplies,282.7,813.3,199.7,FALSE,289
25-02-2021,Groceries,336,598.9,106.63,FALSE,302.5
25-02-2021,Furniture,217.6,940.2,74.73,FALSE,205.7
25-02-2021,Beauty,385.6,953.3,163.17,FALSE,393.3
25-02-2021,Pet Supplies,314.9,803.9,198.65,FALSE,308.8
25-02-2021,Electronics,300.4,490.9,46.13,FALSE,302.5
25-02-2021,Apparel,435.5,1279.4,170.74,FALSE,403.5
25-02-2021,Office Supplies,490.3,883.9,85.49,TRUE,459
25-02-2021,Sporting Goods,582,1397.7,127.85,FALSE,534.2
25-02-2021,Toys,355.4,639,234.05,TRUE,358.2
25-02-2021,Automotive Parts,388.7,625.8,228.98,FALSE,390.1
26-02-2021,Sporting Goods,598.3,1046.3,130.6,FALSE,559.2
26-02-2021,Beauty,400.5,951.4,165.99,FALSE,418.8
26-02-2021,Groceries,338.6,592.7,103.66,FALSE,324.2
26-02-2021,Furniture,230.9,934.3,76.63,FALSE,216.2
26-02-2021,Office Supplies,642.8,872,85.55,TRUE,628.15
26-02-2021,Pet Supplies,313.3,807.1,199.24,FALSE,303.8
26-02-2021,Automotive Parts,354.5,632.1,218.64,FALSE,340.2
26-02-2021,Toys,289.6,635.9,239.61,FALSE,285.1
26-02-2021,Clothing,467.3,1303.5,173.88,FALSE,450.5
26-02-2021,Electronics,302.2,496.3,47.04,FALSE,284.8
27-02-2021,Sporting Goods,525.15,1350,128.35,TRUE,628.15
27-02-2021,Office Supplies,543.8,898.2,94.09,TRUE,537.1
27-02-2021,Electronics,297.1,491.5,45.65,FALSE,307.5
27-02-2021,Toys,272.5,627.2,232.3,FALSE,266.2
27-02-2021,Furniture,246.6,922.2,72.41,FALSE,244.9
27-02-2021,Clothing,473.4,1274.4,170.25,FALSE,446.1
27-02-2021,Pet Supplies,321.3,807.1,197.99,FALSE,265.9
27-02-2021,Groceries,325.2,598.5,108.75,FALSE,304.1
27-02-2021,Automotive Parts,329.1,619.3,217.8,FALSE,398
27-02-2021,Beauty,384.6,962.8,166.67,FALSE,395.9
28-02-2021,Apparel,459.5,1276,167.57,FALSE,458.8
28-02-2021,Electronics,248.4,501.2,47.98,FALSE,243.7
28-02-2021,Pet Supplies,289.4,807.2,196.71,FALSE,272.8
28-02-2021,Furniture,195.3,943.1,72.02,FALSE,202.4
28-02-2021,Sporting Goods,512.6,1360,130.01,FALSE,484.2
28-02-2021,Groceries,304.3,605.3,108.07,FALSE,289
28-02-2021,Toys,262.8,639,232.03,FALSE,240.8
28-02-2021,Beauty,367,975.4,163.6,FALSE,387.5
28-02-2021,Office Supplies,341.9,914.5,84.97,FALSE,353.9
28-02-2021,Automotive Parts,343.3,643.2,223.52,FALSE,320.6
01-03-2021,Apparel,455.2,1270.3,167.01,FALSE,475.4
01-03-2021,Sporting Goods,502.5,1356.3,126.51,FALSE,510.6
01-03-2021,Automotive Parts,325.5,642.4,211.5,FALSE,331.7
01-03-2021,Electronics,265.7,507.7,47.84,FALSE,270.8
01-03-2021,Beauty,321.2,1032.7,158.78,FALSE,306.7
01-03-2021,Groceries,290.5,606.8,107.45,FALSE,280.9
01-03-2021,Furniture,295.6,853.1,75.67,FALSE,271.2
01-03-2021,Office Supplies,331,919.9,92.09,FALSE,315.2
01-03-2021,Beauty,382.2,1000,166.15,TRUE,384.4
01-03-2021,Toys,233.8,650.1,236.53,FALSE,241.3
01-03-2021,Pet Supplies,324.2,829.4,190.8,FALSE,298.8
01-03-2021,Sporting Goods,497.7,1393.2,128.66,FALSE,476.6
01-03-2021,Apparel,395.9,1291.5,165.09,FALSE,411.8
01-03-2021,Furniture,223.7,936.3,75.17,FALSE,212.8
02-03-2021,Toys,202,653.9,245.61,FALSE,203.4
02-03-2021,Electronics,273.8,480.8,45.79,FALSE,269.8
02-03-2021,Furniture,255.4,887.7,78.15,FALSE,261.7
02-03-2021,Beauty,337.9,993.4,165.97,FALSE,328.6
02-03-2021,Furniture,210.4,933.6,73.85,FALSE,200.9
02-03-2021,Automotive Parts,355.6,630.6,215.18,FALSE,339
02-03-2021,Sporting Goods,501,1353.1,126.6,FALSE,466.5
02-03-2021,Apparel,420.8,1282.3,166.6,FALSE,419.1
03-03-2021,Groceries,305.1,603.5,106.62,FALSE,314.4
03-03-2021,Sporting Goods,487.1,1365.9,132.52,FALSE,482.6
03-03-2021,Beauty,371.7,981.6,170.25,FALSE,345.5
03-03-2021,Automotive Parts,363.3,632.2,219.57,FALSE,368.8
03-03-2021,Furniture,192,941,76.11,FALSE,192.6
03-03-2021,Pet Supplies,264.9,1722.47,200.14,FALSE,271.4
03-03-2021,Toys,245.5,642.1,241.52,FALSE,221.9
03-03-2021,Electronics,288.7,498.8,46,FALSE,301.5
03-03-2021,Clothing,449.4,1269.5,172.05,FALSE,440.1
03-03-2021,Office Supplies,366,893.5,89.24,FALSE,380.8
04-03-2021,Pet Supplies,303.1,819.9,197.66,FALSE,308.7
04-03-2021,Office Supplies,448,867.8,90.01,FALSE,422.7
04-03-2021,Furniture,246.3,912.3,72.6,FALSE,229.3
04-03-2021,Automotive Parts,365.6,640.1,211.53,FALSE,370.7
04-03-2021,Apparel,450,1267,172.22,FALSE,442.4
04-03-2021,Clothing,441.4,1284.2,165.86,FALSE,415.6
04-03-2021,Sporting Goods,580.9,1337.9,128.33,FALSE,594.2
05-03-2021,Office Supplies,429.1,867,89.82,FALSE,428.2
05-03-2021,Toys,269,636.3,242.19,FALSE,248.7
05-03-2021,Toys,278.6,631.5,242.65,FALSE,278.7
05-03-2021,Sporting Goods,556.6,1337.9,126.58,FALSE,501.7
05-03-2021,Furniture,223.5,1008.9,76.63,FALSE,215.9
05-03-2021,Clothing,618.1,1269.8,170.57,TRUE,607.4
05-03-2021,Beauty,434.7,957.4,168.16,FALSE,421.6
05-03-2021,Sporting Goods,525.15,1345.5,125.52,FALSE,512.9
05-03-2021,Groceries,345,603.7,109.68,FALSE,314.6
05-03-2021,Automotive Parts,354.2,637.8,219.61,FALSE,355.6
05-03-2021,Pet Supplies,313.5,824,196.84,FALSE,327.9
05-03-2021,Apparel,361.2,1320.6,168.47,FALSE,347.4
05-03-2021,Furniture,263.7,910.7,73.77,FALSE,258.4
05-03-2021,Electronics,329.1,483,46.23,FALSE,305.5
06-03-2021,Sporting Goods,571.1,1347.8,132.06,FALSE,555.4
06-03-2021,Electronics,304.9,489.6,46.57,FALSE,275.8
06-03-2021,Groceries,327.3,617.2,103.09,FALSE,306
06-03-2021,Apparel,463.5,1269.4,164.34,FALSE,461.1
06-03-2021,Office Supplies,386.7,874.2,91.87,FALSE,398.4
06-03-2021,Furniture,202.5,923.1,74.14,FALSE,196
06-03-2021,Toys,241.7,651.3,238.53,FALSE,243.7
06-03-2021,Beauty,371.2,979.7,165.66,FALSE,365
07-03-2021,Pet Supplies,316.8,814,196.71,FALSE,329.9
07-03-2021,Pet Supplies,254.6,831.2,199.56,FALSE,251.8
07-03-2021,Electronics,289.7,497.3,46.47,FALSE,296.5
07-03-2021,Apparel,413,1286.5,169.26,FALSE,382.8
07-03-2021,Toys,264.7,637.3,236.46,FALSE,249.6
07-03-2021,Sporting Goods,507.6,1361.1,127.95,FALSE,520.4
07-03-2021,Automotive Parts,345,628.3,218.47,FALSE,338.1
07-03-2021,Beauty,397.35,993.6,163.64,FALSE,298
07-03-2021,Office Supplies,349.3,880.1,88.57,FALSE,343.4
08-03-2021,Groceries,252.6,703.2,108.41,FALSE,253.8
08-03-2021,Pet Supplies,225.3,847.1,202.4,FALSE,310.6
08-03-2021,Groceries,405.9,642.9,106.51,TRUE,415.1
08-03-2021,Electronics,275.9,480.8,48.2,FALSE,262.2
08-03-2021,Toys,246.3,643.3,243.03,FALSE,229.5
08-03-2021,Sporting Goods,525.15,1354.7,128.63,FALSE,485.5
08-03-2021,Office Supplies,369.4,889.3,90.36,FALSE,348.7
08-03-2021,Pet Supplies,304.5,785.1,196.14,FALSE,297.6
08-03-2021,Furniture,276.1,935.3,75.93,TRUE,248.8
08-03-2021,Automotive Parts,351,618.9,219.29,FALSE,316.5
08-03-2021,Apparel,391,1288.2,173.31,FALSE,383.8
08-03-2021,Beauty,336.3,981.3,162.24,FALSE,346.5
09-03-2021,Furniture,183,939.9,76.21,FALSE,176.8
09-03-2021,Office Supplies,316.7,891.8,89.47,FALSE,298
09-03-2021,Groceries,275.5,640.7,110.43,FALSE,260.7
09-03-2021,Sporting Goods,520.6,1356.5,130.96,FALSE,519.7
09-03-2021,Pet Supplies,642.8,847.3,196.71,FALSE,220.1
09-03-2021,Beauty,337.2,990.1,164.86,FALSE,318.8
09-03-2021,Apparel,432.5,1277.5,165.99,FALSE,449.4
09-03-2021,Electronics,267.9,501.7,46.71,FALSE,258.2
09-03-2021,Toys,223.2,646.5,236.15,FALSE,218.3
10-03-2021,Pet Supplies,251,843.4,199.71,FALSE,230.9
10-03-2021,Electronics,303.4,489,46.44,FALSE,284.3
10-03-2021,Toys,249.8,651,228.14,FALSE,253.6
10-03-2021,Sporting Goods,501.8,1362.1,130.2,FALSE,507.6
10-03-2021,Furniture,187,940.5,75.03,FALSE,192.3
10-03-2021,Beauty,369.8,1016.9,162.07,FALSE,339
10-03-2021,Office Supplies,375.6,878.5,87.84,FALSE,391.3
10-03-2021,Apparel,438.5,1278.2,169.24,FALSE,409.3
10-03-2021,Automotive Parts,446.3,614,215.32,TRUE,441.7
10-03-2021,Groceries,302.8,632.2,104.91,FALSE,284.8
11-03-2021,Apparel,496.3,1265,165.09,FALSE,513.5
11-03-2021,Furniture,218.3,927.2,72.91,FALSE,289.7
11-03-2021,Beauty,440.8,962.2,163.93,FALSE,427.7
11-03-2021,Toys,266.1,656.6,233.27,FALSE,265.1
11-03-2021,Pet Supplies,358.5,839.3,202.33,FALSE,360.3
11-03-2021,Office Supplies,393.6,864.8,91.41,FALSE,356.8
11-03-2021,Electronics,321.9,486.7,47.02,FALSE,305.5
11-03-2021,Sporting Goods,537.1,1360.9,124.39,FALSE,519.6
11-03-2021,Groceries,339,620.2,105.17,FALSE,323.9
11-03-2021,Toys,297.2,651.3,231.48,FALSE,286.5
12-03-2021,Automotive Parts,378.8,442.2,222.25,FALSE,390.9
12-03-2021,Beauty,397.35,982.2,164.61,FALSE,351.4
12-03-2021,Sporting Goods,566.9,1354,124.9,FALSE,567
12-03-2021,Furniture,216.9,930.8,74.58,FALSE,218
12-03-2021,Groceries,362.8,614.1,108.74,FALSE,351.8
12-03-2021,Pet Supplies,327.6,822.5,194.08,FALSE,303.2
12-03-2021,Clothing,454.7,1278.7,174.24,FALSE,471.6
12-03-2021,Electronics,327.1,481.5,48.77,FALSE,339.5
12-03-2021,Office Supplies,385,861.2,88.28,FALSE,385.9
12-03-2021,Office Supplies,369.4,798.8,87.92,FALSE,426.1
12-03-2021,Toys,313.75,655.1,233.86,FALSE,253
12-03-2021,Groceries,368.7,795.4,107.76,FALSE,336.5
13-03-2021,Furniture,193.6,937.5,76.24,FALSE,182.5
13-03-2021,Toys,255,669.6,238.21,FALSE,258.3
13-03-2021,Automotive Parts,337.9,449.2,213.91,FALSE,64.55
13-03-2021,Electronics,306.1,1722.47,47.25,FALSE,308
13-03-2021,Office Supplies,368.3,861.3,90.61,FALSE,369.8
13-03-2021,Clothing,436.2,1284.2,175.19,FALSE,445.6
13-03-2021,Sporting Goods,541,1359.6,126.82,FALSE,500.8
13-03-2021,Groceries,341,619.5,107.5,FALSE,335.4
13-03-2021,Beauty,642.8,969.5,167.89,FALSE,628.15
13-03-2021,Pet Supplies,287.9,827.8,193.11,FALSE,286.2
14-03-2021,Pet Supplies,233.9,838.8,197.79,FALSE,216.3
14-03-2021,Electronics,283.8,485.2,47.85,FALSE,271
14-03-2021,Toys,225.5,670.8,238.35,FALSE,223.7
14-03-2021,Office Supplies,340.8,864.2,91.91,FALSE,344
14-03-2021,Sporting Goods,537.4,1360.7,120.25,FALSE,489.1
14-03-2021,Furniture,217.1,944.4,73.93,FALSE,200.5
14-03-2021,Groceries,295.2,693.1,106.21,FALSE,272.8
14-03-2021,Beauty,373.4,984,163.74,FALSE,345
14-03-2021,Automotive Parts,526,451.1,217.75,TRUE,492.1
14-03-2021,Apparel,642.8,1268.5,174.51,TRUE,628.15
15-03-2021,Electronics,283.1,480.6,46.59,FALSE,256
15-03-2021,Office Supplies,335.6,869.2,357.79,FALSE,347.1
15-03-2021,Automotive Parts,339.5,452.1,222.41,FALSE,356.4
15-03-2021,Sporting Goods,531.6,1366.8,124.32,FALSE,479.2
15-03-2021,Groceries,254.2,693.1,106.64,FALSE,233.6
15-03-2021,Beauty,343.3,992.9,168.42,FALSE,320.4
15-03-2021,Pet Supplies,220.5,847.8,195.05,FALSE,220.1
15-03-2021,Furniture,190.1,958.7,73.75,FALSE,182.1
15-03-2021,Apparel,419.1,1278.4,171.77,FALSE,388.3
15-03-2021,Toys,244.9,659.2,230.92,FALSE,247.7
16-03-2021,Beauty,320.2,1015.6,161.78,FALSE,293.2
16-03-2021,Pet Supplies,248.4,839.8,191.28,FALSE,257.2
16-03-2021,Groceries,291.8,637.1,107.99,FALSE,273.9
16-03-2021,Sporting Goods,642.8,1384.5,128.26,TRUE,628.15
16-03-2021,Furniture,196,956.9,73.91,FALSE,199.9
16-03-2021,Electronics,303.4,472.6,46.92,FALSE,277.7
16-03-2021,Clothing,450.3,1280.4,167.04,TRUE,513.3
16-03-2021,Toys,262.2,649.4,225.97,FALSE,268.2
16-03-2021,Automotive Parts,322.3,656.2,214.04,FALSE,628.15
16-03-2021,Office Supplies,317.8,871.4,89.71,FALSE,290.9
17-03-2021,Clothing,376.7,1295.4,170.77,FALSE,384
17-03-2021,Office Supplies,458.6,869.1,90.44,TRUE,478.6
17-03-2021,Beauty,397.35,1006.1,162.24,FALSE,335.8
17-03-2021,Groceries,328.6,693.1,107.57,FALSE,306.6
17-03-2021,Furniture,206.2,948.3,74.63,FALSE,194.7
17-03-2021,Toys,256.8,640.5,241,FALSE,234
17-03-2021,Sporting Goods,525.15,1354.8,131.09,FALSE,575.5
17-03-2021,Automotive Parts,329.1,610.6,213.79,FALSE,353
17-03-2021,Pet Supplies,272.8,826.6,197.79,FALSE,250.4
17-03-2021,Electronics,292.2,479.2,45.88,FALSE,279.1
18-03-2021,Pet Supplies,396.2,832.4,197.41,TRUE,367.4
18-03-2021,Toys,289.3,636.3,229,FALSE,278
18-03-2021,Office Supplies,388.5,857.2,89.01,FALSE,403.7
18-03-2021,Electronics,327.4,474.1,47.93,FALSE,308.6
18-03-2021,Furniture,218.7,946.3,75.76,FALSE,219.3
18-03-2021,Beauty,398.4,1000.6,162.35,FALSE,380.6
18-03-2021,Automotive Parts,384.3,590.4,212.47,FALSE,356.4
18-03-2021,Groceries,352.2,626.8,107.69,FALSE,317.1
18-03-2021,Sporting Goods,631.1,1332,127.83,FALSE,593.1
18-03-2021,Apparel,453.6,1276.5,169.17,FALSE,416.2
19-03-2021,Beauty,397.35,978.3,168.25,FALSE,448.8
19-03-2021,Office Supplies,642.8,847.5,89.03,FALSE,425.7
19-03-2021,Sporting Goods,572.3,1349.2,131.99,FALSE,517.9
19-03-2021,Pet Supplies,336.3,812.5,198.53,FALSE,349.2
19-03-2021,Automotive Parts,407.8,588.6,217.8,FALSE,394.6
19-03-2021,Electronics,323.3,476.3,46.04,FALSE,322.5
19-03-2021,Furniture,245.1,940.4,74.79,FALSE,224.1
19-03-2021,Apparel,432.6,1286.2,171.83,FALSE,403.3
19-03-2021,Toys,255.6,641.7,235.91,FALSE,256.9
19-03-2021,Groceries,344.3,621.1,105.66,FALSE,315.9
20-03-2021,Toys,242.5,641.5,235.51,FALSE,227.1
20-03-2021,Office Supplies,398.8,841.3,91.09,FALSE,370.4
20-03-2021,Pet Supplies,279.8,840.4,194.69,FALSE,265.9
20-03-2021,Electronics,321.9,474,46.78,FALSE,318.7
20-03-2021,Furniture,201,956,74.96,FALSE,192.1
20-03-2021,Groceries,341.9,626.4,105.72,FALSE,340.4
20-03-2021,Sporting Goods,642.8,1359.9,128.71,FALSE,551.1
20-03-2021,Automotive Parts,396,588.6,214.31,FALSE,373.2
20-03-2021,Beauty,388.2,994,166.25,FALSE,394.9
20-03-2021,Apparel,396,1295.6,174.03,FALSE,438.8
21-03-2021,Office Supplies,330.4,865,91.25,FALSE,298.2
21-03-2021,Pet Supplies,262.2,847.9,192.52,FALSE,628.15
21-03-2021,Beauty,374.1,986.9,170.62,FALSE,365.7
21-03-2021,Furniture,197.9,954.5,74.4,FALSE,628.15
21-03-2021,Apparel,436.9,1281.9,173.69,FALSE,422.8
21-03-2021,Sporting Goods,506.5,1363.3,130.19,FALSE,493.2
21-03-2021,Toys,246.5,646.9,236.49,FALSE,226.5
21-03-2021,Automotive Parts,349.4,656.2,223.67,FALSE,345.2
21-03-2021,Electronics,296.1,479.5,46.92,FALSE,273.7
21-03-2021,Groceries,310.3,631,107.65,FALSE,297.7
22-03-2021,Sporting Goods,525.7,1350.2,125.68,FALSE,481.4
22-03-2021,Automotive Parts,359.1,591.1,217.8,FALSE,342.2
22-03-2021,Office Supplies,307.8,867.6,91.6,FALSE,311.5
22-03-2021,Pet Supplies,251.7,854.9,188.15,FALSE,243.4
22-03-2021,Apparel,401.8,1300.1,173.69,FALSE,372.7
22-03-2021,Groceries,288.5,631,107.5,FALSE,292.5
22-03-2021,Beauty,371,989.6,357.79,FALSE,339.2
22-03-2021,Toys,248.8,643.8,238.96,FALSE,242.7
22-03-2021,Electronics,289,484.6,47.94,FALSE,281.6
22-03-2021,Furniture,143.4,980,73.24,FALSE,129.2
23-03-2021,Office Supplies,354.7,856.2,89.14,FALSE,361.35
23-03-2021,Toys,247.7,646.4,233.65,FALSE,253.4
23-03-2021,Groceries,263.5,693.1,103.7,FALSE,252.6
23-03-2021,Pet Supplies,284.3,861.4,195.74,TRUE,264
23-03-2021,Beauty,369.6,993,168.37,FALSE,376.9
23-03-2021,Automotive Parts,332.7,598.9,212.16,FALSE,317.9
23-03-2021,Electronics,358.1,501,46.36,TRUE,364.4
23-03-2021,Furniture,213.7,951.5,73.78,FALSE,223.9
23-03-2021,Apparel,389.6,1300.9,175.51,FALSE,369.7
23-03-2021,Sporting Goods,476.1,1365.9,122.04,FALSE,468.5
24-03-2021,Toys,290.6,636.6,236.73,FALSE,267.5
24-03-2021,Groceries,313.2,624.1,107.01,FALSE,311.4
24-03-2021,Sporting Goods,541.3,1345.6,126.65,FALSE,487.2
24-03-2021,Office Supplies,319.1,868.4,91.71,FALSE,361.35
24-03-2021,Beauty,391.4,984.8,168.26,FALSE,395.9
24-03-2021,Furniture,204.6,954.1,73.11,FALSE,191.6
24-03-2021,Automotive Parts,373.3,591.9,213.27,FALSE,358.6
24-03-2021,Pet Supplies,265.7,854.6,190.88,FALSE,243.6
24-03-2021,Apparel,424.1,1284.5,168.67,FALSE,412.9
24-03-2021,Electronics,297.3,486.2,46.1,FALSE,269.8
25-03-2021,Toys,313.75,643.7,237.29,FALSE,270.1
25-03-2021,Automotive Parts,359.7,598.8,215.12,FALSE,351.8
25-03-2021,Office Supplies,507.8,819.8,91.18,TRUE,512.8
25-03-2021,Groceries,324.2,624.1,108.66,FALSE,319.7
25-03-2021,Furniture,239.8,948.8,76.84,FALSE,244.1
25-03-2021,Sporting Goods,579.6,1333.1,127.06,FALSE,580.5
25-03-2021,Pet Supplies,287.4,845.7,197.58,FALSE,287.2
25-03-2021,Beauty,571.7,1016.3,160.72,TRUE,581.9
25-03-2021,Electronics,313.8,480.6,46.4,FALSE,298.7
25-03-2021,Apparel,499.7,1261.7,162.11,FALSE,524.1
26-03-2021,Pet Supplies,290.4,843.3,197.58,FALSE,263.6
26-03-2021,Office Supplies,393.7,849.6,87.44,FALSE,386.2
26-03-2021,Toys,276.2,642.6,237.69,FALSE,271.6
26-03-2021,Sporting Goods,536,1347.9,127.2,FALSE,561.6
26-03-2021,Beauty,437.3,966.2,157.55,FALSE,447.9
26-03-2021,Electronics,328.4,472.5,46.78,FALSE,309
26-03-2021,Groceries,526.6,605.5,106.51,TRUE,482.2
26-03-2021,Automotive Parts,395.6,588.9,215.96,FALSE,384.9
26-03-2021,Furniture,235.7,957.3,75.52,FALSE,223.1
26-03-2021,Clothing,456.8,1275.7,170.21,FALSE,429.6
27-03-2021,Automotive Parts,372.9,590.6,217.8,FALSE,348.7
27-03-2021,Pet Supplies,306.8,849.1,193.12,FALSE,303.5
27-03-2021,Sporting Goods,591.3,1326,127.22,FALSE,586.1
27-03-2021,Apparel,462.3,1276.2,166.23,FALSE,467.7
27-03-2021,Electronics,308.1,479.6,45.7,FALSE,315.3
27-03-2021,Toys,284,637.6,243,FALSE,260.1
27-03-2021,Office Supplies,385.7,860.3,88.68,FALSE,388.5
27-03-2021,Groceries,337.6,601.2,106.84,FALSE,342
27-03-2021,Beauty,415,971.8,169.71,FALSE,384.2
27-03-2021,Furniture,187.4,969.5,74.51,FALSE,185
28-03-2021,Pet Supplies,261.9,862.7,200.2,FALSE,245.2
28-03-2021,Sporting Goods,550.9,1350.3,129,FALSE,566.4
28-03-2021,Furniture,303.9,974.6,74.94,FALSE,178.4
28-03-2021,Electronics,286.7,490.8,46.78,FALSE,278.5
28-03-2021,Automotive Parts,359.9,589.3,216.65,FALSE,336.8
28-03-2021,Groceries,290.3,620,105.68,FALSE,263.5
28-03-2021,Toys,263.5,642.2,237.11,FALSE,243.3
28-03-2021,Apparel,399.5,1293.7,175.76,FALSE,378.6
28-03-2021,Beauty,371.1,988.1,163.87,FALSE,369.2
28-03-2021,Office Supplies,325.9,878.7,90.79,FALSE,319.8
29-03-2021,Pet Supplies,336.4,867.9,194.1,TRUE,326.1
29-03-2021,Apparel,393,1294.9,167.77,FALSE,377.8
29-03-2021,Sporting Goods,499.5,1358.4,128.15,FALSE,512.9
29-03-2021,Beauty,457.2,990.3,162.1,TRUE,437.9
29-03-2021,Office Supplies,338.5,867.3,91.02,FALSE,307.6
29-03-2021,Electronics,428.3,476.2,47.57,TRUE,432.9
29-03-2021,Groceries,262.8,634,104.25,FALSE,252
29-03-2021,Automotive Parts,355.4,593.1,217.8,FALSE,371.6
29-03-2021,Toys,256.4,642.9,238.17,FALSE,246.6
29-03-2021,Furniture,211.2,969.1,73.36,FALSE,214
30-03-2021,Office Supplies,358.3,871.4,92.6,FALSE,374.4
30-03-2021,Furniture,255,974.6,76.72,TRUE,260.6
30-03-2021,Automotive Parts,334.5,601.3,218.9,FALSE,333.9
30-03-2021,Groceries,280.9,630.4,108.4,FALSE,287.9
30-03-2021,Toys,276.8,632.7,241.38,FALSE,274.8
30-03-2021,Beauty,356,987.3,166.06,FALSE,354.4
30-03-2021,Apparel,396.4,1293.8,174.55,FALSE,373.2
30-03-2021,Sporting Goods,616,1327.4,132.32,FALSE,624.8
30-03-2021,Pet Supplies,236,882.8,187.96,FALSE,213
30-03-2021,Electronics,305,472.1,47.27,FALSE,307.7
31-03-2021,Furniture,214.2,961.4,75.27,FALSE,207.3
31-03-2021,Automotive Parts,397,586.5,220.82,FALSE,366.7
31-03-2021,Apparel,451.9,1279.6,169.66,FALSE,424.3
31-03-2021,Office Supplies,339.5,878.8,93.18,FALSE,342.4
31-03-2021,Sporting Goods,639.3,1355.8,126.39,TRUE,628.15
31-03-2021,Electronics,275.4,478.2,46.6,FALSE,282.5
31-03-2021,Beauty,397.4,978,165.5,FALSE,391.6
31-03-2021,Pet Supplies,321.3,876.9,199.63,FALSE,270.2
31-03-2021,Groceries,324.7,693.1,106.65,FALSE,328.7
31-03-2021,Toys,313.75,636.9,241.69,FALSE,273.6
01-04-2021,Pet Supplies,308.5,859.7,195.99,FALSE,281.6
01-04-2021,Toys,293.4,626.2,238.49,FALSE,302.8
01-04-2021,Toys,256.7,627.7,245.42,FALSE,264.2
01-04-2021,Beauty,389.3,1016.3,165.97,FALSE,375.1
01-04-2021,Sporting Goods,642.8,1314.6,129.32,TRUE,628.15
01-04-2021,Automotive Parts,387.2,595.3,217.8,FALSE,379.8
02-04-2021,Groceries,434.7,610.5,109.59,TRUE,416.8
02-04-2021,Automotive Parts,389.2,588.9,219.39,FALSE,358.7
02-04-2021,Electronics,334.2,450.5,46.78,FALSE,339
02-04-2021,Pet Supplies,307.5,855.1,192.31,FALSE,279
02-04-2021,Toys,312.5,625.9,230.68,FALSE,296.9
02-04-2021,Furniture,225.8,962.9,75.33,FALSE,230
02-04-2021,Office Supplies,406.7,853.6,88.44,FALSE,423.7
02-04-2021,Sporting Goods,642.8,1397.7,126.79,FALSE,491.2
02-04-2021,Sporting Goods,587.6,1315.1,127.54,FALSE,609.2
02-04-2021,Apparel,481.7,1264.1,168.77,FALSE,437.9
02-04-2021,Beauty,380,986.2,163.62,FALSE,393.4
02-04-2021,Electronics,271.7,547,47.8,FALSE,249.1
03-04-2021,Sporting Goods,557.1,1332.7,127.41,FALSE,540.1
03-04-2021,Groceries,321.7,610.5,106.15,FALSE,305
03-04-2021,Beauty,364.6,983.9,165.03,FALSE,360.9
03-04-2021,Groceries,367.7,595.7,108.03,FALSE,353.1
03-04-2021,Automotive Parts,377.8,597.2,210.96,FALSE,392.3
03-04-2021,Electronics,317,455.2,45.61,FALSE,242.1
03-04-2021,Office Supplies,368.1,865.8,87.48,FALSE,354.2
03-04-2021,Beauty,439.5,970.6,161.16,FALSE,430.6
03-04-2021,Pet Supplies,261.4,870.8,188.14,FALSE,241.6
03-04-2021,Furniture,198.9,978.5,74.66,FALSE,207.3
03-04-2021,Toys,285.3,626.4,239.71,FALSE,302.8
03-04-2021,Toys,297,617.3,237.11,FALSE,276.1
03-04-2021,Electronics,306.1,489.1,47.91,FALSE,276.4
04-04-2021,Electronics,290.8,464.9,47.52,FALSE,262.7
04-04-2021,Furniture,223.9,977.65,75.38,FALSE,227.8
04-04-2021,Apparel,421.5,1294,164.27,FALSE,425.1
04-04-2021,Pet Supplies,260,862.2,194.73,FALSE,242.6
04-04-2021,Toys,275.5,633.4,232.24,FALSE,249.7
04-04-2021,Office Supplies,370.2,865.4,89.82,FALSE,356.3
04-04-2021,Sporting Goods,573.8,1330.6,127.54,FALSE,556.5
04-04-2021,Groceries,306.7,613.4,109.17,FALSE,317.9
04-04-2021,Automotive Parts,342.1,608.1,211.78,FALSE,358.2
04-04-2021,Beauty,399.2,996.6,164.86,FALSE,400.4
05-04-2021,Groceries,642.8,607.2,107.75,FALSE,294.8
05-04-2021,Beauty,434.7,1016,165.22,FALSE,443.1
05-04-2021,Beauty,361.3,999,167.12,FALSE,364.2
05-04-2021,Pet Supplies,225.6,871.7,194.65,FALSE,231.5
05-04-2021,Sporting Goods,642.8,1339.6,123,TRUE,628.15
05-04-2021,Automotive Parts,332.9,618.5,213.03,FALSE,317.3
05-04-2021,Apparel,394.8,1299.7,167.97,FALSE,392.9
05-04-2021,Electronics,266.2,465.5,44.41,FALSE,258.5
05-04-2021,Toys,260.4,629.7,237.58,FALSE,243.1
06-04-2021,Groceries,257.8,623.3,107.23,FALSE,241.2
06-04-2021,Toys,266.7,630.5,234.14,FALSE,270.4
06-04-2021,Electronics,275.6,473.3,46.73,FALSE,275.5
06-04-2021,Apparel,473.7,1285.9,175.15,FALSE,449.7
06-04-2021,Office Supplies,297.8,889,93.67,FALSE,284.9
06-04-2021,Apparel,434.1,1285.2,167.89,FALSE,436.1
06-04-2021,Furniture,173.5,983.2,74.43,FALSE,165.7
06-04-2021,Pet Supplies,220.4,877.6,200.74,FALSE,628.15
06-04-2021,Sporting Goods,488.3,1354.1,131.67,FALSE,498.2
06-04-2021,Beauty,375.5,999.6,164.86,FALSE,377
06-04-2021,Toys,350.7,620.2,237.11,FALSE,346.9
07-04-2021,Beauty,419,994.6,163.38,FALSE,397
07-04-2021,Groceries,291.4,613.3,106.51,FALSE,273.7
07-04-2021,Office Supplies,326.1,879.7,89.8,FALSE,325.4
07-04-2021,Pet Supplies,302.6,818,201.16,FALSE,310.6
07-04-2021,Sporting Goods,525.15,1332.6,129.6,FALSE,525.4
07-04-2021,Clothing,448.1,1280.9,168.68,FALSE,421.2
08-04-2021,Toys,268.6,625.1,237.51,FALSE,242
08-04-2021,Groceries,320.8,607.7,106.37,FALSE,328.8
08-04-2021,Office Supplies,321.7,459.1,92.28,FALSE,329.5
08-04-2021,Pet Supplies,258.7,807.1,198.6,FALSE,310.6
08-04-2021,Electronics,337.6,453.6,46.6,FALSE,628.15
08-04-2021,Office Supplies,398.2,863.1,89.19,FALSE,392.1
08-04-2021,Automotive Parts,362.4,608.6,214.76,FALSE,378.9
09-04-2021,Beauty,436.8,972.2,164.86,FALSE,426.2
09-04-2021,Groceries,302.8,602.8,108.82,FALSE,295.35
09-04-2021,Automotive Parts,377.8,608.9,211.04,FALSE,363.9
09-04-2021,Apparel,500.2,1268.7,166.91,FALSE,475.9
09-04-2021,Pet Supplies,303,853.4,201.73,FALSE,302.7
09-04-2021,Sporting Goods,587.6,1322.9,126.74,FALSE,571
09-04-2021,Furniture,303.9,967.6,75.1,FALSE,232.5
09-04-2021,Electronics,332.2,462.8,47.42,FALSE,311.1
09-04-2021,Toys,313.75,625.3,234.8,FALSE,302.8
09-04-2021,Office Supplies,369.4,821.3,89.04,FALSE,361.35
09-04-2021,Office Supplies,363.8,870,88.57,FALSE,353.6
10-04-2021,Toys,367.8,611.9,230.87,TRUE,377.4
10-04-2021,Beauty,425.8,975.4,164.86,FALSE,418.8
10-04-2021,Furniture,217.8,979.1,74.59,FALSE,219.2
10-04-2021,Apparel,451.9,1351.1,167.95,FALSE,368.1
10-04-2021,Apparel,638.9,1299.1,171.02,TRUE,628.15
10-04-2021,Automotive Parts,345.6,613,216.78,FALSE,316.3
10-04-2021,Office Supplies,347.7,874.6,93.7,FALSE,325.1
10-04-2021,Electronics,308.2,473.3,46.2,FALSE,308.4
11-04-2021,Furniture,386.5,1022.5,75.17,FALSE,358.6
11-04-2021,Apparel,510.5,1303.9,176.17,FALSE,534.3
11-04-2021,Apparel,428.7,1295.9,169.6,FALSE,386.6
11-04-2021,Automotive Parts,298.6,621.4,223.13,FALSE,288.7
11-04-2021,Groceries,339.5,808,108.4,FALSE,327.5
11-04-2021,Beauty,397.35,979.2,164.81,TRUE,486.7
11-04-2021,Pet Supplies,246.6,807.1,194.95,FALSE,229.5
11-04-2021,Office Supplies,369.4,889,89.15,FALSE,288.5
11-04-2021,Furniture,207.7,991.2,71.66,FALSE,202.8
11-04-2021,Beauty,365.1,992.5,166.71,FALSE,364.6
11-04-2021,Pet Supplies,411,810.5,198,FALSE,628.15
11-04-2021,Sporting Goods,547.3,1325.5,131.84,FALSE,552.7
12-04-2021,Groceries,244.4,634.6,108.76,FALSE,234.3
12-04-2021,Automotive Parts,302.7,619.5,216.73,FALSE,273.9
12-04-2021,Furniture,174.8,998.2,73.95,FALSE,172.4
12-04-2021,Office Supplies,364.5,897.2,87.59,TRUE,336.7
12-04-2021,Apparel,561.5,1261.4,169.66,FALSE,532.4
12-04-2021,Automotive Parts,334.5,661.2,217.8,FALSE,331.3
12-04-2021,Apparel,421.9,1306.4,167.14,FALSE,392.7
12-04-2021,Electronics,277.8,492.4,48.23,FALSE,271
12-04-2021,Pet Supplies,186.2,873.7,204.14,FALSE,184.9
12-04-2021,Toys,251.2,628.2,243.08,FALSE,252.2
13-04-2021,Apparel,382.5,1324.8,167.26,FALSE,374
13-04-2021,Sporting Goods,533.4,1339.4,132.59,FALSE,512.9
13-04-2021,Furniture,303.9,985,74.04,FALSE,192.4
13-04-2021,Pet Supplies,236,861.1,196.9,FALSE,239
13-04-2021,Electronics,291,478,47.61,FALSE,293.9
13-04-2021,Beauty,392.3,1009.5,168.78,FALSE,394.3
13-04-2021,Automotive Parts,290.2,618.3,217.8,FALSE,272.6
13-04-2021,Groceries,280.8,621.6,106.6,FALSE,274.5
13-04-2021,Office Supplies,369.4,897.1,91.25,FALSE,322.5
13-04-2021,Toys,262,629.8,245.53,FALSE,269.6
14-04-2021,Pet Supplies,278.7,844.2,194.3,FALSE,273
14-04-2021,Office Supplies,342.2,888.7,90.88,FALSE,339
14-04-2021,Apparel,451.9,1319.4,172.42,FALSE,372.4
14-04-2021,Beauty,404.9,1001.3,167.55,FALSE,394.1
14-04-2021,Toys,288.6,623.8,234.8,FALSE,260.3
14-04-2021,Electronics,306.6,481.7,47.52,FALSE,291.6
14-04-2021,Sporting Goods,537.6,1340.9,129.58,FALSE,551.4
14-04-2021,Automotive Parts,353.9,590.1,223.97,FALSE,354.2
14-04-2021,Furniture,287.3,976.5,75.25,TRUE,270.4
14-04-2021,Groceries,292.7,624.5,110.29,FALSE,276.6
15-04-2021,Apparel,638.7,1307.5,169.53,TRUE,628.15
15-04-2021,Furniture,232.8,964.4,72.66,FALSE,241.1
15-04-2021,Sporting Goods,584.2,1322,129.58,FALSE,512.9
15-04-2021,Beauty,446.9,996.5,172.01,FALSE,444.2
15-04-2021,Toys,289,626.4,241.56,FALSE,282
15-04-2021,Groceries,642.8,611.6,105.08,FALSE,321.1
15-04-2021,Pet Supplies,315.3,832.1,192.4,FALSE,319.2
15-04-2021,Electronics,318.9,476.3,46.6,FALSE,319.2
15-04-2021,Automotive Parts,360.7,585.6,215.28,FALSE,338.9
15-04-2021,Office Supplies,374.7,881.4,88.25,FALSE,345.2
16-04-2021,Furniture,239.5,969.9,75.04,FALSE,218.4
16-04-2021,Office Supplies,350.8,893.1,90.22,FALSE,347.8
16-04-2021,Automotive Parts,346.4,656.2,209.85,FALSE,320.6
16-04-2021,Electronics,332.4,473.7,48.21,FALSE,322.7
16-04-2021,Pet Supplies,321.3,844.3,195.4,FALSE,284.7
16-04-2021,Beauty,414.7,1008,165.24,FALSE,384
16-04-2021,Sporting Goods,525.15,1333.9,131.13,FALSE,544.7
16-04-2021,Apparel,415.9,1306.4,169.66,FALSE,403.2
16-04-2021,Groceries,342.1,601.5,108.13,FALSE,341.9
16-04-2021,Toys,302.3,623.8,238.93,FALSE,305.1
17-04-2021,Furniture,237,966.1,76.65,FALSE,246.6
17-04-2021,Pet Supplies,300.1,832.4,195.89,FALSE,304.5
17-04-2021,Apparel,440.3,1297.2,175.96,FALSE,426.6
17-04-2021,Electronics,642.8,486.9,49.27,FALSE,289.4
17-04-2021,Office Supplies,359.3,896.3,91.39,FALSE,332.6
17-04-2021,Beauty,435.7,1016.3,169.01,FALSE,414.6
17-04-2021,Groceries,319.1,613.4,102.38,FALSE,289.7
17-04-2021,Toys,268.7,626.8,238.79,FALSE,264.9
17-04-2021,Automotive Parts,350.9,605.4,217.39,FALSE,352.6
17-04-2021,Sporting Goods,590,1329.7,126.36,FALSE,550.3
18-04-2021,Office Supplies,323.1,905.6,92.12,FALSE,333.2
18-04-2021,Sporting Goods,551.7,1335.8,125.83,FALSE,570.2
18-04-2021,Electronics,302,483.8,46.62,FALSE,282.2
18-04-2021,Toys,258.3,626.8,240.24,FALSE,248.2
18-04-2021,Apparel,416.8,1307.9,165,FALSE,424.8
18-04-2021,Automotive Parts,305.1,617.2,213.75,FALSE,274.7
18-04-2021,Beauty,417.4,1008,164.61,FALSE,380.1
18-04-2021,Groceries,256.4,693.1,106.5,FALSE,267.5
18-04-2021,Furniture,219.5,976.2,75.72,FALSE,229.5
18-04-2021,Pet Supplies,298.2,840.3,195.53,FALSE,285.6
19-04-2021,Electronics,408.7,488.5,46.15,TRUE,402.5
19-04-2021,Sporting Goods,539.9,1329.5,128.94,FALSE,557.4
19-04-2021,Beauty,394.2,1016.3,164.97,FALSE,378.1
19-04-2021,Clothing,388.6,1322.2,170.34,FALSE,405.2
19-04-2021,Groceries,252.2,640.8,104.56,FALSE,229.1
19-04-2021,Pet Supplies,247.2,859.8,201.05,FALSE,239.5
19-04-2021,Office Supplies,277.9,925.1,90.24,FALSE,277
19-04-2021,Toys,283.9,623.6,238.83,FALSE,276.1
19-04-2021,Furniture,190.9,989.5,75.54,FALSE,186.1
19-04-2021,Automotive Parts,291.8,656.2,217.68,FALSE,305.4
20-04-2021,Furniture,197.5,993,71.82,FALSE,190.3
20-04-2021,Beauty,343.3,1033.8,164.77,FALSE,357
20-04-2021,Toys,275.3,633,237.83,FALSE,258
20-04-2021,Automotive Parts,325.7,620.3,218.54,FALSE,295.9
20-04-2021,Electronics,271.3,498.4,46.75,FALSE,280.3
20-04-2021,Pet Supplies,238.3,860.8,198.18,FALSE,233.8
20-04-2021,Sporting Goods,565.2,1319.1,124.83,FALSE,539.5
20-04-2021,Office Supplies,319,917,89.82,FALSE,303.9
20-04-2021,Groceries,257.1,643.3,102.28,FALSE,236.5
20-04-2021,Apparel,382.2,1314.8,176.84,FALSE,393.4
21-04-2021,Pet Supplies,266.7,850,200.16,FALSE,249.3
21-04-2021,Beauty,414.1,1000.9,167.4,FALSE,388.1
21-04-2021,Apparel,441.3,1294.2,166.25,FALSE,400.9
21-04-2021,Sporting Goods,564.9,1324.2,128.21,FALSE,576.2
21-04-2021,Office Supplies,309.4,927.4,89.47,FALSE,318.2
21-04-2021,Electronics,308.3,487.1,47.79,FALSE,286.4
21-04-2021,Toys,269.1,631.2,246.43,FALSE,280.2
21-04-2021,Groceries,302.8,624.7,105.69,FALSE,286.7
21-04-2021,Automotive Parts,353.9,611.6,215.09,FALSE,365.8
21-04-2021,Furniture,214.7,992.4,77.28,FALSE,213.8
22-04-2021,Automotive Parts,352.4,609.6,216.86,FALSE,366.4
22-04-2021,Beauty,512.4,969.6,164.98,FALSE,526.9
22-04-2021,Office Supplies,414.4,900.8,88.8,FALSE,401
22-04-2021,Toys,311.2,621.1,226.27,FALSE,312.7
22-04-2021,Furniture,231.8,994.4,72.56,FALSE,289.7
22-04-2021,Sporting Goods,580.3,1320.5,122.84,FALSE,583
22-04-2021,Electronics,313.3,488.1,46.59,FALSE,323.3
22-04-2021,Pet Supplies,303.7,834,191.85,FALSE,298.7
22-04-2021,Apparel,523.3,1312.7,164.32,TRUE,547.7
22-04-2021,Groceries,337.7,693.1,104.05,FALSE,342.5
23-04-2021,Furniture,251.1,993.6,74.43,FALSE,240.1
23-04-2021,Electronics,339.9,472.1,45.27,FALSE,310.2
23-04-2021,Toys,288.4,632.3,229.35,FALSE,287
23-04-2021,Groceries,356.6,605.2,110.18,FALSE,370.6
23-04-2021,Automotive Parts,361,656.2,221.65,FALSE,346.3
23-04-2021,Sporting Goods,642.8,1299.2,127.42,FALSE,628.15
23-04-2021,Office Supplies,354.8,915,88.13,FALSE,329.3
23-04-2021,Apparel,427.9,1311.9,170.37,FALSE,402.2
23-04-2021,Beauty,442,1016.3,165.2,FALSE,462.2
23-04-2021,Pet Supplies,309.7,834.4,203.02,FALSE,286.7
24-04-2021,Beauty,371.5,1022.6,163.64,FALSE,337
24-04-2021,Pet Supplies,253.1,847.6,200.69,FALSE,248.5
24-04-2021,Office Supplies,465.7,819.8,91.26,TRUE,456.1
24-04-2021,Automotive Parts,340.3,612.8,216.08,FALSE,355.9
24-04-2021,Groceries,299.5,630.4,109.66,FALSE,295.6
24-04-2021,Toys,289.1,623.6,240.85,FALSE,267.9
24-04-2021,Furniture,198.9,1011.2,74.11,FALSE,204.7
24-04-2021,Electronics,642.8,471,46.99,FALSE,339.4
24-04-2021,Apparel,449.2,1293.7,171.95,FALSE,454.5
24-04-2021,Sporting Goods,525.15,1331.6,129.38,FALSE,543.2
25-04-2021,Pet Supplies,279.1,843,196.71,FALSE,264.8
25-04-2021,Beauty,408.4,1013.4,166.43,FALSE,409.1
25-04-2021,Apparel,423.1,1297,168.7,FALSE,385.7
25-04-2021,Automotive Parts,334.8,617.3,219.47,FALSE,317.3
25-04-2021,Electronics,288.8,475.7,46.64,FALSE,280.2
25-04-2021,Toys,261.8,626.3,238.2,FALSE,242.6
25-04-2021,Office Supplies,303,937.8,90.79,FALSE,286.8
25-04-2021,Furniture,189.8,1021.6,76.76,FALSE,178.7
25-04-2021,Groceries,268.1,647.4,105.52,FALSE,259.4
25-04-2021,Sporting Goods,528.5,1347.4,127.47,FALSE,492.6
26-04-2021,Apparel,387.9,1296.8,166.88,FALSE,357
26-04-2021,Beauty,373.9,1024.2,162.12,FALSE,338
26-04-2021,Automotive Parts,355.3,626.4,219.78,FALSE,347.5
26-04-2021,Furniture,185.9,1023.9,76.12,FALSE,175.5
26-04-2021,Sporting Goods,531.3,1344.4,127.53,FALSE,544.9
26-04-2021,Toys,258.4,622.2,228.39,FALSE,257
26-04-2021,Electronics,287.4,478,47.58,FALSE,628.15
26-04-2021,Groceries,261.1,644.8,103.23,FALSE,257.3
26-04-2021,Office Supplies,264,955.1,88.55,FALSE,247.3
26-04-2021,Pet Supplies,325.1,864.9,197.72,TRUE,310.6
27-04-2021,Sporting Goods,507.6,1357.6,129.41,FALSE,501.2
27-04-2021,Furniture,177.6,1024.2,75.08,FALSE,165
27-04-2021,Apparel,413.7,1286.1,172.08,FALSE,375.2
27-04-2021,Toys,278.6,624.6,231.98,FALSE,280.9
27-04-2021,Electronics,276.8,499.9,47.13,FALSE,284.5
27-04-2021,Groceries,283.2,693.1,107.26,FALSE,259.5
27-04-2021,Pet Supplies,204.9,888.2,200.11,FALSE,211.8
27-04-2021,Office Supplies,369.4,651.6,87.55,FALSE,280.2
27-04-2021,Beauty,405.8,1016.9,161.91,FALSE,386
27-04-2021,Automotive Parts,314.9,632.4,211.6,FALSE,315.8
28-04-2021,Beauty,642.8,1016.3,160.84,TRUE,628.15
28-04-2021,Toys,287.8,625.8,234.99,FALSE,271.1
28-04-2021,Sporting Goods,642.8,1347,129.92,TRUE,628.15
28-04-2021,Office Supplies,369.4,638.6,88.96,FALSE,330.1
28-04-2021,Furniture,209.8,1007.9,76.67,FALSE,289.7
28-04-2021,Apparel,451.9,1283.9,165.67,FALSE,421.1
28-04-2021,Groceries,298.4,693.1,106.07,FALSE,309.2
28-04-2021,Pet Supplies,285.7,864.1,199.82,FALSE,261.8
28-04-2021,Automotive Parts,347.9,632.2,221.86,FALSE,364.4
28-04-2021,Electronics,447.5,495.9,45.63,TRUE,410.7
29-04-2021,Electronics,315.1,489,47.18,FALSE,286.7
29-04-2021,Pet Supplies,321.3,859.2,195.64,FALSE,257.5
29-04-2021,Beauty,452.3,1007.9,165.43,FALSE,419.9
29-04-2021,Groceries,305.5,640.8,108.88,FALSE,278.8
29-04-2021,Toys,298.6,618.9,240.86,FALSE,286.6
29-04-2021,Apparel,433,1284.1,172.64,FALSE,419.6
29-04-2021,Office Supplies,309.5,819.8,88.99,FALSE,73.7
29-04-2021,Sporting Goods,569.6,1330.4,130.12,FALSE,512.9
29-04-2021,Furniture,234.9,1000,76.24,FALSE,233.6
29-04-2021,Automotive Parts,389.2,632.6,218.49,FALSE,379.1
30-04-2021,Electronics,324.2,485.9,45.73,FALSE,332.5
30-04-2021,Office Supplies,373.6,626.6,87.72,FALSE,378.3
30-04-2021,Groceries,338.6,633,108.05,FALSE,322.7
30-04-2021,Pet Supplies,469.2,846.3,195.52,TRUE,456.9
30-04-2021,Furniture,208.8,1003.1,76.08,FALSE,208.8
30-04-2021,Apparel,431.7,1285.8,164.36,FALSE,433.1
30-04-2021,Toys,470.5,615,236.16,TRUE,440.8
30-04-2021,Beauty,469.1,1005.9,166.27,FALSE,441.3
30-04-2021,Sporting Goods,614.9,1308.6,128.33,FALSE,589
30-04-2021,Automotive Parts,349.8,645,222,FALSE,342.4
01-05-2021,Automotive Parts,353.1,645.3,214.76,FALSE,368.3
01-05-2021,Furniture,303.9,996.9,73.86,FALSE,238.3
01-05-2021,Clothing,405.8,1295.7,169.78,FALSE,376.3
01-05-2021,Pet Supplies,263.8,851.4,196.73,FALSE,271.5
01-05-2021,Sporting Goods,571.9,1318.1,129.88,FALSE,534.5
01-05-2021,Electronics,307.7,495.8,45.83,FALSE,287
01-05-2021,Groceries,412.6,693.1,107.58,TRUE,385.1
01-05-2021,Beauty,421.3,1014.4,164.04,FALSE,406.7
01-05-2021,Groceries,325.4,634.6,110.53,FALSE,322.2
01-05-2021,Toys,306.7,618.6,229.02,FALSE,322
01-05-2021,Toys,213.9,648.9,231.41,FALSE,196.3
02-05-2021,Groceries,290.9,646,110.45,FALSE,287.4
02-05-2021,Pet Supplies,244.9,858.5,196.71,FALSE,250.3
02-05-2021,Sporting Goods,502.8,1386.2,131.67,FALSE,499.5
02-05-2021,Toys,296.7,627.4,241.86,FALSE,278.6
02-05-2021,Office Supplies,306,926.3,88.22,FALSE,306
02-05-2021,Sporting Goods,512.2,1342.2,127.83,FALSE,481
02-05-2021,Groceries,340.7,572.4,110.28,FALSE,323.4
02-05-2021,Electronics,289.8,504.7,47.33,FALSE,276.6
02-05-2021,Office Supplies,642.8,853.3,90.39,FALSE,433.5
02-05-2021,Clothing,382,1310,171.87,FALSE,350.2
02-05-2021,Furniture,183.6,1025.7,75.67,FALSE,190.4
02-05-2021,Beauty,386,1021.7,162.03,FALSE,356.1
02-05-2021,Automotive Parts,391.1,610.2,226.58,FALSE,391.8
03-05-2021,Office Supplies,287.8,940.2,86.86,FALSE,277.9
03-05-2021,Electronics,267,480.8,47.54,FALSE,273.8
03-05-2021,Groceries,267.3,654.9,107.31,FALSE,241.7
03-05-2021,Automotive Parts,297.8,668.4,209.6,FALSE,293.8
03-05-2021,Beauty,394.5,1024.4,166.98,FALSE,368.6
03-05-2021,Pet Supplies,224.7,862.1,191.36,FALSE,310.6
04-05-2021,Toys,293.8,641.2,240.68,FALSE,265
04-05-2021,Office Supplies,308.5,930.8,91.79,FALSE,315
04-05-2021,Sporting Goods,525.15,1345.6,124.55,FALSE,502.1
04-05-2021,Pet Supplies,253.7,862.2,194.96,FALSE,243.5
04-05-2021,Groceries,248.9,676.1,109.96,FALSE,227.3
04-05-2021,Furniture,278.1,1012.2,74.02,TRUE,277.6
04-05-2021,Office Supplies,285.9,893.1,89.97,FALSE,291.5
04-05-2021,Electronics,286.2,505.2,45.19,FALSE,284.7
04-05-2021,Furniture,149.9,997.3,76.26,FALSE,154.6
04-05-2021,Apparel,555.8,1310.3,170.95,TRUE,538.1
04-05-2021,Automotive Parts,280.7,681.8,218.04,FALSE,257.6
05-05-2021,Sporting Goods,543.9,1397.7,130.36,FALSE,511.7
05-05-2021,Beauty,401.7,1023.1,164.86,FALSE,411.5
05-05-2021,Automotive Parts,330.4,656.2,216.67,FALSE,305.3
05-05-2021,Groceries,291.5,666.5,109.42,FALSE,262.4
05-05-2021,Furniture,243.3,1009.7,72.94,FALSE,255.1
05-05-2021,Office Supplies,356.4,916.6,88.14,FALSE,334.7
05-05-2021,Electronics,308.6,498.3,47.35,FALSE,312.1
05-05-2021,Pet Supplies,243.9,861.5,201.71,FALSE,232.8
05-05-2021,Clothing,438.6,1298.6,162.4,FALSE,416.8
05-05-2021,Toys,289.3,641.2,240.7,FALSE,301.9
06-05-2021,Sporting Goods,559.9,1311.8,130.76,FALSE,571.5
06-05-2021,Furniture,223.5,1018,74.15,FALSE,220.2
06-05-2021,Apparel,642.8,1297.2,170.62,TRUE,628.15
06-05-2021,Office Supplies,335.4,915.3,91.43,FALSE,331.8
06-05-2021,Electronics,312.2,362.7,46.29,FALSE,327.3
06-05-2021,Groceries,339.3,652.5,107.5,FALSE,317.3
06-05-2021,Beauty,419.4,1004.6,164.65,FALSE,389.2
06-05-2021,Groceries,642.8,701.8,104.25,FALSE,278.5
06-05-2021,Office Supplies,310.9,819.8,89.46,FALSE,324.6
06-05-2021,Pet Supplies,276.9,861.1,196.58,FALSE,287.8
06-05-2021,Sporting Goods,575.8,1336,128.56,FALSE,523
07-05-2021,Apparel,459.6,1300.8,171.91,FALSE,450.9
07-05-2021,Groceries,235.9,638.7,110.4,FALSE,237.4
07-05-2021,Furniture,246.6,1012.7,76.62,FALSE,289.7
07-05-2021,Office Supplies,237.6,923.5,89.5,FALSE,237.2
07-05-2021,Furniture,276.6,1010.7,73.5,FALSE,280.2
07-05-2021,Automotive Parts,357.6,660.1,222.85,FALSE,348.8
07-05-2021,Groceries,303.1,663.6,105.66,FALSE,296
07-05-2021,Sporting Goods,598.3,1331.9,125.93,FALSE,551.3
07-05-2021,Toys,313,637.1,235.99,FALSE,297.2
07-05-2021,Pet Supplies,308,845.6,198.18,FALSE,297.7
07-05-2021,Office Supplies,355.3,912,91.59,FALSE,353.8
07-05-2021,Electronics,306.8,356.7,46.06,FALSE,286.2
07-05-2021,Pet Supplies,273.1,826.1,196.71,FALSE,267
07-05-2021,Beauty,441.3,995.6,163.07,FALSE,462.7
08-05-2021,Groceries,303.3,672.4,105.98,FALSE,277.2
08-05-2021,Beauty,500.9,1012.3,164.86,FALSE,456.3
08-05-2021,Sporting Goods,596.6,1329.8,128.92,FALSE,599.9
08-05-2021,Furniture,205.1,1022.5,73.27,FALSE,194.2
08-05-2021,Electronics,314.9,349.3,47.3,FALSE,64.55
08-05-2021,Toys,301.6,636.5,231.1,FALSE,291.4
08-05-2021,Automotive Parts,335.6,656.2,211.9,FALSE,347.9
08-05-2021,Automotive Parts,282.5,668.1,218.4,FALSE,284.3
08-05-2021,Office Supplies,332,922.9,86.81,FALSE,361.35
08-05-2021,Beauty,416,1006.4,164.86,FALSE,385.4
08-05-2021,Pet Supplies,278.3,855.8,199.18,FALSE,286.7
09-05-2021,Sporting Goods,545.7,1337.6,130.98,FALSE,493.8
09-05-2021,Furniture,195.5,977.65,72.19,FALSE,179.9
09-05-2021,Electronics,296.2,355.5,48.22,FALSE,267.4
09-05-2021,Groceries,370.3,682.6,107.82,TRUE,355.9
09-05-2021,Toys,287.3,640.6,235.73,FALSE,271.3
09-05-2021,Apparel,412.2,1305.9,172.77,FALSE,376.3
09-05-2021,Automotive Parts,321.6,677.4,221.54,FALSE,336.6
09-05-2021,Beauty,397.35,1019.7,166.49,FALSE,428.5
09-05-2021,Pet Supplies,252.7,864.1,196.71,FALSE,265.1
09-05-2021,Groceries,249.7,766.7,105.84,FALSE,254.5
09-05-2021,Apparel,397.9,1324.5,167.14,FALSE,372.3
10-05-2021,Groceries,256.6,690.2,106.54,FALSE,268.4
10-05-2021,Automotive Parts,274.6,691.9,218.92,FALSE,248.8
10-05-2021,Beauty,388.7,1027.2,163.66,FALSE,382.8
10-05-2021,Sporting Goods,535.3,1340.5,129.22,FALSE,535.2
10-05-2021,Office Supplies,371.6,819.8,89,TRUE,356.3
10-05-2021,Pet Supplies,242.6,868.1,199.58,FALSE,252.3
10-05-2021,Toys,268.9,646.4,236.31,FALSE,260.4
10-05-2021,Electronics,267.7,355.2,48.54,FALSE,276.7
10-05-2021,Apparel,379.9,1327.6,169.8,FALSE,386.9
11-05-2021,Furniture,196.3,1032.4,74.06,FALSE,178.3
11-05-2021,Sporting Goods,556.1,1330.7,137.22,FALSE,534.7
11-05-2021,Toys,291.8,641.9,232.54,FALSE,288.2
11-05-2021,Beauty,408.8,1019.2,169.4,FALSE,427.4
11-05-2021,Apparel,380.8,1321.7,172.74,FALSE,347
11-05-2021,Office Supplies,297.9,937,86.87,FALSE,272.6
11-05-2021,Groceries,243.9,695.7,105.91,FALSE,223.3
11-05-2021,Automotive Parts,355.2,651.4,217.57,FALSE,317.9
11-05-2021,Pet Supplies,224,874.7,204.71,FALSE,232
11-05-2021,Automotive Parts,349.4,672.7,219.18,FALSE,363.2
12-05-2021,Electronics,318.6,394.1,46.05,TRUE,628.15
12-05-2021,Automotive Parts,309.5,656.2,215.38,FALSE,316.7
12-05-2021,Beauty,445.3,1013.1,167.99,FALSE,628.15
12-05-2021,Pet Supplies,256.7,865.2,194.21,FALSE,253.8
12-05-2021,Furniture,252.9,1014.3,75.36,FALSE,232.1
12-05-2021,Apparel,383.8,1320.2,164.56,FALSE,351.2
12-05-2021,Sporting Goods,568.1,1325.4,130.46,FALSE,586
12-05-2021,Beauty,428.7,977.4,169.38,TRUE,440.3
12-05-2021,Office Supplies,356.1,927.6,89.8,FALSE,327.2
12-05-2021,Toys,296,641,237.35,FALSE,277.2
12-05-2021,Groceries,280,688.8,111.08,FALSE,292.8
12-05-2021,Furniture,352.7,1018.2,72.3,FALSE,323.6
12-05-2021,Electronics,296.2,486,45.66,FALSE,300
13-05-2021,Office Supplies,324.5,934.2,94.35,FALSE,298.2
13-05-2021,Electronics,329.2,476.8,45.26,FALSE,306.7
13-05-2021,Groceries,300.4,680.6,106.2,FALSE,273.9
13-05-2021,Beauty,436,1024.1,165.74,FALSE,449.1
13-05-2021,Sporting Goods,596.7,1315.7,127.37,FALSE,539.7
13-05-2021,Pet Supplies,288.9,866.1,195.62,FALSE,283.6
13-05-2021,Apparel,451.9,1308.3,170.97,FALSE,442.3
13-05-2021,Furniture,219.3,1021.7,71.69,FALSE,215.4
13-05-2021,Automotive Parts,328.7,683,225.02,FALSE,334.5
13-05-2021,Toys,305,647.8,237.11,FALSE,299.7
14-05-2021,Groceries,325.3,659.6,106.61,FALSE,318.1
14-05-2021,Office Supplies,359.2,933.4,93.55,FALSE,360.8
14-05-2021,Pet Supplies,298,865.8,201.12,FALSE,293.3
14-05-2021,Electronics,297.4,488.1,44.86,FALSE,298.4
14-05-2021,Toys,336.7,636.8,234.52,FALSE,303.3
14-05-2021,Sporting Goods,571.8,1325.3,127.72,FALSE,526.5
14-05-2021,Automotive Parts,349.1,678.1,217.8,FALSE,344.1
14-05-2021,Beauty,478.4,1014.3,166.13,FALSE,468.5
14-05-2021,Furniture,352.5,1009.2,76.99,TRUE,341.4
14-05-2021,Apparel,433.8,1302,171.48,FALSE,393
15-05-2021,Pet Supplies,323.9,879.7,202.87,TRUE,329.7
15-05-2021,Furniture,247.2,998.6,75.23,FALSE,226.3
15-05-2021,Toys,388.4,645.1,236.95,TRUE,362.2
15-05-2021,Office Supplies,315.3,947,88.3,FALSE,295.5
15-05-2021,Apparel,416.3,1306.3,161.67,FALSE,428.2
15-05-2021,Sporting Goods,642.8,1333,128.14,TRUE,628.15
15-05-2021,Beauty,407.3,1045.8,164.81,FALSE,426.4
15-05-2021,Automotive Parts,347.6,678,219.41,FALSE,317.9
15-05-2021,Electronics,307.6,486.4,48.03,FALSE,300.4
15-05-2021,Groceries,305.8,667.2,109.41,FALSE,305.2
16-05-2021,Office Supplies,299.8,948.7,83.25,FALSE,301.2
16-05-2021,Groceries,272.3,673.7,105.94,FALSE,273.1
16-05-2021,Pet Supplies,316.4,887.2,195.74,TRUE,310.6
16-05-2021,Electronics,275.9,316.2,45,FALSE,267.8
16-05-2021,Apparel,430.7,1308.5,168.08,FALSE,425.4
16-05-2021,Toys,310.7,646.2,238.23,FALSE,297.7
16-05-2021,Sporting Goods,536.4,1338.1,128.33,FALSE,552.6
16-05-2021,Furniture,205,1012.4,74.43,FALSE,193.8
16-05-2021,Automotive Parts,341.1,679.1,216.49,FALSE,342.8
16-05-2021,Beauty,530.3,1044.4,170.12,TRUE,480.3
17-05-2021,Apparel,385.3,1300.9,170.53,FALSE,359
17-05-2021,Groceries,248.9,686.8,108.11,FALSE,237.1
17-05-2021,Beauty,425.1,1037.9,165.33,FALSE,397.2
17-05-2021,Electronics,642.8,318.9,46.5,FALSE,246.6
17-05-2021,Furniture,310.2,1009.7,74.94,TRUE,311.8
17-05-2021,Sporting Goods,483.6,1351.5,135.73,FALSE,475.6
17-05-2021,Pet Supplies,213.4,807.1,197.53,FALSE,202.2
17-05-2021,Toys,300.5,644.4,226.44,FALSE,307.6
17-05-2021,Office Supplies,301.1,954.8,88.32,FALSE,281.1
17-05-2021,Automotive Parts,299,690.9,217.51,FALSE,300.7
18-05-2021,Toys,284.3,648.8,231.89,FALSE,276.8
18-05-2021,Sporting Goods,608.4,1313,128.73,FALSE,609.9
18-05-2021,Electronics,274,315.3,46.39,FALSE,64.55
18-05-2021,Groceries,255.9,680.8,110.28,FALSE,235.9
18-05-2021,Office Supplies,642.8,955.9,88.99,FALSE,361.35
18-05-2021,Automotive Parts,301,693.4,216.46,FALSE,312.2
18-05-2021,Pet Supplies,251.7,877.2,203.72,FALSE,256.4
18-05-2021,Apparel,390.7,1327.8,167.48,FALSE,351.7
18-05-2021,Beauty,408.4,1039.1,162.87,FALSE,428.2
18-05-2021,Furniture,223.1,999.5,75.35,FALSE,221.6
19-05-2021,Toys,307.8,641.1,235.85,FALSE,307.1
19-05-2021,Apparel,417.3,1320.4,171.35,FALSE,381.2
19-05-2021,Pet Supplies,324.5,879.5,196.71,TRUE,310.6
19-05-2021,Electronics,274.4,324.5,46.25,FALSE,253.6
19-05-2021,Groceries,290.5,672.2,107.25,FALSE,297.4
19-05-2021,Office Supplies,287.5,819.8,89.72,FALSE,277.5
19-05-2021,Sporting Goods,585.2,1310.4,125.6,FALSE,611.2
19-05-2021,Automotive Parts,329,689.6,216.24,FALSE,340.4
19-05-2021,Furniture,206.8,997.7,76.22,FALSE,210.3
19-05-2021,Beauty,521.4,1032.9,166.69,TRUE,628.15
20-05-2021,Beauty,425.8,1025.8,170.57,FALSE,427.6
20-05-2021,Furniture,214.5,996.2,74.45,FALSE,197.6
20-05-2021,Apparel,438.3,1317.9,171,FALSE,398.6
20-05-2021,Sporting Goods,627.1,1297.6,126.44,FALSE,606
20-05-2021,Toys,330.4,631.2,226.77,FALSE,329.6
20-05-2021,Office Supplies,316.2,946.2,86.09,FALSE,314.2
20-05-2021,Automotive Parts,441,680.8,219.57,TRUE,424.6
20-05-2021,Groceries,415,666.1,109.4,TRUE,397.2
20-05-2021,Electronics,310.8,321.2,47.39,FALSE,281.9
20-05-2021,Pet Supplies,259.9,878.1,196.33,FALSE,252
21-05-2021,Apparel,401.7,1300.9,170.16,FALSE,382.7
21-05-2021,Sporting Goods,573.7,1310.1,128.02,FALSE,583.1
21-05-2021,Toys,341,632.4,239.92,FALSE,302.8
21-05-2021,Furniture,275.7,974.8,72.63,FALSE,260.8
21-05-2021,Groceries,329.2,665.7,107.13,FALSE,299.4
21-05-2021,Pet Supplies,290.8,879.3,202.54,FALSE,268.4
21-05-2021,Electronics,325.8,504.4,45.48,FALSE,328.9
21-05-2021,Beauty,480,1010.5,165.95,FALSE,454.9
21-05-2021,Office Supplies,573,929.7,86.23,TRUE,582.3
21-05-2021,Automotive Parts,338.3,687.1,222.87,FALSE,308.3
22-05-2021,Beauty,428,1018.5,165.87,FALSE,425.9
22-05-2021,Automotive Parts,338.8,690.5,217.8,FALSE,310
22-05-2021,Pet Supplies,262.1,890.8,196.08,FALSE,240
22-05-2021,Groceries,309.2,675,105.25,FALSE,285
22-05-2021,Electronics,298.9,514.5,47.42,FALSE,309.8
22-05-2021,Furniture,229.8,977.65,75.91,FALSE,212.8
22-05-2021,Sporting Goods,525.15,1326,129.18,TRUE,628.15
22-05-2021,Office Supplies,481.5,945.4,92.23,TRUE,436
22-05-2021,Toys,321.6,631.6,231.42,FALSE,314.6
22-05-2021,Apparel,430.9,1308.3,172.34,FALSE,402.8
23-05-2021,Office Supplies,311.6,934,88.74,FALSE,304.1
23-05-2021,Automotive Parts,313.5,701.3,212.57,FALSE,318.4
23-05-2021,Beauty,406.6,1025.6,165.99,FALSE,415.4
23-05-2021,Furniture,642.8,1005.9,71.71,FALSE,190
23-05-2021,Electronics,353.6,521.2,47.38,TRUE,325.9
23-05-2021,Apparel,382.4,1320.1,174.49,FALSE,368.4
23-05-2021,Groceries,642.8,690.3,107.5,FALSE,231.5
23-05-2021,Pet Supplies,251.9,892.4,196,FALSE,245.6
23-05-2021,Sporting Goods,534.6,1397.7,122.79,FALSE,515.2
23-05-2021,Toys,295.5,648.2,238.68,FALSE,283.6
24-05-2021,Toys,279.7,657.4,232.8,FALSE,292.2
24-05-2021,Automotive Parts,263.5,708.8,222.97,FALSE,261.2
24-05-2021,Sporting Goods,458.3,1347,128.01,FALSE,463.4
24-05-2021,Beauty,420.8,1029.1,163.88,FALSE,431.8
24-05-2021,Groceries,251.3,690.4,108.08,FALSE,256.6
24-05-2021,Apparel,375.2,1322.3,169.25,FALSE,361.9
24-05-2021,Electronics,349.6,529.7,46.54,TRUE,357.4
24-05-2021,Furniture,220.3,1005.5,75.3,FALSE,227.3
24-05-2021,Pet Supplies,245.7,887.4,199.02,FALSE,235.7
24-05-2021,Office Supplies,286.6,934.2,89.83,FALSE,275.2
25-05-2021,Electronics,249.2,525.6,45.69,FALSE,231.6
25-05-2021,Office Supplies,261.5,620.3,89.25,FALSE,235.8
25-05-2021,Sporting Goods,510.4,1328.5,128.12,FALSE,528.5
25-05-2021,Toys,483.3,646.4,233.48,TRUE,628.15
25-05-2021,Pet Supplies,244,888,197.41,FALSE,245.3
25-05-2021,Apparel,364.3,1330.8,172.54,FALSE,362.5
25-05-2021,Automotive Parts,289.5,656.2,217.63,FALSE,280
25-05-2021,Furniture,303.9,1003.1,74.43,FALSE,224.3
25-05-2021,Groceries,225.7,697.7,107.92,FALSE,203.4
25-05-2021,Beauty,407.3,1028.2,164.86,FALSE,401
26-05-2021,Beauty,408.9,1032.8,168.07,FALSE,424.8
26-05-2021,Automotive Parts,288.1,695.6,213.08,FALSE,277.5
26-05-2021,Furniture,230.1,1006.8,75.67,FALSE,289.7
26-05-2021,Sporting Goods,541.1,1318.3,125.79,FALSE,566.8
26-05-2021,Pet Supplies,278.2,880.5,193.26,FALSE,275.5
26-05-2021,Office Supplies,288.4,616.4,87.37,FALSE,285.5
26-05-2021,Apparel,443.7,1301.5,168.05,FALSE,458.8
26-05-2021,Toys,329.6,639.1,234.21,FALSE,313.7
26-05-2021,Electronics,262.7,526.3,46.35,FALSE,241.1
26-05-2021,Groceries,262,693.1,110.35,FALSE,295.35
27-05-2021,Automotive Parts,340.9,685.2,222.81,FALSE,317.9
27-05-2021,Furniture,232.8,1006.2,75.64,FALSE,233.2
27-05-2021,Toys,342.6,632.5,230.98,FALSE,344.8
27-05-2021,Apparel,445.9,1295.2,167.12,FALSE,406.9
27-05-2021,Electronics,318.6,505,46.92,FALSE,301.4
27-05-2021,Sporting Goods,598.6,1304.3,124.24,FALSE,582.2
27-05-2021,Beauty,436.8,1022.3,162.95,FALSE,435.5
27-05-2021,Groceries,311.1,678.6,107.53,FALSE,296
27-05-2021,Pet Supplies,290.6,874,192.82,FALSE,263.9
27-05-2021,Office Supplies,379.4,595.1,90.53,FALSE,64.55
28-05-2021,Beauty,454.5,1011.2,161.09,FALSE,419.1
28-05-2021,Electronics,303.1,497.8,45.33,FALSE,242.1
28-05-2021,Groceries,313.2,681.9,106.81,FALSE,291.8
28-05-2021,Office Supplies,369.4,603.9,94.36,FALSE,322.3
28-05-2021,Toys,298.9,643.2,245.98,FALSE,299.5
28-05-2021,Sporting Goods,572,1308.9,128.7,FALSE,520.6
28-05-2021,Apparel,453,1290.4,169.27,FALSE,440.7
28-05-2021,Furniture,340.4,991,75.94,TRUE,346.2
28-05-2021,Pet Supplies,308.8,867.3,199.28,FALSE,311.4
28-05-2021,Automotive Parts,341.6,680.5,215.63,FALSE,350.9
29-05-2021,Apparel,397.2,1310.2,170.85,FALSE,378.8
29-05-2021,Groceries,313.1,681.1,110.43,FALSE,293.7
29-05-2021,Furniture,286.9,978.5,73.37,FALSE,259.3
29-05-2021,Toys,334.4,633,226.52,FALSE,331.8
29-05-2021,Sporting Goods,642.8,1313.7,124.06,TRUE,628.15
29-05-2021,Office Supplies,292.2,617.2,89.82,FALSE,300.2
29-05-2021,Pet Supplies,320.6,850,195.74,FALSE,328.4
29-05-2021,Automotive Parts,324.5,681.9,215.07,FALSE,331.2
29-05-2021,Electronics,279.7,502,43.93,FALSE,255.1
29-05-2021,Beauty,470.8,1009.5,165.37,FALSE,492.8
30-05-2021,Sporting Goods,527.9,1315.7,130.37,FALSE,478.1
30-05-2021,Groceries,252.6,702.8,106.8,FALSE,241
30-05-2021,Electronics,253.5,513.3,46.91,FALSE,234.9
30-05-2021,Toys,302.5,642.3,236.3,FALSE,316.3
30-05-2021,Apparel,358.8,1317.2,166.35,FALSE,359.7
30-05-2021,Furniture,214,1001.2,73.36,FALSE,196.6
30-05-2021,Beauty,395.3,1033.6,161.23,FALSE,391.3
30-05-2021,Office Supplies,266.3,948.5,89.17,FALSE,242.9
30-05-2021,Pet Supplies,260.2,861.1,203.23,FALSE,240
30-05-2021,Automotive Parts,303.1,688.8,213.81,FALSE,315.8
31-05-2021,Toys,288.8,635.9,234.1,FALSE,274.2
31-05-2021,Office Supplies,642.8,935.6,89.66,TRUE,417.4
31-05-2021,Automotive Parts,296.6,696.8,222.18,FALSE,294.8
31-05-2021,Beauty,381.9,1036.3,166.51,FALSE,355
31-05-2021,Sporting Goods,488.7,1324,129.87,FALSE,471.5
31-05-2021,Electronics,241,529.4,46.93,FALSE,246.7
31-05-2021,Pet Supplies,248.7,859.5,196.41,FALSE,258.6
31-05-2021,Furniture,210.3,1000.2,74.98,FALSE,196.7
31-05-2021,Groceries,253.1,705.7,357.79,FALSE,229
31-05-2021,Apparel,383.5,1308.4,169.66,FALSE,397.2
01-06-2021,Clothing,387.9,1309.1,171.65,FALSE,351.7
01-06-2021,Office Supplies,299.1,930.4,90.71,FALSE,304.6
01-06-2021,Electronics,252.8,531,45.47,FALSE,230.6
01-06-2021,Groceries,296.3,713.3,106.67,TRUE,309.5
01-06-2021,Toys,268.9,651.6,241.15,FALSE,256.7
01-06-2021,Furniture,232,994,74.73,FALSE,224.6
01-06-2021,Automotive Parts,287.3,700.1,209.3,FALSE,300.2
01-06-2021,Office Supplies,403.7,819.8,90.23,FALSE,384.7
01-06-2021,Pet Supplies,229.2,866.7,190.87,FALSE,225.3
02-06-2021,Apparel,473.2,1275.3,170.95,FALSE,429.1
02-06-2021,Toys,261.3,601,237.92,FALSE,255.4
02-06-2021,Toys,299.2,643.4,242.22,FALSE,278.6
02-06-2021,Automotive Parts,288.5,691.8,219.06,FALSE,288.4
02-06-2021,Apparel,435.1,1297.4,167.98,FALSE,407.7
02-06-2021,Pet Supplies,268,855,200.89,FALSE,263.7
02-06-2021,Groceries,296.2,693.9,103.98,FALSE,301.2
02-06-2021,Furniture,243.8,994.8,75.81,FALSE,221.3
02-06-2021,Sporting Goods,531.5,1315.6,124.96,FALSE,628.15
02-06-2021,Office Supplies,307.4,917.7,89.09,FALSE,320.5
02-06-2021,Beauty,428,1016.3,165.96,FALSE,399.5
03-06-2021,Automotive Parts,297.3,694.3,220.21,FALSE,293.6
03-06-2021,Beauty,397.35,1000.5,164.43,FALSE,487.8
03-06-2021,Sporting Goods,642.8,1294.9,129.96,TRUE,628.15
03-06-2021,Pet Supplies,261.9,853.7,191.7,FALSE,268.1
03-06-2021,Groceries,293.5,698,106.79,FALSE,293.2
03-06-2021,Clothing,642.8,1295.7,165.59,TRUE,613.1
03-06-2021,Automotive Parts,408.5,609.4,216.16,FALSE,415.7
03-06-2021,Pet Supplies,272.6,828.2,200.08,FALSE,278
03-06-2021,Electronics,312.8,507,47.24,FALSE,323.3
03-06-2021,Toys,353.9,622.1,237.75,FALSE,351.2
03-06-2021,Office Supplies,333.4,913.7,89.95,FALSE,347.5
03-06-2021,Furniture,434.8,985,72.59,TRUE,415.9
04-06-2021,Electronics,291.1,508.8,45.79,FALSE,288.4
04-06-2021,Automotive Parts,349.5,675.6,212.46,FALSE,328.2
04-06-2021,Beauty,486.3,993.2,164.3,FALSE,484.6
04-06-2021,Groceries,308.7,697.7,103.95,FALSE,319
04-06-2021,Furniture,258.5,992.7,75.15,FALSE,246.5
04-06-2021,Sporting Goods,607.9,1288.4,127.73,FALSE,552.7
04-06-2021,Pet Supplies,334.1,828.7,199.02,FALSE,312.4
04-06-2021,Automotive Parts,451.9,610.2,217.12,TRUE,415.8
04-06-2021,Office Supplies,343.2,918.9,89.99,FALSE,309.4
05-06-2021,Apparel,450.3,1291,168.09,FALSE,461.2
05-06-2021,Pet Supplies,291.1,533.7,192.07,FALSE,276.1
05-06-2021,Toys,311.7,638.7,234.73,FALSE,302
05-06-2021,Furniture,244.8,998.7,75.79,FALSE,237.9
05-06-2021,Beauty,488.8,994.7,162.27,FALSE,445.6
05-06-2021,Toys,346.4,628.9,239.17,FALSE,312.7
05-06-2021,Automotive Parts,446.6,691.9,221.47,TRUE,467.3
05-06-2021,Electronics,248.4,512.5,47.48,FALSE,261.1
05-06-2021,Automotive Parts,369.3,658.2,216.38,FALSE,356.6
06-06-2021,Pet Supplies,273.9,535.8,195.61,FALSE,249.6
06-06-2021,Furniture,642.8,1004.4,74.43,FALSE,206.7
06-06-2021,Automotive Parts,268.1,705.7,216.57,FALSE,258.7
06-06-2021,Apparel,413.5,1300.1,166.44,FALSE,399.1
06-06-2021,Toys,306,638.5,232.72,FALSE,312.9
06-06-2021,Beauty,434.7,1016,163.57,FALSE,409.8
06-06-2021,Groceries,249.6,693.1,111.27,FALSE,234.8
06-06-2021,Electronics,263.7,511.6,47.22,FALSE,261.7
06-06-2021,Sporting Goods,517.5,1330.2,126.13,FALSE,509.1
06-06-2021,Office Supplies,289.4,944.4,91.58,FALSE,295.5
07-06-2021,Pet Supplies,281.3,808.3,204.17,FALSE,289.2
07-06-2021,Groceries,231.9,702.3,109.49,FALSE,219.3
07-06-2021,Beauty,428.4,1014.7,170.44,FALSE,394.5
07-06-2021,Office Supplies,288.6,940.8,92.09,FALSE,284.4
07-06-2021,Pet Supplies,235.5,543.4,187.24,FALSE,64.55
07-06-2021,Furniture,279,1004.9,73.34,FALSE,275.4
07-06-2021,Electronics,260.7,504.2,48.22,FALSE,242.1
07-06-2021,Office Supplies,269.5,911.7,89.23,FALSE,361.35
07-06-2021,Sporting Goods,510,1333.6,127.29,FALSE,480.8
07-06-2021,Furniture,231.7,1001.1,72.78,FALSE,227.7
07-06-2021,Apparel,451.9,1299.4,169.66,FALSE,399.7
07-06-2021,Toys,317,638.4,239.2,FALSE,327.8
08-06-2021,Automotive Parts,326.7,686.9,222.61,FALSE,296.4
08-06-2021,Beauty,437.6,1028.1,163.51,FALSE,425.2
08-06-2021,Apparel,642.8,1288.6,170.33,TRUE,628.15
08-06-2021,Furniture,309.4,1007.2,77.08,TRUE,307
08-06-2021,Sporting Goods,536.6,1321.4,126.6,FALSE,492.7
08-06-2021,Sporting Goods,525.15,1331.8,128.75,FALSE,541.9
08-06-2021,Office Supplies,269.1,940.6,89.41,FALSE,260.1
08-06-2021,Electronics,351.2,505.7,46.78,TRUE,628.15
09-06-2021,Pet Supplies,275.1,531.9,199.6,FALSE,248.3
09-06-2021,Electronics,387.4,506.6,48.5,TRUE,353.3
09-06-2021,Groceries,295.9,681.4,107.91,FALSE,303.3
09-06-2021,Automotive Parts,316.8,690.3,218.06,FALSE,298.6
09-06-2021,Beauty,433.1,1006.7,160.99,FALSE,453.7
09-06-2021,Toys,339.2,627.5,247.4,FALSE,343.3
10-06-2021,Furniture,265.2,982.3,76.84,FALSE,242.8
10-06-2021,Office Supplies,351.3,912.9,93.55,FALSE,367.2
10-06-2021,Automotive Parts,330.6,685.2,217.01,FALSE,303.6
10-06-2021,Furniture,303.9,980.3,73.74,FALSE,338.4
10-06-2021,Electronics,185.5,457.7,46.67,FALSE,168.1
10-06-2021,Electronics,290.5,497.6,45.42,FALSE,279.1
10-06-2021,Groceries,274.6,693.1,106.09,FALSE,284.2
10-06-2021,Sporting Goods,642.8,1312.8,129.28,TRUE,628.15
10-06-2021,Groceries,310.9,682,108.27,FALSE,280
10-06-2021,Pet Supplies,303.3,830.6,194.28,FALSE,303.2
10-06-2021,Sporting Goods,471,1420.5,128.82,FALSE,436.8
10-06-2021,Beauty,443.9,1007.4,168.41,FALSE,405.1
10-06-2021,Toys,328,631,236.63,FALSE,325.8
10-06-2021,Apparel,435.7,1286.6,169.6,FALSE,448.9
11-06-2021,Apparel,455.3,1281.2,174.79,FALSE,429
11-06-2021,Pet Supplies,353.8,810.6,202.39,FALSE,343.3
11-06-2021,Furniture,246.2,991.8,72.75,FALSE,237.4
11-06-2021,Automotive Parts,307.5,656.2,214.24,FALSE,309.7
11-06-2021,Toys,336.3,419.9,236.57,FALSE,306.5
11-06-2021,Automotive Parts,325.9,663,216.41,FALSE,327.4
11-06-2021,Office Supplies,352,902.7,89.72,FALSE,326.5
12-06-2021,Pet Supplies,308.9,817.8,196.99,FALSE,309.4
12-06-2021,Toys,271.6,675.9,240.76,FALSE,275.8
12-06-2021,Sporting Goods,515.9,1397.7,357.79,FALSE,478
12-06-2021,Furniture,377.5,993.6,71.53,TRUE,351.5
12-06-2021,Apparel,373.7,1315.8,165.03,FALSE,383.8
12-06-2021,Groceries,279.8,682.8,108.56,FALSE,263.6
12-06-2021,Automotive Parts,319.1,689.8,215.82,FALSE,312.7
12-06-2021,Toys,336.1,426.3,234.6,FALSE,346.6
12-06-2021,Electronics,282.3,512,46.55,FALSE,294.3
12-06-2021,Office Supplies,435,912,90.36,TRUE,405.7
12-06-2021,Automotive Parts,306.1,665.5,222.17,FALSE,321.4
13-06-2021,Office Supplies,259.8,931.5,88.66,FALSE,238.3
13-06-2021,Beauty,415.3,1005.1,168.27,FALSE,415
13-06-2021,Pet Supplies,264.3,807.1,192.73,FALSE,274.5
13-06-2021,Furniture,246.5,988.1,73.49,FALSE,251.8
13-06-2021,Automotive Parts,334.8,700.5,226.5,TRUE,339.6
13-06-2021,Electronics,255.8,520.5,47.16,FALSE,262.7
13-06-2021,Toys,323.4,635.9,238.39,FALSE,64.55
13-06-2021,Sporting Goods,524,1338.5,128.32,FALSE,487.7
13-06-2021,Groceries,261.4,678.2,107.35,FALSE,266
13-06-2021,Apparel,379.9,1309,168.54,FALSE,375.4
14-06-2021,Groceries,238.8,688.4,109.11,FALSE,235.1
14-06-2021,Beauty,398.1,999.5,160.59,FALSE,414.2
14-06-2021,Sporting Goods,642.8,1338.3,128.88,TRUE,628.15
14-06-2021,Apparel,339.3,1310.9,168.47,FALSE,326.1
14-06-2021,Electronics,227.9,527,46.55,FALSE,228.3
14-06-2021,Automotive Parts,276.2,703.3,211.49,FALSE,277.2
14-06-2021,Toys,282.4,438.6,236.92,FALSE,286.4
14-06-2021,Furniture,248.6,988.9,74.67,FALSE,227.9
14-06-2021,Office Supplies,272.4,926.6,88.25,FALSE,255.2
14-06-2021,Pet Supplies,225.5,839.6,197.83,FALSE,203.8
15-06-2021,Electronics,228.5,531.2,46.85,FALSE,234.9
15-06-2021,Office Supplies,273.3,926.8,91.91,FALSE,260.1
15-06-2021,Groceries,244.1,685.4,110.15,FALSE,240.7
15-06-2021,Beauty,411.7,996.3,162.1,FALSE,380.8
15-06-2021,Automotive Parts,308.4,692.6,216.44,FALSE,297.6
15-06-2021,Pet Supplies,262,830,195.51,FALSE,263.2
15-06-2021,Toys,324.7,1722.47,237.34,FALSE,309.2
15-06-2021,Sporting Goods,478.2,1345.7,128.6,FALSE,430.8
15-06-2021,Furniture,253.9,983.2,76.47,FALSE,234.5
15-06-2021,Apparel,451.9,1296.3,173.19,FALSE,376.6
16-06-2021,Groceries,258.7,682,111.56,FALSE,246.1
16-06-2021,Beauty,431.2,989.7,169.63,FALSE,406
16-06-2021,Toys,422.6,650.4,230.45,TRUE,443.1
16-06-2021,Apparel,386.1,1291.6,167.49,FALSE,360.3
16-06-2021,Furniture,257.4,987.8,76.1,FALSE,237.2
16-06-2021,Electronics,262.9,512.6,46.97,FALSE,251.4
16-06-2021,Pet Supplies,281.6,821.8,193.49,FALSE,294.6
16-06-2021,Sporting Goods,642.8,1325.2,128.5,TRUE,628.15
16-06-2021,Office Supplies,304,916.7,90.54,FALSE,283.8
16-06-2021,Automotive Parts,288.3,697.3,217.8,FALSE,317.9
17-06-2021,Groceries,307.4,659.7,110.47,FALSE,279.5
17-06-2021,Beauty,518.4,993.4,163.37,TRUE,387.5
17-06-2021,Apparel,388.6,1283.3,174.49,FALSE,372
17-06-2021,Sporting Goods,569.2,1325,131.57,FALSE,531.1
17-06-2021,Furniture,303.9,998,75.52,FALSE,628.15
17-06-2021,Office Supplies,348.5,902.1,89.48,FALSE,324.5
17-06-2021,Automotive Parts,299.1,656.2,223.99,FALSE,271.6
17-06-2021,Electronics,267.7,480.8,48.61,FALSE,277.2
17-06-2021,Pet Supplies,306.8,816.2,199,FALSE,309.4
17-06-2021,Toys,341.4,647.5,244.63,FALSE,338.1
18-06-2021,Furniture,248,571.8,73.19,FALSE,236.3
18-06-2021,Electronics,298.6,501.8,45.94,FALSE,303.5
18-06-2021,Apparel,454,1260.8,170.83,FALSE,437.7
18-06-2021,Automotive Parts,324.9,675.5,223.13,FALSE,335.2
18-06-2021,Office Supplies,446.8,913.3,87.97,TRUE,418.5
18-06-2021,Toys,573.6,640.1,234.73,TRUE,550.5
18-06-2021,Pet Supplies,298.5,817.1,200.62,FALSE,628.15
18-06-2021,Beauty,452,992.6,164.29,FALSE,446.7
18-06-2021,Groceries,318.8,658,110.35,FALSE,322.7
18-06-2021,Sporting Goods,622.6,1308.4,131.33,FALSE,589.9
19-06-2021,Automotive Parts,303.8,674.5,217.43,FALSE,306.2
19-06-2021,Electronics,269.5,506.5,44.94,FALSE,255.7
19-06-2021,Toys,349.7,634.4,231.81,FALSE,327
19-06-2021,Pet Supplies,312.2,810.6,200.8,FALSE,284
19-06-2021,Sporting Goods,560.5,1324.1,126.74,FALSE,546
19-06-2021,Groceries,290.3,670.9,101.67,FALSE,299.2
19-06-2021,Furniture,642.8,569.5,75.3,FALSE,238
19-06-2021,Office Supplies,310.8,912.2,90.8,FALSE,291.4
19-06-2021,Apparel,423.5,1271.3,171.23,FALSE,390.8
19-06-2021,Beauty,409.7,1008.3,168.96,FALSE,404.1
20-06-2021,Furniture,303.9,571.1,74.43,FALSE,64.55
20-06-2021,Sporting Goods,534.2,1331.9,127.45,FALSE,547.2
20-06-2021,Pet Supplies,297.5,810.9,191.94,FALSE,273.1
20-06-2021,Groceries,252.9,682.2,107.44,FALSE,250.2
20-06-2021,Office Supplies,268.7,924.1,89.7,FALSE,361.35
20-06-2021,Automotive Parts,256.5,686.5,221.99,FALSE,246.6
20-06-2021,Apparel,416.4,1272.6,171.99,FALSE,418.6
20-06-2021,Electronics,234.5,517.5,46.89,FALSE,232.6
20-06-2021,Beauty,419.9,1013.5,357.79,FALSE,400.6
20-06-2021,Toys,353.7,638.2,237.75,FALSE,330
21-06-2021,Toys,316.6,649.1,241.03,FALSE,297.5
21-06-2021,Apparel,357,1300.9,171.88,FALSE,346.1
21-06-2021,Pet Supplies,220.8,840.8,192.73,FALSE,214.2
21-06-2021,Groceries,302.8,683,108.89,FALSE,233.2
21-06-2021,Automotive Parts,270.9,687,216.5,FALSE,268.2
21-06-2021,Electronics,226.8,528.2,48.78,FALSE,242.1
21-06-2021,Sporting Goods,511.6,1339.9,128.37,FALSE,532.8
21-06-2021,Beauty,364.2,1020.8,162.69,FALSE,352.2
21-06-2021,Office Supplies,281,819.8,90.45,FALSE,265.2
21-06-2021,Furniture,263.1,572.7,74.6,FALSE,269.2
22-06-2021,Office Supplies,289.7,917.9,90.4,FALSE,262.2
22-06-2021,Sporting Goods,642.8,1360.1,128.27,TRUE,616
22-06-2021,Beauty,399.5,999.8,165.45,FALSE,415.7
22-06-2021,Groceries,215.4,679,108.4,FALSE,222
22-06-2021,Automotive Parts,329.1,681,218.35,FALSE,238.9
22-06-2021,Apparel,396.4,1282.2,165.04,FALSE,373.8
22-06-2021,Furniture,222.3,578.7,72.46,FALSE,212.9
22-06-2021,Electronics,228.8,523.9,46.49,FALSE,217.6
22-06-2021,Toys,316.1,655.1,244.38,FALSE,295.4
22-06-2021,Pet Supplies,281.8,833.4,197.58,FALSE,288
23-06-2021,Office Supplies,291.2,910.2,88.49,FALSE,282.6
23-06-2021,Sporting Goods,511.7,1344,128.33,FALSE,491.3
23-06-2021,Furniture,258.9,1009,74.18,FALSE,240.6
23-06-2021,Apparel,422,1268.8,168.98,FALSE,384.8
23-06-2021,Electronics,251.9,521.7,47.44,FALSE,262.5
23-06-2021,Automotive Parts,299.5,671.6,219.5,FALSE,291
23-06-2021,Groceries,264.9,654,357.79,FALSE,252
23-06-2021,Toys,303.8,660.3,245.6,FALSE,311.9
23-06-2021,Beauty,438.3,984.6,161.68,FALSE,401.6
23-06-2021,Pet Supplies,278.3,837.4,202.43,FALSE,291.2
24-06-2021,Groceries,309.3,627.8,110.36,FALSE,301.8
24-06-2021,Apparel,482.9,1259,171.9,FALSE,496.2
24-06-2021,Toys,330.6,657.8,237.95,FALSE,341.1
24-06-2021,Sporting Goods,519.9,1347.2,127.23,FALSE,520.3
24-06-2021,Beauty,534.7,1000,167.95,TRUE,550.8
24-06-2021,Electronics,282.5,514.4,46.39,FALSE,286.1
24-06-2021,Furniture,247.4,1014.2,74.43,FALSE,258.8
24-06-2021,Pet Supplies,336.7,817.2,193.19,FALSE,310.6
24-06-2021,Automotive Parts,297.5,673.3,219.42,FALSE,284.8
24-06-2021,Office Supplies,328.3,904.5,88.59,FALSE,306.8
25-06-2021,Electronics,261,513.9,47.5,FALSE,256.9
25-06-2021,Beauty,522.1,967.2,164.66,FALSE,495
25-06-2021,Furniture,300.3,1001.7,73.95,FALSE,277
25-06-2021,Office Supplies,348.9,893.5,91.4,FALSE,321.3
25-06-2021,Toys,364.6,646,237.86,FALSE,376.1
25-06-2021,Automotive Parts,320.5,665.9,218.68,FALSE,313.3
25-06-2021,Pet Supplies,298.8,826.2,195.33,FALSE,304.6
25-06-2021,Sporting Goods,578.3,1332.4,131.23,FALSE,545.5
25-06-2021,Apparel,428,1286.1,174.23,FALSE,396.4
25-06-2021,Groceries,293.9,628.7,106.23,FALSE,295.35
26-06-2021,Furniture,239.8,1018,75.28,FALSE,238.5
26-06-2021,Automotive Parts,315,677.6,212.52,FALSE,297.6
26-06-2021,Apparel,642.8,1287.9,169.66,FALSE,393.5
26-06-2021,Groceries,300.9,630.1,109.8,FALSE,300
26-06-2021,Office Supplies,301.1,908.2,88.77,FALSE,281.4
26-06-2021,Beauty,458.4,988.5,161.94,FALSE,426.1
26-06-2021,Sporting Goods,538.2,1338.7,128.33,FALSE,491.4
26-06-2021,Electronics,241.4,524.4,46.78,FALSE,250.2
26-06-2021,Toys,357,637.4,241.35,FALSE,370.8
26-06-2021,Pet Supplies,321.4,816.9,198.1,FALSE,301.9
27-06-2021,Groceries,302.8,656,106.3,FALSE,222.4
27-06-2021,Automotive Parts,283,685,213.58,FALSE,255.6
27-06-2021,Furniture,267.4,1011.6,74.02,FALSE,251.7
27-06-2021,Office Supplies,258.6,921.4,87.19,FALSE,268.4
27-06-2021,Electronics,241.1,520.3,46.59,FALSE,250.3
27-06-2021,Pet Supplies,262.8,835.2,201.31,FALSE,240.2
27-06-2021,Beauty,428.6,1002.3,161.88,FALSE,429.6
27-06-2021,Apparel,364.2,1301.6,165.85,FALSE,356.8
27-06-2021,Toys,341.2,645.3,238.35,FALSE,357
27-06-2021,Sporting Goods,615.5,1337.5,130.12,TRUE,574.1
28-06-2021,Groceries,305.2,666.1,106.67,TRUE,276.4
28-06-2021,Sporting Goods,519.5,1332.9,131.88,FALSE,468.6
28-06-2021,Automotive Parts,280.7,684.4,223.75,FALSE,289.9
28-06-2021,Beauty,404.8,1003.9,158.44,FALSE,416.8
28-06-2021,Toys,318.6,641.9,236.08,FALSE,330.4
28-06-2021,Apparel,337.5,1310.3,169.99,FALSE,307.5
28-06-2021,Furniture,288.5,1004.6,357.79,FALSE,292.8
28-06-2021,Electronics,220.4,519.2,47.38,FALSE,201.9
28-06-2021,Office Supplies,264.8,909.9,89.23,FALSE,262.7
28-06-2021,Pet Supplies,241.6,837.7,194.58,FALSE,240.8
29-06-2021,Apparel,386.6,1292,169.46,FALSE,373.4
29-06-2021,Pet Supplies,273.7,829.4,196.71,FALSE,259.6
29-06-2021,Toys,299.9,648.4,234.6,FALSE,297.9
29-06-2021,Office Supplies,255.1,919.9,91.18,FALSE,230.1
29-06-2021,Groceries,232.7,648.3,104.66,FALSE,295.35
29-06-2021,Beauty,440.3,994.2,164.72,FALSE,420.4
29-06-2021,Furniture,318.3,1018,73.57,TRUE,290.7
29-06-2021,Sporting Goods,462.2,1355,128.21,FALSE,435.6
29-06-2021,Electronics,333.3,513,47.55,TRUE,305
29-06-2021,Automotive Parts,299.5,677.5,215.61,FALSE,295.2
30-06-2021,Electronics,250.1,502.7,45.84,FALSE,261.1
30-06-2021,Beauty,434,989.4,159.22,FALSE,447.1
30-06-2021,Office Supplies,296.2,913.5,91.44,FALSE,308.8
30-06-2021,Groceries,265,642.1,108.23,FALSE,264.9
30-06-2021,Automotive Parts,258.9,696.3,221.05,FALSE,254.5
30-06-2021,Sporting Goods,564.1,1321.4,130,FALSE,589.3
30-06-2021,Pet Supplies,288.2,827.7,196.38,FALSE,282.7
30-06-2021,Apparel,397.4,1293.8,168.94,FALSE,628.15
30-06-2021,Toys,303.3,649.5,233.38,FALSE,313.8
30-06-2021,Furniture,284.5,1011.2,74.64,FALSE,262.8
01-07-2021,Furniture,277.3,977.65,70.52,FALSE,269
01-07-2021,Sporting Goods,515.9,1329.3,134.26,FALSE,527.5
01-07-2021,Toys,341.3,634.8,239.93,FALSE,352.2
01-07-2021,Clothing,426.3,1288.8,164.04,FALSE,440.9
01-07-2021,Pet Supplies,325,814,190.14,FALSE,316
01-07-2021,Electronics,262.6,501.9,46.14,FALSE,243.5
01-07-2021,Groceries,287.3,634.4,109.65,FALSE,298
01-07-2021,Office Supplies,330.8,900,88.28,FALSE,346.3
02-07-2021,Toys,351.9,638.4,233.36,FALSE,364
02-07-2021,Office Supplies,526.7,885.9,93.74,TRUE,481.6
02-07-2021,Apparel,438.7,1284.2,168.2,FALSE,419.9
02-07-2021,Sporting Goods,607.9,1302.8,123.5,FALSE,594.1
02-07-2021,Furniture,308.3,1014.1,74.42,FALSE,282.6
02-07-2021,Automotive Parts,344.4,668.5,216.81,FALSE,328
02-07-2021,Groceries,307.1,626.3,106.56,FALSE,311.7
02-07-2021,Beauty,470.7,968.4,157.47,FALSE,424.7
02-07-2021,Electronics,241.6,555.6,47.01,FALSE,239.6
02-07-2021,Electronics,276.9,493.9,48.1,FALSE,262.9
03-07-2021,Toys,357.2,633.4,235.68,FALSE,336.8
03-07-2021,Automotive Parts,281.8,656.2,214.06,FALSE,270
03-07-2021,Groceries,292.8,631.6,108.26,FALSE,294.6
03-07-2021,Office Supplies,340.4,902.5,87.41,FALSE,310.4
03-07-2021,Electronics,320.3,511.4,45.7,TRUE,314.4
03-07-2021,Apparel,460.1,1278.9,166.29,FALSE,419.6
03-07-2021,Furniture,300.6,1016.5,75.92,FALSE,294.8
03-07-2021,Groceries,275.5,626.1,112.91,FALSE,248.6
03-07-2021,Sporting Goods,570.3,1315.4,128.21,FALSE,592.5
03-07-2021,Beauty,457.1,983.6,160.07,FALSE,445.9
03-07-2021,Furniture,214.2,927.1,75.14,FALSE,224
04-07-2021,Pet Supplies,254.9,873.9,194.63,FALSE,241.4
04-07-2021,Electronics,493,462.5,46.49,TRUE,489.4
04-07-2021,Beauty,400.8,1016.3,165.12,FALSE,361.3
04-07-2021,Automotive Parts,378.1,602.1,217.49,FALSE,352.8
04-07-2021,Automotive Parts,250.5,693.3,217.52,FALSE,240.6
04-07-2021,Toys,351.9,632.1,239.38,FALSE,302.8
04-07-2021,Sporting Goods,528.3,1327.9,124.56,FALSE,485.5
04-07-2021,Toys,256,639.2,237.11,FALSE,268.4
04-07-2021,Electronics,230.2,516.5,46.88,FALSE,216.1
04-07-2021,Furniture,275.8,1012.6,73.24,FALSE,281.4
04-07-2021,Office Supplies,290.6,920.3,87.29,FALSE,287.7
04-07-2021,Apparel,420.5,1298.1,167.37,FALSE,420.2
04-07-2021,Groceries,253.3,633.4,107.52,FALSE,260
04-07-2021,Furniture,187.8,984.2,72.35,FALSE,628.15
05-07-2021,Toys,642.8,642.1,235.7,FALSE,315.6
05-07-2021,Apparel,384.6,1300.9,165.81,FALSE,365.5
05-07-2021,Automotive Parts,258.7,693.7,219.37,FALSE,251.4
05-07-2021,Beauty,388,1007.4,159.55,FALSE,387.6
05-07-2021,Electronics,205.5,520.3,45.62,FALSE,215.2
05-07-2021,Sporting Goods,472.2,1343.3,129.54,FALSE,481.1
06-07-2021,Groceries,235.3,646.3,108.39,FALSE,242.7
06-07-2021,Sporting Goods,528.1,1328.4,130.04,FALSE,550.6
06-07-2021,Beauty,407.7,1000.4,162.97,FALSE,408.9
06-07-2021,Apparel,350.2,1300.9,165.26,FALSE,341.2
06-07-2021,Automotive Parts,276.5,704.6,224.69,FALSE,260.8
06-07-2021,Automotive Parts,282.6,684.3,220.12,FALSE,271.5
06-07-2021,Toys,304.7,655.1,243.97,FALSE,317.1
06-07-2021,Electronics,206.2,515.9,46.78,FALSE,200.5
07-07-2021,Groceries,255.6,641,110.03,FALSE,255.7
07-07-2021,Sporting Goods,568.7,1309.6,133.7,FALSE,589.5
07-07-2021,Electronics,243.9,505.8,46.16,FALSE,242.2
07-07-2021,Apparel,445.8,1292.6,171.83,FALSE,423.1
07-07-2021,Pet Supplies,321.6,792.4,197.02,FALSE,326.4
07-07-2021,Toys,321.2,654.9,237.04,FALSE,298.3
07-07-2021,Office Supplies,337.5,888.6,90.82,FALSE,310.5
07-07-2021,Automotive Parts,393.4,680.6,213.46,TRUE,410.2
07-07-2021,Beauty,395.5,1008.1,165.24,FALSE,400.1
07-07-2021,Furniture,294,990.2,75.38,FALSE,287.8
08-07-2021,Electronics,262.6,490,45.87,FALSE,271
08-07-2021,Apparel,450,1289.2,167.26,FALSE,445.2
08-07-2021,Toys,336.7,644.2,238.98,FALSE,326.7
08-07-2021,Beauty,453.2,993.2,166.46,FALSE,448.4
08-07-2021,Automotive Parts,308.6,671,221.13,FALSE,317.1
08-07-2021,Office Supplies,311.7,898.1,92.14,FALSE,305.7
08-07-2021,Furniture,382.2,998.4,72.92,TRUE,358.9
08-07-2021,Sporting Goods,570.1,1315,129.45,FALSE,523.1
08-07-2021,Pet Supplies,331.6,807.1,194.68,FALSE,300
08-07-2021,Groceries,278.5,637.4,107.66,FALSE,266.7
08-07-2021,Beauty,436.9,1021.8,169.36,FALSE,393.3
09-07-2021,Automotive Parts,317.5,683.1,357.79,FALSE,314.3
09-07-2021,Electronics,239.8,486,47.16,FALSE,628.15
09-07-2021,Beauty,443.8,1007,168.37,FALSE,444.3
09-07-2021,Pet Supplies,328.2,788.9,189.99,FALSE,328.3
09-07-2021,Automotive Parts,250.8,711.1,217.67,FALSE,248.9
09-07-2021,Toys,565.2,626.2,238.42,TRUE,511
09-07-2021,Sporting Goods,591.9,1303.5,125.37,FALSE,628.15
09-07-2021,Groceries,299.4,628.5,109.1,FALSE,295.4
09-07-2021,Office Supplies,316.1,896.4,88.12,FALSE,313.4
10-07-2021,Automotive Parts,283,696.5,215.2,FALSE,276.6
10-07-2021,Apparel,440.5,1297.3,173.74,FALSE,628.15
10-07-2021,Furniture,309.1,977.65,74.62,FALSE,302.5
10-07-2021,Office Supplies,571.3,816.8,87.33,TRUE,599.4
10-07-2021,Groceries,315.2,790.5,107.16,FALSE,322.4
10-07-2021,Electronics,233.3,483.5,47.69,FALSE,237.9
10-07-2021,Office Supplies,457.7,893.5,88.98,TRUE,465.6
10-07-2021,Beauty,469,996.1,165.32,FALSE,628.15
11-07-2021,Pet Supplies,328.9,779.6,197.2,FALSE,321
11-07-2021,Toys,344.5,650,228.17,FALSE,347.4
11-07-2021,Beauty,376.2,1022.2,167.23,FALSE,359.2
11-07-2021,Sporting Goods,642.8,1321.4,128.33,TRUE,628.15
11-07-2021,Apparel,427.2,1299.8,167.38,FALSE,443.2
11-07-2021,Clothing,642.8,1305,165.13,TRUE,628.15
11-07-2021,Office Supplies,305.7,887.2,91.43,FALSE,288.6
11-07-2021,Electronics,224.7,489.2,46.22,FALSE,235.4
11-07-2021,Automotive Parts,272.4,692.8,223.84,FALSE,246.4
12-07-2021,Groceries,340.8,654.2,106.64,TRUE,347.1
12-07-2021,Sporting Goods,488.9,1339.9,126.59,FALSE,463.6
12-07-2021,Electronics,217.8,492.2,46.81,FALSE,221.2
12-07-2021,Automotive Parts,330.1,656.9,211.15,FALSE,343.8
12-07-2021,Pet Supplies,265,803.5,203.12,FALSE,261.4
12-07-2021,Beauty,400.6,1009.6,166.53,FALSE,382.6
12-07-2021,Office Supplies,282,898,92.17,FALSE,273.4
13-07-2021,Office Supplies,288.8,893.6,89.67,FALSE,294.7
13-07-2021,Pet Supplies,272.4,800.8,193.05,FALSE,274.9
13-07-2021,Toys,343.3,635.9,231.24,FALSE,330.9
13-07-2021,Apparel,414.3,1300.1,174.03,FALSE,388.9
13-07-2021,Furniture,304.9,993.4,74.48,FALSE,318.4
13-07-2021,Sporting Goods,521.7,1326.5,129.57,FALSE,488
13-07-2021,Automotive Parts,243,688.6,228.95,FALSE,225.2
13-07-2021,Groceries,210.8,667.2,110.19,FALSE,217.6
13-07-2021,Beauty,383.5,1017.1,164.04,FALSE,384.1
13-07-2021,Electronics,203.2,496.7,47.73,FALSE,200.5
14-07-2021,Beauty,450.6,1003.5,165.64,FALSE,457.6
14-07-2021,Apparel,417.7,1292.8,168.28,FALSE,433.1
14-07-2021,Groceries,238.7,665.5,109.41,FALSE,217.6
14-07-2021,Pet Supplies,327.2,783.1,191.34,FALSE,294.6
14-07-2021,Electronics,227.5,488.3,46.33,FALSE,230.9
14-07-2021,Automotive Parts,286.5,672.1,213.05,FALSE,263.2
14-07-2021,Toys,347.1,635.9,231.94,FALSE,336.5
14-07-2021,Office Supplies,300.5,884.8,89.36,FALSE,274.1
14-07-2021,Furniture,297,998.9,76.08,FALSE,274.9
14-07-2021,Sporting Goods,537.6,1319,129.21,FALSE,550.6
15-07-2021,Beauty,455,1004.9,174.35,FALSE,387.5
15-07-2021,Automotive Parts,319.1,661.5,220.92,FALSE,334.6
15-07-2021,Toys,380.6,639.4,236.64,FALSE,373.8
15-07-2021,Electronics,233.7,475.6,47.3,FALSE,211.5
15-07-2021,Pet Supplies,305.5,794,196.48,FALSE,292.1
15-07-2021,Groceries,283.7,652.1,107.28,FALSE,260.6
15-07-2021,Furniture,298.4,997.2,73.6,FALSE,275.7
15-07-2021,Apparel,459.2,1280.6,171.6,FALSE,431.7
15-07-2021,Sporting Goods,564.9,1311.7,125.12,FALSE,545.2
15-07-2021,Office Supplies,351.6,862.5,90.83,FALSE,337.4
16-07-2021,Office Supplies,322.6,875.2,90.93,FALSE,308.1
16-07-2021,Apparel,451.9,1272.9,167.93,FALSE,470.2
16-07-2021,Beauty,416.2,1015.4,170.4,FALSE,387.5
16-07-2021,Pet Supplies,345.3,776.5,192.69,FALSE,336
16-07-2021,Electronics,279.2,460.3,48.4,FALSE,290.8
16-07-2021,Toys,509.8,642.6,241.38,TRUE,459.6
16-07-2021,Groceries,289.3,650.4,110.77,FALSE,287.5
16-07-2021,Furniture,322.2,988.5,75.25,FALSE,314.5
16-07-2021,Automotive Parts,302.3,659,216.53,FALSE,304.9
16-07-2021,Sporting Goods,558.7,1309.6,125.17,FALSE,512.9
17-07-2021,Toys,354.8,644.5,235.45,FALSE,338.1
17-07-2021,Automotive Parts,266.4,669.3,216.65,FALSE,268.9
17-07-2021,Groceries,272.4,655,107.5,FALSE,255.3
17-07-2021,Office Supplies,300.9,1722.47,88.65,FALSE,302.8
17-07-2021,Beauty,455.6,1004.5,162.21,FALSE,470.7
17-07-2021,Apparel,404.3,1291.2,169.66,FALSE,383
17-07-2021,Pet Supplies,307.3,799.3,195.26,FALSE,279.7
17-07-2021,Sporting Goods,552.2,1315.1,126.29,FALSE,565.3
17-07-2021,Electronics,363.5,462.5,45.72,TRUE,362.8
17-07-2021,Furniture,304.8,994.3,75.25,FALSE,281.3
18-07-2021,Groceries,248.1,662.3,108.7,FALSE,226.6
18-07-2021,Beauty,442.2,1012.8,165.1,FALSE,401.7
18-07-2021,Pet Supplies,308.6,795.8,196.71,FALSE,313.6
18-07-2021,Sporting Goods,499.3,1327.1,130.35,FALSE,501.7
18-07-2021,Electronics,223.3,472.4,46.81,FALSE,203.1
18-07-2021,Automotive Parts,329.9,670,209.51,TRUE,337.4
18-07-2021,Toys,348.6,651.2,242.55,FALSE,331.9
18-07-2021,Office Supplies,296.5,885.2,92.24,FALSE,267.6
18-07-2021,Apparel,355.1,1306.4,174.31,FALSE,339
18-07-2021,Furniture,285,1001.3,73.95,FALSE,258.5
19-07-2021,Toys,642.8,635.9,244.69,TRUE,451.2
19-07-2021,Automotive Parts,272.5,656.2,216.96,FALSE,268.7
19-07-2021,Apparel,448.2,1300.9,167.51,TRUE,455.3
19-07-2021,Furniture,300.3,1001.6,73.83,FALSE,315.2
19-07-2021,Beauty,418.5,1025.2,161.49,FALSE,416.8
19-07-2021,Electronics,205.6,477.6,46.35,FALSE,198.8
19-07-2021,Groceries,212.5,669.2,103.46,FALSE,215
19-07-2021,Pet Supplies,281.4,807.9,195.89,FALSE,287.7
19-07-2021,Office Supplies,285.3,874.1,89.86,FALSE,274.4
19-07-2021,Sporting Goods,456.4,1344.4,124.25,FALSE,443.2
20-07-2021,Electronics,212.5,475.1,46.43,FALSE,210.2
20-07-2021,Toys,338.3,654.9,240.41,FALSE,350.5
20-07-2021,Automotive Parts,264.8,675.4,211.88,FALSE,246.2
20-07-2021,Apparel,417,1291.7,164.98,FALSE,628.15
20-07-2021,Office Supplies,277.5,819.8,89.95,FALSE,262.9
20-07-2021,Furniture,308.9,997,72.97,FALSE,287.7
20-07-2021,Sporting Goods,503.8,1324.3,124.56,FALSE,465.6
20-07-2021,Groceries,231.6,667.4,110.75,FALSE,227
20-07-2021,Beauty,383.3,1034.4,166.8,FALSE,369.6
20-07-2021,Pet Supplies,292.2,801.8,199.48,FALSE,263.8
21-07-2021,Furniture,313.6,999.2,75.06,FALSE,304.8
21-07-2021,Toys,338.6,654,240.44,FALSE,325
21-07-2021,Electronics,248.4,472.4,47.22,TRUE,301.2
21-07-2021,Beauty,401.2,1030.4,166.62,FALSE,419.9
21-07-2021,Groceries,246.4,675.3,108.15,FALSE,249.5
21-07-2021,Pet Supplies,431.4,786.5,196.4,TRUE,441.2
21-07-2021,Clothing,381.2,1305.3,169.35,FALSE,363.7
21-07-2021,Automotive Parts,275.5,672.7,218.51,FALSE,255.9
21-07-2021,Sporting Goods,539.3,1322.5,129.58,FALSE,526.1
21-07-2021,Office Supplies,353.8,560.6,88.47,FALSE,363.9
22-07-2021,Sporting Goods,518.9,1330.3,125.37,FALSE,513.4
22-07-2021,Electronics,237.5,471.2,45.66,FALSE,218.7
22-07-2021,Apparel,451.9,1280.2,167.93,FALSE,448.6
22-07-2021,Groceries,298.9,657.1,107.05,FALSE,298.3
22-07-2021,Automotive Parts,258.9,678.1,213.5,FALSE,264.4
22-07-2021,Office Supplies,337,564.1,89.89,FALSE,339.2
22-07-2021,Furniture,312.8,1003.8,74.37,FALSE,285.9
22-07-2021,Toys,388.9,646.4,231.86,FALSE,359.1
22-07-2021,Beauty,447,1020.8,161.21,FALSE,434.7
22-07-2021,Pet Supplies,337.6,807.1,193.92,FALSE,311.6
23-07-2021,Toys,501.3,641.5,231.81,TRUE,480.6
23-07-2021,Apparel,446.5,1278.4,169.66,FALSE,409.2
23-07-2021,Electronics,341.4,467.8,47.48,TRUE,341.9
23-07-2021,Automotive Parts,307.4,663.5,214.12,FALSE,313.6
23-07-2021,Pet Supplies,384.3,762.2,193.41,FALSE,381.4
23-07-2021,Sporting Goods,549.1,1397.7,128.33,FALSE,554.2
23-07-2021,Beauty,431.6,1029.8,170.34,FALSE,448.1
23-07-2021,Office Supplies,379.4,557.7,89.95,FALSE,361.35
23-07-2021,Groceries,320.1,658.7,109.91,FALSE,314.8
23-07-2021,Furniture,340.5,1000.3,75.14,FALSE,350.6
24-07-2021,Toys,310.7,661.3,232.58,FALSE,283.4
24-07-2021,Automotive Parts,290.5,660.5,219.63,FALSE,288.8
24-07-2021,Groceries,282.7,670.9,103.71,FALSE,273.9
24-07-2021,Furniture,353.4,996.8,71.73,FALSE,343.7
24-07-2021,Office Supplies,369.4,562.9,92.43,FALSE,378
24-07-2021,Beauty,465.7,1017.6,166.51,FALSE,468.1
24-07-2021,Sporting Goods,506.9,1331.5,128.08,FALSE,508.8
24-07-2021,Apparel,423.7,1287.5,171.54,FALSE,384
24-07-2021,Electronics,230.7,476.2,45.69,FALSE,241
24-07-2021,Pet Supplies,357.2,769.6,192.22,FALSE,354.1
25-07-2021,Apparel,421.9,1286.9,173.15,FALSE,414.5
25-07-2021,Office Supplies,289.6,571.6,88.7,FALSE,263.5
25-07-2021,Furniture,308.3,1004.3,73.53,FALSE,289.7
25-07-2021,Electronics,220.1,476.4,45.57,FALSE,213.8
25-07-2021,Beauty,397.35,1040.6,168.48,FALSE,365.6
25-07-2021,Pet Supplies,268.3,797.2,191.29,FALSE,262.8
25-07-2021,Toys,351.7,650.6,239.07,FALSE,302.8
25-07-2021,Sporting Goods,506.2,1330.5,130.98,FALSE,512.9
25-07-2021,Groceries,385.8,675.7,107.27,TRUE,295.35
25-07-2021,Automotive Parts,247.4,670.4,215.73,FALSE,236.7
26-07-2021,Electronics,183.4,480.7,46.96,FALSE,184.7
26-07-2021,Groceries,250,676.4,109.31,FALSE,242.3
26-07-2021,Toys,313.75,647.6,236.51,FALSE,319.4
26-07-2021,Apparel,410.5,1287.4,175.44,FALSE,401.2
26-07-2021,Pet Supplies,321.3,786.8,201.47,FALSE,319.5
26-07-2021,Beauty,403.9,1032,159.4,FALSE,396.7
26-07-2021,Office Supplies,300.1,868.7,90.17,FALSE,278.6
26-07-2021,Sporting Goods,435.2,1397.7,129.52,FALSE,434.8
26-07-2021,Automotive Parts,240,673.4,215.87,FALSE,232
26-07-2021,Furniture,288.1,1012.3,74.31,FALSE,279.4
27-07-2021,Pet Supplies,268.4,795.2,196.7,FALSE,268.2
27-07-2021,Sporting Goods,642.8,1339.3,125.17,TRUE,628.15
27-07-2021,Furniture,642.8,992,72.91,FALSE,304.9
27-07-2021,Automotive Parts,253.7,669.4,221.33,FALSE,317.9
27-07-2021,Electronics,189.5,480.6,46.48,FALSE,177.5
27-07-2021,Toys,344.2,645.3,242.45,FALSE,322.2
27-07-2021,Apparel,409.5,1288.3,175.92,FALSE,390.8
27-07-2021,Groceries,232.4,684.3,109.16,FALSE,211.5
27-07-2021,Beauty,526,1016.3,164.09,TRUE,499
27-07-2021,Office Supplies,273.8,882.8,89.82,FALSE,268.4
28-07-2021,Automotive Parts,289.1,656.6,212.36,FALSE,282
28-07-2021,Pet Supplies,295.9,782.6,194.25,FALSE,269.7
28-07-2021,Groceries,272.4,681.3,105.52,FALSE,254
28-07-2021,Sporting Goods,461.9,1352.5,130.17,FALSE,439.8
28-07-2021,Toys,319.6,642.7,239.61,FALSE,320.5
28-07-2021,Furniture,443.8,999.2,75.21,TRUE,462.1
28-07-2021,Beauty,426,1029.2,169.43,FALSE,428.8
28-07-2021,Office Supplies,369.4,855.8,89.82,FALSE,322.4
28-07-2021,Electronics,248.4,478.2,47.41,FALSE,227.2
28-07-2021,Apparel,444.3,1288.4,172.9,FALSE,447.5
29-07-2021,Automotive Parts,327.8,642.5,225.43,FALSE,302.1
29-07-2021,Office Supplies,331.6,837.6,90.04,FALSE,343.5
29-07-2021,Beauty,455.1,1024.2,167.34,FALSE,438.5
29-07-2021,Groceries,463.9,674.1,106.46,TRUE,477.6
29-07-2021,Sporting Goods,559.9,1329.1,126.6,FALSE,508.9
29-07-2021,Electronics,247.3,475.6,46.12,FALSE,259.4
29-07-2021,Toys,384.3,625.8,232.52,FALSE,375
29-07-2021,Furniture,303.9,1000.3,73.56,FALSE,303.5
29-07-2021,Pet Supplies,472.6,776.1,192.53,TRUE,442.2
29-07-2021,Clothing,468.3,1283.6,165.83,FALSE,457.3
30-07-2021,Beauty,498.6,1014.8,165.4,FALSE,498.2
30-07-2021,Groceries,302.8,670.2,108.11,FALSE,289.9
30-07-2021,Office Supplies,531.2,818.3,94.26,TRUE,508.2
30-07-2021,Electronics,239.3,476.9,46.07,FALSE,239
30-07-2021,Sporting Goods,587.3,1316.7,125.18,FALSE,562
30-07-2021,Apparel,527.2,1289.4,172.18,TRUE,544.1
30-07-2021,Automotive Parts,280.2,660.9,207.36,FALSE,263.4
30-07-2021,Furniture,330.7,996.9,74.38,FALSE,316.1
30-07-2021,Toys,380.2,629.4,236.19,FALSE,374.2
30-07-2021,Pet Supplies,457.1,765.9,201.03,TRUE,460.6
31-07-2021,Office Supplies,370.9,449.4,89.82,FALSE,370.1
31-07-2021,Groceries,300.3,668,106.02,FALSE,308.8
31-07-2021,Sporting Goods,568.1,1323.4,126.56,FALSE,550.2
31-07-2021,Furniture,323.6,997.4,73.76,FALSE,319.8
31-07-2021,Automotive Parts,266.2,664.8,217.8,FALSE,263.4
31-07-2021,Toys,313.75,649.1,243.12,FALSE,335.7
31-07-2021,Pet Supplies,320.3,772.7,193.97,FALSE,306.1
31-07-2021,Beauty,453.6,1032.1,160.91,FALSE,434.6
31-07-2021,Electronics,215.2,487.2,357.79,FALSE,208.2
31-07-2021,Apparel,467.1,1272.4,169.66,FALSE,432.1
01-08-2021,Sporting Goods,500.1,1342.9,127.02,FALSE,520.7
01-08-2021,Beauty,430.6,1043.3,163.49,FALSE,426.9
01-08-2021,Furniture,343.1,987.3,74.97,FALSE,325.5
01-08-2021,Office Supplies,574.9,845,89.61,TRUE,586.8
01-08-2021,Automotive Parts,256,672,226.63,FALSE,248.7
01-08-2021,Office Supplies,292.5,460.9,89.3,FALSE,302.7
01-08-2021,Furniture,326.2,845.7,76.37,FALSE,317.4
01-08-2021,Electronics,248.4,490.1,46.21,FALSE,182.1
01-08-2021,Apparel,431,1300.9,159.68,FALSE,434.1
01-08-2021,Automotive Parts,536.2,598,219.83,TRUE,508.1
02-08-2021,Apparel,380.4,1288.9,167.83,FALSE,381.1
02-08-2021,Automotive Parts,269.3,670.4,216.71,FALSE,254
02-08-2021,Groceries,283.2,723.7,107.45,TRUE,263.7
02-08-2021,Office Supplies,299.6,459.1,92.72,FALSE,64.55
02-08-2021,Pet Supplies,297.8,785.1,197.96,FALSE,292.6
02-08-2021,Toys,341,644.3,233.49,FALSE,345.3
02-08-2021,Beauty,412.4,1051.8,164.86,FALSE,425.8
03-08-2021,Office Supplies,369.4,457.1,89.82,FALSE,332.7
03-08-2021,Apparel,362.3,1297.5,167.42,FALSE,357
03-08-2021,Automotive Parts,231.4,656.2,221.53,FALSE,238.4
03-08-2021,Electronics,642.8,485.9,46.22,FALSE,198.4
03-08-2021,Toys,313.75,640,239.24,FALSE,322.1
03-08-2021,Furniture,322.1,988,74.43,FALSE,322.7
03-08-2021,Sporting Goods,492.1,1347.5,127.51,FALSE,444
03-08-2021,Beauty,385.1,1053.5,164.94,FALSE,387
04-08-2021,Beauty,415,983.3,159.09,FALSE,410.7
04-08-2021,Pet Supplies,327.2,781.9,199.04,FALSE,324.4
04-08-2021,Apparel,452.5,1264.5,168.93,FALSE,432.6
04-08-2021,Beauty,386.5,1047.3,165.83,FALSE,357.4
04-08-2021,Automotive Parts,314.3,675.4,220.47,TRUE,307.1
04-08-2021,Furniture,333.2,982.8,74.9,FALSE,346.7
04-08-2021,Electronics,217.2,484,46.99,FALSE,223.4
04-08-2021,Groceries,251.3,702.7,107.18,FALSE,257.2
04-08-2021,Sporting Goods,512.9,1337.5,128.92,FALSE,474.3
04-08-2021,Sporting Goods,582.3,1320.1,132.55,FALSE,531.2
04-08-2021,Clothing,450.3,1282.3,168.72,FALSE,427.6
04-08-2021,Furniture,288.5,978.9,74.3,TRUE,301.5
04-08-2021,Toys,313.75,473.3,236.1,FALSE,331.2
05-08-2021,Furniture,357,974.5,76.3,FALSE,289.7
05-08-2021,Toys,313.75,468.8,233.51,FALSE,326
05-08-2021,Sporting Goods,518.6,1338.8,129.72,FALSE,520.2
05-08-2021,Pet Supplies,374.5,768.9,190.77,FALSE,362.6
05-08-2021,Apparel,465.6,1258.3,168.83,FALSE,446.4
05-08-2021,Apparel,410.3,1313.2,173.97,FALSE,412.4
05-08-2021,Office Supplies,341.1,829.3,88.4,FALSE,310.1
05-08-2021,Groceries,310.7,685.4,107.43,FALSE,308.2
05-08-2021,Electronics,240.4,487,45.43,FALSE,217.5
06-08-2021,Pet Supplies,321.3,540.4,198.97,FALSE,249.5
06-08-2021,Toys,324.6,641.9,225.48,FALSE,333.9
06-08-2021,Electronics,234.3,492.7,48.75,FALSE,224.8
06-08-2021,Office Supplies,365.2,815.8,89.18,FALSE,375.4
06-08-2021,Groceries,228.4,701.9,106.81,FALSE,232.9
06-08-2021,Groceries,292.4,693.1,107.5,FALSE,295.35
06-08-2021,Apparel,451.9,1256.2,166.04,FALSE,442.8
06-08-2021,Automotive Parts,303.6,666.9,212.45,FALSE,274.7
06-08-2021,Beauty,386.3,1020.6,171.61,FALSE,378
06-08-2021,Pet Supplies,380.4,773.5,196.63,FALSE,355.6
06-08-2021,Toys,313.75,465.6,231.84,FALSE,76.5
06-08-2021,Furniture,346.1,969.3,72.01,FALSE,354.6
07-08-2021,Sporting Goods,519,1340.2,130.37,FALSE,533.7
07-08-2021,Furniture,367,969.1,77.97,FALSE,372.2
07-08-2021,Apparel,395.4,1287.9,168.91,FALSE,371
07-08-2021,Groceries,272,713.7,107.93,FALSE,280.7
07-08-2021,Pet Supplies,327.4,789.1,198.08,FALSE,300
07-08-2021,Toys,346.2,463.8,237.11,FALSE,322.9
07-08-2021,Electronics,210.2,507.4,48.34,FALSE,214.4
07-08-2021,Automotive Parts,260.6,682.8,219.17,FALSE,260
07-08-2021,Office Supplies,339,815.2,89.02,FALSE,332.3
08-08-2021,Groceries,249.5,709.1,105.95,FALSE,246.2
08-08-2021,Beauty,438.7,1013.6,167.97,FALSE,395.9
08-08-2021,Electronics,248.4,505.1,46.93,FALSE,189.2
08-08-2021,Furniture,351,972.2,75.33,FALSE,289.7
08-08-2021,Office Supplies,283.5,828.7,92.04,FALSE,256.1
08-08-2021,Toys,345.3,467.2,240.54,FALSE,351.8
08-08-2021,Sporting Goods,531.4,1333.9,129.43,FALSE,538.8
08-08-2021,Pet Supplies,302,798.9,188.17,FALSE,294.1
08-08-2021,Automotive Parts,283.3,673.7,217.57,FALSE,279.5
08-08-2021,Apparel,435.5,1280,167.62,FALSE,450.4
09-08-2021,Electronics,195.3,504.6,47.98,FALSE,177.7
09-08-2021,Toys,642.8,651,233.59,FALSE,297.3
09-08-2021,Beauty,375.4,1038.1,165.51,FALSE,360
09-08-2021,Office Supplies,302.6,825.5,92.38,FALSE,297.7
09-08-2021,Furniture,439,976.7,76.18,TRUE,443.5
09-08-2021,Sporting Goods,525.15,1345.7,126.94,FALSE,499.1
09-08-2021,Electronics,190.5,484,46.77,FALSE,172
09-08-2021,Automotive Parts,377.8,682.3,215.52,TRUE,395.2
09-08-2021,Groceries,250.5,776.1,106.99,FALSE,232.1
09-08-2021,Apparel,451.9,1302.3,167.03,FALSE,336.4
09-08-2021,Groceries,217,729.8,108.67,FALSE,217.3
09-08-2021,Pet Supplies,299.8,801,199.65,FALSE,295
10-08-2021,Toys,309,648.6,236.68,FALSE,282.8
10-08-2021,Sporting Goods,506.1,1334.7,127.41,FALSE,485.5
10-08-2021,Automotive Parts,329.1,684.2,221.92,FALSE,223
10-08-2021,Groceries,245.5,726.1,103.86,FALSE,236.7
10-08-2021,Office Supplies,436.7,797.9,89,FALSE,455
10-08-2021,Electronics,188.1,506.6,46.56,FALSE,177.7
10-08-2021,Electronics,214.1,445.5,46.14,FALSE,208.2
10-08-2021,Beauty,388.8,1029.8,162.35,FALSE,389.6
10-08-2021,Sporting Goods,483,1405.8,127.89,FALSE,467.5
10-08-2021,Furniture,310,992.2,75.37,FALSE,300.5
10-08-2021,Pet Supplies,263.5,816.5,197.77,FALSE,310.6
10-08-2021,Office Supplies,373.2,824.6,89.91,TRUE,381
11-08-2021,Pet Supplies,308.6,833.5,200.26,FALSE,317.6
11-08-2021,Beauty,317.1,1002.2,165.55,FALSE,306.4
11-08-2021,Office Supplies,369.4,796.9,89.79,FALSE,628.15
11-08-2021,Electronics,314.8,505.5,48.19,TRUE,317.1
11-08-2021,Beauty,443.5,1011.5,162.65,FALSE,401.2
11-08-2021,Groceries,274.9,810.7,112.77,FALSE,268.8
11-08-2021,Pet Supplies,333,797.1,194.65,FALSE,340.3
11-08-2021,Automotive Parts,281.4,671.4,218.92,FALSE,278.1
11-08-2021,Furniture,352.8,977.9,74.73,FALSE,340.1
12-08-2021,Office Supplies,373.8,795.2,87.14,FALSE,388.7
12-08-2021,Apparel,458.3,1262.6,164.67,FALSE,448.6
12-08-2021,Office Supplies,438.7,780.2,85.59,FALSE,395.3
12-08-2021,Toys,304.3,671.9,237.81,FALSE,276.1
12-08-2021,Automotive Parts,254.4,681.5,222.27,FALSE,260.2
12-08-2021,Toys,341.5,642.3,232.7,FALSE,331.6
12-08-2021,Beauty,457.2,1013,170.16,FALSE,452.4
12-08-2021,Groceries,304.3,697.6,110.01,FALSE,317.3
12-08-2021,Pet Supplies,491.8,791.7,194.78,TRUE,449.4
12-08-2021,Furniture,334.4,986.7,74.11,FALSE,321.4
13-08-2021,Sporting Goods,558.8,1323.2,128.33,FALSE,533.2
13-08-2021,Apparel,495.3,1257.5,169.06,FALSE,476.6
13-08-2021,Groceries,289,704.5,109.16,FALSE,296.4
13-08-2021,Electronics,221,503.5,46.79,FALSE,219.2
13-08-2021,Toys,382.6,628.8,225.89,FALSE,354.8
13-08-2021,Office Supplies,412.5,777.2,90.89,FALSE,398
13-08-2021,Pet Supplies,327.3,800.3,194.09,FALSE,294.6
13-08-2021,Beauty,450.2,1012.7,164.93,FALSE,428.3
13-08-2021,Furniture,345.1,990.4,75.89,FALSE,347.9
13-08-2021,Automotive Parts,306.6,656.2,220.95,FALSE,301.4
14-08-2021,Pet Supplies,342,793.3,200.63,FALSE,310.4
14-08-2021,Apparel,445.2,1271.2,171.43,FALSE,411.4
14-08-2021,Groceries,259,693.1,104.73,FALSE,248.7
14-08-2021,Beauty,441.4,1009.1,170.11,FALSE,442.9
14-08-2021,Sporting Goods,642.8,1342.1,128.32,FALSE,516
14-08-2021,Furniture,425,990.8,74.43,TRUE,436.2
14-08-2021,Office Supplies,360,798.5,93.31,FALSE,347.8
14-08-2021,Automotive Parts,329.1,680.5,226.31,FALSE,265.3
14-08-2021,Toys,358.1,634.5,232.71,FALSE,373.2
14-08-2021,Electronics,218.2,501.6,46.05,FALSE,219.2
15-08-2021,Beauty,426.2,1013.9,165.14,FALSE,628.15
15-08-2021,Automotive Parts,266.2,690.7,216.66,FALSE,272.7
15-08-2021,Sporting Goods,507.6,1335.4,127.74,FALSE,462.1
15-08-2021,Groceries,247.6,717.2,108.01,FALSE,230.3
15-08-2021,Furniture,526.6,976.7,75.99,TRUE,552.1
15-08-2021,Apparel,455.5,1262.4,168.73,FALSE,470.2
15-08-2021,Office Supplies,316.5,811.1,92.33,FALSE,324.4
15-08-2021,Electronics,179.2,520.1,46.31,FALSE,163.5
15-08-2021,Pet Supplies,314.3,801,197.51,FALSE,282.9
15-08-2021,Toys,313.75,638.9,240.32,TRUE,539
16-08-2021,Apparel,459.7,1257.1,167.61,FALSE,479.6
16-08-2021,Groceries,302.8,726,107.28,FALSE,200.1
16-08-2021,Beauty,352.5,1033.4,159.99,FALSE,322.1
16-08-2021,Electronics,161.7,530.2,48.19,FALSE,149.5
16-08-2021,Furniture,340.1,980.1,75.33,FALSE,355.9
16-08-2021,Toys,332.5,647.2,237.11,FALSE,333.6
16-08-2021,Office Supplies,331.4,800.3,89.06,FALSE,333.8
16-08-2021,Sporting Goods,497.2,1343.3,130.15,FALSE,512.9
16-08-2021,Pet Supplies,315.8,802.7,197.5,FALSE,319.1
16-08-2021,Automotive Parts,239.7,693.1,218.03,FALSE,247.8
17-08-2021,Groceries,284,730.6,105.63,TRUE,265.9
17-08-2021,Sporting Goods,413.4,1722.47,127.19,FALSE,375.7
17-08-2021,Automotive Parts,244.9,684.4,208.35,FALSE,225
17-08-2021,Furniture,336.3,981.5,73.25,FALSE,338.9
17-08-2021,Toys,357.1,639.4,241.81,FALSE,302.8
17-08-2021,Pet Supplies,286.2,808.3,193.14,FALSE,258.5
17-08-2021,Electronics,182.2,518.5,47.55,FALSE,174.5
17-08-2021,Apparel,399.1,1277.7,168.69,FALSE,411.5
17-08-2021,Beauty,378.8,1026,167.34,FALSE,373.1
17-08-2021,Office Supplies,302.4,805.5,89.68,FALSE,281.7
18-08-2021,Furniture,370.6,967,72.94,FALSE,289.7
18-08-2021,Electronics,199.3,516.2,47.28,FALSE,185.7
18-08-2021,Office Supplies,324.5,797.9,89.99,FALSE,326.9
18-08-2021,Sporting Goods,462.5,1347.5,128.17,FALSE,440.7
18-08-2021,Beauty,397.35,1010.6,161.44,FALSE,388.4
18-08-2021,Apparel,422.7,1278.6,168.68,FALSE,422.5
18-08-2021,Groceries,278.3,715.4,108.7,FALSE,283.5
18-08-2021,Pet Supplies,342.5,801.4,199.14,FALSE,330.9
18-08-2021,Toys,377.9,629.7,228.71,FALSE,367
18-08-2021,Automotive Parts,299.2,669.6,225.2,FALSE,269.5
19-08-2021,Pet Supplies,321.3,797.9,203.23,FALSE,340.5
19-08-2021,Groceries,316.7,701,103.75,FALSE,295.5
19-08-2021,Electronics,235.5,504.3,46.29,FALSE,236.6
19-08-2021,Office Supplies,365.4,790.6,88.51,FALSE,347.7
19-08-2021,Toys,365.3,628.7,235.21,FALSE,380.1
19-08-2021,Furniture,365.4,967.1,76.05,FALSE,352.4
19-08-2021,Sporting Goods,509.3,1326.4,124.3,FALSE,521.7
19-08-2021,Automotive Parts,263.9,681.9,220.65,FALSE,238.4
19-08-2021,Beauty,417.1,1011.9,160.58,FALSE,436.8
19-08-2021,Apparel,446.4,1278.5,167.68,FALSE,428.6
20-08-2021,Automotive Parts,285.6,675.9,207.73,FALSE,266.2
20-08-2021,Groceries,302.8,715.1,105.33,FALSE,299.9
20-08-2021,Toys,381.9,623.7,234.69,FALSE,349.5
20-08-2021,Office Supplies,385.2,785.9,91.02,FALSE,362.3
20-08-2021,Electronics,216.6,515,47.31,FALSE,204.6
20-08-2021,Beauty,475.1,992.3,159.2,FALSE,433
20-08-2021,Furniture,373.3,969.5,73.58,FALSE,379.4
20-08-2021,Pet Supplies,633.5,779.6,199.88,TRUE,310.6
20-08-2021,Clothing,480.4,1272.7,170.57,FALSE,469.2
20-08-2021,Sporting Goods,525.15,1322.4,127.95,TRUE,628.15
21-08-2021,Office Supplies,355.8,787.1,86.61,FALSE,339.6
21-08-2021,Sporting Goods,531.5,1319.3,125.16,FALSE,516.1
21-08-2021,Pet Supplies,370.5,785.4,200.15,FALSE,337.4
21-08-2021,Automotive Parts,333.6,682.3,215.79,TRUE,307.1
21-08-2021,Groceries,311.9,722.2,107.5,FALSE,292.2
21-08-2021,Clothing,467.4,1265.2,166.36,FALSE,430.2
21-08-2021,Electronics,205.1,480.8,46.94,FALSE,204
21-08-2021,Beauty,448.6,1005.8,168.47,FALSE,407.1
21-08-2021,Toys,387.2,622.9,241.14,FALSE,360.2
21-08-2021,Furniture,378.9,961.5,74.49,FALSE,386.3
22-08-2021,Electronics,169.5,528,47.57,FALSE,170.6
22-08-2021,Furniture,333.3,969,74.43,FALSE,344.5
22-08-2021,Pet Supplies,321.3,799,191.54,FALSE,312.2
22-08-2021,Automotive Parts,278.1,677,223.45,FALSE,283.1
22-08-2021,Clothing,545.8,1286.4,170.1,TRUE,440
22-08-2021,Office Supplies,355.5,791.1,91.79,FALSE,361.5
22-08-2021,Sporting Goods,480.3,1328.5,131.5,FALSE,495.4
22-08-2021,Groceries,276.5,740.6,106.88,FALSE,259.9
22-08-2021,Toys,359,637.1,240.42,FALSE,355.2
22-08-2021,Beauty,355.3,1035.9,160.88,FALSE,351.5
23-08-2021,Pet Supplies,291.3,809.3,198.5,FALSE,271.7
23-08-2021,Beauty,360.7,1032.8,164.86,FALSE,334.9
23-08-2021,Toys,324.8,649.3,238.17,FALSE,339.3
23-08-2021,Electronics,147.1,537.5,46.78,FALSE,149.1
23-08-2021,Office Supplies,275.6,818.8,90.05,FALSE,628.15
23-08-2021,Sporting Goods,437.8,1342.6,131.15,FALSE,395.4
23-08-2021,Apparel,436.1,1276.5,175.75,FALSE,396.7
23-08-2021,Groceries,239.1,761.3,106.07,FALSE,222.2
23-08-2021,Furniture,303.9,977.65,75.81,FALSE,318.3
23-08-2021,Automotive Parts,203.5,699.5,224.2,FALSE,199.7
24-08-2021,Sporting Goods,480.2,1323.8,129.94,FALSE,512.9
24-08-2021,Apparel,458.4,1273.6,166.64,FALSE,465.8
24-08-2021,Groceries,236.7,761,112.71,FALSE,220.7
24-08-2021,Electronics,152.4,522.1,46.25,FALSE,156
24-08-2021,Toys,313.75,633.2,232.38,FALSE,331.3
24-08-2021,Furniture,353.1,961.9,73.47,FALSE,342.3
24-08-2021,Pet Supplies,331,795.1,196.31,FALSE,329.6
24-08-2021,Automotive Parts,236.8,691.6,220.11,FALSE,233.6
24-08-2021,Beauty,423.8,1011.6,164.86,FALSE,389.6
24-08-2021,Office Supplies,329,803.7,89.89,FALSE,323.6
25-08-2021,Office Supplies,337.4,806.3,90.23,FALSE,306.3
25-08-2021,Toys,351.3,635.1,235.75,FALSE,320
25-08-2021,Sporting Goods,507.6,1397.7,125.45,FALSE,468.7
25-08-2021,Apparel,420.6,1283.2,169.66,FALSE,441
25-08-2021,Groceries,300.8,731.2,104.08,FALSE,304.4
25-08-2021,Furniture,354.6,963,74.65,FALSE,326.2
25-08-2021,Electronics,195.8,499.7,46.02,FALSE,195.7
25-08-2021,Pet Supplies,321.3,785.7,194.6,TRUE,486.3
25-08-2021,Beauty,389.1,1019.3,160.71,FALSE,371.5
25-08-2021,Automotive Parts,269.7,690.6,217.31,FALSE,252.5
26-08-2021,Toys,355.5,618.3,237.11,FALSE,322.7
26-08-2021,Pet Supplies,377.7,780.9,203.71,FALSE,361.8
26-08-2021,Apparel,434.7,1285.6,168.3,FALSE,445.7
26-08-2021,Beauty,404.8,1024.3,163.5,FALSE,387.5
26-08-2021,Groceries,281,735.6,357.79,FALSE,266.8
26-08-2021,Automotive Parts,305.2,690.5,219.47,FALSE,288
26-08-2021,Sporting Goods,555.7,1313.2,124.09,FALSE,515.9
26-08-2021,Electronics,198.1,499.6,45.67,FALSE,188.6
26-08-2021,Furniture,391.5,952.6,74.29,FALSE,359.8
26-08-2021,Office Supplies,361.2,798.4,88.93,FALSE,366.3
27-08-2021,Sporting Goods,518.8,1330.6,133.63,FALSE,486.9
27-08-2021,Office Supplies,420.3,787.1,88.79,FALSE,361.35
27-08-2021,Beauty,436.1,1009.8,165.19,FALSE,437.6
27-08-2021,Groceries,327.8,728.1,110.3,FALSE,329.2
27-08-2021,Pet Supplies,369.2,783.5,197.22,FALSE,377.8
27-08-2021,Apparel,453,1273.5,173.06,FALSE,444.8
27-08-2021,Toys,370.4,614.2,234.28,FALSE,337.9
27-08-2021,Electronics,226.9,490.4,46.95,FALSE,205.3
27-08-2021,Furniture,408.1,956.6,70.96,FALSE,422
27-08-2021,Automotive Parts,265.5,706.6,220.47,FALSE,254.7
28-08-2021,Sporting Goods,462.6,1354.8,127.76,FALSE,460
28-08-2021,Electronics,215.4,498.9,44.29,FALSE,203.8
28-08-2021,Automotive Parts,291,692.3,218.23,FALSE,266.7
28-08-2021,Furniture,360.6,978.4,73.38,FALSE,358.6
28-08-2021,Groceries,361.3,742.9,106.62,TRUE,337.1
28-08-2021,Toys,504.1,622,233.96,TRUE,523.1
28-08-2021,Office Supplies,350.4,802.9,89.71,FALSE,366.6
28-08-2021,Apparel,433.7,1277.7,168.19,FALSE,398.8
28-08-2021,Pet Supplies,321.3,793,194.01,FALSE,343.9
28-08-2021,Beauty,417.7,1015.2,169.68,FALSE,410.2
29-08-2021,Sporting Goods,550.3,1368.2,130.82,TRUE,554.2
29-08-2021,Apparel,434.3,1278.5,168.48,FALSE,424.5
29-08-2021,Office Supplies,337.6,817.9,89.88,FALSE,310.3
29-08-2021,Pet Supplies,327,799.6,197.86,FALSE,305
29-08-2021,Furniture,346.6,977.4,76.67,FALSE,315.6
29-08-2021,Toys,473.2,627.5,236.03,TRUE,445.5
29-08-2021,Electronics,174.2,512.4,47.06,FALSE,175.3
29-08-2021,Beauty,396.1,1033.2,168.28,FALSE,405.9
29-08-2021,Groceries,248.4,693.1,106.51,FALSE,225.4
29-08-2021,Automotive Parts,265.3,702.3,218.53,FALSE,261.3
30-08-2021,Office Supplies,318.5,825.1,87.23,FALSE,297.2
30-08-2021,Automotive Parts,251,698.8,213.84,FALSE,236.8
30-08-2021,Electronics,180.2,504.2,46.52,FALSE,188.6
30-08-2021,Apparel,428,1284.7,168.37,FALSE,429.1
30-08-2021,Toys,360.2,617.7,240.74,FALSE,362.8
30-08-2021,Groceries,302.8,754.8,107.81,FALSE,227.7
30-08-2021,Sporting Goods,642.8,1376.1,126.74,TRUE,605.9
30-08-2021,Beauty,351.9,1050.5,167.68,FALSE,324.6
30-08-2021,Pet Supplies,321.8,794.7,198.46,FALSE,334.1
30-08-2021,Furniture,642.8,980,76.68,FALSE,326.4
31-08-2021,Groceries,246,758,105.63,FALSE,240.6
31-08-2021,Sporting Goods,466.8,1369.6,129.82,FALSE,470.4
31-08-2021,Toys,332.7,627.9,239.59,FALSE,320.9
31-08-2021,Office Supplies,369.4,819.7,89.82,FALSE,331.6
31-08-2021,Beauty,642.8,1041.3,164.76,FALSE,361.6
31-08-2021,Automotive Parts,267.3,693.8,222.07,FALSE,277.4
31-08-2021,Furniture,350.3,982.7,74.51,FALSE,332.3
31-08-2021,Pet Supplies,316.1,790.4,204.83,FALSE,291.3
31-08-2021,Electronics,255.8,509.1,46.26,TRUE,231.6
31-08-2021,Apparel,642.8,1284.1,170.19,FALSE,430
01-09-2021,Electronics,198.8,496.5,47.64,FALSE,184.7
01-09-2021,Toys,345.8,629.7,237.11,FALSE,343.4
01-09-2021,Pet Supplies,328.5,781.3,192.57,FALSE,328.9
01-09-2021,Furniture,377.3,962.9,75.17,FALSE,388.5
01-09-2021,Automotive Parts,254.2,705,215.96,FALSE,238.3
01-09-2021,Apparel,440.9,1291.9,169.66,FALSE,448.3
01-09-2021,Beauty,425.4,1031,167.89,FALSE,429.6
01-09-2021,Office Supplies,356,818.6,87.63,FALSE,361.35
02-09-2021,Pet Supplies,366.5,770.8,202.62,FALSE,345.8
02-09-2021,Furniture,370.2,960.2,76.03,FALSE,347.1
02-09-2021,Apparel,451.9,1292.5,166.65,FALSE,437.4
02-09-2021,Electronics,204.3,493.7,47.09,FALSE,187.8
02-09-2021,Automotive Parts,320.4,648,223.64,FALSE,312.8
02-09-2021,Office Supplies,353.7,875.8,89.49,FALSE,320.6
02-09-2021,Toys,385.9,617.4,235.28,FALSE,385.1
03-09-2021,Furniture,441.1,962,75.8,TRUE,447
03-09-2021,Automotive Parts,319.3,683,216.21,FALSE,299.5
03-09-2021,Pet Supplies,363.5,778.6,193.41,FALSE,360.4
03-09-2021,Groceries,363.5,747.6,106.56,TRUE,359.8
03-09-2021,Apparel,473.5,1281.1,169.32,FALSE,460.3
03-09-2021,Toys,360.5,624.1,237.11,FALSE,342.5
03-09-2021,Office Supplies,399,800,88.09,FALSE,397.6
03-09-2021,Beauty,432,1033.3,164.83,FALSE,425.8
03-09-2021,Electronics,221.4,486.1,46.35,FALSE,203.6
03-09-2021,Sporting Goods,562.1,1350.3,131.38,FALSE,508.7
03-09-2021,Automotive Parts,354.5,620.2,221.26,FALSE,317.9
04-09-2021,Pet Supplies,335.8,780.9,190.72,FALSE,345.4
04-09-2021,Electronics,260.6,498.2,46.08,TRUE,242.1
04-09-2021,Sporting Goods,523.7,1364.7,131.75,FALSE,547.6
04-09-2021,Groceries,279.9,753.5,105.45,FALSE,283.2
04-09-2021,Automotive Parts,642.8,696.1,221.17,TRUE,367.4
04-09-2021,Toys,364.6,619.5,235.77,FALSE,372.4
04-09-2021,Beauty,435,635.8,165.78,FALSE,420
04-09-2021,Furniture,303.9,967.5,73.53,FALSE,339.7
04-09-2021,Apparel,451.9,1304.7,173.29,FALSE,405.5
05-09-2021,Pet Supplies,302.5,794.8,202.61,FALSE,281
05-09-2021,Beauty,361.2,647.9,162.92,FALSE,362.7
05-09-2021,Sporting Goods,533.8,1358.3,129.51,FALSE,489.7
05-09-2021,Office Supplies,315.5,929.8,89.83,FALSE,313.2
05-09-2021,Electronics,180.4,493,46.16,FALSE,175.8
05-09-2021,Office Supplies,311.2,829.4,89.82,FALSE,324.7
05-09-2021,Toys,484.2,621.8,234.88,TRUE,440.6
05-09-2021,Automotive Parts,272.7,700.8,216.89,FALSE,250.5
05-09-2021,Furniture,348.4,963.3,70.73,FALSE,314.6
06-09-2021,Furniture,222.8,1000.8,73.88,FALSE,232.8
06-09-2021,Sporting Goods,510.7,1366.2,129.09,FALSE,488.5
06-09-2021,Sporting Goods,599,1309.9,126.29,FALSE,548.5
06-09-2021,Apparel,465.6,1296.8,175.17,FALSE,460.8
06-09-2021,Furniture,384.7,948.5,75.04,FALSE,381
06-09-2021,Apparel,356.4,1307.8,168.91,FALSE,353
06-09-2021,Toys,642.8,625.2,236.53,FALSE,326.1
06-09-2021,Groceries,247.2,776.7,109.72,FALSE,243.8
06-09-2021,Pet Supplies,312.3,792.1,195.47,FALSE,319.2
06-09-2021,Office Supplies,364.3,817.9,88.85,FALSE,341.5
06-09-2021,Automotive Parts,268.8,706.3,219.84,FALSE,251.8
06-09-2021,Electronics,154.4,480.8,46.98,FALSE,147.8
06-09-2021,Beauty,382.1,639.3,164.86,FALSE,90.5
06-09-2021,Office Supplies,327.2,923.7,89.15,FALSE,330.7
07-09-2021,Furniture,364.1,965.4,73.87,FALSE,352.7
07-09-2021,Groceries,239.8,783.7,108.79,FALSE,245.7
07-09-2021,Electronics,162.5,481.6,46.19,FALSE,169.9
07-09-2021,Pet Supplies,322.6,792.3,194.9,FALSE,332.2
07-09-2021,Office Supplies,315.8,832.4,91.48,FALSE,361.35
07-09-2021,Apparel,422.9,1309,176.52,FALSE,424.4
07-09-2021,Clothing,466,1287.4,168.43,FALSE,456.4
07-09-2021,Toys,341.4,629.4,235.03,FALSE,349.1
07-09-2021,Sporting Goods,487.6,1374.7,126.59,FALSE,504.8
07-09-2021,Beauty,364.3,641.8,162.05,FALSE,628.15
07-09-2021,Furniture,330.6,997,74.64,FALSE,302.3
08-09-2021,Furniture,385.2,977.65,72.27,FALSE,628.15
08-09-2021,Toys,382,615.1,233.79,FALSE,346.4
08-09-2021,Beauty,397.35,630.2,166.05,FALSE,392.3
08-09-2021,Office Supplies,406.7,803.8,89.77,FALSE,413.6
08-09-2021,Sporting Goods,517.2,1365.2,125.69,FALSE,531.8
08-09-2021,Apparel,442.8,1312.2,166.83,FALSE,430.3
08-09-2021,Automotive Parts,254.8,708.6,220.15,FALSE,263.9
08-09-2021,Pet Supplies,407,786.8,191.52,TRUE,419.1
09-09-2021,Office Supplies,357.5,821.7,89.82,FALSE,346.2
09-09-2021,Automotive Parts,273.7,702.9,217.53,FALSE,279.9
09-09-2021,Beauty,420.8,1014.4,168.96,FALSE,404
09-09-2021,Furniture,380.9,961,73.88,FALSE,375.4
09-09-2021,Pet Supplies,370.5,780.6,194.94,FALSE,376.4
09-09-2021,Electronics,205.6,474.4,46.66,FALSE,211
09-09-2021,Apparel,468.6,1310.3,169.47,FALSE,436.4
09-09-2021,Sporting Goods,494.4,1373.9,128.38,FALSE,454.3
09-09-2021,Groceries,642.8,767.4,106.43,FALSE,282.1
09-09-2021,Toys,338.3,631.3,248.7,FALSE,308.6
10-09-2021,Apparel,642.8,1305.7,170.15,TRUE,628.15
10-09-2021,Pet Supplies,371.8,777.9,190.68,FALSE,367.7
10-09-2021,Automotive Parts,291.9,688.8,212.78,FALSE,290.7
10-09-2021,Pet Supplies,377.8,842.9,185.23,FALSE,350.9
10-09-2021,Furniture,355.3,969.5,72.41,FALSE,372.5
10-09-2021,Sporting Goods,642.8,1369.5,132.08,TRUE,628.15
10-09-2021,Automotive Parts,277.4,689.8,226.17,FALSE,287.7
10-09-2021,Toys,313.75,627.5,238.49,FALSE,341.3
10-09-2021,Toys,356.9,629.4,235.89,FALSE,371.5
10-09-2021,Office Supplies,415.4,804.7,88.4,FALSE,394.2
11-09-2021,Electronics,248.4,465.5,46.78,FALSE,189.1
11-09-2021,Automotive Parts,301.6,663,217.46,FALSE,275.1
11-09-2021,Automotive Parts,312.6,683.2,210.92,FALSE,302.6
11-09-2021,Pet Supplies,357,807.1,188.94,FALSE,357.4
11-09-2021,Apparel,470.5,1317,175.29,FALSE,428.8
11-09-2021,Sporting Goods,525.15,1372.9,125.82,FALSE,473.2
11-09-2021,Groceries,436.9,777.6,109.72,TRUE,295.35
11-09-2021,Furniture,588.7,968.6,75,TRUE,618.1
12-09-2021,Office Supplies,369.4,775.9,92.64,FALSE,432.1
12-09-2021,Sporting Goods,481.9,1397.7,125.75,FALSE,512.9
12-09-2021,Automotive Parts,267.3,697,216.06,FALSE,244.2
12-09-2021,Sporting Goods,563.1,1408.5,125.28,FALSE,507.1
12-09-2021,Office Supplies,365.7,821.2,90.73,FALSE,354.4
12-09-2021,Furniture,360.7,1034.5,78.18,FALSE,361.9
12-09-2021,Groceries,265.3,1722.47,108.41,FALSE,249.7
12-09-2021,Toys,337.1,635.1,234.1,FALSE,346.1
12-09-2021,Pet Supplies,319.3,804.4,203.22,FALSE,288.6
12-09-2021,Furniture,557.9,967.9,76.17,TRUE,515.2
12-09-2021,Electronics,179.8,468.9,46.1,FALSE,183.5
13-09-2021,Sporting Goods,642.8,1395.1,128.82,TRUE,628.15
13-09-2021,Apparel,443.2,1328.3,167.27,FALSE,451.8
13-09-2021,Furniture,370.6,968.7,74.43,FALSE,353.4
13-09-2021,Groceries,238.9,808.5,104.55,FALSE,234.7
13-09-2021,Office Supplies,327.1,836.5,90.55,FALSE,628.15
13-09-2021,Automotive Parts,251.6,696.4,223.85,FALSE,236.8
13-09-2021,Electronics,142.3,477.9,46.49,FALSE,148.3
13-09-2021,Toys,294.9,651.5,234.37,FALSE,272.4
13-09-2021,Pet Supplies,322,801.6,200.08,FALSE,334
13-09-2021,Beauty,340.2,1013.4,167.22,FALSE,328.6
14-09-2021,Apparel,416.2,1331.8,165.38,FALSE,401.6
14-09-2021,Electronics,167.6,473.4,44.62,FALSE,151
14-09-2021,Office Supplies,353.5,825.4,88.18,FALSE,357.2
14-09-2021,Beauty,458.1,1012.8,169.38,TRUE,469.3
14-09-2021,Groceries,254.8,800.2,107.57,FALSE,238.1
14-09-2021,Furniture,364.8,966,75.55,FALSE,342.3
14-09-2021,Toys,318,647.2,242.7,FALSE,303.5
14-09-2021,Pet Supplies,331.9,800.5,196.96,FALSE,301.3
14-09-2021,Sporting Goods,642.8,1405.9,123.29,TRUE,628.15
14-09-2021,Automotive Parts,326.5,694.5,214.1,TRUE,326.5
15-09-2021,Pet Supplies,343.8,793.1,192.61,FALSE,332.1
15-09-2021,Sporting Goods,466.4,1398.6,124.64,FALSE,469.1
15-09-2021,Electronics,188.9,467.9,46.78,FALSE,197.4
15-09-2021,Office Supplies,331.4,831.7,90.25,FALSE,320.2
15-09-2021,Toys,349.4,636.6,239.35,FALSE,354.5
15-09-2021,Furniture,395.4,977.65,357.79,FALSE,368.9
15-09-2021,Beauty,557,1000.8,167.36,TRUE,573.2
15-09-2021,Groceries,278.4,795.3,109.02,FALSE,256.9
15-09-2021,Automotive Parts,311.4,689.2,217.99,FALSE,309.2
15-09-2021,Apparel,478.1,1313.8,177.19,FALSE,463
16-09-2021,Electronics,193.9,468.1,47.23,FALSE,176.2
16-09-2021,Apparel,512.2,1309.6,170.13,FALSE,492.3
16-09-2021,Groceries,302.7,693.1,105.74,FALSE,308
16-09-2021,Toys,408.1,624.9,240.58,FALSE,302.8
16-09-2021,Beauty,435.9,986.6,167.75,FALSE,387.5
16-09-2021,Pet Supplies,642.8,778.6,195.01,FALSE,310.6
16-09-2021,Sporting Goods,541.3,1385.8,130.96,FALSE,512.9
16-09-2021,Automotive Parts,305.6,692.2,218.16,FALSE,287.9
16-09-2021,Office Supplies,393,805.5,89.22,FALSE,396
16-09-2021,Furniture,369,960,73.72,FALSE,382.9
17-09-2021,Beauty,397.35,987.2,163.7,FALSE,429.5
17-09-2021,Electronics,210.7,480.8,48.12,FALSE,193.7
17-09-2021,Automotive Parts,280.7,701,216.83,FALSE,294.4
17-09-2021,Pet Supplies,573.3,778.8,194.29,TRUE,628.15
17-09-2021,Sporting Goods,531.6,1394.4,120.77,FALSE,512.9
17-09-2021,Toys,386.3,636.8,233.52,FALSE,302.8
17-09-2021,Apparel,473.4,1300.9,169.43,FALSE,439.4
17-09-2021,Office Supplies,410.9,799.7,89.45,FALSE,392.8
17-09-2021,Groceries,327.5,781.1,105.31,FALSE,343.3
17-09-2021,Furniture,399.7,954.2,71.54,FALSE,372.3
18-09-2021,Pet Supplies,372.4,782.7,197.37,FALSE,378.9
18-09-2021,Sporting Goods,515.7,1392.4,127.59,FALSE,518.6
18-09-2021,Automotive Parts,329.1,708.4,216.27,FALSE,299
18-09-2021,Furniture,404.8,944.4,74.24,FALSE,416.9
18-09-2021,Toys,365.4,640.8,237.7,FALSE,336.2
18-09-2021,Groceries,297.4,795.9,106.26,FALSE,287.5
18-09-2021,Office Supplies,418.4,794.9,91.9,FALSE,388
18-09-2021,Clothing,450.3,1324.3,172.12,FALSE,417.2
18-09-2021,Beauty,435.7,995.1,163.4,FALSE,394.4
18-09-2021,Electronics,178.4,469.4,46.61,FALSE,242.1
19-09-2021,Apparel,457.2,1325.5,171.14,FALSE,437
19-09-2021,Beauty,439.4,994.4,167.46,FALSE,450.6
19-09-2021,Sporting Goods,456.2,1407.6,126.37,FALSE,454.7
19-09-2021,Toys,350.3,651.9,226.85,FALSE,323.2
19-09-2021,Groceries,283.8,693.1,109.32,FALSE,262.5
19-09-2021,Electronics,292.1,473.5,48.43,TRUE,268.6
19-09-2021,Pet Supplies,327.1,798.7,190.92,FALSE,335.1
19-09-2021,Office Supplies,346.1,821,88.49,FALSE,313.5
19-09-2021,Furniture,373.6,949.5,75.3,FALSE,343.8
19-09-2021,Automotive Parts,277.6,711.6,215.32,FALSE,258.8
20-09-2021,Clothing,400,1344.4,173.85,FALSE,412.8
20-09-2021,Office Supplies,357.9,822.4,93.28,FALSE,332.6
20-09-2021,Electronics,153.1,482.9,47.56,FALSE,144
20-09-2021,Automotive Parts,227.9,727.3,216.02,FALSE,225
20-09-2021,Pet Supplies,314.6,802.2,199.61,FALSE,295.7
20-09-2021,Furniture,358.6,950.4,357.79,FALSE,364.9
20-09-2021,Sporting Goods,449.4,1418.4,123.57,FALSE,425
20-09-2021,Toys,311.8,669.7,236.02,FALSE,324.5
20-09-2021,Beauty,377.7,1019.1,172.65,FALSE,364.2
20-09-2021,Groceries,256.1,809.5,103.34,FALSE,258.1
21-09-2021,Groceries,257.8,802.6,107.5,FALSE,237.8
21-09-2021,Electronics,159.6,482.5,46.78,FALSE,158.4
21-09-2021,Beauty,353.9,1021.1,156.82,FALSE,323.5
21-09-2021,Pet Supplies,461.3,807.1,196.71,TRUE,482
21-09-2021,Toys,338.9,668.6,224.42,FALSE,309.3
21-09-2021,Furniture,343.4,961.1,74.22,FALSE,314.7
21-09-2021,Automotive Parts,329.1,720.1,210.08,FALSE,258.8
21-09-2021,Sporting Goods,470.4,1405.3,132.16,FALSE,442.7
21-09-2021,Office Supplies,331.8,835.5,90.69,FALSE,317.2
21-09-2021,Apparel,421.9,1340.5,167.33,FALSE,389.6
22-09-2021,Furniture,368,951.7,74.08,FALSE,380.5
22-09-2021,Electronics,193.4,462.2,47.62,FALSE,198.9
22-09-2021,Office Supplies,450.3,825.6,91.54,TRUE,426.4
22-09-2021,Pet Supplies,347.8,789.3,196.93,FALSE,331.8
22-09-2021,Toys,360,658.3,231.94,FALSE,352.4
22-09-2021,Beauty,427.7,1002.4,164.86,FALSE,395.3
22-09-2021,Sporting Goods,463.9,1406,128.33,FALSE,434.2
22-09-2021,Automotive Parts,271.3,708.1,217.2,FALSE,255.2
22-09-2021,Apparel,642.8,1338.3,171.76,TRUE,608.6
22-09-2021,Groceries,299.1,794.4,104.88,FALSE,281.8
23-09-2021,Automotive Parts,312.1,697.3,206.59,FALSE,288.5
23-09-2021,Sporting Goods,452.2,1406.5,131.05,FALSE,430.5
23-09-2021,Toys,344.3,650.8,240.48,FALSE,347.9
23-09-2021,Groceries,293.3,791.9,106.31,FALSE,274.4
23-09-2021,Office Supplies,406.5,815.3,91.14,FALSE,409.4
23-09-2021,Apparel,485.6,1330,173.99,FALSE,477.9
23-09-2021,Furniture,384.2,945.8,72.77,FALSE,389.8
23-09-2021,Pet Supplies,395.5,807.1,201.79,FALSE,403.3
23-09-2021,Electronics,199.4,463,47.57,FALSE,186.5
23-09-2021,Beauty,412.2,998.7,164.67,FALSE,381.5
24-09-2021,Groceries,302.6,797.8,108.13,FALSE,312.7
24-09-2021,Sporting Goods,527.1,1386.9,125.88,FALSE,499.6
24-09-2021,Electronics,212.2,460.4,46.63,FALSE,218.4
24-09-2021,Pet Supplies,420.4,772.9,194.61,FALSE,407.6
24-09-2021,Apparel,453.4,1348,165.34,FALSE,446.8
24-09-2021,Furniture,401.9,948.8,76.52,FALSE,385.2
24-09-2021,Toys,384.6,644,234.45,FALSE,394.3
24-09-2021,Automotive Parts,321.6,691.7,214.31,FALSE,317.9
24-09-2021,Beauty,418,1000.1,167.56,FALSE,379
24-09-2021,Office Supplies,404.7,815.1,88.81,FALSE,398.2
25-09-2021,Groceries,281,799.7,106.59,FALSE,295.35
25-09-2021,Apparel,451.9,1339,166.44,TRUE,602.6
25-09-2021,Pet Supplies,321.3,467.4,193.82,FALSE,371.7
25-09-2021,Electronics,180.7,476.3,47.32,FALSE,188
25-09-2021,Toys,337.8,660,231.35,FALSE,352.3
25-09-2021,Sporting Goods,524.4,1386,127.21,FALSE,628.15
25-09-2021,Beauty,401.7,1003.8,168.99,FALSE,408.7
25-09-2021,Automotive Parts,279.7,705.8,223.77,FALSE,274.1
25-09-2021,Office Supplies,372.3,828.7,86.55,FALSE,354.6
25-09-2021,Furniture,385.1,960.5,75.2,FALSE,361.6
26-09-2021,Beauty,365.7,1019.6,166.65,FALSE,364.8
26-09-2021,Pet Supplies,354.1,474.4,195.43,FALSE,358.7
26-09-2021,Toys,343.4,652.2,237.4,FALSE,327.7
26-09-2021,Groceries,266.1,804.6,109.35,FALSE,269.6
26-09-2021,Office Supplies,396.8,810.3,91.35,FALSE,380.8
26-09-2021,Clothing,437.1,1343.7,171.7,FALSE,420.4
26-09-2021,Furniture,379.5,973.5,77.25,FALSE,342.7
26-09-2021,Automotive Parts,282.3,702.2,211.06,FALSE,267.3
26-09-2021,Sporting Goods,445.5,1412.5,126.89,FALSE,447.5
26-09-2021,Electronics,163.2,467.8,47.27,FALSE,154.8
27-09-2021,Pet Supplies,406.2,473.8,195.26,TRUE,83.1
27-09-2021,Clothing,463,1333.1,172.13,FALSE,421.5
27-09-2021,Beauty,364.5,1023.7,165.81,FALSE,369.2
27-09-2021,Electronics,140.5,474.7,47.42,FALSE,141.2
27-09-2021,Automotive Parts,243,717.3,211.52,FALSE,220
27-09-2021,Furniture,367.3,976.2,73.61,FALSE,364.2
27-09-2021,Toys,448.5,651.9,244.36,TRUE,470.9
27-09-2021,Groceries,302.8,804.4,110.71,FALSE,245.3
27-09-2021,Office Supplies,374.7,814,87.64,FALSE,390.9
27-09-2021,Sporting Goods,479.1,1404.3,131.86,FALSE,462.3
28-09-2021,Automotive Parts,284,703.2,211.49,FALSE,294
28-09-2021,Electronics,158.1,468.8,48.08,FALSE,145.9
28-09-2021,Clothing,434.1,1331.4,173.41,FALSE,432.7
28-09-2021,Sporting Goods,433.8,1425.9,128.89,FALSE,446.8
28-09-2021,Toys,405,656.2,237.16,TRUE,368.2
28-09-2021,Beauty,397.35,1026.1,166.17,FALSE,339.1
28-09-2021,Furniture,474.6,982.7,72.13,TRUE,482.9
28-09-2021,Office Supplies,354.6,820.1,88,FALSE,328.7
28-09-2021,Pet Supplies,369.8,474.7,198.2,FALSE,360
28-09-2021,Groceries,248.7,812.8,107.23,FALSE,254.4
29-09-2021,Pet Supplies,346.2,480.5,195.66,FALSE,327.3
29-09-2021,Toys,317,640.9,239.73,FALSE,296.7
29-09-2021,Sporting Goods,453.6,1423.9,128.33,FALSE,628.15
29-09-2021,Office Supplies,388.8,810.3,89.06,FALSE,391.2
29-09-2021,Furniture,368.8,979.1,72.35,FALSE,333.3
29-09-2021,Electronics,191.6,459.2,46.19,FALSE,180.2
29-09-2021,Beauty,525.8,1015.6,161.32,TRUE,387.5
29-09-2021,Groceries,287.5,803.1,108.19,FALSE,270.8
29-09-2021,Automotive Parts,285.8,700.3,216.92,FALSE,283.3
29-09-2021,Clothing,450.3,1340.6,173.14,FALSE,394.8
30-09-2021,Apparel,529.2,1312.3,170.09,FALSE,537.2
30-09-2021,Pet Supplies,412.7,784.8,200.21,FALSE,400.1
30-09-2021,Groceries,315.2,797.6,105.55,FALSE,295.35
30-09-2021,Furniture,380.5,974.1,75.11,FALSE,392.4
30-09-2021,Office Supplies,424.1,799,90.36,FALSE,399.9
30-09-2021,Electronics,203.4,452.4,44.92,FALSE,207.9
30-09-2021,Beauty,399.1,1020.1,158.04,FALSE,410.9
30-09-2021,Sporting Goods,501.3,1411.5,126.37,FALSE,504
30-09-2021,Automotive Parts,285.3,696.8,225.56,FALSE,273.4
30-09-2021,Toys,372.1,625.3,235.98,FALSE,368.8
01-10-2021,Furniture,401.7,964.1,74.31,FALSE,392.1
01-10-2021,Beauty,306.5,1043.7,165.81,FALSE,317.8
01-10-2021,Groceries,642.8,793.7,107.04,TRUE,478.2
01-10-2021,Furniture,241.4,875.3,75.49,FALSE,221.3
01-10-2021,Office Supplies,642.8,800.8,87.95,TRUE,603.9
01-10-2021,Sporting Goods,518.1,1404.2,131.91,FALSE,507.5
01-10-2021,Beauty,424.4,1015.7,161.82,FALSE,399.1
01-10-2021,Apparel,547.2,1302.7,357.79,FALSE,516
01-10-2021,Toys,363.7,633.7,236.14,FALSE,333.5
01-10-2021,Electronics,215.6,449.8,45.65,FALSE,195.7
01-10-2021,Automotive Parts,307.3,689,221.03,FALSE,317.9
02-10-2021,Electronics,181.4,463.5,47.52,FALSE,184.1
02-10-2021,Furniture,404.8,963.7,71.35,FALSE,371.9
02-10-2021,Toys,364.2,633.6,238.04,FALSE,333.3
02-10-2021,Office Supplies,369.4,810.7,90.49,FALSE,372.4
02-10-2021,Apparel,491.3,1323.2,168.64,FALSE,486.6
02-10-2021,Sporting Goods,519.9,1403.1,130.81,FALSE,512.4
02-10-2021,Beauty,423.5,1010.3,168.16,FALSE,403.3
02-10-2021,Groceries,297.6,801.9,106.86,FALSE,287.5
02-10-2021,Toys,274.8,612.6,240.11,FALSE,285
03-10-2021,Groceries,261,811.6,107.69,FALSE,246.4
03-10-2021,Pet Supplies,350.5,474.2,190.96,FALSE,64.55
03-10-2021,Apparel,451.9,1343.8,172,FALSE,452.6
03-10-2021,Office Supplies,383.9,820.9,87.74,FALSE,345.6
03-10-2021,Toys,325.2,645.3,241.51,FALSE,315.9
03-10-2021,Beauty,375.9,977.8,166.82,FALSE,355.2
03-10-2021,Furniture,377.2,971.4,74.43,FALSE,390.9
03-10-2021,Automotive Parts,329.1,690.6,226.57,FALSE,256.4
03-10-2021,Electronics,160.5,1722.47,45.57,FALSE,168.1
03-10-2021,Sporting Goods,427.2,1432.4,125.64,FALSE,410.1
04-10-2021,Groceries,304.9,693.1,109.66,FALSE,319.3
04-10-2021,Electronics,151.1,471.2,46.6,FALSE,152.9
04-10-2021,Toys,317,643.9,233.62,FALSE,287.9
04-10-2021,Office Supplies,354.2,824,88.65,FALSE,324.5
04-10-2021,Automotive Parts,265,700.9,214.67,FALSE,250.1
04-10-2021,Sporting Goods,561.4,1326.5,126.93,FALSE,523
04-10-2021,Groceries,256.6,693.1,106.86,FALSE,239.5
04-10-2021,Sporting Goods,513.1,1409.1,129.32,FALSE,509.6
04-10-2021,Pet Supplies,444.7,860,195.33,TRUE,431.8
04-10-2021,Pet Supplies,337,480.8,195.06,FALSE,330.6
04-10-2021,Beauty,349.9,1016.3,164.86,FALSE,323.5
04-10-2021,Furniture,355.7,983.5,70.59,FALSE,342.9
05-10-2021,Sporting Goods,474.1,1419.2,130.41,FALSE,444.4
05-10-2021,Groceries,275.8,802.9,107.43,FALSE,278.6
05-10-2021,Pet Supplies,331.3,481,197.88,FALSE,340.9
05-10-2021,Furniture,642.8,1032.1,71.06,FALSE,199.3
05-10-2021,Apparel,476.2,1327.7,165.01,FALSE,447.1
05-10-2021,Office Supplies,359.2,821.7,90.46,FALSE,325.3
05-10-2021,Toys,642.8,645.7,234.22,FALSE,264.4
05-10-2021,Beauty,413,992.9,163.96,FALSE,403.2
05-10-2021,Furniture,385.1,978.9,74.33,FALSE,370.9
05-10-2021,Automotive Parts,285.9,694.8,212.71,FALSE,297.6
05-10-2021,Electronics,167.3,465.2,48.02,FALSE,170.8
06-10-2021,Office Supplies,404.3,812.6,90.72,FALSE,382.5
06-10-2021,Beauty,382.3,1003.7,165.73,FALSE,376.6
06-10-2021,Apparel,642.8,1324.8,174.39,TRUE,628.15
06-10-2021,Automotive Parts,315.4,686.2,222.27,FALSE,303.7
06-10-2021,Pet Supplies,349.9,826.3,201.47,FALSE,359.9
06-10-2021,Toys,336.9,635.9,245.37,FALSE,329.4
07-10-2021,Toys,335.7,637.2,245.72,FALSE,303.1
07-10-2021,Pet Supplies,418.9,813.1,188.3,FALSE,426.4
07-10-2021,Sporting Goods,525.15,1313.7,131.56,FALSE,537.1
07-10-2021,Groceries,284.6,637.4,108.06,FALSE,259.7
07-10-2021,Beauty,407.7,987.7,162.79,FALSE,369.4
07-10-2021,Furniture,391.6,969.5,75.96,FALSE,401.6
07-10-2021,Automotive Parts,329.1,701.2,216.1,FALSE,260
07-10-2021,Apparel,540.8,1310.2,169.34,FALSE,515.1
07-10-2021,Electronics,202.1,452.8,47.17,FALSE,184.5
07-10-2021,Toys,358.7,635.9,229.64,FALSE,362
07-10-2021,Pet Supplies,316,783.3,198.55,FALSE,310.6
07-10-2021,Sporting Goods,529.5,1403.9,133.97,FALSE,487.3
08-10-2021,Groceries,321.2,795.5,107.5,FALSE,327.7
08-10-2021,Apparel,538.5,1307.8,168.33,FALSE,495.2
08-10-2021,Apparel,432.6,1275.3,171.21,FALSE,446.3
08-10-2021,Automotive Parts,308.6,686.8,219.38,FALSE,296.7
08-10-2021,Toys,357.5,627.1,238.63,FALSE,369.9
08-10-2021,Furniture,380.3,973.7,74.31,FALSE,380.4
08-10-2021,Pet Supplies,430.6,821,188.9,FALSE,429.8
08-10-2021,Beauty,397.3,996.9,168.03,FALSE,409.2
09-10-2021,Beauty,642.8,989.8,166.51,FALSE,435.1
09-10-2021,Electronics,207.7,469.5,46.94,FALSE,204.6
09-10-2021,Groceries,307.8,808.3,107.49,FALSE,305.1
09-10-2021,Sporting Goods,484.9,1409.5,128.33,FALSE,438.1
09-10-2021,Groceries,310.3,768.6,107.5,FALSE,316.7
09-10-2021,Furniture,303.9,970.1,73.47,FALSE,356.4
09-10-2021,Beauty,419.9,988.2,163.25,FALSE,415
09-10-2021,Apparel,513.4,1309.7,166.66,FALSE,482.9
09-10-2021,Office Supplies,386.1,815.4,89.43,FALSE,355.8
09-10-2021,Electronics,192.2,442,357.79,FALSE,189.2
10-10-2021,Beauty,395.7,997.3,166.79,FALSE,406.9
10-10-2021,Furniture,303.9,971.4,73.56,FALSE,416
10-10-2021,Toys,322.4,324.6,234.42,FALSE,321.2
10-10-2021,Pet Supplies,348.2,865.3,202.12,FALSE,322.5
10-10-2021,Sporting Goods,445.7,1431.1,132.23,FALSE,403.2
10-10-2021,Automotive Parts,272.5,697.2,217.8,FALSE,255.9
10-10-2021,Office Supplies,369.8,823.9,89.86,FALSE,343.6
10-10-2021,Electronics,171.3,455,48.57,FALSE,173.4
10-10-2021,Groceries,282,825.6,102.67,FALSE,253.9
10-10-2021,Apparel,599.8,1314.1,170.88,TRUE,578.5
11-10-2021,Sporting Goods,534.4,1432.9,128.33,TRUE,526.5
11-10-2021,Groceries,272.3,825.2,107.15,FALSE,295.35
11-10-2021,Office Supplies,369.4,833.4,88.31,FALSE,334.2
11-10-2021,Office Supplies,409.1,816.9,92.21,FALSE,409.7
11-10-2021,Furniture,384.5,989.5,74.42,FALSE,377.2
11-10-2021,Electronics,171.7,446,46.61,FALSE,161.4
11-10-2021,Automotive Parts,276,656.2,214.95,FALSE,277.8
11-10-2021,Toys,292,662.3,235.56,FALSE,280
11-10-2021,Beauty,367.1,1000.8,163.37,FALSE,337.1
11-10-2021,Apparel,458.3,1308.9,166.63,FALSE,431.7
12-10-2021,Pet Supplies,334.3,869.2,198.69,FALSE,342.4
12-10-2021,Beauty,345.4,1010.4,165.76,FALSE,317.4
12-10-2021,Groceries,267.2,1722.47,111.9,FALSE,274.3
12-10-2021,Toys,642.8,635.9,245.44,FALSE,303.2
12-10-2021,Automotive Parts,283.7,701.6,218.95,FALSE,277.5
12-10-2021,Sporting Goods,467.7,1418,130.12,FALSE,459.9
12-10-2021,Apparel,448.6,1335.5,172.27,FALSE,413.2
12-10-2021,Toys,322,323.7,230.73,FALSE,64.55
12-10-2021,Office Supplies,343.5,855.4,91.36,FALSE,318.1
12-10-2021,Sporting Goods,642.8,1447.7,123.71,TRUE,628.15
12-10-2021,Electronics,157,449.7,47.43,FALSE,141.9
12-10-2021,Pet Supplies,399.7,816.4,191.98,FALSE,410.1
13-10-2021,Office Supplies,399.3,819.8,85.86,FALSE,361.35
13-10-2021,Apparel,464,1327,170.23,FALSE,425.2
13-10-2021,Electronics,185.8,434.4,46.3,FALSE,178.8
13-10-2021,Automotive Parts,292.4,693.5,222.13,FALSE,273.5
13-10-2021,Furniture,384.8,999.7,72.13,FALSE,380.3
13-10-2021,Groceries,285.8,820.6,108.89,FALSE,272.3
13-10-2021,Sporting Goods,482.7,1394.8,128.33,FALSE,505.4
13-10-2021,Pet Supplies,349.6,863.6,192.4,FALSE,320.5
13-10-2021,Beauty,366.2,1003.1,170.47,FALSE,387.5
13-10-2021,Toys,323.9,320.3,237.2,FALSE,325
14-10-2021,Automotive Parts,298.7,687.2,214.67,FALSE,305.5
14-10-2021,Sporting Goods,571.6,1369,126.95,FALSE,512.9
14-10-2021,Furniture,589.3,999.3,73.15,TRUE,538.3
14-10-2021,Pet Supplies,376.8,853.6,196.8,FALSE,343.7
14-10-2021,Office Supplies,413,845.1,92.49,FALSE,380.3
14-10-2021,Electronics,221.6,422.1,46.66,FALSE,228.3
14-10-2021,Apparel,615.7,1323,171.99,TRUE,607.8
14-10-2021,Beauty,407.7,988.3,163.31,FALSE,402.9
14-10-2021,Toys,361.2,315.7,237.11,FALSE,345.8
14-10-2021,Groceries,302.8,814.4,111.03,FALSE,306.7
15-10-2021,Sporting Goods,507.9,1387.6,125.52,FALSE,504.9
15-10-2021,Groceries,338.9,808.8,106.91,FALSE,325.9
15-10-2021,Pet Supplies,395.1,843.9,191.9,FALSE,389.2
15-10-2021,Clothing,450.3,1321.9,176.6,FALSE,505.3
15-10-2021,Automotive Parts,314.3,680.4,217.12,FALSE,288.1
15-10-2021,Office Supplies,418.2,839.5,88.4,FALSE,383.2
15-10-2021,Toys,354.6,622.1,240.82,FALSE,331.9
15-10-2021,Electronics,211,420.3,47.05,FALSE,204.1
15-10-2021,Beauty,546.4,988.7,163.12,TRUE,565.6
15-10-2021,Furniture,303.9,996.9,76.49,FALSE,373.1
16-10-2021,Office Supplies,577.9,835.3,87.83,TRUE,548.3
16-10-2021,Furniture,409,992.6,73.83,FALSE,398.2
16-10-2021,Toys,330.8,630,237.08,FALSE,324.4
16-10-2021,Automotive Parts,288.5,685.3,212.39,FALSE,267.6
16-10-2021,Sporting Goods,462.5,1402.7,126.34,FALSE,512.9
16-10-2021,Groceries,323.7,820.7,110.66,FALSE,300.6
16-10-2021,Electronics,203.8,422.1,46.44,FALSE,186.2
16-10-2021,Pet Supplies,390.2,848.4,194.36,FALSE,379.9
16-10-2021,Apparel,464.7,1333.3,167.21,FALSE,422.9
16-10-2021,Beauty,379,684.3,164.79,FALSE,373
17-10-2021,Automotive Parts,272.8,677.7,218.81,FALSE,260.2
17-10-2021,Toys,381.1,623.7,240.69,TRUE,355
17-10-2021,Groceries,265.9,834.7,110.02,FALSE,242
17-10-2021,Office Supplies,399.1,850.1,88.51,FALSE,393.5
17-10-2021,Electronics,167.8,428.6,46.78,FALSE,167
17-10-2021,Beauty,337,689.5,168.29,FALSE,325.3
17-10-2021,Pet Supplies,333.5,850.2,192.56,FALSE,339.8
17-10-2021,Sporting Goods,642.8,1407.6,130.79,FALSE,487.4
17-10-2021,Apparel,444.7,1333.9,172.13,FALSE,430
17-10-2021,Furniture,372.8,1000.2,70.64,FALSE,374.5
18-10-2021,Furniture,355.9,1013.7,75.3,FALSE,336.6
18-10-2021,Clothing,411.7,1335,173.85,FALSE,383.9
18-10-2021,Electronics,612.5,417.9,46.78,FALSE,179.9
18-10-2021,Automotive Parts,277.2,681.7,222.68,FALSE,249.9
18-10-2021,Sporting Goods,438.5,1407.9,127.06,FALSE,433.3
18-10-2021,Pet Supplies,479.2,840.9,197.81,TRUE,490.1
18-10-2021,Beauty,331.7,694.5,164.35,FALSE,64.55
18-10-2021,Groceries,264.4,834,106.69,FALSE,253.5
18-10-2021,Office Supplies,367.3,855.5,88.12,FALSE,350.7
18-10-2021,Toys,313.7,623,227.04,FALSE,320.8
19-10-2021,Beauty,343,694.2,165.65,FALSE,353.2
19-10-2021,Groceries,265.9,833.3,103.61,FALSE,243.4
19-10-2021,Pet Supplies,329.4,840.4,201.21,FALSE,314.7
19-10-2021,Automotive Parts,279.2,681.4,217.93,FALSE,257.8
19-10-2021,Office Supplies,367.1,854.5,91.04,FALSE,357.7
19-10-2021,Electronics,142.3,431,46.78,FALSE,138.4
19-10-2021,Furniture,378.6,1010.9,75.12,FALSE,353
19-10-2021,Sporting Goods,396.4,1722.47,126.93,FALSE,371.3
19-10-2021,Clothing,485.9,1312.2,170.41,FALSE,495.5
19-10-2021,Toys,291.8,624.9,357.79,FALSE,306
20-10-2021,Apparel,458.4,1320.6,169.66,FALSE,455.2
20-10-2021,Groceries,311.3,829.7,107.88,FALSE,314.3
20-10-2021,Toys,321.5,635.9,247.53,FALSE,331.8
20-10-2021,Furniture,410.3,1008.7,73.72,FALSE,383.5
20-10-2021,Pet Supplies,366.6,827.2,196.71,FALSE,359
20-10-2021,Automotive Parts,324.5,676.1,215,FALSE,338.2
20-10-2021,Sporting Goods,530.9,1397.7,128.33,FALSE,526.6
20-10-2021,Beauty,391.1,686.5,163.26,FALSE,365
20-10-2021,Electronics,175,427.7,46.81,FALSE,182
20-10-2021,Office Supplies,387.5,838.3,89.38,FALSE,356.4
21-10-2021,Electronics,196.6,422.8,45.55,FALSE,204.4
21-10-2021,Apparel,525.2,1303.2,173.78,FALSE,498.4
21-10-2021,Groceries,315.7,829.6,107.04,FALSE,287.2
21-10-2021,Office Supplies,437.3,822,90.08,FALSE,394.6
21-10-2021,Sporting Goods,542.1,1375.7,128.37,FALSE,564.2
21-10-2021,Automotive Parts,312,673.8,217.91,FALSE,289.4
21-10-2021,Beauty,334.8,1019.5,167.77,FALSE,341.1
21-10-2021,Pet Supplies,387.3,823.2,196.06,FALSE,394.1
21-10-2021,Toys,350.4,609.6,247.1,FALSE,356.1
21-10-2021,Furniture,303.9,1008.9,74.42,TRUE,517.6
22-10-2021,Apparel,504.6,1304.8,173.41,FALSE,628.15
22-10-2021,Automotive Parts,326.4,678.8,212.23,FALSE,326.8
22-10-2021,Beauty,376.7,1014,159.27,FALSE,368.6
22-10-2021,Office Supplies,423.7,830.1,90.75,FALSE,442
22-10-2021,Sporting Goods,576.4,1368.5,129.14,FALSE,594
22-10-2021,Toys,373.4,595.7,235.54,FALSE,360.7
22-10-2021,Electronics,230.6,413,46.42,FALSE,208.3
22-10-2021,Pet Supplies,379.4,826.1,198.96,FALSE,346.6
22-10-2021,Furniture,414.7,1008.1,73.26,FALSE,416.8
22-10-2021,Groceries,331.6,815.5,103.38,FALSE,327.1
23-10-2021,Groceries,329.2,812.3,109.51,FALSE,303.9
23-10-2021,Beauty,427.6,991.4,171.32,FALSE,438.2
23-10-2021,Automotive Parts,282.4,686.6,221.48,FALSE,258.6
23-10-2021,Apparel,467.8,1317,169.94,FALSE,430.1
23-10-2021,Pet Supplies,393.2,807.1,198.65,FALSE,408
23-10-2021,Furniture,379.1,1022.5,74.55,FALSE,386.8
23-10-2021,Electronics,203.6,415.7,47.99,FALSE,209.1
23-10-2021,Office Supplies,434.3,822,91.11,FALSE,402
23-10-2021,Toys,349.7,609.8,234.86,FALSE,323.4
23-10-2021,Sporting Goods,539.3,1378.4,129.12,FALSE,536.7
24-10-2021,Pet Supplies,345,823.9,195.45,FALSE,327.9
24-10-2021,Beauty,298.6,1020.7,159.95,FALSE,387.5
24-10-2021,Apparel,504.5,1305.4,173.93,FALSE,472.9
24-10-2021,Furniture,365.8,1027.3,72.83,FALSE,345.5
24-10-2021,Office Supplies,384.6,826.2,89.39,FALSE,363.1
24-10-2021,Groceries,286.8,819.7,107.28,FALSE,298.5
24-10-2021,Sporting Goods,459.4,1409.6,132.31,FALSE,464.1
24-10-2021,Automotive Parts,278.8,683.1,217.76,FALSE,290.3
24-10-2021,Electronics,175.2,423.6,46.78,FALSE,174.1
24-10-2021,Toys,333.2,617.1,231.37,FALSE,309.6
25-10-2021,Electronics,151,432.9,47.07,FALSE,151.9
25-10-2021,Beauty,318.4,1015,167.34,FALSE,321.6
25-10-2021,Office Supplies,386.5,834.3,90.99,FALSE,380.9
25-10-2021,Pet Supplies,321.3,824.7,198.08,FALSE,342.7
25-10-2021,Automotive Parts,642.8,681.8,215.99,FALSE,268.9
25-10-2021,Apparel,401.5,1347.3,169.66,FALSE,384.7
25-10-2021,Furniture,387.9,977.65,73.97,FALSE,354.3
25-10-2021,Groceries,280.9,815.3,104.73,FALSE,292.1
25-10-2021,Sporting Goods,471.6,1414.1,129.09,FALSE,467.6
25-10-2021,Toys,272.1,640.9,230.35,FALSE,278
26-10-2021,Groceries,273,819,104.53,FALSE,268.3
26-10-2021,Beauty,352,1003,164.52,FALSE,324.9
26-10-2021,Automotive Parts,642.8,678.4,221.55,FALSE,297.3
26-10-2021,Office Supplies,383,839.5,89.4,FALSE,348.1
26-10-2021,Sporting Goods,455.7,1419.7,131.45,FALSE,440.2
26-10-2021,Toys,426.8,626.9,238.44,TRUE,410.7
26-10-2021,Apparel,451.9,1339.1,166.39,FALSE,420.9
26-10-2021,Electronics,248.4,422.6,45.69,FALSE,163.3
26-10-2021,Pet Supplies,354.4,828,357.79,FALSE,335.6
26-10-2021,Furniture,359,1022,75.51,FALSE,356.4
27-10-2021,Toys,328,630.2,239.26,FALSE,298.1
27-10-2021,Electronics,192.4,480.8,46.57,FALSE,196.8
27-10-2021,Clothing,480.6,1327.1,172.1,FALSE,433.8
27-10-2021,Automotive Parts,333.2,664.6,216.12,FALSE,314.6
27-10-2021,Sporting Goods,532.2,1397,126.71,FALSE,516.2
27-10-2021,Office Supplies,557,847,87.78,TRUE,582.4
27-10-2021,Pet Supplies,398.3,815.1,199.7,FALSE,628.15
27-10-2021,Groceries,320.7,800.7,103.14,FALSE,299.9
27-10-2021,Beauty,350.9,1000.1,168.28,FALSE,327.2
27-10-2021,Furniture,588.4,1025.4,75.51,TRUE,545.4
28-10-2021,Sporting Goods,524.4,1405.4,125.8,FALSE,499.2
28-10-2021,Apparel,500.7,1319.6,167.25,FALSE,460.7
28-10-2021,Office Supplies,466,816.4,89.17,FALSE,423.5
28-10-2021,Beauty,376.4,990.4,164.27,FALSE,387.5
28-10-2021,Automotive Parts,329.1,676.8,221.03,FALSE,298.1
28-10-2021,Furniture,384,1019.2,72.13,FALSE,384.4
28-10-2021,Groceries,317,693.1,108.83,FALSE,319.8
28-10-2021,Toys,333.8,630.1,229.16,FALSE,336.3
28-10-2021,Pet Supplies,409,813.8,194.01,FALSE,428.1
28-10-2021,Electronics,204.8,417.3,46.64,FALSE,214.5
29-10-2021,Office Supplies,445.6,823.9,86.42,FALSE,451
29-10-2021,Groceries,334.5,804.3,105.84,FALSE,295.35
29-10-2021,Pet Supplies,404.9,819.5,204.6,FALSE,416.8
29-10-2021,Furniture,424.6,1008.1,75.11,FALSE,394.3
29-10-2021,Toys,347.4,621.5,228.8,FALSE,346.8
29-10-2021,Beauty,387.3,990.9,161.77,FALSE,378.6
29-10-2021,Apparel,502.4,1317.8,169.66,FALSE,506.2
29-10-2021,Sporting Goods,542.3,843.2,130.25,FALSE,515.9
29-10-2021,Automotive Parts,326.9,670.4,208.98,FALSE,342.5
29-10-2021,Electronics,202,419.7,46.7,FALSE,242.1
30-10-2021,Beauty,371.2,994.3,161.97,FALSE,387.6
30-10-2021,Toys,304.1,636.1,239.92,FALSE,310.2
30-10-2021,Clothing,505,1317.8,170.91,FALSE,519
30-10-2021,Sporting Goods,492.7,850,129.16,FALSE,513.9
30-10-2021,Office Supplies,452.4,815,86.58,FALSE,428.8
30-10-2021,Pet Supplies,361.6,826.6,197.39,FALSE,365.4
30-10-2021,Groceries,335.9,807,103.93,FALSE,323.5
30-10-2021,Electronics,642.8,419.8,47.1,FALSE,176.4
30-10-2021,Automotive Parts,332.8,667.3,213.97,FALSE,325
30-10-2021,Furniture,368.1,1019.4,74.82,FALSE,368.9
31-10-2021,Office Supplies,404.3,828.9,89.82,FALSE,373.4
31-10-2021,Groceries,309.5,814.3,104.8,FALSE,293
31-10-2021,Beauty,515.9,996,165.19,TRUE,517.4
31-10-2021,Electronics,185,419.5,47.8,FALSE,184.7
31-10-2021,Toys,332.7,630.4,237.5,FALSE,343
31-10-2021,Apparel,425.5,1339.5,169.66,FALSE,406.4
31-10-2021,Automotive Parts,329.1,686.8,216.39,FALSE,298.9
31-10-2021,Pet Supplies,382.5,825,204.95,FALSE,371
31-10-2021,Furniture,380.2,1019,72.21,FALSE,359.4
31-10-2021,Sporting Goods,497.6,852.9,128.33,FALSE,64.55
01-11-2021,Beauty,344.3,987.8,160.37,FALSE,324.9
01-11-2021,Toys,299.8,638.5,238.52,FALSE,628.15
01-11-2021,Sporting Goods,464,855.8,128.75,FALSE,454.5
01-11-2021,Office Supplies,392.9,831.4,86.37,FALSE,393.7
01-11-2021,Automotive Parts,323.1,674.1,213.65,FALSE,310.6
01-11-2021,Apparel,477.4,1321.1,175.93,FALSE,441.9
01-11-2021,Electronics,214.8,424,46.1,TRUE,222.4
01-11-2021,Pet Supplies,332.6,840.1,198.04,FALSE,330.2
02-11-2021,Automotive Parts,333.8,674.6,221.53,FALSE,304.5
02-11-2021,Sporting Goods,642.8,1349.7,126.06,TRUE,628.15
02-11-2021,Office Supplies,484.4,863,90.82,TRUE,448.5
02-11-2021,Groceries,288.5,819,102.95,FALSE,283.7
02-11-2021,Pet Supplies,335.6,845.4,193.64,FALSE,305.6
02-11-2021,Apparel,443.1,1264.3,172.66,FALSE,450.6
02-11-2021,Sporting Goods,420.6,864.8,131.23,FALSE,396
02-11-2021,Furniture,350.7,1023.7,76.02,FALSE,363.6
02-11-2021,Beauty,355.4,986.6,166.21,FALSE,339.5
02-11-2021,Toys,281.7,635.9,236.15,FALSE,280.6
03-11-2021,Office Supplies,400.6,822.7,90.88,FALSE,380.3
03-11-2021,Beauty,334.2,988.5,165.81,FALSE,333.8
03-11-2021,Furniture,375.7,1019.3,77.03,FALSE,347.2
03-11-2021,Groceries,496.9,806.6,105.82,TRUE,521.1
03-11-2021,Pet Supplies,336.9,821.4,195.28,FALSE,330.5
03-11-2021,Automotive Parts,306.4,678.4,217.8,FALSE,282.2
03-11-2021,Sporting Goods,525.15,1408.8,126.76,FALSE,461.5
03-11-2021,Electronics,194.7,420.7,47.53,FALSE,190.6
03-11-2021,Automotive Parts,388.7,448.7,217.15,FALSE,404.5
03-11-2021,Apparel,582.8,1315.3,164.74,TRUE,565.7
04-11-2021,Toys,258.7,624,250.73,FALSE,249.9
04-11-2021,Automotive Parts,356.4,653.1,213.81,FALSE,355.4
04-11-2021,Electronics,198.6,414.2,46.78,FALSE,184.5
04-11-2021,Groceries,293.3,618.9,106.27,FALSE,295.35
04-11-2021,Office Supplies,642.8,803.3,89.82,TRUE,628.15
04-11-2021,Sporting Goods,548.6,1397.4,129.13,FALSE,550
04-11-2021,Toys,437,644.5,240.66,TRUE,422.4
04-11-2021,Electronics,295.5,481.2,46.44,FALSE,293.5
05-11-2021,Toys,345.6,634.8,238.72,FALSE,347.2
05-11-2021,Apparel,483.2,1302.6,172.32,FALSE,449.9
05-11-2021,Pet Supplies,433.1,799,193.33,FALSE,427.5
05-11-2021,Office Supplies,432.9,806.1,90.36,FALSE,397
05-11-2021,Electronics,260.1,495.1,48.17,FALSE,242.1
05-11-2021,Sporting Goods,553.6,1393.2,129.19,FALSE,575.1
05-11-2021,Groceries,377.7,790.9,109.41,FALSE,343.5
05-11-2021,Electronics,223.7,402.8,47.27,FALSE,206.2
05-11-2021,Beauty,384.4,972.2,164.6,FALSE,355.8
05-11-2021,Furniture,408.1,1011,75.51,FALSE,375.2
06-11-2021,Groceries,311.8,679.7,107.8,FALSE,306.4
06-11-2021,Groceries,311,806.1,106.37,FALSE,281.8
06-11-2021,Toys,287.6,656.2,242.36,FALSE,292.7
06-11-2021,Electronics,199,409.9,46.05,FALSE,196.7
06-11-2021,Office Supplies,460.2,797.8,88.36,FALSE,416
06-11-2021,Electronics,293.4,498.5,45.72,FALSE,289
06-11-2021,Beauty,508,988.4,163.77,TRUE,515.3
06-11-2021,Beauty,498.9,991,167.38,FALSE,491.2
06-11-2021,Pet Supplies,384.3,814.4,204.39,FALSE,360.7
06-11-2021,Apparel,521.2,1294.7,168.58,FALSE,526.8
06-11-2021,Sporting Goods,530.4,1411.5,130.43,FALSE,520.7
06-11-2021,Furniture,403.2,1019.8,75.26,FALSE,421.7
06-11-2021,Sporting Goods,522.3,1337.6,131.7,FALSE,471.6
07-11-2021,Toys,332.3,641.1,237.89,FALSE,319.6
07-11-2021,Automotive Parts,316.3,663.6,224.22,FALSE,289.6
07-11-2021,Furniture,281.1,1013.9,73.75,FALSE,280.6
07-11-2021,Sporting Goods,429.1,1442.6,129.26,FALSE,397.5
07-11-2021,Groceries,282.6,814.2,107.76,FALSE,255.6
07-11-2021,Furniture,394.5,1018.6,73.29,FALSE,387
07-11-2021,Pet Supplies,449.1,829.2,198.19,TRUE,413.4
07-11-2021,Beauty,356.4,994.6,163.38,FALSE,337.7
07-11-2021,Electronics,188.8,403.4,47.31,FALSE,172.8
07-11-2021,Office Supplies,417.3,814.8,89.33,FALSE,433.4
07-11-2021,Groceries,249.5,652.3,106.76,FALSE,261.2
08-11-2021,Electronics,180.1,411,45.38,FALSE,174.2
08-11-2021,Toys,355.1,639.6,237.91,FALSE,347.7
08-11-2021,Toys,282.3,676,238.01,FALSE,255.7
08-11-2021,Groceries,266,711.7,107.63,FALSE,270.6
08-11-2021,Sporting Goods,513.4,1332.7,128.04,FALSE,494.1
08-11-2021,Apparel,642.8,1268.4,170.5,TRUE,628.15
08-11-2021,Furniture,330.3,1037.7,75.15,FALSE,344.4
08-11-2021,Sporting Goods,410.9,1722.47,131.15,FALSE,385.3
08-11-2021,Automotive Parts,443,659.3,217.77,TRUE,427.2
08-11-2021,Office Supplies,370.3,829.3,90.55,FALSE,361.6
08-11-2021,Apparel,465.5,1307.8,169.88,FALSE,469.7
09-11-2021,Electronics,173.9,480.8,48.7,FALSE,180.8
09-11-2021,Beauty,435,991.2,167.56,FALSE,436.9
09-11-2021,Office Supplies,362.3,819.9,86.15,FALSE,369.3
09-11-2021,Toys,314.7,660.1,232.61,FALSE,284.9
09-11-2021,Apparel,450.4,1314.8,166.69,FALSE,462.4
09-11-2021,Pet Supplies,349.4,790.6,198.89,FALSE,321.9
09-11-2021,Beauty,482.2,988.4,168.28,TRUE,491.6
09-11-2021,Office Supplies,361.8,829.7,90.82,FALSE,360.2
09-11-2021,Toys,321.8,642,224.18,FALSE,334.3
09-11-2021,Groceries,287.4,814.5,111.11,FALSE,271.7
09-11-2021,Sporting Goods,469.3,1440.1,128.62,FALSE,435.1
09-11-2021,Furniture,322.5,1042.1,72.21,FALSE,304.2
10-11-2021,Electronics,191.4,409,45.21,FALSE,188
10-11-2021,Furniture,642.8,1018.4,73.67,FALSE,389.7
10-11-2021,Groceries,273.4,814.7,104.84,FALSE,259.2
10-11-2021,Pet Supplies,321.3,873.4,196.01,FALSE,311.7
10-11-2021,Automotive Parts,315,660.2,222.68,FALSE,320.5
10-11-2021,Beauty,347,999.2,163,FALSE,387.5
10-11-2021,Apparel,453.9,1333.8,165.58,FALSE,474.2
10-11-2021,Pet Supplies,375.4,817.2,192.4,FALSE,376
10-11-2021,Sporting Goods,472.7,1434.5,130.54,FALSE,484.2
10-11-2021,Toys,344.9,319.8,232.24,FALSE,347.7
11-11-2021,Sporting Goods,498.2,1426.2,128.27,FALSE,515.6
11-11-2021,Groceries,368.9,789.8,107.65,FALSE,336.7
11-11-2021,Furniture,369.6,1021.2,72.65,FALSE,349.2
11-11-2021,Toys,337.8,646,235.72,FALSE,320.9
11-11-2021,Apparel,470.5,1299.7,168.1,FALSE,456.9
11-11-2021,Automotive Parts,469.5,644.1,210.21,TRUE,435.2
11-11-2021,Pet Supplies,370.9,823.2,197.68,FALSE,378.8
11-11-2021,Electronics,234,392.4,46.78,FALSE,221.2
11-11-2021,Office Supplies,481.9,796.7,88.24,FALSE,444.3
11-11-2021,Beauty,397.35,1001.6,169.96,FALSE,340.9
12-11-2021,Furniture,370.5,977.65,75.36,FALSE,355.9
12-11-2021,Groceries,360.2,785.6,107.5,FALSE,353.3
12-11-2021,Toys,339.2,650.4,240.55,FALSE,330.9
12-11-2021,Electronics,233.2,396.5,47.11,FALSE,216.7
12-11-2021,Sporting Goods,548.1,1418.3,128.86,FALSE,540.6
12-11-2021,Beauty,383.3,970.1,164.86,FALSE,379.8
12-11-2021,Clothing,450.3,1285.8,171.66,FALSE,496.9
12-11-2021,Office Supplies,455.9,805.7,92.43,FALSE,455.6
12-11-2021,Pet Supplies,373.6,820.4,185.6,FALSE,344.1
12-11-2021,Beauty,398,993.1,160.83,FALSE,414.3
13-11-2021,Furniture,360.2,1014.3,73.12,FALSE,332.6
13-11-2021,Pet Supplies,382.4,811.9,196.88,FALSE,366.2
13-11-2021,Office Supplies,459.8,819.8,88.88,FALSE,446.5
13-11-2021,Sporting Goods,499.7,1435.3,129.44,FALSE,460.2
13-11-2021,Apparel,477.9,1291.7,168.36,FALSE,480.9
13-11-2021,Electronics,209.6,401.9,48.03,FALSE,211.7
13-11-2021,Beauty,371.2,1004,165.33,FALSE,379.5
13-11-2021,Groceries,343.3,788.7,114.02,FALSE,360
13-11-2021,Toys,330.5,658,239.92,FALSE,328.1
13-11-2021,Automotive Parts,309.7,670.8,223.37,FALSE,299.4
14-11-2021,Apparel,450.4,1294.9,169.66,FALSE,465.8
14-11-2021,Pet Supplies,338.5,820.5,199.43,FALSE,346.5
14-11-2021,Office Supplies,426,818.7,88.02,FALSE,403.2
14-11-2021,Electronics,163,425.2,46.37,FALSE,148.6
14-11-2021,Toys,322.2,657,234.44,FALSE,301.6
14-11-2021,Sporting Goods,432.4,1457.9,126.13,FALSE,414.5
14-11-2021,Furniture,367.6,1018.9,74.43,FALSE,378.5
14-11-2021,Automotive Parts,333.3,660.7,228.48,FALSE,342.1
14-11-2021,Groceries,283.1,810.9,105.66,FALSE,269.7
14-11-2021,Beauty,475.6,1008.1,167.52,TRUE,446.4
15-11-2021,Toys,301.6,664.2,239.25,FALSE,292.4
15-11-2021,Clothing,441.6,1294.9,169.06,FALSE,416.7
15-11-2021,Sporting Goods,443.1,1457,122.41,FALSE,428.8
15-11-2021,Automotive Parts,317.3,656.2,213.22,FALSE,318.2
15-11-2021,Groceries,288.7,818.5,114.14,FALSE,267
15-11-2021,Beauty,397.35,1024.3,160.58,FALSE,301
15-11-2021,Furniture,303.9,1722.47,73.62,FALSE,361
15-11-2021,Office Supplies,386,825.3,89.65,FALSE,389.1
15-11-2021,Pet Supplies,331.8,822.2,195.41,FALSE,332.2
15-11-2021,Electronics,181.3,421.4,47.14,FALSE,166.7
16-11-2021,Beauty,510.7,1012.8,167.05,TRUE,467.3
16-11-2021,Office Supplies,398,818.5,89.37,FALSE,371.4
16-11-2021,Pet Supplies,321.3,813.2,204.31,FALSE,354.3
16-11-2021,Electronics,194.5,409.8,48.44,FALSE,192.5
16-11-2021,Furniture,352.7,1014.8,76.31,FALSE,353.9
16-11-2021,Sporting Goods,483,1446.9,128.97,FALSE,503.6
16-11-2021,Apparel,489.7,1281.7,169.95,FALSE,477.5
16-11-2021,Toys,256.5,673.8,228.12,FALSE,240.1
16-11-2021,Automotive Parts,308.3,663.7,213.76,FALSE,290.7
16-11-2021,Groceries,296.2,820.4,105.68,FALSE,271.9
17-11-2021,Automotive Parts,350.4,646.9,217.3,FALSE,352.7
17-11-2021,Beauty,368.7,997,163.05,FALSE,339.9
17-11-2021,Apparel,582.3,1291.8,177.03,TRUE,575
17-11-2021,Furniture,381.9,1004.7,75.35,FALSE,391.1
17-11-2021,Office Supplies,429.2,804.5,92.19,FALSE,392.6
17-11-2021,Pet Supplies,379.9,809.8,198.85,FALSE,347.7
17-11-2021,Electronics,221,405.2,46.52,FALSE,199.4
17-11-2021,Sporting Goods,513.7,1434.5,127.9,FALSE,510
17-11-2021,Toys,321,649.3,233.47,FALSE,293
17-11-2021,Groceries,316,823.1,105.92,FALSE,302.5
18-11-2021,Toys,315.9,635.9,237.7,FALSE,323.2
18-11-2021,Sporting Goods,529,1432.9,128.71,FALSE,490.3
18-11-2021,Furniture,383.7,1005.9,76.92,FALSE,368.6
18-11-2021,Groceries,365.6,802.7,107.99,FALSE,346
18-11-2021,Pet Supplies,372.4,811,202.19,FALSE,351.6
18-11-2021,Beauty,414,985.4,165.7,FALSE,428.4
18-11-2021,Apparel,512.5,1275.7,163.83,FALSE,510.4
18-11-2021,Automotive Parts,382.5,630.8,219.74,FALSE,350.6
18-11-2021,Office Supplies,451,792.6,87.58,FALSE,446.1
18-11-2021,Electronics,223.3,480.8,46.86,FALSE,205.2
19-11-2021,Automotive Parts,353.5,656.2,221.94,FALSE,349.3
19-11-2021,Apparel,536,1271.6,167.9,FALSE,537.4
19-11-2021,Office Supplies,443.1,790.6,89.36,FALSE,416.2
19-11-2021,Beauty,414.9,977.7,162.12,FALSE,401.1
19-11-2021,Furniture,385.4,1003.6,74.44,FALSE,348.4
19-11-2021,Sporting Goods,525.9,1430,126.01,FALSE,518
19-11-2021,Electronics,229.7,396.8,47.15,FALSE,238
19-11-2021,Pet Supplies,389.6,802.3,197.26,FALSE,406.4
19-11-2021,Groceries,357.4,809.9,106.62,FALSE,335.6
19-11-2021,Toys,317.1,1722.47,236.4,FALSE,315.6
20-11-2021,Beauty,364.8,992.2,165.77,FALSE,387.5
20-11-2021,Pet Supplies,408,796.4,194.46,FALSE,386.8
20-11-2021,Toys,330.6,645,240.18,FALSE,300
20-11-2021,Apparel,510,1271.2,174.64,FALSE,438.8
20-11-2021,Furniture,376.3,1009.2,74.73,FALSE,342.6
20-11-2021,Groceries,348.1,816.2,106.63,FALSE,332.9
20-11-2021,Automotive Parts,348.6,656.3,214.37,FALSE,341.7
20-11-2021,Sporting Goods,508.3,1436.4,129.52,FALSE,485.4
20-11-2021,Electronics,218.8,398.6,47.59,FALSE,218.3
20-11-2021,Office Supplies,369.4,786.9,91.47,FALSE,417.1
21-11-2021,Pet Supplies,364.6,820.8,196.05,FALSE,345.5
21-11-2021,Electronics,211,400.1,46.78,FALSE,193
21-11-2021,Office Supplies,398.7,805.2,90.24,FALSE,361.35
21-11-2021,Furniture,358.7,1020.1,75.24,FALSE,330.4
21-11-2021,Groceries,317.2,829.2,106.41,FALSE,330
21-11-2021,Sporting Goods,471.3,1446.7,128.98,FALSE,448.9
21-11-2021,Automotive Parts,327.8,658.6,209.97,FALSE,334.1
21-11-2021,Apparel,493.4,1271,166.01,FALSE,502.6
21-11-2021,Beauty,338.6,992.2,164.47,FALSE,305.9
21-11-2021,Toys,336.1,635.9,234.64,FALSE,323.6
22-11-2021,Toys,309,650.7,231.21,FALSE,279.8
22-11-2021,Office Supplies,380.8,819.8,88.63,FALSE,361.4
22-11-2021,Furniture,335.6,1020.3,74.13,FALSE,317.9
22-11-2021,Beauty,355.5,985.2,163.75,FALSE,341.6
22-11-2021,Automotive Parts,310.9,666.8,213.12,FALSE,307.6
22-11-2021,Sporting Goods,642.8,1442.5,128.38,TRUE,628.15
22-11-2021,Groceries,279.9,831.3,108.89,FALSE,274.7
22-11-2021,Apparel,457.6,1278.6,173.02,FALSE,469.6
22-11-2021,Electronics,176.7,411.3,46.06,FALSE,180.4
22-11-2021,Pet Supplies,302.1,838.8,199.23,FALSE,279.4
23-11-2021,Groceries,324.3,821.9,106.16,FALSE,313.8
23-11-2021,Apparel,464.9,1275.8,168.46,FALSE,426.4
23-11-2021,Automotive Parts,293.8,671.3,217.29,FALSE,274.1
23-11-2021,Pet Supplies,354.9,814.5,196.71,FALSE,360.8
23-11-2021,Toys,275.5,662.3,242.16,FALSE,279
23-11-2021,Furniture,309.5,1024.8,73.12,FALSE,322.6
23-11-2021,Sporting Goods,489.4,1446.8,128.91,FALSE,450
23-11-2021,Office Supplies,392.1,806.6,89.4,FALSE,390.7
23-11-2021,Electronics,194.1,409.7,46.75,FALSE,201.1
23-11-2021,Beauty,285.4,1003.5,167.43,FALSE,269.1
24-11-2021,Sporting Goods,531.3,1428.9,129.51,FALSE,549.4
24-11-2021,Groceries,325.5,816.4,106.79,FALSE,336.2
24-11-2021,Office Supplies,434.2,796.8,90.37,FALSE,454.6
24-11-2021,Apparel,492.2,1266,168.23,FALSE,463.2
24-11-2021,Furniture,642.8,1018.9,75.74,FALSE,323.7
24-11-2021,Toys,313.75,653.1,242.78,FALSE,310.5
24-11-2021,Pet Supplies,358.2,821.2,193.57,FALSE,364
24-11-2021,Beauty,378,980.2,157.97,FALSE,387.5
24-11-2021,Electronics,206.9,407.8,47.94,FALSE,190.4
24-11-2021,Automotive Parts,359.9,656.2,219.75,FALSE,350
25-11-2021,Beauty,415.1,971.8,166.62,FALSE,430.2
25-11-2021,Apparel,522.3,1260.4,170.59,FALSE,538.2
25-11-2021,Toys,327.9,649.2,235.88,FALSE,303.6
25-11-2021,Groceries,543.1,800.5,108.61,TRUE,557.1
25-11-2021,Sporting Goods,525.15,1425.5,125.27,FALSE,512.9
25-11-2021,Pet Supplies,321.3,802,194.79,TRUE,531
25-11-2021,Automotive Parts,358.9,659.1,218.99,FALSE,365.6
25-11-2021,Office Supplies,468.1,783.1,90.28,FALSE,468.1
25-11-2021,Furniture,376.8,1007,73.03,FALSE,379
25-11-2021,Electronics,241,393.7,44.86,FALSE,236.1
26-11-2021,Beauty,418.9,967.1,170.01,FALSE,387.1
26-11-2021,Apparel,505.1,1271.2,176.7,FALSE,496.6
26-11-2021,Toys,306.1,661.1,237.76,FALSE,302.9
26-11-2021,Pet Supplies,401.6,804.6,198,FALSE,414.3
26-11-2021,Groceries,302.8,798.1,357.79,FALSE,333.7
26-11-2021,Furniture,360.5,1017.8,75.8,FALSE,363.3
26-11-2021,Automotive Parts,357.9,658.6,221.71,FALSE,340
26-11-2021,Electronics,227.8,390.6,46.03,FALSE,242.1
26-11-2021,Office Supplies,480.4,780.5,90.25,FALSE,440.6
26-11-2021,Sporting Goods,530.3,1428,130.51,FALSE,503.1
27-11-2021,Beauty,397.35,986.7,162.48,FALSE,383.8
27-11-2021,Apparel,642.8,1300.9,175.18,TRUE,628.15
27-11-2021,Furniture,336.4,1036.4,73.93,FALSE,339.5
27-11-2021,Pet Supplies,382.2,818.4,193.25,FALSE,363.5
27-11-2021,Office Supplies,478.2,776,90.3,FALSE,437.4
27-11-2021,Groceries,387.8,794.8,106.66,FALSE,382.6
27-11-2021,Automotive Parts,372.7,649.6,216.9,FALSE,382.6
27-11-2021,Sporting Goods,524.3,1435.8,129.27,FALSE,520.4
27-11-2021,Electronics,235.4,384.1,46.32,FALSE,227.2
27-11-2021,Toys,337.9,658,238.94,FALSE,311.1
28-11-2021,Office Supplies,442.1,788.7,87.03,FALSE,438.3
28-11-2021,Sporting Goods,468.3,1397.7,130.03,FALSE,433.8
28-11-2021,Pet Supplies,327,807.1,193.9,FALSE,337.8
28-11-2021,Electronics,204.8,394.8,47.16,FALSE,204.1
28-11-2021,Groceries,323.9,816.4,111.9,FALSE,331.9
28-11-2021,Beauty,335,991,162.11,FALSE,314.8
28-11-2021,Furniture,345.1,1029.9,73.71,FALSE,340
28-11-2021,Toys,308,666.4,247.67,FALSE,296.5
28-11-2021,Clothing,470.5,1287.1,170.57,FALSE,474.7
28-11-2021,Automotive Parts,352.7,659,213.25,FALSE,317.9
29-11-2021,Furniture,457.4,1030.2,72.87,TRUE,467.8
29-11-2021,Sporting Goods,444.8,1454.4,125.74,FALSE,432.5
29-11-2021,Pet Supplies,338.4,836.2,196.71,FALSE,324.3
29-11-2021,Automotive Parts,320.8,666.3,223.84,FALSE,297.8
29-11-2021,Groceries,302.8,827.8,109.65,FALSE,282.4
29-11-2021,Office Supplies,374.9,811,86.44,FALSE,346.7
29-11-2021,Electronics,194.8,401.8,49.03,FALSE,194.9
29-11-2021,Beauty,306,990.5,161.09,FALSE,296.7
29-11-2021,Toys,300.3,672.8,241.52,FALSE,302.5
29-11-2021,Apparel,403.9,1309.8,167.95,FALSE,399.7
30-11-2021,Office Supplies,369.4,811.1,89.82,FALSE,357.8
30-11-2021,Apparel,642.8,1298.2,165.11,TRUE,628.15
30-11-2021,Automotive Parts,316.9,666.4,215.27,FALSE,319.6
30-11-2021,Pet Supplies,300.3,842.8,195.95,FALSE,293
30-11-2021,Toys,286.6,673.8,233.37,FALSE,278.6
30-11-2021,Sporting Goods,506.1,1431.4,124.72,FALSE,468
30-11-2021,Groceries,301,820.2,106.6,FALSE,304
30-11-2021,Furniture,320.9,615,75.31,FALSE,311.3
30-11-2021,Beauty,332.2,985.9,161.83,FALSE,341.7
30-11-2021,Electronics,209,406.3,48.38,FALSE,192.5
01-12-2021,Furniture,257.8,867.7,75.49,FALSE,250.9
01-12-2021,Toys,288.2,672.9,243.97,FALSE,265.1
01-12-2021,Electronics,248.4,390.9,49.12,FALSE,227.4
01-12-2021,Apparel,525.1,1270.7,173.98,FALSE,533.6
01-12-2021,Pet Supplies,318.9,827.6,201.23,FALSE,302.3
01-12-2021,Automotive Parts,372,655.1,220.2,FALSE,342
01-12-2021,Beauty,353.4,978.4,164.33,FALSE,345.2
01-12-2021,Office Supplies,416.3,804.6,88.39,FALSE,398.7
01-12-2021,Groceries,326,807.2,107.1,FALSE,327
01-12-2021,Groceries,270.5,547.4,105.07,FALSE,253.3
02-12-2021,Electronics,228.4,393.6,46.37,FALSE,242.1
02-12-2021,Electronics,311.3,531.9,47.27,FALSE,311.1
02-12-2021,Office Supplies,454.4,793.7,89.37,FALSE,412.5
02-12-2021,Pet Supplies,330.4,815.3,197.05,FALSE,326.3
02-12-2021,Furniture,341.7,614,76.03,FALSE,64.55
02-12-2021,Sporting Goods,555.9,1414.6,129.7,FALSE,532.8
02-12-2021,Toys,324.2,657.9,237.39,FALSE,297.7
02-12-2021,Beauty,381.1,966.9,164.07,FALSE,399.4
02-12-2021,Apparel,499.1,1275.2,170.41,FALSE,520.6
02-12-2021,Groceries,372,792.9,107.9,FALSE,388.8
02-12-2021,Pet Supplies,351.3,832.5,197.07,FALSE,334.4
03-12-2021,Sporting Goods,544.4,1413.9,124.75,FALSE,521.9
03-12-2021,Toys,459.1,657.9,239.69,TRUE,471.1
03-12-2021,Furniture,387.7,604.5,76.81,FALSE,364.9
03-12-2021,Pet Supplies,560.2,817.7,200.12,TRUE,565.8
03-12-2021,Clothing,642.8,1289,168.56,TRUE,628.15
03-12-2021,Electronics,263.3,381.7,47.14,FALSE,266.3
03-12-2021,Automotive Parts,365.7,650.8,217.8,FALSE,628.15
03-12-2021,Beauty,436.6,945.3,167.26,FALSE,436.7
04-12-2021,Electronics,245.8,384.6,48.48,FALSE,244.3
04-12-2021,Beauty,380.8,999.3,163.49,FALSE,390
04-12-2021,Sporting Goods,540.2,1332.4,127.7,FALSE,564.1
04-12-2021,Groceries,355.5,794,109.53,FALSE,371.9
04-12-2021,Pet Supplies,375.4,816.6,191.1,FALSE,372.7
04-12-2021,Sporting Goods,495.8,1437.5,128.33,FALSE,465.6
04-12-2021,Office Supplies,452.4,798.7,91.45,FALSE,433.8
04-12-2021,Furniture,370.5,605,73.78,FALSE,350.6
04-12-2021,Beauty,389.6,955.2,167.46,FALSE,358.7
04-12-2021,Toys,642.8,676.3,240.79,FALSE,271.7
05-12-2021,Pet Supplies,353.3,823.6,199.53,FALSE,336.1
05-12-2021,Sporting Goods,530.4,1397.7,129.78,FALSE,524.8
05-12-2021,Automotive Parts,340.7,656.1,214.82,FALSE,325.8
05-12-2021,Office Supplies,419.9,811.2,91.35,FALSE,407.5
05-12-2021,Groceries,334.8,804.2,110.46,FALSE,311.3
05-12-2021,Apparel,519.5,1276.5,164.49,FALSE,476
05-12-2021,Toys,295.3,666.1,235.89,FALSE,273.9
06-12-2021,Office Supplies,423.9,797.8,88.42,FALSE,394.1
06-12-2021,Furniture,320.2,1035.3,76.07,FALSE,335.7
06-12-2021,Sporting Goods,454.3,1454.9,126.44,FALSE,436.6
06-12-2021,Apparel,480.1,1292.3,172.49,FALSE,464.6
06-12-2021,Beauty,339.5,976.4,164.71,FALSE,387.5
06-12-2021,Pet Supplies,326.6,836.1,196.51,FALSE,306.5
06-12-2021,Groceries,312,810.6,108.34,FALSE,322.4
06-12-2021,Beauty,470.7,991.9,163.27,FALSE,428.1
06-12-2021,Electronics,220.7,391,46.78,FALSE,218.3
07-12-2021,Toys,320.4,664.8,229.47,FALSE,306.1
07-12-2021,Toys,328.2,643.7,228.96,FALSE,312.6
07-12-2021,Office Supplies,427.9,791.8,90.24,FALSE,445.6
07-12-2021,Groceries,295.9,813.4,105.21,FALSE,284
07-12-2021,Sporting Goods,438.7,1455.3,125.56,FALSE,401.2
07-12-2021,Furniture,303.9,1005.9,73.94,FALSE,257.3
07-12-2021,Electronics,214.1,391.4,45.04,FALSE,223.7
07-12-2021,Beauty,332.9,979.5,170.97,FALSE,312.6
07-12-2021,Furniture,351,1031,73.02,FALSE,360.5
07-12-2021,Apparel,450.8,1320,167.73,TRUE,424.7
07-12-2021,Clothing,509.2,1284.6,166.05,FALSE,481.8
07-12-2021,Pet Supplies,329.7,837.2,202.14,FALSE,318.3
07-12-2021,Automotive Parts,403.2,687.4,217.2,TRUE,404.5
08-12-2021,Apparel,451.9,1296.2,168.98,FALSE,444.7
08-12-2021,Sporting Goods,533.1,1422.5,125.82,FALSE,491.2
08-12-2021,Groceries,322.7,806.3,106.64,FALSE,318.6
08-12-2021,Automotive Parts,320.7,663.1,217.8,FALSE,306.7
08-12-2021,Beauty,332.8,979.9,168.27,FALSE,308.1
08-12-2021,Electronics,247.4,377.9,48.52,FALSE,242.1
08-12-2021,Pet Supplies,355,807.1,199,FALSE,372.6
08-12-2021,Furniture,390,1041.5,73.59,TRUE,361.5
08-12-2021,Electronics,232.3,495.1,47.05,FALSE,223.2
08-12-2021,Sporting Goods,553.1,1318.5,131.82,FALSE,571.6
09-12-2021,Beauty,397.35,1002.5,163.58,FALSE,399
09-12-2021,Apparel,464.5,1307.3,167.67,FALSE,421.1
09-12-2021,Beauty,382.2,967,167.3,FALSE,380
09-12-2021,Electronics,249,379.1,45.98,FALSE,226.8
09-12-2021,Toys,377.4,672.5,240.23,TRUE,385.3
09-12-2021,Groceries,382.6,794.4,108.37,FALSE,349.2
09-12-2021,Clothing,616.2,1324.5,172.77,TRUE,585.4
09-12-2021,Automotive Parts,374.6,647,222.14,FALSE,345.4
09-12-2021,Pet Supplies,395.3,814.5,195.31,FALSE,410.8
10-12-2021,Groceries,500.9,796.3,106.3,TRUE,490.1
10-12-2021,Electronics,252.4,383,45.59,FALSE,254.5
10-12-2021,Apparel,534,1290.6,172.18,FALSE,551.9
10-12-2021,Office Supplies,479.2,756.3,89.82,FALSE,478
10-12-2021,Automotive Parts,391.8,656.2,220.17,FALSE,385.7
10-12-2021,Furniture,335,1008.6,72.8,FALSE,331.6
10-12-2021,Furniture,378.3,1033.9,76.29,FALSE,289.7
10-12-2021,Beauty,388.3,960.9,161.41,FALSE,377.6
11-12-2021,Automotive Parts,353.9,657,217.8,FALSE,353.7
11-12-2021,Office Supplies,454.3,767.3,89.36,FALSE,411.5
11-12-2021,Sporting Goods,515,1427.4,126.49,FALSE,506.7
11-12-2021,Electronics,261.8,388.1,46.85,FALSE,247.2
11-12-2021,Groceries,349.9,808.2,109.95,FALSE,295.35
11-12-2021,Clothing,506.4,1305.1,170.38,FALSE,512.8
11-12-2021,Furniture,303.9,1039.9,76.48,FALSE,329.3
11-12-2021,Toys,308.3,680.8,236.39,FALSE,307
11-12-2021,Pet Supplies,404.1,808.6,194.13,FALSE,384.1
11-12-2021,Automotive Parts,326.2,656.2,210.53,FALSE,318.7
12-12-2021,Pet Supplies,328.6,827.4,202.12,FALSE,314.1
12-12-2021,Office Supplies,410.8,819.8,89.16,FALSE,411.6
12-12-2021,Toys,296.2,692.4,240.48,FALSE,309.9
12-12-2021,Groceries,339,812.3,110.9,FALSE,349.7
12-12-2021,Electronics,250.5,388.5,46.25,FALSE,628.15
12-12-2021,Apparel,517.1,1301.1,172.93,FALSE,511.6
12-12-2021,Beauty,365.3,1016.3,163.15,FALSE,369.7
12-12-2021,Automotive Parts,365.7,657.8,223.85,FALSE,383.5
12-12-2021,Furniture,357.8,1029.1,72.95,FALSE,335
12-12-2021,Sporting Goods,483.2,1433.8,125.35,FALSE,444
13-12-2021,Sporting Goods,493.3,1435,127.85,FALSE,474.7
13-12-2021,Apparel,449.7,1319.3,167.35,FALSE,413.5
13-12-2021,Electronics,221.6,391.6,46.45,FALSE,201.6
13-12-2021,Groceries,300.2,822.9,107.03,FALSE,295.35
13-12-2021,Beauty,284.7,1002,165.43,FALSE,387.5
13-12-2021,Furniture,303.9,644.2,71.98,FALSE,324.3
13-12-2021,Pet Supplies,347.8,830.5,197.53,FALSE,361
13-12-2021,Toys,279.6,699.7,236.33,FALSE,628.15
13-12-2021,Automotive Parts,508.2,663.3,220.9,TRUE,466
13-12-2021,Office Supplies,426.3,780.3,89.82,FALSE,418.6
14-12-2021,Pet Supplies,344.2,826.1,194.09,FALSE,346.4
14-12-2021,Beauty,364.8,974.7,163.05,FALSE,329.8
14-12-2021,Automotive Parts,344.5,646.5,213.48,FALSE,339.1
14-12-2021,Apparel,451.9,1301.5,171.93,FALSE,473.7
14-12-2021,Toys,288.1,697.8,241.51,FALSE,262.3
14-12-2021,Sporting Goods,484.8,1443.9,133.49,FALSE,446.1
14-12-2021,Furniture,337.3,639.7,73.42,FALSE,315
14-12-2021,Office Supplies,369.4,788.2,91.34,FALSE,377.3
14-12-2021,Electronics,230.6,387.3,47.02,FALSE,234.3
14-12-2021,Groceries,299.2,693.1,107.67,FALSE,295.2
15-12-2021,Apparel,519.8,1300.9,166.1,FALSE,487.4
15-12-2021,Electronics,237.8,1722.47,46.69,FALSE,230.5
15-12-2021,Office Supplies,369.4,782,90.47,FALSE,458
15-12-2021,Furniture,345.8,637.1,75.13,FALSE,64.55
15-12-2021,Automotive Parts,361.3,656.1,218.45,FALSE,357.7
15-12-2021,Toys,270.5,695.8,232.85,FALSE,302.8
15-12-2021,Groceries,416.2,815.5,105.59,TRUE,399.9
15-12-2021,Pet Supplies,345.4,816.2,195.54,FALSE,359.8
15-12-2021,Sporting Goods,524.6,1430.4,131.39,FALSE,516.1
15-12-2021,Beauty,345.8,978.5,167.12,FALSE,346.8
16-12-2021,Pet Supplies,368.4,807.5,192.38,FALSE,363.9
16-12-2021,Groceries,381.9,798.3,109.33,FALSE,371.6
16-12-2021,Toys,312.1,635.9,233.32,FALSE,315.4
16-12-2021,Office Supplies,468.4,770.6,90.21,FALSE,424.3
16-12-2021,Apparel,510.1,1302.1,172.73,FALSE,500.1
16-12-2021,Electronics,250.4,381.8,48.58,FALSE,258.1
16-12-2021,Automotive Parts,366.7,659,223.42,FALSE,374.5
16-12-2021,Sporting Goods,534.4,1418,128.75,FALSE,488.2
16-12-2021,Beauty,385.4,968.2,162.16,FALSE,396.9
16-12-2021,Furniture,331.3,641.5,72.41,FALSE,336.5
17-12-2021,Toys,334.4,676.1,238.75,FALSE,312
17-12-2021,Furniture,360.2,638.7,73.91,FALSE,370.3
17-12-2021,Automotive Parts,383.7,656.8,220.14,FALSE,628.15
17-12-2021,Beauty,363.9,976.2,165.62,FALSE,347.9
17-12-2021,Office Supplies,477.9,759.8,89.82,FALSE,486.3
17-12-2021,Apparel,520.4,1300.9,170.3,FALSE,532.1
17-12-2021,Pet Supplies,381.2,801.1,197.67,FALSE,378.6
17-12-2021,Groceries,302.8,792.3,105.25,FALSE,387.7
17-12-2021,Sporting Goods,536.8,1412.8,130.05,FALSE,483.9
17-12-2021,Electronics,248.4,372,47.18,FALSE,250.4
18-12-2021,Apparel,642.8,1287.4,172.81,TRUE,628.15
18-12-2021,Furniture,339.5,1042.5,74.02,FALSE,289.7
18-12-2021,Beauty,360.7,983.2,165.54,FALSE,354.3
18-12-2021,Office Supplies,642.8,770.5,89.2,TRUE,628.15
18-12-2021,Pet Supplies,642.8,802,196.71,FALSE,361.9
18-12-2021,Automotive Parts,335.7,672.7,226.19,FALSE,322.5
18-12-2021,Groceries,358.2,804.7,107.32,FALSE,361.7
18-12-2021,Toys,307.8,693.5,239.89,FALSE,287.4
18-12-2021,Electronics,248.4,370.4,45.35,FALSE,278.3
18-12-2021,Sporting Goods,563.1,1406.8,125.95,FALSE,510.4
19-12-2021,Beauty,361.8,987.2,167.55,FALSE,347.8
19-12-2021,Electronics,217.2,380.4,47.61,FALSE,204
19-12-2021,Apparel,504.6,1313.9,181.04,FALSE,465.2
19-12-2021,Toys,279.1,698.4,242.1,FALSE,267.8
19-12-2021,Furniture,315.6,1047.5,73.19,FALSE,310
19-12-2021,Pet Supplies,321.3,806.4,198.86,FALSE,310.6
19-12-2021,Groceries,334.6,814.1,106.73,FALSE,303.6
19-12-2021,Automotive Parts,336.1,668,216.82,FALSE,304.9
19-12-2021,Sporting Goods,457.2,1434.3,129.33,FALSE,421.9
19-12-2021,Office Supplies,451.2,776.9,91.81,FALSE,470.1
20-12-2021,Office Supplies,437.9,782.3,91.87,FALSE,452.5
20-12-2021,Sporting Goods,471.4,1429.6,131.25,FALSE,480.8
20-12-2021,Electronics,219,377.8,46.83,FALSE,221.5
20-12-2021,Clothing,445.2,1334.4,168.38,FALSE,465.2
20-12-2021,Toys,271.1,708.8,236.79,FALSE,253.2
20-12-2021,Pet Supplies,338.6,810.8,191.47,FALSE,315.1
20-12-2021,Groceries,300.6,822.4,111.08,FALSE,289.1
20-12-2021,Automotive Parts,329.6,675.2,221.66,FALSE,315.5
20-12-2021,Beauty,287.4,1009.7,162.1,FALSE,278.5
20-12-2021,Furniture,302.6,1045.6,72.49,FALSE,273.1
21-12-2021,Sporting Goods,492.9,1426.6,131.65,FALSE,495.7
21-12-2021,Electronics,248.4,381.1,46.75,FALSE,200.3
21-12-2021,Toys,270.6,697.5,237.11,FALSE,256.9
21-12-2021,Office Supplies,420.6,784.9,89.28,FALSE,395.6
21-12-2021,Groceries,305.2,829.2,106.53,FALSE,287.8
21-12-2021,Automotive Parts,350.9,666,226.38,FALSE,316.7
21-12-2021,Apparel,411.1,1353.2,164.48,FALSE,423.4
21-12-2021,Furniture,398.1,1042.5,74.8,TRUE,368
21-12-2021,Beauty,385.4,981.4,156.2,FALSE,368.3
21-12-2021,Pet Supplies,376.9,824.4,191.88,TRUE,310.6
22-12-2021,Electronics,253.4,375.5,47.28,FALSE,239.5
22-12-2021,Furniture,348.5,1027.8,75.56,FALSE,333.9
22-12-2021,Groceries,354,814.6,107.81,FALSE,338.8
22-12-2021,Sporting Goods,506.7,1423.9,127.56,FALSE,481.6
22-12-2021,Beauty,397.35,993.7,167.57,FALSE,324.4
22-12-2021,Automotive Parts,355.6,664.2,217.1,FALSE,355
22-12-2021,Apparel,476.4,1328.8,169.41,FALSE,464.3
22-12-2021,Toys,642.8,690.7,242.56,FALSE,297.9
22-12-2021,Pet Supplies,343.5,811.3,197.58,FALSE,310.7
22-12-2021,Office Supplies,642.8,782.1,89.82,TRUE,622.2
23-12-2021,Furniture,361.3,1025.7,73.84,FALSE,289.7
23-12-2021,Pet Supplies,348.9,807.1,197.09,FALSE,325.6
23-12-2021,Sporting Goods,543.1,786.9,128.93,FALSE,542.5
23-12-2021,Groceries,377.5,812.9,108.76,FALSE,340.3
23-12-2021,Toys,339.4,674.2,237.11,FALSE,302.8
23-12-2021,Beauty,382.5,983,163.62,FALSE,399
23-12-2021,Electronics,283.2,362.8,47.86,FALSE,278.7
23-12-2021,Office Supplies,470.7,772.1,88.96,FALSE,439
23-12-2021,Clothing,526.3,1302.7,166,FALSE,496.3
23-12-2021,Automotive Parts,361,662.9,220,FALSE,364.1
24-12-2021,Groceries,383.8,812.7,107.77,FALSE,359.5
24-12-2021,Pet Supplies,380.3,790.8,195.76,FALSE,383.8
24-12-2021,Sporting Goods,563.9,783.6,131.67,FALSE,512.9
24-12-2021,Automotive Parts,396.3,658.5,217.27,FALSE,396
24-12-2021,Electronics,267.2,248.6,45.1,FALSE,262.7
24-12-2021,Toys,311.1,682.5,242.2,FALSE,288.6
24-12-2021,Beauty,397.35,975.8,167.28,FALSE,420.8
24-12-2021,Apparel,505.9,1308,172.24,FALSE,510.5
24-12-2021,Furniture,377.3,1023.9,74.98,FALSE,375.3
24-12-2021,Office Supplies,510.9,767.5,90.75,FALSE,501.1
25-12-2021,Electronics,263.3,242.1,46.85,FALSE,244.5
25-12-2021,Sporting Goods,469.8,797.4,129.8,FALSE,64.55
25-12-2021,Apparel,520.6,1300.3,166.73,FALSE,508.3
25-12-2021,Toys,305.9,685.1,243.05,FALSE,294
25-12-2021,Furniture,311.4,1039.9,73.44,FALSE,289.7
25-12-2021,Automotive Parts,380.2,493.2,225.04,FALSE,393.9
25-12-2021,Groceries,377.3,809.4,105.69,FALSE,369.6
25-12-2021,Office Supplies,449.1,781.1,87.91,FALSE,428.2
25-12-2021,Pet Supplies,339,804.6,201.55,FALSE,309.7
25-12-2021,Beauty,363.2,987.3,166.88,FALSE,332.9
26-12-2021,Apparel,459.9,1311.5,177,FALSE,448.6
26-12-2021,Electronics,260.6,238.4,45.85,FALSE,64.55
26-12-2021,Groceries,322.3,820.5,109.81,FALSE,305.7
26-12-2021,Automotive Parts,360.9,500.7,219.21,FALSE,378
26-12-2021,Pet Supplies,337.7,809.2,196.78,FALSE,340.4
26-12-2021,Beauty,397.35,988.7,162.53,FALSE,345.9
26-12-2021,Furniture,311.3,1038.2,74.24,FALSE,304.1
26-12-2021,Toys,268,691.7,236.78,FALSE,252.6
26-12-2021,Office Supplies,402.9,785.4,89.22,FALSE,379.8
26-12-2021,Sporting Goods,532.2,1397.7,131.52,FALSE,543.7
27-12-2021,Furniture,312.8,653,76.92,FALSE,308.7
27-12-2021,Electronics,232.9,241.1,46.51,FALSE,226.9
27-12-2021,Automotive Parts,339.9,503.6,220.52,FALSE,64.55
27-12-2021,Groceries,310.5,816.8,109.13,FALSE,290.8
27-12-2021,Apparel,445,1321.5,172.62,FALSE,412.1
27-12-2021,Beauty,310.8,725.6,164.14,FALSE,285.5
27-12-2021,Office Supplies,422.5,774.5,89.49,FALSE,403.8
27-12-2021,Pet Supplies,322.3,820.6,190.52,FALSE,325.3
27-12-2021,Sporting Goods,519.1,786.5,357.79,FALSE,532.5
27-12-2021,Toys,273.9,686.2,238.25,FALSE,259.7
28-12-2021,Furniture,286.6,656.8,75.65,FALSE,289.7
28-12-2021,Sporting Goods,505.9,1418.9,129.21,FALSE,514.2
28-12-2021,Toys,280.5,682.4,235.68,FALSE,280.2
28-12-2021,Office Supplies,419.1,768.7,88.06,FALSE,408
28-12-2021,Pet Supplies,316.4,807.1,197.67,FALSE,321.8
28-12-2021,Electronics,227.1,240.4,46.31,FALSE,218.3
28-12-2021,Clothing,447.1,1322.2,168.26,FALSE,422.1
28-12-2021,Beauty,309.2,734,164.05,FALSE,280.7
28-12-2021,Groceries,342.2,809.7,109.13,FALSE,327.9
28-12-2021,Automotive Parts,354.8,502.2,218.21,FALSE,360.9
29-12-2021,Automotive Parts,366,496,213.65,FALSE,351.6
29-12-2021,Apparel,539.3,1292.1,169.55,FALSE,534.9
29-12-2021,Electronics,248,352.6,47.51,FALSE,226.8
29-12-2021,Pet Supplies,341.1,817.4,189.92,FALSE,355.7
29-12-2021,Sporting Goods,547.7,1413.4,131.5,FALSE,495.7
29-12-2021,Groceries,350.6,810,107.01,FALSE,352.1
29-12-2021,Office Supplies,458.3,752.1,87.68,FALSE,429.3
29-12-2021,Beauty,366.4,728.5,164.46,FALSE,64.55
29-12-2021,Toys,270.4,681.1,243.14,FALSE,253.8
29-12-2021,Furniture,316.2,651.3,74.71,FALSE,64.55
30-12-2021,Electronics,262.2,351.2,47.48,FALSE,275.2
30-12-2021,Apparel,521.9,1301.1,166.86,FALSE,501.2
30-12-2021,Furniture,311.4,653.3,72.67,FALSE,293.4
30-12-2021,Groceries,407.7,796.3,107.5,FALSE,425
30-12-2021,Automotive Parts,578.5,660.5,210.61,TRUE,603.3
30-12-2021,Beauty,381.1,722.7,163.19,FALSE,380.1
30-12-2021,Toys,286.9,679.6,239.07,FALSE,276.4
30-12-2021,Sporting Goods,569.6,1405.5,127.16,FALSE,596.8
30-12-2021,Pet Supplies,338.9,828.9,197.51,FALSE,322.2
30-12-2021,Office Supplies,440.5,758.9,88.35,FALSE,417.8
31-12-2021,Toys,296.7,673.8,232.52,FALSE,296.7
31-12-2021,Apparel,544.6,1295.7,170.85,FALSE,545.3
31-12-2021,Office Supplies,481.8,747.1,91.13,FALSE,484
31-12-2021,Beauty,549.1,722,168.15,TRUE,522.6
31-12-2021,Automotive Parts,390.1,665,218.04,FALSE,374
31-12-2021,Sporting Goods,548.9,1405.3,129.93,FALSE,526
31-12-2021,Electronics,298.2,332,47.29,FALSE,303.5
31-12-2021,Furniture,344.9,655.4,73.79,FALSE,310.4
31-12-2021,Pet Supplies,382.2,816.4,196.52,FALSE,397.8
31-12-2021,Groceries,612.6,798.8,108.71,TRUE,591.3
01-01-2022,Apparel,548.6,1300.9,169.89,FALSE,506.4
01-01-2022,Office Supplies,452.5,758.2,87.71,FALSE,407.5
01-01-2022,Beauty,335.1,1011.6,166.53,FALSE,344.2
01-01-2022,Pet Supplies,352.3,828.9,196.71,FALSE,360.9
01-01-2022,Furniture,328.9,1048.3,77.12,FALSE,297.7
01-01-2022,Sporting Goods,531.3,1418.8,128.31,FALSE,479.5
01-01-2022,Groceries,374,808.6,105.96,FALSE,339.5
01-01-2022,Toys,283.8,677.1,249.33,FALSE,284.3
01-01-2022,Electronics,269.4,343,46.76,FALSE,248.4
01-01-2022,Automotive Parts,401,666.1,214.35,FALSE,378.3
02-01-2022,Apparel,517.9,1315.5,174.76,FALSE,532
02-01-2022,Pet Supplies,322.1,839.5,201.72,FALSE,292.6
02-01-2022,Automotive Parts,378.1,681.5,219.05,FALSE,392
02-01-2022,Furniture,270,720,75.47,FALSE,64.55
02-01-2022,Toys,271.2,675.9,237.11,FALSE,275.4
02-01-2022,Beauty,335.1,1002.3,162.06,FALSE,320.9
02-01-2022,Furniture,293.4,1060,77.25,FALSE,297.8
02-01-2022,Toys,341.6,691.5,233.56,TRUE,326.3
02-01-2022,Groceries,302.8,813.8,107.18,FALSE,356.7
02-01-2022,Sporting Goods,491.9,1426,130.28,FALSE,512.9
02-01-2022,Electronics,267.3,337.7,46.35,FALSE,277.2
02-01-2022,Electronics,277.5,355.9,46.55,FALSE,272.4
03-01-2022,Clothing,444,1349,177.13,FALSE,443.7
03-01-2022,Sporting Goods,479.2,1432.7,123.15,FALSE,512.9
03-01-2022,Electronics,252.7,351,45.99,FALSE,265.1
03-01-2022,Automotive Parts,330.3,688,215.08,FALSE,332.8
03-01-2022,Groceries,316.1,824.3,105.61,FALSE,318.6
03-01-2022,Clothing,512.5,1296.8,162.38,FALSE,530.9
03-01-2022,Office Supplies,402.4,779.8,89.48,FALSE,398.5
03-01-2022,Furniture,313.2,1053.9,76.44,FALSE,319.9
03-01-2022,Toys,264.9,677.2,238.03,FALSE,276.3
03-01-2022,Beauty,397.35,1004.7,166.66,FALSE,364.3
04-01-2022,Furniture,402.7,1058,73.63,TRUE,378
04-01-2022,Groceries,312,824.5,107.54,FALSE,321.8
04-01-2022,Sporting Goods,485.7,1428.7,125.76,FALSE,468.5
04-01-2022,Toys,274.9,673.2,233.75,FALSE,247.5
04-01-2022,Beauty,428.7,1002.3,165.8,FALSE,415.5
04-01-2022,Automotive Parts,374.6,673.8,218.13,FALSE,339.7
04-01-2022,Electronics,352.4,300.7,47.16,FALSE,363.3
04-01-2022,Office Supplies,431.3,768.1,85.3,FALSE,396.6
04-01-2022,Toys,323.6,643.8,234.61,FALSE,333.2
04-01-2022,Pet Supplies,314.9,851.1,196.53,FALSE,288.1
05-01-2022,Beauty,424.8,986.9,159.82,FALSE,418.6
05-01-2022,Sporting Goods,505.2,1422.8,129.35,FALSE,464.8
05-01-2022,Groceries,368.7,807.7,106.54,FALSE,359.2
05-01-2022,Automotive Parts,359.2,684.9,217.24,FALSE,376.7
05-01-2022,Apparel,486.6,1342.2,172.58,FALSE,443.8
05-01-2022,Furniture,193.9,1184.1,75.72,FALSE,201.8
05-01-2022,Furniture,302.5,1064.7,75.4,FALSE,280.5
05-01-2022,Electronics,248.4,348.7,48.79,FALSE,258.9
05-01-2022,Pet Supplies,339.8,838.4,196.48,FALSE,345
05-01-2022,Toys,291.7,616.8,239.17,FALSE,282
05-01-2022,Automotive Parts,360.4,544.9,223.25,FALSE,363.7
06-01-2022,Toys,313.75,675.1,240.74,FALSE,321.1
06-01-2022,Electronics,383.7,336.8,46.14,TRUE,388.2
06-01-2022,Pet Supplies,366.8,826.1,196.71,FALSE,334.9
06-01-2022,Sporting Goods,503.5,1428.8,127.72,FALSE,523.4
06-01-2022,Automotive Parts,358.8,688.8,219.73,FALSE,367.8
06-01-2022,Groceries,328.8,753.4,108.79,FALSE,303.6
06-01-2022,Sporting Goods,559.1,1430,128.75,FALSE,550.6
06-01-2022,Beauty,585.3,993.7,161.07,TRUE,548.3
06-01-2022,Furniture,319.5,1064.2,72.99,FALSE,292.5
06-01-2022,Office Supplies,501.8,752.3,87.01,FALSE,495.4
06-01-2022,Groceries,386.4,802.9,105.11,FALSE,362.5
07-01-2022,Groceries,353.5,765.1,105.61,FALSE,322
07-01-2022,Pet Supplies,355.1,786.6,198.22,FALSE,339.5
07-01-2022,Sporting Goods,520.1,1421.6,129.02,FALSE,481.6
07-01-2022,Apparel,523.5,1334.9,168.81,FALSE,481.6
07-01-2022,Office Supplies,630.7,758.9,90.67,TRUE,595.4
07-01-2022,Electronics,301.3,336.4,47.02,FALSE,298.6
07-01-2022,Furniture,334.4,1057.4,72.75,FALSE,313.3
07-01-2022,Toys,305.1,674,230.51,FALSE,318.2
07-01-2022,Office Supplies,403.5,677.7,88.92,FALSE,397.8
07-01-2022,Pet Supplies,390,819.1,199.12,FALSE,374.4
07-01-2022,Groceries,642.8,792.3,110.99,FALSE,370.6
07-01-2022,Automotive Parts,329.1,349.9,216.87,FALSE,398.6
07-01-2022,Beauty,420.8,976.8,166.53,FALSE,440.9
08-01-2022,Automotive Parts,329.1,353.8,229.04,FALSE,385.4
08-01-2022,Toys,288.7,680,240.71,FALSE,300.2
08-01-2022,Electronics,237.6,258.6,46.71,FALSE,230.7
08-01-2022,Groceries,370.9,795.8,107.5,FALSE,340.1
08-01-2022,Apparel,451.9,1331.3,169.66,TRUE,628.15
08-01-2022,Sporting Goods,533.1,1013.4,128.33,FALSE,557.6
08-01-2022,Pet Supplies,353.6,836.2,195.68,FALSE,357.5
08-01-2022,Electronics,289.8,339.6,46.05,FALSE,277.9
08-01-2022,Automotive Parts,270.3,564,211.91,FALSE,280
08-01-2022,Beauty,397.35,987,170.13,TRUE,551.1
09-01-2022,Sporting Goods,642.8,1440.2,127.34,TRUE,618.8
09-01-2022,Furniture,642.8,1071,73.53,FALSE,279.6
09-01-2022,Electronics,248.4,348.2,47.26,FALSE,232
09-01-2022,Automotive Parts,367.6,353.4,216.76,FALSE,91.3
09-01-2022,Clothing,489.5,1335.9,167.08,FALSE,478.9
09-01-2022,Toys,291,678.3,244.78,FALSE,280.6
09-01-2022,Pet Supplies,331.8,837,199.3,FALSE,307
09-01-2022,Toys,545.5,587.1,247.69,TRUE,544.6
09-01-2022,Office Supplies,369.4,405.9,87.65,FALSE,361.35
10-01-2022,Office Supplies,428.3,742.7,90.79,FALSE,433
10-01-2022,Toys,267.5,684.3,235.26,FALSE,273.8
10-01-2022,Beauty,574,940.4,160.67,TRUE,597.2
10-01-2022,Furniture,386.6,1079.8,74.76,TRUE,389.5
10-01-2022,Automotive Parts,338.7,358,229.53,FALSE,352.2
10-01-2022,Electronics,642.8,347.4,46.04,FALSE,259.3
10-01-2022,Groceries,346.8,804.5,108.17,FALSE,361.6
11-01-2022,Automotive Parts,442.6,361.4,217.8,TRUE,416.9
11-01-2022,Beauty,334.2,1006.3,167.51,FALSE,317.3
11-01-2022,Electronics,206.9,299.1,47.65,FALSE,203.5
11-01-2022,Groceries,327.5,812.3,108.59,FALSE,304.8
11-01-2022,Office Supplies,414.1,407.9,90.05,FALSE,398.8
11-01-2022,Electronics,309,352.1,46.25,TRUE,323.9
11-01-2022,Apparel,440.5,1349.8,175.68,FALSE,403.8
11-01-2022,Toys,265.9,688.5,233.22,FALSE,248.5
11-01-2022,Furniture,306.7,1072.6,74.43,FALSE,319.5
12-01-2022,Groceries,382,794.1,102.79,FALSE,367.8
12-01-2022,Beauty,397.35,1002.5,165.76,FALSE,359.2
12-01-2022,Furniture,383.9,1145.2,75.31,FALSE,373.7
12-01-2022,Furniture,308.8,1074.1,77.3,FALSE,293.8
12-01-2022,Electronics,263.4,296.1,46.78,FALSE,239.8
12-01-2022,Apparel,505.5,1330.3,169.66,FALSE,522.9
12-01-2022,Sporting Goods,642.8,1425.7,129.39,TRUE,590.5
13-01-2022,Automotive Parts,393.9,675.7,219.85,FALSE,378.7
13-01-2022,Groceries,393.7,789,109.34,FALSE,389.3
13-01-2022,Electronics,296.3,341.1,46.99,FALSE,280.8
13-01-2022,Furniture,303.9,1059.4,72.79,TRUE,539.9
13-01-2022,Toys,307.7,678.2,240.6,FALSE,291.9
13-01-2022,Pet Supplies,362.1,830.6,193.3,FALSE,361.8
13-01-2022,Apparel,506.6,1333.6,163.73,FALSE,531.1
13-01-2022,Sporting Goods,561.2,1395.2,125.49,FALSE,558.9
13-01-2022,Beauty,362.5,993,164.86,FALSE,387.5
13-01-2022,Office Supplies,480.7,734.7,90.13,FALSE,495.1
14-01-2022,Furniture,285.8,1081.2,74.7,FALSE,298.9
14-01-2022,Groceries,484.3,789,105.71,TRUE,493.2
14-01-2022,Apparel,539,1319.4,177.86,FALSE,564.6
14-01-2022,Office Supplies,459.5,743.8,88.77,FALSE,445.7
14-01-2022,Sporting Goods,605.7,1380.3,130.51,FALSE,612.9
14-01-2022,Electronics,313.7,339,46.1,FALSE,287
14-01-2022,Beauty,425.9,1016.3,168.39,FALSE,434.4
14-01-2022,Automotive Parts,408.6,668.1,212.15,FALSE,378
14-01-2022,Toys,313,669.4,232.63,FALSE,325.6
14-01-2022,Pet Supplies,344.6,1722.47,194.88,FALSE,313.3
15-01-2022,Pet Supplies,324.2,848.6,193.56,FALSE,314.8
15-01-2022,Beauty,376.4,989,158.24,FALSE,373.1
15-01-2022,Toys,299.8,672.4,237.11,FALSE,290.8
15-01-2022,Office Supplies,466.7,733.5,90.65,FALSE,462.3
15-01-2022,Sporting Goods,572,1381.2,130.89,FALSE,574.8
15-01-2022,Apparel,474.9,1338.9,164.11,FALSE,474.5
15-01-2022,Automotive Parts,370.7,686.5,221.12,FALSE,628.15
15-01-2022,Groceries,358.9,1722.47,107.72,FALSE,364.9
15-01-2022,Electronics,420.4,333.3,45.73,TRUE,436.4
15-01-2022,Furniture,324.2,1069.5,74.43,FALSE,321.7
16-01-2022,Groceries,365.5,788.6,104.26,FALSE,333.6
16-01-2022,Pet Supplies,344.8,832.6,194.91,FALSE,353.8
16-01-2022,Sporting Goods,481.2,1409.6,129.95,FALSE,455.7
16-01-2022,Furniture,286.9,1082.2,72.85,FALSE,289.7
16-01-2022,Electronics,271.4,365,45.31,FALSE,242.1
16-01-2022,Office Supplies,367.3,758,89.73,FALSE,369.6
16-01-2022,Beauty,379.3,990.6,161.73,FALSE,364.2
16-01-2022,Apparel,448.8,1352.2,170.17,FALSE,412.6
16-01-2022,Automotive Parts,363.4,691.9,223.65,FALSE,361.9
16-01-2022,Toys,313.75,689.2,230.35,TRUE,381.9
17-01-2022,Sporting Goods,511.7,1403.7,133,FALSE,523.2
17-01-2022,Automotive Parts,355,685.6,216.85,FALSE,320.8
17-01-2022,Toys,343.2,700.7,235.16,TRUE,351
17-01-2022,Furniture,266.3,1086,76.73,FALSE,255.6
17-01-2022,Beauty,321.5,1002.1,167.66,FALSE,336.3
17-01-2022,Pet Supplies,310.7,842.5,203.11,FALSE,294.1
17-01-2022,Groceries,322.8,798.1,105.51,FALSE,333.4
17-01-2022,Apparel,438.6,1351.7,175.55,FALSE,416.3
17-01-2022,Electronics,248.5,368,46.76,FALSE,226.6
17-01-2022,Office Supplies,368.7,753.4,90.02,FALSE,353.9
18-01-2022,Sporting Goods,462.5,1428.8,131.03,FALSE,432.6
18-01-2022,Toys,268.7,635.9,240.78,FALSE,267.5
18-01-2022,Groceries,336.7,796.1,106.88,FALSE,335.6
18-01-2022,Furniture,277.7,1091.5,74.56,FALSE,282.5
18-01-2022,Pet Supplies,342.7,830.3,196.97,FALSE,337.9
18-01-2022,Automotive Parts,352.9,689.9,218.96,FALSE,322.3
18-01-2022,Apparel,442.8,1347,173.69,FALSE,406.2
18-01-2022,Beauty,300.6,1018.8,158.49,FALSE,295.5
18-01-2022,Electronics,291.5,352.6,47.51,FALSE,275.9
18-01-2022,Office Supplies,413.9,740.1,89.82,FALSE,425.6
19-01-2022,Toys,313.75,685.7,233.68,FALSE,271.1
19-01-2022,Sporting Goods,537.1,1402.5,122.47,FALSE,559.1
19-01-2022,Office Supplies,369.4,733.3,88.14,FALSE,415.9
19-01-2022,Apparel,451.9,1341.1,165.61,FALSE,473.7
19-01-2022,Automotive Parts,349.9,693.3,221.46,FALSE,347.9
19-01-2022,Electronics,292.3,356.9,46.78,FALSE,299.6
19-01-2022,Beauty,345.6,1002.2,158.46,FALSE,320.2
19-01-2022,Furniture,286.3,1085.6,74.3,FALSE,273.3
19-01-2022,Groceries,369.7,781.7,109.87,FALSE,385.2
19-01-2022,Pet Supplies,321.3,833,192.98,FALSE,340.3
20-01-2022,Apparel,521.5,1318.6,176.54,FALSE,482.1
20-01-2022,Electronics,309.4,357.6,47.5,FALSE,281.9
20-01-2022,Pet Supplies,488.3,825.8,200.67,TRUE,480.1
20-01-2022,Office Supplies,599.5,714.5,88.95,TRUE,555.1
20-01-2022,Automotive Parts,384.1,682.4,221.15,FALSE,389.7
20-01-2022,Furniture,322.2,1072.6,71.65,FALSE,310
20-01-2022,Toys,296.1,676.9,243.34,FALSE,293
20-01-2022,Groceries,375,775.5,104.6,FALSE,358.4
20-01-2022,Beauty,412.4,986.2,163.25,FALSE,410.5
20-01-2022,Sporting Goods,556.5,1403.6,129.39,FALSE,628.15
21-01-2022,Groceries,395.3,768,109.42,FALSE,395.6
21-01-2022,Pet Supplies,385.5,817.8,196.71,FALSE,370.5
21-01-2022,Electronics,307.1,353.9,47.01,FALSE,296.5
21-01-2022,Beauty,408.3,982.6,164.07,FALSE,421.2
21-01-2022,Office Supplies,488,721.6,85.3,FALSE,487.5
21-01-2022,Sporting Goods,525.15,1406.4,127.65,FALSE,559.8
21-01-2022,Automotive Parts,417.3,668.6,219.53,FALSE,419.3
21-01-2022,Apparel,514.5,1326.2,164.56,FALSE,535.3
21-01-2022,Toys,284.4,669.3,240.75,FALSE,264.6
21-01-2022,Furniture,300.6,1079.3,74.16,FALSE,301.7
22-01-2022,Sporting Goods,551.3,1414.8,122.72,FALSE,567.1
22-01-2022,Pet Supplies,350.1,828.2,200.26,FALSE,363.4
22-01-2022,Toys,286.4,668,240.5,FALSE,262.5
22-01-2022,Electronics,295.1,348.9,46.07,FALSE,270.4
22-01-2022,Automotive Parts,382.8,678.5,216.38,FALSE,317.9
22-01-2022,Office Supplies,460,725,91.16,FALSE,422
22-01-2022,Beauty,381.7,999.9,164.45,FALSE,378.7
22-01-2022,Furniture,303.9,1074.2,74.56,FALSE,305.5
22-01-2022,Groceries,380.9,770.4,107.62,FALSE,386
22-01-2022,Apparel,483.9,1334.6,176.7,FALSE,440.6
23-01-2022,Office Supplies,451.4,739,89.82,FALSE,416.7
23-01-2022,Apparel,485.3,1332.8,169.33,FALSE,455.9
23-01-2022,Pet Supplies,321.8,845.5,199.66,FALSE,302.9
23-01-2022,Sporting Goods,509,1422.4,128.16,FALSE,528.3
23-01-2022,Electronics,300.2,480.8,47.25,FALSE,310.7
23-01-2022,Toys,313.75,666,230.72,FALSE,281.1
23-01-2022,Automotive Parts,401,670.2,217.14,FALSE,388.8
23-01-2022,Furniture,290.3,1074.2,77.54,FALSE,296.6
23-01-2022,Beauty,376.8,1016.3,168.05,FALSE,361.8
23-01-2022,Groceries,475.7,785,108.35,TRUE,491.2
24-01-2022,Groceries,346.1,778.6,108.33,FALSE,324
24-01-2022,Pet Supplies,295.9,848.9,195.64,FALSE,628.15
24-01-2022,Beauty,397.35,1030,170,FALSE,334
24-01-2022,Office Supplies,362.8,767.6,86.52,FALSE,363.4
24-01-2022,Furniture,261.5,1081.2,74.56,FALSE,269.7
24-01-2022,Electronics,268.9,344.2,46.62,FALSE,245.7
24-01-2022,Toys,363.2,683.2,235.88,TRUE,345.4
24-01-2022,Sporting Goods,541.3,1408.7,128.15,FALSE,498.5
24-01-2022,Apparel,427,1349.5,169.66,FALSE,435.8
24-01-2022,Automotive Parts,355.3,676.9,219.63,FALSE,349.4
25-01-2022,Toys,264.3,635.9,235.81,FALSE,273.3
25-01-2022,Automotive Parts,389.2,660.6,216.07,FALSE,387.7
25-01-2022,Furniture,269.5,1076.7,70.47,FALSE,266.3
25-01-2022,Sporting Goods,520.9,1416.1,131.75,FALSE,505.3
25-01-2022,Groceries,347.6,777.4,108.87,FALSE,360
25-01-2022,Beauty,374.7,1011.9,167.9,FALSE,351.9
25-01-2022,Electronics,272.4,338.9,45.17,FALSE,284.6
25-01-2022,Pet Supplies,303.5,847.4,195.9,FALSE,311.9
25-01-2022,Apparel,441.6,1343.9,169.83,FALSE,439.6
25-01-2022,Office Supplies,369.4,742.7,91.61,FALSE,417.4
26-01-2022,Furniture,299.4,1079.4,77.51,FALSE,281
26-01-2022,Beauty,497.9,1010.1,164.86,TRUE,475.9
26-01-2022,Office Supplies,421.7,748,89.54,FALSE,426.8
26-01-2022,Toys,283.7,680.5,244.61,FALSE,259.9
26-01-2022,Sporting Goods,535.5,1413.5,126.94,FALSE,555.3
26-01-2022,Electronics,294.3,331.2,45.97,FALSE,290.4
26-01-2022,Automotive Parts,329.1,658.9,221.63,FALSE,358.7
26-01-2022,Apparel,481.7,1334.4,164.97,FALSE,480.3
26-01-2022,Pet Supplies,294.4,851.1,196.71,FALSE,275.7
26-01-2022,Groceries,367.1,775.3,107.65,FALSE,370.1
27-01-2022,Electronics,337.8,322.9,45.28,FALSE,326.7
27-01-2022,Toys,465.6,682.5,237.11,TRUE,483.5
27-01-2022,Pet Supplies,325.5,837.9,195.5,FALSE,339.5
27-01-2022,Apparel,526.3,1314.7,171.96,FALSE,511.4
27-01-2022,Groceries,380.2,776.6,106.74,FALSE,344.2
27-01-2022,Office Supplies,479,730.7,89.82,FALSE,484
27-01-2022,Beauty,365.2,1016.3,165.62,FALSE,331.6
27-01-2022,Furniture,325.8,1066.6,74.94,FALSE,307.4
27-01-2022,Sporting Goods,642.8,1072.7,124.71,TRUE,628.15
27-01-2022,Automotive Parts,329.1,645,222.82,FALSE,392.5
28-01-2022,Sporting Goods,620.8,1077.3,127.82,FALSE,628.15
28-01-2022,Furniture,274.6,1089.6,73.68,FALSE,252.7
28-01-2022,Toys,282.2,635.9,357.79,FALSE,268.6
28-01-2022,Apparel,482.6,1343,170.34,FALSE,478
28-01-2022,Pet Supplies,382,816.3,197.65,FALSE,352.9
28-01-2022,Beauty,413.5,1002.2,162.86,FALSE,420.9
28-01-2022,Groceries,397.9,778.5,105.49,FALSE,417.6
28-01-2022,Automotive Parts,421.3,635.1,219,FALSE,401.2
28-01-2022,Office Supplies,463.3,734.3,90.46,FALSE,458.1
28-01-2022,Electronics,321.2,333,48.18,FALSE,307
29-01-2022,Office Supplies,483.8,726.3,88.37,FALSE,485.2
29-01-2022,Electronics,321.3,329.6,46.66,FALSE,324.3
29-01-2022,Automotive Parts,386.2,642,217.73,FALSE,370.6
29-01-2022,Apparel,451.9,1342.2,177.81,FALSE,438.8
29-01-2022,Pet Supplies,321.3,833,196.57,FALSE,325.1
29-01-2022,Sporting Goods,576.1,1084.5,129.25,FALSE,73
29-01-2022,Beauty,411.5,998.7,161.78,FALSE,381.5
29-01-2022,Toys,282.9,694.6,233.53,FALSE,255.7
29-01-2022,Furniture,289.5,1076.3,74.52,FALSE,302.4
29-01-2022,Groceries,517.3,801.1,108.13,TRUE,534.8
30-01-2022,Furniture,264.4,716.6,75.51,FALSE,271.9
30-01-2022,Electronics,296.2,339.5,47.93,FALSE,291.7
30-01-2022,Beauty,369.5,1012.1,160.98,FALSE,350.9
30-01-2022,Sporting Goods,545.5,1090.1,132.89,FALSE,561.2
30-01-2022,Groceries,375.3,801.8,108.63,FALSE,383
30-01-2022,Pet Supplies,286.5,841.9,196.65,FALSE,275.8
30-01-2022,Automotive Parts,361.8,645.8,223.47,FALSE,332.1
30-01-2022,Office Supplies,402.9,746.9,87.33,FALSE,396.7
30-01-2022,Toys,270.7,691.8,243.6,FALSE,262
30-01-2022,Clothing,484.6,1338.5,174.98,FALSE,470.9
31-01-2022,Groceries,321.3,818.7,109.76,FALSE,333.4
31-01-2022,Pet Supplies,302.2,836.8,194.45,FALSE,290.3
31-01-2022,Furniture,303.9,721.6,74.37,FALSE,239.2
31-01-2022,Office Supplies,402,738.4,88.11,FALSE,373.6
31-01-2022,Beauty,397.35,1028.1,167.22,TRUE,492.3
31-01-2022,Sporting Goods,561.5,1084.5,128.87,FALSE,518.6
31-01-2022,Automotive Parts,346.8,649.7,214.15,FALSE,323.4
31-01-2022,Electronics,431.9,347.5,46.93,TRUE,413.9
31-01-2022,Toys,227,703.2,231.47,FALSE,215.7
31-01-2022,Clothing,419.2,1353,171.59,FALSE,404.5
01-02-2022,Beauty,345.5,1022.7,164.82,FALSE,350.8
01-02-2022,Pet Supplies,308.3,835.4,198.81,FALSE,302.4
01-02-2022,Office Supplies,424.6,768.4,90.95,FALSE,405.2
01-02-2022,Automotive Parts,372.9,648.6,214.3,FALSE,342.9
01-02-2022,Sporting Goods,502.4,1424.9,122.97,FALSE,458.4
01-02-2022,Office Supplies,409.8,738,89.89,FALSE,395.5
01-02-2022,Apparel,451.9,1332.9,171.5,FALSE,453.6
01-02-2022,Groceries,347.9,693.1,106.22,FALSE,313.4
02-02-2022,Apparel,472.2,1341.5,168.16,FALSE,492.1
02-02-2022,Office Supplies,453.7,722.1,91.73,FALSE,409.3
02-02-2022,Beauty,321.7,1028.2,166.82,FALSE,387.5
02-02-2022,Furniture,272.3,722.7,74.52,FALSE,275.5
02-02-2022,Toys,302.4,683.4,226.51,FALSE,291.8
02-02-2022,Automotive Parts,385.6,650,215,FALSE,386.2
02-02-2022,Pet Supplies,315.3,839.5,193.38,FALSE,290.7
02-02-2022,Sporting Goods,497.4,1424,127.98,FALSE,497.6
02-02-2022,Groceries,368.6,803.1,107.89,FALSE,346.6
02-02-2022,Electronics,315.2,343.4,46.73,FALSE,309.9
03-02-2022,Clothing,446.1,1352.4,173.82,FALSE,413
03-02-2022,Furniture,269.3,723.4,73.46,FALSE,271.7
03-02-2022,Automotive Parts,416.1,643,217.96,FALSE,423.9
03-02-2022,Office Supplies,462.6,714.3,90.29,FALSE,427.3
03-02-2022,Sporting Goods,568.9,1428.7,130.72,FALSE,525.1
03-02-2022,Pet Supplies,321.6,838.5,196.7,FALSE,321
03-02-2022,Beauty,419.6,995.1,165.58,FALSE,401.9
03-02-2022,Sporting Goods,555.3,1410.3,126.88,FALSE,510.6
04-02-2022,Beauty,412.3,1001.7,161.43,FALSE,387.5
04-02-2022,Electronics,335.4,336.8,47.05,FALSE,347.5
04-02-2022,Furniture,242.7,1130.3,73.48,FALSE,230
04-02-2022,Furniture,378.6,1090,74.43,TRUE,352
04-02-2022,Apparel,459.7,1353.8,172.22,FALSE,450.3
04-02-2022,Office Supplies,496.9,458.1,88.46,FALSE,448
04-02-2022,Pet Supplies,487.5,825,196.71,TRUE,505.8
04-02-2022,Groceries,392,693.1,106.32,FALSE,373.4
04-02-2022,Toys,308.9,679.7,238.01,FALSE,288.8
04-02-2022,Sporting Goods,605,1391,128.03,FALSE,553.9
04-02-2022,Toys,314.4,641.3,239.3,FALSE,287.6
05-02-2022,Toys,304.7,675.1,235.92,FALSE,285.4
05-02-2022,Apparel,439.8,1394.1,166.43,FALSE,401.1
05-02-2022,Apparel,457.7,1354.7,172.86,FALSE,416.7
05-02-2022,Office Supplies,453.8,459.8,89.82,FALSE,433.2
05-02-2022,Beauty,396.5,1016.6,172.28,FALSE,383
05-02-2022,Electronics,313.3,350.6,47.14,FALSE,319
05-02-2022,Automotive Parts,407.6,641.1,218.25,FALSE,422.5
05-02-2022,Beauty,389,1039.8,162.59,FALSE,387.5
05-02-2022,Sporting Goods,642.8,1381.3,131.08,FALSE,628.15
05-02-2022,Furniture,401.5,1087.7,71.6,TRUE,369.9
05-02-2022,Groceries,390.2,780,110.84,FALSE,359.9
06-02-2022,Pet Supplies,323.7,813.4,202.73,FALSE,324.5
06-02-2022,Toys,288.7,679.6,235.31,FALSE,283.1
06-02-2022,Toys,350.6,574.8,239.7,FALSE,351.3
06-02-2022,Automotive Parts,368,649,208.44,FALSE,343.4
06-02-2022,Clothing,505,1337.1,174.04,FALSE,504.6
06-02-2022,Sporting Goods,496.8,1412.5,130.33,FALSE,460.3
06-02-2022,Beauty,401.6,1009.9,164.8,FALSE,393.5
06-02-2022,Electronics,288,355.3,46.61,FALSE,277.7
06-02-2022,Groceries,642.8,693.1,111.1,FALSE,357.5
06-02-2022,Office Supplies,388.1,474.5,89.34,FALSE,77.5
07-02-2022,Sporting Goods,642.8,1404.2,130.19,TRUE,628.15
07-02-2022,Automotive Parts,377.4,635.6,214.37,FALSE,353.5
07-02-2022,Groceries,333.9,795.7,107.89,FALSE,311.8
07-02-2022,Apparel,400.5,1366.8,167.39,FALSE,404.8
07-02-2022,Toys,281.1,689.5,238.66,FALSE,270
07-02-2022,Electronics,290.8,363.8,46.32,FALSE,289.3
07-02-2022,Office Supplies,372,479.7,92.68,FALSE,356.8
07-02-2022,Pet Supplies,259.7,858,198.74,FALSE,265.7
07-02-2022,Office Supplies,403.7,684.7,91.24,FALSE,365.4
07-02-2022,Beauty,332.8,1016.3,164.04,FALSE,319.5
08-02-2022,Office Supplies,369.4,819.8,86.84,TRUE,596
08-02-2022,Beauty,321.6,1038.6,168.08,FALSE,302.6
08-02-2022,Apparel,453.2,1346.5,169.13,FALSE,439.8
08-02-2022,Office Supplies,344.2,677.4,91.55,FALSE,348.2
08-02-2022,Automotive Parts,355.6,640.1,222.53,FALSE,323.2
08-02-2022,Furniture,308.1,1152.1,70.7,FALSE,315.7
08-02-2022,Furniture,247,1098.7,76.8,FALSE,236.8
08-02-2022,Toys,241.3,699,234.42,FALSE,239.2
08-02-2022,Sporting Goods,548.1,1400.7,128.6,FALSE,524.5
08-02-2022,Pet Supplies,295.4,845.6,203.28,FALSE,281.1
08-02-2022,Electronics,292,371.7,47.17,FALSE,286.2
08-02-2022,Groceries,276.1,800.5,105.04,FALSE,288.3
08-02-2022,Apparel,435.4,1413.9,172.15,FALSE,449.1
08-02-2022,Groceries,346.3,795,104.5,FALSE,357.9
09-02-2022,Beauty,353.1,1023.9,162.81,FALSE,366.3
09-02-2022,Groceries,302.8,779.9,107.47,FALSE,339
09-02-2022,Groceries,365.6,793.3,109.4,FALSE,379.3
09-02-2022,Pet Supplies,468.8,723.9,194.31,TRUE,474.5
09-02-2022,Beauty,461.2,951.1,169.16,FALSE,452.4
09-02-2022,Toys,260.6,693.3,234.26,FALSE,238.1
09-02-2022,Office Supplies,558.8,726.8,88.77,TRUE,575.4
09-02-2022,Office Supplies,396.2,745.7,90.28,FALSE,394.1
09-02-2022,Automotive Parts,373.1,635,216.28,FALSE,380.4
09-02-2022,Apparel,473,1340.6,173.86,FALSE,472.9
09-02-2022,Sporting Goods,581.1,1395.8,128.26,FALSE,564.1
10-02-2022,Pet Supplies,321.3,813.7,200.95,FALSE,332.7
10-02-2022,Sporting Goods,571.2,1397.7,128.07,FALSE,519.7
10-02-2022,Apparel,472.3,1336.2,166.54,FALSE,491.9
10-02-2022,Toys,275.1,682.8,239.76,FALSE,286
10-02-2022,Groceries,405.9,771.4,108.85,FALSE,418.1
10-02-2022,Apparel,564.8,1722.47,169.91,TRUE,559.2
10-02-2022,Office Supplies,488.2,719,87.92,FALSE,487.4
10-02-2022,Automotive Parts,642.8,656.2,213.1,TRUE,604.3
10-02-2022,Groceries,310.6,765.1,107.36,FALSE,311.9
10-02-2022,Beauty,403.1,1011.4,165.52,FALSE,371.1
10-02-2022,Automotive Parts,371.1,656.2,212.72,TRUE,348.2
11-02-2022,Groceries,610.6,781.9,108.4,TRUE,589
11-02-2022,Electronics,328.2,347.8,46.33,FALSE,317.8
11-02-2022,Apparel,505.7,1322.3,170.55,FALSE,493.6
11-02-2022,Sporting Goods,547.2,1407.8,128.85,FALSE,526.3
11-02-2022,Pet Supplies,336.3,807.1,198.37,FALSE,306.5
11-02-2022,Furniture,401.4,1146.6,73.48,FALSE,390.2
11-02-2022,Automotive Parts,406,623.1,218.22,FALSE,401.3
11-02-2022,Toys,345.7,590.7,236.26,FALSE,326.3
11-02-2022,Beauty,498.9,1017.4,168.25,TRUE,461.6
11-02-2022,Furniture,258.9,1099.2,74.2,FALSE,243
11-02-2022,Office Supplies,437.7,737.5,88.85,FALSE,401.5
11-02-2022,Toys,300.8,686.5,238.12,FALSE,296.4
12-02-2022,Sporting Goods,574.2,1404.2,129.47,FALSE,572.1
12-02-2022,Beauty,426.4,1013.7,170.06,FALSE,389.1
12-02-2022,Electronics,248.4,1722.47,47.89,FALSE,339
12-02-2022,Sporting Goods,560.3,1489.7,126.53,FALSE,544.8
12-02-2022,Pet Supplies,642.8,822.3,193.39,FALSE,334.5
12-02-2022,Office Supplies,486.9,819.8,88.91,FALSE,501.1
12-02-2022,Clothing,442.9,1330,169.11,FALSE,444.2
12-02-2022,Furniture,285.5,1096.1,77.37,FALSE,258
13-02-2022,Groceries,362.4,795.5,108.88,FALSE,371.8
13-02-2022,Pet Supplies,309.4,836.3,195.88,FALSE,320.7
13-02-2022,Apparel,642.8,1326,168.54,FALSE,417.9
13-02-2022,Beauty,407.9,1023.1,164.86,FALSE,380.3
13-02-2022,Office Supplies,417.1,736.5,87.35,FALSE,393.4
13-02-2022,Electronics,311.8,352.9,46.78,FALSE,298.2
13-02-2022,Toys,277.5,683.6,233.61,FALSE,278.9
13-02-2022,Furniture,240.3,1102.8,72.5,FALSE,223.9
13-02-2022,Sporting Goods,517.1,1426.8,124.42,FALSE,536.1
13-02-2022,Automotive Parts,373.9,629.4,216.31,FALSE,341.2
14-02-2022,Pet Supplies,281.1,845.9,196.99,FALSE,280.8
14-02-2022,Beauty,335,1046.1,160.76,FALSE,308.5
14-02-2022,Automotive Parts,387.7,621.8,217.8,FALSE,380.5
14-02-2022,Sporting Goods,572.5,1408.9,134.67,FALSE,564.7
14-02-2022,Office Supplies,376,745.3,93.01,FALSE,393.7
14-02-2022,Toys,260.5,681.7,242.09,FALSE,302.8
14-02-2022,Groceries,329.3,793.9,108.14,FALSE,321.3
14-02-2022,Apparel,437.3,1327.8,158.61,FALSE,427.7
14-02-2022,Furniture,262.3,1100.1,75.36,FALSE,269.9
14-02-2022,Electronics,295.5,349.1,47.22,FALSE,306.9
15-02-2022,Groceries,456.2,779.3,106.49,TRUE,464.8
15-02-2022,Office Supplies,410,732.8,90.44,FALSE,406.9
15-02-2022,Sporting Goods,514.6,1426.4,123.76,FALSE,495.9
15-02-2022,Automotive Parts,358.9,627.1,228.17,FALSE,341.9
15-02-2022,Toys,266.2,635.9,235.01,FALSE,243.1
15-02-2022,Pet Supplies,425.9,854.3,193.95,TRUE,443.4
15-02-2022,Electronics,304.8,358.1,45.87,FALSE,299.5
15-02-2022,Furniture,247.5,1104.8,76.47,FALSE,253.8
15-02-2022,Apparel,402.6,1300.9,164.94,FALSE,379.3
15-02-2022,Beauty,388.8,1027.1,166.71,FALSE,394.5
16-02-2022,Electronics,463.1,360.9,46.41,TRUE,443.5
16-02-2022,Toys,265.3,684.1,235.47,FALSE,253.2
16-02-2022,Office Supplies,383,743,88.54,FALSE,364.5
16-02-2022,Groceries,499.7,789.7,112.03,TRUE,494.1
16-02-2022,Furniture,379.5,1106,73.48,TRUE,378.7
16-02-2022,Apparel,449.5,1318.6,162.74,FALSE,404.9
16-02-2022,Automotive Parts,392.8,615.9,219.67,FALSE,398.1
16-02-2022,Beauty,538.3,1028.4,160,TRUE,387.5
16-02-2022,Pet Supplies,317,834.7,199.18,FALSE,311.8
16-02-2022,Sporting Goods,535.9,1419,128.89,FALSE,548.9
17-02-2022,Beauty,449.5,1006.4,163.35,FALSE,417
17-02-2022,Toys,295.1,674.6,238.61,FALSE,291.7
17-02-2022,Office Supplies,462.7,725.7,90.53,FALSE,418.4
17-02-2022,Electronics,345.5,236.8,46.97,FALSE,359.9
17-02-2022,Groceries,400.8,771.7,103.67,FALSE,397.6
17-02-2022,Automotive Parts,607,599.9,219.26,TRUE,620.3
17-02-2022,Clothing,483.5,1307.1,166.72,FALSE,489.9
17-02-2022,Pet Supplies,559.5,820.3,198.21,TRUE,539.6
17-02-2022,Sporting Goods,588.9,1399.7,127.37,FALSE,546.1
17-02-2022,Furniture,259,1095.4,76.7,FALSE,251.3
18-02-2022,Apparel,520.5,1296.1,167.69,FALSE,503.5
18-02-2022,Office Supplies,457.8,725.4,90.97,FALSE,439.8
18-02-2022,Groceries,528.1,778.3,107.26,TRUE,538.8
18-02-2022,Sporting Goods,554,1408.3,128.55,FALSE,578.8
18-02-2022,Pet Supplies,371.1,816.9,196.71,FALSE,339.4
18-02-2022,Beauty,410.1,1014.4,164.86,FALSE,422.6
18-02-2022,Electronics,341.9,231.1,45.78,FALSE,340.9
18-02-2022,Furniture,288,1089.9,74.7,FALSE,283.3
18-02-2022,Automotive Parts,401.3,601.1,216.56,FALSE,414.3
18-02-2022,Toys,297.2,668.8,242.86,FALSE,270.7
19-02-2022,Sporting Goods,589.3,1396.1,124.62,FALSE,586.4
19-02-2022,Automotive Parts,369.7,612,219.05,FALSE,386.6
19-02-2022,Office Supplies,642.8,731.9,87.17,FALSE,427.5
19-02-2022,Clothing,467.2,1309,167.9,FALSE,431.6
19-02-2022,Furniture,274.9,1102.2,73.6,FALSE,283.2
19-02-2022,Beauty,423.9,1011.9,164.16,FALSE,389.6
19-02-2022,Pet Supplies,307.7,836.6,198.68,FALSE,296.3
19-02-2022,Electronics,350.2,228.6,45.46,FALSE,64.55
19-02-2022,Toys,303.7,659.6,237.02,FALSE,285.1
19-02-2022,Groceries,302.8,789.7,107.18,FALSE,339.5
20-02-2022,Electronics,436.7,237.6,46.96,TRUE,398.2
20-02-2022,Groceries,363.1,789.4,105.6,FALSE,295.35
20-02-2022,Office Supplies,430.7,732,88.9,FALSE,361.35
20-02-2022,Sporting Goods,525.15,1418.2,131.88,FALSE,497.5
20-02-2022,Pet Supplies,302.4,835.2,195.88,FALSE,281.4
20-02-2022,Furniture,364,977.65,73.88,TRUE,352.7
20-02-2022,Beauty,389.3,1021.7,164.86,FALSE,382.7
20-02-2022,Apparel,548.6,1313.2,163.83,TRUE,525.1
20-02-2022,Automotive Parts,368.9,617,214.18,FALSE,367.5
20-02-2022,Toys,268.4,676.6,239.13,FALSE,253.3
21-02-2022,Sporting Goods,500.3,1429.2,128.38,FALSE,510.7
21-02-2022,Toys,220,686.2,233.41,FALSE,205.7
21-02-2022,Electronics,295.5,245.1,46.61,FALSE,277.5
21-02-2022,Beauty,347.1,1035.3,166.03,FALSE,323.6
21-02-2022,Automotive Parts,399.2,608.5,217.8,FALSE,370.2
21-02-2022,Furniture,230.9,1118.4,74.83,FALSE,232.6
21-02-2022,Groceries,330.9,791.2,106.76,FALSE,332.5
21-02-2022,Pet Supplies,285.1,841.8,201.48,FALSE,266.8
21-02-2022,Office Supplies,415.2,739.5,90.82,FALSE,422
21-02-2022,Clothing,432.3,1316.2,176.57,FALSE,402.7
22-02-2022,Electronics,417.1,1722.47,44.72,TRUE,416.8
22-02-2022,Apparel,428.8,1313.1,168.29,FALSE,424.2
22-02-2022,Furniture,227.4,1112.2,72.92,FALSE,289.7
22-02-2022,Beauty,364.8,1033.4,165.07,FALSE,364.2
22-02-2022,Pet Supplies,285.1,840,189.22,FALSE,267.9
22-02-2022,Sporting Goods,513.6,1427.5,130.45,FALSE,497
22-02-2022,Groceries,324.8,783,106.7,FALSE,323.2
22-02-2022,Office Supplies,403.6,741.6,90.57,FALSE,421.5
22-02-2022,Automotive Parts,375.5,614.3,213.92,FALSE,364.9
22-02-2022,Toys,249.1,674,228.74,FALSE,232.9
23-02-2022,Office Supplies,409.8,736.9,88.7,FALSE,374.7
23-02-2022,Furniture,246.3,1097.9,77.92,FALSE,232.9
23-02-2022,Electronics,330.4,357.1,45.48,FALSE,302.2
23-02-2022,Toys,285.8,660.5,230.46,FALSE,290
23-02-2022,Beauty,412.8,1010.6,163.79,FALSE,430.4
23-02-2022,Sporting Goods,568.2,1397.7,126.96,FALSE,534.1
23-02-2022,Pet Supplies,298.9,837.3,201.17,FALSE,299.5
23-02-2022,Automotive Parts,380.2,610.3,216.36,FALSE,395.1
23-02-2022,Apparel,587.5,1304.6,172.42,TRUE,576.8
23-02-2022,Groceries,385.4,770.6,107.54,FALSE,373.9
24-02-2022,Toys,262.7,664.4,235.05,FALSE,275.1
24-02-2022,Pet Supplies,321.3,811.6,199.48,FALSE,329.1
24-02-2022,Sporting Goods,598.1,1420.4,126.92,FALSE,564.2
24-02-2022,Groceries,401.4,766.9,105.38,FALSE,371.3
24-02-2022,Electronics,340.4,343.9,47.35,FALSE,350.4
24-02-2022,Automotive Parts,409.7,605.1,217.11,FALSE,406.5
24-02-2022,Apparel,642.8,1295,165.47,TRUE,628.15
24-02-2022,Furniture,251.5,1098.6,76.08,FALSE,244.7
24-02-2022,Office Supplies,421.1,740.1,91.59,FALSE,381.1
24-02-2022,Beauty,453.2,802.2,163.48,FALSE,410
25-02-2022,Apparel,468.9,1310.6,165.07,FALSE,472.3
25-02-2022,Beauty,443.2,807.7,164.86,FALSE,418.2
25-02-2022,Sporting Goods,603.1,1425.1,133.64,FALSE,616.6
25-02-2022,Automotive Parts,404.5,606.2,216.23,FALSE,418.2
25-02-2022,Electronics,351.8,342.6,46,FALSE,339.9
25-02-2022,Pet Supplies,354.1,803.8,191.85,FALSE,368.7
25-02-2022,Furniture,303.9,1094.8,72.86,FALSE,233.9
25-02-2022,Office Supplies,430.2,735.3,89.73,FALSE,388
25-02-2022,Toys,269,662.2,238.91,FALSE,249.3
25-02-2022,Groceries,302.8,766.5,110.27,FALSE,402.9
26-02-2022,Automotive Parts,401.9,612.5,212.75,FALSE,398.6
26-02-2022,Sporting Goods,526.3,1448.3,129.27,FALSE,512.9
26-02-2022,Pet Supplies,344.4,813.2,190.87,FALSE,317.3
26-02-2022,Furniture,303.9,1102.6,72.88,FALSE,229.4
26-02-2022,Electronics,348.9,347.4,47.5,FALSE,365.7
26-02-2022,Groceries,356.6,780.8,107.95,FALSE,333.9
26-02-2022,Beauty,409.4,823.7,163.1,FALSE,64.55
26-02-2022,Office Supplies,445.5,722.4,89.52,FALSE,443.7
26-02-2022,Toys,309.2,649.1,230.34,FALSE,287.5
26-02-2022,Clothing,482.5,1303.5,173.74,FALSE,440
27-02-2022,Office Supplies,404.9,722.6,88.24,FALSE,628.15
27-02-2022,Sporting Goods,492.1,1452,126.95,FALSE,467.9
27-02-2022,Pet Supplies,310.4,829.9,194.63,FALSE,296.3
27-02-2022,Groceries,349.2,777.5,109.47,FALSE,359.8
27-02-2022,Furniture,261.2,1107.5,75.6,FALSE,236.9
27-02-2022,Beauty,384.9,832.1,163.95,FALSE,397.5
27-02-2022,Toys,271.4,658,233.11,FALSE,283.8
27-02-2022,Electronics,512.9,353.3,48.13,TRUE,514.3
27-02-2022,Automotive Parts,361.4,627.9,220.41,FALSE,326.8
27-02-2022,Apparel,438.9,1317.7,170.04,FALSE,459
28-02-2022,Clothing,427,1722.47,166.99,FALSE,445.7
28-02-2022,Groceries,342.1,775.9,108.09,FALSE,341.4
28-02-2022,Pet Supplies,265,843.3,194.11,FALSE,239.7
28-02-2022,Furniture,256.6,1132,77.54,TRUE,249.9
28-02-2022,Automotive Parts,391.4,619.9,225.26,FALSE,387.9
28-02-2022,Beauty,373.2,831.1,162.24,FALSE,350.2
28-02-2022,Sporting Goods,522,1444.7,128.33,FALSE,532.7
28-02-2022,Office Supplies,394.1,726.6,92.67,FALSE,410.5
28-02-2022,Electronics,320,355.2,45.58,FALSE,293.7
28-02-2022,Toys,264.8,666,238.05,FALSE,263.7
01-03-2022,Beauty,379.9,1040.2,157.86,FALSE,376.5
01-03-2022,Pet Supplies,321.3,847.4,191.56,FALSE,300.8
01-03-2022,Office Supplies,385.2,735.5,92.5,FALSE,355.9
01-03-2022,Sporting Goods,554.3,1434.6,130.06,FALSE,571
01-03-2022,Pet Supplies,266.4,840.5,200.14,FALSE,310.6
01-03-2022,Automotive Parts,361.9,623.7,221.62,FALSE,345.8
01-03-2022,Electronics,318.2,356.4,45.79,FALSE,304.1
01-03-2022,Furniture,200.3,1126,75.84,FALSE,191.9
01-03-2022,Groceries,350.7,769.2,104.82,FALSE,352.8
01-03-2022,Toys,261.1,669.7,241.59,FALSE,250.5
02-03-2022,Electronics,346.8,329.9,48.66,FALSE,328.6
02-03-2022,Pet Supplies,311.5,818.6,193.21,FALSE,291.1
02-03-2022,Office Supplies,414.9,731.5,92.08,FALSE,416.2
02-03-2022,Toys,272.1,659.9,234.33,FALSE,282.1
02-03-2022,Toys,298.9,678.4,240.33,FALSE,293.9
02-03-2022,Electronics,331.8,350.7,48,FALSE,327.1
02-03-2022,Groceries,356.6,765.3,104.58,FALSE,343.4
02-03-2022,Automotive Parts,418.7,605.8,215.32,FALSE,317.9
02-03-2022,Beauty,339,1052.3,167.33,FALSE,316.2
02-03-2022,Clothing,504.5,1303,172.66,FALSE,529
02-03-2022,Furniture,237,1109.2,74.43,FALSE,236.7
02-03-2022,Groceries,403,786.2,106.96,FALSE,371.5
03-03-2022,Groceries,394.5,757.2,106.95,FALSE,366.4
03-03-2022,Apparel,502,1304.6,169.51,FALSE,497.9
03-03-2022,Sporting Goods,542.8,1437.2,126.42,FALSE,544
03-03-2022,Office Supplies,441,728.2,89.57,FALSE,423.7
03-03-2022,Pet Supplies,415.3,810.5,197.5,TRUE,390
03-03-2022,Automotive Parts,419.1,601.2,218.12,FALSE,415.8
03-03-2022,Furniture,254.8,1103.4,74.73,FALSE,239.1
03-03-2022,Beauty,436.9,1016.3,165.41,FALSE,435.6
03-03-2022,Electronics,353.6,338,47.22,FALSE,335.5
03-03-2022,Toys,313.75,650.3,237.11,FALSE,319.3
04-03-2022,Pet Supplies,331.3,806.5,196.78,FALSE,344.4
04-03-2022,Apparel,449,1351,169.49,FALSE,445.3
04-03-2022,Automotive Parts,375.5,591.3,214.14,FALSE,367.4
04-03-2022,Beauty,441.4,1016,167.08,FALSE,413.9
04-03-2022,Sporting Goods,525.15,1408.2,126.83,FALSE,600.7
04-03-2022,Furniture,249.2,1121.6,72.45,FALSE,289.7
04-03-2022,Electronics,335.1,300.6,45.42,FALSE,338.8
04-03-2022,Furniture,245.4,1108.3,74.04,FALSE,252.5
04-03-2022,Apparel,496,1309,175.98,FALSE,471.7
04-03-2022,Electronics,357.5,338.2,48.35,FALSE,330.4
04-03-2022,Groceries,405.4,747.9,104.56,FALSE,388.7
04-03-2022,Toys,315.6,649.2,240.32,FALSE,311.1
04-03-2022,Office Supplies,624.3,724,93.06,TRUE,628.15
05-03-2022,Sporting Goods,530.7,1436.7,131.63,FALSE,499.3
05-03-2022,Office Supplies,455,725.3,88.26,FALSE,454.9
05-03-2022,Automotive Parts,460,541.7,216.52,TRUE,462.5
05-03-2022,Beauty,393.2,1028.6,167.05,FALSE,387.5
05-03-2022,Clothing,431.3,1330.3,169.48,FALSE,390.1
05-03-2022,Pet Supplies,311.6,812,191.65,FALSE,292.3
05-03-2022,Furniture,260.6,1102.8,75.6,FALSE,234.8
05-03-2022,Electronics,356.4,331.1,47.32,FALSE,368.4
05-03-2022,Toys,287.5,664.5,242.53,FALSE,272.1
06-03-2022,Furniture,195.2,1122.4,72.55,FALSE,181.6
06-03-2022,Groceries,359.1,759.9,106.84,FALSE,342.2
06-03-2022,Pet Supplies,325,807.1,196.71,FALSE,301.7
06-03-2022,Automotive Parts,405.8,598.5,216.9,FALSE,395.1
06-03-2022,Sporting Goods,548.4,1425.2,130.61,FALSE,558.3
06-03-2022,Toys,252.4,663.2,225.65,FALSE,243.3
06-03-2022,Electronics,425.1,346.3,47.44,TRUE,414.4
06-03-2022,Office Supplies,378.4,739.8,91.01,FALSE,356.8
06-03-2022,Sporting Goods,532.3,1439.7,128.33,FALSE,501.8
06-03-2022,Toys,368.1,572.5,236.09,FALSE,369.2
06-03-2022,Pet Supplies,286.2,817.1,194.81,FALSE,277.1
06-03-2022,Apparel,473.5,1318.6,174.44,FALSE,456.9
07-03-2022,Pet Supplies,266.7,827.6,195.82,FALSE,275.1
07-03-2022,Beauty,391.6,1032.2,166.54,FALSE,384.6
07-03-2022,Groceries,296.7,781.3,108.09,FALSE,269.1
07-03-2022,Automotive Parts,498.1,656.2,215.11,TRUE,464.8
07-03-2022,Apparel,464.7,1334.7,171.17,FALSE,434.2
07-03-2022,Toys,342.1,594,238.47,FALSE,328.3
07-03-2022,Electronics,491.4,346.9,46.26,TRUE,487.4
07-03-2022,Pet Supplies,299.3,805.2,197.46,FALSE,289
07-03-2022,Furniture,211.6,1123.5,75.02,FALSE,200.7
07-03-2022,Toys,642.8,659,234.38,FALSE,282.3
08-03-2022,Apparel,436.8,1337.8,175.67,FALSE,412.1
08-03-2022,Sporting Goods,546.7,1435,130.59,FALSE,498.2
08-03-2022,Office Supplies,375.1,738.7,89.93,FALSE,354.4
08-03-2022,Furniture,642.8,1122.6,74.43,FALSE,628.15
08-03-2022,Groceries,347,764.5,112.88,FALSE,332.9
08-03-2022,Groceries,318.9,783.1,103.94,FALSE,288.1
08-03-2022,Automotive Parts,388.2,596.1,217.99,FALSE,388.2
08-03-2022,Automotive Parts,311.1,546.1,221.57,FALSE,321.5
08-03-2022,Beauty,390,1036.9,164.35,FALSE,375.3
08-03-2022,Office Supplies,348.1,681.6,92.63,FALSE,333.9
08-03-2022,Toys,313.75,578.8,242.22,FALSE,302.8
09-03-2022,Electronics,341.9,335.4,45.95,FALSE,327.5
09-03-2022,Pet Supplies,288.1,806.5,193.91,FALSE,294.1
09-03-2022,Apparel,448.3,1336.6,168.46,FALSE,440
09-03-2022,Office Supplies,409,730.4,90.32,FALSE,403.1
09-03-2022,Beauty,540.5,1043.1,162.96,TRUE,511.6
09-03-2022,Electronics,253,274.6,45.51,FALSE,250.1
09-03-2022,Sporting Goods,525,1443,132.63,FALSE,506.2
09-03-2022,Automotive Parts,400.8,592.7,220.69,FALSE,391.4
10-03-2022,Automotive Parts,563.6,593.1,218.25,TRUE,547.1
10-03-2022,Office Supplies,385.9,752,89.92,FALSE,401.5
10-03-2022,Toys,325.5,636.1,250.37,FALSE,326.7
10-03-2022,Sporting Goods,616.3,1722.47,126.99,FALSE,587.3
10-03-2022,Pet Supplies,321.3,798,193.02,FALSE,310.6
10-03-2022,Clothing,485.3,1318.6,170.28,FALSE,487.6
10-03-2022,Office Supplies,433.6,727.8,90.42,FALSE,454.5
10-03-2022,Beauty,423.5,1033.7,164.71,FALSE,406.9
10-03-2022,Groceries,282.8,776.1,108.2,FALSE,268.9
10-03-2022,Automotive Parts,287,656.2,215.19,FALSE,286.1
11-03-2022,Furniture,247.9,977.65,74.53,FALSE,254.3
11-03-2022,Beauty,435.9,1029.3,162.9,FALSE,439
11-03-2022,Pet Supplies,309.7,803.9,202.39,FALSE,283.8
11-03-2022,Sporting Goods,591.3,1424.8,128.14,FALSE,578.3
11-03-2022,Pet Supplies,438.2,704.5,198.16,FALSE,452.7
11-03-2022,Automotive Parts,409.4,591.7,208.96,FALSE,395.9
11-03-2022,Groceries,302.8,729.9,109.19,FALSE,416.9
11-03-2022,Office Supplies,493,736.1,87.97,FALSE,463.6
11-03-2022,Office Supplies,425.4,727.3,90.91,FALSE,406
12-03-2022,Beauty,642.8,1032.4,164.86,FALSE,422.7
12-03-2022,Sporting Goods,515.4,1495.5,125.18,FALSE,485.3
12-03-2022,Furniture,271.1,977.65,74.55,FALSE,271
12-03-2022,Groceries,393.6,739.9,106.52,FALSE,387.9
12-03-2022,Automotive Parts,427.3,656.2,218.6,FALSE,442.4
12-03-2022,Apparel,488.2,1300.9,170.95,FALSE,485.2
12-03-2022,Electronics,487.9,332.8,46.32,TRUE,503.5
12-03-2022,Automotive Parts,381.6,467.1,211.01,FALSE,379.8
12-03-2022,Toys,390.8,639.6,236.89,TRUE,380.1
13-03-2022,Beauty,396.4,1042.9,168.31,FALSE,390.8
13-03-2022,Electronics,334.5,335.7,45.14,FALSE,336
13-03-2022,Pet Supplies,282.1,818,193.33,FALSE,294.1
13-03-2022,Groceries,555,755.5,109.73,TRUE,555.1
13-03-2022,Apparel,461.1,1330,166.7,FALSE,432.9
13-03-2022,Office Supplies,415.5,724.3,90,FALSE,403.7
13-03-2022,Sporting Goods,539.9,1433,130.33,FALSE,564.2
13-03-2022,Toys,272.8,657.7,242.37,FALSE,248.3
13-03-2022,Automotive Parts,406.2,599,213.64,FALSE,372.9
13-03-2022,Furniture,233.6,1119.9,74.08,FALSE,289.7
14-03-2022,Groceries,330.3,693.1,105.35,FALSE,297.8
14-03-2022,Sporting Goods,585.7,1422,127.74,FALSE,598.7
14-03-2022,Office Supplies,378.7,741.3,357.79,FALSE,372.3
14-03-2022,Pet Supplies,321.3,830.3,199.7,FALSE,225.5
14-03-2022,Clothing,400.1,1347.5,170.73,FALSE,399.9
14-03-2022,Toys,250.9,662.9,246.25,FALSE,256.1
14-03-2022,Beauty,379.7,1016.3,167.04,FALSE,375.5
14-03-2022,Automotive Parts,371.7,603.3,209.52,FALSE,370.8
14-03-2022,Furniture,214.1,1123.3,75.67,FALSE,203.2
14-03-2022,Electronics,319,331.8,46.17,FALSE,289.9
15-03-2022,Furniture,232.6,1115.1,73.06,FALSE,242.5
15-03-2022,Automotive Parts,400.8,599.4,217.2,FALSE,400.9
15-03-2022,Office Supplies,514.1,819.8,89.82,TRUE,501.7
15-03-2022,Electronics,393.3,329.9,45.56,TRUE,395.8
15-03-2022,Pet Supplies,269.6,815.4,190.56,FALSE,251.8
15-03-2022,Beauty,381.6,1026.8,169.3,FALSE,374.9
15-03-2022,Sporting Goods,552.9,1428.8,126.62,FALSE,530.7
15-03-2022,Apparel,459.7,1327.1,174.62,FALSE,458.3
15-03-2022,Groceries,335.9,765.7,106.44,FALSE,318
15-03-2022,Toys,278.1,652.5,238.14,FALSE,282.9
16-03-2022,Furniture,243.2,1114.7,74.84,FALSE,242
16-03-2022,Pet Supplies,316.9,805.1,195.55,FALSE,289.8
16-03-2022,Office Supplies,401.1,749,87.27,FALSE,367
16-03-2022,Toys,309.4,635.9,245.35,FALSE,302.8
16-03-2022,Electronics,335.9,322.8,46.86,FALSE,322.7
16-03-2022,Sporting Goods,566.7,1421,124.63,FALSE,529.1
16-03-2022,Automotive Parts,421.2,592.5,219.75,FALSE,628.15
16-03-2022,Beauty,397.35,1021,162.48,FALSE,415.4
16-03-2022,Clothing,447,1338.8,170.57,FALSE,443.4
16-03-2022,Groceries,355.2,762.6,109.64,FALSE,365.8
17-03-2022,Office Supplies,445.2,737.5,89.57,FALSE,438.4
17-03-2022,Beauty,419.2,1007,162.61,FALSE,398.7
17-03-2022,Groceries,401.6,746.3,109.89,FALSE,378.7
17-03-2022,Furniture,239.8,1112.2,74.65,FALSE,251.3
17-03-2022,Toys,299,649.6,234.77,FALSE,305.6
17-03-2022,Automotive Parts,384.5,602.4,219.33,FALSE,351.4
17-03-2022,Clothing,490.3,1327.3,171.91,FALSE,479.7
17-03-2022,Sporting Goods,617.6,1406,121.5,FALSE,609.3
17-03-2022,Electronics,363.1,306.8,47.54,FALSE,373.6
17-03-2022,Pet Supplies,321.3,789,189.34,FALSE,319.6
18-03-2022,Beauty,397.35,1002.6,161.92,TRUE,522.1
18-03-2022,Pet Supplies,311.1,812.8,195.82,FALSE,294.9
18-03-2022,Automotive Parts,329.1,587,215.7,FALSE,422
18-03-2022,Furniture,224.5,1106.6,75.69,FALSE,222.2
18-03-2022,Groceries,429.1,741.1,105.82,FALSE,438.4
18-03-2022,Toys,299,639,246.54,FALSE,301.2
18-03-2022,Office Supplies,443.9,740.6,92.07,FALSE,453.3
18-03-2022,Apparel,480.5,1330.8,174,FALSE,498.9
18-03-2022,Sporting Goods,616.9,1412.3,129.64,FALSE,598.6
18-03-2022,Electronics,373.5,299.9,45.09,FALSE,355.8
19-03-2022,Sporting Goods,586.1,1421.5,126.24,FALSE,589.2
19-03-2022,Office Supplies,419.9,819.8,88.39,FALSE,432.8
19-03-2022,Furniture,202.8,1118.5,75.15,FALSE,188.5
19-03-2022,Automotive Parts,642.8,581.1,210.73,FALSE,421.6
19-03-2022,Beauty,433.2,1007.2,163.36,FALSE,441.7
19-03-2022,Pet Supplies,301.7,818.8,196.69,FALSE,313.1
19-03-2022,Toys,296.6,637.5,240.91,FALSE,283.6
19-03-2022,Electronics,356,296.4,46.83,FALSE,362.9
19-03-2022,Clothing,448.4,1339.9,168.28,FALSE,445.3
19-03-2022,Groceries,302.8,756.3,109.2,FALSE,367.3
20-03-2022,Furniture,642.8,1113.3,76.92,TRUE,269.4
20-03-2022,Pet Supplies,288.2,824.7,189.46,FALSE,287.3
20-03-2022,Toys,313.75,647,233.95,FALSE,254.4
20-03-2022,Automotive Parts,329.1,600.2,221.47,FALSE,360.6
20-03-2022,Office Supplies,374.1,759.9,88.22,FALSE,364.2
20-03-2022,Groceries,322.6,773,107.48,FALSE,308.8
20-03-2022,Beauty,401.5,1020.9,164.85,FALSE,385
20-03-2022,Sporting Goods,602.1,1408.7,126.91,FALSE,602.6
20-03-2022,Apparel,460.5,1331.9,166.89,FALSE,462.6
20-03-2022,Electronics,333.7,303.2,45.92,FALSE,304
21-03-2022,Automotive Parts,381.3,603,215.69,FALSE,350.6
21-03-2022,Beauty,380.6,1024.4,161.89,FALSE,345.5
21-03-2022,Apparel,585.5,1338.8,168.45,TRUE,438.8
21-03-2022,Groceries,313.4,779.2,107.76,FALSE,320.4
21-03-2022,Toys,261.8,651.2,228.7,FALSE,259
21-03-2022,Pet Supplies,276.4,825.4,193.56,FALSE,266.2
21-03-2022,Office Supplies,352.5,766.1,90.55,FALSE,359.9
21-03-2022,Electronics,316.7,306.1,46.11,FALSE,242.1
21-03-2022,Sporting Goods,564.1,1420.6,129.58,FALSE,589.5
21-03-2022,Furniture,343,1126.8,75.38,TRUE,339.9
22-03-2022,Furniture,215.4,1128.7,72.38,FALSE,214.5
22-03-2022,Sporting Goods,555.6,1424.9,128.33,FALSE,518.5
22-03-2022,Automotive Parts,334.9,609.1,220.33,FALSE,332.1
22-03-2022,Electronics,330.6,301.7,47.26,FALSE,303.4
22-03-2022,Pet Supplies,276.5,830,199.4,FALSE,288.9
22-03-2022,Office Supplies,361.4,763.4,88.92,FALSE,344.2
22-03-2022,Groceries,328.5,773.2,107.23,FALSE,306.7
22-03-2022,Beauty,397.35,1021.2,164.86,FALSE,400.3
22-03-2022,Apparel,436.5,1342.8,166.95,FALSE,398.5
22-03-2022,Toys,256.2,652.9,234.72,FALSE,256
23-03-2022,Electronics,350.1,308.4,47.69,FALSE,361.6
23-03-2022,Office Supplies,451.6,731.6,88.04,FALSE,442.1
23-03-2022,Furniture,208.1,1130.8,74.37,FALSE,202.6
23-03-2022,Automotive Parts,389.6,588.9,223.55,FALSE,382.5
23-03-2022,Pet Supplies,313.1,821.5,197.62,FALSE,305.4
23-03-2022,Apparel,458.3,1329.2,171.85,FALSE,429.9
23-03-2022,Sporting Goods,575.3,1416.3,130.55,FALSE,577.8
23-03-2022,Toys,313.6,630.7,243.5,FALSE,312.3
23-03-2022,Groceries,345.1,764.3,105.87,FALSE,350.2
23-03-2022,Beauty,400.1,1012.2,165.93,FALSE,396
24-03-2022,Groceries,387.9,738.7,107.21,FALSE,402.6
24-03-2022,Pet Supplies,321.3,821.5,196.71,FALSE,313.4
24-03-2022,Office Supplies,407.1,743.1,87.86,FALSE,414.8
24-03-2022,Automotive Parts,437.5,570.2,217.74,FALSE,395.1
24-03-2022,Toys,642.8,639,228.2,FALSE,262.3
24-03-2022,Apparel,472.7,1327.6,171.6,FALSE,491.7
24-03-2022,Furniture,219.8,1129.5,72.98,FALSE,224.7
24-03-2022,Beauty,437.3,1016.3,164.34,FALSE,447.4
24-03-2022,Electronics,360.3,305.8,46.8,FALSE,339.8
24-03-2022,Sporting Goods,599.7,1405.7,128.33,FALSE,582.5
25-03-2022,Office Supplies,411.8,748.7,89.01,FALSE,429.2
25-03-2022,Electronics,381.6,300.9,46.35,FALSE,389
25-03-2022,Apparel,489,1323.8,163.81,FALSE,482.1
25-03-2022,Groceries,393.6,736,107.35,FALSE,381.4
25-03-2022,Furniture,222.5,1130.4,75.75,FALSE,231.5
25-03-2022,Toys,289.9,644.8,237.38,FALSE,290.4
25-03-2022,Beauty,642.8,997.1,166.42,TRUE,622
25-03-2022,Automotive Parts,395.4,582.5,221.8,FALSE,392.8
25-03-2022,Sporting Goods,631,1393.3,126.7,FALSE,600.1
25-03-2022,Pet Supplies,330.9,819.7,194.55,FALSE,312.7
26-03-2022,Sporting Goods,642.8,1399.5,131.14,TRUE,628.15
26-03-2022,Electronics,368.2,307.7,48.47,FALSE,373.4
26-03-2022,Pet Supplies,337,819.6,196.12,FALSE,345.3
26-03-2022,Toys,274.4,651.9,244.9,FALSE,272.6
26-03-2022,Groceries,356.1,741.1,107.5,FALSE,336.3
26-03-2022,Beauty,443.6,998.5,167.15,FALSE,440.7
26-03-2022,Office Supplies,395.5,819.8,87.92,FALSE,383.3
26-03-2022,Furniture,237.5,1132.8,77.45,FALSE,232.2
26-03-2022,Automotive Parts,409.8,575.2,216.84,FALSE,373
26-03-2022,Clothing,486,1324.4,171.47,FALSE,489
27-03-2022,Groceries,326.3,693.1,105.73,FALSE,331.7
27-03-2022,Sporting Goods,574.6,1397.7,126.16,FALSE,590.3
27-03-2022,Office Supplies,369.4,751.7,87.85,FALSE,368.7
27-03-2022,Pet Supplies,275.7,840.3,197.99,FALSE,266.2
27-03-2022,Apparel,441.9,1340.3,167.64,FALSE,451.9
27-03-2022,Automotive Parts,329.1,589.5,220.96,FALSE,345.9
27-03-2022,Furniture,220.6,1130.5,74.7,FALSE,289.7
27-03-2022,Electronics,346.2,313.2,47.2,FALSE,325.9
27-03-2022,Toys,295.4,639.3,241.93,FALSE,290.2
27-03-2022,Beauty,442.5,1003.1,160.55,FALSE,407.2
28-03-2022,Toys,258.3,656.1,244.39,FALSE,237.2
28-03-2022,Office Supplies,343.4,766.2,90.13,FALSE,333.2
28-03-2022,Sporting Goods,562.7,1426.1,128.28,FALSE,529.3
28-03-2022,Electronics,322.3,317,45.43,FALSE,308.7
28-03-2022,Beauty,409.8,1015.4,170.26,FALSE,386.6
28-03-2022,Groceries,310.6,753.9,110.33,FALSE,307.4
28-03-2022,Furniture,222.9,1135.8,72.77,FALSE,203.5
28-03-2022,Clothing,423.3,1343.5,170.6,FALSE,421
28-03-2022,Automotive Parts,507,579.2,215.02,TRUE,475.7
28-03-2022,Pet Supplies,367.4,853.7,189.25,TRUE,347.7
29-03-2022,Clothing,450.3,1303.5,166.23,FALSE,337.2
29-03-2022,Beauty,418.9,1020.5,170.24,FALSE,409.8
29-03-2022,Office Supplies,356.4,749.2,92.06,FALSE,353.4
29-03-2022,Groceries,292.1,761.7,102.69,FALSE,628.15
29-03-2022,Toys,283.5,644.4,234.52,FALSE,258.8
29-03-2022,Automotive Parts,385,580,215.41,FALSE,399.8
29-03-2022,Electronics,326.9,319.7,46.92,FALSE,341.8
29-03-2022,Furniture,209,1135.8,77.09,FALSE,193.3
29-03-2022,Pet Supplies,269.2,838.1,195.66,FALSE,264.8
29-03-2022,Sporting Goods,523.6,1434.9,128.84,FALSE,496.2
30-03-2022,Groceries,379.9,729.5,109.84,FALSE,349.4
30-03-2022,Furniture,219.1,1138.1,73.27,FALSE,210
30-03-2022,Apparel,408.6,1353.1,170.11,FALSE,415.5
30-03-2022,Sporting Goods,634.7,1398.6,129.89,FALSE,628.15
30-03-2022,Pet Supplies,333,829.3,197.21,FALSE,311.3
30-03-2022,Electronics,337.2,321.4,48.09,FALSE,327.8
30-03-2022,Beauty,642.8,1002,160.47,TRUE,628.15
30-03-2022,Office Supplies,397,737.1,86.08,FALSE,391.7
30-03-2022,Automotive Parts,418.7,568.1,222.56,FALSE,317.9
30-03-2022,Toys,290.6,646,237.11,FALSE,297
31-03-2022,Toys,304.8,646.7,237.11,FALSE,310.9
31-03-2022,Apparel,490.1,1329,173.53,FALSE,486.2
31-03-2022,Sporting Goods,595.6,1405.3,128.16,FALSE,614.7
31-03-2022,Beauty,473.5,995.1,160.52,FALSE,469.6
31-03-2022,Office Supplies,413,732.8,88.31,FALSE,381.1
31-03-2022,Automotive Parts,421.9,559.9,222.6,FALSE,419.8
31-03-2022,Electronics,377.9,294.2,46.86,FALSE,346.1
31-03-2022,Pet Supplies,304.7,807.1,194.7,FALSE,306
31-03-2022,Groceries,302.8,729,107.45,FALSE,388.9
31-03-2022,Furniture,231.7,1138.1,75.23,FALSE,217.7
01-04-2022,Beauty,300.7,1025.5,164.97,FALSE,297.4
01-04-2022,Automotive Parts,401.2,572.1,221.5,FALSE,410.7
01-04-2022,Furniture,250.2,977.65,75.92,FALSE,229.8
01-04-2022,Pet Supplies,336.9,830.9,201.84,FALSE,305.4
01-04-2022,Office Supplies,642.8,719.2,88.36,FALSE,426.5
01-04-2022,Groceries,302.8,739.1,104.94,FALSE,379.4
01-04-2022,Apparel,499.5,1722.47,175.37,FALSE,453.9
01-04-2022,Electronics,242.9,355.2,45.61,FALSE,237.1
01-04-2022,Apparel,454.3,1347.3,172.49,FALSE,460.6
01-04-2022,Sporting Goods,631.1,1398.5,127.67,FALSE,615.8
02-04-2022,Automotive Parts,406.8,571,357.79,FALSE,387.1
02-04-2022,Beauty,416.1,1007.9,162.71,FALSE,401.8
02-04-2022,Pet Supplies,327.8,838.6,196.71,FALSE,316.2
02-04-2022,Automotive Parts,399.5,641.9,214.2,FALSE,384.5
02-04-2022,Apparel,539,1324.3,167.67,FALSE,539.9
02-04-2022,Sporting Goods,552.6,1424,131.87,FALSE,541.8
02-04-2022,Office Supplies,435.4,715.2,92,FALSE,400.3
02-04-2022,Electronics,357,480.8,47.37,FALSE,360
02-04-2022,Groceries,362.8,737.9,105.5,FALSE,350.1
03-04-2022,Groceries,302.8,749.5,110.13,FALSE,334.6
03-04-2022,Pet Supplies,237.9,865.2,198.28,FALSE,219.8
03-04-2022,Automotive Parts,420.4,602.4,221.1,FALSE,410.5
03-04-2022,Sporting Goods,583.9,1421.7,130.18,FALSE,556.3
03-04-2022,Toys,305.8,635.4,243.79,FALSE,310.6
03-04-2022,Office Supplies,371.7,740,90.87,FALSE,347
03-04-2022,Beauty,421.9,1010.8,165.56,FALSE,427.5
04-04-2022,Groceries,302.8,752.5,103.66,FALSE,335.4
04-04-2022,Pet Supplies,231.3,864.8,199.9,FALSE,242.3
04-04-2022,Electronics,333.9,306.8,48.43,FALSE,308.4
04-04-2022,Office Supplies,346.2,750.9,91.56,FALSE,342
04-04-2022,Toys,325,628,233.64,FALSE,299.9
04-04-2022,Sporting Goods,642.8,1431.9,125.87,TRUE,628.15
04-04-2022,Beauty,402.2,1017.5,163.09,FALSE,375.5
04-04-2022,Automotive Parts,367,1722.47,226.88,FALSE,374.8
04-04-2022,Apparel,423.6,1358.5,176.15,FALSE,400.3
04-04-2022,Furniture,236.2,1130.9,74.43,FALSE,217.8
05-04-2022,Furniture,190.4,1150.4,73.44,FALSE,179.6
05-04-2022,Toys,329.6,593.1,237.11,FALSE,317.5
05-04-2022,Electronics,329.8,304.9,46.71,FALSE,628.15
05-04-2022,Automotive Parts,366.2,598.1,223.19,FALSE,373.8
05-04-2022,Groceries,314.1,756.7,104.92,FALSE,288.8
05-04-2022,Apparel,405,1373.1,167.79,FALSE,422.6
05-04-2022,Toys,293.7,630.8,234.64,FALSE,281.5
05-04-2022,Pet Supplies,259.8,853.8,199.76,FALSE,247.3
05-04-2022,Apparel,390.2,1430.7,169.66,FALSE,372.4
06-04-2022,Groceries,345.5,760.5,109.52,FALSE,315.4
06-04-2022,Beauty,425.1,1017,165.76,FALSE,433.1
06-04-2022,Toys,315.6,625.9,239.33,FALSE,316
06-04-2022,Furniture,214.5,1144.2,73.77,FALSE,193.8
06-04-2022,Office Supplies,553.1,736.3,87.82,TRUE,509.7
06-04-2022,Pet Supplies,308.6,836.3,198.09,FALSE,285.3
06-04-2022,Sporting Goods,579.4,1422.7,131.86,FALSE,512.9
06-04-2022,Automotive Parts,354,519.5,219.35,FALSE,332.6
07-04-2022,Automotive Parts,408.6,580,221.48,FALSE,423.4
07-04-2022,Sporting Goods,642.7,1400,129.9,FALSE,628.15
07-04-2022,Clothing,642.8,1347.8,171.69,TRUE,628.15
07-04-2022,Apparel,422.5,1434.4,167.85,FALSE,417
07-04-2022,Pet Supplies,319.1,834.6,195.9,FALSE,326
07-04-2022,Furniture,253.4,1137.8,74.02,FALSE,252.6
07-04-2022,Office Supplies,419.6,728.7,89.14,FALSE,423.4
07-04-2022,Electronics,355.4,298.1,47.98,FALSE,358.4
07-04-2022,Beauty,444.1,1014.8,163.39,FALSE,445.1
07-04-2022,Electronics,256.8,480.8,47.66,FALSE,261.5
07-04-2022,Sporting Goods,503.9,1385.6,129.78,FALSE,496.3
08-04-2022,Groceries,521.3,752.8,106.15,TRUE,475.7
08-04-2022,Automotive Parts,333.2,543.1,217.97,FALSE,314
08-04-2022,Automotive Parts,329.1,585.4,216.24,FALSE,407.5
08-04-2022,Furniture,239.8,1138.8,73.06,FALSE,227.7
08-04-2022,Beauty,487.8,931.9,168.32,FALSE,477.6
08-04-2022,Toys,336.6,636.1,242.91,FALSE,309.2
08-04-2022,Office Supplies,409.9,667.8,92.06,FALSE,415
08-04-2022,Groceries,328.1,783.3,106.68,FALSE,320.4
08-04-2022,Office Supplies,420.4,727.7,91.96,FALSE,437
08-04-2022,Pet Supplies,333.4,807.1,191.88,FALSE,300.2
08-04-2022,Sporting Goods,601.3,1409.7,126.98,FALSE,561.6
09-04-2022,Office Supplies,406.7,735.4,92.77,FALSE,384
09-04-2022,Furniture,239.6,1130.6,74.43,FALSE,220.9
09-04-2022,Automotive Parts,381,597.1,214.88,FALSE,370
09-04-2022,Pet Supplies,415.2,850.6,193.19,TRUE,376.3
09-04-2022,Sporting Goods,608.2,1407.5,128.33,FALSE,578.5
09-04-2022,Toys,378.1,604.9,231.04,FALSE,393.3
09-04-2022,Groceries,375.7,756.3,107.92,FALSE,340.3
09-04-2022,Beauty,484.8,996.4,167.81,FALSE,470.7
09-04-2022,Apparel,471.7,1350.6,173.79,FALSE,473.9
09-04-2022,Office Supplies,349,756.8,89.82,FALSE,341.1
10-04-2022,Office Supplies,577.5,740.6,89.1,TRUE,535.9
10-04-2022,Toys,316.4,652.7,240.29,FALSE,326.7
10-04-2022,Automotive Parts,401.3,586.4,212.14,FALSE,385.9
10-04-2022,Sporting Goods,609.1,1414.8,124.29,FALSE,628.15
10-04-2022,Electronics,194.4,311.4,47.19,FALSE,200.1
10-04-2022,Beauty,642.8,1007.2,164.15,FALSE,470.9
10-04-2022,Apparel,442.3,1358.5,174.44,FALSE,451.3
10-04-2022,Beauty,406.4,948.9,172,FALSE,376.8
10-04-2022,Pet Supplies,266.5,855.5,197,FALSE,255.7
10-04-2022,Groceries,337.2,759.7,105.41,FALSE,309.1
10-04-2022,Furniture,226.7,1134.7,73.03,FALSE,212.9
11-04-2022,Furniture,186.5,1145.6,76.95,FALSE,183.8
11-04-2022,Office Supplies,369.4,741.7,93.66,FALSE,361.35
11-04-2022,Automotive Parts,370.6,602.8,220.35,FALSE,387.6
11-04-2022,Pet Supplies,321.3,856.6,196.54,FALSE,241.5
11-04-2022,Sporting Goods,570.6,1431.6,131.21,FALSE,512.9
11-04-2022,Groceries,311.2,775.7,104.27,FALSE,307.6
11-04-2022,Clothing,413,1368,162.52,FALSE,408.8
11-04-2022,Beauty,397.35,1013.4,163.81,FALSE,387.5
11-04-2022,Apparel,642.8,805.6,171.49,TRUE,628.15
11-04-2022,Toys,298.2,649.6,235.19,FALSE,311.5
11-04-2022,Sporting Goods,556.3,1468.7,126.18,FALSE,512.9
12-04-2022,Pet Supplies,247,863.8,197.39,FALSE,245.4
12-04-2022,Groceries,327.5,768.1,105.61,FALSE,304.4
12-04-2022,Electronics,322.4,297.7,46.78,FALSE,313.1
12-04-2022,Beauty,397,1016.3,159.84,FALSE,394.7
12-04-2022,Office Supplies,373.9,733.9,87.91,FALSE,345.9
12-04-2022,Toys,268,395.8,235.91,FALSE,270.6
12-04-2022,Automotive Parts,369.6,611.5,220.58,FALSE,380.9
12-04-2022,Furniture,303.9,1138,74.36,FALSE,200.1
12-04-2022,Apparel,538,1380.3,169,FALSE,491.4
13-04-2022,Sporting Goods,571.6,1432.7,127.38,FALSE,516.7
13-04-2022,Furniture,205.4,1138.5,74.29,FALSE,207.9
13-04-2022,Electronics,347.7,285.3,47.75,FALSE,361.9
13-04-2022,Automotive Parts,642.8,607.7,211.65,TRUE,504.9
13-04-2022,Pet Supplies,286.9,848.3,191.55,FALSE,280.5
13-04-2022,Beauty,630.1,1007.8,165.72,TRUE,595.5
13-04-2022,Apparel,409.4,1377.2,166.61,FALSE,428.9
13-04-2022,Office Supplies,374.2,728.9,89.13,FALSE,374.5
13-04-2022,Toys,475.4,382.2,243.73,TRUE,494.2
13-04-2022,Groceries,341.1,774.4,110.66,FALSE,332.4
14-04-2022,Toys,314,386.1,234.27,FALSE,64.55
14-04-2022,Apparel,453.4,1368.7,171.9,FALSE,468.5
14-04-2022,Groceries,378.2,693.1,106.84,FALSE,295.35
14-04-2022,Office Supplies,364.7,734,87.51,FALSE,361.35
14-04-2022,Furniture,250.7,1121.2,72.49,FALSE,241.7
14-04-2022,Electronics,380.6,278.6,44.95,FALSE,382.9
14-04-2022,Automotive Parts,380.9,593.5,213.04,FALSE,347.6
14-04-2022,Beauty,491.3,994.6,162.7,FALSE,513.7
14-04-2022,Sporting Goods,634.5,1418,130.68,FALSE,584.1
14-04-2022,Pet Supplies,334.3,840.5,198.32,FALSE,327.6
15-04-2022,Furniture,303.9,1135.2,71.19,FALSE,224.2
15-04-2022,Pet Supplies,336.3,837,195.31,FALSE,319.6
15-04-2022,Beauty,458.9,1002.7,164.56,FALSE,461.4
15-04-2022,Automotive Parts,369.1,597.4,220.88,FALSE,348.7
15-04-2022,Office Supplies,402.9,719.6,90.29,FALSE,383.1
15-04-2022,Apparel,498.1,1355.9,165.08,FALSE,467.7
15-04-2022,Groceries,393.7,756.9,109.54,FALSE,399.3
15-04-2022,Sporting Goods,525.15,1408.4,125.52,FALSE,628.15
15-04-2022,Electronics,363.2,286.4,46.26,FALSE,351.5
15-04-2022,Toys,329.6,380.1,237.42,FALSE,340.5
16-04-2022,Sporting Goods,606.8,1420.6,127.01,FALSE,617.3
16-04-2022,Electronics,361,280.9,47.02,FALSE,347.8
16-04-2022,Office Supplies,407.4,718.3,88.13,FALSE,407.3
16-04-2022,Groceries,387.9,693.1,110.89,FALSE,365.7
16-04-2022,Furniture,303.9,1142.1,76.03,FALSE,215.1
16-04-2022,Toys,483.4,381.1,236.37,TRUE,456.1
16-04-2022,Clothing,434.9,1369.2,174.07,FALSE,419.1
16-04-2022,Automotive Parts,393.9,588.1,219.9,FALSE,361
16-04-2022,Pet Supplies,307.2,848.3,197.21,FALSE,318.3
16-04-2022,Beauty,476.6,997.1,164.46,FALSE,464.5
17-04-2022,Furniture,205,1149.8,74.27,FALSE,214.3
17-04-2022,Apparel,468,1361.9,168.73,FALSE,458.4
17-04-2022,Beauty,432.2,1011.9,159.84,FALSE,450
17-04-2022,Pet Supplies,257.9,859.9,204.4,FALSE,255.1
17-04-2022,Groceries,302.8,760.4,104.26,FALSE,360.9
17-04-2022,Automotive Parts,378.3,588.9,220.64,FALSE,385.1
17-04-2022,Sporting Goods,547.5,1437.7,131.05,FALSE,514.7
17-04-2022,Electronics,355.1,276.4,46.71,FALSE,335.7
17-04-2022,Office Supplies,323.6,745.7,85.8,FALSE,334.1
17-04-2022,Toys,302.5,639.3,245.37,FALSE,291.5
18-04-2022,Pet Supplies,247.6,657.8,193.98,FALSE,239.1
18-04-2022,Furniture,211.7,1155.3,72.19,FALSE,203.3
18-04-2022,Toys,322.9,633.9,236.19,FALSE,334.1
18-04-2022,Office Supplies,331.3,743.7,92.58,FALSE,321.5
18-04-2022,Sporting Goods,525.15,1397.7,127.79,FALSE,587.3
18-04-2022,Beauty,472.6,1028.1,161.36,TRUE,478.7
18-04-2022,Apparel,439.9,1375.2,174.52,FALSE,437.6
18-04-2022,Automotive Parts,359.7,595.9,218.86,FALSE,334
18-04-2022,Groceries,296.9,775.9,109.29,FALSE,277.8
18-04-2022,Electronics,329.6,296.4,45.84,FALSE,335.6
19-04-2022,Pet Supplies,375.5,656.2,191.29,TRUE,350
19-04-2022,Automotive Parts,380.4,580.5,210.69,FALSE,356.8
19-04-2022,Sporting Goods,525.15,1438.1,128.72,FALSE,571.4
19-04-2022,Electronics,323.6,294.5,48.45,FALSE,306.7
19-04-2022,Furniture,210.8,1157.7,77.49,FALSE,208.1
19-04-2022,Office Supplies,387.5,723.4,85.19,FALSE,351.9
19-04-2022,Groceries,295.3,771.5,108.42,FALSE,302.2
19-04-2022,Beauty,400.3,1021.2,166.8,FALSE,389
19-04-2022,Toys,298.5,643.2,244.65,FALSE,287.2
19-04-2022,Apparel,450.2,1371.2,167.01,FALSE,409.8
20-04-2022,Sporting Goods,562,1434.5,126.5,FALSE,513.9
20-04-2022,Office Supplies,409.4,713.3,89.82,FALSE,400.1
20-04-2022,Automotive Parts,378.6,572.9,222.31,FALSE,397
20-04-2022,Apparel,453.4,1375.1,170.31,FALSE,456.1
20-04-2022,Beauty,422.1,1027.2,167.81,FALSE,435.8
20-04-2022,Electronics,545.7,280.2,46.11,TRUE,554.7
20-04-2022,Groceries,353.4,755.2,104.44,FALSE,367
20-04-2022,Toys,323.7,636.2,239.02,FALSE,325.6
20-04-2022,Furniture,210.4,1172.7,74.68,FALSE,190.9
20-04-2022,Pet Supplies,275.1,656.5,194.36,FALSE,64.55
21-04-2022,Beauty,486.5,1013.6,161.51,FALSE,493.9
21-04-2022,Sporting Goods,583,1430,126.59,FALSE,583.9
21-04-2022,Automotive Parts,390.5,565.3,216.28,FALSE,404.5
21-04-2022,Toys,345,627.2,238.54,FALSE,318.5
21-04-2022,Furniture,242.7,1163.6,73.52,FALSE,224.8
21-04-2022,Office Supplies,393.4,714.2,89.3,FALSE,409.9
21-04-2022,Groceries,366.5,753.4,108.57,FALSE,362.2
21-04-2022,Pet Supplies,306.7,645.7,195.93,FALSE,277.6
21-04-2022,Electronics,360.6,280.9,47.74,FALSE,334.4
21-04-2022,Clothing,458.8,1303.5,173.26,FALSE,421.3
22-04-2022,Office Supplies,369.4,714,90.13,FALSE,404.9
22-04-2022,Sporting Goods,622.7,1419.2,125.55,FALSE,628
22-04-2022,Beauty,496.8,1016.3,160.32,FALSE,476
22-04-2022,Pet Supplies,329.7,640.2,199.33,FALSE,317.4
22-04-2022,Toys,426.6,629,230.66,TRUE,427.6
22-04-2022,Automotive Parts,329.1,563.8,222.26,TRUE,503.9
22-04-2022,Apparel,496.7,1369.5,164.42,FALSE,511.6
22-04-2022,Groceries,405.2,742.2,107.42,FALSE,379.4
22-04-2022,Electronics,373.3,272.8,46.99,FALSE,376.9
22-04-2022,Furniture,250.5,1161.6,75.8,FALSE,244
23-04-2022,Sporting Goods,618.7,1416.8,126.58,FALSE,579.6
23-04-2022,Beauty,438,1020.4,167.83,FALSE,446.1
23-04-2022,Furniture,244.1,977.65,74.67,FALSE,230.3
23-04-2022,Office Supplies,401.8,718.8,89.82,FALSE,417.1
23-04-2022,Automotive Parts,364,565.1,217.85,FALSE,358.6
23-04-2022,Toys,309.8,629,235.14,FALSE,320.1
23-04-2022,Apparel,429.4,1390.5,165.93,FALSE,399.7
23-04-2022,Groceries,352.9,758.3,107.5,FALSE,326.4
23-04-2022,Pet Supplies,299.8,855.1,192.09,FALSE,294.5
23-04-2022,Electronics,375.4,269.9,47.06,FALSE,386.5
24-04-2022,Furniture,202.2,1194.9,76.3,FALSE,211.7
24-04-2022,Office Supplies,323.7,737.5,357.79,FALSE,327.4
24-04-2022,Beauty,411.2,1031.9,164.72,FALSE,390
24-04-2022,Pet Supplies,272.1,856.5,199.28,FALSE,281.2
24-04-2022,Toys,285.9,626.8,232.19,FALSE,272.3
24-04-2022,Electronics,356.1,279.8,46.37,FALSE,359.6
24-04-2022,Groceries,328.8,770.3,103.7,FALSE,335.1
24-04-2022,Sporting Goods,603.5,1414.7,130.02,FALSE,546.6
24-04-2022,Automotive Parts,373.2,425.1,225.47,FALSE,317.9
24-04-2022,Apparel,436.7,1391.3,170.38,FALSE,446
25-04-2022,Beauty,424.9,1016.3,168.02,FALSE,382.9
25-04-2022,Toys,300.7,623.5,238.41,FALSE,308.8
25-04-2022,Apparel,490.8,1408,174.13,TRUE,438.8
25-04-2022,Groceries,299.9,768.4,106.23,FALSE,314
25-04-2022,Electronics,303.5,300.2,48.78,FALSE,285.2
25-04-2022,Automotive Parts,359.9,427.4,218.21,FALSE,360.6
25-04-2022,Pet Supplies,272.6,857.3,204.42,FALSE,283.1
25-04-2022,Sporting Goods,525.15,1420.6,126.68,FALSE,532.6
25-04-2022,Office Supplies,343.3,736.5,90.07,FALSE,338.9
25-04-2022,Furniture,238.3,1201.5,73.25,TRUE,235.4
26-04-2022,Office Supplies,347.7,732.6,88.49,FALSE,326.4
26-04-2022,Groceries,300.8,766.4,104.75,FALSE,309.6
26-04-2022,Sporting Goods,575.9,1421.7,128.33,FALSE,518.8
26-04-2022,Electronics,333.7,289.7,46.78,FALSE,339.1
26-04-2022,Beauty,417.6,1035.8,166.02,FALSE,377.9
26-04-2022,Toys,307.5,317.5,233.84,FALSE,278.6
26-04-2022,Clothing,404.4,1408.9,166.69,FALSE,421.1
26-04-2022,Automotive Parts,522.3,417.1,214.64,TRUE,64.55
26-04-2022,Furniture,233.7,1181.5,74.34,FALSE,227.3
26-04-2022,Pet Supplies,258,857.6,194.46,FALSE,259
27-04-2022,Office Supplies,384.3,723.2,91.92,FALSE,361.8
27-04-2022,Furniture,245.1,1172.5,73.33,FALSE,244.3
27-04-2022,Sporting Goods,617.5,1409.4,126.2,FALSE,628.15
27-04-2022,Apparel,454.6,1392.4,170.58,FALSE,459.4
27-04-2022,Pet Supplies,306.5,833.9,199.29,FALSE,310.6
27-04-2022,Toys,281,318.5,237.5,FALSE,279.9
27-04-2022,Automotive Parts,363.9,412,217.8,FALSE,346.8
27-04-2022,Electronics,366.8,1722.47,45.8,FALSE,364.1
27-04-2022,Groceries,360.8,745.1,103.91,FALSE,365.6
27-04-2022,Beauty,414.2,1046.4,155.02,FALSE,389.6
28-04-2022,Groceries,370.3,745.9,106.58,FALSE,337.3
28-04-2022,Automotive Parts,389.4,402.8,218.54,FALSE,386.3
28-04-2022,Toys,328.6,309.3,235.14,FALSE,71
28-04-2022,Furniture,243.4,1175.2,76.53,FALSE,230.5
28-04-2022,Apparel,485,1387.3,165.86,FALSE,437.6
28-04-2022,Electronics,360.2,286.9,47.64,FALSE,335.8
28-04-2022,Pet Supplies,320.8,817.7,195.37,FALSE,310.6
28-04-2022,Office Supplies,402.3,704.2,90.88,FALSE,414.7
28-04-2022,Beauty,642.8,1027.8,168.3,TRUE,620.8
28-04-2022,Sporting Goods,525.15,1425.6,129.14,FALSE,597.6
29-04-2022,Pet Supplies,320.8,819.7,192.39,FALSE,316.9
29-04-2022,Groceries,369,745,110.46,FALSE,359.3
29-04-2022,Sporting Goods,628.1,1408.1,131.53,FALSE,628.15
29-04-2022,Beauty,397.35,1021.4,161.99,TRUE,628.15
29-04-2022,Toys,340.7,308.9,247.02,FALSE,321.6
29-04-2022,Furniture,251.6,1161.5,74.99,FALSE,248.5
29-04-2022,Automotive Parts,407.4,528,218.87,FALSE,388.6
29-04-2022,Apparel,451.9,1381.4,166.45,FALSE,458.5
29-04-2022,Office Supplies,413.1,698.3,89.82,FALSE,397.7
29-04-2022,Electronics,373.3,281.4,50.07,FALSE,387.9
30-04-2022,Apparel,498.9,1390.1,175.15,FALSE,486.4
30-04-2022,Pet Supplies,300.8,821.2,191.96,FALSE,289.9
30-04-2022,Groceries,302.8,693.1,108.63,FALSE,352.2
30-04-2022,Office Supplies,371.8,698.2,89.33,FALSE,344.9
30-04-2022,Furniture,336.4,1164.8,75.09,TRUE,321.5
30-04-2022,Toys,313.75,309,230.63,FALSE,313.6
30-04-2022,Automotive Parts,381,534.7,224.18,FALSE,350.7
30-04-2022,Electronics,372.1,281.4,48.11,FALSE,370.3
30-04-2022,Sporting Goods,602.5,1409.9,129.06,FALSE,593.1
30-04-2022,Beauty,458,1019.4,162.19,FALSE,419.6
01-05-2022,Toys,312,666.7,241.8,FALSE,285.3
01-05-2022,Beauty,397.35,1025.9,162.59,FALSE,387.5
01-05-2022,Groceries,459.9,765.2,104.84,TRUE,469.5
01-05-2022,Sporting Goods,572.3,1413.6,126.55,FALSE,575.3
01-05-2022,Office Supplies,370.6,695.4,88.77,FALSE,386.5
01-05-2022,Electronics,495.9,292.7,46.57,TRUE,495.3
01-05-2022,Pet Supplies,309.2,821.4,193.21,FALSE,320.1
01-05-2022,Apparel,421.1,1402.6,171.07,FALSE,426.5
01-05-2022,Office Supplies,422.8,771.4,91.13,FALSE,423.9
02-05-2022,Pet Supplies,358,826.3,192.43,FALSE,344.1
02-05-2022,Groceries,284.6,784.6,107.8,FALSE,265.5
02-05-2022,Automotive Parts,361.7,541.2,216.6,FALSE,317.9
02-05-2022,Office Supplies,369.4,701.4,91.6,FALSE,361.35
02-05-2022,Pet Supplies,237.9,840.4,195.95,FALSE,241
02-05-2022,Sporting Goods,566.6,1425.2,125.6,FALSE,535.6
02-05-2022,Electronics,323.3,296.3,46.29,FALSE,302.4
02-05-2022,Furniture,213.6,1169.9,73.67,FALSE,195.1
02-05-2022,Toys,290.8,607.7,239.22,FALSE,269.6
03-05-2022,Sporting Goods,628.5,1405.9,128.33,FALSE,619.4
03-05-2022,Office Supplies,330.6,710.3,92.14,FALSE,299
03-05-2022,Furniture,212.8,1171.5,74.34,FALSE,197.2
03-05-2022,Beauty,425.7,1027.2,164.86,FALSE,393.7
03-05-2022,Automotive Parts,408.8,656.2,211.63,FALSE,428.4
03-05-2022,Apparel,434.3,1410,170.24,FALSE,436.4
03-05-2022,Groceries,376.7,760.7,106.23,FALSE,358.6
03-05-2022,Groceries,327.1,770.9,105.98,FALSE,326.2
03-05-2022,Pet Supplies,321.3,825.4,190.28,FALSE,290.9
03-05-2022,Toys,316,599.8,236.49,FALSE,317.6
03-05-2022,Electronics,322.4,480.8,46.46,FALSE,296.6
04-05-2022,Beauty,418.1,1034.4,166.3,FALSE,404.7
04-05-2022,Groceries,359.9,756.8,106.7,FALSE,377.7
04-05-2022,Furniture,229.9,1167.2,74.46,FALSE,227.6
04-05-2022,Electronics,322.4,293.3,47.17,FALSE,311.3
04-05-2022,Sporting Goods,642.8,1422.1,130.52,FALSE,583.6
04-05-2022,Pet Supplies,319.2,819.1,195.18,FALSE,327.6
04-05-2022,Sporting Goods,594.2,1415.8,127.04,FALSE,605.4
04-05-2022,Automotive Parts,337.6,543.4,217.15,FALSE,321
04-05-2022,Office Supplies,324.6,748.6,91.2,FALSE,321.4
04-05-2022,Beauty,634.8,1016.7,160.11,TRUE,596.4
04-05-2022,Office Supplies,374.8,694.6,90.93,FALSE,391.2
05-05-2022,Electronics,366.2,280.7,45.73,FALSE,376.1
05-05-2022,Office Supplies,380.2,694.7,90.52,FALSE,353.1
05-05-2022,Beauty,468.7,1023.8,164.86,FALSE,468.3
05-05-2022,Pet Supplies,334.5,460.3,200.7,FALSE,339.7
05-05-2022,Toys,313.75,591.2,228.48,FALSE,326.2
05-05-2022,Sporting Goods,587.8,1429.1,126.83,FALSE,591.8
05-05-2022,Automotive Parts,380.3,539.1,212.69,FALSE,353.2
05-05-2022,Groceries,526.4,745.1,106.27,TRUE,515.1
05-05-2022,Furniture,246.5,1160.9,72.96,FALSE,228.6
05-05-2022,Apparel,471.1,1402.3,170.7,FALSE,438.9
06-05-2022,Beauty,466.5,1034.5,163.04,FALSE,480.7
06-05-2022,Automotive Parts,406.2,525.3,218.71,FALSE,377.7
06-05-2022,Groceries,390.6,748.9,105.8,FALSE,389.4
06-05-2022,Electronics,365,277.9,46.63,FALSE,346.1
06-05-2022,Toys,335.9,589.6,232.94,FALSE,302.8
06-05-2022,Toys,377.2,563.5,233.74,FALSE,356.5
06-05-2022,Office Supplies,420.9,680.7,90.97,FALSE,409
06-05-2022,Beauty,534.2,1003.5,166.94,FALSE,499.9
06-05-2022,Pet Supplies,316.6,466,196.71,FALSE,315.6
06-05-2022,Groceries,313.5,744.1,107.5,FALSE,323.8
06-05-2022,Furniture,266.9,1156,71.46,FALSE,277
06-05-2022,Apparel,492.6,1397.6,169.66,FALSE,498.7
07-05-2022,Toys,345.3,582.8,246.87,FALSE,348.6
07-05-2022,Apparel,463.8,1407.4,171.84,FALSE,432.4
07-05-2022,Furniture,256.2,1161.8,76.06,FALSE,234.2
07-05-2022,Electronics,362.2,275.5,47.27,FALSE,368.7
07-05-2022,Sporting Goods,602.1,1420.9,131.19,FALSE,553.5
07-05-2022,Pet Supplies,295.6,470.2,197.9,FALSE,64.55
07-05-2022,Apparel,426.8,1440.5,169.66,FALSE,443.6
07-05-2022,Automotive Parts,365.8,541.3,217.6,FALSE,338
07-05-2022,Office Supplies,369.4,692.8,92.09,FALSE,361.3
07-05-2022,Beauty,470,1023.6,164.86,FALSE,489.8
07-05-2022,Groceries,478.6,764.9,102.46,TRUE,438.8
08-05-2022,Office Supplies,332,702.1,90.41,FALSE,305.6
08-05-2022,Groceries,333.7,769.7,108.17,FALSE,333.3
08-05-2022,Electronics,275.2,242.4,47.91,FALSE,267.6
08-05-2022,Sporting Goods,556.3,1437.4,126.93,FALSE,549.8
08-05-2022,Furniture,244.2,1160.5,74.27,FALSE,238.6
08-05-2022,Beauty,467.4,1030.7,166.06,FALSE,427.3
08-05-2022,Apparel,445.9,1300.9,165.57,FALSE,401.8
08-05-2022,Pet Supplies,278,471.3,200.03,FALSE,310.6
08-05-2022,Automotive Parts,329.1,537,222.95,FALSE,329.7
08-05-2022,Toys,332.4,599,234.97,FALSE,343.7
09-05-2022,Furniture,255.9,1154.8,72.69,FALSE,243
09-05-2022,Toys,297.6,609.3,243.31,FALSE,301.4
09-05-2022,Pet Supplies,258.3,477.8,195.28,FALSE,267
09-05-2022,Office Supplies,364.5,748,87.65,FALSE,345.2
09-05-2022,Automotive Parts,343,543.6,217.8,FALSE,320.1
09-05-2022,Groceries,305,777.8,108.82,FALSE,279.5
09-05-2022,Apparel,403.2,1425,165.97,FALSE,376.9
09-05-2022,Beauty,614.7,1033,165.69,TRUE,608.3
09-05-2022,Electronics,321.8,1722.47,47.66,FALSE,329.5
09-05-2022,Apparel,435.4,1393,167.86,FALSE,440.8
09-05-2022,Office Supplies,310.9,701.6,88.52,FALSE,292.7
10-05-2022,Automotive Parts,330,542.8,217.35,FALSE,312.8
10-05-2022,Toys,314.4,596,235.67,FALSE,323.1
10-05-2022,Apparel,541,1422,170.48,TRUE,512.8
10-05-2022,Sporting Goods,514.3,1441.8,128.68,FALSE,482.9
10-05-2022,Furniture,303.9,1156.7,75.59,FALSE,289.7
10-05-2022,Groceries,302.8,765,110.13,FALSE,311.8
10-05-2022,Groceries,298.7,783.7,106.65,FALSE,294
10-05-2022,Electronics,315,294.2,45.53,FALSE,324.7
10-05-2022,Pet Supplies,234.4,839.4,196.71,FALSE,229.6
10-05-2022,Beauty,431.8,1033.6,162.69,FALSE,437.2
10-05-2022,Sporting Goods,476.3,1470.4,128.33,FALSE,476.6
11-05-2022,Electronics,343.3,291.6,46.14,FALSE,310.4
11-05-2022,Beauty,455.5,1021.9,162.24,FALSE,453.4
11-05-2022,Office Supplies,368.8,681.3,88.18,FALSE,336.4
11-05-2022,Automotive Parts,373.8,529.7,216.11,FALSE,389
11-05-2022,Groceries,341.2,766.5,108.18,FALSE,337.8
11-05-2022,Pet Supplies,316,806.4,193.8,FALSE,327.5
11-05-2022,Sporting Goods,601.5,1417.2,128.74,FALSE,581.9
11-05-2022,Furniture,303.9,1161.9,76.32,FALSE,229
11-05-2022,Apparel,472.7,1407.2,167.63,FALSE,484.2
12-05-2022,Apparel,492.6,1406.7,174.09,FALSE,491.9
12-05-2022,Office Supplies,357.4,689.7,92.12,FALSE,351.2
12-05-2022,Beauty,481.3,1017.1,167.54,FALSE,442.1
12-05-2022,Pet Supplies,304.7,805.6,202.48,FALSE,275
12-05-2022,Groceries,348.2,779.2,108.46,FALSE,323.2
12-05-2022,Sporting Goods,613.5,1409.8,127.1,FALSE,591.9
12-05-2022,Toys,352.4,576.8,237.99,FALSE,302.8
12-05-2022,Electronics,360.3,293.9,46.01,FALSE,356
12-05-2022,Electronics,386.6,312.5,48.26,TRUE,380.7
12-05-2022,Furniture,236.2,1155.3,71.69,FALSE,243.6
12-05-2022,Groceries,369.1,760.4,108.69,FALSE,365.1
12-05-2022,Sporting Goods,475.8,1502,124.38,FALSE,448.9
13-05-2022,Beauty,397.35,1023.8,164.86,TRUE,512.9
13-05-2022,Toys,377.8,563.5,246.09,FALSE,348.1
13-05-2022,Office Supplies,410.8,680.1,93.71,FALSE,412.7
13-05-2022,Sporting Goods,639.2,1406.1,126.92,FALSE,628.15
13-05-2022,Pet Supplies,324.6,801,195.93,FALSE,296.1
13-05-2022,Electronics,373.4,289.5,47.54,FALSE,364.3
13-05-2022,Clothing,450.3,1422.2,170.03,FALSE,446.1
13-05-2022,Furniture,263.5,1146.5,72.6,FALSE,254
13-05-2022,Groceries,396.1,751.3,108.35,FALSE,391.6
13-05-2022,Automotive Parts,352.4,525,221.15,FALSE,358.1
14-05-2022,Toys,347.1,574.2,240.7,FALSE,357.2
14-05-2022,Sporting Goods,583.5,1397.7,126.68,FALSE,539.8
14-05-2022,Beauty,460.5,1026,164.86,FALSE,439.9
14-05-2022,Apparel,406.3,1442.4,169.73,FALSE,383.2
14-05-2022,Automotive Parts,378.6,521,214.33,FALSE,387.1
14-05-2022,Pet Supplies,304.6,628.7,191.38,FALSE,279.3
14-05-2022,Groceries,353.2,764.1,108.14,FALSE,356.3
14-05-2022,Office Supplies,386.8,704.4,90.05,FALSE,400.6
14-05-2022,Electronics,332.5,1722.47,45.54,FALSE,341.7
14-05-2022,Furniture,241.6,1161.7,73.11,FALSE,226
15-05-2022,Toys,334.7,573.3,233.99,FALSE,306.8
15-05-2022,Beauty,418.6,1036,164.56,FALSE,406.4
15-05-2022,Pet Supplies,410.4,632.8,205.17,TRUE,422.3
15-05-2022,Office Supplies,338,716.9,88.87,FALSE,348.9
15-05-2022,Automotive Parts,329.1,532.3,221.33,FALSE,330.4
15-05-2022,Sporting Goods,570.7,1420.7,125.89,FALSE,531.5
15-05-2022,Groceries,301.6,781.9,109.53,FALSE,282.8
15-05-2022,Apparel,443.5,1300.9,169.26,FALSE,451.4
15-05-2022,Electronics,312.1,300.1,47.02,FALSE,298.3
15-05-2022,Furniture,240.7,1161.4,76.15,FALSE,230.2
16-05-2022,Toys,340.1,579.5,232.7,FALSE,309.8
16-05-2022,Furniture,206.7,1161.1,72.72,FALSE,213.8
16-05-2022,Beauty,612.7,1036.3,161.61,TRUE,603
16-05-2022,Pet Supplies,241.2,644.6,192.38,FALSE,64.55
16-05-2022,Automotive Parts,291.5,544.2,213.63,FALSE,280.6
16-05-2022,Electronics,288,308.3,47.43,FALSE,275.3
16-05-2022,Sporting Goods,583.6,1415.7,129.39,FALSE,579.9
16-05-2022,Office Supplies,335.7,722.9,89.28,FALSE,326.2
16-05-2022,Apparel,418.1,1428.8,169.81,FALSE,388
16-05-2022,Groceries,302.9,786.7,105.57,FALSE,291.5
17-05-2022,Electronics,320.4,302.5,47.38,FALSE,300.2
17-05-2022,Beauty,419.7,1031.4,161.34,FALSE,421.3
17-05-2022,Toys,343.7,575.5,232.03,FALSE,352
17-05-2022,Automotive Parts,322.7,533.7,218.34,FALSE,295.1
17-05-2022,Office Supplies,486.9,715.9,90.85,TRUE,441.4
17-05-2022,Furniture,227.2,1153.8,74.43,FALSE,217.1
17-05-2022,Pet Supplies,247.6,646.1,199.55,FALSE,234.6
17-05-2022,Groceries,302.8,792.6,106.1,FALSE,258.4
17-05-2022,Apparel,423.2,1427.9,169.66,FALSE,426.8
17-05-2022,Sporting Goods,527.7,1439.8,128.33,FALSE,512
18-05-2022,Groceries,325.4,771.3,107.85,FALSE,311.9
18-05-2022,Sporting Goods,525.15,1426.8,128.17,FALSE,562.5
18-05-2022,Office Supplies,340.5,717.6,89.82,FALSE,309.2
18-05-2022,Furniture,240.3,977.65,74.59,FALSE,249.9
18-05-2022,Toys,338.2,578.3,235.09,FALSE,330.5
18-05-2022,Beauty,438,1031.4,168.13,FALSE,449.3
18-05-2022,Electronics,438.9,306.2,46.62,TRUE,403.8
18-05-2022,Pet Supplies,307.1,630.1,196.22,FALSE,309.4
18-05-2022,Apparel,432.6,1428.5,169.04,FALSE,392.8
18-05-2022,Automotive Parts,351.9,523.7,218.7,FALSE,329.1
19-05-2022,Sporting Goods,641.6,1405.4,129.53,FALSE,627.9
19-05-2022,Pet Supplies,317.2,800,191.78,FALSE,291.8
19-05-2022,Apparel,642.8,1425.1,168.72,TRUE,615.4
19-05-2022,Furniture,246.7,1144,72.66,FALSE,250.5
19-05-2022,Toys,353.2,573.3,238.94,FALSE,334.1
19-05-2022,Beauty,469.6,1028,173.91,FALSE,426.1
19-05-2022,Office Supplies,425.8,690.9,90.08,FALSE,442
19-05-2022,Groceries,370.9,755.5,110.11,FALSE,367.4
19-05-2022,Electronics,432.6,295.3,46.46,TRUE,416.4
19-05-2022,Automotive Parts,372.6,512,220.72,FALSE,368.6
20-05-2022,Office Supplies,386.2,701.6,88.34,FALSE,360.2
20-05-2022,Groceries,395,756.1,107.93,FALSE,357.3
20-05-2022,Electronics,248.4,480.8,46.78,FALSE,342
20-05-2022,Furniture,294.5,977.65,74.68,FALSE,274.7
20-05-2022,Pet Supplies,323.2,809.2,197.38,FALSE,292.8
20-05-2022,Beauty,510.4,1009.9,162.48,FALSE,520.3
20-05-2022,Sporting Goods,581.6,1431.5,127.06,FALSE,550.4
20-05-2022,Toys,343,574.7,245.1,FALSE,302.8
20-05-2022,Automotive Parts,378.2,506.5,216.87,FALSE,361.6
20-05-2022,Apparel,456.6,1417.5,170.2,FALSE,416.9
21-05-2022,Apparel,441.4,1421,168.02,FALSE,417.4
21-05-2022,Office Supplies,464.6,706.4,90.66,TRUE,455.8
21-05-2022,Groceries,491,762.5,103.3,TRUE,496.9
21-05-2022,Pet Supplies,298.7,821.1,200.88,FALSE,269.5
21-05-2022,Toys,313.75,575.1,229.88,FALSE,347.3
21-05-2022,Automotive Parts,357.5,509.4,214.55,FALSE,345.6
21-05-2022,Sporting Goods,604.9,1427,130.3,FALSE,628.15
21-05-2022,Beauty,460.3,1026.7,163.11,FALSE,463.3
21-05-2022,Furniture,263.7,1151.3,75.21,FALSE,240.2
21-05-2022,Electronics,336.3,307.5,46.68,FALSE,341.2
22-05-2022,Toys,322.3,574.3,241.15,FALSE,328.1
22-05-2022,Sporting Goods,592.6,1426,124.04,FALSE,614.3
22-05-2022,Groceries,320.1,778.2,104.58,FALSE,308.4
22-05-2022,Apparel,413.5,1429,168.43,FALSE,424.4
22-05-2022,Beauty,470.3,1018.7,168.18,FALSE,490.1
22-05-2022,Furniture,237.2,1157.6,72.17,FALSE,234.5
22-05-2022,Pet Supplies,299.5,819,197.2,FALSE,271.8
22-05-2022,Office Supplies,334,719.9,89.45,FALSE,336.6
22-05-2022,Electronics,309.2,327.4,46.46,FALSE,309.3
22-05-2022,Automotive Parts,320.3,1722.47,212.02,FALSE,332.5
23-05-2022,Sporting Goods,524.5,1446.1,127.99,FALSE,523.9
23-05-2022,Groceries,289.6,776.8,109.38,FALSE,301.8
23-05-2022,Furniture,213.1,1168.5,75.29,FALSE,216.2
23-05-2022,Pet Supplies,278,833.4,195.43,FALSE,284.4
23-05-2022,Beauty,446.8,1021.9,168.7,FALSE,444.9
23-05-2022,Toys,342.2,569.2,232.7,FALSE,344.4
23-05-2022,Office Supplies,292,728.3,88.33,FALSE,269.6
23-05-2022,Apparel,350.5,1445.9,169.82,FALSE,359.2
23-05-2022,Automotive Parts,338.2,519.9,220.96,FALSE,329.9
23-05-2022,Electronics,300.7,330.5,45.31,FALSE,306.9
24-05-2022,Office Supplies,320.7,722,90.53,FALSE,361.35
24-05-2022,Electronics,303,329.3,44.8,FALSE,290.1
24-05-2022,Automotive Parts,329.1,519.6,217.33,FALSE,311.7
24-05-2022,Furniture,233.9,1168.3,74.55,FALSE,237.4
24-05-2022,Groceries,331,761.8,107.5,FALSE,307.8
24-05-2022,Sporting Goods,510.6,1449.1,129.7,FALSE,474.4
24-05-2022,Toys,332.7,576.2,241.74,FALSE,300.2
24-05-2022,Beauty,439.1,1025.2,162.48,FALSE,407
24-05-2022,Clothing,421.2,1436.4,169.84,FALSE,410.5
24-05-2022,Pet Supplies,272.6,834.3,191.95,FALSE,310.6
25-05-2022,Beauty,459.1,1016.3,167.98,FALSE,467.4
25-05-2022,Office Supplies,369.4,714.7,88.57,FALSE,380.3
25-05-2022,Toys,431.8,573.3,229.41,TRUE,399
25-05-2022,Sporting Goods,579.5,1425.9,128.33,FALSE,585.1
25-05-2022,Electronics,342.4,309.5,46.55,FALSE,351.2
25-05-2022,Apparel,642.8,1432.6,169.75,FALSE,406
25-05-2022,Automotive Parts,332.8,523.5,214.75,FALSE,336.4
25-05-2022,Groceries,328.9,760.1,107.5,FALSE,318.9
25-05-2022,Furniture,260.2,1162,76.74,FALSE,265.1
25-05-2022,Pet Supplies,280.8,807.1,195.42,FALSE,278.2
26-05-2022,Beauty,460.7,1005.8,165.15,FALSE,464
26-05-2022,Office Supplies,369.4,719.5,91.79,FALSE,323.7
26-05-2022,Sporting Goods,620.8,1397.7,127.89,FALSE,622
26-05-2022,Automotive Parts,355.3,518.5,215.75,FALSE,330.3
26-05-2022,Pet Supplies,297.6,823.9,194.05,FALSE,299.9
26-05-2022,Furniture,258.5,1167.6,76.39,FALSE,265.7
26-05-2022,Toys,377.5,561.2,237.68,FALSE,377.2
26-05-2022,Electronics,350.5,302.8,46.46,FALSE,320.7
26-05-2022,Groceries,357,747.2,105.49,FALSE,346
26-05-2022,Apparel,425.1,1431.3,172.31,FALSE,388.8
27-05-2022,Furniture,277.3,1163.2,76,FALSE,280.2
27-05-2022,Pet Supplies,334.9,1722.47,192.96,FALSE,303.4
27-05-2022,Sporting Goods,642.8,1412,128.26,FALSE,597.4
27-05-2022,Toys,378.1,555.7,237.4,FALSE,350.7
27-05-2022,Apparel,460.8,1418.9,170.88,FALSE,457.2
27-05-2022,Office Supplies,383.5,713.4,89.49,FALSE,373.4
27-05-2022,Automotive Parts,362.8,509.3,213.67,FALSE,354.7
27-05-2022,Beauty,465.1,1011.3,159.6,FALSE,437.5
27-05-2022,Electronics,342.5,299.3,47.36,FALSE,353.5
27-05-2022,Groceries,370.9,747,107.5,FALSE,374.3
28-05-2022,Beauty,397.35,1722.47,163.47,FALSE,464.8
28-05-2022,Toys,362,560,242.92,FALSE,345.4
28-05-2022,Electronics,403.6,297.6,46.78,TRUE,372.8
28-05-2022,Furniture,268.9,1160.4,74.51,FALSE,251
28-05-2022,Pet Supplies,303.1,811,193.69,FALSE,278.1
28-05-2022,Automotive Parts,346.8,511.5,211.16,FALSE,312.8
28-05-2022,Groceries,350.7,744.9,105.82,FALSE,359.1
28-05-2022,Apparel,461.7,1417.3,160.98,FALSE,434.9
28-05-2022,Office Supplies,383.6,719.3,90.65,FALSE,371.1
28-05-2022,Sporting Goods,642.8,1416.3,129.42,TRUE,628.15
29-05-2022,Electronics,325.5,480.8,47.06,FALSE,311.5
29-05-2022,Sporting Goods,558.6,1441.3,125.86,FALSE,537.3
29-05-2022,Furniture,245,1166.2,74.49,FALSE,254
29-05-2022,Office Supplies,345.9,725.6,88.9,FALSE,316.7
29-05-2022,Pet Supplies,287.3,823.5,196.52,FALSE,288.7
29-05-2022,Apparel,429.4,1419.3,166.86,FALSE,433.4
29-05-2022,Groceries,303.4,755.6,103.88,FALSE,284.8
29-05-2022,Automotive Parts,293.5,520,219.54,FALSE,292.9
29-05-2022,Beauty,440.7,1036.2,165.56,FALSE,457.9
29-05-2022,Toys,372.6,561.6,235.12,FALSE,382.7
30-05-2022,Groceries,282.7,767.4,108.73,FALSE,254.7
30-05-2022,Electronics,302.6,292.9,47.16,FALSE,272.7
30-05-2022,Sporting Goods,569,1443.1,128.33,FALSE,550.8
30-05-2022,Office Supplies,293,739.8,90.46,FALSE,284.8
30-05-2022,Pet Supplies,272.5,807.1,198.85,FALSE,284.5
30-05-2022,Automotive Parts,310.8,511.8,217.85,FALSE,291
30-05-2022,Beauty,436.7,1035.7,170.76,FALSE,415.7
30-05-2022,Toys,341.9,562.2,238.14,FALSE,321.4
30-05-2022,Apparel,442.4,1423.6,166.18,FALSE,445.5
30-05-2022,Furniture,246.5,1168.2,74.43,FALSE,255.1
31-05-2022,Groceries,287.6,768.3,108.44,FALSE,261.5
31-05-2022,Electronics,305,291.4,47.11,FALSE,292.5
31-05-2022,Automotive Parts,322.8,516.7,216.13,FALSE,322.5
31-05-2022,Toys,331.8,573.1,235.17,FALSE,305.3
31-05-2022,Office Supplies,318.6,731.4,89.82,FALSE,361.35
31-05-2022,Furniture,237.7,1164,73.88,FALSE,221.1
31-05-2022,Apparel,460.5,1411.4,173.66,FALSE,442.1
31-05-2022,Sporting Goods,522.8,1448.2,123.96,FALSE,510.6
31-05-2022,Pet Supplies,287.3,817.4,197.76,FALSE,273.5
31-05-2022,Beauty,432.7,1028.2,166.25,FALSE,444.1
01-06-2022,Automotive Parts,409.9,516.6,217,TRUE,426.7
01-06-2022,Office Supplies,346.2,719.1,89.16,FALSE,362.2
01-06-2022,Toys,313.75,567,234.63,FALSE,334.3
01-06-2022,Electronics,248.4,480.8,48.4,FALSE,299.4
01-06-2022,Apparel,391.3,1433.3,166.29,FALSE,384.8
01-06-2022,Furniture,260.3,1162.4,74.43,FALSE,258.8
01-06-2022,Beauty,467.1,1018.6,357.79,FALSE,445.7
01-06-2022,Apparel,516.5,1339.5,166.67,FALSE,487.7
01-06-2022,Pet Supplies,387.2,815.1,198.42,TRUE,369.6
02-06-2022,Pet Supplies,304.4,844.5,192.94,FALSE,274.5
02-06-2022,Clothing,418.3,1425.7,175.05,FALSE,434.8
02-06-2022,Furniture,275.8,1150.9,76.41,FALSE,278.5
02-06-2022,Electronics,469.7,280.7,47.42,TRUE,475.1
02-06-2022,Office Supplies,364.7,709.3,91.45,FALSE,374.1
02-06-2022,Beauty,469.2,1022.5,170.33,FALSE,492.5
02-06-2022,Furniture,303.9,1105.1,74.82,FALSE,246.8
02-06-2022,Groceries,349.9,738,105.6,FALSE,322.3
02-06-2022,Sporting Goods,580.1,1415.4,122.01,FALSE,577.2
02-06-2022,Automotive Parts,361.6,514.8,217.32,FALSE,369.4
03-06-2022,Beauty,445.8,1033.6,162.99,FALSE,424.1
03-06-2022,Furniture,266.3,1157.6,74.2,FALSE,259.4
03-06-2022,Automotive Parts,358.3,519.2,220.31,FALSE,352.4
03-06-2022,Groceries,360.5,737.7,107.03,FALSE,332.4
03-06-2022,Apparel,473.5,1399.3,166.26,FALSE,458
03-06-2022,Office Supplies,379,700.2,92.79,FALSE,375.4
03-06-2022,Electronics,331.7,287.6,47.07,FALSE,319.6
03-06-2022,Beauty,386.4,1027.9,164.75,FALSE,356.1
04-06-2022,Office Supplies,385.4,698.3,88.19,FALSE,367.9
04-06-2022,Toys,335,583.5,234.49,FALSE,309.5
04-06-2022,Electronics,321.6,295.5,46.77,FALSE,322.6
04-06-2022,Apparel,447.4,1416.2,175.62,FALSE,464.2
04-06-2022,Pet Supplies,305.8,823.8,196.06,FALSE,276.1
04-06-2022,Clothing,499.5,1337,174.89,FALSE,520
04-06-2022,Electronics,340,305.8,45.32,FALSE,320.7
04-06-2022,Groceries,352.3,733,106.05,FALSE,318.5
04-06-2022,Automotive Parts,329.1,589.6,215.4,FALSE,348.4
04-06-2022,Furniture,269.3,1154.8,74.43,FALSE,269.9
04-06-2022,Sporting Goods,616.8,1395.4,125.9,FALSE,628.15
04-06-2022,Beauty,494.3,1026.3,156.48,FALSE,506.5
05-06-2022,Sporting Goods,540.3,1420.4,121.97,FALSE,532.6
05-06-2022,Furniture,246.1,1160,75.57,FALSE,244.4
05-06-2022,Automotive Parts,314.4,532.8,218.31,FALSE,287.2
05-06-2022,Sporting Goods,591.6,1425.6,126.67,FALSE,588.4
05-06-2022,Pet Supplies,282,835.1,196.71,FALSE,268.6
05-06-2022,Apparel,431.9,1425,166.19,FALSE,401.6
05-06-2022,Electronics,287.6,310.7,47.5,FALSE,288.9
05-06-2022,Office Supplies,338,715.8,89.82,FALSE,318.8
06-06-2022,Furniture,266.9,1163.5,75.17,FALSE,268.6
06-06-2022,Automotive Parts,285.5,541.6,217.11,FALSE,281.4
06-06-2022,Apparel,381.2,1432,169.85,FALSE,398
06-06-2022,Pet Supplies,448.3,834.6,198.23,TRUE,455.5
06-06-2022,Office Supplies,332.4,722.9,89.02,FALSE,326.3
06-06-2022,Electronics,296.2,300.2,45.71,FALSE,290.2
06-06-2022,Beauty,417.6,1054.7,157.28,FALSE,398
06-06-2022,Groceries,460,753.1,106.06,TRUE,432.3
06-06-2022,Toys,406.1,566,237.94,TRUE,410.6
06-06-2022,Sporting Goods,569.9,1410.4,128.48,FALSE,570
07-06-2022,Toys,363.9,562.1,236.88,FALSE,357.5
07-06-2022,Furniture,397.3,1154,75.46,TRUE,412
07-06-2022,Beauty,410.2,1055.7,165.16,FALSE,382.2
07-06-2022,Groceries,303.1,761.9,105.91,FALSE,274.5
07-06-2022,Electronics,290.9,300,46.31,FALSE,267.8
07-06-2022,Furniture,260.5,1162.9,74.41,FALSE,249.7
07-06-2022,Toys,396.8,582.3,241.05,FALSE,404.3
07-06-2022,Apparel,382.8,1428.6,167.98,FALSE,401.2
07-06-2022,Automotive Parts,329.1,545.7,218.95,TRUE,403.8
07-06-2022,Pet Supplies,642.8,835.1,193.19,FALSE,305.8
08-06-2022,Electronics,307.1,288.6,45.82,FALSE,288.8
08-06-2022,Apparel,471.3,1413.5,164.07,FALSE,490.2
08-06-2022,Toys,328.6,572.1,244.25,FALSE,323.6
08-06-2022,Groceries,339.8,756.2,106.02,FALSE,351
08-06-2022,Pet Supplies,376.1,828.2,199.31,TRUE,380.6
08-06-2022,Beauty,462.7,1040.6,166.04,FALSE,470.3
08-06-2022,Sporting Goods,606,1419.3,126.82,FALSE,586
08-06-2022,Office Supplies,340.5,731.4,89.83,FALSE,355.3
08-06-2022,Apparel,403.8,1421.9,166.62,FALSE,407.2
08-06-2022,Sporting Goods,603.6,1399.5,131.63,FALSE,574
08-06-2022,Furniture,274,1157.8,75.99,FALSE,280.1
09-06-2022,Beauty,514.3,1025.6,160.74,FALSE,495.3
09-06-2022,Sporting Goods,608.7,1405.5,127.14,FALSE,615.4
09-06-2022,Electronics,325.4,277.9,46.01,FALSE,339.4
09-06-2022,Office Supplies,392.4,711.4,89.82,FALSE,395.2
09-06-2022,Pet Supplies,310.6,829.7,196.71,FALSE,319.6
09-06-2022,Electronics,207.2,206.3,45.47,FALSE,199.1
09-06-2022,Office Supplies,369.4,758.8,88.53,FALSE,300.8
10-06-2022,Pet Supplies,356.7,815.9,191.94,FALSE,356.5
10-06-2022,Furniture,426.3,1108.2,71.93,FALSE,388.3
10-06-2022,Beauty,494.4,1023.7,164.88,FALSE,488.4
10-06-2022,Apparel,467,1416.1,166.92,FALSE,485.7
10-06-2022,Furniture,300,1140.2,77.41,FALSE,306.2
10-06-2022,Electronics,344.8,272.6,48.36,FALSE,338.7
10-06-2022,Office Supplies,369.4,713.1,86.63,FALSE,368.5
10-06-2022,Toys,372.8,568.3,231.72,FALSE,379.9
11-06-2022,Office Supplies,369.4,716.8,91.43,FALSE,367.7
11-06-2022,Furniture,285.1,1135.8,73.06,FALSE,274.2
11-06-2022,Automotive Parts,334.9,656.2,220.07,FALSE,321.8
11-06-2022,Apparel,475.7,1300.9,174.12,FALSE,481.9
11-06-2022,Sporting Goods,575.4,1415.2,127.49,FALSE,586.9
11-06-2022,Toys,354.8,576.3,245.37,FALSE,349.2
11-06-2022,Pet Supplies,313.2,831,192.49,FALSE,303.8
11-06-2022,Beauty,492.5,1028.7,173.63,FALSE,488.4
12-06-2022,Sporting Goods,529.9,1482.2,132.69,FALSE,527.5
12-06-2022,Pet Supplies,292.2,840.1,193.69,FALSE,273.9
12-06-2022,Automotive Parts,301.2,575.9,216.75,FALSE,316
12-06-2022,Toys,331.6,584.2,237.19,FALSE,316
12-06-2022,Beauty,590,1037.3,161.51,TRUE,534.9
12-06-2022,Electronics,293.1,294.2,48.05,FALSE,242.1
12-06-2022,Apparel,397.3,1428.9,168.59,FALSE,410.1
12-06-2022,Groceries,301,772.3,107.69,FALSE,299.4
12-06-2022,Apparel,451.9,1394.5,169.82,FALSE,501.6
12-06-2022,Furniture,363.8,1143.2,74.43,TRUE,343
13-06-2022,Toys,337.5,581.2,236.16,FALSE,326.1
13-06-2022,Electronics,296.9,302.9,47.11,FALSE,294.4
13-06-2022,Groceries,299.4,770.5,106.81,FALSE,300.6
13-06-2022,Office Supplies,330.8,719.4,91.14,FALSE,301.5
13-06-2022,Apparel,418,1426.9,171.56,FALSE,628.15
13-06-2022,Pet Supplies,248.1,843.8,203.4,FALSE,245.6
13-06-2022,Sporting Goods,479.7,1441.9,129.05,FALSE,446.1
13-06-2022,Beauty,453.5,1043.1,165.69,FALSE,435.8
13-06-2022,Automotive Parts,329.1,571.1,213.49,FALSE,294.3
13-06-2022,Furniture,242.9,1142.5,74.43,FALSE,253.9
14-06-2022,Pet Supplies,301.7,826.8,201.46,FALSE,279.7
14-06-2022,Toys,343.8,583,235.61,FALSE,344
14-06-2022,Automotive Parts,302.4,573,215.9,FALSE,302.3
14-06-2022,Furniture,262.4,1139,72.52,FALSE,265.4
14-06-2022,Electronics,276.5,310.8,46.14,FALSE,287
14-06-2022,Sporting Goods,525.15,1412.4,130.63,FALSE,533
14-06-2022,Groceries,286.3,785.3,106.84,FALSE,285.9
14-06-2022,Office Supplies,290.1,721.9,92.17,FALSE,302.2
14-06-2022,Beauty,421.9,1060.5,169.56,FALSE,397.2
14-06-2022,Apparel,408,1432.1,169.01,FALSE,403.6
15-06-2022,Electronics,293.4,304.5,46.26,FALSE,274.9
15-06-2022,Beauty,473.6,1044,166.4,FALSE,436.8
15-06-2022,Automotive Parts,315.3,569.4,218.27,FALSE,289.5
15-06-2022,Toys,360.6,576.1,234.11,FALSE,344.7
15-06-2022,Furniture,288.8,1135.5,74.72,FALSE,266.7
15-06-2022,Pet Supplies,286.1,828.7,198.76,FALSE,269.2
15-06-2022,Sporting Goods,550.3,1406.5,127.16,FALSE,565.6
15-06-2022,Groceries,334,764.4,105.44,FALSE,628.15
15-06-2022,Office Supplies,343.1,701.3,89.82,FALSE,314
15-06-2022,Apparel,466.2,1415.7,169.66,FALSE,440.9
16-06-2022,Toys,376.9,570.8,235.12,FALSE,346
16-06-2022,Beauty,492,1039.2,163.34,FALSE,477
16-06-2022,Sporting Goods,605.4,1391.7,129.62,FALSE,571.8
16-06-2022,Automotive Parts,468.8,555.6,221.99,TRUE,443.5
16-06-2022,Electronics,353.5,285.4,45.24,FALSE,324.8
16-06-2022,Office Supplies,389.5,694.1,92.68,FALSE,373.9
16-06-2022,Groceries,355.4,767.4,110.37,FALSE,333
16-06-2022,Pet Supplies,483.2,825.3,197.59,TRUE,310.6
16-06-2022,Apparel,462.4,1416.4,171.07,FALSE,483.2
16-06-2022,Furniture,311.4,1131.5,71.28,FALSE,300.4
17-06-2022,Office Supplies,369.4,690.8,88.24,FALSE,378.3
17-06-2022,Sporting Goods,579,1397,125.11,FALSE,524.6
17-06-2022,Toys,372.4,575,235.24,FALSE,381
17-06-2022,Pet Supplies,367.1,800.6,201.51,FALSE,343.2
17-06-2022,Furniture,284.9,1140.1,77.93,FALSE,296.4
17-06-2022,Automotive Parts,358.5,554.9,213.23,FALSE,369.4
17-06-2022,Beauty,397.35,1039.2,168.59,FALSE,387.5
17-06-2022,Groceries,390.3,693.1,110.73,FALSE,391.7
17-06-2022,Electronics,326,293.3,44.57,FALSE,315.5
17-06-2022,Apparel,424,1430.6,167.71,FALSE,430.8
18-06-2022,Toys,382,562,235.65,FALSE,360
18-06-2022,Sporting Goods,552.6,1403.2,128.33,FALSE,568
18-06-2022,Pet Supplies,328.7,807.2,201.69,FALSE,337.3
18-06-2022,Automotive Parts,336.9,557.9,219.7,FALSE,318.3
18-06-2022,Furniture,303.7,1136.5,75.25,FALSE,312.4
18-06-2022,Electronics,309,1722.47,47.03,FALSE,289.1
18-06-2022,Office Supplies,369.4,698.2,91.73,FALSE,340.6
18-06-2022,Beauty,469.6,1042.7,164.71,FALSE,439.2
18-06-2022,Groceries,337.1,766.2,109.27,FALSE,323.2
18-06-2022,Apparel,470.9,1420.1,174.86,FALSE,462.8
19-06-2022,Sporting Goods,618.4,1375.3,129.93,FALSE,628.15
19-06-2022,Automotive Parts,324.6,568.7,218.14,FALSE,312.9
19-06-2022,Apparel,458,1424.9,173.56,FALSE,477.5
19-06-2022,Groceries,305.8,778.5,105.97,FALSE,310.5
19-06-2022,Office Supplies,369.4,706.3,89.96,FALSE,318.8
19-06-2022,Furniture,262.5,1149.9,75.71,FALSE,237.5
19-06-2022,Electronics,283.4,304.6,46.11,FALSE,242.1
19-06-2022,Toys,369.5,575.4,239.49,FALSE,352.8
19-06-2022,Pet Supplies,410.6,821.3,203.95,TRUE,393.2
19-06-2022,Beauty,486.9,1037.1,167.83,FALSE,462.7
20-06-2022,Furniture,283.5,1139.6,70.79,FALSE,279.2
20-06-2022,Toys,355.5,581.2,238.68,FALSE,352.4
20-06-2022,Office Supplies,293,721.1,91.05,FALSE,303.5
20-06-2022,Clothing,401.9,1439.6,164.58,FALSE,417.7
20-06-2022,Automotive Parts,312.7,572.3,214.09,FALSE,309.8
20-06-2022,Beauty,397.35,1050,166.97,FALSE,398.6
20-06-2022,Sporting Goods,515,1410.9,126.38,FALSE,531.2
20-06-2022,Groceries,283,788.3,104.46,FALSE,255.2
20-06-2022,Pet Supplies,269.1,827,201.32,FALSE,251.8
20-06-2022,Electronics,274.5,309.9,46.31,FALSE,272.9
21-06-2022,Office Supplies,343.8,698.3,88.05,FALSE,340.7
21-06-2022,Furniture,254,1159.9,74.96,FALSE,252.4
21-06-2022,Sporting Goods,521.3,1411.5,128.33,FALSE,503.3
21-06-2022,Electronics,288.2,304.2,48.04,FALSE,301.9
21-06-2022,Beauty,642.8,1042.9,164.67,TRUE,628.15
21-06-2022,Apparel,432.8,1429.6,171.79,FALSE,425.5
21-06-2022,Groceries,404.9,781.6,104.39,TRUE,405.1
21-06-2022,Pet Supplies,429.6,805.1,202.35,TRUE,395.8
21-06-2022,Automotive Parts,295,578.2,211.3,FALSE,286.7
21-06-2022,Toys,341.5,592.6,242.63,FALSE,331.8
22-06-2022,Groceries,339.1,776.2,107.99,FALSE,322.2
22-06-2022,Office Supplies,369.4,696.6,87.85,FALSE,336.8
22-06-2022,Beauty,495.2,1021.4,166.84,FALSE,448.1
22-06-2022,Toys,356,584.6,244.68,FALSE,366.2
22-06-2022,Furniture,253.8,1153,73.72,FALSE,251.5
22-06-2022,Automotive Parts,324.4,557.3,210.65,FALSE,317.6
22-06-2022,Sporting Goods,571.3,1394.3,128.7,FALSE,570.5
22-06-2022,Electronics,432.2,303.6,47.41,TRUE,425.1
22-06-2022,Pet Supplies,330.6,795.5,203.46,FALSE,328.9
22-06-2022,Apparel,435.3,1418.1,168.12,FALSE,404.6
23-06-2022,Toys,360.9,574.5,236.95,FALSE,330.9
23-06-2022,Apparel,452.3,1408.6,172.14,FALSE,423.9
23-06-2022,Beauty,499.8,1010.9,162.84,FALSE,507.6
23-06-2022,Automotive Parts,507.5,553,215.7,TRUE,501.7
23-06-2022,Electronics,324,305,47.17,FALSE,327.5
23-06-2022,Pet Supplies,340.3,794.9,195.04,FALSE,316.8
23-06-2022,Furniture,309.7,1138,73.29,FALSE,298.2
23-06-2022,Sporting Goods,525.15,1397.7,131.59,FALSE,550.4
23-06-2022,Office Supplies,344,697.4,88.02,FALSE,347.1
23-06-2022,Groceries,341.5,776.1,107.77,FALSE,320.8
24-06-2022,Automotive Parts,332,549.9,216.93,FALSE,334.3
24-06-2022,Pet Supplies,375.7,783.8,198.47,FALSE,393
24-06-2022,Office Supplies,382.5,681.9,88.28,FALSE,350.3
24-06-2022,Electronics,248.4,314.8,45.62,FALSE,332.1
24-06-2022,Sporting Goods,586.2,1383.3,122.46,FALSE,595.3
24-06-2022,Groceries,349.1,776.8,111.15,FALSE,336.4
24-06-2022,Furniture,307.8,1137.1,76.52,FALSE,288.3
24-06-2022,Beauty,492.2,1013.6,167.18,FALSE,490.9
24-06-2022,Apparel,460.9,1401.6,169.2,FALSE,464.4
24-06-2022,Toys,387,554.7,237.11,FALSE,396.7
25-06-2022,Automotive Parts,346.4,542.4,215.3,FALSE,317.9
25-06-2022,Groceries,302.8,783.4,107.92,FALSE,329
25-06-2022,Apparel,451.9,1417.6,168.51,FALSE,378.4
25-06-2022,Beauty,447.6,1025.3,161.98,FALSE,433.7
25-06-2022,Furniture,298.8,1140.6,74.43,FALSE,281.2
25-06-2022,Toys,389,549.5,238.1,FALSE,352.8
25-06-2022,Office Supplies,356.7,689.9,90.59,FALSE,350.9
25-06-2022,Pet Supplies,324.5,789.7,194.12,FALSE,313.8
25-06-2022,Sporting Goods,564.5,1397.7,130.75,FALSE,563.6
25-06-2022,Electronics,291.1,322.2,47.11,FALSE,301.3
26-06-2022,Groceries,316.3,786.2,107.25,FALSE,316.6
26-06-2022,Electronics,286.3,316.6,46.78,FALSE,299.6
26-06-2022,Automotive Parts,642.8,551.3,217.8,FALSE,311.6
26-06-2022,Sporting Goods,642.8,1374.3,128.33,TRUE,628.15
26-06-2022,Apparel,481.2,1388.9,168.06,FALSE,476.9
26-06-2022,Office Supplies,342.5,698.9,89.89,FALSE,323.9
26-06-2022,Pet Supplies,307.6,807.1,197.09,FALSE,310
26-06-2022,Toys,353,558.8,240.39,FALSE,348.6
26-06-2022,Beauty,471.4,1016.6,163.13,FALSE,435.3
26-06-2022,Furniture,278.8,1151.5,74.4,FALSE,264
27-06-2022,Apparel,417,1417,171.41,FALSE,393.8
27-06-2022,Beauty,452.2,1017.5,165.88,FALSE,458
27-06-2022,Toys,340.6,563.9,232.84,FALSE,348.9
27-06-2022,Groceries,294.3,796.4,109.37,FALSE,280.7
27-06-2022,Sporting Goods,517.2,1398.9,130.82,FALSE,470.3
27-06-2022,Office Supplies,369.4,713.8,91.96,FALSE,281.7
27-06-2022,Electronics,284.2,308.5,45.88,FALSE,261.6
27-06-2022,Furniture,303.9,1152.2,74.43,FALSE,252.9
27-06-2022,Pet Supplies,303.4,787.8,195.64,FALSE,303.2
27-06-2022,Automotive Parts,294.3,560.2,216.2,FALSE,308.3
28-06-2022,Toys,345.5,567.1,242.56,FALSE,341.4
28-06-2022,Beauty,416.6,1025.3,161.74,FALSE,395.4
28-06-2022,Furniture,276.4,1158.3,72.16,FALSE,267.8
28-06-2022,Apparel,580.2,1424.8,175.58,TRUE,532.1
28-06-2022,Electronics,283.3,1722.47,45.49,FALSE,256.8
28-06-2022,Sporting Goods,540.8,1386,129.47,FALSE,558.5
28-06-2022,Pet Supplies,265.1,795.9,192.12,FALSE,251.5
28-06-2022,Automotive Parts,330.1,545.2,214.9,FALSE,299.3
28-06-2022,Groceries,307.1,781.5,107.81,FALSE,297.4
28-06-2022,Office Supplies,286.8,705.7,93.15,FALSE,275.4
29-06-2022,Automotive Parts,328.1,546.7,214.66,FALSE,309.6
29-06-2022,Toys,382,557.4,236.21,FALSE,347.8
29-06-2022,Furniture,301.3,1146.3,72.13,FALSE,293.7
29-06-2022,Beauty,478.2,1004.5,165.71,FALSE,499.1
29-06-2022,Office Supplies,356.8,685.5,88.88,FALSE,344.1
29-06-2022,Electronics,289.3,297.8,46.39,FALSE,266
29-06-2022,Groceries,319.3,778.6,107.03,FALSE,295
29-06-2022,Pet Supplies,296.7,791.9,204.57,FALSE,278.8
29-06-2022,Apparel,418.7,1418.2,169.55,FALSE,418.6
29-06-2022,Sporting Goods,606.9,1372.9,133.62,FALSE,582.1
30-06-2022,Pet Supplies,357.4,778.9,191.52,FALSE,335.7
30-06-2022,Electronics,454.6,280.5,48.66,TRUE,451.8
30-06-2022,Office Supplies,360.9,689.6,89.82,FALSE,361.5
30-06-2022,Groceries,344,771,107.38,FALSE,335
30-06-2022,Toys,363.4,571.4,232.89,FALSE,376.8
30-06-2022,Furniture,303.9,1149,73.64,FALSE,283.8
30-06-2022,Automotive Parts,332,548.7,217.8,FALSE,317.9
30-06-2022,Beauty,642.8,994.4,166.04,FALSE,495.5
30-06-2022,Clothing,450.4,1423.8,174.25,FALSE,461.6
30-06-2022,Sporting Goods,606.1,1368.8,125.28,FALSE,602.3
01-07-2022,Automotive Parts,338.5,656.2,215.23,FALSE,341.1
01-07-2022,Sporting Goods,642.8,1347.9,127.45,FALSE,628.15
01-07-2022,Furniture,303.1,1147.6,74.77,FALSE,273
01-07-2022,Toys,370.9,577.1,229.1,FALSE,384
01-07-2022,Beauty,642.8,981.5,165.08,TRUE,628.15
01-07-2022,Electronics,310.1,281,45.06,FALSE,312.4
01-07-2022,Clothing,460.3,1423.5,167.09,FALSE,451.4
02-07-2022,Furniture,268.6,1097.3,76.36,FALSE,258.7
02-07-2022,Electronics,298.4,279.3,46.34,FALSE,284.9
02-07-2022,Furniture,320.4,1143.7,73.67,FALSE,310.8
02-07-2022,Groceries,302.8,775.9,357.79,TRUE,432.2
02-07-2022,Sporting Goods,540.1,1381.9,125.73,FALSE,538.4
02-07-2022,Beauty,493.3,992.3,168.84,FALSE,485.6
02-07-2022,Pet Supplies,353.8,789.9,198.65,FALSE,341.2
02-07-2022,Toys,382.5,571.5,230.4,FALSE,346.3
02-07-2022,Automotive Parts,341.3,554.6,218.84,FALSE,343.2
02-07-2022,Apparel,452.8,1422.6,170.68,FALSE,443.9
03-07-2022,Automotive Parts,312.3,567.3,220.62,FALSE,318.5
03-07-2022,Office Supplies,311.3,711.9,89.19,FALSE,283.5
03-07-2022,Groceries,321.8,771.6,108.38,FALSE,305.7
03-07-2022,Apparel,445.3,1430.5,168.36,FALSE,452
03-07-2022,Office Supplies,375.4,740,91.31,FALSE,341.4
03-07-2022,Furniture,307.2,1145.4,75.58,FALSE,281.3
03-07-2022,Electronics,262.2,293.4,46.24,FALSE,244.8
03-07-2022,Beauty,430.3,1010.6,167.83,FALSE,441.7
03-07-2022,Sporting Goods,519,1449.1,126.92,FALSE,525.5
03-07-2022,Sporting Goods,642.8,1375.2,127.66,TRUE,609.5
04-07-2022,Pet Supplies,328.2,793.3,195.74,FALSE,339.5
04-07-2022,Beauty,428.1,1007.8,164.51,FALSE,427.1
04-07-2022,Office Supplies,317.2,713,89.82,FALSE,314.8
04-07-2022,Furniture,360.5,1161.1,74.47,TRUE,363.9
04-07-2022,Automotive Parts,272.8,585.2,215.69,FALSE,267.2
04-07-2022,Toys,642.8,594,236.2,FALSE,330.1
04-07-2022,Groceries,360.7,754.7,107.5,FALSE,331.6
04-07-2022,Groceries,267,790,104.86,FALSE,242.1
04-07-2022,Toys,328.8,639.8,231.33,FALSE,342
05-07-2022,Pet Supplies,412.1,801.5,193,TRUE,376.3
05-07-2022,Sporting Goods,525.4,1380.1,129.63,FALSE,524.7
05-07-2022,Furniture,290.5,1148.7,75.1,FALSE,294
05-07-2022,Electronics,265.5,300.4,46.3,FALSE,268.1
05-07-2022,Beauty,454.7,997.7,165.3,FALSE,454.2
05-07-2022,Automotive Parts,340.9,568,218.68,FALSE,351.1
05-07-2022,Office Supplies,330.8,706.9,90.62,FALSE,319.2
05-07-2022,Toys,364.5,587.9,242.43,FALSE,366.5
05-07-2022,Groceries,397.9,780.5,104.74,TRUE,364.3
06-07-2022,Groceries,313.9,776.6,104.31,FALSE,317.3
06-07-2022,Sporting Goods,584.3,1406.1,126.23,FALSE,565.3
06-07-2022,Automotive Parts,296,573.9,218.26,FALSE,283.6
06-07-2022,Sporting Goods,531.4,1385.2,121.57,FALSE,487
06-07-2022,Office Supplies,345.7,695.8,91.39,FALSE,351.6
06-07-2022,Pet Supplies,504.6,790.5,205.07,TRUE,476.1
06-07-2022,Beauty,481.1,983.5,163.74,FALSE,387.5
06-07-2022,Electronics,248.4,296.9,46.94,FALSE,242.1
06-07-2022,Apparel,473.2,1430.1,164.23,FALSE,427.4
06-07-2022,Office Supplies,317.7,731.3,91.45,FALSE,327.9
07-07-2022,Apparel,482.4,1418.7,172.04,FALSE,461.5
07-07-2022,Beauty,519.2,963.2,169.67,FALSE,517.9
07-07-2022,Groceries,345.7,761.5,109.11,FALSE,295.35
07-07-2022,Electronics,310.5,280.1,46.56,FALSE,323.4
07-07-2022,Furniture,287.6,1160.7,72.14,FALSE,278.9
07-07-2022,Automotive Parts,332,570.6,217.9,FALSE,317.9
07-07-2022,Office Supplies,399,679.4,88.26,FALSE,409.9
07-07-2022,Pet Supplies,559.8,789.1,197.37,TRUE,507.9
07-07-2022,Toys,313.75,584.2,239.56,FALSE,400.4
07-07-2022,Sporting Goods,573.3,1370.7,128.05,FALSE,553.7
08-07-2022,Toys,357,577.1,242.25,FALSE,354.6
08-07-2022,Sporting Goods,642.8,1341.5,132.82,FALSE,628.15
08-07-2022,Groceries,339.4,766.9,109.11,FALSE,348.7
08-07-2022,Toys,561.8,585.8,232.99,TRUE,527.1
08-07-2022,Office Supplies,349.2,696.2,88.81,FALSE,342.6
08-07-2022,Automotive Parts,310.3,568.6,208.02,FALSE,284.7
08-07-2022,Pet Supplies,364.3,787.6,201.4,FALSE,371
08-07-2022,Beauty,456.6,952,162.88,FALSE,433
08-07-2022,Apparel,479.8,1424.9,169.87,FALSE,456
09-07-2022,Furniture,398,977.65,75.31,FALSE,372.9
09-07-2022,Automotive Parts,329.1,508.9,214.32,FALSE,341.9
09-07-2022,Sporting Goods,551.9,1722.47,125.97,FALSE,553.9
09-07-2022,Toys,374.5,581.3,233.75,FALSE,302.8
09-07-2022,Groceries,331.7,693.1,109.91,FALSE,302.4
09-07-2022,Furniture,341.5,1722.47,357.79,FALSE,326.5
09-07-2022,Apparel,447.9,1438,173.49,FALSE,438.8
09-07-2022,Beauty,471.6,954.4,163.26,FALSE,439.5
09-07-2022,Toys,380.8,605.1,244.85,FALSE,302.8
09-07-2022,Automotive Parts,314.7,564.2,224.44,FALSE,285.8
09-07-2022,Pet Supplies,373.1,739,197.22,FALSE,373
10-07-2022,Apparel,435.5,1435,171.58,FALSE,424
10-07-2022,Toys,375.7,586.6,240.15,FALSE,360.1
10-07-2022,Electronics,264.1,285.1,45.93,FALSE,243.7
10-07-2022,Furniture,326.7,1139.3,73.2,FALSE,307.2
10-07-2022,Sporting Goods,518.5,1458.6,126.86,FALSE,534
10-07-2022,Office Supplies,323.1,704.9,89.82,FALSE,302.8
10-07-2022,Pet Supplies,395.1,803.2,202.8,TRUE,389.4
10-07-2022,Automotive Parts,309.1,562.7,214.58,FALSE,302.6
10-07-2022,Groceries,296.3,788.5,108.24,FALSE,268.9
11-07-2022,Automotive Parts,308.9,570.9,223.56,FALSE,320.7
11-07-2022,Electronics,244.4,281.5,47.03,FALSE,235.6
11-07-2022,Sporting Goods,496.7,1476,127.29,FALSE,472.4
11-07-2022,Furniture,306.5,1148.8,76.3,FALSE,309.1
11-07-2022,Pet Supplies,272.5,806.2,191.23,FALSE,258.8
11-07-2022,Toys,370.2,584,242.76,FALSE,362.6
11-07-2022,Apparel,478.8,1378.1,175.49,FALSE,479.1
11-07-2022,Office Supplies,316.3,714.2,89.82,FALSE,331
11-07-2022,Groceries,300.3,789.2,109.15,FALSE,306.6
11-07-2022,Beauty,397.8,976.1,164.86,FALSE,362.8
11-07-2022,Sporting Goods,453.7,1413.7,130.6,FALSE,410.4
11-07-2022,Groceries,422.6,770.2,107.63,TRUE,393
12-07-2022,Pet Supplies,320.5,785.8,197.2,FALSE,330.4
12-07-2022,Groceries,387.1,611.4,109.92,FALSE,359.6
12-07-2022,Sporting Goods,642.8,1378.8,126.03,TRUE,628.15
12-07-2022,Electronics,249.1,287.8,47.73,FALSE,226.6
12-07-2022,Toys,382.7,581.9,231.02,FALSE,302.8
12-07-2022,Furniture,311.1,1152.4,76.4,FALSE,307.1
12-07-2022,Apparel,394.6,1461.4,169.79,FALSE,361.6
12-07-2022,Beauty,477.4,955.2,162.88,FALSE,446
12-07-2022,Automotive Parts,287.2,584,219.45,FALSE,268.6
12-07-2022,Groceries,271.6,791.9,108.42,FALSE,249.9
13-07-2022,Toys,362.4,585.8,245.11,FALSE,372.5
13-07-2022,Groceries,362.2,788.2,109.24,TRUE,354.5
13-07-2022,Electronics,264.9,274.8,46.06,FALSE,244.9
13-07-2022,Pet Supplies,316.2,789.2,197.72,FALSE,285.2
13-07-2022,Apparel,453.8,1443.1,166.75,FALSE,446.6
13-07-2022,Sporting Goods,511.8,1394.4,126.95,FALSE,490.6
13-07-2022,Furniture,642.8,1150.4,75.91,FALSE,298.1
13-07-2022,Office Supplies,341.6,710.1,90.33,FALSE,342.4
13-07-2022,Beauty,478.2,950.4,162.36,FALSE,452.2
13-07-2022,Automotive Parts,305.4,580.5,215.41,FALSE,284.4
14-07-2022,Electronics,294.8,259.5,46.88,FALSE,293.3
14-07-2022,Pet Supplies,348,770.7,192.86,FALSE,347.6
14-07-2022,Groceries,342.6,693.1,108.51,FALSE,322.9
14-07-2022,Apparel,457.3,1437,175.63,FALSE,438.8
14-07-2022,Beauty,397.35,951.9,166.06,FALSE,452.5
14-07-2022,Sporting Goods,525.15,1367,128.46,FALSE,571.7
14-07-2022,Automotive Parts,332.9,572.4,214.23,FALSE,332.4
14-07-2022,Furniture,339.6,1143,74.43,FALSE,351.2
14-07-2022,Toys,395.6,581.4,233.47,FALSE,378.9
14-07-2022,Office Supplies,349.2,705.4,88.18,FALSE,361.35
15-07-2022,Automotive Parts,322.4,575,220.29,FALSE,319.6
15-07-2022,Electronics,302.8,1722.47,45.86,FALSE,311.2
15-07-2022,Office Supplies,393.4,693.8,89.71,FALSE,393.4
15-07-2022,Groceries,339.1,780.3,107.78,FALSE,336.8
15-07-2022,Pet Supplies,368.8,750.7,196.96,FALSE,343.3
15-07-2022,Furniture,360.2,1141.4,75.71,FALSE,354.4
15-07-2022,Apparel,455.1,1438.2,170.75,FALSE,414.6
15-07-2022,Toys,403.5,580.1,239.39,FALSE,409.5
15-07-2022,Sporting Goods,579,1369.4,125.78,FALSE,580.3
15-07-2022,Beauty,502.2,936.1,165.51,FALSE,469.5
16-07-2022,Groceries,325.4,780.8,107.52,FALSE,307.9
16-07-2022,Automotive Parts,266.8,592.8,220.52,FALSE,253.5
16-07-2022,Beauty,470.7,951.1,167.37,FALSE,483.6
16-07-2022,Office Supplies,404.8,690.2,90.1,FALSE,393.7
16-07-2022,Toys,373.6,583.1,234.51,FALSE,390.9
16-07-2022,Furniture,330.6,1150.1,75.89,FALSE,311.1
16-07-2022,Sporting Goods,530.1,1388.5,127.05,FALSE,490.9
16-07-2022,Electronics,285.1,263.4,46.43,FALSE,271.6
16-07-2022,Apparel,463.3,1439.8,169.12,FALSE,435.7
16-07-2022,Pet Supplies,375.1,742.1,198.2,FALSE,373.6
17-07-2022,Furniture,325.6,1151.5,74.41,FALSE,295.8
17-07-2022,Office Supplies,342,703.9,89.71,FALSE,334.8
17-07-2022,Toys,372.5,583.3,244.49,FALSE,385
17-07-2022,Beauty,416.9,964.2,164.86,FALSE,386.5
17-07-2022,Electronics,261.6,271.7,46.54,FALSE,271
17-07-2022,Sporting Goods,525.15,1397.7,127.54,FALSE,514.4
17-07-2022,Clothing,400.7,1452.4,170.58,FALSE,387.3
17-07-2022,Automotive Parts,320,575.9,217.8,FALSE,320.7
17-07-2022,Groceries,287.3,801.7,108.92,FALSE,287.3
17-07-2022,Pet Supplies,319.8,807.1,192.88,FALSE,302.1
18-07-2022,Automotive Parts,303.1,586,227.63,FALSE,294.2
18-07-2022,Electronics,246,276.7,47.64,FALSE,238.9
18-07-2022,Pet Supplies,297.9,776,192.75,FALSE,304.5
18-07-2022,Sporting Goods,539.9,1390.7,127.37,FALSE,543.8
18-07-2022,Office Supplies,327.9,700.4,93.14,FALSE,331.7
18-07-2022,Beauty,421,961.2,170.97,FALSE,395.4
18-07-2022,Toys,360.1,572.6,237.74,FALSE,331.9
18-07-2022,Groceries,272.8,803.4,108.27,FALSE,250.5
18-07-2022,Apparel,445,1440.7,167.58,FALSE,401
18-07-2022,Furniture,306.5,977.65,77.23,FALSE,292.6
19-07-2022,Electronics,246.9,271.7,47.94,FALSE,237.6
19-07-2022,Pet Supplies,321.3,764.1,199.47,FALSE,308.9
19-07-2022,Groceries,269.9,804.2,106.23,FALSE,256.5
19-07-2022,Sporting Goods,488.6,1398.7,128.87,FALSE,463
19-07-2022,Apparel,453.7,1443.8,166.66,FALSE,442.8
19-07-2022,Office Supplies,325.7,701.5,89.02,FALSE,330.6
19-07-2022,Toys,334.4,585.4,237.24,FALSE,317.5
19-07-2022,Furniture,314.8,977.65,73.19,FALSE,289.7
19-07-2022,Automotive Parts,281.9,591.3,219.13,FALSE,259.2
19-07-2022,Beauty,448.7,953.2,163.29,FALSE,412.3
20-07-2022,Apparel,446.7,1435.9,174.6,FALSE,437.8
20-07-2022,Groceries,303,693.1,107.49,FALSE,313.6
20-07-2022,Sporting Goods,546.9,1384.6,129.6,FALSE,526.3
20-07-2022,Office Supplies,379.2,685.8,90,FALSE,354.8
20-07-2022,Automotive Parts,317,575.4,210.56,FALSE,317.5
20-07-2022,Beauty,454.5,950.6,165.58,FALSE,438.1
20-07-2022,Pet Supplies,370.6,399.6,193.1,FALSE,348.8
20-07-2022,Electronics,259.6,271.5,46.78,FALSE,259.7
20-07-2022,Toys,383.3,581.8,226.53,FALSE,347.8
20-07-2022,Furniture,328.9,1164.9,74.14,FALSE,330.9
21-07-2022,Sporting Goods,525.15,1366.6,126.17,FALSE,512.9
21-07-2022,Toys,380.5,584,357.79,FALSE,363.4
21-07-2022,Electronics,305,258.7,46.23,FALSE,318.8
21-07-2022,Automotive Parts,298.3,580.3,217.41,FALSE,304.2
21-07-2022,Groceries,367.2,775.4,106.61,FALSE,331.5
21-07-2022,Furniture,303.9,1152.4,77.14,FALSE,358.2
21-07-2022,Pet Supplies,367.6,396,197.13,FALSE,373.4
21-07-2022,Office Supplies,342.5,1722.47,90.58,FALSE,355.1
21-07-2022,Apparel,475.8,1419.5,169.66,FALSE,460.3
21-07-2022,Beauty,515.2,931.4,170,FALSE,532.2
22-07-2022,Beauty,467.2,947.8,163.8,FALSE,486.7
22-07-2022,Groceries,385.1,770.6,105.59,FALSE,352.4
22-07-2022,Sporting Goods,601.9,1375.4,130.65,FALSE,584.8
22-07-2022,Toys,383.4,582.4,231.06,FALSE,391.7
22-07-2022,Furniture,365.3,1139.5,72.92,FALSE,375.4
22-07-2022,Electronics,301.8,252.2,46.87,FALSE,304.6
22-07-2022,Automotive Parts,322.1,565.3,212.03,FALSE,293.1
22-07-2022,Office Supplies,410.4,672.8,89.88,FALSE,421.8
22-07-2022,Apparel,490.2,1416.2,169.96,FALSE,470.2
22-07-2022,Pet Supplies,537.1,395.7,203.2,TRUE,64.55
23-07-2022,Apparel,642.8,1433.7,169.66,TRUE,628.15
23-07-2022,Groceries,521.1,1722.47,110.06,TRUE,497.6
23-07-2022,Beauty,477.1,935.3,166.43,FALSE,387.5
23-07-2022,Toys,383.4,587.3,237.14,FALSE,350.9
23-07-2022,Automotive Parts,317.5,569.5,219.16,FALSE,306.1
23-07-2022,Office Supplies,364.8,690.5,88.21,FALSE,363
23-07-2022,Furniture,379.2,1133.5,76.66,FALSE,346.1
23-07-2022,Electronics,265.9,270.7,47.75,FALSE,266.8
23-07-2022,Pet Supplies,354.9,397.6,196.71,FALSE,348.8
23-07-2022,Sporting Goods,610.7,1383.6,129.47,FALSE,568.7
24-07-2022,Toys,473.3,579,237.11,TRUE,458.8
24-07-2022,Groceries,288.7,799.3,105.69,FALSE,301.8
24-07-2022,Office Supplies,353.3,693.2,89.43,FALSE,340
24-07-2022,Pet Supplies,303.5,410.1,201.43,FALSE,282.8
24-07-2022,Electronics,242.4,275.9,48.23,FALSE,248.1
24-07-2022,Automotive Parts,305.4,572.2,218.71,FALSE,291.2
24-07-2022,Clothing,445.6,940,172.43,FALSE,430.3
24-07-2022,Sporting Goods,571.7,1398.1,133.08,FALSE,533
24-07-2022,Beauty,474.5,932.9,164.55,FALSE,431.1
24-07-2022,Furniture,330.5,1148.7,73.28,FALSE,299.9
25-07-2022,Beauty,624,942.5,169.09,TRUE,619.7
25-07-2022,Sporting Goods,642.8,1410,122.46,FALSE,569.6
25-07-2022,Pet Supplies,309.5,776.8,202.48,FALSE,323.7
25-07-2022,Electronics,248.4,283.9,45.49,FALSE,216.9
25-07-2022,Furniture,320.1,977.65,76.27,FALSE,325.4
25-07-2022,Office Supplies,305.9,698.7,88.36,FALSE,295
25-07-2022,Apparel,405.5,944.5,172.79,FALSE,420.3
25-07-2022,Toys,371.6,582.3,235.92,FALSE,375.2
25-07-2022,Automotive Parts,288.3,573.7,219.56,FALSE,288.1
25-07-2022,Groceries,270.4,803.5,106.71,FALSE,251.5
26-07-2022,Toys,376.4,584.3,239.62,FALSE,378.4
26-07-2022,Electronics,241.2,273.3,45.8,FALSE,237.9
26-07-2022,Sporting Goods,492.3,1423.6,128.73,FALSE,461.2
26-07-2022,Pet Supplies,324.3,1722.47,195.63,FALSE,319.4
26-07-2022,Furniture,330.1,1146.3,74.93,FALSE,306.6
26-07-2022,Beauty,446.3,941.5,164.86,FALSE,458.2
26-07-2022,Automotive Parts,323.5,563.3,222.57,FALSE,311.8
26-07-2022,Apparel,504.4,940,165.33,TRUE,64.55
26-07-2022,Office Supplies,471.5,685.7,89.82,TRUE,462.9
26-07-2022,Groceries,299.2,800.3,105.06,FALSE,275.1
27-07-2022,Sporting Goods,528.9,1412.2,124.8,FALSE,539.6
27-07-2022,Automotive Parts,329.1,564.2,218.02,FALSE,277.1
27-07-2022,Beauty,481.3,930,169.26,FALSE,449
27-07-2022,Pet Supplies,352.1,525.8,196.71,FALSE,344.5
27-07-2022,Clothing,443.2,929.8,166.03,FALSE,431.9
27-07-2022,Toys,392.1,574.2,233.31,FALSE,388.9
27-07-2022,Office Supplies,343.2,688.6,89.35,FALSE,320.8
27-07-2022,Groceries,642.8,799.7,105.96,FALSE,295.3
27-07-2022,Electronics,273.5,257.4,47.9,FALSE,258.5
27-07-2022,Furniture,338.5,1138.3,73.41,FALSE,321.9
28-07-2022,Pet Supplies,400.2,513.1,193.82,FALSE,64.55
28-07-2022,Furniture,328,1147.7,74.76,FALSE,312.1
28-07-2022,Office Supplies,369.4,661.9,91.9,FALSE,389
28-07-2022,Toys,407.2,557,233.71,FALSE,372.5
28-07-2022,Beauty,493.1,934.7,166.5,FALSE,495.2
28-07-2022,Sporting Goods,642.8,997.2,125.82,TRUE,628.15
28-07-2022,Apparel,472.1,923.5,169.88,FALSE,474.7
28-07-2022,Automotive Parts,317.3,554.8,217.94,FALSE,324.6
28-07-2022,Electronics,290.1,249.3,47.3,FALSE,284.5
28-07-2022,Groceries,320.2,791.9,107.58,FALSE,301.2
29-07-2022,Pet Supplies,392.6,515.5,196.27,FALSE,376.4
29-07-2022,Office Supplies,393.8,668,88.27,FALSE,377.6
29-07-2022,Toys,384,569.1,234.09,FALSE,356.9
29-07-2022,Furniture,339.2,1144.9,74.93,FALSE,289.7
29-07-2022,Groceries,348,779,103.5,FALSE,354.4
29-07-2022,Beauty,474.5,934.6,167.38,FALSE,469.9
29-07-2022,Automotive Parts,340.2,547.5,221.44,FALSE,311.4
29-07-2022,Sporting Goods,574.1,999.7,128.19,FALSE,601.8
29-07-2022,Electronics,294.7,244.3,48.63,FALSE,280.7
29-07-2022,Apparel,462.3,1418.2,163.54,FALSE,454.7
30-07-2022,Sporting Goods,573.6,1003.1,132.77,FALSE,64.55
30-07-2022,Office Supplies,407.9,659.1,88.92,FALSE,401.9
30-07-2022,Clothing,455.2,1413.1,171.34,FALSE,467.2
30-07-2022,Pet Supplies,345.6,525.7,191.54,FALSE,316.8
30-07-2022,Groceries,329.1,788.6,108.25,FALSE,325.4
30-07-2022,Automotive Parts,301.4,656.2,213.55,FALSE,274.9
30-07-2022,Electronics,342.6,253.6,46.81,TRUE,335.5
30-07-2022,Beauty,476.1,935.3,162.82,FALSE,471.9
30-07-2022,Toys,396.3,562.7,234.89,FALSE,408.6
30-07-2022,Furniture,303.9,1135.1,74.34,FALSE,343.2
31-07-2022,Groceries,296.5,788.7,108.16,FALSE,282.1
31-07-2022,Beauty,420.4,963.1,164.58,FALSE,432.3
31-07-2022,Sporting Goods,518.1,1015.2,126.88,FALSE,513.6
31-07-2022,Electronics,357.7,252.3,46.17,TRUE,342
31-07-2022,Apparel,409.6,1421.5,171.9,FALSE,386.4
31-07-2022,Office Supplies,328.3,683,89.13,FALSE,330.9
31-07-2022,Toys,531.3,558.5,236.39,TRUE,498.3
31-07-2022,Automotive Parts,274.1,555.6,212.91,FALSE,272.8
31-07-2022,Pet Supplies,337.1,763.8,201.92,FALSE,333
31-07-2022,Furniture,363.9,977.65,78.05,FALSE,381.7
01-08-2022,Sporting Goods,504.5,1433.5,130.07,FALSE,500.6
01-08-2022,Office Supplies,341.4,674.1,91.17,FALSE,340.9
01-08-2022,Pet Supplies,476.9,765.3,195.3,TRUE,434.8
01-08-2022,Beauty,393.7,968.9,166.93,FALSE,362.3
01-08-2022,Toys,380.5,568.9,238.51,FALSE,392.5
01-08-2022,Groceries,261.9,803.7,107.59,FALSE,259.8
01-08-2022,Furniture,319.9,1151.2,72.99,FALSE,308.2
01-08-2022,Office Supplies,369.4,405.3,89.88,FALSE,469.7
01-08-2022,Furniture,316.1,1067.5,73.11,FALSE,329.1
01-08-2022,Clothing,397.5,1425.9,171.1,FALSE,417.4
02-08-2022,Beauty,585.7,959.3,164.2,TRUE,613.4
02-08-2022,Sporting Goods,525.15,1431.6,126.44,FALSE,453.3
02-08-2022,Electronics,238.6,253.1,47.81,FALSE,242.1
02-08-2022,Automotive Parts,275.8,558.3,212.63,FALSE,275.1
02-08-2022,Toys,341.6,580.2,227.22,FALSE,318.4
02-08-2022,Pet Supplies,312.6,758.3,192.94,FALSE,310.6
03-08-2022,Toys,281.5,655.1,234.85,FALSE,271.3
03-08-2022,Sporting Goods,636.5,1426.7,128.33,TRUE,621.4
03-08-2022,Electronics,328.9,343.3,47.5,FALSE,323.1
03-08-2022,Pet Supplies,273.3,820.5,196.89,FALSE,310.6
03-08-2022,Beauty,453.4,952.9,163.6,FALSE,450.2
03-08-2022,Furniture,368.7,1133.9,74.05,FALSE,384.3
03-08-2022,Electronics,251.9,251.5,45.94,FALSE,256
03-08-2022,Clothing,436.8,1410.4,170.57,FALSE,426.3
03-08-2022,Pet Supplies,360.7,749.3,200.14,FALSE,338.7
04-08-2022,Apparel,418.1,1373.2,163.64,FALSE,427.4
04-08-2022,Pet Supplies,359,749.3,192.65,FALSE,369.7
04-08-2022,Sporting Goods,546.5,1423.1,130,FALSE,539.2
04-08-2022,Apparel,502.3,1393.5,172.75,FALSE,507.4
04-08-2022,Furniture,367.6,1126.7,75.1,FALSE,382.2
04-08-2022,Electronics,254,251.7,47.56,FALSE,628.15
04-08-2022,Beauty,397.35,1004.7,162.7,FALSE,456.3
04-08-2022,Toys,402.3,569.7,240.25,FALSE,362.7
04-08-2022,Electronics,367.8,292,46.78,FALSE,342.8
05-08-2022,Toys,397.5,568.7,239.06,FALSE,399.8
05-08-2022,Beauty,487.7,938.3,162.36,FALSE,465.9
05-08-2022,Automotive Parts,274.9,559.7,214.53,FALSE,265.5
05-08-2022,Apparel,472.4,1402.5,172.66,FALSE,443.9
05-08-2022,Electronics,351.4,277.6,46.74,FALSE,317.9
05-08-2022,Sporting Goods,562,1423.7,126.62,FALSE,549.8
05-08-2022,Groceries,348.4,779.7,104.58,FALSE,339.2
05-08-2022,Office Supplies,398.6,674.7,89.69,FALSE,375.1
05-08-2022,Furniture,372.9,1124.5,71.18,FALSE,336.7
05-08-2022,Pet Supplies,362.2,744.6,197.56,FALSE,329.2
06-08-2022,Pet Supplies,382.3,743.9,196.71,FALSE,384.8
06-08-2022,Electronics,280.7,251.7,47.39,FALSE,272.6
06-08-2022,Office Supplies,391.5,681,94.52,FALSE,393.9
06-08-2022,Automotive Parts,491.8,532.3,215.88,TRUE,499.4
06-08-2022,Automotive Parts,300.8,559.3,216.06,FALSE,288.8
06-08-2022,Toys,407.7,574.8,239.62,FALSE,426.8
06-08-2022,Furniture,364.5,1123.9,75.12,FALSE,348.8
06-08-2022,Beauty,465.9,948.2,162.42,FALSE,424.5
06-08-2022,Groceries,322.2,779.4,106.03,FALSE,322
07-08-2022,Sporting Goods,547.7,1466.2,128.33,TRUE,512.9
07-08-2022,Automotive Parts,295.7,562.9,212.93,FALSE,294.3
07-08-2022,Office Supplies,401.3,685.7,87.53,FALSE,365.8
07-08-2022,Groceries,303.2,775.4,106.7,FALSE,279.7
07-08-2022,Furniture,347.9,977.65,75.12,FALSE,320.9
07-08-2022,Electronics,232.4,265.8,45.99,FALSE,213.7
07-08-2022,Beauty,526.4,1016.3,170.03,FALSE,500.8
07-08-2022,Furniture,330.6,1137.8,74.52,FALSE,334.4
07-08-2022,Apparel,642.8,984.5,173.9,FALSE,472.3
07-08-2022,Pet Supplies,350.7,749.7,191.34,FALSE,359.7
07-08-2022,Electronics,326.1,276,45.56,FALSE,306
08-08-2022,Office Supplies,349.7,701.6,88.98,FALSE,354.3
08-08-2022,Sporting Goods,483.7,1461.6,126.24,FALSE,436.7
08-08-2022,Apparel,426.7,993,172.61,FALSE,391.1
08-08-2022,Toys,347,586.4,241.16,FALSE,322.7
08-08-2022,Groceries,308.2,769.1,107.72,FALSE,312.8
08-08-2022,Furniture,341.9,1130.3,73.27,FALSE,330.1
08-08-2022,Electronics,216.6,275.8,47.91,FALSE,211.4
08-08-2022,Automotive Parts,268.5,570.2,226.6,FALSE,258.8
08-08-2022,Pet Supplies,514.1,748.4,200.03,TRUE,496.9
08-08-2022,Beauty,430.9,955.8,160.43,FALSE,437.1
09-08-2022,Beauty,451.2,947.9,171.76,FALSE,465.7
09-08-2022,Pet Supplies,302.1,758.5,187.67,FALSE,272.4
09-08-2022,Furniture,393.6,1166.2,75.5,FALSE,412.5
09-08-2022,Toys,364.7,581,232.94,FALSE,350.5
09-08-2022,Groceries,272.5,776.4,107.5,FALSE,253.4
09-08-2022,Sporting Goods,504.1,1449,129.49,FALSE,511
09-08-2022,Office Supplies,343,699.1,93.09,FALSE,358.1
09-08-2022,Electronics,238.1,262.5,46.48,FALSE,234.8
09-08-2022,Apparel,479.7,1362.1,165.44,FALSE,470.2
10-08-2022,Electronics,247.6,258.9,46.99,FALSE,241
10-08-2022,Groceries,306.6,520.6,109.72,FALSE,309.6
10-08-2022,Sporting Goods,525.15,1440,127.64,FALSE,572.2
10-08-2022,Office Supplies,357.3,700.7,90.93,FALSE,329.9
10-08-2022,Clothing,448.6,989.8,168.69,FALSE,418.8
10-08-2022,Beauty,473.5,934.7,167.43,FALSE,427
10-08-2022,Furniture,345.1,1129.6,74.57,FALSE,361.6
10-08-2022,Pet Supplies,359.8,741,202.38,FALSE,358.6
10-08-2022,Toys,401.4,576.5,240.51,FALSE,302.8
10-08-2022,Beauty,438.9,931.1,165.19,FALSE,419.2
10-08-2022,Automotive Parts,292.9,556.2,225.02,FALSE,276.9
11-08-2022,Furniture,382.2,1120.2,75.53,FALSE,389.3
11-08-2022,Sporting Goods,642.8,1473.5,130.17,TRUE,628.15
11-08-2022,Sporting Goods,560.6,1436.6,129.33,FALSE,569.6
11-08-2022,Clothing,490.8,980.9,173.24,FALSE,459.2
11-08-2022,Pet Supplies,369.5,735.9,197.96,FALSE,364
11-08-2022,Groceries,351.8,505.5,107.02,FALSE,346.1
11-08-2022,Beauty,529.1,988.6,164.86,TRUE,482.2
11-08-2022,Toys,394,575.1,226.46,FALSE,411.4
11-08-2022,Office Supplies,395.6,685.2,88.89,FALSE,371.3
11-08-2022,Electronics,248.4,255.1,46.91,FALSE,257
12-08-2022,Electronics,286.9,247.9,48.3,FALSE,242.1
12-08-2022,Groceries,337.4,507,109.89,FALSE,64.55
12-08-2022,Pet Supplies,380.7,735.1,198.11,FALSE,395.2
12-08-2022,Office Supplies,369.4,688.1,90.09,FALSE,361.35
12-08-2022,Automotive Parts,298.2,558,217.8,FALSE,306.1
12-08-2022,Beauty,411.8,971.4,166.4,FALSE,408.6
12-08-2022,Clothing,516.3,1402.4,173.6,FALSE,480.6
12-08-2022,Electronics,310.3,279.8,46.87,FALSE,312.7
12-08-2022,Beauty,485.5,946.6,165.86,FALSE,387.5
12-08-2022,Toys,386.8,1722.47,235.85,FALSE,350.8
13-08-2022,Groceries,317.9,511,106.43,FALSE,320.1
13-08-2022,Electronics,262.1,253.5,46.21,FALSE,266
13-08-2022,Furniture,379.6,1123.1,76.21,FALSE,370.7
13-08-2022,Beauty,553.5,961.3,169.39,TRUE,554.4
13-08-2022,Automotive Parts,279.9,1722.47,215.83,FALSE,264.2
13-08-2022,Apparel,511.8,1407,166.41,FALSE,476.6
13-08-2022,Office Supplies,536.7,704.3,88.04,TRUE,492.6
13-08-2022,Sporting Goods,577.5,1423.5,132.33,FALSE,600.5
13-08-2022,Pet Supplies,381.4,730,196.71,FALSE,310.6
13-08-2022,Toys,379.7,574.9,235,FALSE,366.8
14-08-2022,Furniture,375.4,977.65,74.86,FALSE,369.5
14-08-2022,Office Supplies,369.4,1722.47,88.43,FALSE,369.4
14-08-2022,Toys,386.2,582.2,236.85,FALSE,353.4
14-08-2022,Electronics,240.2,255.7,47.2,FALSE,222.8
14-08-2022,Pet Supplies,366.7,738.3,199.89,FALSE,371.6
14-08-2022,Groceries,278.5,521.7,104.95,FALSE,278.6
14-08-2022,Clothing,423.5,1435.3,173.58,FALSE,439.9
14-08-2022,Beauty,453.9,951.3,160.04,FALSE,425.4
14-08-2022,Sporting Goods,506.9,1450,132.19,FALSE,476.8
14-08-2022,Automotive Parts,289.6,553.9,225.18,FALSE,276.6
15-08-2022,Sporting Goods,494.4,1451.8,128.28,FALSE,481.7
15-08-2022,Groceries,265.4,776.4,107.64,FALSE,269
15-08-2022,Pet Supplies,328.2,758.4,200.78,FALSE,315
15-08-2022,Apparel,478.1,1421.5,168.61,FALSE,492.2
15-08-2022,Beauty,554.5,1016.3,162.67,TRUE,509.9
15-08-2022,Electronics,211.3,248.8,47.17,FALSE,200.4
15-08-2022,Office Supplies,317,720.9,89.75,FALSE,305.9
15-08-2022,Automotive Parts,329.1,561,217.98,FALSE,285.6
15-08-2022,Furniture,337.6,1151.8,73.3,FALSE,334
15-08-2022,Toys,331.4,603.6,238.58,FALSE,333.8
16-08-2022,Beauty,419.9,951.9,164.06,FALSE,413.1
16-08-2022,Groceries,287.2,770.6,105.68,FALSE,286
16-08-2022,Office Supplies,346,714,90.14,FALSE,318.4
16-08-2022,Automotive Parts,282.7,567.2,220.19,FALSE,317.9
16-08-2022,Sporting Goods,476.8,1397.7,124.62,FALSE,459.7
16-08-2022,Furniture,354.7,1145.5,73,FALSE,355.4
16-08-2022,Electronics,226.8,241.1,47.15,FALSE,236.3
16-08-2022,Apparel,424.8,1441.1,167.97,FALSE,437.9
16-08-2022,Pet Supplies,322.8,764.2,196.71,FALSE,295.3
16-08-2022,Toys,358.4,592.7,236.21,FALSE,364.9
17-08-2022,Pet Supplies,372.3,750.7,193.07,FALSE,344.3
17-08-2022,Electronics,245,230.9,46.05,FALSE,220.9
17-08-2022,Sporting Goods,642.8,1448.6,128.8,TRUE,628.15
17-08-2022,Furniture,354.5,1149.8,75.47,FALSE,370.9
17-08-2022,Office Supplies,361.2,717.1,89.16,FALSE,344.2
17-08-2022,Beauty,439.9,945,169.73,FALSE,387.5
17-08-2022,Automotive Parts,274.3,575.4,216.05,FALSE,266.6
17-08-2022,Toys,359.3,587.9,227.79,FALSE,338.2
17-08-2022,Clothing,471.3,1428,169.03,FALSE,433
17-08-2022,Groceries,318.4,755.1,111.15,FALSE,333.1
18-08-2022,Toys,396.5,584.1,237.08,FALSE,360.5
18-08-2022,Furniture,490,1148,77.25,TRUE,473.7
18-08-2022,Sporting Goods,598.2,1426.7,123.86,FALSE,574
18-08-2022,Groceries,366.3,742.7,109.7,FALSE,377.3
18-08-2022,Apparel,480.5,1428.1,165.38,FALSE,499
18-08-2022,Beauty,459,944.7,159.48,FALSE,473.5
18-08-2022,Pet Supplies,383.4,748.4,197.76,FALSE,352.1
18-08-2022,Office Supplies,386.2,703.7,91.72,FALSE,398.1
18-08-2022,Automotive Parts,319.3,555.6,217.49,FALSE,301.5
18-08-2022,Electronics,268.8,222.3,45.62,FALSE,272.5
19-08-2022,Pet Supplies,321.3,742.6,193.28,FALSE,365.8
19-08-2022,Automotive Parts,329.1,556.1,222.37,FALSE,326.7
19-08-2022,Beauty,489.1,939.9,161.86,FALSE,480.2
19-08-2022,Furniture,584.1,1138.1,73.7,TRUE,289.7
19-08-2022,Toys,418.9,583,230.57,FALSE,413.4
19-08-2022,Apparel,510.1,1410.1,170.41,FALSE,494.5
19-08-2022,Office Supplies,426.8,702.3,89.33,FALSE,418.4
19-08-2022,Electronics,277,224,46.97,FALSE,267
19-08-2022,Sporting Goods,642.8,1432.8,130.13,TRUE,628.15
19-08-2022,Groceries,340.4,761.6,104.7,FALSE,355.5
20-08-2022,Office Supplies,551,714.8,89.22,TRUE,501.2
20-08-2022,Sporting Goods,536.5,1443.8,126.15,FALSE,512.9
20-08-2022,Automotive Parts,313.1,558.8,227.41,FALSE,314.5
20-08-2022,Furniture,345.4,1155,75.17,FALSE,628.15
20-08-2022,Apparel,472.3,1420.4,168.01,FALSE,434.7
20-08-2022,Beauty,451.2,955.4,165.17,FALSE,418.1
20-08-2022,Electronics,262,239.5,48.22,FALSE,258
20-08-2022,Pet Supplies,368.8,756.4,195.27,FALSE,366.2
20-08-2022,Groceries,329.2,770.9,109.58,FALSE,327.2
20-08-2022,Toys,404.1,585.6,239.45,FALSE,376
21-08-2022,Pet Supplies,342.2,763.5,195.9,FALSE,321.7
21-08-2022,Furniture,363.4,649.5,75.68,FALSE,369.5
21-08-2022,Toys,363.3,597.1,245.44,FALSE,380
21-08-2022,Beauty,428.3,958.8,162.67,FALSE,426.6
21-08-2022,Electronics,228.6,252,46.65,FALSE,220.8
21-08-2022,Automotive Parts,264.3,573.1,226.29,FALSE,274.4
21-08-2022,Office Supplies,370.1,717.7,93.82,FALSE,345
21-08-2022,Apparel,448.2,1428.8,172.58,FALSE,438.8
21-08-2022,Groceries,330.9,765.9,107.32,FALSE,341.7
21-08-2022,Sporting Goods,494.8,1448.8,124.54,FALSE,461.4
22-08-2022,Groceries,294.1,787.6,104.75,FALSE,264.7
22-08-2022,Beauty,415.8,952.9,163.05,FALSE,394.9
22-08-2022,Sporting Goods,474.2,1461.5,131.55,FALSE,428.5
22-08-2022,Automotive Parts,397.3,566.2,212.71,TRUE,374.2
22-08-2022,Office Supplies,353.7,726.6,91.24,FALSE,368.3
22-08-2022,Apparel,431.3,1438.4,174.07,FALSE,432.4
22-08-2022,Furniture,352.3,977.65,75.16,FALSE,356.7
22-08-2022,Electronics,219.4,259.7,47.94,FALSE,221.9
22-08-2022,Pet Supplies,487.3,749.9,195.47,TRUE,446.2
22-08-2022,Toys,356.1,606.9,231.75,FALSE,340.5
23-08-2022,Office Supplies,335.8,733.4,90.14,FALSE,304.6
23-08-2022,Electronics,204.3,480.8,46.21,FALSE,198.3
23-08-2022,Toys,381.1,588,231.46,FALSE,373.4
23-08-2022,Pet Supplies,316.6,764,202.64,FALSE,316.9
23-08-2022,Automotive Parts,258.1,576.2,221.46,FALSE,267.1
23-08-2022,Apparel,461.9,1427,172.41,FALSE,432.7
23-08-2022,Groceries,302.8,787.1,108.31,TRUE,474.3
23-08-2022,Furniture,368.4,652.1,76.78,FALSE,64.55
23-08-2022,Beauty,416.2,963.9,162.55,FALSE,410.7
23-08-2022,Sporting Goods,509.7,1458.2,127.88,FALSE,490.9
24-08-2022,Automotive Parts,407.8,562.7,219.13,TRUE,402.7
24-08-2022,Electronics,242.9,259.2,46.78,FALSE,248.3
24-08-2022,Toys,544.8,600.2,243.36,TRUE,558.3
24-08-2022,Sporting Goods,569.3,1444.4,130.17,FALSE,512.9
24-08-2022,Office Supplies,366.6,726.8,89.48,FALSE,361.35
24-08-2022,Pet Supplies,383.4,739,192.96,FALSE,358.5
24-08-2022,Apparel,523.5,1432.8,174.94,TRUE,521.4
24-08-2022,Furniture,376.8,653.2,76.57,FALSE,372.2
24-08-2022,Beauty,453,952.7,167.26,FALSE,447.7
24-08-2022,Groceries,325,777.8,110.29,FALSE,318
25-08-2022,Beauty,475.9,941,166.39,FALSE,494.8
25-08-2022,Sporting Goods,642.8,1442.9,126.44,TRUE,628.15
25-08-2022,Apparel,529.1,1390.8,169.66,FALSE,500.4
25-08-2022,Pet Supplies,395.6,733.2,194.82,FALSE,394.1
25-08-2022,Groceries,344.4,778.3,107.22,FALSE,329.3
25-08-2022,Automotive Parts,313.4,549.4,213.67,FALSE,290.9
25-08-2022,Office Supplies,610.1,718.6,89.82,TRUE,578
25-08-2022,Furniture,385.4,650.3,74.88,FALSE,401
25-08-2022,Electronics,262.9,256,47.12,FALSE,243.9
25-08-2022,Toys,381.1,586.6,239.38,FALSE,372.9
26-08-2022,Beauty,496.5,929.8,166.83,FALSE,468.9
26-08-2022,Pet Supplies,416.3,726.2,206.36,FALSE,379.1
26-08-2022,Automotive Parts,311.5,547.9,223.21,FALSE,296.3
26-08-2022,Furniture,402.9,1149.6,73.32,FALSE,376.3
26-08-2022,Office Supplies,433.3,708.4,90.3,FALSE,430.7
26-08-2022,Toys,397.5,583,233.19,FALSE,383.3
26-08-2022,Sporting Goods,516.4,1464.5,128.77,FALSE,510.9
26-08-2022,Electronics,255.9,256.6,46.78,FALSE,239.2
26-08-2022,Groceries,337,779.6,107.08,FALSE,318.2
26-08-2022,Apparel,503.9,1397,169.9,FALSE,468.2
27-08-2022,Apparel,467,1409,165.52,FALSE,628.15
27-08-2022,Pet Supplies,531.8,734.6,200.41,TRUE,549.9
27-08-2022,Furniture,387,1149.9,73.92,FALSE,403.2
27-08-2022,Toys,382.8,592.7,235.05,FALSE,346.2
27-08-2022,Groceries,318.9,786.1,105.87,FALSE,295.35
27-08-2022,Electronics,237.2,260.5,46.22,FALSE,244.7
27-08-2022,Sporting Goods,555.2,1445,126.65,FALSE,520.3
27-08-2022,Automotive Parts,329.1,543.7,223.38,FALSE,275.2
27-08-2022,Office Supplies,418.2,717.3,93.67,FALSE,395.1
27-08-2022,Beauty,437.3,946.3,166.57,FALSE,447.8
28-08-2022,Office Supplies,365.3,737,89.79,FALSE,382.6
28-08-2022,Apparel,472.6,1403.2,168.42,FALSE,466.1
28-08-2022,Furniture,342.9,1163.2,73.34,FALSE,341.9
28-08-2022,Beauty,438.6,949.3,171.38,FALSE,440.3
28-08-2022,Automotive Parts,287.4,543,217.8,FALSE,286
28-08-2022,Groceries,283.6,801.1,108.38,FALSE,283.9
28-08-2022,Pet Supplies,348,743.5,196.89,FALSE,325.3
28-08-2022,Sporting Goods,566.1,1437.1,123.28,FALSE,581
28-08-2022,Toys,388.1,581.8,236.19,FALSE,355.2
28-08-2022,Electronics,248.4,266.7,46.21,FALSE,225.5
29-08-2022,Automotive Parts,272.5,551.9,220.8,FALSE,273.2
29-08-2022,Electronics,194.8,283.7,46.21,FALSE,190.3
29-08-2022,Beauty,421,959.4,166.93,FALSE,415.8
29-08-2022,Apparel,445.3,1411.5,171.31,FALSE,433.3
29-08-2022,Groceries,302.8,791.1,106.96,FALSE,268.6
29-08-2022,Furniture,351.6,1159.1,73.32,FALSE,349
29-08-2022,Office Supplies,373.4,731.6,87.39,FALSE,373.1
29-08-2022,Toys,359.1,597.7,241.02,FALSE,369
29-08-2022,Pet Supplies,359.7,745.6,195.16,FALSE,361.4
29-08-2022,Sporting Goods,529.1,1445.9,125.54,FALSE,492.7
30-08-2022,Pet Supplies,343.6,749.6,196.66,FALSE,337.4
30-08-2022,Beauty,403.2,965.3,169.47,FALSE,404.5
30-08-2022,Apparel,418,1412.2,172.27,FALSE,420.3
30-08-2022,Sporting Goods,471.1,1463.6,127.34,FALSE,439.8
30-08-2022,Toys,368.9,605,247.36,FALSE,361.7
30-08-2022,Furniture,401.2,1148.7,73.55,FALSE,391.4
30-08-2022,Office Supplies,312.4,758.4,92.41,FALSE,282.5
30-08-2022,Electronics,215.7,281.2,45.71,FALSE,211
30-08-2022,Automotive Parts,241.9,560,214.49,FALSE,253.3
30-08-2022,Groceries,642.8,794.1,108.7,FALSE,257.9
31-08-2022,Beauty,397.35,956.1,167.41,FALSE,399.5
31-08-2022,Automotive Parts,320.1,536.4,228.16,FALSE,297
31-08-2022,Electronics,235,283.4,47.98,FALSE,216.9
31-08-2022,Sporting Goods,578.8,1428.1,134.35,FALSE,541.7
31-08-2022,Apparel,455.9,1401.3,175.29,FALSE,438.8
31-08-2022,Toys,370,600.1,249.71,FALSE,387.7
31-08-2022,Office Supplies,380.5,737.4,89.23,FALSE,360.2
31-08-2022,Groceries,439,779.3,109.77,TRUE,400.8
31-08-2022,Pet Supplies,366.1,807.1,198.47,FALSE,340.5
31-08-2022,Furniture,373.2,977.65,73.2,FALSE,289.7
01-09-2022,Furniture,378.4,977.65,76.72,FALSE,367.7
01-09-2022,Beauty,428.3,954.2,161.01,FALSE,404.9
01-09-2022,Sporting Goods,590,1426.4,130.18,FALSE,561.9
01-09-2022,Automotive Parts,315.3,535,212.69,FALSE,316.7
01-09-2022,Groceries,361.6,774.5,107.68,FALSE,352.1
01-09-2022,Office Supplies,437.1,722.7,91.62,FALSE,399.6
01-09-2022,Pet Supplies,407.8,719.2,202.68,FALSE,425.1
01-09-2022,Clothing,507.8,1386,165.71,FALSE,522.2
01-09-2022,Groceries,345.2,807.8,109.07,FALSE,325.4
01-09-2022,Electronics,241.6,274.8,46.78,FALSE,235.4
01-09-2022,Beauty,336.2,995.3,168.04,FALSE,302.7
02-09-2022,Sporting Goods,562.5,1137.6,127.21,FALSE,526.2
02-09-2022,Furniture,384.7,1166,73.66,FALSE,376.8
02-09-2022,Toys,386,593.3,231.21,FALSE,373.3
02-09-2022,Pet Supplies,331.8,828.1,203.94,FALSE,320.7
02-09-2022,Automotive Parts,331.9,523.1,212.42,FALSE,326.6
02-09-2022,Furniture,234.6,1098.7,75.28,FALSE,239.8
02-09-2022,Electronics,256.7,271.6,47.29,FALSE,267.3
02-09-2022,Clothing,450.3,1378.6,172.02,FALSE,527.2
02-09-2022,Electronics,315.2,480.8,45.34,FALSE,323.8
03-09-2022,Sporting Goods,556.9,1145,127.09,FALSE,526.9
03-09-2022,Automotive Parts,310.7,531.9,218.87,FALSE,282.7
03-09-2022,Toys,372.5,601.3,239.6,FALSE,346.8
03-09-2022,Clothing,492.5,1380.7,170.57,FALSE,486.9
03-09-2022,Groceries,337.1,784.9,109.74,FALSE,332.5
03-09-2022,Beauty,436.5,953.5,168.16,FALSE,404
03-09-2022,Toys,267.2,652.8,235.35,FALSE,247.9
03-09-2022,Furniture,229.7,1118.6,72.87,FALSE,220.9
03-09-2022,Furniture,412.2,1151.8,75.05,FALSE,400.2
03-09-2022,Pet Supplies,393,722.4,196.71,FALSE,377.6
03-09-2022,Office Supplies,401.3,732.2,86.69,FALSE,394.7
03-09-2022,Groceries,393.8,746,107.32,FALSE,394.9
04-09-2022,Pet Supplies,372,728.8,196.88,FALSE,359.9
04-09-2022,Electronics,513.1,296.8,47.13,TRUE,534.8
04-09-2022,Groceries,304.7,794.8,107.5,FALSE,292.8
04-09-2022,Furniture,379.5,1159.6,72.86,FALSE,289.7
04-09-2022,Sporting Goods,497.9,1165.7,127.25,FALSE,64.55
04-09-2022,Beauty,440.4,953.3,357.79,FALSE,433
04-09-2022,Clothing,445.5,1396.2,167.32,FALSE,452.8
04-09-2022,Electronics,229.9,284,47.01,FALSE,224.4
04-09-2022,Automotive Parts,298.1,532,221.83,FALSE,293.1
04-09-2022,Toys,300.5,653.5,230.24,FALSE,302.6
05-09-2022,Furniture,386.2,1154,74.43,FALSE,395.3
05-09-2022,Pet Supplies,327.6,746.6,196.44,FALSE,303.2
05-09-2022,Automotive Parts,276.3,530,221.48,FALSE,259.1
05-09-2022,Sporting Goods,525.15,1167.3,131.55,FALSE,468.1
05-09-2022,Toys,362.8,609.2,233.21,FALSE,362
05-09-2022,Sporting Goods,642.8,1426.9,128.33,FALSE,604.6
05-09-2022,Groceries,290.3,795.7,109.77,FALSE,297.7
05-09-2022,Electronics,214.9,281.6,46.06,FALSE,201.6
05-09-2022,Beauty,397.35,961.4,170.85,TRUE,491.3
06-09-2022,Furniture,386,1157.1,77.11,FALSE,399.7
06-09-2022,Automotive Parts,307.6,513.7,220.55,FALSE,282.1
06-09-2022,Apparel,431.6,1390.9,172.79,FALSE,438.8
06-09-2022,Sporting Goods,613.2,1164.9,126.2,TRUE,628.15
06-09-2022,Toys,382,564.1,236.91,FALSE,350.1
06-09-2022,Toys,313.75,606.2,241.99,FALSE,367.2
06-09-2022,Pet Supplies,367.8,1722.47,201.05,FALSE,381.4
06-09-2022,Groceries,316.8,780.6,106.69,FALSE,314
06-09-2022,Automotive Parts,337.2,542.1,216.13,FALSE,305.6
06-09-2022,Beauty,432.6,956.5,162.66,FALSE,411.4
06-09-2022,Groceries,302.8,752.2,107.44,FALSE,323.2
06-09-2022,Furniture,276.8,1148.6,72.56,FALSE,288.6
06-09-2022,Apparel,466.5,1415.1,169,FALSE,477
07-09-2022,Electronics,305,278.6,46.6,FALSE,307.3
07-09-2022,Groceries,341.6,785,105.95,FALSE,311.5
07-09-2022,Electronics,225.1,194.3,47.43,FALSE,242.1
07-09-2022,Office Supplies,373.3,686.6,90.5,FALSE,357.7
07-09-2022,Beauty,423.9,957.8,167.27,FALSE,393.3
07-09-2022,Pet Supplies,314.1,807.9,198.78,FALSE,325.3
07-09-2022,Office Supplies,535.4,730.3,91.95,TRUE,504.4
07-09-2022,Apparel,506.8,1352.5,167.5,FALSE,499.6
07-09-2022,Sporting Goods,510.1,1441.9,128.61,FALSE,496
08-09-2022,Furniture,345.3,1132.9,72.99,FALSE,350
08-09-2022,Office Supplies,429.8,819.8,90.17,FALSE,393.8
08-09-2022,Groceries,349.5,787.8,107.32,FALSE,351.2
08-09-2022,Toys,396.3,603.7,237.11,FALSE,302.8
08-09-2022,Beauty,503,467.1,170.56,FALSE,509.5
08-09-2022,Sporting Goods,559,1397.7,125.58,FALSE,541.3
08-09-2022,Automotive Parts,329.1,521.3,222.89,FALSE,268.9
08-09-2022,Automotive Parts,301.2,551.7,218.47,FALSE,284.2
08-09-2022,Apparel,440.2,992.3,169.66,FALSE,64.55
08-09-2022,Pet Supplies,403.7,728.2,196.51,FALSE,369.6
08-09-2022,Electronics,244.4,188.4,46.93,FALSE,64.55
09-09-2022,Toys,374.1,603.9,237.55,FALSE,382.5
09-09-2022,Sporting Goods,596.1,1424.8,128.46,FALSE,611
09-09-2022,Office Supplies,427.2,741.5,92.32,FALSE,399.7
09-09-2022,Beauty,642.8,1016.3,166.38,TRUE,628.15
09-09-2022,Groceries,342.9,788.9,107.34,FALSE,354.8
09-09-2022,Pet Supplies,383.7,807.1,195.44,FALSE,350.8
09-09-2022,Furniture,404.6,1161.1,74.71,FALSE,424.6
09-09-2022,Apparel,529.6,1347.1,169.75,FALSE,523.8
09-09-2022,Automotive Parts,331.1,656.2,226.6,FALSE,329.1
09-09-2022,Electronics,259.5,193.7,45.11,FALSE,245.2
10-09-2022,Beauty,642.8,475.8,162.74,TRUE,89
10-09-2022,Apparel,512.8,1347.4,169.51,FALSE,438.8
10-09-2022,Sporting Goods,475,1472.9,124.25,FALSE,470.2
10-09-2022,Toys,528.6,605.3,240.54,TRUE,302.8
10-09-2022,Sporting Goods,535.6,1453.6,129.65,FALSE,555.3
10-09-2022,Electronics,263.8,193.6,46.17,FALSE,256.2
10-09-2022,Office Supplies,412.6,756,92,FALSE,399.8
10-09-2022,Furniture,390.6,1162.7,72.43,FALSE,407.4
10-09-2022,Automotive Parts,311.7,514.6,215.11,FALSE,317.9
10-09-2022,Pet Supplies,378.1,729.3,200.69,FALSE,351.2
11-09-2022,Pet Supplies,355.5,732.7,195.87,FALSE,372.1
11-09-2022,Beauty,426.6,482.9,164.86,FALSE,396.2
11-09-2022,Furniture,390,1160.1,74.31,FALSE,361.6
11-09-2022,Groceries,321,800.4,107,FALSE,321.9
11-09-2022,Beauty,421.9,977,158.94,FALSE,404.5
11-09-2022,Furniture,393.6,1156.9,76.14,FALSE,363.5
11-09-2022,Clothing,518.1,1342.3,179.74,FALSE,513.6
11-09-2022,Electronics,230.9,261.4,45.92,FALSE,233.6
11-09-2022,Office Supplies,396,746.1,88.48,FALSE,393.6
12-09-2022,Sporting Goods,607.8,1397.7,132.11,FALSE,602.9
12-09-2022,Office Supplies,531.1,709.6,89.18,FALSE,361.35
12-09-2022,Beauty,390.5,976.4,166.3,FALSE,401.7
12-09-2022,Electronics,248.4,284.3,46.68,FALSE,284.4
12-09-2022,Sporting Goods,456.6,1490.3,130.43,FALSE,453.3
12-09-2022,Groceries,311.9,797,111.06,FALSE,305.7
12-09-2022,Toys,385.8,613.7,239.68,FALSE,394.7
12-09-2022,Office Supplies,369.4,751.8,89.46,FALSE,326.5
12-09-2022,Beauty,433.4,483.9,163.64,FALSE,410.8
12-09-2022,Pet Supplies,349,734,196.13,FALSE,340.9
13-09-2022,Groceries,298.2,792.9,109.17,FALSE,313
13-09-2022,Electronics,220.7,264.6,45.07,FALSE,200.3
13-09-2022,Furniture,385.8,1156.1,75.3,FALSE,289.7
13-09-2022,Toys,345.5,630.9,247.52,FALSE,328.1
13-09-2022,Beauty,397.7,973.6,166.6,FALSE,382.3
13-09-2022,Sporting Goods,525.15,1475.3,127.56,FALSE,491.5
13-09-2022,Office Supplies,365.1,741.7,89.43,FALSE,361.2
13-09-2022,Automotive Parts,270.5,526.2,221.11,FALSE,272.6
13-09-2022,Apparel,479.4,1361.5,170.91,FALSE,439.2
13-09-2022,Pet Supplies,339.1,734.7,193.36,FALSE,308.7
14-09-2022,Toys,405.8,610.3,232.52,FALSE,396.9
14-09-2022,Office Supplies,397.4,731.7,91.1,FALSE,362.5
14-09-2022,Electronics,209.3,268.8,45.46,FALSE,214.6
14-09-2022,Apparel,505.2,1355.8,169.66,FALSE,460
14-09-2022,Furniture,523.3,1162.7,75.31,TRUE,525
14-09-2022,Groceries,327.8,784.2,108.34,FALSE,324.7
14-09-2022,Automotive Parts,323,503.7,210.69,FALSE,317.9
14-09-2022,Pet Supplies,352.4,736.7,199.81,FALSE,344.5
14-09-2022,Beauty,450,955.5,163.72,FALSE,430.1
14-09-2022,Sporting Goods,494.8,1466.5,128.33,FALSE,492.5
15-09-2022,Groceries,352.1,693.1,108.77,FALSE,369
15-09-2022,Automotive Parts,321.5,500.5,220.59,FALSE,289.5
15-09-2022,Apparel,526.8,1351.9,165.23,FALSE,519.3
15-09-2022,Office Supplies,417.4,722.5,92.43,FALSE,403.9
15-09-2022,Beauty,490.5,937.6,158.12,FALSE,475.4
15-09-2022,Pet Supplies,409.5,721.7,193.72,FALSE,375.9
15-09-2022,Sporting Goods,498.8,1462.6,129.04,FALSE,455.4
15-09-2022,Electronics,244.3,256,46.38,FALSE,240.3
15-09-2022,Furniture,425,1148.8,74.38,FALSE,403.5
15-09-2022,Toys,382.9,614.1,234.23,FALSE,351.3
16-09-2022,Groceries,530.5,773.4,109.71,TRUE,516.3
16-09-2022,Automotive Parts,318.1,507.5,216.36,FALSE,289.1
16-09-2022,Beauty,440.1,951.8,158.12,FALSE,438
16-09-2022,Electronics,246.6,248.8,47.66,FALSE,229.2
16-09-2022,Office Supplies,443.3,708.2,92.14,FALSE,427
16-09-2022,Apparel,546.6,1335.7,165.79,FALSE,563.5
16-09-2022,Sporting Goods,563.7,1443.5,131,FALSE,563.8
16-09-2022,Toys,384.8,615,235.2,FALSE,395.3
16-09-2022,Furniture,431.9,1144,74.49,FALSE,289.7
16-09-2022,Pet Supplies,642.8,727.8,192.93,FALSE,418.7
17-09-2022,Pet Supplies,394.2,737.8,197.64,FALSE,357.8
17-09-2022,Office Supplies,369.4,707.7,88.78,FALSE,401.5
17-09-2022,Sporting Goods,561.8,1440.1,129.41,FALSE,512.9
17-09-2022,Beauty,458.8,950.2,165.57,FALSE,464.5
17-09-2022,Furniture,396.1,1149.9,72.85,FALSE,628.15
17-09-2022,Electronics,250.2,245,48.73,FALSE,254.3
17-09-2022,Apparel,451.9,1353.7,168.25,FALSE,518.2
17-09-2022,Groceries,355.3,778.2,109.75,FALSE,333.5
17-09-2022,Toys,375.9,614.3,230.41,FALSE,350.3
17-09-2022,Automotive Parts,303.1,505.6,213.97,FALSE,296.7
18-09-2022,Electronics,232.2,254,47.64,FALSE,224.2
18-09-2022,Office Supplies,416.9,705.4,89.32,FALSE,433.8
18-09-2022,Beauty,406.8,958,163.74,FALSE,387.5
18-09-2022,Toys,390.1,602.8,234.28,FALSE,396.7
18-09-2022,Groceries,315.1,693.1,107.44,FALSE,296.7
18-09-2022,Apparel,511.1,1341.7,172.35,FALSE,495.1
18-09-2022,Automotive Parts,290,656.2,213.4,FALSE,279.6
18-09-2022,Pet Supplies,382.9,732.2,199.28,FALSE,310.6
18-09-2022,Furniture,406.4,1151.5,74.43,FALSE,391.4
18-09-2022,Sporting Goods,524.7,1397.7,128.58,FALSE,479.1
19-09-2022,Clothing,467.8,1361.2,167.3,FALSE,445.1
19-09-2022,Electronics,193,267.2,46.38,FALSE,174.2
19-09-2022,Toys,359.5,617,229.05,FALSE,324.8
19-09-2022,Sporting Goods,481,1470.8,131.33,FALSE,463.4
19-09-2022,Furniture,402.6,1150.6,74.22,FALSE,374.5
19-09-2022,Office Supplies,347.4,728.3,90.58,FALSE,358.2
19-09-2022,Beauty,382.7,962.1,168.54,FALSE,347.8
19-09-2022,Pet Supplies,475,733.9,200.37,TRUE,496.6
19-09-2022,Groceries,306.9,788.2,109.39,FALSE,310.4
19-09-2022,Automotive Parts,294.4,491.1,217.8,FALSE,281.4
20-09-2022,Toys,400.6,605.8,240.67,FALSE,302.8
20-09-2022,Pet Supplies,362,737.2,201.16,FALSE,327
20-09-2022,Groceries,642.8,787.1,108.86,FALSE,313
20-09-2022,Furniture,375.5,1158.3,73.29,FALSE,338.2
20-09-2022,Apparel,445.2,1365.8,167.9,FALSE,443.7
20-09-2022,Office Supplies,377.4,716.6,89.92,FALSE,368.1
20-09-2022,Sporting Goods,477.2,1466.9,120.76,FALSE,434.8
20-09-2022,Beauty,395.1,958.1,160.8,FALSE,364.6
20-09-2022,Electronics,205.4,269.6,45.94,FALSE,210.7
20-09-2022,Automotive Parts,286.4,498.9,218.22,FALSE,279.4
21-09-2022,Sporting Goods,521.9,1451.6,122.79,FALSE,534.1
21-09-2022,Automotive Parts,315.6,488.7,217.68,FALSE,296.7
21-09-2022,Toys,377.6,609.1,236.84,FALSE,343.4
21-09-2022,Furniture,417.6,1148.4,357.79,FALSE,417.8
21-09-2022,Groceries,335,771.2,109.18,FALSE,321.3
21-09-2022,Beauty,642.8,930.2,165.84,TRUE,628.15
21-09-2022,Office Supplies,382.3,715.3,87.35,FALSE,375.6
21-09-2022,Pet Supplies,371.1,731.6,190.83,FALSE,372.3
21-09-2022,Electronics,248.4,256.5,46.04,FALSE,225.7
21-09-2022,Clothing,475.3,1352.4,170.57,FALSE,435.6
22-09-2022,Groceries,534.8,764.3,102.89,TRUE,487.8
22-09-2022,Pet Supplies,414.4,720.8,199.18,FALSE,380.4
22-09-2022,Toys,391.6,607.4,234.29,FALSE,378.5
22-09-2022,Apparel,539,1334.4,169,FALSE,522.8
22-09-2022,Electronics,240.2,259,46.81,FALSE,239.7
22-09-2022,Office Supplies,425.5,704.1,91.06,FALSE,441.4
22-09-2022,Beauty,449.5,932.3,166.15,FALSE,419.8
22-09-2022,Sporting Goods,581.9,1429.8,126.51,FALSE,570.9
22-09-2022,Automotive Parts,381.2,471.1,217.77,FALSE,364
22-09-2022,Furniture,403.9,1142,73.04,FALSE,422.6
23-09-2022,Pet Supplies,436.2,721.6,197.83,FALSE,441.8
23-09-2022,Automotive Parts,359.5,656.2,219.52,FALSE,347.1
23-09-2022,Sporting Goods,552.4,1436.1,124.7,FALSE,534.2
23-09-2022,Office Supplies,461.4,701.1,91.29,FALSE,425.6
23-09-2022,Furniture,384.2,1143.5,74.43,FALSE,367.4
23-09-2022,Toys,401.5,613,234.79,FALSE,364.9
23-09-2022,Beauty,451.4,932.1,163.62,FALSE,440
23-09-2022,Clothing,529.2,1335.8,170.78,FALSE,516.1
23-09-2022,Electronics,243.6,258.3,45.37,FALSE,225.2
23-09-2022,Groceries,364.2,758,107.42,FALSE,360.4
24-09-2022,Office Supplies,435.6,712.7,88.3,FALSE,411.3
24-09-2022,Apparel,642.8,1334.8,167,TRUE,628.15
24-09-2022,Beauty,452.1,929.7,163.98,FALSE,440.3
24-09-2022,Electronics,229,263.7,44.24,FALSE,242.1
24-09-2022,Automotive Parts,295.9,502.6,220.27,FALSE,296.9
24-09-2022,Pet Supplies,391.3,736.9,202.76,FALSE,367.4
24-09-2022,Toys,339.5,630.5,236.73,FALSE,335.2
24-09-2022,Sporting Goods,524.9,1441.1,129.93,FALSE,532.2
24-09-2022,Furniture,405.7,977.65,76.03,FALSE,387.1
24-09-2022,Groceries,343.7,764.2,105.29,FALSE,295.35
25-09-2022,Electronics,223,271.8,47.78,FALSE,217.1
25-09-2022,Furniture,391.5,1142.4,72.9,FALSE,388.8
25-09-2022,Beauty,370.9,958.8,165.69,FALSE,361.7
25-09-2022,Toys,369.6,620.1,241.99,FALSE,377.6
25-09-2022,Groceries,316.1,778.4,107.97,FALSE,304.4
25-09-2022,Apparel,477.8,1356.9,167.88,FALSE,444.2
25-09-2022,Sporting Goods,642.8,1451.2,125.09,FALSE,469.6
25-09-2022,Office Supplies,389.5,738.1,87.32,FALSE,377.8
25-09-2022,Automotive Parts,296,501.1,212.99,FALSE,303.1
25-09-2022,Pet Supplies,389.9,737.5,194.32,FALSE,402
26-09-2022,Sporting Goods,476.1,1460.8,127.73,FALSE,451
26-09-2022,Automotive Parts,642.8,509.1,215.72,FALSE,288.4
26-09-2022,Groceries,297.8,783.7,110.05,FALSE,306.5
26-09-2022,Electronics,189.9,281.1,47.06,FALSE,188
26-09-2022,Office Supplies,363.8,819.8,89.92,FALSE,379.8
26-09-2022,Toys,373.1,625.5,241.44,FALSE,368
26-09-2022,Apparel,461.6,1357.4,166.76,FALSE,476.1
26-09-2022,Pet Supplies,332.2,755.4,188.98,FALSE,337.9
26-09-2022,Furniture,368.7,1148,73.24,FALSE,347.5
26-09-2022,Beauty,373.4,964.7,165.28,FALSE,377.2
27-09-2022,Electronics,216.6,274.4,46.04,FALSE,224.6
27-09-2022,Automotive Parts,285.7,506.6,214.46,FALSE,295.1
27-09-2022,Beauty,352.4,971.3,166.61,FALSE,387.5
27-09-2022,Apparel,452.1,1361.1,169.34,FALSE,457.2
27-09-2022,Sporting Goods,513.3,1453,125.75,FALSE,508.5
27-09-2022,Office Supplies,392.4,819.8,89.77,FALSE,364.8
27-09-2022,Pet Supplies,329.3,753.9,188.6,FALSE,314.4
27-09-2022,Groceries,318.2,772.1,104.59,FALSE,312.9
27-09-2022,Toys,341.3,626,236.12,FALSE,342.6
27-09-2022,Furniture,372.3,1141.5,73.81,FALSE,379.2
28-09-2022,Automotive Parts,491.4,656.2,212.96,TRUE,450.3
28-09-2022,Furniture,517.6,1125.4,70.94,TRUE,486.7
28-09-2022,Electronics,225.9,480.8,48.51,FALSE,216
28-09-2022,Pet Supplies,396.8,735.3,198.33,FALSE,375.8
28-09-2022,Beauty,397.6,961.1,168.77,FALSE,401
28-09-2022,Groceries,331.8,769.4,105.51,FALSE,343
28-09-2022,Office Supplies,401.5,735.5,90.93,FALSE,417.9
28-09-2022,Sporting Goods,546.2,1397.7,132.3,FALSE,552.7
28-09-2022,Clothing,449.3,1363.6,168.67,FALSE,430.8
28-09-2022,Toys,380.1,614.4,237.11,FALSE,377.2
29-09-2022,Sporting Goods,578.8,1431.4,129.39,FALSE,554.5
29-09-2022,Office Supplies,448.7,726.4,90.69,FALSE,432.7
29-09-2022,Automotive Parts,320.3,493.9,210.62,FALSE,300.4
29-09-2022,Toys,554,601.6,241.77,TRUE,519.6
29-09-2022,Apparel,642.8,1300.9,169.6,TRUE,628.15
29-09-2022,Electronics,253.3,270,46.78,FALSE,243.5
29-09-2022,Pet Supplies,416.3,725,207.16,FALSE,412.9
29-09-2022,Beauty,440,949.8,164.61,FALSE,427
29-09-2022,Groceries,373.5,749.9,107.25,FALSE,361.2
29-09-2022,Furniture,439,1110.7,76.13,FALSE,452.7
30-09-2022,Automotive Parts,359.6,487.9,211.9,FALSE,355
30-09-2022,Electronics,266.8,270.1,46.33,FALSE,266.3
30-09-2022,Furniture,425.9,977.65,75.66,FALSE,388
30-09-2022,Toys,383.7,601.9,242.28,FALSE,352.1
30-09-2022,Beauty,454.7,941.2,165.34,FALSE,463.2
30-09-2022,Pet Supplies,425.2,715.9,195.92,FALSE,388.6
30-09-2022,Groceries,388.9,739.1,106.01,FALSE,391.5
30-09-2022,Office Supplies,451,729.2,90.06,FALSE,421.5
30-09-2022,Apparel,506,1300.9,170.35,FALSE,525
30-09-2022,Sporting Goods,593.4,1423.8,126.96,FALSE,512.9
01-10-2022,Beauty,343.9,996.1,163.4,FALSE,316.5
01-10-2022,Pet Supplies,329.2,837.3,201.47,FALSE,321.9
01-10-2022,Office Supplies,369.4,401.7,91.01,FALSE,87.2
01-10-2022,Toys,396.8,602.4,240.29,FALSE,401.3
01-10-2022,Electronics,229.3,287.8,47.91,FALSE,226.7
01-10-2022,Pet Supplies,427.8,717.7,199.3,FALSE,395
01-10-2022,Sporting Goods,642.8,1424.7,127.9,FALSE,541.8
01-10-2022,Furniture,396.2,1125.9,73.02,FALSE,375.3
01-10-2022,Clothing,504.3,1343.6,170.38,FALSE,495.2
01-10-2022,Groceries,348,754.4,105.53,FALSE,350.2
01-10-2022,Sporting Goods,642.8,1445.8,131.44,TRUE,628.15
01-10-2022,Apparel,467.1,1349.8,166.65,FALSE,438.8
01-10-2022,Automotive Parts,329.1,507.3,209.13,FALSE,307.1
02-10-2022,Electronics,205.4,297.8,45.01,FALSE,188.2
02-10-2022,Furniture,247.3,1099.6,73.27,FALSE,229.2
02-10-2022,Office Supplies,388.6,756.5,90.04,FALSE,382.5
02-10-2022,Electronics,337.8,348.2,47.23,FALSE,321.4
02-10-2022,Pet Supplies,381.7,807.1,200.25,FALSE,363.9
02-10-2022,Toys,481.7,609.1,238.87,TRUE,447.6
02-10-2022,Sporting Goods,516.5,1451.9,128.04,FALSE,534.4
02-10-2022,Beauty,403.4,949.2,163.06,FALSE,390.3
02-10-2022,Furniture,504.5,1128.3,72.53,TRUE,492.9
03-10-2022,Sporting Goods,472.8,1464.8,127.88,FALSE,512.9
03-10-2022,Electronics,204.7,295.9,48.22,FALSE,208.8
03-10-2022,Beauty,405.4,948.6,168.43,FALSE,366.5
03-10-2022,Pet Supplies,375.1,742.4,197.49,FALSE,344.8
03-10-2022,Furniture,252.3,1110.3,74.85,FALSE,231.9
03-10-2022,Electronics,356.9,332.4,45.14,FALSE,363.5
03-10-2022,Toys,341.8,620.7,237.11,FALSE,335
03-10-2022,Apparel,451.9,1357.9,172.33,FALSE,423.3
03-10-2022,Furniture,379,1125.4,74.23,FALSE,344.7
03-10-2022,Groceries,376.9,745.8,106.83,FALSE,374.5
04-10-2022,Electronics,339.5,1722.47,44.28,FALSE,317.2
04-10-2022,Toys,361.6,618.4,238.93,FALSE,362.9
04-10-2022,Groceries,316.9,764.4,106.32,FALSE,305.5
04-10-2022,Office Supplies,354.1,761.7,88.83,FALSE,343.2
04-10-2022,Automotive Parts,309.1,501.9,220,FALSE,296.6
04-10-2022,Pet Supplies,351.9,745.6,203.94,FALSE,331
04-10-2022,Sporting Goods,469.3,1466,129.28,FALSE,438.7
04-10-2022,Apparel,472.9,1359.9,168.77,FALSE,491.8
04-10-2022,Furniture,402.7,1119.8,77.35,FALSE,414.5
05-10-2022,Clothing,514.6,1356.2,169.88,FALSE,532.9
05-10-2022,Pet Supplies,522.2,720.8,196.24,TRUE,520.3
05-10-2022,Automotive Parts,311.6,656.2,215.12,FALSE,281.9
05-10-2022,Furniture,303.9,1115.4,75.59,FALSE,412.1
05-10-2022,Office Supplies,369.4,680.1,87.85,FALSE,360.9
05-10-2022,Office Supplies,424.8,742,92.74,FALSE,442.9
05-10-2022,Toys,513.7,627.7,237.4,TRUE,474.1
05-10-2022,Electronics,218.1,480.8,44.55,FALSE,201.1
05-10-2022,Beauty,428.9,937,162.08,FALSE,387.9
06-10-2022,Groceries,369.5,750.3,107.85,FALSE,366.1
06-10-2022,Sporting Goods,537.5,1447,126.32,FALSE,495.7
06-10-2022,Automotive Parts,327.8,503.4,216.48,FALSE,337.9
06-10-2022,Automotive Parts,325.3,553.9,213.87,FALSE,336.8
06-10-2022,Beauty,424.5,931.8,168.89,FALSE,387.5
06-10-2022,Electronics,376,298.1,46.43,TRUE,353
06-10-2022,Sporting Goods,618.5,1399.1,129.8,FALSE,628.15
06-10-2022,Toys,399,605.3,235.16,FALSE,365.9
06-10-2022,Apparel,540.9,1349.9,167.12,FALSE,532.9
06-10-2022,Groceries,378.6,751.7,109.99,FALSE,353.3
06-10-2022,Office Supplies,474.4,732,90.34,FALSE,467.8
06-10-2022,Pet Supplies,418.1,718.7,202.57,FALSE,380.1
07-10-2022,Electronics,253.2,292.1,45.87,FALSE,258.4
07-10-2022,Automotive Parts,322.2,511,218.3,FALSE,291
07-10-2022,Groceries,398,742.6,107.21,FALSE,407.2
07-10-2022,Pet Supplies,408,722.8,196.71,FALSE,418.7
07-10-2022,Beauty,421.2,934.8,168.33,FALSE,391.8
07-10-2022,Clothing,503.8,1352.2,167.98,FALSE,457.8
07-10-2022,Sporting Goods,511.3,1390.1,126.4,FALSE,488.4
07-10-2022,Office Supplies,431.4,753,89.14,FALSE,401.5
07-10-2022,Beauty,443.8,959.2,165.87,FALSE,410.8
07-10-2022,Furniture,483,1119.8,74.43,TRUE,486.7
07-10-2022,Toys,390.5,606.9,232.77,FALSE,401.5
08-10-2022,Toys,374.8,635.9,228.4,FALSE,388.4
08-10-2022,Automotive Parts,294.3,528,217.8,FALSE,317.9
08-10-2022,Office Supplies,383.9,765,90.44,FALSE,393.5
08-10-2022,Pet Supplies,406.2,720.4,197.56,FALSE,368.6
08-10-2022,Electronics,224.6,290,47.9,FALSE,230
08-10-2022,Groceries,361.8,753.8,104.81,FALSE,353
08-10-2022,Furniture,400.1,1112.7,72.22,FALSE,398.1
08-10-2022,Sporting Goods,494.1,1475.4,125.89,FALSE,486.7
08-10-2022,Apparel,502.4,1348.5,170.45,FALSE,463.4
09-10-2022,Pet Supplies,374.3,737.1,196.82,FALSE,346.4
09-10-2022,Office Supplies,399.7,744.2,92.45,FALSE,395.6
09-10-2022,Toys,339,624.9,236.18,FALSE,318.4
09-10-2022,Beauty,392.7,945.9,166.63,FALSE,367.4
09-10-2022,Electronics,211.5,290.2,46.71,FALSE,201.2
09-10-2022,Groceries,320.3,777.7,108.73,FALSE,327.8
09-10-2022,Groceries,349.5,789.2,109.74,FALSE,365
09-10-2022,Apparel,451.9,1361.1,165.83,FALSE,450.9
09-10-2022,Furniture,391.3,1115.1,74.28,FALSE,385.2
09-10-2022,Automotive Parts,314.9,523.3,221.71,FALSE,628.15
10-10-2022,Pet Supplies,344.9,746.8,196.3,FALSE,348.8
10-10-2022,Apparel,478.3,1353.3,171.68,FALSE,441.5
10-10-2022,Office Supplies,394.7,754,93.31,FALSE,358.2
10-10-2022,Furniture,393.6,977.65,73.51,FALSE,368.1
10-10-2022,Electronics,248.4,291.7,47.48,FALSE,208.5
10-10-2022,Automotive Parts,285.3,526.3,225.73,FALSE,297.4
10-10-2022,Sporting Goods,453.8,1471,131.45,FALSE,451.4
10-10-2022,Groceries,318.8,778.4,108.46,FALSE,292.8
10-10-2022,Beauty,372,946.1,167.41,FALSE,356.8
10-10-2022,Toys,370.8,615.2,229.17,FALSE,360.8
11-10-2022,Groceries,329.5,769.7,103.72,FALSE,344.1
11-10-2022,Toys,387.7,613.1,237.11,FALSE,394.5
11-10-2022,Office Supplies,524.6,746.8,86.34,TRUE,550.8
11-10-2022,Office Supplies,487.2,734.4,89.51,FALSE,442.6
11-10-2022,Automotive Parts,374.2,507.2,219.27,FALSE,373.7
11-10-2022,Beauty,429.5,1722.47,162.86,FALSE,387.5
11-10-2022,Automotive Parts,293.2,524.2,214.75,FALSE,271.2
11-10-2022,Beauty,592.3,938.1,162.6,TRUE,567.6
11-10-2022,Pet Supplies,376.9,741.7,194.79,FALSE,310.6
11-10-2022,Furniture,399.1,1112,73.63,FALSE,391.4
11-10-2022,Electronics,313.5,290.5,47.56,TRUE,297.6
11-10-2022,Apparel,498,1343.1,169.15,FALSE,463.5
11-10-2022,Clothing,566.8,1368.4,357.79,FALSE,512.1
12-10-2022,Automotive Parts,329.1,486.7,212.32,FALSE,435.7
12-10-2022,Automotive Parts,330.1,511.4,217.56,FALSE,305.6
12-10-2022,Clothing,491.8,1345.8,169,FALSE,500.3
12-10-2022,Toys,325.7,577.4,237.11,FALSE,300.5
12-10-2022,Beauty,362.9,956.5,162.85,FALSE,352.6
12-10-2022,Sporting Goods,550,1435.9,130.71,FALSE,535.6
12-10-2022,Furniture,399,1122.1,74.34,FALSE,384.4
12-10-2022,Toys,366.2,616.7,235.9,FALSE,331.7
12-10-2022,Electronics,266.6,294.2,46.93,FALSE,256.7
12-10-2022,Office Supplies,369.4,737.2,87.35,TRUE,592.3
13-10-2022,Sporting Goods,566.4,1435.8,127.51,FALSE,524.2
13-10-2022,Toys,385.1,615.2,237.81,FALSE,374.1
13-10-2022,Furniture,420.9,1121.5,74.49,FALSE,424.5
13-10-2022,Office Supplies,642.8,748.2,89.83,TRUE,608.2
13-10-2022,Pet Supplies,642.8,729.7,196.71,FALSE,421.3
13-10-2022,Automotive Parts,348.4,494.5,218.06,FALSE,322.4
13-10-2022,Electronics,262.2,153.5,45.7,FALSE,258.6
13-10-2022,Beauty,447.1,940.5,170.85,FALSE,441.1
13-10-2022,Groceries,364.7,751.3,104.71,FALSE,335.3
13-10-2022,Apparel,522.1,1335.9,168.69,FALSE,482.2
14-10-2022,Automotive Parts,355.6,491,218.81,FALSE,364.7
14-10-2022,Electronics,263.1,156.1,46.38,FALSE,259.6
14-10-2022,Clothing,539.8,1326,169.62,FALSE,529.7
14-10-2022,Sporting Goods,614.1,1418.7,129.28,FALSE,595.1
14-10-2022,Groceries,404.5,754.9,105.63,FALSE,411.8
14-10-2022,Office Supplies,471.2,740.5,89.82,FALSE,446
14-10-2022,Pet Supplies,448.8,720.9,187.04,FALSE,438.7
14-10-2022,Furniture,424.1,1114,75.99,FALSE,413.2
14-10-2022,Toys,388.9,611.7,231.83,FALSE,372.1
14-10-2022,Beauty,424.8,943.9,166.35,FALSE,415.8
15-10-2022,Toys,374.8,607.8,237.88,FALSE,367.6
15-10-2022,Furniture,413.3,1114.8,73.07,FALSE,396.9
15-10-2022,Pet Supplies,508.6,735.5,194.18,TRUE,484
15-10-2022,Automotive Parts,323.2,506.3,213.24,FALSE,331.9
15-10-2022,Sporting Goods,642.8,1442.8,126.75,TRUE,628.15
15-10-2022,Office Supplies,452.4,756.3,89.64,FALSE,409.3
15-10-2022,Beauty,429.7,943.5,165.52,FALSE,435
15-10-2022,Apparel,511.5,1337.4,177.73,FALSE,504
15-10-2022,Electronics,228.6,164.5,46.76,FALSE,64.55
15-10-2022,Groceries,364.7,759.4,109.84,FALSE,339.9
16-10-2022,Pet Supplies,398.2,741.3,198.89,FALSE,417.2
16-10-2022,Beauty,360.6,975.7,160.76,FALSE,336
16-10-2022,Sporting Goods,512.1,1444.6,127.26,FALSE,494.2
16-10-2022,Apparel,476.5,1348.8,164.6,FALSE,497.6
16-10-2022,Office Supplies,416.2,761.1,88.63,FALSE,379.9
16-10-2022,Groceries,333.5,776.9,107.5,FALSE,345.2
16-10-2022,Electronics,600.4,168.9,46.78,FALSE,210.8
16-10-2022,Furniture,394.3,1118.3,74.24,FALSE,388.6
16-10-2022,Toys,358.1,611.5,235.45,FALSE,346.6
16-10-2022,Automotive Parts,294.2,513.1,216.92,FALSE,286.3
17-10-2022,Office Supplies,398.6,766.4,91.38,FALSE,394.7
17-10-2022,Apparel,469.7,1353,172.65,FALSE,473.4
17-10-2022,Automotive Parts,296.8,515.7,221.25,FALSE,271.2
17-10-2022,Furniture,380.2,1123,74.46,FALSE,368.9
17-10-2022,Beauty,398.5,965.1,161.33,FALSE,393.5
17-10-2022,Toys,532.8,607.9,230.91,TRUE,501
17-10-2022,Electronics,208.8,168.2,46.76,FALSE,202.6
17-10-2022,Pet Supplies,588.1,740.4,204.08,TRUE,548.7
17-10-2022,Groceries,304.4,791.1,102.55,FALSE,287.1
17-10-2022,Sporting Goods,436.8,1469,126.86,FALSE,450.4
18-10-2022,Office Supplies,426.5,755.4,90.37,FALSE,436.8
18-10-2022,Sporting Goods,490.9,1459.4,130.79,FALSE,447.3
18-10-2022,Electronics,205.5,309.9,47.16,FALSE,188
18-10-2022,Automotive Parts,346.6,508.1,225.01,FALSE,334.6
18-10-2022,Pet Supplies,383.4,729,195.98,FALSE,378.3
18-10-2022,Furniture,413.8,1112.9,71.07,FALSE,406.4
18-10-2022,Groceries,318.7,785.8,107.5,FALSE,308.1
18-10-2022,Apparel,463.6,1340.2,174.45,FALSE,469.7
18-10-2022,Toys,366.4,609.5,230.48,FALSE,348.3
18-10-2022,Beauty,361.3,987.2,165.1,FALSE,370.9
19-10-2022,Automotive Parts,642.8,505.3,224.92,FALSE,342.4
19-10-2022,Beauty,397,992.4,166.67,FALSE,400.8
19-10-2022,Pet Supplies,377.5,731.6,198.54,FALSE,351
19-10-2022,Apparel,513.2,1326.9,164.41,FALSE,515.6
19-10-2022,Electronics,232.1,297.7,45.2,FALSE,211.5
19-10-2022,Toys,360.2,602.8,233.41,FALSE,371.3
19-10-2022,Sporting Goods,571.5,1431,126.88,FALSE,597.5
19-10-2022,Groceries,334.4,781.2,107.33,FALSE,339
19-10-2022,Furniture,395.1,1114.4,73.41,FALSE,406.2
19-10-2022,Office Supplies,454.8,748.4,88.23,FALSE,454.5
20-10-2022,Apparel,498.9,1327.9,169.09,FALSE,512.5
20-10-2022,Pet Supplies,430.1,706.1,194.82,FALSE,401.5
20-10-2022,Beauty,452.3,973.2,170.63,FALSE,414.7
20-10-2022,Automotive Parts,339,508.4,228.06,FALSE,326.2
20-10-2022,Groceries,372.6,764.6,106.76,FALSE,384.9
20-10-2022,Electronics,260.6,296.5,46.46,FALSE,243.8
20-10-2022,Furniture,426,1110.6,74.42,FALSE,411.4
20-10-2022,Toys,345.8,609.7,229.38,FALSE,322.3
20-10-2022,Sporting Goods,556.7,1397.7,128.37,FALSE,557.4
20-10-2022,Office Supplies,514.2,723.6,88.67,FALSE,487.8
21-10-2022,Furniture,374.1,1125.8,76.54,FALSE,382.3
21-10-2022,Office Supplies,642.8,819.8,86.34,FALSE,456.6
21-10-2022,Pet Supplies,450.3,708.5,205.08,FALSE,442.8
21-10-2022,Electronics,253.1,292.7,44.93,FALSE,239
21-10-2022,Apparel,451.9,1311.2,170.08,FALSE,563.5
21-10-2022,Toys,313.75,597.9,238.9,FALSE,361.8
21-10-2022,Sporting Goods,571.1,1423.6,126.62,FALSE,533.2
21-10-2022,Automotive Parts,369.9,489.8,219.09,FALSE,343.9
21-10-2022,Beauty,440.3,968.5,165.46,FALSE,444.8
21-10-2022,Groceries,400,762.2,108.28,FALSE,628.15
22-10-2022,Office Supplies,369.4,736.6,90.74,FALSE,453.9
22-10-2022,Furniture,412.7,1118.2,72.35,FALSE,397.7
22-10-2022,Electronics,245.2,294.9,47.93,FALSE,243.8
22-10-2022,Automotive Parts,519.8,503.4,216.27,TRUE,469.4
22-10-2022,Sporting Goods,540,1434.5,128.9,FALSE,542.8
22-10-2022,Pet Supplies,321.3,807.1,199.87,FALSE,393.6
22-10-2022,Groceries,353,782.8,106.06,FALSE,351
22-10-2022,Toys,365,604.5,236.9,FALSE,302.8
22-10-2022,Beauty,429.1,969.6,168.46,FALSE,392.4
22-10-2022,Clothing,507.2,1328.8,175.6,FALSE,507.4
23-10-2022,Office Supplies,466.1,742.9,91.91,FALSE,484.5
23-10-2022,Groceries,353.3,774.1,107.66,FALSE,334.8
23-10-2022,Pet Supplies,400.3,723.3,195.37,FALSE,377.4
23-10-2022,Electronics,226.6,301.8,46.31,FALSE,230.9
23-10-2022,Toys,350.2,613.1,237.68,FALSE,315.8
23-10-2022,Automotive Parts,311.2,512.4,215.29,FALSE,288
23-10-2022,Beauty,395.4,993.9,172.2,FALSE,404.1
23-10-2022,Clothing,642.8,1303.5,171.15,TRUE,628.15
23-10-2022,Sporting Goods,438.9,1464,125.83,FALSE,408.2
23-10-2022,Furniture,403.7,1120.5,74.4,FALSE,423
24-10-2022,Groceries,316,785.6,103.32,FALSE,310.9
24-10-2022,Furniture,394.1,1121.9,74.49,FALSE,390.2
24-10-2022,Sporting Goods,467.6,1453.2,133.18,FALSE,429
24-10-2022,Apparel,489.9,1340.7,170.07,FALSE,444.3
24-10-2022,Beauty,351.1,1013.2,167.93,FALSE,358.7
24-10-2022,Pet Supplies,469.4,740,196.85,TRUE,436.6
24-10-2022,Automotive Parts,292.7,512,221.75,FALSE,287.7
24-10-2022,Electronics,217.5,294.1,48.4,FALSE,222.1
24-10-2022,Toys,347,614.3,230.03,FALSE,352.5
24-10-2022,Office Supplies,407.7,767.5,90.23,FALSE,425.3
25-10-2022,Office Supplies,427,765.8,93.18,FALSE,413.8
25-10-2022,Toys,336,611,234.31,FALSE,327.8
25-10-2022,Sporting Goods,503.8,1452.3,125.5,FALSE,458.7
25-10-2022,Groceries,393.3,775.6,108.21,TRUE,385.1
25-10-2022,Furniture,406,1124.3,73.72,FALSE,384.8
25-10-2022,Automotive Parts,318.2,501.5,213.22,FALSE,297.3
25-10-2022,Electronics,232.3,480.8,47.04,FALSE,235.3
25-10-2022,Pet Supplies,351.9,737.9,201.91,FALSE,323.2
25-10-2022,Apparel,450.7,1357.9,172.17,FALSE,428.8
25-10-2022,Beauty,384.3,993.3,162.64,FALSE,395.2
26-10-2022,Beauty,400.7,989.2,164.86,FALSE,392.2
26-10-2022,Furniture,401.7,1134.5,357.79,FALSE,388.9
26-10-2022,Groceries,337.4,776.3,102.86,FALSE,323.5
26-10-2022,Sporting Goods,491.1,1461.3,129.25,FALSE,508.7
26-10-2022,Office Supplies,434.4,761.1,89.88,FALSE,427.9
26-10-2022,Electronics,364.6,285.9,46.71,TRUE,329.8
26-10-2022,Pet Supplies,398.8,720.9,197.35,FALSE,366.2
26-10-2022,Automotive Parts,333.3,495.8,214.16,FALSE,322.5
26-10-2022,Toys,372.7,592.8,234.79,FALSE,350.3
26-10-2022,Apparel,524.9,1336.7,170.72,FALSE,438.8
27-10-2022,Office Supplies,492,741.8,89.9,FALSE,456
27-10-2022,Pet Supplies,432.6,700.5,194.83,FALSE,422.6
27-10-2022,Toys,389.3,346.2,245.02,FALSE,352.6
27-10-2022,Furniture,418.5,1127.4,76.12,FALSE,433.9
27-10-2022,Sporting Goods,535.9,1449.7,129.32,FALSE,491.9
27-10-2022,Beauty,421.9,973.8,159.96,FALSE,415.3
27-10-2022,Automotive Parts,365.7,494,216.62,FALSE,359.1
27-10-2022,Apparel,524.3,1345.5,169.67,FALSE,487.5
27-10-2022,Electronics,258.2,285.6,47.76,FALSE,233
27-10-2022,Groceries,302.8,774,105.81,FALSE,353.4
28-10-2022,Toys,367.7,344.2,238.05,FALSE,381.7
28-10-2022,Groceries,384,770.5,105.79,FALSE,364.1
28-10-2022,Beauty,466,951,166.1,FALSE,474.5
28-10-2022,Office Supplies,473.4,755.9,89.95,FALSE,444.5
28-10-2022,Pet Supplies,440.6,701.7,201.69,FALSE,432.4
28-10-2022,Electronics,258.8,283.9,48.17,FALSE,243.7
28-10-2022,Automotive Parts,335.8,499.1,212.07,FALSE,325.8
28-10-2022,Apparel,642.8,1340.7,166.32,TRUE,628.15
28-10-2022,Furniture,416.3,1128.7,73.24,FALSE,433.3
28-10-2022,Sporting Goods,516,1454.7,129.29,FALSE,529.5
29-10-2022,Pet Supplies,405.1,703.8,195.62,FALSE,400.2
29-10-2022,Toys,374.2,346.5,238.35,FALSE,83.1
29-10-2022,Automotive Parts,339.7,656.2,216.22,FALSE,349.7
29-10-2022,Furniture,409.6,1133.1,75.29,FALSE,417.3
29-10-2022,Sporting Goods,525.15,1448.6,132.18,FALSE,520.3
29-10-2022,Groceries,374.8,773.3,105.97,FALSE,342
29-10-2022,Apparel,511.6,1351.2,175.87,FALSE,488.6
29-10-2022,Beauty,410.1,964.2,167.95,FALSE,387.5
29-10-2022,Office Supplies,480.1,746.3,90.18,FALSE,495
29-10-2022,Electronics,273,272.2,46.81,FALSE,270.1
30-10-2022,Furniture,400.5,1136,77.61,FALSE,400.1
30-10-2022,Electronics,232.9,285.4,44.8,FALSE,214.5
30-10-2022,Sporting Goods,544.6,1443.8,128.06,FALSE,548.7
30-10-2022,Beauty,329.4,986.3,167.99,FALSE,387.5
30-10-2022,Groceries,347.7,782.6,104.94,FALSE,319.5
30-10-2022,Apparel,491.1,1356.7,173.52,FALSE,484.6
30-10-2022,Pet Supplies,321.3,711.2,196.71,FALSE,352.6
30-10-2022,Automotive Parts,337.7,501.1,221.31,FALSE,305.8
30-10-2022,Office Supplies,369.4,764.2,90.9,FALSE,423.5
30-10-2022,Toys,503,352.8,230.33,TRUE,499.6
31-10-2022,Groceries,313.2,793.4,107.28,FALSE,327.6
31-10-2022,Sporting Goods,500.2,1457.1,125.58,FALSE,488.7
31-10-2022,Electronics,217.3,290.8,46.55,FALSE,201.5
31-10-2022,Furniture,366.8,1149.2,74.43,FALSE,359.6
31-10-2022,Beauty,494,973.4,163.08,TRUE,465.5
31-10-2022,Office Supplies,436.6,760.3,89.45,FALSE,417.9
31-10-2022,Automotive Parts,340.4,501.1,215.1,FALSE,312.8
31-10-2022,Apparel,506.6,809.8,168.68,FALSE,482.3
31-10-2022,Pet Supplies,358.5,722.1,196.71,FALSE,330.5
31-10-2022,Toys,326.5,348.8,244.6,FALSE,302.7
01-11-2022,Automotive Parts,339.1,656.2,214.68,FALSE,340.5
01-11-2022,Apparel,511.4,807.8,163.27,FALSE,489.8
01-11-2022,Toys,317.8,602.8,244.74,FALSE,312
01-11-2022,Sporting Goods,525.15,1458.9,127.48,FALSE,487.9
01-11-2022,Pet Supplies,370.6,717.7,197.21,FALSE,357.5
01-11-2022,Beauty,383.8,968.9,171.56,FALSE,382.4
01-11-2022,Furniture,515.2,1142.8,72.08,TRUE,512
01-11-2022,Groceries,430.8,783.2,109.32,TRUE,446.6
01-11-2022,Sporting Goods,515.7,1419.9,127.72,FALSE,514
01-11-2022,Pet Supplies,442.4,855.9,195.09,TRUE,408.1
01-11-2022,Office Supplies,426.4,761.3,89.57,FALSE,442.4
02-11-2022,Electronics,247.8,289.4,46.57,FALSE,244.7
02-11-2022,Pet Supplies,409.9,716.1,192.21,FALSE,409.5
02-11-2022,Automotive Parts,345.2,524.9,219.82,FALSE,341.8
02-11-2022,Groceries,371.5,770.7,107.54,FALSE,368.6
02-11-2022,Sporting Goods,544,1459.9,128.77,FALSE,535.1
02-11-2022,Beauty,412.3,960.3,167.15,FALSE,391.1
02-11-2022,Apparel,534.5,807,165.22,FALSE,64.55
02-11-2022,Office Supplies,369.4,745,91.05,TRUE,628.15
03-11-2022,Furniture,411.2,1139.5,73.26,FALSE,371.9
03-11-2022,Groceries,384.5,762.1,106.93,FALSE,390.5
03-11-2022,Clothing,541.6,808.5,175.59,FALSE,494.3
03-11-2022,Toys,315.9,641.5,242.4,FALSE,306.2
03-11-2022,Beauty,425.3,953.8,163.12,FALSE,445.5
03-11-2022,Electronics,351.4,332.6,46.11,FALSE,328.1
03-11-2022,Apparel,535.5,1302.1,165.19,FALSE,538.7
03-11-2022,Sporting Goods,512.2,1469.5,130.52,FALSE,474.7
03-11-2022,Electronics,252.5,279.8,46.2,FALSE,238.3
03-11-2022,Toys,313.75,575,237.49,FALSE,380.4
03-11-2022,Automotive Parts,372.4,510.6,220.36,FALSE,343.4
04-11-2022,Electronics,261.7,282.8,46.78,FALSE,250.4
04-11-2022,Electronics,322.7,303.5,47.17,FALSE,321.1
04-11-2022,Office Supplies,485.7,735.7,92.25,FALSE,461.8
04-11-2022,Furniture,303.9,1139.2,72.18,FALSE,384.4
04-11-2022,Automotive Parts,391.3,507.2,219.4,FALSE,377.5
04-11-2022,Groceries,384.3,758.8,105.51,FALSE,375.9
04-11-2022,Beauty,440.1,958,163.97,FALSE,432.3
04-11-2022,Pet Supplies,642.8,697.1,198.87,TRUE,628.15
04-11-2022,Toys,370.2,574.1,237.11,FALSE,339.4
05-11-2022,Sporting Goods,552,1466.5,128.15,FALSE,518.8
05-11-2022,Toys,383.7,565.8,235.24,FALSE,363.3
05-11-2022,Clothing,509,1366.6,165.25,FALSE,500.2
05-11-2022,Pet Supplies,422.5,704.6,200.4,FALSE,432.4
05-11-2022,Beauty,411.7,972.5,168.91,FALSE,406.6
05-11-2022,Office Supplies,478.1,733.2,90.54,FALSE,454
05-11-2022,Electronics,239.2,293.7,46.72,FALSE,242
05-11-2022,Furniture,431.4,1135.2,74.49,FALSE,406.2
05-11-2022,Toys,325.4,587.8,229.1,FALSE,326.7
05-11-2022,Automotive Parts,352.6,518.2,217.34,FALSE,357.1
05-11-2022,Groceries,370.1,764.3,108.38,FALSE,365.3
06-11-2022,Beauty,394.4,973.2,164.5,FALSE,368
06-11-2022,Toys,364.8,569.3,237.21,FALSE,376.9
06-11-2022,Furniture,464.1,1145.7,75.65,TRUE,475
06-11-2022,Electronics,226.1,301.7,46.35,FALSE,230.6
06-11-2022,Sporting Goods,520.7,1476,128.73,FALSE,532.7
06-11-2022,Groceries,302.8,763.1,108.14,FALSE,331.9
06-11-2022,Office Supplies,451.3,736.3,89.07,FALSE,413
06-11-2022,Groceries,352.7,763.4,106.56,FALSE,365.9
06-11-2022,Apparel,503,1369.7,169.48,FALSE,527.5
06-11-2022,Pet Supplies,381.7,716.4,201.54,FALSE,385.4
06-11-2022,Electronics,320.8,278.9,47.91,FALSE,295.5
06-11-2022,Automotive Parts,363,508.8,218.17,FALSE,330.6
07-11-2022,Office Supplies,607.5,747.7,88.22,TRUE,598.1
07-11-2022,Pet Supplies,382.4,807.1,198.77,FALSE,375.5
07-11-2022,Automotive Parts,336.7,517.4,217,FALSE,343.1
07-11-2022,Furniture,391.4,1148.4,76.1,FALSE,406.8
07-11-2022,Electronics,219.1,306.5,46.23,FALSE,209.3
07-11-2022,Beauty,336.8,986.5,171.1,FALSE,328.8
07-11-2022,Apparel,428.7,1440.5,174.8,FALSE,419.4
07-11-2022,Toys,642.8,579.4,234.16,FALSE,315.7
08-11-2022,Office Supplies,420.9,1722.47,92.54,FALSE,441.6
08-11-2022,Electronics,208.5,306.3,46.56,FALSE,208.5
08-11-2022,Pet Supplies,345.5,734.3,197.75,FALSE,324.7
08-11-2022,Groceries,346.7,761,107.37,FALSE,338.7
08-11-2022,Apparel,469.7,1389.7,172.16,FALSE,459.2
08-11-2022,Beauty,642.8,1016.3,161.36,TRUE,628.15
08-11-2022,Automotive Parts,373.7,504.1,217.8,FALSE,369.4
08-11-2022,Toys,310.2,582.4,231.28,FALSE,316.7
08-11-2022,Furniture,354.7,1166.3,74.43,FALSE,363.1
08-11-2022,Automotive Parts,642.8,546.5,215.1,FALSE,302
09-11-2022,Automotive Parts,313.7,518.7,216.11,FALSE,322.6
09-11-2022,Pet Supplies,394.5,716.8,192.24,FALSE,404.5
09-11-2022,Office Supplies,642.8,736.7,91.73,TRUE,628.15
09-11-2022,Sporting Goods,580.5,1449.9,129.49,FALSE,535.2
09-11-2022,Groceries,384.7,747.1,107.23,FALSE,351.7
09-11-2022,Electronics,236,300.9,45.7,FALSE,231.3
09-11-2022,Sporting Goods,487.4,1476.1,129.28,FALSE,503.6
09-11-2022,Clothing,537.7,1369.8,172.04,FALSE,539.4
09-11-2022,Toys,404.3,604.4,237.77,FALSE,405.7
09-11-2022,Toys,352,565.7,243.24,FALSE,349.2
09-11-2022,Automotive Parts,383.3,505.2,222.7,FALSE,389.9
10-11-2022,Electronics,265.9,290.4,46.33,FALSE,268.1
10-11-2022,Toys,561.5,554.1,230.15,TRUE,526.6
10-11-2022,Pet Supplies,428.8,699.5,203.84,FALSE,408.9
10-11-2022,Furniture,405.4,1154.2,76.72,FALSE,408.4
10-11-2022,Sporting Goods,554.4,1463.3,127.34,FALSE,516.5
10-11-2022,Groceries,427.1,744.4,105.99,FALSE,295.35
10-11-2022,Sporting Goods,478.8,1459.6,128.33,FALSE,465.5
11-11-2022,Toys,330.2,560.9,237.57,FALSE,328.1
11-11-2022,Electronics,259.3,307,47.47,FALSE,255.7
11-11-2022,Furniture,417.7,1150.8,75.3,FALSE,392.4
11-11-2022,Groceries,563.5,693.1,107.66,TRUE,572.5
11-11-2022,Sporting Goods,510.7,1475.9,129.2,FALSE,460.9
11-11-2022,Office Supplies,498.5,731.2,91.06,FALSE,503.1
11-11-2022,Pet Supplies,642.8,708.2,191.28,FALSE,377.3
11-11-2022,Beauty,444.3,971.5,164.86,FALSE,462.8
11-11-2022,Apparel,535.5,1380.5,169.19,FALSE,517.5
11-11-2022,Automotive Parts,347.7,510,216.14,FALSE,315.2
12-11-2022,Pet Supplies,424.4,689,190.02,FALSE,433.6
12-11-2022,Automotive Parts,361.3,500.5,225.25,FALSE,379
12-11-2022,Groceries,379.6,762.7,107.5,FALSE,396.7
12-11-2022,Toys,326.7,571.3,228.58,FALSE,302.7
12-11-2022,Sporting Goods,642.8,1457.4,128.96,TRUE,628.15
12-11-2022,Pet Supplies,385.3,686.3,200.35,FALSE,310.6
12-11-2022,Toys,346,635.9,238.12,FALSE,327
12-11-2022,Electronics,246.3,309.9,45.06,FALSE,250.9
12-11-2022,Automotive Parts,433.3,507.1,220.92,TRUE,405.1
13-11-2022,Furniture,380.9,1164.9,77.81,FALSE,363.7
13-11-2022,Beauty,375.4,990.6,158.4,FALSE,374.6
13-11-2022,Electronics,229.2,309.7,46.96,FALSE,210.5
13-11-2022,Pet Supplies,374.3,807.1,193.59,FALSE,387.7
13-11-2022,Automotive Parts,642.8,513.1,217.99,FALSE,300.3
13-11-2022,Toys,322.4,1722.47,234.18,FALSE,290.5
13-11-2022,Groceries,346,781.3,106.03,FALSE,330.4
13-11-2022,Sporting Goods,477.4,1485.8,130.89,FALSE,454.1
13-11-2022,Office Supplies,454,746.6,91.15,FALSE,447.1
13-11-2022,Apparel,532.4,1300.9,167.52,FALSE,533.5
14-11-2022,Apparel,507.2,1391.7,171.13,FALSE,503.6
14-11-2022,Groceries,347.3,780.4,106.64,FALSE,344.5
14-11-2022,Sporting Goods,536.1,1465.3,128.18,FALSE,517.1
14-11-2022,Office Supplies,414.1,756.8,89.83,FALSE,414.2
14-11-2022,Beauty,359.5,994.8,167.81,FALSE,374.8
14-11-2022,Pet Supplies,368.8,707.2,203.08,FALSE,380.4
14-11-2022,Automotive Parts,333,513.5,215.89,FALSE,342.6
14-11-2022,Toys,310.8,566.4,242.98,FALSE,299.9
14-11-2022,Electronics,210,314,46.8,FALSE,199
14-11-2022,Furniture,382.1,1157.1,73.68,FALSE,365.7
15-11-2022,Sporting Goods,465,1484.4,127.98,FALSE,440.5
15-11-2022,Pet Supplies,384.8,707.2,196.71,FALSE,374.3
15-11-2022,Office Supplies,464.5,738.8,87.94,FALSE,467.3
15-11-2022,Automotive Parts,642.8,511.6,220.67,FALSE,321.6
15-11-2022,Clothing,479.4,1393.8,170.57,FALSE,478.7
15-11-2022,Electronics,237.4,313.2,47.52,FALSE,245.1
15-11-2022,Groceries,330.3,788.7,107.89,FALSE,311.2
15-11-2022,Beauty,331.6,1003.6,167.89,FALSE,308
15-11-2022,Furniture,381.8,1151,75.71,FALSE,345.3
15-11-2022,Toys,344,551.8,225.04,FALSE,346.7
16-11-2022,Beauty,419.1,981.4,167.65,FALSE,380.3
16-11-2022,Electronics,241.7,309.2,47.81,FALSE,242.1
16-11-2022,Groceries,386.5,770.1,106.28,FALSE,395.7
16-11-2022,Automotive Parts,328.9,503,218.95,FALSE,317.9
16-11-2022,Furniture,463.8,1161.2,70.12,TRUE,425.3
16-11-2022,Apparel,574.8,1373.2,174.8,FALSE,593
16-11-2022,Office Supplies,496.3,725,86.25,FALSE,504.6
16-11-2022,Sporting Goods,477.9,1488,128.04,FALSE,512.9
16-11-2022,Toys,354.2,550.9,242.75,FALSE,352.4
16-11-2022,Pet Supplies,618.1,711.4,197.4,TRUE,310.6
17-11-2022,Automotive Parts,329.1,470.8,223.65,TRUE,501
17-11-2022,Furniture,424,1146.4,75.79,FALSE,392.4
17-11-2022,Sporting Goods,554.5,1467.3,131.45,FALSE,530.5
17-11-2022,Pet Supplies,421.2,691.5,195.88,FALSE,382.2
17-11-2022,Electronics,281.6,285.3,45.96,FALSE,273.8
17-11-2022,Groceries,565,769.7,110.44,TRUE,517
17-11-2022,Apparel,556.5,1377.9,168.72,FALSE,567.3
17-11-2022,Toys,356.3,552.8,246.93,FALSE,372
17-11-2022,Beauty,429.5,982.5,158.06,FALSE,429.5
17-11-2022,Office Supplies,499.1,722.1,87.64,FALSE,516.1
18-11-2022,Groceries,302.8,767,107.5,FALSE,394.9
18-11-2022,Furniture,416.6,1150.8,75.31,FALSE,428.8
18-11-2022,Toys,360.5,551.7,236.37,FALSE,378.2
18-11-2022,Office Supplies,504.3,819.8,88.41,FALSE,502.9
18-11-2022,Automotive Parts,403.7,464.8,215.6,FALSE,375.1
18-11-2022,Apparel,543,1381.8,167.05,FALSE,491
18-11-2022,Beauty,428.7,1016.3,163.34,FALSE,437.1
18-11-2022,Electronics,248.4,290.5,46.05,FALSE,282.5
18-11-2022,Sporting Goods,592.7,1452.4,131.3,FALSE,551.3
18-11-2022,Pet Supplies,431.1,687.3,200.11,FALSE,442.5
19-11-2022,Electronics,253.9,303,45.99,FALSE,253.9
19-11-2022,Sporting Goods,530.9,1470.3,124.65,FALSE,523.1
19-11-2022,Toys,348,552.8,238.95,FALSE,314.5
19-11-2022,Pet Supplies,437.4,685.5,194.39,FALSE,441.5
19-11-2022,Automotive Parts,369.4,476.5,225.14,FALSE,384.2
19-11-2022,Apparel,471.7,1412.7,169.23,FALSE,442.8
19-11-2022,Furniture,404.6,1156.4,73.65,FALSE,398.1
19-11-2022,Office Supplies,509.8,724.1,92.44,FALSE,494.5
19-11-2022,Beauty,425.9,988.2,166.78,FALSE,440.7
19-11-2022,Groceries,391.2,774.5,111.81,FALSE,368.5
20-11-2022,Automotive Parts,349,493.3,215.79,FALSE,339.6
20-11-2022,Furniture,355.3,1171.1,71.64,FALSE,355.6
20-11-2022,Groceries,302.8,785.3,107.93,FALSE,385.1
20-11-2022,Office Supplies,473.9,740.5,87.83,FALSE,488
20-11-2022,Pet Supplies,391.9,701,196.38,FALSE,385.5
20-11-2022,Electronics,245.5,303.2,46.62,FALSE,248.8
20-11-2022,Beauty,388.4,994.6,167.3,FALSE,401.1
20-11-2022,Apparel,632.8,1411.2,167.96,TRUE,600.6
20-11-2022,Toys,424.3,559.6,231.99,TRUE,397.1
20-11-2022,Sporting Goods,480.2,1486.2,124.58,FALSE,449.5
21-11-2022,Sporting Goods,502.3,1480.8,127.16,FALSE,489.9
21-11-2022,Beauty,351.8,1003.9,164.86,FALSE,336.5
21-11-2022,Groceries,349.1,788.8,106,FALSE,347.2
21-11-2022,Office Supplies,443.4,748.4,89.25,FALSE,411.1
21-11-2022,Automotive Parts,346.3,494,221.67,FALSE,327.7
21-11-2022,Pet Supplies,334.5,723,195.4,FALSE,331.5
21-11-2022,Apparel,642.8,1435.6,167.38,FALSE,390.2
21-11-2022,Toys,290.1,568.6,237.11,FALSE,285
21-11-2022,Electronics,227.1,312.6,47.72,FALSE,238.1
21-11-2022,Furniture,361.9,1167,72.93,FALSE,289.7
22-11-2022,Pet Supplies,393.7,692.8,199.45,FALSE,383.9
22-11-2022,Electronics,226.2,308.4,46.15,FALSE,214.8
22-11-2022,Groceries,338.2,788.4,112.45,FALSE,319.4
22-11-2022,Beauty,642.8,1003.6,170,FALSE,354.4
22-11-2022,Sporting Goods,503.6,1480.5,131.55,FALSE,491.9
22-11-2022,Apparel,450.1,1424.5,170.33,FALSE,465.5
22-11-2022,Office Supplies,425.9,757.2,89.1,FALSE,445.9
22-11-2022,Automotive Parts,431.2,500.3,230.16,TRUE,390.5
22-11-2022,Furniture,369.8,1168.6,76.73,FALSE,355.5
22-11-2022,Toys,326.2,562.8,239.74,FALSE,628.15
23-11-2022,Sporting Goods,508.2,1482.1,129.63,FALSE,498.8
23-11-2022,Toys,310.8,568.4,237.33,FALSE,296.4
23-11-2022,Office Supplies,468.5,731.7,89.48,FALSE,488.9
23-11-2022,Furniture,494,1170.4,75.83,TRUE,503.7
23-11-2022,Pet Supplies,406.6,695.4,202.85,FALSE,420.6
23-11-2022,Groceries,552.3,792.2,106.32,TRUE,567.4
23-11-2022,Clothing,511.3,1402,170.57,FALSE,628.15
23-11-2022,Electronics,256.1,293.8,47.91,FALSE,261.2
23-11-2022,Beauty,391.5,995.3,166.66,FALSE,359.8
23-11-2022,Automotive Parts,367.6,478.3,207.23,FALSE,381.8
24-11-2022,Office Supplies,523.5,712,88.8,FALSE,525.7
24-11-2022,Groceries,408,770.9,106.38,FALSE,295.35
24-11-2022,Beauty,409.5,995.5,160.94,FALSE,420.8
24-11-2022,Furniture,367.2,1168.7,70.51,FALSE,354.4
24-11-2022,Pet Supplies,419.3,689.6,195.51,FALSE,403
24-11-2022,Automotive Parts,391.5,474.5,220.7,FALSE,369.3
24-11-2022,Sporting Goods,580.1,1464.8,125.19,FALSE,530.6
24-11-2022,Toys,354.2,557.6,230.45,FALSE,337.4
24-11-2022,Electronics,278.5,292.1,48.34,FALSE,262
24-11-2022,Apparel,542.8,1388.6,171.63,FALSE,552.4
25-11-2022,Furniture,410.4,1147.7,77.28,FALSE,412.8
25-11-2022,Toys,340.3,566.2,237.08,FALSE,338.6
25-11-2022,Groceries,422.3,763.4,106.42,FALSE,295.35
25-11-2022,Automotive Parts,399.6,467.4,216.56,FALSE,628.15
25-11-2022,Sporting Goods,642.8,1465.2,129.05,TRUE,628.15
25-11-2022,Apparel,451.9,1384.1,166.58,FALSE,545.9
25-11-2022,Pet Supplies,542.9,807.1,195.42,TRUE,520
25-11-2022,Beauty,426.1,990.6,163.66,FALSE,433.5
25-11-2022,Electronics,294.7,480.8,46.57,FALSE,242.1
25-11-2022,Office Supplies,369.4,710.3,87.76,FALSE,472.1
26-11-2022,Pet Supplies,397.2,682.9,198.2,FALSE,408.2
26-11-2022,Groceries,416.5,760.5,110.84,FALSE,403.1
26-11-2022,Furniture,395.2,1154,72.09,FALSE,411
26-11-2022,Electronics,285.1,290.6,46.54,FALSE,277.2
26-11-2022,Office Supplies,461,726.5,89.34,FALSE,424.4
26-11-2022,Clothing,450.3,1385.5,173.58,FALSE,566.6
26-11-2022,Beauty,432,992.7,164.01,FALSE,389.9
26-11-2022,Automotive Parts,411.8,470.2,218.91,FALSE,391.3
26-11-2022,Toys,319,571.7,238.24,FALSE,287.6
26-11-2022,Sporting Goods,544.2,1472.9,131.03,FALSE,514.4
27-11-2022,Sporting Goods,490.2,1500.3,132.14,FALSE,494.9
27-11-2022,Automotive Parts,351,487.7,218.43,FALSE,366.7
27-11-2022,Office Supplies,451.2,719.3,89.42,FALSE,419.8
27-11-2022,Electronics,315,304,47.32,TRUE,284.4
27-11-2022,Apparel,522.2,1393.7,172.91,FALSE,526
27-11-2022,Pet Supplies,366.1,807.1,192.32,FALSE,382.1
27-11-2022,Beauty,390.7,1003,163.96,FALSE,387.5
27-11-2022,Groceries,378.9,775.7,110.3,FALSE,348.4
27-11-2022,Toys,318.4,573.4,232.95,FALSE,290.5
27-11-2022,Furniture,390.6,1146,72.96,FALSE,363
28-11-2022,Sporting Goods,510.5,1494.9,128.97,FALSE,507.1
28-11-2022,Office Supplies,433.9,715.9,91.74,FALSE,444.6
28-11-2022,Apparel,465.4,1411,164.58,FALSE,434.3
28-11-2022,Groceries,332.1,793,109.79,FALSE,317.3
28-11-2022,Pet Supplies,368.7,697.4,195.42,FALSE,383.8
28-11-2022,Beauty,369.7,1007.2,162.84,FALSE,351.2
28-11-2022,Furniture,363.9,1157.5,73.99,FALSE,366.7
28-11-2022,Automotive Parts,332.5,487,214.22,FALSE,317
28-11-2022,Toys,387.8,571.4,237.11,TRUE,360.3
28-11-2022,Electronics,235.8,310.1,48.34,FALSE,236.9
29-11-2022,Sporting Goods,429.3,1524.1,129.26,FALSE,393.6
29-11-2022,Office Supplies,431.1,722.1,84.41,FALSE,390.2
29-11-2022,Apparel,500.6,1408.5,167.37,FALSE,505.8
29-11-2022,Beauty,341.3,1011.6,162.97,FALSE,356.5
29-11-2022,Furniture,388.3,1149.8,74.65,FALSE,402.4
29-11-2022,Groceries,357.9,777.3,105.29,FALSE,346.7
29-11-2022,Electronics,251.8,306,46.78,FALSE,261.3
29-11-2022,Pet Supplies,355,694.7,198.03,FALSE,371.5
29-11-2022,Automotive Parts,383.8,476.1,218.97,FALSE,391.2
29-11-2022,Toys,305,585,232.28,FALSE,277.5
30-11-2022,Pet Supplies,404.5,678.2,194.12,FALSE,410.9
30-11-2022,Apparel,552.4,1389.6,172.24,FALSE,510.7
30-11-2022,Sporting Goods,528.3,1495.2,126.69,FALSE,528.3
30-11-2022,Furniture,373.4,1149.4,74.97,FALSE,373.9
30-11-2022,Office Supplies,474.8,712.6,88.59,FALSE,492.6
30-11-2022,Beauty,399.8,993.6,165.36,FALSE,387.5
30-11-2022,Groceries,302.8,771.8,106.73,FALSE,375.2
30-11-2022,Toys,517.5,574.5,238.96,TRUE,469.5
30-11-2022,Automotive Parts,402.6,467.2,211.14,FALSE,408.6
30-11-2022,Electronics,280.2,287.5,47.75,FALSE,266.8
01-12-2022,Office Supplies,455.6,395,90.05,FALSE,442.1
01-12-2022,Groceries,406.6,763.6,110.57,FALSE,371.8
01-12-2022,Sporting Goods,642.8,1495.6,123.35,TRUE,628.15
01-12-2022,Office Supplies,526.3,696,91.91,FALSE,528.3
01-12-2022,Pet Supplies,335.2,840.4,197.57,FALSE,320.6
01-12-2022,Pet Supplies,624,669.5,199.24,TRUE,587.5
01-12-2022,Automotive Parts,378.3,476.5,212,FALSE,348.2
01-12-2022,Toys,260.5,692.7,235.7,FALSE,267.8
01-12-2022,Electronics,257.1,353.5,46.73,FALSE,266.4
01-12-2022,Automotive Parts,381.8,680.7,217.8,FALSE,346.6
01-12-2022,Beauty,409.4,992.7,166.1,FALSE,427.6
01-12-2022,Clothing,504.3,1401.3,167.61,FALSE,482.7
01-12-2022,Toys,362.5,569.1,234.16,FALSE,378
02-12-2022,Automotive Parts,412.6,464,221.4,FALSE,407.5
02-12-2022,Toys,362.7,575.6,232.42,FALSE,329.5
02-12-2022,Groceries,413.9,693.1,107.46,FALSE,393.6
02-12-2022,Automotive Parts,601.6,619.4,215.06,TRUE,579.6
02-12-2022,Electronics,309,280.3,46.96,FALSE,304
02-12-2022,Furniture,370.7,1150.6,70.89,FALSE,358.6
02-12-2022,Pet Supplies,457.6,667.4,196.46,FALSE,463.5
02-12-2022,Beauty,434.2,977.7,162.42,FALSE,454.6
02-12-2022,Office Supplies,537.7,695,88.1,FALSE,487.7
02-12-2022,Groceries,375.3,799.1,100.88,FALSE,385.4
02-12-2022,Toys,296.2,686.1,240.33,FALSE,308.8
02-12-2022,Apparel,546.3,1385.7,170.52,FALSE,561.5
03-12-2022,Pet Supplies,401.4,682.3,203.5,FALSE,391.1
03-12-2022,Pet Supplies,335.8,800.9,198.58,FALSE,348
03-12-2022,Beauty,394.9,989.5,166.12,FALSE,368.7
03-12-2022,Apparel,491.3,1399.9,166.32,FALSE,446
03-12-2022,Office Supplies,472.1,716.1,89.15,FALSE,361.35
03-12-2022,Toys,334.3,582.1,236.31,FALSE,350.2
03-12-2022,Office Supplies,369.4,728.6,90.55,FALSE,389.6
03-12-2022,Groceries,396,759,105.98,FALSE,360.8
03-12-2022,Sporting Goods,553.1,1431.8,133.51,FALSE,531.9
03-12-2022,Electronics,280.9,293.4,48.33,FALSE,285.2
03-12-2022,Furniture,379.3,1138.1,77.87,FALSE,379.5
04-12-2022,Sporting Goods,567.6,1431.5,126.95,FALSE,547.9
04-12-2022,Furniture,642.8,1139.4,72.03,FALSE,336.7
04-12-2022,Office Supplies,428,726.5,87.76,FALSE,433.6
04-12-2022,Apparel,404.5,1373.9,165.7,FALSE,406.7
04-12-2022,Electronics,277.6,295.1,46.48,FALSE,281.1
04-12-2022,Groceries,372.9,765.7,107.5,FALSE,341.9
04-12-2022,Automotive Parts,371.5,473.6,219.35,FALSE,344.3
04-12-2022,Sporting Goods,527,1484.4,129.41,FALSE,545.9
04-12-2022,Beauty,383.9,1032.8,160.82,FALSE,351.2
04-12-2022,Toys,321.7,588.4,233.28,FALSE,297.5
04-12-2022,Pet Supplies,347.1,698.6,194.41,FALSE,325.5
05-12-2022,Beauty,344.8,996,162.57,FALSE,359.6
05-12-2022,Furniture,338.5,1140.1,75.49,FALSE,306.2
05-12-2022,Pet Supplies,380.1,683.7,200.04,FALSE,391.9
05-12-2022,Toys,319,588.8,235.65,FALSE,305.6
05-12-2022,Automotive Parts,384.5,521.5,219.9,FALSE,353.7
05-12-2022,Office Supplies,430.9,727.2,86.76,FALSE,440.2
05-12-2022,Automotive Parts,376.6,484.6,223.74,FALSE,384.6
05-12-2022,Apparel,504.9,1388.2,168.34,FALSE,502.5
06-12-2022,Groceries,412.7,782.3,105.2,TRUE,402.5
06-12-2022,Beauty,367,985.2,167.53,FALSE,345.2
06-12-2022,Office Supplies,437.1,730.7,88.92,FALSE,424
06-12-2022,Electronics,246,310.6,46.58,FALSE,251.5
06-12-2022,Sporting Goods,595,1412.3,128.14,FALSE,552.5
06-12-2022,Toys,304.1,584,236.82,FALSE,302.5
06-12-2022,Office Supplies,324,718.3,89.82,FALSE,293.8
06-12-2022,Automotive Parts,329.1,494.4,213.78,FALSE,336.9
06-12-2022,Pet Supplies,351.8,693,197.09,FALSE,343.8
06-12-2022,Furniture,361.5,1126.8,73.2,FALSE,361.4
07-12-2022,Office Supplies,328.2,714.6,90.06,FALSE,335.6
07-12-2022,Pet Supplies,389.8,685.3,202.93,FALSE,404.3
07-12-2022,Toys,345.4,582.8,237.11,FALSE,319.5
07-12-2022,Beauty,383.9,974.7,162.22,FALSE,361.9
07-12-2022,Apparel,536.5,1379.1,171.34,FALSE,513
07-12-2022,Automotive Parts,370,491.1,219.57,FALSE,350.7
07-12-2022,Office Supplies,522.5,705.6,88.7,FALSE,538.6
07-12-2022,Electronics,276.9,291.2,48.18,FALSE,266
07-12-2022,Furniture,360.7,1129.2,73.24,FALSE,360.2
07-12-2022,Sporting Goods,553.1,1480.8,128.33,FALSE,565.6
08-12-2022,Automotive Parts,385.1,496.4,213.66,FALSE,361.5
08-12-2022,Toys,338.4,584.5,229.76,FALSE,313.9
08-12-2022,Furniture,303.9,977.65,74.43,FALSE,402.9
08-12-2022,Office Supplies,498.9,720.9,92.03,FALSE,467.4
08-12-2022,Pet Supplies,390.8,682.2,191.17,FALSE,310.6
08-12-2022,Sporting Goods,538,1444,127.72,FALSE,494.5
08-12-2022,Sporting Goods,571.6,1472.4,130.59,FALSE,523
08-12-2022,Groceries,592.3,605.8,105.75,TRUE,577.9
08-12-2022,Furniture,374.2,1126.5,72.82,FALSE,354.2
08-12-2022,Apparel,642.8,1374.8,167.96,FALSE,507.8
09-12-2022,Pet Supplies,401.6,683.2,193.66,FALSE,392.9
09-12-2022,Groceries,424.2,601.9,107.53,FALSE,64.55
09-12-2022,Electronics,218.4,266.8,45.51,FALSE,198.7
09-12-2022,Apparel,454.4,1366.3,171.29,FALSE,427.6
09-12-2022,Toys,444.5,635.9,232.63,TRUE,465.1
09-12-2022,Furniture,400.7,1156.8,73.81,FALSE,373.4
09-12-2022,Clothing,567.4,1375.3,172.58,FALSE,555.1
09-12-2022,Automotive Parts,416.7,484.2,217.03,FALSE,404.3
09-12-2022,Automotive Parts,416.2,526.4,224.67,TRUE,404.3
09-12-2022,Furniture,371.5,1123.3,75.3,FALSE,373.3
10-12-2022,Groceries,542.7,759.9,107.5,TRUE,561.8
10-12-2022,Pet Supplies,394.2,682.4,197.46,FALSE,367.2
10-12-2022,Pet Supplies,373.4,748.3,203.66,FALSE,359.2
10-12-2022,Furniture,303.9,1123.7,74.53,TRUE,571.7
10-12-2022,Electronics,206.9,295.1,47.33,FALSE,210.8
10-12-2022,Groceries,406.6,604.8,106.61,FALSE,380.5
10-12-2022,Beauty,438.7,956.7,163.1,FALSE,413.8
10-12-2022,Office Supplies,565.7,758.2,90.57,TRUE,552.3
10-12-2022,Apparel,451.9,1377.5,171.01,FALSE,580.6
10-12-2022,Sporting Goods,567.2,1473.3,129.7,FALSE,525.3
11-12-2022,Electronics,277.5,288.8,45.65,FALSE,289.6
11-12-2022,Beauty,368.1,989.1,164.86,FALSE,336.7
11-12-2022,Apparel,642.8,1399.8,169.66,TRUE,608.4
11-12-2022,Apparel,505.3,1395.5,172.83,FALSE,485
11-12-2022,Furniture,355.1,1123.5,75.21,FALSE,357.9
11-12-2022,Office Supplies,485.5,733.8,90.54,FALSE,437.8
11-12-2022,Furniture,385.3,1165.7,74.25,FALSE,363.9
11-12-2022,Office Supplies,444.7,740.9,89.81,FALSE,464.4
11-12-2022,Sporting Goods,529.1,1489.2,126.16,FALSE,528.6
11-12-2022,Beauty,397.35,978.3,165.27,FALSE,394.8
11-12-2022,Groceries,379.4,613.7,104.25,FALSE,344.7
12-12-2022,Office Supplies,454.9,745.7,91.47,FALSE,446.2
12-12-2022,Groceries,354.1,774.3,108.58,FALSE,330.2
12-12-2022,Toys,320.7,571.8,234.09,FALSE,303.3
12-12-2022,Automotive Parts,373.8,501.5,221.57,FALSE,385
12-12-2022,Apparel,642.8,1399.4,167.45,TRUE,628.15
12-12-2022,Furniture,345.4,1130.5,74.19,FALSE,358.6
12-12-2022,Sporting Goods,497.1,1498.2,130.87,FALSE,460.1
12-12-2022,Electronics,240.5,307.5,47.51,FALSE,227.2
12-12-2022,Pet Supplies,355.8,696.4,198.58,FALSE,326
12-12-2022,Beauty,397.35,983.6,162.72,FALSE,333.8
13-12-2022,Office Supplies,459.5,745.5,89.82,FALSE,458.2
13-12-2022,Furniture,352.9,1129.8,74.58,FALSE,348.6
13-12-2022,Apparel,508.7,1395.2,172.55,FALSE,477.6
13-12-2022,Pet Supplies,343.1,699.4,196.66,FALSE,311.5
13-12-2022,Sporting Goods,487.8,1504.5,127.31,FALSE,488.2
13-12-2022,Electronics,253.5,303,48.08,FALSE,234.7
13-12-2022,Automotive Parts,357.4,503.8,217.8,FALSE,374
13-12-2022,Groceries,354.3,760.9,105.3,FALSE,342.1
13-12-2022,Toys,340.2,565.5,243.56,FALSE,351
13-12-2022,Beauty,366.2,972.7,166.91,FALSE,379.7
14-12-2022,Pet Supplies,370.2,687.2,199.26,FALSE,364.5
14-12-2022,Office Supplies,481.8,744.9,88.9,FALSE,440.8
14-12-2022,Sporting Goods,525.15,1493,121.29,FALSE,508.9
14-12-2022,Automotive Parts,398.3,488.4,215.24,FALSE,381.9
14-12-2022,Furniture,375.8,1109.3,75.49,FALSE,371.7
14-12-2022,Beauty,525.4,975.3,166.59,TRUE,476.8
14-12-2022,Apparel,556.8,1377.4,172.79,FALSE,559.7
14-12-2022,Toys,315,573.2,239.04,FALSE,313.6
14-12-2022,Electronics,273.2,302.6,46.78,FALSE,266.3
14-12-2022,Groceries,415.8,743,110.82,FALSE,401.3
15-12-2022,Automotive Parts,405.3,486.9,221.66,FALSE,386.4
15-12-2022,Beauty,397.35,955.5,168.76,FALSE,415.9
15-12-2022,Apparel,531.1,1383,169.9,FALSE,524.2
15-12-2022,Groceries,421.1,693.1,107.5,FALSE,428.9
15-12-2022,Electronics,287.7,299.2,46.83,FALSE,273.9
15-12-2022,Sporting Goods,558.4,1494.1,130.35,FALSE,514.9
15-12-2022,Toys,356.2,569.9,235.88,FALSE,360.9
15-12-2022,Furniture,345.1,1119.9,75.41,FALSE,325.6
15-12-2022,Office Supplies,516.9,730.9,92.45,FALSE,513.6
15-12-2022,Pet Supplies,414.7,679.8,199.25,FALSE,428.2
16-12-2022,Office Supplies,540,718.1,91.13,FALSE,526.2
16-12-2022,Apparel,569.6,1362.8,168.2,FALSE,551
16-12-2022,Automotive Parts,378.3,492.3,219.21,FALSE,359
16-12-2022,Pet Supplies,321.3,674.2,197.43,TRUE,628.15
16-12-2022,Groceries,456.8,731.9,107.5,FALSE,468.9
16-12-2022,Furniture,353.2,1119.4,74.32,FALSE,370.2
16-12-2022,Sporting Goods,517.6,1504.4,125.69,FALSE,538
16-12-2022,Toys,365.3,564.9,240.39,FALSE,376.5
16-12-2022,Electronics,300.2,288.4,46.79,FALSE,242.1
16-12-2022,Beauty,450.6,943.1,166.9,FALSE,421.9
17-12-2022,Automotive Parts,329.1,490,212.68,FALSE,373.8
17-12-2022,Pet Supplies,429.3,668.8,204.46,FALSE,387.2
17-12-2022,Toys,350.1,571.5,236.36,FALSE,363.9
17-12-2022,Sporting Goods,525.15,1481.2,129.56,FALSE,551.6
17-12-2022,Apparel,529.8,1364.4,165.18,FALSE,488.3
17-12-2022,Furniture,366.1,1116.9,74.8,FALSE,379.8
17-12-2022,Office Supplies,515.3,720.7,88.15,FALSE,539.5
17-12-2022,Beauty,378,973.5,164.74,FALSE,355.2
17-12-2022,Groceries,419.1,737.5,108.23,FALSE,408.5
17-12-2022,Electronics,353.9,286.9,45.16,TRUE,343.1
18-12-2022,Pet Supplies,377.4,684.3,199.58,FALSE,355.4
18-12-2022,Toys,291.9,585.6,243.27,FALSE,282.3
18-12-2022,Office Supplies,642.8,725.2,91.96,TRUE,628.15
18-12-2022,Apparel,642.8,1365.6,170.12,TRUE,628.15
18-12-2022,Automotive Parts,386.9,490.8,232.29,FALSE,351.6
18-12-2022,Beauty,363.9,970.8,164.18,FALSE,356.5
18-12-2022,Sporting Goods,483.5,1511.4,130.87,FALSE,461.3
18-12-2022,Groceries,386.8,754.6,103.52,FALSE,360.5
18-12-2022,Electronics,273.1,290.7,47.28,FALSE,265.8
18-12-2022,Furniture,339,1121.4,73.5,FALSE,343.5
19-12-2022,Pet Supplies,355.9,689.6,198.03,FALSE,372.4
19-12-2022,Apparel,469.8,1375.1,172.82,FALSE,483.2
19-12-2022,Electronics,266.3,294.5,47.83,FALSE,267.3
19-12-2022,Beauty,363.2,972.2,168.13,FALSE,362.4
19-12-2022,Office Supplies,456.8,727.8,92.27,FALSE,478.5
19-12-2022,Automotive Parts,369.3,496.6,223.07,FALSE,354.7
19-12-2022,Sporting Goods,504,1513.9,125.66,FALSE,529.1
19-12-2022,Groceries,302.8,761.5,103.26,FALSE,352.4
19-12-2022,Toys,299.5,583.9,230.28,FALSE,312.6
19-12-2022,Furniture,337,1129.1,72.63,FALSE,313
20-12-2022,Electronics,269.7,289.6,357.79,FALSE,273.1
20-12-2022,Toys,457.2,572.2,235.61,TRUE,412.6
20-12-2022,Furniture,355,1132.1,75.71,FALSE,349.8
20-12-2022,Sporting Goods,545.5,1502.7,127.25,FALSE,569.5
20-12-2022,Office Supplies,459.7,718.7,90.78,FALSE,455.3
20-12-2022,Beauty,358.7,972.5,161.06,FALSE,328
20-12-2022,Apparel,464.1,1377.3,175.62,FALSE,484.6
20-12-2022,Pet Supplies,359.8,692.8,198.85,FALSE,350.7
20-12-2022,Groceries,302.8,753.7,107,FALSE,374.2
20-12-2022,Automotive Parts,402,486.8,221.49,FALSE,414.3
21-12-2022,Office Supplies,536.1,705.6,90.2,FALSE,555.6
21-12-2022,Furniture,331.7,1138.9,76.89,FALSE,310.6
21-12-2022,Groceries,403.8,746.1,107.97,FALSE,366.7
21-12-2022,Sporting Goods,561.8,1497,129.54,FALSE,583.8
21-12-2022,Automotive Parts,405,484.8,215.37,FALSE,382.6
21-12-2022,Apparel,497.2,1357,168.68,FALSE,517.5
21-12-2022,Toys,335.9,569.4,237.26,FALSE,321.4
21-12-2022,Pet Supplies,363.5,689.8,195.35,FALSE,367.4
21-12-2022,Electronics,279.2,279.9,46.68,FALSE,289.8
21-12-2022,Beauty,394.9,960.4,169.12,FALSE,392.9
22-12-2022,Apparel,549.5,1336.1,161.17,FALSE,628.15
22-12-2022,Sporting Goods,613.3,1482.9,126.36,FALSE,512.9
22-12-2022,Toys,347.3,559.3,249.53,FALSE,345.2
22-12-2022,Automotive Parts,375.9,485.1,211.55,FALSE,375.8
22-12-2022,Pet Supplies,407.1,807.1,196.97,FALSE,367.9
22-12-2022,Beauty,407.7,955.7,169.74,FALSE,368
22-12-2022,Furniture,525.9,1125.6,72.63,TRUE,519.4
22-12-2022,Groceries,412.7,742.4,105.88,FALSE,420.3
22-12-2022,Office Supplies,482.5,726.7,91.96,FALSE,451.8
22-12-2022,Electronics,314.7,264.4,46.73,FALSE,295.8
23-12-2022,Apparel,586.7,1327.2,166.6,FALSE,582.1
23-12-2022,Furniture,351.9,1131.9,74.97,FALSE,362.3
23-12-2022,Groceries,441.1,734.2,107.33,FALSE,413.5
23-12-2022,Office Supplies,537.3,819.8,89.69,FALSE,361.35
23-12-2022,Sporting Goods,561.2,867.7,125.14,FALSE,628.15
23-12-2022,Toys,350.9,550.6,233.07,FALSE,325.3
23-12-2022,Electronics,333.3,256.4,46.97,FALSE,316.9
23-12-2022,Pet Supplies,419.8,667.2,195.3,FALSE,418.4
23-12-2022,Beauty,642.8,756.8,164.22,TRUE,584.8
23-12-2022,Automotive Parts,415,472.1,218.61,FALSE,381.3
24-12-2022,Groceries,400.4,753.4,107.5,FALSE,375.2
24-12-2022,Apparel,577.6,1332.2,173.12,FALSE,522
24-12-2022,Toys,329.5,561,248.48,FALSE,299.4
24-12-2022,Office Supplies,642.8,819.8,91.88,TRUE,628.15
24-12-2022,Automotive Parts,433.2,656.2,217.8,FALSE,394.2
24-12-2022,Furniture,303.9,1128.3,74.82,FALSE,325.1
24-12-2022,Electronics,320.3,256.1,357.79,FALSE,303.5
24-12-2022,Beauty,418,1722.47,164.86,FALSE,384.3
24-12-2022,Pet Supplies,390.7,807.1,192.8,FALSE,391.4
24-12-2022,Sporting Goods,552.6,866.3,129.21,FALSE,501.7
25-12-2022,Apparel,497.2,1362.8,174.16,FALSE,438.8
25-12-2022,Groceries,406.5,745.2,105.18,FALSE,419.2
25-12-2022,Office Supplies,456.1,753.7,85.86,FALSE,439.3
25-12-2022,Sporting Goods,500.4,876.5,128.48,FALSE,64.55
25-12-2022,Electronics,290.6,262.3,44.9,FALSE,288.5
25-12-2022,Furniture,358.7,1122.4,72.07,FALSE,354.4
25-12-2022,Pet Supplies,381.7,685.2,201.27,FALSE,354.1
25-12-2022,Toys,321.7,561.2,242.48,FALSE,294.7
25-12-2022,Automotive Parts,373.7,490.7,213.61,FALSE,355.8
25-12-2022,Beauty,381.3,1016.3,161.27,FALSE,80.7
26-12-2022,Groceries,371.8,752.3,109.06,FALSE,353.9
26-12-2022,Pet Supplies,339.4,692.7,196.71,FALSE,319.3
26-12-2022,Electronics,283,274,45.82,FALSE,260.7
26-12-2022,Beauty,350.6,796.7,161.96,FALSE,344.1
26-12-2022,Furniture,336,1128.2,75.23,FALSE,303.9
26-12-2022,Sporting Goods,520.2,871.8,126.05,FALSE,507.9
26-12-2022,Apparel,632.4,1358.9,166.72,TRUE,615.1
26-12-2022,Office Supplies,429.2,762.1,88.62,FALSE,433.1
26-12-2022,Automotive Parts,376.3,500.4,213.58,FALSE,344.5
26-12-2022,Toys,319.4,572.4,245.65,FALSE,299.8
27-12-2022,Electronics,292.3,272.9,44.82,FALSE,293.6
27-12-2022,Sporting Goods,501.2,881.4,127.95,FALSE,477.7
27-12-2022,Automotive Parts,349.9,505.9,218.02,FALSE,323.1
27-12-2022,Furniture,350.1,1121.7,74.01,FALSE,333.4
27-12-2022,Toys,301,577.8,239.56,FALSE,279.6
27-12-2022,Office Supplies,642.8,763.6,90.93,TRUE,623.7
27-12-2022,Groceries,360.8,758.5,108.55,FALSE,327.6
27-12-2022,Clothing,642.2,1374.2,171.12,TRUE,591
27-12-2022,Pet Supplies,321.3,687.1,191.79,FALSE,369.3
27-12-2022,Beauty,462.4,800.3,165.47,TRUE,428
28-12-2022,Beauty,382.3,997.8,162.03,FALSE,382.1
28-12-2022,Apparel,549.7,1345.7,171.25,FALSE,541.1
28-12-2022,Automotive Parts,407.9,496.8,215.41,FALSE,317.9
28-12-2022,Groceries,416.9,739,110.43,FALSE,381.1
28-12-2022,Electronics,319,261,47.37,FALSE,290.2
28-12-2022,Furniture,355.5,1117.2,74.37,FALSE,360.9
28-12-2022,Office Supplies,481,751.4,89.82,FALSE,468.9
28-12-2022,Toys,325.8,565,241.28,FALSE,318.8
28-12-2022,Pet Supplies,413.2,669.6,196.71,FALSE,432
28-12-2022,Sporting Goods,516.7,1397.7,130.24,FALSE,532.8
29-12-2022,Office Supplies,494.8,749.5,90.1,FALSE,451.1
29-12-2022,Sporting Goods,573.3,1493.2,125.77,FALSE,600.6
29-12-2022,Pet Supplies,413.5,661.9,195.07,FALSE,373
29-12-2022,Apparel,560.1,1340.8,183.12,FALSE,576.5
29-12-2022,Toys,351.3,554.6,357.79,FALSE,319.9
29-12-2022,Automotive Parts,430.2,491.4,216.14,FALSE,429.8
29-12-2022,Beauty,444.1,974.7,164.86,FALSE,402.5
29-12-2022,Groceries,418.3,742.8,107.71,FALSE,415.4
29-12-2022,Furniture,303.9,1129.3,76.6,FALSE,334
29-12-2022,Electronics,344.2,253.5,46.32,FALSE,326.4
30-12-2022,Beauty,565.5,976.5,158.54,TRUE,534.9
30-12-2022,Apparel,542.6,1349,169.66,FALSE,510.2
30-12-2022,Toys,326.6,575.1,234.6,FALSE,318.1
30-12-2022,Furniture,365.8,1110.5,75.16,FALSE,381.3
30-12-2022,Automotive Parts,452.7,478.1,208.93,FALSE,417.6
30-12-2022,Office Supplies,544.9,729.5,88.31,FALSE,549
30-12-2022,Electronics,329.2,480.8,47.62,FALSE,314
30-12-2022,Pet Supplies,408.4,666.8,196.15,FALSE,310.6
30-12-2022,Sporting Goods,590.4,1487.7,130.01,FALSE,586.8
30-12-2022,Groceries,423.5,742.7,106.77,FALSE,405.2
31-12-2022,Apparel,499.9,1361,173.43,FALSE,464.6
31-12-2022,Sporting Goods,525.15,1484.1,127.46,FALSE,549
31-12-2022,Electronics,317.1,273.2,46.67,FALSE,321.6
31-12-2022,Groceries,399.8,749.7,107.5,FALSE,390.9
31-12-2022,Beauty,386.5,986.2,162.35,FALSE,389.6
31-12-2022,Office Supplies,498.2,740.2,88.33,FALSE,475.7
31-12-2022,Furniture,343.8,1117,70.44,FALSE,355.7
31-12-2022,Pet Supplies,417,652.5,202.88,FALSE,404.7
31-12-2022,Automotive Parts,441.9,483.4,219.46,FALSE,455.2
31-12-2022,Toys,311.6,577.3,241.85,FALSE,294.4
01-01-2023,Furniture,338.9,1115.7,74.32,FALSE,344.6
01-01-2023,Electronics,314.4,273.7,46.77,FALSE,324.7
01-01-2023,Pet Supplies,353,673.5,192.08,FALSE,347.1
01-01-2023,Office Supplies,505.5,738.1,90.26,FALSE,513.1
01-01-2023,Sporting Goods,537.6,1500.2,125.89,FALSE,555.9
01-01-2023,Automotive Parts,375.8,505,219.97,FALSE,357.2
01-01-2023,Apparel,491.1,1364.5,172.35,FALSE,478.5
01-01-2023,Groceries,390.5,751.7,109.1,FALSE,354.8
01-01-2023,Beauty,372.2,988.5,163.91,FALSE,389
01-01-2023,Toys,295.4,591.6,238.39,FALSE,308.7
02-01-2023,Groceries,381.5,747.5,108.66,FALSE,295.35
02-01-2023,Pet Supplies,377.5,663.5,196.71,FALSE,346
02-01-2023,Electronics,302.7,270.6,48.03,FALSE,279.2
02-01-2023,Automotive Parts,370.2,509.4,211.43,FALSE,386.5
02-01-2023,Beauty,342.5,994.9,160.63,FALSE,345
02-01-2023,Office Supplies,461.1,751.3,90.54,FALSE,438.1
02-01-2023,Clothing,467.6,1383.6,165.74,FALSE,475.6
03-01-2023,Sporting Goods,544.1,1486.2,129.58,FALSE,535.3
03-01-2023,Automotive Parts,384.4,504.6,216.23,FALSE,363.2
03-01-2023,Groceries,398.8,749.2,104.94,FALSE,372.6
03-01-2023,Office Supplies,465.1,819.8,92.42,FALSE,431
03-01-2023,Beauty,350.1,990.4,166.53,FALSE,336.4
03-01-2023,Pet Supplies,333.5,672.6,198.45,FALSE,335.3
03-01-2023,Furniture,324.7,1119.4,71.24,FALSE,313.5
03-01-2023,Electronics,308.9,260.4,47.58,FALSE,312.5
03-01-2023,Toys,282.4,635.9,239.3,FALSE,255
03-01-2023,Apparel,635.9,1382.2,173.06,TRUE,594.5
04-01-2023,Groceries,429.7,744.4,108.17,FALSE,421.9
04-01-2023,Sporting Goods,529.5,1488.5,131.97,FALSE,540.8
04-01-2023,Toys,323.8,571.3,237.11,FALSE,325.4
04-01-2023,Office Supplies,498.9,740.8,90.95,FALSE,485.1
04-01-2023,Electronics,452.3,264.8,46.22,TRUE,468.7
04-01-2023,Furniture,311.2,1125.9,72.61,FALSE,291.6
04-01-2023,Pet Supplies,598.4,659.1,199.77,TRUE,598.6
04-01-2023,Apparel,543.9,1369.4,165.04,FALSE,535.4
01-02-2023,Sporting Goods,642.8,1504.6,124.97,FALSE,456
01-02-2023,Furniture,285.1,1128.3,76.76,FALSE,278.4
01-02-2023,Toys,287.2,588.7,238.58,FALSE,300.4
01-04-2023,Automotive Parts,412.8,486.9,211.16,FALSE,420.6
01-04-2023,Beauty,419,1016.3,167.47,FALSE,438.4
