date,product_category,units_sold,inventory_level,unit_price,promotion_flag,warehouse_dispatch_rate,is_anomaly,anomaly_type
01-01-2020,Apparel,402.1,941.4,63.94,0,393.4,0,
02-01-2020,Apparel,427.2,935.9,64.47,0,419.3,0,
03-01-2020,Apparel,344.5,953.2,63.94,0,328.5,0,
04-01-2020,Apparel,393.3,943.8,64.17,0,394.7,0,
05-01-2020,Apparel,321.2,958.1,63.99,0,311.8,0,
06-01-2020,Apparel,362.3,944.6,62,0,344,0,
07-01-2020,Apparel,368.1,944.1,64.68,0,346,0,
08-01-2020,Apparel,336.6,958.8,64.98,0,349.7,0,
09-01-2020,Apparel,685,928.8,65.66,1,646.4,0,
10-01-2020,Apparel,410.2,940.4,66.3,0,396.1,0,
11-01-2020,Apparel,375.9,950.5,64.47,0,358.1,0,
12-01-2020,Apparel,401.2,942.8,65.75,0,366.3,0,
13-01-2020,Apparel,325.7,965.9,63.97,0,302.2,0,
14-01-2020,Apparel,340.2,960.6,62.09,0,315.8,0,
15-01-2020,Apparel,335.7,953.5,65.17,0,337.1,0,
16-01-2020,Apparel,431.4,920.9,64.89,0,414.6,0,
17-01-2020,Apparel,406.5,929.6,63.94,0,413.5,0,
18-01-2020,Apparel,400.3,930.2,63.86,0,402.9,0,
19-01-2020,Apparel,373.8,937.4,64.55,0,347.2,0,
20-01-2020,Apparel,366.5,938,63.51,0,360.8,0,
21-01-2020,Apparel,360.4,935.5,64.51,0,364.5,0,
22-01-2020,Apparel,602.6,927.1,62.76,1,599.6,0,
23-01-2020,Apparel,393.3,921.6,62.91,0,389.4,0,
24-01-2020,Apparel,382.8,924.8,62.25,0,387,0,
25-01-2020,Apparel,381.1,927.3,66.81,0,346.2,0,
26-01-2020,Apparel,367.6,930.4,64.04,0,371.1,0,
27-01-2020,Apparel,351.8,930,65.49,0,331,0,
28-01-2020,Apparel,324.3,931.3,62.54,0,319.7,0,
29-01-2020,Apparel,343,938.7,63.71,0,321.2,0,
30-01-2020,Apparel,406.1,914.1,64.65,0,416.6,0,
31-01-2020,Apparel,382.5,918.6,65.82,0,371.8,0,
01-02-2020,Apparel,387,919.8,63.17,0,385.7,0,
02-02-2020,Apparel,334.8,937.3,63.43,0,341.2,0,
03-02-2020,Apparel,314.7,945.9,62.93,0,325.5,0,
04-02-2020,Apparel,330.1,939.1,63.79,0,333.3,0,
05-02-2020,Apparel,358.1,931.9,62.64,0,330.3,0,
06-02-2020,Apparel,365.6,929.9,62.1,0,375.9,0,
07-02-2020,Apparel,406.7,916,64.27,0,403.7,0,
08-02-2020,Apparel,372.3,927.6,64.8,0,369.1,0,
09-02-2020,Apparel,384.8,929.1,62.49,0,399.5,0,
10-02-2020,Apparel,344,941.2,63.08,0,322.5,0,
11-02-2020,Apparel,292.6,956.6,63.81,0,273.9,0,
12-02-2020,Apparel,,937,66.12,0,367.1,0,
13-02-2020,Apparel,492.7,951.9,60.32,1,498.9,0,
14-02-2020,Apparel,378.8,948.8,64.51,0,366.3,0,
15-02-2020,Apparel,346.5,949.7,64.81,0,344.8,0,
16-02-2020,Apparel,383.1,943.3,63.03,0,370.8,0,
17-02-2020,Apparel,1443.5,954.2,63.5,0,353.6,1,demand_spike
18-02-2020,Apparel,317.5,961.5,64.37,0,324.9,0,
19-02-2020,Apparel,345.2,954.4,63.9,0,320.1,0,
20-02-2020,Apparel,1396.6,952.8,66.11,1,445.3,1,demand_spike
21-02-2020,Apparel,383.4,944.1,64.07,0,390.3,0,
22-02-2020,Apparel,354.3,955,65.04,0,342.7,0,
23-02-2020,Apparel,420.3,971.5,64.52,1,398.7,0,
24-02-2020,Apparel,307,968.2,64.83,0,276.9,0,
25-02-2020,Apparel,323.9,962.5,62.95,0,330.2,0,
26-02-2020,Apparel,363.7,952,64.2,0,345.2,0,
27-02-2020,Apparel,363.9,948,63.86,0,347.1,0,
28-02-2020,Apparel,,949.6,63.03,0,326.7,0,
29-02-2020,Apparel,358.4,944.6,65.13,0,349.3,0,
01-03-2020,Apparel,318.3,960.6,61.36,0,320,0,
02-03-2020,Apparel,330.1,960.3,65.66,0,335.3,0,
03-03-2020,Apparel,364.9,945.5,61.1,0,349.9,0,
04-03-2020,Apparel,324.8,960.8,63.75,0,324.6,0,
05-03-2020,Apparel,363.1,945.1,65.15,0,366,0,
06-03-2020,Apparel,336.2,945.2,62.42,0,317.5,0,
07-03-2020,Apparel,335.5,943.5,64.48,0,306.8,0,
08-03-2020,Apparel,318.3,954.3,64.35,0,329.1,0,
09-03-2020,Apparel,301,962.8,64.36,0,301.5,0,
10-03-2020,Apparel,355.5,946.4,63.5,0,354.5,0,
11-03-2020,Apparel,317.7,955.7,63.35,0,288.7,0,
12-03-2020,Apparel,350.8,943.8,61.93,0,358.8,0,
13-03-2020,Apparel,305.1,958.1,63.81,0,300.5,0,
14-03-2020,Apparel,337.9,942.9,65.12,0,347.1,0,
15-03-2020,Apparel,331.7,943,63.36,0,347,0,
16-03-2020,Apparel,356.7,955.5,63.42,1,372.2,0,
17-03-2020,Apparel,251.1,959.3,65.98,0,258.2,0,
18-03-2020,Apparel,436.3,936,63.73,1,393.3,0,
19-03-2020,Apparel,524.3,933,64.39,1,541.5,0,
20-03-2020,Apparel,348.5,928,64.63,0,317.6,0,
21-03-2020,Apparel,360.5,922.9,63.73,0,370.5,0,
22-03-2020,Apparel,294.2,938.2,64.81,0,277.2,0,
23-03-2020,Apparel,,952.7,65.21,0,269.8,0,
24-03-2020,Apparel,269.2,949.4,65.1,0,243.8,0,
25-03-2020,Apparel,311.5,938,65.24,0,316.4,0,
26-03-2020,Apparel,332.8,929.1,61.28,0,305.1,0,
27-03-2020,Apparel,316.1,625.6,62.44,0,304,0,
28-03-2020,Apparel,328.9,624.5,63.28,0,336.3,0,
29-03-2020,Apparel,302.9,625.2,62.92,0,31.1,1,supplier_delay
30-03-2020,Apparel,281.9,629.4,63.02,0,254,0,
31-03-2020,Apparel,266.7,636.4,65.08,0,256.2,0,
01-04-2020,Apparel,1193.5,952.1,64.08,0,263.5,1,demand_spike
02-04-2020,Apparel,269,958,63.77,0,269.3,0,
03-04-2020,Apparel,323.8,941.8,63.65,0,338.5,0,
04-04-2020,Apparel,484.8,957.9,63.43,1,484,0,
05-04-2020,Apparel,290.2,968.6,63.63,0,271,0,
06-04-2020,Apparel,283.6,967.5,65.72,0,270.3,0,
07-04-2020,Apparel,284.5,964.1,61.69,0,297.7,0,
08-04-2020,Apparel,379.8,967,65.57,1,354.6,0,
09-04-2020,Apparel,309.9,956.2,66.88,0,305,0,
10-04-2020,Apparel,418.1,969.1,65.56,1,401.4,0,
11-04-2020,Apparel,288.2,969.8,62.68,0,292.6,0,
12-04-2020,Apparel,280.7,974.7,63.32,0,289.1,0,
13-04-2020,Apparel,252.8,981.8,65.26,0,240.4,0,
14-04-2020,Apparel,287,968.3,63.62,0,286.7,0,
15-04-2020,Apparel,273.6,979.7,63.3,0,268.8,0,
16-04-2020,Apparel,306.7,968.5,63.81,0,288.8,0,
17-04-2020,Apparel,308.1,966,62.51,0,289.8,0,
18-04-2020,Apparel,307.6,965.8,63.78,0,301.7,0,
19-04-2020,Apparel,290.9,971.7,62.4,0,268.5,0,
20-04-2020,Apparel,274.3,971.6,64.87,0,280.3,0,
21-04-2020,Apparel,223.5,984,62.86,0,203.4,0,
22-04-2020,Apparel,303.6,956.9,64.01,0,277.5,0,
23-04-2020,Apparel,326.2,954.3,63.37,0,310.3,0,
24-04-2020,Apparel,396,960.5,64.43,1,363.4,0,
25-04-2020,Apparel,292.1,951.3,64.99,0,283.7,0,
26-04-2020,Apparel,389.3,953.9,64.31,1,373.7,0,
27-04-2020,Apparel,217.7,956.5,63.05,0,219.5,0,
28-04-2020,Apparel,244.6,955.2,63.22,0,255.1,0,
29-04-2020,Apparel,264.8,949.2,66.96,0,268.2,0,
30-04-2020,Apparel,284.7,945.8,65.16,0,263.9,0,
01-05-2020,Apparel,276.5,950.9,63.69,0,287.6,0,
02-05-2020,Apparel,268.5,953.6,63.21,0,257.4,0,
03-05-2020,Apparel,398.1,954.9,62.1,1,386.6,0,
04-05-2020,Apparel,235.9,968.2,65.38,0,227.2,0,
05-05-2020,Apparel,264.9,960.2,63.03,0,249.6,0,
06-05-2020,Apparel,284,961.5,65.29,0,293.8,0,
07-05-2020,Apparel,333.4,949.8,65,0,316.6,0,
08-05-2020,Apparel,312.7,952.9,65.67,0,308.6,0,
09-05-2020,Apparel,283.4,959.2,64.91,0,265.2,0,
10-05-2020,Apparel,,966.4,63.67,0,252.1,0,
11-05-2020,Apparel,252.7,970.9,63.96,0,256.8,0,
12-05-2020,Apparel,257.1,967.5,63.97,0,242.8,0,
13-05-2020,Apparel,257.4,963.5,63.6,0,258,0,
14-05-2020,Apparel,299.1,952.6,61.87,0,300.7,0,
15-05-2020,Apparel,260.6,963.6,61.19,0,256.5,0,
16-05-2020,Apparel,270.8,962,64.91,0,268.1,0,
17-05-2020,Apparel,,972.6,63.71,0,263.4,0,
18-05-2020,Apparel,238.7,985.7,65.17,0,217.7,0,
19-05-2020,Apparel,244.1,984.2,63.46,0,244.2,0,
20-05-2020,Apparel,262.1,971.7,63.94,0,254.4,0,
21-05-2020,Apparel,265.3,968.3,65.13,0,256.2,0,
22-05-2020,Apparel,308.1,959,65.93,0,317.1,0,
23-05-2020,Apparel,363.2,969.5,63.54,1,328.2,0,
24-05-2020,Apparel,260.5,978.1,62.66,0,244.3,0,
25-05-2020,Apparel,250.4,981.2,65.49,0,229.9,0,
26-05-2020,Apparel,228,988.2,63.57,0,206.4,0,
27-05-2020,Apparel,264.6,973.9,63.32,0,249.1,0,
28-05-2020,Apparel,262.5,977,63.43,0,275.1,0,
29-05-2020,Apparel,457.3,956.6,63.02,1,430.1,0,
30-05-2020,Apparel,250.2,985.7,64.93,0,250.1,0,
31-05-2020,Apparel,240.7,995.2,62.23,0,220.9,0,
01-06-2020,Apparel,217.9,1006.9,64.07,0,215.7,0,
02-06-2020,Apparel,219.4,999.5,64.26,0,229.9,0,
03-06-2020,Apparel,293.5,978.3,63.18,0,277,0,
04-06-2020,Apparel,290.2,985.3,65.97,0,298.1,0,
05-06-2020,Apparel,286.6,989.4,65.09,0,300.9,0,
06-06-2020,Apparel,259.5,992.5,63.36,0,256.5,0,
07-06-2020,Apparel,271,985.8,63.81,0,256.5,0,
08-06-2020,Apparel,,997.1,65.09,0,226,0,
09-06-2020,Apparel,261.5,983.4,64.04,0,268.4,0,
10-06-2020,Apparel,246.3,995.6,65.73,0,228,0,
11-06-2020,Apparel,267.9,979.5,64.67,0,259.3,0,
12-06-2020,Apparel,299.4,973.3,64.27,0,283.8,0,
13-06-2020,Apparel,289.9,969.7,64.25,0,273.2,0,
14-06-2020,Apparel,266.1,972.1,67.97,0,273.9,0,
15-06-2020,Apparel,222.7,975,62.64,0,214.5,0,
16-06-2020,Apparel,238.8,967.4,62.54,0,227.1,0,
17-06-2020,Apparel,404.3,966.3,63.63,1,400.5,0,
18-06-2020,Apparel,265.6,968.3,65.74,0,247.8,0,
19-06-2020,Apparel,313.1,948,60.79,0,292.6,0,
20-06-2020,Apparel,228.7,978.5,61.51,0,223.6,0,
21-06-2020,Apparel,241.6,980.7,63.43,0,232.3,0,
22-06-2020,Apparel,235.4,983.1,66.65,0,222.3,0,
23-06-2020,Apparel,194.8,1005.5,63.97,0,176.9,0,
24-06-2020,Apparel,240.3,995.9,62.46,0,235,0,
25-06-2020,Apparel,296.9,982.4,64.99,0,303.6,0,
26-06-2020,Apparel,290,980.4,66.07,0,298.1,0,
27-06-2020,Apparel,308.6,526.8,63.13,0,288.7,0,
28-06-2020,Apparel,289.8,530.5,64.52,0,286.8,0,
29-06-2020,Apparel,257,537.2,64.14,0,59.2,1,supplier_delay
30-06-2020,Apparel,259.4,534.9,64.67,0,249.4,0,
01-07-2020,Apparel,272.2,533.2,63.36,0,283,0,
02-07-2020,Apparel,237.1,996.3,64.75,0,245.5,0,
03-07-2020,Apparel,266.3,976.8,65.01,0,248,0,
04-07-2020,Apparel,284.1,976.4,64.86,0,266.7,0,
05-07-2020,Apparel,275.9,971.3,61.87,0,255.8,0,
06-07-2020,Apparel,258.5,977.1,62.11,0,240.2,0,
07-07-2020,Apparel,340.6,984.2,63.06,1,352.9,0,
08-07-2020,Apparel,293.6,969.9,64.28,0,305.2,0,
09-07-2020,Apparel,321.9,960,64.66,0,292.2,0,
10-07-2020,Apparel,316.3,963,62.59,0,312.8,0,
11-07-2020,Apparel,306.3,968.4,64.36,0,301.5,0,
12-07-2020,Apparel,258.2,986.5,65.15,0,247.5,0,
13-07-2020,Apparel,278.9,988.9,64.8,0,277.4,0,
14-07-2020,Apparel,265.9,994,63.35,0,277.1,0,
15-07-2020,Apparel,290.8,986.8,63.47,0,269.1,0,
16-07-2020,Apparel,305.8,977.8,62.28,0,280.7,0,
17-07-2020,Apparel,301.4,777.3,66.17,0,272.8,0,
18-07-2020,Apparel,276.2,785.9,64.55,0,263.7,0,
19-07-2020,Apparel,273.3,785.8,61.88,0,42.8,1,supplier_delay
20-07-2020,Apparel,283.2,785.7,65.51,0,273.2,0,
21-07-2020,Apparel,260.6,789.9,64.78,0,254.3,0,
22-07-2020,Apparel,304.4,987.4,65.47,0,308.6,0,
23-07-2020,Apparel,457.3,987.5,63.23,1,438.5,0,
24-07-2020,Apparel,304.4,996.4,63.41,0,289.1,0,
25-07-2020,Apparel,326.3,990.5,62.9,0,334.2,0,
26-07-2020,Apparel,274.7,1000.7,66.65,0,282.3,0,
27-07-2020,Apparel,300.1,990.1,63.3,0,280.6,0,
28-07-2020,Apparel,284.5,997.7,62.72,0,269.5,0,
29-07-2020,Apparel,293.8,1007.2,63.11,0,300.8,0,
30-07-2020,Apparel,295,1005.1,63.53,0,269,0,
31-07-2020,Apparel,315.7,1001.2,65.93,0,299.6,0,
01-08-2020,Apparel,302.8,1002.3,64.3,0,292.9,0,
02-08-2020,Apparel,264.6,1008.9,65.52,0,245.6,0,
03-08-2020,Apparel,274.1,1002.6,64.31,0,254.1,0,
04-08-2020,Apparel,268.1,994,63.71,0,258.3,0,
05-08-2020,Apparel,313.1,987.3,62.61,0,317.2,0,
06-08-2020,Apparel,345.2,966.5,65.98,0,354.2,0,
07-08-2020,Apparel,301.5,978.3,65.21,0,315.6,0,
08-08-2020,Apparel,347.8,958.5,65.33,0,316.9,0,
09-08-2020,Apparel,294.4,970.1,65.13,0,274.6,0,
10-08-2020,Apparel,267.5,985.1,63.03,0,271.1,0,
11-08-2020,Apparel,306.4,974.4,64.28,0,300.6,0,
12-08-2020,Apparel,301.3,971.1,65.33,0,286,0,
13-08-2020,Apparel,326.5,960.6,65.15,0,304,0,
14-08-2020,Apparel,325.7,957,64.14,0,306.8,0,
15-08-2020,Apparel,454.6,962.3,66.47,1,438.5,0,
16-08-2020,Apparel,319.4,959.5,64.62,0,296,0,
17-08-2020,Apparel,289.3,978.1,65.63,0,302.2,0,
18-08-2020,Apparel,272.5,973.5,64.2,0,249.6,0,
19-08-2020,Apparel,329.2,956.3,63.47,0,345,0,
20-08-2020,Apparel,313.5,959.5,65.18,0,321.7,0,
21-08-2020,Apparel,319.9,962.3,64.88,0,308.2,0,
22-08-2020,Apparel,354.9,953.6,64.39,0,358.8,0,
23-08-2020,Apparel,291,975.7,62.86,0,291.2,0,
24-08-2020,Apparel,258.9,987,65.23,0,241.3,0,
25-08-2020,Apparel,321.3,963.7,62.93,0,305.5,0,
26-08-2020,Apparel,321.6,969.6,64.94,0,314.2,0,
27-08-2020,Apparel,455.5,967.6,62.54,1,453.6,0,
28-08-2020,Apparel,345.2,971.1,62.86,0,338.8,0,
29-08-2020,Apparel,345.3,977.4,64.32,0,335.3,0,
30-08-2020,Apparel,308.7,990.5,64.68,0,298.3,0,
31-08-2020,Apparel,341.4,988.1,64.22,0,332.8,0,
01-09-2020,Apparel,289.7,1005.4,63.27,0,279.6,0,
02-09-2020,Apparel,345.2,987.7,65.37,0,338.7,0,
03-09-2020,Apparel,367.4,981,64.12,0,379.6,0,
04-09-2020,Apparel,345.7,987.4,64.19,0,344,0,
05-09-2020,Apparel,330.2,989.5,63.74,0,332.9,0,
06-09-2020,Apparel,487.1,991,63.02,1,482,0,
07-09-2020,Apparel,302.8,1007.3,65.38,0,301.8,0,
08-09-2020,Apparel,315.8,1003.9,63.12,0,311.6,0,
09-09-2020,Apparel,914.9,991.7,66.11,0,328.2,1,demand_spike
10-09-2020,Apparel,364.8,1006,62.89,0,383,0,
11-09-2020,Apparel,334.8,1009.4,64.36,0,303,0,
12-09-2020,Apparel,393,987.7,64.03,0,377,0,
13-09-2020,Apparel,331.4,999.3,63.8,0,303.5,0,
14-09-2020,Apparel,323.4,1000.5,64.81,0,295.8,0,
15-09-2020,Apparel,341.6,996.3,64.95,0,348.1,0,
16-09-2020,Apparel,367.1,986.3,64.63,0,353.8,0,
17-09-2020,Apparel,411.2,970.4,62.58,0,419.5,0,
18-09-2020,Apparel,,990.5,62.44,0,326.1,0,
19-09-2020,Apparel,384.3,976.7,62.37,0,360.6,0,
20-09-2020,Apparel,365.1,984,63.63,0,342.3,0,
21-09-2020,Apparel,337.6,997.8,66.65,0,335,0,
22-09-2020,Apparel,360.9,994.2,63.88,0,369,0,
23-09-2020,Apparel,382,992.2,66.63,0,369.8,0,
24-09-2020,Apparel,355.4,1005.6,63.9,0,340.1,0,
25-09-2020,Apparel,421.5,987.2,64.15,0,440.9,0,
26-09-2020,Apparel,347,1008.8,64.7,0,318.3,0,
27-09-2020,Apparel,462.2,1007.8,63.57,1,449.7,0,
28-09-2020,Apparel,343.9,1003.9,64.23,0,330.6,0,
29-09-2020,Apparel,391.7,987,61.76,0,358.3,0,
30-09-2020,Apparel,366.7,998.1,62.81,0,344.7,0,
01-10-2020,Apparel,390.2,992.8,61.79,0,352.8,0,
02-10-2020,Apparel,423.9,986.2,64.87,0,437.3,0,
03-10-2020,Apparel,379.8,993.6,62.2,0,376.5,0,
04-10-2020,Apparel,345.1,1011.1,65.75,0,352.8,0,
05-10-2020,Apparel,349.3,1007.8,64.4,0,341.7,0,
06-10-2020,Apparel,389.3,990.3,65.17,0,385.4,0,
07-10-2020,Apparel,382.2,990.2,63.12,0,384.2,0,
08-10-2020,Apparel,436.4,986.4,62.51,0,452.2,0,
09-10-2020,Apparel,418.6,989.8,63.5,0,382.5,0,
10-10-2020,Apparel,381.2,999.4,65.3,0,362,0,
11-10-2020,Apparel,376.9,999.7,66.65,0,379.3,0,
12-10-2020,Apparel,,1007.4,64.59,0,364,0,
13-10-2020,Apparel,357.6,1000.8,62.26,0,374.4,0,
14-10-2020,Apparel,,966.2,62.7,0,473.3,0,
15-10-2020,Apparel,426.4,606.9,62.04,0,396.1,0,
16-10-2020,Apparel,428.5,607.4,63.78,0,393.4,0,
17-10-2020,Apparel,389.1,611.3,63.59,0,68.2,1,supplier_delay
18-10-2020,Apparel,413.7,605.7,63.77,0,399.3,0,
19-10-2020,Apparel,393.8,607.7,62.57,0,366,0,
20-10-2020,Apparel,414.2,981.8,62.44,0,430.8,0,
21-10-2020,Apparel,431.2,983.3,64.06,0,394.8,0,
22-10-2020,Apparel,385,996.4,64.56,0,388.6,0,
23-10-2020,Apparel,397.3,992.3,62.43,0,394.8,0,
24-10-2020,Apparel,388.5,1003.8,64.55,0,354.8,0,
25-10-2020,Apparel,371.7,1013.2,65.15,0,353.4,0,
26-10-2020,Apparel,385.4,1012,60.96,0,355.5,0,
27-10-2020,Apparel,373.2,1025.4,65.96,0,369.7,0,
28-10-2020,Apparel,442.2,1007.2,64.84,0,429.6,0,
29-10-2020,Apparel,456.8,992.9,65.16,0,411.4,0,
30-10-2020,Apparel,424.8,1006.6,62.64,0,444.5,0,
31-10-2020,Apparel,451.8,990.6,64.95,0,430.3,0,
01-11-2020,Apparel,424.7,1001,65.1,0,398.7,0,
02-11-2020,Apparel,376.2,1007,63.11,0,351.1,0,
03-11-2020,Apparel,350.9,1012.2,64.94,0,324.2,0,
04-11-2020,Apparel,403.4,994.6,63.77,0,423.5,0,
05-11-2020,Apparel,1785.6,988,63.15,0,389.8,1,demand_spike
06-11-2020,Apparel,434.2,979.8,63.69,0,417.2,0,
07-11-2020,Apparel,,989,64.16,0,433.8,0,
08-11-2020,Apparel,609.6,991,63.56,1,607.3,0,
09-11-2020,Apparel,400,994.4,62.93,0,382.1,0,
10-11-2020,Apparel,371.2,998.2,64.44,0,384.1,0,
11-11-2020,Apparel,420.2,982.5,64.66,0,425.4,0,
12-11-2020,Apparel,421.3,983.8,64.13,0,393.6,0,
13-11-2020,Apparel,438.5,973.7,61.87,0,436.9,0,
14-11-2020,Apparel,441.9,966.1,63.19,0,458.9,0,
15-11-2020,Apparel,381.3,986.7,62.86,0,371.6,0,
16-11-2020,Apparel,388.4,990.2,66.16,0,392.3,0,
17-11-2020,Apparel,480.4,987.5,64.09,1,502.3,0,
18-11-2020,Apparel,406,982.3,63.58,0,407.4,0,
19-11-2020,Apparel,450.8,969.6,63.23,0,412.7,0,
20-11-2020,Apparel,553.6,977.9,63.78,1,518.6,0,
21-11-2020,Apparel,415.9,981.6,64.9,0,411.4,0,
22-11-2020,Apparel,394.5,975.4,61.6,0,371.3,0,
23-11-2020,Apparel,418,963,64.24,0,436.2,0,
24-11-2020,Apparel,391.8,966.6,63.3,0,376.5,0,
25-11-2020,Apparel,427.6,956.6,64.49,0,414.2,0,
26-11-2020,Apparel,474.2,943.5,64.96,0,476.7,0,
27-11-2020,Apparel,439,957.3,63.05,0,429.6,0,
28-11-2020,Apparel,450.5,955.1,62.19,0,431.3,0,
29-11-2020,Apparel,442.7,951,63.55,0,403.5,0,
30-11-2020,Apparel,418.7,965.4,65.59,0,414.3,0,
01-12-2020,Apparel,402.9,976.5,65.01,0,415,0,
02-12-2020,Apparel,432.8,961.2,63.46,0,434,0,
03-12-2020,Apparel,,969,63.13,0,394.9,0,
04-12-2020,Apparel,426.7,961.7,63.23,0,392.2,0,
05-12-2020,Apparel,418.5,964.9,62.28,0,427.9,0,
06-12-2020,Apparel,,959.3,64.95,0,473.6,0,
07-12-2020,Apparel,384,991.2,65.18,0,368,0,
08-12-2020,Apparel,388,993.7,63.45,0,391.6,0,
09-12-2020,Apparel,400.8,991.4,63.3,0,385.4,0,
10-12-2020,Apparel,663.6,975.3,63.05,1,647.2,0,
11-12-2020,Apparel,445,977.3,63.37,0,456.3,0,
12-12-2020,Apparel,451.5,982.2,63,0,412,0,
13-12-2020,Apparel,424.5,990,63.74,0,415.8,0,
14-12-2020,Apparel,372.9,1001.1,64.95,0,347.7,0,
15-12-2020,Apparel,388.1,988.4,64.82,0,369.1,0,
16-12-2020,Apparel,447.1,973.3,62.87,0,445.6,0,
17-12-2020,Apparel,433.6,978.6,64.14,0,392,0,
18-12-2020,Apparel,464.5,966.1,64.77,0,459.4,0,
19-12-2020,Apparel,426.7,982.6,62.74,0,402.2,0,
20-12-2020,Apparel,391.8,990.9,64.12,0,392,0,
21-12-2020,Apparel,392.7,990,65.49,0,361.8,0,
22-12-2020,Apparel,383.8,992.6,63.63,0,387.7,0,
23-12-2020,Apparel,408.3,983.5,61.36,0,407,0,
24-12-2020,Apparel,439.8,975.2,60.72,0,459.9,0,
25-12-2020,Apparel,449.7,978,64.34,0,466.2,0,
26-12-2020,Apparel,396.9,988.1,64.08,0,374.1,0,
27-12-2020,Apparel,408.2,987.2,64.18,0,369.1,0,
28-12-2020,Apparel,385.1,995,64.57,0,384.4,0,
29-12-2020,Apparel,387.7,994.9,62.05,0,384,0,
30-12-2020,Apparel,419.4,989.8,62.91,0,379.2,0,
31-12-2020,Apparel,422.7,989,64.48,0,388.2,0,
01-01-2021,Apparel,463.9,979.1,64.88,0,458.2,0,
02-01-2021,Apparel,447.9,987.5,63.61,0,464.4,0,
03-01-2021,Apparel,523.6,990.8,62.11,1,542.5,0,
04-01-2021,Apparel,383.7,1005.7,64.38,0,354.1,0,
05-01-2021,Apparel,378.4,1006.1,64.01,0,362.3,0,
06-01-2021,Apparel,415,994.4,62.59,0,376.2,0,
07-01-2021,Apparel,427,989.2,61.41,0,414.3,0,
08-01-2021,Apparel,421.7,993.1,64.67,0,427.2,0,
09-01-2021,Apparel,398.4,1000.5,63.15,0,405.7,0,
10-01-2021,Apparel,400.9,1001.8,64.18,0,390.8,0,
11-01-2021,Apparel,381.5,1007.5,64.13,0,348.8,0,
12-01-2021,Apparel,406.2,992.1,62.48,0,388.8,0,
13-01-2021,Apparel,422,987.5,64.48,0,438.9,0,
14-01-2021,Apparel,446.8,980.3,62.84,0,417.5,0,
15-01-2021,Apparel,404.6,994.2,62.03,0,383.5,0,
16-01-2021,Apparel,424.3,985.3,61.87,0,429.4,0,
17-01-2021,Apparel,382.8,991.8,63.94,0,386.7,0,
18-01-2021,Apparel,360.8,1001.5,65.98,0,374.1,0,
19-01-2021,Apparel,379.6,994.5,63.99,0,363.7,0,
20-01-2021,Apparel,424.8,981.8,66.22,0,415.1,0,
21-01-2021,Apparel,413,983.9,65.79,0,400.7,0,
22-01-2021,Apparel,454,971.6,64.6,0,471.7,0,
23-01-2021,Apparel,,979.1,65.96,0,428.2,0,
24-01-2021,Apparel,383.7,985.6,65.81,0,393.2,0,
25-01-2021,Apparel,401.2,982.7,65.45,0,369.1,0,
26-01-2021,Apparel,390.7,982.9,61.53,0,398.1,0,
27-01-2021,Apparel,560,986.9,63.64,1,540.3,0,
28-01-2021,Apparel,450.3,967.9,63.05,0,406.8,0,
29-01-2021,Apparel,422.6,973.2,65.44,0,384.2,0,
30-01-2021,Apparel,1746.4,972.4,63.55,0,406,1,demand_spike
31-01-2021,Apparel,368.6,995.6,66.18,0,352.3,0,
01-02-2021,Apparel,395.3,984.9,64.07,0,407.2,0,
02-02-2021,Apparel,385.7,990.9,63.91,0,389.6,0,
03-02-2021,Apparel,403.9,995.2,63.46,0,364.8,0,
04-02-2021,Apparel,397.9,1000.9,63.71,0,399.1,0,
05-02-2021,Apparel,427.1,990.6,64.29,0,396.7,0,
06-02-2021,Apparel,415.8,993.7,63.86,0,400.6,0,
07-02-2021,Apparel,365.3,1004.7,63.35,0,363,0,
08-02-2021,Apparel,,1017.3,63.42,0,348.5,0,
09-02-2021,Apparel,379.9,1007.5,66.27,0,367.9,0,
10-02-2021,Apparel,543.7,1012.7,66.5,1,555.2,0,
11-02-2021,Apparel,499.5,992.7,63.34,1,508.2,0,
12-02-2021,Apparel,395,988.6,65.03,0,380.1,0,
13-02-2021,Apparel,623.7,987.7,62.88,1,608.2,0,
14-02-2021,Apparel,363.4,1003.6,63.52,0,365.2,0,
15-02-2021,Apparel,379.6,999.9,62.55,0,343.4,0,
16-02-2021,Apparel,351.3,1004.2,65.25,0,363.1,0,
17-02-2021,Apparel,611.8,983.3,64.56,1,621.3,0,
18-02-2021,Apparel,432.9,977.2,64.81,0,405.8,0,
19-02-2021,Apparel,375.4,994.7,65.08,0,393.1,0,
20-02-2021,Apparel,388.9,995.2,62.83,0,360.5,0,
21-02-2021,Apparel,,985,63.53,0,431.9,0,
22-02-2021,Apparel,351.7,1003.2,64.51,0,333.6,0,
23-02-2021,Apparel,469.7,1005.9,63.5,1,476.5,0,
24-02-2021,Apparel,384.6,1000.6,64.03,0,372.4,0,
25-02-2021,Apparel,385.9,1004.2,62.92,0,390,0,
26-02-2021,Apparel,355.1,1011.9,65.64,0,327.9,0,
27-02-2021,Apparel,397.2,1002.4,65.14,0,373.5,0,
28-02-2021,Apparel,316.5,1032.2,65.52,0,289.6,0,
01-03-2021,Apparel,334.3,1026.3,64.79,0,344.3,0,
02-03-2021,Apparel,368.8,1013.4,62.54,0,348.3,0,
03-03-2021,Apparel,354.3,1024.4,63.33,0,355.8,0,
04-03-2021,Apparel,363.6,1018.4,63.04,0,372,0,
05-03-2021,Apparel,397.1,1011.5,63.61,0,411.1,0,
06-03-2021,Apparel,350.7,1025.1,65.29,0,321.2,0,
07-03-2021,Apparel,323.5,1024,62.06,0,334.5,0,
08-03-2021,Apparel,339.6,1024.9,63.2,0,315.7,0,
09-03-2021,Apparel,333.7,1012.8,63.44,0,337.3,0,
10-03-2021,Apparel,329,1004.3,62.26,0,332.1,0,
11-03-2021,Apparel,381.3,991.3,64.2,0,343.6,0,
12-03-2021,Apparel,537.8,994,63.5,1,501.8,0,
13-03-2021,Apparel,352.1,999.5,65.36,0,342.9,0,
14-03-2021,Apparel,333.4,1005.8,63.59,0,321.1,0,
15-03-2021,Apparel,335.2,992.6,64.53,0,347.9,0,
16-03-2021,Apparel,352.2,991.1,64.09,0,336,0,
17-03-2021,Apparel,339.5,996.1,60.77,0,353.3,0,
18-03-2021,Apparel,511.1,985.7,62.11,1,495.2,0,
19-03-2021,Apparel,374.9,985.4,64.43,0,391.6,0,
20-03-2021,Apparel,368.1,989.9,64.37,0,372,0,
21-03-2021,Apparel,331.8,1000.6,63.85,0,339.9,0,
22-03-2021,Apparel,300.5,1000.7,65.64,0,275.2,0,
23-03-2021,Apparel,312.3,1008.1,64.59,0,308.5,0,
24-03-2021,Apparel,343.7,1004.7,65.95,0,316.7,0,
25-03-2021,Apparel,388.2,984.9,60.8,0,366.7,0,
26-03-2021,Apparel,346.7,995.6,66.16,0,344.5,0,
27-03-2021,Apparel,358.8,990.8,63.17,0,362,0,
28-03-2021,Apparel,316.9,1008.8,63.97,0,287.1,0,
29-03-2021,Apparel,312.6,999.3,65.46,0,306.2,0,
30-03-2021,Apparel,342.9,987.7,61.24,0,337.7,0,
31-03-2021,Apparel,344.3,978.5,63.62,0,313.9,0,
01-04-2021,Apparel,321.4,983.9,65.23,0,313.4,0,
02-04-2021,Apparel,337.5,976.7,63.15,0,339.9,0,
03-04-2021,Apparel,360.1,970.3,65.11,0,326.9,0,
04-04-2021,Apparel,318.6,979.8,64.81,0,323.1,0,
05-04-2021,Apparel,280.8,987.3,64.16,0,277,0,
06-04-2021,Apparel,290.4,630.2,64.71,0,297.7,0,
07-04-2021,Apparel,335.9,622.9,65.6,0,313.3,0,
08-04-2021,Apparel,357.5,620.6,64.71,0,24.2,1,supplier_delay
09-04-2021,Apparel,341.8,623,65.13,0,312.5,0,
10-04-2021,Apparel,376.7,614.5,62.82,0,361.8,0,
11-04-2021,Apparel,1126.9,977.9,64.69,0,302.1,1,demand_spike
12-04-2021,Apparel,291.5,990.4,64.57,0,300.7,0,
13-04-2021,Apparel,283.7,981.9,65.38,0,285.3,0,
14-04-2021,Apparel,296.7,980,62.46,0,268.1,0,
15-04-2021,Apparel,338.1,969.1,65.32,0,304.8,0,
16-04-2021,Apparel,325.5,973.2,62.82,0,307.1,0,
17-04-2021,Apparel,354.7,963.7,66.94,0,326.9,0,
18-04-2021,Apparel,331,958,62.81,0,329.2,0,
19-04-2021,Apparel,302.2,964.4,62.45,0,302.1,0,
20-04-2021,Apparel,270.5,982.9,63.57,0,281.7,0,
21-04-2021,Apparel,296.5,975.1,65.28,0,309.2,0,
22-04-2021,Apparel,350,957.5,64.4,0,349.6,0,
23-04-2021,Apparel,318.2,967.2,66.09,0,286.6,0,
24-04-2021,Apparel,473.6,962.9,63.56,1,451.7,0,
25-04-2021,Apparel,306.1,975.9,63.32,0,299,0,
26-04-2021,Apparel,285.4,980.9,63,0,278.2,0,
27-04-2021,Apparel,404.8,986.4,63.27,1,401,0,
28-04-2021,Apparel,302.3,986.4,62.16,0,315.6,0,
29-04-2021,Apparel,324.1,984.9,63.11,0,334.7,0,
30-04-2021,Apparel,343.9,990.6,62.39,0,315.2,0,
01-05-2021,Apparel,294.4,1002.2,64.86,0,276.7,0,
02-05-2021,Apparel,286.9,1012.8,65.84,0,294.1,0,
03-05-2021,Apparel,280.5,1010.8,64.23,0,287.1,0,
04-05-2021,Apparel,296,1007.9,63.08,0,278.7,0,
05-05-2021,Apparel,282,1015.8,64.89,0,284.7,0,
06-05-2021,Apparel,290.5,1010.6,63.89,0,290.7,0,
07-05-2021,Apparel,332.7,998.4,65.24,0,323,0,
08-05-2021,Apparel,277.9,1019.4,62.73,0,258.5,0,
09-05-2021,Apparel,312.8,1005.4,62.82,0,323.3,0,
10-05-2021,Apparel,272.7,1025.8,64.87,0,273.1,0,
11-05-2021,Apparel,378.9,1025.8,63.92,1,350.6,0,
12-05-2021,Apparel,286.6,1024.4,65.13,0,288.3,0,
13-05-2021,Apparel,319.8,1019.4,62.84,0,323.4,0,
14-05-2021,Apparel,457.5,1023.1,64.5,1,472.6,0,
15-05-2021,Apparel,304.5,1021.6,64.64,0,284.2,0,
16-05-2021,Apparel,299.2,1020.6,61.98,0,313.6,0,
17-05-2021,Apparel,268.8,1029.1,63.94,0,248.1,0,
18-05-2021,Apparel,258.4,1031.9,61.36,0,255.8,0,
19-05-2021,Apparel,287.4,1029.5,65.82,0,287,0,
20-05-2021,Apparel,337.3,1024.4,62.26,0,324.7,0,
21-05-2021,Apparel,346.4,1022.6,63.7,0,336.5,0,
22-05-2021,Apparel,262.6,1043.5,63.94,0,271.5,0,
23-05-2021,Apparel,303.8,1028.5,62.71,0,302.8,0,
24-05-2021,Apparel,275.5,1036,66.31,0,268.5,0,
25-05-2021,Apparel,292.6,1025.8,63.06,0,268.9,0,
26-05-2021,Apparel,280.8,1023.4,63.6,0,253,0,
27-05-2021,Apparel,274,1035.9,63.06,0,251.8,0,
28-05-2021,Apparel,323.7,1022.6,63.05,0,337.7,0,
29-05-2021,Apparel,282.2,1030.8,63.8,0,286.4,0,
30-05-2021,Apparel,254.6,1043.2,64.84,0,266.1,0,
31-05-2021,Apparel,244.1,1040.4,64.15,0,221,0,
01-06-2021,Apparel,285.4,1022.6,62.97,0,286,0,
02-06-2021,Apparel,293.5,1016.1,63.93,0,266.1,0,
03-06-2021,Apparel,322.9,1015.6,62.19,0,328.5,0,
04-06-2021,Apparel,324.9,1013.7,65.46,0,311,0,
05-06-2021,Apparel,292,1011.4,63.3,0,267,0,
06-06-2021,Apparel,280,1021,63.36,0,275.9,0,
07-06-2021,Apparel,259.8,1025.6,61.45,0,244.7,0,
08-06-2021,Apparel,269.9,1013.3,63.29,0,269.6,0,
09-06-2021,Apparel,272.3,1011,66.09,0,272,0,
10-06-2021,Apparel,315.8,1000.5,64.72,0,317.6,0,
11-06-2021,Apparel,333.4,997.3,65.36,0,349.7,0,
12-06-2021,Apparel,285.1,1020.7,64.09,0,273.2,0,
13-06-2021,Apparel,307.1,1009.9,60.59,0,297.8,0,
14-06-2021,Apparel,273,1020.4,64.03,0,278.6,0,
15-06-2021,Apparel,279.9,1014.8,64.2,0,276.2,0,
16-06-2021,Apparel,392.6,1013.2,65.09,1,355.5,0,
17-06-2021,Apparel,409.1,1013.1,63.9,1,419.9,0,
18-06-2021,Apparel,317,1002.7,62.96,0,287.7,0,
19-06-2021,Apparel,318.1,1003.8,63.82,0,294.4,0,
20-06-2021,Apparel,271.3,1020,63.5,0,248.3,0,
21-06-2021,Apparel,305.2,1006.3,64.61,0,278.3,0,
22-06-2021,Apparel,291.7,1005.4,63.82,0,263.6,0,
23-06-2021,Apparel,277.2,1009.9,62.68,0,251.8,0,
24-06-2021,Apparel,312.8,1005,64.67,0,302.3,0,
25-06-2021,Apparel,364.9,997.5,63,0,342.2,0,
26-06-2021,Apparel,281.5,1026.4,63.54,0,258.7,0,
27-06-2021,Apparel,297.5,1021.8,63.35,0,297.1,0,
28-06-2021,Apparel,269.7,1031.5,64.25,0,251.9,0,
29-06-2021,Apparel,294.4,1024.1,62.19,0,265.8,0,
30-06-2021,Apparel,322.8,1010.5,63.98,0,310.8,0,
01-07-2021,Apparel,308.3,1014.9,65.32,0,291.8,0,
02-07-2021,Apparel,342.2,998.1,64.06,0,324.4,0,
03-07-2021,Apparel,352.4,994.4,63.09,0,340.7,0,
04-07-2021,Apparel,292.5,1020.6,63.47,0,292.6,0,
05-07-2021,Apparel,295.3,1023.9,64.32,0,293.1,0,
06-07-2021,Apparel,273.5,1025.8,64.66,0,284.6,0,
07-07-2021,Apparel,303,1016.6,65.87,0,296.2,0,
08-07-2021,Apparel,316.9,1008.2,61.86,0,307.6,0,
09-07-2021,Apparel,340.6,1000.8,64.28,0,317.5,0,
10-07-2021,Apparel,337.5,1006.9,64.18,0,342,0,
11-07-2021,Apparel,294,1023.3,63.86,0,270.8,0,
12-07-2021,Apparel,314.8,1029.4,64.4,0,306.5,0,
13-07-2021,Apparel,319.7,1033.9,63.65,0,307.9,0,
14-07-2021,Apparel,324.3,1033.6,62.66,0,323.9,0,
15-07-2021,Apparel,315.7,1039.5,64.22,0,327.6,0,
16-07-2021,Apparel,318.9,1037.6,64.77,0,332.3,0,
17-07-2021,Apparel,304.1,1036.4,63.88,0,281.3,0,
18-07-2021,Apparel,320.2,1038.1,65.3,0,300.8,0,
19-07-2021,Apparel,267.5,1058.9,63.64,0,273.3,0,
20-07-2021,Apparel,309.2,1045.2,64.53,0,302.3,0,
21-07-2021,Apparel,293,1051.4,61.92,0,283.7,0,
22-07-2021,Apparel,482.1,1041.2,66.81,1,485.3,0,
23-07-2021,Apparel,337.4,1048.5,63.65,0,334.1,0,
24-07-2021,Apparel,352.1,1036.8,63.32,0,368.1,0,
25-07-2021,Apparel,330.5,1044.5,63.6,0,326.4,0,
26-07-2021,Apparel,325.4,1045.2,62.73,0,315.6,0,
27-07-2021,Apparel,331.1,1049.1,62.45,0,325,0,
28-07-2021,Apparel,,1056.5,63.99,0,330.5,0,
29-07-2021,Apparel,448.4,1065.2,64.09,1,444.8,0,
30-07-2021,Apparel,323.7,1057.4,64.23,0,322.8,0,
31-07-2021,Apparel,293,1062.7,63.9,0,306.4,0,
01-08-2021,Apparel,294.7,1067.8,63.84,0,292.5,0,
02-08-2021,Apparel,306.3,1061.4,62.4,0,293.2,0,
03-08-2021,Apparel,299.4,1055.8,63.32,0,300.5,0,
04-08-2021,Apparel,324.9,1050.8,64.15,0,324.5,0,
05-08-2021,Apparel,356,1038.8,63.25,0,321.2,0,
06-08-2021,Apparel,345.9,1050.7,64.32,0,335.6,0,
07-08-2021,Apparel,319.5,1060.1,63.77,0,323.1,0,
08-08-2021,Apparel,322.5,1060.1,63.76,0,314.4,0,
09-08-2021,Apparel,295.5,1066.3,64.21,0,300.5,0,
10-08-2021,Apparel,313.1,1069,64.56,0,302.9,0,
11-08-2021,Apparel,362.5,1056,64.85,0,379.7,0,
12-08-2021,Apparel,349.4,1057.8,66.48,0,329.8,0,
13-08-2021,Apparel,549.2,1040.4,65.05,1,501.9,0,
14-08-2021,Apparel,521.1,1045.1,62.05,1,502.6,0,
15-08-2021,Apparel,320.7,1057.2,62.56,0,314.7,0,
16-08-2021,Apparel,299.8,1068.6,63.59,0,285.6,0,
17-08-2021,Apparel,325.8,1051.8,62.97,0,305,0,
18-08-2021,Apparel,367.4,1038.6,64.44,0,367.7,0,
19-08-2021,Apparel,548.4,1045.8,64.58,1,524.6,0,
20-08-2021,Apparel,386.3,1037.7,63.32,0,384.3,0,
21-08-2021,Apparel,381.6,1035.5,65.46,0,388.1,0,
22-08-2021,Apparel,325.7,1055.6,65.8,0,330.3,0,
23-08-2021,Apparel,317.1,1053.8,61.63,0,303.2,0,
24-08-2021,Apparel,349.4,1043.9,62.11,0,344.3,0,
25-08-2021,Apparel,356.9,1045,65.35,0,345.2,0,
26-08-2021,Apparel,358.9,1046.7,65.05,0,369.9,0,
27-08-2021,Apparel,370.9,1039.7,64.58,0,382.7,0,
28-08-2021,Apparel,365.9,1047.2,63.96,0,348.1,0,
29-08-2021,Apparel,319.4,1061.6,63.81,0,291.8,0,
30-08-2021,Apparel,354,1054.9,64.63,0,327.5,0,
31-08-2021,Apparel,335.5,1068.1,64.17,0,320.4,0,
01-09-2021,Apparel,309.1,1081.6,65.61,0,304.4,0,
02-09-2021,Apparel,380.9,1065.7,63.07,0,380.3,0,
03-09-2021,Apparel,526.8,1069.2,63.97,1,500.3,0,
04-09-2021,Apparel,409.1,1062.1,65.08,0,409.1,0,
05-09-2021,Apparel,347.5,1081.7,64.15,0,361.6,0,
06-09-2021,Apparel,327.2,1081.7,64.8,0,326.4,0,
07-09-2021,Apparel,363.8,1072.3,64.78,0,336,0,
08-09-2021,Apparel,359.4,1074.9,63.4,0,354.7,0,
09-09-2021,Apparel,375.4,1073,62.64,0,368.4,0,
10-09-2021,Apparel,405.9,1063.2,62.99,0,418.3,0,
11-09-2021,Apparel,365.4,1071.5,62.56,0,348.1,0,
12-09-2021,Apparel,540.7,1082.5,61.57,1,520.9,0,
13-09-2021,Apparel,391,1060.6,65.34,0,387,0,
14-09-2021,Apparel,488.1,1072.9,61.53,1,477.6,0,
15-09-2021,Apparel,376.3,1071.1,66.32,0,379.2,0,
16-09-2021,Apparel,399.6,1065.4,63.27,0,362.1,0,
17-09-2021,Apparel,415,1063.5,63.59,0,408.5,0,
18-09-2021,Apparel,413.6,1066.9,62,0,379.7,0,
19-09-2021,Apparel,362.5,589.1,64.43,0,343.4,0,
20-09-2021,Apparel,489.4,589.5,63.61,1,489,0,
21-09-2021,Apparel,362.3,592.2,64.02,0,57.5,1,supplier_delay
22-09-2021,Apparel,386.7,586.5,62.94,0,366,0,
23-09-2021,Apparel,411.8,580.3,64.56,0,414,0,
24-09-2021,Apparel,414,1056.8,62.89,0,413,0,
25-09-2021,Apparel,417.9,1049.1,64.04,0,381.8,0,
26-09-2021,Apparel,395.4,1064.5,64.53,0,390.1,0,
27-09-2021,Apparel,346.3,1086.6,65.8,0,319.3,0,
28-09-2021,Apparel,354.6,1086.4,64.97,0,332.6,0,
29-09-2021,Apparel,392,1074.1,64.06,0,379.8,0,
30-09-2021,Apparel,452.8,1054.9,63.93,0,414.9,0,
01-10-2021,Apparel,406.3,1072.6,64.34,0,426.2,0,
02-10-2021,Apparel,408.2,1080.8,64.92,0,377.5,0,
03-10-2021,Apparel,384.1,1085.2,62.99,0,390.7,0,
04-10-2021,Apparel,373.2,1082.9,65.1,0,382.4,0,
05-10-2021,Apparel,392.8,1084.7,62.74,0,412.1,0,
06-10-2021,Apparel,434.6,1063.2,64.53,0,419.1,0,
07-10-2021,Apparel,434.4,1058.3,64.63,0,448,0,
08-10-2021,Apparel,415.4,1062.7,63.08,0,433.5,0,
09-10-2021,Apparel,473.6,1037.5,61.97,0,438.6,0,
10-10-2021,Apparel,404.1,1063.9,63.6,0,392.8,0,
11-10-2021,Apparel,380.8,1075.2,60.58,0,346.1,0,
12-10-2021,Apparel,424.6,1059.1,63.71,0,421.6,0,
13-10-2021,Apparel,406.2,1071.1,62.35,0,401,0,
14-10-2021,Apparel,465.6,1060.5,67.92,0,433.3,0,
15-10-2021,Apparel,421.7,1073.1,65.3,0,430,0,
16-10-2021,Apparel,455.6,1060.7,64.03,0,412.6,0,
17-10-2021,Apparel,414,1084.5,65.65,0,422.6,0,
18-10-2021,Apparel,424.3,1084.9,64.84,0,383.6,0,
19-10-2021,Apparel,441.4,1081.1,62.45,0,440.7,0,
20-10-2021,Apparel,547.4,1100.2,63.14,1,499.1,0,
21-10-2021,Apparel,465.2,1082.3,65.26,0,436.2,0,
22-10-2021,Apparel,418.3,1093.8,62.71,0,421.8,0,
23-10-2021,Apparel,505.7,1095.4,64.45,1,476.4,0,
24-10-2021,Apparel,401.3,1104.5,64.81,0,392,0,
25-10-2021,Apparel,415.8,1090.2,63.61,0,431.3,0,
26-10-2021,Apparel,411.8,1090,64.14,0,373.7,0,
27-10-2021,Apparel,425.8,1092.7,65.01,0,435,0,
28-10-2021,Apparel,564.6,1083,64.94,1,513.7,0,
29-10-2021,Apparel,463.3,1086.6,64.52,0,425.8,0,
30-10-2021,Apparel,453.9,1096.5,63.93,0,416.6,0,
31-10-2021,Apparel,444.1,1099.1,64.69,0,465.9,0,
01-11-2021,Apparel,679.3,1095.3,61.36,1,629.7,0,
02-11-2021,Apparel,416.5,1103.1,65.83,0,430.9,0,
03-11-2021,Apparel,424.6,1114,63.77,0,445.3,0,
04-11-2021,Apparel,464.3,1111.5,63,0,444.6,0,
05-11-2021,Apparel,435.2,1120.8,64.71,0,432.9,0,
06-11-2021,Apparel,433.2,1118.4,64.67,0,440.5,0,
07-11-2021,Apparel,447.5,1114.7,62.69,0,429.1,0,
08-11-2021,Apparel,414.6,1125.8,64.03,0,383.2,0,
09-11-2021,Apparel,398.5,1124.4,63.99,0,384.6,0,
10-11-2021,Apparel,410.7,1121.1,63.91,0,417.1,0,
11-11-2021,Apparel,458.1,1113.5,66.02,0,465.9,0,
12-11-2021,Apparel,604.1,1096.8,63.92,1,564.6,0,
13-11-2021,Apparel,472.6,1104.3,63.78,0,437.7,0,
14-11-2021,Apparel,434.6,1122.6,63.07,0,451.1,0,
15-11-2021,Apparel,460.1,1112.1,62.89,0,417.1,0,
16-11-2021,Apparel,423.9,1131.5,64.44,0,428.2,0,
17-11-2021,Apparel,440.7,1123,63.34,0,399.7,0,
18-11-2021,Apparel,411.1,1134,63.7,0,421.7,0,
19-11-2021,Apparel,456.8,1118.8,64.2,0,473.2,0,
20-11-2021,Apparel,470.7,1113.1,64.02,0,444.6,0,
21-11-2021,Apparel,466,1111.4,64.11,0,424.6,0,
22-11-2021,Apparel,1309,1132.2,64.11,0,396.9,1,demand_spike
23-11-2021,Apparel,437.9,1127.6,64.74,0,413.7,0,
24-11-2021,Apparel,466.6,1118.7,67.32,0,449.1,0,
25-11-2021,Apparel,463.8,1112.7,65.51,0,463.7,0,
26-11-2021,Apparel,423.9,1126.7,63.48,0,394.9,0,
27-11-2021,Apparel,461.4,1117.5,65.5,0,440,0,
28-11-2021,Apparel,452.8,1119,62.59,0,460.7,0,
29-11-2021,Apparel,408.2,1141.8,63.22,0,406.8,0,
30-11-2021,Apparel,426.1,1128.6,64.85,0,404.3,0,
01-12-2021,Apparel,425.8,1117.6,64.81,0,425.7,0,
02-12-2021,Apparel,415.6,1117,64.71,0,421.7,0,
03-12-2021,Apparel,2202.1,1098.3,63.19,0,484.2,1,demand_spike
04-12-2021,Apparel,458,1102.5,63.2,0,428.7,0,
05-12-2021,Apparel,470.3,1093.9,64.11,0,423.3,0,
06-12-2021,Apparel,444.3,1106.5,63.62,0,453.4,0,
07-12-2021,Apparel,425.1,1114.6,65.08,0,435.1,0,
08-12-2021,Apparel,447.4,1109.8,63.59,0,449.5,0,
09-12-2021,Apparel,477,1104.8,63.55,0,434.8,0,
10-12-2021,Apparel,489,1099.1,61.86,0,483,0,
11-12-2021,Apparel,464.7,1104.5,65.06,0,475.5,0,
12-12-2021,Apparel,1765,1109.6,64.35,1,566.4,1,demand_spike
13-12-2021,Apparel,422.1,1114.6,61.02,0,392.4,0,
14-12-2021,Apparel,412.6,1106.7,64.51,0,407.7,0,
15-12-2021,Apparel,447.6,1094,63.43,0,458.3,0,
16-12-2021,Apparel,469.7,1092.1,64.93,0,426.1,0,
17-12-2021,Apparel,446.5,1100.3,63.81,0,441.8,0,
18-12-2021,Apparel,432,1108.9,62.91,0,430.4,0,
19-12-2021,Apparel,447.5,1094.2,66.15,0,443.2,0,
20-12-2021,Apparel,419,1104.3,65.95,0,418,0,
21-12-2021,Apparel,427.6,1105,63.7,0,425.4,0,
22-12-2021,Apparel,440.6,1094.4,64.42,0,405.2,0,
23-12-2021,Apparel,493.8,1082.7,63.35,0,461.8,0,
24-12-2021,Apparel,492.7,1082.5,61.76,0,489.1,0,
25-12-2021,Apparel,432.2,1116,65.63,0,390.1,0,
26-12-2021,Apparel,426.7,1106.8,62.92,0,424.6,0,
27-12-2021,Apparel,441.4,1109.2,65.57,0,441.3,0,
28-12-2021,Apparel,440.4,1107.5,64.83,0,412.2,0,
29-12-2021,Apparel,444.6,1098.2,64.31,0,440,0,
30-12-2021,Apparel,,1097,63.89,0,431.2,0,
31-12-2021,Apparel,1762.5,1094.6,64.84,0,424.9,1,demand_spike
01-01-2022,Apparel,443.5,1102.4,62.75,0,430,0,
02-01-2022,Apparel,439.6,1112.2,65.65,0,455.6,0,
03-01-2022,Apparel,455,1114.7,64.13,0,438.6,0,
04-01-2022,Apparel,412.4,1122.7,65.85,0,410.1,0,
05-01-2022,Apparel,422.3,1125.4,63.79,0,382.3,0,
06-01-2022,Apparel,456.5,1117.1,64.12,0,416.2,0,
07-01-2022,Apparel,482.2,1106.1,64.28,0,439.9,0,
08-01-2022,Apparel,421.9,1123.1,64.68,0,429,0,
09-01-2022,Apparel,458.6,1108.5,66.26,0,436.9,0,
10-01-2022,Apparel,414.8,1121.9,63.38,0,387.5,0,
11-01-2022,Apparel,407.5,1120.4,63.78,0,412.4,0,
12-01-2022,Apparel,407,1115.4,63.92,0,376.7,0,
13-01-2022,Apparel,468,1099.5,60.98,0,438.5,0,
14-01-2022,Apparel,454.6,1106.7,63.23,0,438.5,0,
15-01-2022,Apparel,448.7,1107.5,63.32,0,426.2,0,
16-01-2022,Apparel,408.4,1126.4,67.32,0,403.4,0,
17-01-2022,Apparel,407.2,1125.5,64.27,0,387.1,0,
18-01-2022,Apparel,407.4,1123.9,64.57,0,390.7,0,
19-01-2022,Apparel,431.1,1120.1,62.06,0,443.8,0,
20-01-2022,Apparel,436.3,1117.9,63.86,0,450.6,0,
21-01-2022,Apparel,423,1122.3,65.14,0,433.2,0,
22-01-2022,Apparel,493,1088.7,67.16,0,507.6,0,
23-01-2022,Apparel,394.1,1118.5,63.07,0,388.3,0,
24-01-2022,Apparel,411.4,1104.1,61.62,0,410.1,0,
25-01-2022,Apparel,376.9,1108.4,62.95,0,370.7,0,
26-01-2022,Apparel,527.7,1098.2,62.96,1,537.1,0,
27-01-2022,Apparel,445.3,1075.9,62.97,0,437.6,0,
28-01-2022,Apparel,450.1,1071.8,65.1,0,412.6,0,
29-01-2022,Apparel,458.5,1066.8,64.38,0,468.4,0,
30-01-2022,Apparel,599.2,1081.1,62.5,1,607.6,0,
31-01-2022,Apparel,398.8,1089.2,65.75,0,407.9,0,
01-02-2022,Apparel,386.5,1083.3,66.36,0,358.9,0,
02-02-2022,Apparel,450,1064.7,61.76,0,423.3,0,
03-02-2022,Apparel,455,1064.8,65.45,0,429.6,0,
04-02-2022,Apparel,416.1,1074.9,63.72,0,406.2,0,
05-02-2022,Apparel,606.6,1070.9,62.74,1,558.1,0,
06-02-2022,Apparel,410.4,1077.2,62.08,0,393.1,0,
07-02-2022,Apparel,388.1,1087.7,63.36,0,359.9,0,
08-02-2022,Apparel,413,1072.4,63.27,0,388.1,0,
09-02-2022,Apparel,430.1,1066,64.13,0,432.6,0,
10-02-2022,Apparel,426.2,1074.7,66.69,0,438.3,0,
11-02-2022,Apparel,628.8,1081.4,63.29,1,568.1,0,
12-02-2022,Apparel,449.3,1079.1,62.14,0,442.5,0,
13-02-2022,Apparel,418.4,1091.1,63.52,0,378.8,0,
14-02-2022,Apparel,388.9,1108.2,65.27,0,355,0,
15-02-2022,Apparel,359.1,1126.7,63.63,0,361.1,0,
16-02-2022,Apparel,413.2,1109.9,64.78,0,417.5,0,
17-02-2022,Apparel,435.9,1098.2,64.16,0,445.6,0,
18-02-2022,Apparel,372.2,1116,64.02,0,361.4,0,
19-02-2022,Apparel,417.5,1117.9,65.97,0,429.6,0,
20-02-2022,Apparel,384.6,1119.9,62.7,0,355.8,0,
21-02-2022,Apparel,375.5,1120.2,62.61,0,352,0,
22-02-2022,Apparel,365.3,1116.3,62.78,0,336.2,0,
23-02-2022,Apparel,395.9,1107.7,64.38,0,403.6,0,
24-02-2022,Apparel,441.5,1088,64.01,0,412.5,0,
25-02-2022,Apparel,409,1097.2,64.85,0,377.6,0,
26-02-2022,Apparel,609.8,1083.1,63.84,1,605.8,0,
27-02-2022,Apparel,369.1,1102.5,63.69,0,336.5,0,
28-02-2022,Apparel,386.5,1103.4,64.36,0,350.5,0,
01-03-2022,Apparel,374.9,1105,66.11,0,343.4,0,
02-03-2022,Apparel,397.5,1097.5,62.46,0,357.8,0,
03-03-2022,Apparel,406.7,1093.9,62.77,0,408.5,0,
04-03-2022,Apparel,422,1090.3,63.99,0,415.4,0,
05-03-2022,Apparel,347,1112.6,66.54,0,323.2,0,
06-03-2022,Apparel,349.2,1115.8,62.57,0,326.5,0,
07-03-2022,Apparel,371.8,1115.1,63.93,0,379.9,0,
08-03-2022,Apparel,327.2,1124.4,62.82,0,319.1,0,
09-03-2022,Apparel,372.3,1109.4,64.45,0,374.1,0,
10-03-2022,Apparel,622.2,1106.3,61.3,1,602.2,0,
11-03-2022,Apparel,385.4,1102.8,62.62,0,360.6,0,
12-03-2022,Apparel,375.2,1096.1,65.58,0,392.2,0,
13-03-2022,Apparel,373.8,1097.6,63.95,0,368.1,0,
14-03-2022,Apparel,375.2,1099.7,62.99,0,345,0,
15-03-2022,Apparel,340.1,1106.6,63.88,0,326.8,0,
16-03-2022,Apparel,363.4,1096.7,63.86,0,345,0,
17-03-2022,Apparel,376.2,1089.1,64.66,0,350.6,0,
18-03-2022,Apparel,346.5,1093.6,61.29,0,360.4,0,
19-03-2022,Apparel,383.2,1086.1,62.62,0,395.5,0,
20-03-2022,Apparel,378.6,1081.6,62.72,0,352,0,
21-03-2022,Apparel,367.3,1083.6,64.75,0,350,0,
22-03-2022,Apparel,333.8,1089.1,63.93,0,338.6,0,
23-03-2022,Apparel,477.3,1079.3,65.78,1,444.5,0,
24-03-2022,Apparel,382.8,1071.5,65,0,378.5,0,
25-03-2022,Apparel,401.5,1063.3,63.5,0,403.5,0,
26-03-2022,Apparel,560.2,1072,63.88,1,559.2,0,
27-03-2022,Apparel,358.3,1069.7,65.6,0,360.4,0,
28-03-2022,Apparel,361.9,1064.9,65.77,0,364.1,0,
29-03-2022,Apparel,328.6,1078.6,63.82,0,343.3,0,
30-03-2022,Apparel,354.6,1083.8,62.68,0,337.6,0,
31-03-2022,Apparel,406.4,1058.4,61.26,0,419.3,0,
01-04-2022,Apparel,374.1,1067.1,61.26,0,337.9,0,
02-04-2022,Apparel,340.6,1079.2,64.55,0,321.2,0,
03-04-2022,Apparel,332.2,1078.6,64.52,0,301.4,0,
04-04-2022,Apparel,314.2,1088.2,63.08,0,313.5,0,
05-04-2022,Apparel,342.5,1075.4,65.61,0,313.4,0,
06-04-2022,Apparel,334.2,1078.7,63.68,0,343.2,0,
07-04-2022,Apparel,372.8,1064.5,63.19,0,371.7,0,
08-04-2022,Apparel,356.5,1075.5,65.44,0,322.4,0,
09-04-2022,Apparel,316.9,1084,65.27,0,319.2,0,
10-04-2022,Apparel,344.1,1074.1,63.88,0,354.2,0,
11-04-2022,Apparel,328.3,1083.5,64.6,0,328.1,0,
12-04-2022,Apparel,338.7,1075.3,64.77,0,306.4,0,
13-04-2022,Apparel,331.7,1077.7,66.72,0,341.2,0,
14-04-2022,Apparel,345.7,1064.4,63.77,0,349.1,0,
15-04-2022,Apparel,371.9,1051.1,62.43,0,355.8,0,
16-04-2022,Apparel,380.9,1050.3,64.74,0,361.5,0,
17-04-2022,Apparel,331.9,1060.1,64.02,0,322.6,0,
18-04-2022,Apparel,327.3,1058.7,64.09,0,337.1,0,
19-04-2022,Apparel,316.2,1064.5,63.9,0,296.5,0,
20-04-2022,Apparel,308.7,1063.9,61.91,0,282.5,0,
21-04-2022,Apparel,373.4,1048.6,64.28,0,384.5,0,
22-04-2022,Apparel,375.7,1049,63.48,0,339.6,0,
23-04-2022,Apparel,359.3,1056.1,63.55,0,372.5,0,
24-04-2022,Apparel,322.4,1073.3,63.43,0,304.9,0,
25-04-2022,Apparel,324.9,1074.2,63.89,0,317.2,0,
26-04-2022,Apparel,334.1,1079.1,64.28,0,307.3,0,
27-04-2022,Apparel,364.4,1074.6,63.9,0,377.3,0,
28-04-2022,Apparel,368.5,1070.7,65.42,0,373.1,0,
29-04-2022,Apparel,354.1,1081.5,64.91,0,367.7,0,
30-04-2022,Apparel,315,1094.6,63.85,0,315.8,0,
01-05-2022,Apparel,470.8,1089.9,62.62,1,436.8,0,
02-05-2022,Apparel,313.4,1094.5,64.68,0,296.6,0,
03-05-2022,Apparel,325.7,1096.3,63.54,0,317,0,
04-05-2022,Apparel,354.6,1089.9,63.72,0,351.4,0,
05-05-2022,Apparel,342.9,1102.6,62.26,0,356.3,0,
06-05-2022,Apparel,389.1,1094.1,64.47,0,372.6,0,
07-05-2022,Apparel,302,1122.9,67.26,0,303.6,0,
08-05-2022,Apparel,324.8,1110.9,63.29,0,339.1,0,
09-05-2022,Apparel,288.9,1120.8,64.74,0,266.6,0,
10-05-2022,Apparel,271.1,1126.5,65.54,0,279.1,0,
11-05-2022,Apparel,320.6,1115.1,63.27,0,308.8,0,
12-05-2022,Apparel,312.8,1120.6,60.84,0,315.9,0,
13-05-2022,Apparel,341.7,1112.8,64.83,0,322.6,0,
14-05-2022,Apparel,333.3,1115.9,64.04,0,316.7,0,
15-05-2022,Apparel,335,1119,64.34,0,302.9,0,
16-05-2022,Apparel,272,1133.6,64.01,0,284.4,0,
17-05-2022,Apparel,322.6,659,65.43,0,329.7,0,
18-05-2022,Apparel,443.1,652.9,63.82,1,405,0,
19-05-2022,Apparel,358.2,651.1,66.72,0,26.9,1,supplier_delay
20-05-2022,Apparel,333.8,655.2,64.83,0,330.7,0,
21-05-2022,Apparel,392.1,663.3,65.24,1,403.1,0,
22-05-2022,Apparel,287.4,1141.1,63.95,0,261.6,0,
23-05-2022,Apparel,274,1146.9,64.34,0,262.6,0,
24-05-2022,Apparel,312.2,1138.2,61.78,0,312.4,0,
25-05-2022,Apparel,348.3,1131.4,63.2,0,319.1,0,
26-05-2022,Apparel,325.6,1136.6,65.32,0,316.9,0,
27-05-2022,Apparel,352.7,1133.6,63.86,0,340.9,0,
28-05-2022,Apparel,299.2,1144.3,62.5,0,278.9,0,
29-05-2022,Apparel,313.2,1140,63.07,0,296,0,
30-05-2022,Apparel,310.8,1144.9,63.06,0,324.8,0,
31-05-2022,Apparel,273.9,1161,63.89,0,258.3,0,
01-06-2022,Apparel,314.9,1151,62.88,0,293.5,0,
02-06-2022,Apparel,349.6,1138.6,65.76,0,342.8,0,
03-06-2022,Apparel,283.1,1163,64.21,0,283.3,0,
04-06-2022,Apparel,528.9,1138.4,62.16,1,533.5,0,
05-06-2022,Apparel,316.2,1158.5,65.91,0,320.4,0,
06-06-2022,Apparel,311.5,1159.5,63.88,0,282.1,0,
07-06-2022,Apparel,458.9,1157.1,64.59,1,440.1,0,
08-06-2022,Apparel,349,1153.6,64.33,1,354.6,0,
09-06-2022,Apparel,346.4,1135.6,64.48,0,358.8,0,
10-06-2022,Apparel,,1138.6,63.5,0,335.5,0,
11-06-2022,Apparel,329.4,1151.2,64.37,0,299,0,
12-06-2022,Apparel,331.2,1145.5,63.75,0,317.7,0,
13-06-2022,Apparel,313.3,1151.1,64.41,0,285.5,0,
14-06-2022,Apparel,340.1,1137.7,63.7,0,344.3,0,
15-06-2022,Apparel,323.1,1140.4,63.57,0,293.9,0,
16-06-2022,Apparel,324,1148.5,62.07,0,300.6,0,
17-06-2022,Apparel,338.2,1138.6,63.94,0,325.6,0,
18-06-2022,Apparel,338.5,1141.4,64.23,0,328.1,0,
19-06-2022,Apparel,331.5,1145.5,66.31,0,318.6,0,
20-06-2022,Apparel,272,1163.2,64.56,0,263.8,0,
21-06-2022,Apparel,305.2,1155.9,63.02,0,307.3,0,
22-06-2022,Apparel,353.5,1135.5,62.64,0,337.8,0,
23-06-2022,Apparel,335.1,1149.4,64.28,0,329.1,0,
24-06-2022,Apparel,362.4,1150.8,62.99,0,342.7,0,
25-06-2022,Apparel,342.6,1157,63.22,0,326.5,0,
26-06-2022,Apparel,333.2,1171.9,62.99,0,330.5,0,
27-06-2022,Apparel,287.7,1183.6,63.52,0,280.1,0,
28-06-2022,Apparel,292.5,1184.1,64.88,0,295,0,
29-06-2022,Apparel,326,1181.2,61.4,0,320.8,0,
30-06-2022,Apparel,313.5,1182.7,65.6,0,319.9,0,
01-07-2022,Apparel,342.7,1167,63.68,0,331.2,0,
02-07-2022,Apparel,341.6,1159.3,63.13,0,332.6,0,
03-07-2022,Apparel,353,1166.2,65.08,0,353.2,0,
04-07-2022,Apparel,453.2,1174.9,63.68,1,422.9,0,
05-07-2022,Apparel,324.3,1171.2,62.6,0,310.6,0,
06-07-2022,Apparel,352.3,1157.2,62,0,350.1,0,
07-07-2022,Apparel,328.8,1169,64.83,0,297.3,0,
08-07-2022,Apparel,349.1,1159,64.91,0,337.1,0,
09-07-2022,Apparel,589.5,1144.8,63.41,1,583.5,0,
10-07-2022,Apparel,321.6,1166.3,65.63,0,336.2,0,
11-07-2022,Apparel,333.8,1157.4,63.99,0,344.3,0,
12-07-2022,Apparel,335.8,1155.9,65.64,0,316.4,0,
13-07-2022,Apparel,306.3,1171.7,62.72,0,299,0,
14-07-2022,Apparel,358.7,1158.1,62.56,0,325.9,0,
15-07-2022,Apparel,360.6,1158.2,63.29,0,337.5,0,
16-07-2022,Apparel,353.2,1161.5,63.43,0,358.9,0,
17-07-2022,Apparel,407.8,1171.3,65.41,1,374.6,0,
18-07-2022,Apparel,296.3,1186.6,64.32,0,278.1,0,
19-07-2022,Apparel,313.8,1177.3,62.97,0,326.8,0,
20-07-2022,Apparel,339,1170.8,63.96,0,347,0,
21-07-2022,Apparel,381.7,1158.6,63.39,0,388.3,0,
22-07-2022,Apparel,399.1,1158.4,62.91,0,410.9,0,
23-07-2022,Apparel,380.1,1169.6,63.84,0,384.9,0,
24-07-2022,Apparel,351.9,1177.9,63.7,0,323,0,
25-07-2022,Apparel,305,1193.4,62.96,0,298.1,0,
26-07-2022,Apparel,321.7,1190.1,62.95,0,311,0,
27-07-2022,Apparel,351.7,1169.7,64.98,0,332.9,0,
28-07-2022,Apparel,353.4,727.9,64.48,0,362.2,0,
29-07-2022,Apparel,574.2,720.6,65.15,1,556.7,0,
30-07-2022,Apparel,374.1,720.4,63.58,0,31.8,1,supplier_delay
31-07-2022,Apparel,,720.6,62.55,0,332,0,
01-08-2022,Apparel,351.5,723.2,63.21,0,328.4,0,
02-08-2022,Apparel,319.4,1163.4,65.26,0,330,0,
03-08-2022,Apparel,373.1,1146.2,61.9,0,372,0,
04-08-2022,Apparel,359.7,1144,65.79,0,353.9,0,
05-08-2022,Apparel,360.2,1143.6,62.52,0,351.6,0,
06-08-2022,Apparel,378.1,1125.1,64.94,0,377.2,0,
07-08-2022,Apparel,373.7,1125.6,62.64,0,378.6,0,
08-08-2022,Apparel,349,1133.3,63.18,0,343.1,0,
09-08-2022,Apparel,345.3,1135.6,61.31,0,359.3,0,
10-08-2022,Apparel,369,1120.7,66.31,0,386.2,0,
11-08-2022,Apparel,383.8,1117.4,64.68,0,402.8,0,
12-08-2022,Apparel,518.7,1117.9,64.75,1,518.9,0,
13-08-2022,Apparel,352,1117.6,63.31,0,366,0,
14-08-2022,Apparel,356.9,1119.8,62.75,0,342.8,0,
15-08-2022,Apparel,349.4,1132.1,64.94,0,359.5,0,
16-08-2022,Apparel,353.5,1131.1,62.4,0,366.4,0,
17-08-2022,Apparel,384.6,1117.7,63.73,0,398.3,0,
18-08-2022,Apparel,385.6,1118.3,62.34,0,395.1,0,
19-08-2022,Apparel,406.1,1116.9,64.1,0,390.2,0,
20-08-2022,Apparel,381.9,1127.2,61.49,0,352.8,0,
21-08-2022,Apparel,402.4,1134.8,62.05,0,382.3,0,
22-08-2022,Apparel,358.2,1144.5,62.84,0,363.6,0,
23-08-2022,Apparel,,1131,64.73,1,481,0,
24-08-2022,Apparel,387.2,1144.8,63.26,0,376.2,0,
25-08-2022,Apparel,394.5,1150,65.2,0,388.5,0,
26-08-2022,Apparel,386.7,1142.6,65.86,0,383,0,
27-08-2022,Apparel,365.7,1148.9,63.55,0,380.5,0,
28-08-2022,Apparel,356.9,1159,62.05,0,356.6,0,
29-08-2022,Apparel,348.6,1175.9,65.18,0,354.9,0,
30-08-2022,Apparel,378.8,1170.4,61.97,0,374,0,
31-08-2022,Apparel,379.2,1168.4,62.79,0,388.7,0,
01-09-2022,Apparel,411.3,1153.7,61.77,0,386.5,0,
02-09-2022,Apparel,438,1156.8,65.17,0,408,0,
03-09-2022,Apparel,401.1,1171.5,64.67,0,416.7,0,
04-09-2022,Apparel,425.5,1160,66.01,0,427.2,0,
05-09-2022,Apparel,352,1181,63.38,0,352.3,0,
06-09-2022,Apparel,377.4,1174.9,62.89,0,366.1,0,
07-09-2022,Apparel,526.2,1174.4,63.27,1,503.3,0,
08-09-2022,Apparel,435.1,1155.9,62.24,0,427.8,0,
09-09-2022,Apparel,379.1,1169.6,65.77,0,348,0,
10-09-2022,Apparel,384,1159.8,68.26,0,371.8,0,
11-09-2022,Apparel,392.4,1162.5,63.02,0,379.9,0,
12-09-2022,Apparel,414,1154.3,64.7,0,406.1,0,
13-09-2022,Apparel,,1162.7,63.74,0,392,0,
14-09-2022,Apparel,539.8,1173.5,64.51,1,563.4,0,
15-09-2022,Apparel,402.9,1168.2,65.3,0,402,0,
16-09-2022,Apparel,464,1149.3,62.48,0,479.1,0,
17-09-2022,Apparel,409.1,1166.8,63.33,0,402.3,0,
18-09-2022,Apparel,466,1174.2,65.48,1,463.2,0,
19-09-2022,Apparel,421.7,1169.5,64.59,0,384,0,
20-09-2022,Apparel,418.2,1172.1,64.36,0,384.7,0,
21-09-2022,Apparel,441.5,1162.4,64.59,0,435.8,0,
22-09-2022,Apparel,416.7,1175.1,64.72,0,399.8,0,
23-09-2022,Apparel,411,1182.9,65.42,0,419.2,0,
24-09-2022,Apparel,432.7,1169.8,64.91,0,424.6,0,
25-09-2022,Apparel,419,1181.5,63.88,0,432.5,0,
26-09-2022,Apparel,409,1186.3,64.39,0,427.8,0,
27-09-2022,Apparel,436,1179.7,63.86,0,402.1,0,
28-09-2022,Apparel,392.1,1197.9,62.99,0,376.1,0,
29-09-2022,Apparel,460.5,1174.5,63.88,0,460.4,0,
30-09-2022,Apparel,428,1189,63.8,0,404.8,0,
01-10-2022,Apparel,455.3,1179,61.77,0,428,0,
02-10-2022,Apparel,411.9,1184.6,64.93,0,421,0,
03-10-2022,Apparel,394.8,1184.8,65.15,0,413.3,0,
04-10-2022,Apparel,404.1,1184.8,64.64,0,410.6,0,
05-10-2022,Apparel,406.1,1179.5,65.07,0,397.4,0,
06-10-2022,Apparel,453,1173.4,63.72,0,437.8,0,
07-10-2022,Apparel,442.6,1182.5,63.28,0,434.2,0,
08-10-2022,Apparel,462.2,1183.3,65.16,0,448,0,
09-10-2022,Apparel,702.6,1190.1,62.59,1,685.3,0,
10-10-2022,Apparel,451.3,1188.5,62.54,0,419.9,0,
11-10-2022,Apparel,592.9,1188.6,64.52,1,614,0,
12-10-2022,Apparel,452.1,1187.3,64.48,0,458,0,
13-10-2022,Apparel,487.2,1178.6,65.13,0,488.2,0,
14-10-2022,Apparel,677.9,1191.7,61.75,1,706.7,0,
15-10-2022,Apparel,425.8,1208.3,63.82,0,401.4,0,
16-10-2022,Apparel,,1200.8,62.5,0,402,0,
17-10-2022,Apparel,398.5,1212.8,65.04,0,408.1,0,
18-10-2022,Apparel,478.8,1190.4,65.65,0,502.7,0,
19-10-2022,Apparel,477.5,1186.1,64.59,0,471.2,0,
20-10-2022,Apparel,509.2,1175.7,63.23,0,462.8,0,
21-10-2022,Apparel,473.7,1188.8,62.98,0,481.7,0,
22-10-2022,Apparel,472.3,1187.6,63.42,0,430.3,0,
23-10-2022,Apparel,434.9,1205.3,62.87,0,426.6,0,
24-10-2022,Apparel,450,1193.2,63.74,0,423.8,0,
25-10-2022,Apparel,414.5,1209.5,62.98,0,429.9,0,
26-10-2022,Apparel,406.7,1215.2,62.18,0,393.5,0,
27-10-2022,Apparel,458.5,1196.8,64.43,0,474.4,0,
28-10-2022,Apparel,450.7,1194.5,64.53,0,425.8,0,
29-10-2022,Apparel,496.6,1170.3,66.12,0,475.8,0,
30-10-2022,Apparel,485.1,1169.8,63.39,0,505.5,0,
31-10-2022,Apparel,411.8,1197,61.52,0,383.1,0,
01-11-2022,Apparel,653.1,1179.6,64.98,1,644.4,0,
02-11-2022,Apparel,480.2,1182,65.13,0,460.2,0,
03-11-2022,Apparel,449.1,1188.3,65.4,0,456.4,0,
04-11-2022,Apparel,476.9,1183.5,65.82,0,438.5,0,
05-11-2022,Apparel,462.2,1184.3,65.84,0,446.3,0,
06-11-2022,Apparel,469.8,1177.2,62.69,0,472.1,0,
07-11-2022,Apparel,420.4,1191.4,65.92,0,404.1,0,
08-11-2022,Apparel,689.2,1180.1,63.52,1,626.3,0,
09-11-2022,Apparel,453.5,1170.5,64.96,0,456.1,0,
10-11-2022,Apparel,493.5,865,64.27,0,481.4,0,
11-11-2022,Apparel,485,867.3,62.7,0,437.3,0,
12-11-2022,Apparel,586.1,876,65.43,1,75.1,1,supplier_delay
13-11-2022,Apparel,455.6,882.2,63.36,0,472.9,0,
14-11-2022,Apparel,488,879.5,66.32,0,447.3,0,
15-11-2022,Apparel,445.2,1193.3,62.97,0,440.2,0,
16-11-2022,Apparel,669.1,1193.4,62.66,1,675.3,0,
17-11-2022,Apparel,499.6,1172.5,63.09,0,454.9,0,
18-11-2022,Apparel,490.2,1176.1,65.85,0,442.8,0,
19-11-2022,Apparel,454.3,1189.9,61.94,0,440.5,0,
20-11-2022,Apparel,757.8,1181.5,65.11,1,772,0,
21-11-2022,Apparel,547.4,1203.3,66.29,1,505.9,0,
22-11-2022,Apparel,449.2,1208.3,63.73,0,460.7,0,
23-11-2022,Apparel,477,1194.8,63.44,0,476.3,0,
24-11-2022,Apparel,524.7,1178.8,64.04,0,498.4,0,
25-11-2022,Apparel,463.2,1199.4,62.51,0,452.8,0,
26-11-2022,Apparel,489.7,1197.3,67.33,0,511.6,0,
27-11-2022,Apparel,738.6,1191.6,64.8,1,688.7,0,
28-11-2022,Apparel,456.8,1206,62.38,0,445.3,0,
29-11-2022,Apparel,434.8,1216.1,62.91,0,432.1,0,
30-11-2022,Apparel,464,1201.7,64.17,0,427.2,0,
01-12-2022,Apparel,497.2,1199.8,62.29,0,450.7,0,
02-12-2022,Apparel,523.3,1187.5,62.02,0,472,0,
03-12-2022,Apparel,479.4,1191.1,64.32,0,454.8,0,
04-12-2022,Apparel,483.3,1190,65.23,0,440.3,0,
05-12-2022,Apparel,427.8,1215.1,65.11,0,436.6,0,
06-12-2022,Apparel,432,1216.8,63.87,0,453.4,0,
07-12-2022,Apparel,467.6,1209.9,63.59,0,425.2,0,
08-12-2022,Apparel,521.9,1193.8,64.01,0,503.6,0,
09-12-2022,Apparel,499.6,1199.7,65.21,0,451.6,0,
10-12-2022,Apparel,492.1,1194.2,62.33,0,452.8,0,
11-12-2022,Apparel,473.1,1188.7,62.95,0,448.7,0,
12-12-2022,Apparel,477.4,1188.4,63.46,0,457.8,0,
13-12-2022,Apparel,448.2,1203.7,63.63,0,466.6,0,
14-12-2022,Apparel,490.3,1192.8,63.87,0,470.4,0,
15-12-2022,Apparel,477.8,1199.6,63.91,0,465.6,0,
16-12-2022,Apparel,536.4,1190,64.8,0,502.5,0,
17-12-2022,Apparel,470.6,1211.4,61.69,0,423.5,0,
18-12-2022,Apparel,450,1216.9,61.89,0,465.7,0,
19-12-2022,Apparel,465.8,1208.1,63.09,0,424.9,0,
20-12-2022,Apparel,713.7,1219.7,65.05,1,745.5,0,
21-12-2022,Apparel,633,1215.9,63.11,1,582.1,0,
22-12-2022,Apparel,497.1,1206.7,63.89,0,492.5,0,
23-12-2022,Apparel,618.8,1207.3,64.11,1,649.7,0,
24-12-2022,Apparel,515.8,1201.5,64.35,0,475,0,
25-12-2022,Apparel,482.7,1206.3,65.94,0,465.2,0,
26-12-2022,Apparel,479.7,1216.4,64.83,0,487.9,0,
27-12-2022,Apparel,447,1212.5,65.22,0,404.5,0,
28-12-2022,Apparel,481.9,1209.1,63.78,0,483.6,0,
29-12-2022,Apparel,494.3,1207.8,65.83,0,450.8,0,
30-12-2022,Apparel,516.1,1201.9,64.03,0,482.8,0,
31-12-2022,Apparel,504.6,1204.5,61.44,0,466.2,0,
01-01-2023,Apparel,466.6,1225.3,67.09,0,483.4,0,
02-01-2023,Apparel,421.2,1242.5,64,0,390.5,0,
03-01-2023,Apparel,488.8,1217.7,64.62,0,442.9,0,
04-01-2023,Apparel,481.6,1211.2,62.58,0,475.9,0,
01-01-2020,Automotive Parts,513.8,1277.4,148.2,0,528.3,0,
02-01-2020,Automotive Parts,471.7,1284.4,147.15,0,488,0,
03-01-2020,Automotive Parts,515.8,1272.5,152.06,0,494.8,0,
04-01-2020,Automotive Parts,503.1,1279.1,143.9,0,472.9,0,
05-01-2020,Automotive Parts,448,1290.2,144.39,0,430.2,0,
06-01-2020,Automotive Parts,450.5,1282.6,145.87,0,418.1,0,
07-01-2020,Automotive Parts,470.6,1275.6,149.4,0,427.8,0,
08-01-2020,Automotive Parts,474.6,1272.9,150.5,0,483.9,0,
09-01-2020,Automotive Parts,518.3,1256.1,146.17,0,510.8,0,
10-01-2020,Automotive Parts,515.9,1246.7,148.95,0,502.6,0,
11-01-2020,Automotive Parts,522.4,1249.8,145.28,0,486.9,0,
12-01-2020,Automotive Parts,500.5,1255.9,146.97,0,491.9,0,
13-01-2020,Automotive Parts,471.6,1267.4,148.5,0,452.9,0,
14-01-2020,Automotive Parts,504,1257.4,152.72,0,491.9,0,
15-01-2020,Automotive Parts,427.5,1284.8,150.09,0,390.5,0,
16-01-2020,Automotive Parts,512.3,1258.1,150.53,0,532,0,
17-01-2020,Automotive Parts,501.5,1259.7,146.23,0,508.8,0,
18-01-2020,Automotive Parts,552.5,1240.1,142.01,0,558.7,0,
19-01-2020,Automotive Parts,449.2,1272.4,153.84,0,443.5,0,
20-01-2020,Automotive Parts,500.2,1255.2,142.27,0,467.3,0,
21-01-2020,Automotive Parts,462.7,1263.9,145.85,0,423.6,0,
22-01-2020,Automotive Parts,480.7,1250,146.58,0,458.7,0,
23-01-2020,Automotive Parts,535.7,1231.4,150.83,0,515.3,0,
24-01-2020,Automotive Parts,586.3,1218.2,150.49,0,594.6,0,
25-01-2020,Automotive Parts,493.8,1245.3,145.29,0,455.4,0,
26-01-2020,Automotive Parts,493.1,1248.4,147.67,0,504.2,0,
27-01-2020,Automotive Parts,477.1,1248,144.97,0,461,0,
28-01-2020,Automotive Parts,449.1,1253.5,144.76,0,458.1,0,
29-01-2020,Automotive Parts,486.8,1244.1,149.18,0,474.2,0,
30-01-2020,Automotive Parts,517.7,1234.7,142.88,0,469.9,0,
31-01-2020,Automotive Parts,,1212.4,147.75,1,781,0,
01-02-2020,Automotive Parts,483,1227.3,145.2,0,465.7,0,
02-02-2020,Automotive Parts,490.9,1219.5,140.71,0,475.6,0,
03-02-2020,Automotive Parts,441,1233.6,146.46,0,448.7,0,
04-02-2020,Automotive Parts,473.2,1208.5,149.96,0,441.6,0,
05-02-2020,Automotive Parts,476.7,1208.5,147.9,0,430.9,0,
06-02-2020,Automotive Parts,569.3,1184,143.57,0,536.8,0,
07-02-2020,Automotive Parts,549.1,1187,147.55,0,507,0,
08-02-2020,Automotive Parts,502.5,1199.6,142.01,0,478.1,0,
09-02-2020,Automotive Parts,536.4,1185.9,153.44,0,499.5,0,
10-02-2020,Automotive Parts,433.8,1224.6,147.49,0,396.7,0,
11-02-2020,Automotive Parts,480,1217.3,148.96,0,491.6,0,
12-02-2020,Automotive Parts,520.1,1211,151.32,0,484.4,0,
13-02-2020,Automotive Parts,529,1217.9,147.56,0,504.9,0,
14-02-2020,Automotive Parts,663,1221,147.52,1,596.9,0,
15-02-2020,Automotive Parts,506.7,1228.4,144.51,0,514.7,0,
16-02-2020,Automotive Parts,471.5,1239.5,140.91,0,457.1,0,
17-02-2020,Automotive Parts,497.4,1234.5,144.96,0,512.2,0,
18-02-2020,Automotive Parts,584.6,1240.1,147.52,1,530.7,0,
19-02-2020,Automotive Parts,517.9,1222.7,147.36,0,478.8,0,
20-02-2020,Automotive Parts,554.8,1215,147.88,0,520.7,0,
21-02-2020,Automotive Parts,528.4,1225.5,143.53,0,546,0,
22-02-2020,Automotive Parts,507.2,1234.8,145.09,0,483.4,0,
23-02-2020,Automotive Parts,745.3,940,149.82,1,691.7,0,
24-02-2020,Automotive Parts,476.4,939.7,147.67,0,486,0,
25-02-2020,Automotive Parts,532.4,929.4,143.01,0,89.3,1,supplier_delay
26-02-2020,Automotive Parts,510.8,926.7,150.44,0,486.5,0,
27-02-2020,Automotive Parts,458.5,940.4,151.81,0,457.7,0,
28-02-2020,Automotive Parts,551.6,1223.8,144.28,0,528.2,0,
29-02-2020,Automotive Parts,534.5,1237.4,146.98,0,482.4,0,
01-03-2020,Automotive Parts,,1244.7,146.44,0,544.6,0,
02-03-2020,Automotive Parts,507.8,1243.7,143.76,0,475.2,0,
03-03-2020,Automotive Parts,555.6,1226.7,147,0,520.4,0,
04-03-2020,Automotive Parts,1358.7,1243.7,148.21,0,466.6,1,demand_spike
05-03-2020,Automotive Parts,542.6,1235.3,147.73,0,501.2,0,
06-03-2020,Automotive Parts,551.7,1227.3,153,0,538.1,0,
07-03-2020,Automotive Parts,514.4,1239.2,144.2,0,535.5,0,
08-03-2020,Automotive Parts,486,1246.8,143.77,0,488.3,0,
09-03-2020,Automotive Parts,453.8,1255.1,150.31,0,453.1,0,
10-03-2020,Automotive Parts,468.5,1251.1,149.93,0,447.1,0,
11-03-2020,Automotive Parts,503.3,1240.9,140.79,0,514.4,0,
12-03-2020,Automotive Parts,546.7,1235.7,144.52,0,530.9,0,
13-03-2020,Automotive Parts,551.5,1224.4,141.83,0,534.2,0,
14-03-2020,Automotive Parts,491.6,1242.2,150.06,0,515.8,0,
15-03-2020,Automotive Parts,454.4,1253.4,149.85,0,450.5,0,
16-03-2020,Automotive Parts,567,1243.4,146.94,1,584.2,0,
17-03-2020,Automotive Parts,517,1229,150.41,0,506,0,
18-03-2020,Automotive Parts,513.8,1234.2,149.09,0,474.9,0,
19-03-2020,Automotive Parts,812,1220,148.2,1,851.1,0,
20-03-2020,Automotive Parts,556.2,1217.5,145.6,0,555.3,0,
21-03-2020,Automotive Parts,652.7,1234.5,142.86,1,602,0,
22-03-2020,Automotive Parts,,1230.5,146.27,0,510.2,0,
23-03-2020,Automotive Parts,450.5,1247.9,147.05,0,435.1,0,
24-03-2020,Automotive Parts,430.3,1255.1,148.75,0,440.3,0,
25-03-2020,Automotive Parts,494.5,1225.2,147.68,0,465.6,0,
26-03-2020,Automotive Parts,785.7,1198.9,146.94,1,818.2,0,
27-03-2020,Automotive Parts,537.7,1204.9,147.91,0,507.9,0,
28-03-2020,Automotive Parts,509.7,1216,144.12,0,534.9,0,
29-03-2020,Automotive Parts,461.3,1225.9,145.57,0,463.6,0,
30-03-2020,Automotive Parts,456.9,1234.1,149.52,0,477.8,0,
31-03-2020,Automotive Parts,523.3,1211,145.81,0,527.8,0,
01-04-2020,Automotive Parts,514.5,1211.9,146.33,0,521.2,0,
02-04-2020,Automotive Parts,,1208.8,148.64,0,479.4,0,
03-04-2020,Automotive Parts,502.8,1215.8,144.87,0,453.7,0,
04-04-2020,Automotive Parts,455.4,1229.5,145.68,0,415.7,0,
05-04-2020,Automotive Parts,443.4,1231.6,141.94,0,428.2,0,
06-04-2020,Automotive Parts,446.6,1230.1,150.29,0,428.9,0,
07-04-2020,Automotive Parts,435.9,1234.5,150.78,0,404.3,0,
08-04-2020,Automotive Parts,449.5,1231.6,149.85,0,407.5,0,
09-04-2020,Automotive Parts,511.4,1214.5,147.61,0,513.3,0,
10-04-2020,Automotive Parts,484.3,1222.6,143.64,0,450.3,0,
11-04-2020,Automotive Parts,511.4,1217.9,145.68,0,535.3,0,
12-04-2020,Automotive Parts,491.1,1224.8,144.5,0,449.6,0,
13-04-2020,Automotive Parts,492.3,1225.9,144.72,0,469.9,0,
14-04-2020,Automotive Parts,575.7,1247.4,145.96,1,559.5,0,
15-04-2020,Automotive Parts,465.5,1239,145.82,0,434.2,0,
16-04-2020,Automotive Parts,481.2,1238.5,150.24,0,469.4,0,
17-04-2020,Automotive Parts,539.5,1220.6,147.22,0,495.6,0,
18-04-2020,Automotive Parts,471,1243.8,151.05,0,424,0,
19-04-2020,Automotive Parts,449.9,1256,144.97,0,452,0,
20-04-2020,Automotive Parts,441.8,1253.8,148.18,0,452.9,0,
21-04-2020,Automotive Parts,421.1,1259.8,146.42,0,415.3,0,
22-04-2020,Automotive Parts,507.6,1232.2,148.57,0,474.3,0,
23-04-2020,Automotive Parts,469.5,1250,149.56,0,450.4,0,
24-04-2020,Automotive Parts,511.2,1231.2,150.43,0,508.1,0,
25-04-2020,Automotive Parts,461.2,1243,146.04,0,417.3,0,
26-04-2020,Automotive Parts,441.7,1255.1,147.08,0,403.8,0,
27-04-2020,Automotive Parts,435.1,1257.9,149.82,0,454.2,0,
28-04-2020,Automotive Parts,415.8,1265.9,152.66,0,416.5,0,
29-04-2020,Automotive Parts,375.3,1276.9,147.34,0,377,0,
30-04-2020,Automotive Parts,522.5,1234.7,146.57,0,478.3,0,
01-05-2020,Automotive Parts,449.9,1256.1,146.78,0,420.6,0,
02-05-2020,Automotive Parts,465.9,1245.8,141.26,0,446.7,0,
03-05-2020,Automotive Parts,447.7,1258.5,148.03,0,416.7,0,
04-05-2020,Automotive Parts,425.9,1265.3,145.23,0,435,0,
05-05-2020,Automotive Parts,435.6,801.5,143.79,0,431.7,0,
06-05-2020,Automotive Parts,453,797.4,148.76,0,421,0,
07-05-2020,Automotive Parts,489.2,795.3,146.87,0,63.6,1,supplier_delay
08-05-2020,Automotive Parts,501.3,794.8,149.66,0,491.8,0,
09-05-2020,Automotive Parts,506.3,793.1,147.01,0,471.4,0,
10-05-2020,Automotive Parts,424,1276.3,143.55,0,435.2,0,
11-05-2020,Automotive Parts,451.1,1263.6,147.58,0,420.2,0,
12-05-2020,Automotive Parts,416.8,1273.5,141.44,0,418.3,0,
13-05-2020,Automotive Parts,465.8,1256.4,149.38,0,447.2,0,
14-05-2020,Automotive Parts,483.7,1244,151.17,0,489.7,0,
15-05-2020,Automotive Parts,457.8,1252.5,146.26,0,441.1,0,
16-05-2020,Automotive Parts,423.8,1260.8,147.67,0,399.6,0,
17-05-2020,Automotive Parts,441.4,1262.9,151.04,0,460.9,0,
18-05-2020,Automotive Parts,380,1273.9,147.05,0,385.3,0,
19-05-2020,Automotive Parts,390,1268.8,142.08,0,399.4,0,
20-05-2020,Automotive Parts,433.4,1257.1,151.24,0,410.4,0,
21-05-2020,Automotive Parts,670.8,1242.6,145.6,1,638.7,0,
22-05-2020,Automotive Parts,509.6,1236.6,146.42,0,471.8,0,
23-05-2020,Automotive Parts,418.1,1275.5,151.82,0,404.3,0,
24-05-2020,Automotive Parts,1479.8,1293.9,154.34,0,367.7,1,demand_spike
25-05-2020,Automotive Parts,,1274.8,144.96,0,392.5,0,
26-05-2020,Automotive Parts,389.4,1276.6,150.02,0,392.7,0,
27-05-2020,Automotive Parts,476.5,1259.5,147.94,0,481.5,0,
28-05-2020,Automotive Parts,479.4,1263.8,152.33,0,446,0,
29-05-2020,Automotive Parts,444.5,1282.9,146.33,0,403.8,0,
30-05-2020,Automotive Parts,410.5,1300.2,148.12,0,376.9,0,
31-05-2020,Automotive Parts,425.5,1305,145.66,0,428.9,0,
01-06-2020,Automotive Parts,376.5,1319.9,152.49,0,364.6,0,
02-06-2020,Automotive Parts,376.7,1329.2,145.58,0,390.1,0,
03-06-2020,Automotive Parts,433.2,1314.4,145.6,0,413.7,0,
04-06-2020,Automotive Parts,424.6,1320.4,149.14,0,388.7,0,
05-06-2020,Automotive Parts,464,1315.8,144.73,0,485,0,
06-06-2020,Automotive Parts,448.2,1332.3,148.15,0,430.3,0,
07-06-2020,Automotive Parts,370.2,1364.2,146.12,0,380.3,0,
08-06-2020,Automotive Parts,395.4,1350.2,145.34,0,358.6,0,
09-06-2020,Automotive Parts,389.9,1352.1,146.7,0,371.9,0,
10-06-2020,Automotive Parts,364.6,1359.7,143.93,0,360.6,0,
11-06-2020,Automotive Parts,607.8,1329.1,143.57,1,594.8,0,
12-06-2020,Automotive Parts,431.8,1328.8,145.45,0,435.8,0,
13-06-2020,Automotive Parts,420,1329.7,153.44,0,433.7,0,
14-06-2020,Automotive Parts,413.6,1335.3,145.15,0,419.3,0,
15-06-2020,Automotive Parts,366.4,1353.6,152.38,0,346.8,0,
16-06-2020,Automotive Parts,424.8,1334.6,148.99,0,444.1,0,
17-06-2020,Automotive Parts,448.3,1349.2,146.4,1,465.3,0,
18-06-2020,Automotive Parts,440,1321.3,145.46,0,437.6,0,
19-06-2020,Automotive Parts,420.8,1335.1,147.42,0,410.9,0,
20-06-2020,Automotive Parts,404.2,1336.7,152.72,0,395.1,0,
21-06-2020,Automotive Parts,362.7,1357.1,143.14,0,366.5,0,
22-06-2020,Automotive Parts,385.5,1350,146.14,0,374.9,0,
23-06-2020,Automotive Parts,341,1368.6,149.77,0,357.3,0,
24-06-2020,Automotive Parts,443.5,1343.7,146.72,0,446.4,0,
25-06-2020,Automotive Parts,552.3,1339.4,147.49,1,516.8,0,
26-06-2020,Automotive Parts,417,1348.5,140.57,0,416.5,0,
27-06-2020,Automotive Parts,544.9,1355.8,147.7,1,530,0,
28-06-2020,Automotive Parts,404.9,1355.3,148.45,0,374.1,0,
29-06-2020,Automotive Parts,367.5,1360.2,146.78,0,359.3,0,
30-06-2020,Automotive Parts,402.3,1350.4,146.23,0,413.9,0,
01-07-2020,Automotive Parts,390.1,1356.8,150.77,0,352.5,0,
02-07-2020,Automotive Parts,620.6,1337.5,148.85,1,637.8,0,
03-07-2020,Automotive Parts,446.4,1331.6,148.25,0,447.7,0,
04-07-2020,Automotive Parts,426.2,1346.7,153.34,0,430,0,
05-07-2020,Automotive Parts,372.7,1365.5,146.16,0,385.4,0,
06-07-2020,Automotive Parts,,1372.4,147.14,0,384.4,0,
07-07-2020,Automotive Parts,350.6,1378.9,152.2,0,331.1,0,
08-07-2020,Automotive Parts,370.2,1373.4,145.94,0,384.2,0,
09-07-2020,Automotive Parts,421.1,1364.2,152.73,0,392.7,0,
10-07-2020,Automotive Parts,440.2,1358,146.84,0,405.8,0,
11-07-2020,Automotive Parts,403.4,1367.7,150.57,0,396.7,0,
12-07-2020,Automotive Parts,335.5,1393.2,149.4,0,348.7,0,
13-07-2020,Automotive Parts,343.3,1397.7,144.66,0,311.7,0,
14-07-2020,Automotive Parts,363.9,1389,148.3,0,356.4,0,
15-07-2020,Automotive Parts,425.2,1374.9,148.46,0,425.9,0,
16-07-2020,Automotive Parts,434.4,1365.6,148.64,0,439.6,0,
17-07-2020,Automotive Parts,446.4,1361.4,153.48,0,435.5,0,
18-07-2020,Automotive Parts,337.6,1396.6,148.98,0,333,0,
19-07-2020,Automotive Parts,604.4,1371.1,146.75,1,585.1,0,
20-07-2020,Automotive Parts,358.8,1390.3,143.96,0,361.9,0,
21-07-2020,Automotive Parts,322.4,1403.3,147.35,0,308.5,0,
22-07-2020,Automotive Parts,518.2,1398.6,145.58,1,488.1,0,
23-07-2020,Automotive Parts,390,1390.6,144.61,0,366.4,0,
24-07-2020,Automotive Parts,391.5,1389.5,146.81,0,390.8,0,
25-07-2020,Automotive Parts,401,1382.1,142.9,0,416.5,0,
26-07-2020,Automotive Parts,345,1396.1,141.14,0,324.7,0,
27-07-2020,Automotive Parts,349.6,1392.8,147.9,0,327.7,0,
28-07-2020,Automotive Parts,345,1404.8,154.2,0,347.5,0,
29-07-2020,Automotive Parts,402.7,1380.5,149.87,0,363,0,
30-07-2020,Automotive Parts,401.7,1376.5,144.55,0,411.8,0,
31-07-2020,Automotive Parts,367.7,1382.5,149.67,0,351.9,0,
01-08-2020,Automotive Parts,362.4,1391.9,155.06,0,375.2,0,
02-08-2020,Automotive Parts,374.2,1389.7,145.67,0,376.6,0,
03-08-2020,Automotive Parts,,1382.9,143.35,0,385.7,0,
04-08-2020,Automotive Parts,551.6,1389.6,148.89,1,510.6,0,
05-08-2020,Automotive Parts,428.1,1366.9,152.93,0,408.7,0,
06-08-2020,Automotive Parts,350.1,1388.3,148.07,0,329.8,0,
07-08-2020,Automotive Parts,412.3,1372.7,146.96,0,415.3,0,
08-08-2020,Automotive Parts,348.9,1389.5,145.7,0,315.2,0,
09-08-2020,Automotive Parts,374.2,1385,144.21,0,371.5,0,
10-08-2020,Automotive Parts,372.1,1388.8,145.13,0,383.3,0,
11-08-2020,Automotive Parts,307.5,1403.7,146.63,0,278.8,0,
12-08-2020,Automotive Parts,400.2,1373.3,152.78,0,377.6,0,
13-08-2020,Automotive Parts,594.3,1358.4,139.7,1,553.4,0,
14-08-2020,Automotive Parts,384.6,1388.8,154.19,0,403.7,0,
15-08-2020,Automotive Parts,432.9,1374,150.16,0,453.6,0,
16-08-2020,Automotive Parts,335.1,1404.9,146.19,0,307.9,0,
17-08-2020,Automotive Parts,342.7,1401.6,148.69,0,318.4,0,
18-08-2020,Automotive Parts,411.9,1377.7,144.77,0,372.1,0,
19-08-2020,Automotive Parts,359.6,1389.8,153.25,0,354.2,0,
20-08-2020,Automotive Parts,392.7,1381.1,142.97,0,393.9,0,
21-08-2020,Automotive Parts,406,1380,142.77,0,405.3,0,
22-08-2020,Automotive Parts,377.4,1378.4,149.14,0,354.4,0,
23-08-2020,Automotive Parts,405,1371.8,147.5,0,376.8,0,
24-08-2020,Automotive Parts,342.1,1393.1,147.36,0,310.8,0,
25-08-2020,Automotive Parts,588,1384.8,146.27,1,585,0,
26-08-2020,Automotive Parts,399.2,1388.2,145.01,0,374,0,
27-08-2020,Automotive Parts,371.4,1394.1,146.11,0,339.2,0,
28-08-2020,Automotive Parts,596.7,1370.7,150.64,1,568.7,0,
29-08-2020,Automotive Parts,386.1,1381.7,150.86,0,356.1,0,
30-08-2020,Automotive Parts,360.4,1391.6,149.78,0,351.7,0,
31-08-2020,Automotive Parts,388.7,1381.4,145.28,0,358.5,0,
01-09-2020,Automotive Parts,334,1400.3,143.67,0,350.2,0,
02-09-2020,Automotive Parts,373.6,1397.6,152.42,0,355,0,
03-09-2020,Automotive Parts,446.2,1380.6,142.31,0,433.4,0,
04-09-2020,Automotive Parts,406.7,1394.4,146.45,0,402.4,0,
05-09-2020,Automotive Parts,399.7,1396.4,147.6,0,410.7,0,
06-09-2020,Automotive Parts,352.9,1409.8,156.5,0,367.8,0,
07-09-2020,Automotive Parts,334.8,1419.3,147.14,0,319.7,0,
08-09-2020,Automotive Parts,332.8,1420,149.14,0,320.7,0,
09-09-2020,Automotive Parts,343.7,1419.4,148.7,0,317.1,0,
10-09-2020,Automotive Parts,389.5,1402.1,150.99,0,361.6,0,
11-09-2020,Automotive Parts,422.4,1392.4,149.86,0,425.9,0,
12-09-2020,Automotive Parts,577,1408.4,148.94,1,557,0,
13-09-2020,Automotive Parts,572,1414.3,148.2,1,587.1,0,
14-09-2020,Automotive Parts,1517.7,1403.5,149.34,1,462.3,1,demand_spike
15-09-2020,Automotive Parts,355,1411.4,146.16,0,334.6,0,
16-09-2020,Automotive Parts,650.2,1386.5,138.78,1,651.5,0,
17-09-2020,Automotive Parts,426.5,1382.4,145.11,0,414.1,0,
18-09-2020,Automotive Parts,369.3,1405.3,148.71,0,381.7,0,
19-09-2020,Automotive Parts,373.4,1398.6,145.17,0,356.9,0,
20-09-2020,Automotive Parts,306.1,1417.2,146.9,0,287.1,0,
21-09-2020,Automotive Parts,344.6,1395.7,146.39,0,332.9,0,
22-09-2020,Automotive Parts,393.8,1384.4,146.06,0,404.6,0,
23-09-2020,Automotive Parts,490.1,1385.7,149.11,1,501.7,0,
24-09-2020,Automotive Parts,396.1,1391.8,147.72,0,409.6,0,
25-09-2020,Automotive Parts,465.5,1369.7,147.12,0,478.3,0,
26-09-2020,Automotive Parts,381.8,1397.4,140.37,0,362.6,0,
27-09-2020,Automotive Parts,392.4,1397.9,142.13,0,388,0,
28-09-2020,Automotive Parts,336.3,1415.9,148.73,0,342.8,0,
29-09-2020,Automotive Parts,374.7,1402.3,144.1,0,384.4,0,
30-09-2020,Automotive Parts,457.2,1396.2,149.08,1,439,0,
01-10-2020,Automotive Parts,391,1388.6,145.5,0,382,0,
02-10-2020,Automotive Parts,387,1393.2,145.41,0,365.2,0,
03-10-2020,Automotive Parts,423.2,1378.7,142.23,0,425.1,0,
04-10-2020,Automotive Parts,402.9,1381.5,146.7,0,403.2,0,
05-10-2020,Automotive Parts,376.6,1385.3,141.27,0,372.3,0,
06-10-2020,Automotive Parts,370.6,1386.6,143.93,0,368.4,0,
07-10-2020,Automotive Parts,356.3,1392.6,145.67,0,368.7,0,
08-10-2020,Automotive Parts,430.2,1373.2,148.79,0,440.1,0,
09-10-2020,Automotive Parts,439,1366.3,147.78,0,403.3,0,
10-10-2020,Automotive Parts,469.5,1357.3,146.81,0,467.8,0,
11-10-2020,Automotive Parts,375.3,1373.6,149.3,0,346.9,0,
12-10-2020,Automotive Parts,358.8,1379.6,145.2,0,330.9,0,
13-10-2020,Automotive Parts,470.3,1369.6,147.86,1,455,0,
14-10-2020,Automotive Parts,404,1352.9,143.94,0,393,0,
15-10-2020,Automotive Parts,640.5,1338.7,146.56,1,586.5,0,
16-10-2020,Automotive Parts,412.6,1344.3,144.67,0,403,0,
17-10-2020,Automotive Parts,435.5,1334.3,147.48,0,403.5,0,
18-10-2020,Automotive Parts,390.6,1348,148.31,0,383.8,0,
19-10-2020,Automotive Parts,342.8,1363,148.82,0,351.3,0,
20-10-2020,Automotive Parts,369.5,1356.4,145.47,0,337.4,0,
21-10-2020,Automotive Parts,382.4,1352.1,148.8,0,367.1,0,
22-10-2020,Automotive Parts,598.7,1328.7,147.72,1,559.8,0,
23-10-2020,Automotive Parts,488,1318,145.83,0,481.3,0,
24-10-2020,Automotive Parts,413.5,1340.7,146.19,0,427.6,0,
25-10-2020,Automotive Parts,400.8,1337.4,149.19,0,372.6,0,
26-10-2020,Automotive Parts,499.9,1338.1,147.78,1,500.6,0,
27-10-2020,Automotive Parts,428.6,1329.7,145.78,0,391.7,0,
28-10-2020,Automotive Parts,421.9,1324.7,151.21,0,414.3,0,
29-10-2020,Automotive Parts,420.2,1330.8,141.61,0,420.8,0,
30-10-2020,Automotive Parts,,1309.9,144.86,0,525.8,0,
31-10-2020,Automotive Parts,468.2,1324.1,144.48,0,473.2,0,
01-11-2020,Automotive Parts,349.7,1355.7,143.7,0,336.6,0,
02-11-2020,Automotive Parts,400.9,1343.9,145.63,0,406.5,0,
03-11-2020,Automotive Parts,429.6,1333.2,151.75,0,417.2,0,
04-11-2020,Automotive Parts,432.1,1329.9,143.91,0,409.8,0,
05-11-2020,Automotive Parts,470,1321.3,148.12,0,445.7,0,
06-11-2020,Automotive Parts,467.4,1318.9,147.74,0,433,0,
07-11-2020,Automotive Parts,438.4,1326.1,150.82,0,442,0,
08-11-2020,Automotive Parts,387.9,1339.4,148.71,0,358.3,0,
09-11-2020,Automotive Parts,392,1338.1,149.55,0,390.2,0,
10-11-2020,Automotive Parts,349.9,1343.2,152.43,0,349.8,0,
11-11-2020,Automotive Parts,486.5,1300.1,145,0,458.8,0,
12-11-2020,Automotive Parts,469.9,1300.5,146.81,0,457.4,0,
13-11-2020,Automotive Parts,443.9,1303.4,145.11,0,444.1,0,
14-11-2020,Automotive Parts,460.4,1305.9,141.33,0,414.4,0,
15-11-2020,Automotive Parts,462.8,1316.2,142.44,0,435.6,0,
16-11-2020,Automotive Parts,429.8,1321.1,147,0,411.3,0,
17-11-2020,Automotive Parts,393,1334.4,144.06,0,408.5,0,
18-11-2020,Automotive Parts,439.9,1317.5,144.87,0,426.5,0,
19-11-2020,Automotive Parts,501.1,1302.2,150.4,0,489.1,0,
20-11-2020,Automotive Parts,467.9,1302.8,148.08,0,467.7,0,
21-11-2020,Automotive Parts,478.6,1296.3,150.77,0,463.1,0,
22-11-2020,Automotive Parts,424.7,1311.8,148.65,0,409.8,0,
23-11-2020,Automotive Parts,419.1,1303.8,147.97,0,438.4,0,
24-11-2020,Automotive Parts,459.1,1293.2,150.67,0,469.1,0,
25-11-2020,Automotive Parts,704,1030.7,146.92,1,707.7,0,
26-11-2020,Automotive Parts,444.4,1033.3,148.21,0,432,0,
27-11-2020,Automotive Parts,554.9,1003.8,145.67,0,115.5,1,supplier_delay
28-11-2020,Automotive Parts,470,1021.9,147.12,0,464.7,0,
29-11-2020,Automotive Parts,457.1,1024.8,145.83,0,442,0,
30-11-2020,Automotive Parts,485.2,1273,147.96,0,470.7,0,
01-12-2020,Automotive Parts,453,1284.1,143.19,0,422.7,0,
02-12-2020,Automotive Parts,465.7,1289.4,146.17,0,474.4,0,
03-12-2020,Automotive Parts,497.9,1285.4,149.21,0,507.2,0,
04-12-2020,Automotive Parts,555.5,1260.9,143.49,0,525,0,
05-12-2020,Automotive Parts,510.5,1270.4,148.57,0,481.6,0,
06-12-2020,Automotive Parts,445.1,1288.5,150.01,0,419.2,0,
07-12-2020,Automotive Parts,463.3,1276.1,151.32,0,428.3,0,
08-12-2020,Automotive Parts,432.8,1285.9,143.37,0,445.2,0,
09-12-2020,Automotive Parts,483.9,1277.7,145.55,0,454.8,0,
10-12-2020,Automotive Parts,524.1,1263.9,149.24,0,526.6,0,
11-12-2020,Automotive Parts,495.5,1273.8,145.38,0,453.4,0,
12-12-2020,Automotive Parts,484,1272.4,145.01,0,489,0,
13-12-2020,Automotive Parts,,1282.3,146.98,0,417.2,0,
14-12-2020,Automotive Parts,416.7,1291.9,145.92,0,385,0,
15-12-2020,Automotive Parts,458,1278.2,148.4,0,469.3,0,
16-12-2020,Automotive Parts,483.6,1267.4,144.81,0,456.3,0,
17-12-2020,Automotive Parts,521.9,1261,146.09,0,483.2,0,
18-12-2020,Automotive Parts,532.7,1260.5,147.11,0,522.4,0,
19-12-2020,Automotive Parts,491,1276.3,146.24,0,447.4,0,
20-12-2020,Automotive Parts,496.2,1273.5,144.46,0,499.5,0,
21-12-2020,Automotive Parts,459.7,1284.1,143.07,0,471.7,0,
22-12-2020,Automotive Parts,426.5,1290.4,148.38,0,399.7,0,
23-12-2020,Automotive Parts,502.3,1264.8,145.71,0,504.7,0,
24-12-2020,Automotive Parts,683.5,1261.7,147.3,1,620.7,0,
25-12-2020,Automotive Parts,460.6,1271.8,143.27,0,447.5,0,
26-12-2020,Automotive Parts,559.3,1240.3,149.54,0,583.2,0,
27-12-2020,Automotive Parts,433.2,1286.4,146.92,0,424.9,0,
28-12-2020,Automotive Parts,,1287.1,145.68,0,423,0,
29-12-2020,Automotive Parts,663.5,1280.6,151.88,1,597.7,0,
30-12-2020,Automotive Parts,504.8,1263.8,145.08,0,473.7,0,
31-12-2020,Automotive Parts,,1249.8,148.28,0,515.7,0,
01-01-2021,Automotive Parts,528.7,1244.4,147.86,0,505.8,0,
02-01-2021,Automotive Parts,477.1,1266.6,145.29,0,460.8,0,
03-01-2021,Automotive Parts,501,1260.6,146.82,0,452.7,0,
04-01-2021,Automotive Parts,443.7,1275.5,147.49,0,434.7,0,
05-01-2021,Automotive Parts,493.3,1261,148.47,0,462.6,0,
06-01-2021,Automotive Parts,523.2,1254.9,146.84,0,502.3,0,
07-01-2021,Automotive Parts,538.1,1244,147.47,0,555.8,0,
08-01-2021,Automotive Parts,516.8,1252,147.93,0,529.3,0,
09-01-2021,Automotive Parts,514,1252.3,140.4,0,493.2,0,
10-01-2021,Automotive Parts,543.4,1242,145.73,0,493.4,0,
11-01-2021,Automotive Parts,473.7,1263.7,147.42,0,489.5,0,
12-01-2021,Automotive Parts,444.7,1277.5,139.85,0,426.8,0,
13-01-2021,Automotive Parts,531.7,1262.6,147.44,0,516.8,0,
14-01-2021,Automotive Parts,524.3,1268.4,152.91,0,478.6,0,
15-01-2021,Automotive Parts,581.1,1241.9,149.3,0,583.3,0,
16-01-2021,Automotive Parts,470.5,1276.8,144.75,0,473.7,0,
17-01-2021,Automotive Parts,509.1,1264.9,153.64,0,489.4,0,
18-01-2021,Automotive Parts,534.6,1262.4,142.89,0,552.4,0,
19-01-2021,Automotive Parts,510.6,1271.2,145.47,0,463.3,0,
20-01-2021,Automotive Parts,537,1264.2,150.98,0,508.1,0,
21-01-2021,Automotive Parts,526.9,1267.2,147.15,0,490.5,0,
22-01-2021,Automotive Parts,,1265.9,149.38,1,700.9,0,
23-01-2021,Automotive Parts,,1267.6,150.1,0,487.7,0,
24-01-2021,Automotive Parts,520.8,1281,149.5,0,523.6,0,
25-01-2021,Automotive Parts,481.2,1290.9,143.16,0,490.6,0,
26-01-2021,Automotive Parts,453.5,1295.4,144.89,0,461.5,0,
27-01-2021,Automotive Parts,541.3,1269,146.44,0,489.4,0,
28-01-2021,Automotive Parts,553.4,1256.7,148.6,0,575.3,0,
29-01-2021,Automotive Parts,569.5,1244.2,147.07,0,573.6,0,
30-01-2021,Automotive Parts,530.8,1249.3,144.17,0,542.5,0,
31-01-2021,Automotive Parts,511.8,1250.5,145.47,0,510.2,0,
01-02-2021,Automotive Parts,505.9,1267.9,149.52,0,495.5,0,
02-02-2021,Automotive Parts,487.1,1268.5,140.44,0,485.5,0,
03-02-2021,Automotive Parts,502.9,1263.3,146.8,0,479.7,0,
04-02-2021,Automotive Parts,519.2,1254.9,149.86,0,502.9,0,
05-02-2021,Automotive Parts,560.9,1242.7,150.44,0,564.8,0,
06-02-2021,Automotive Parts,548.3,1254.1,141.64,0,548.4,0,
07-02-2021,Automotive Parts,653.7,1265.3,144.83,1,646.5,0,
08-02-2021,Automotive Parts,512.8,1268.8,152.15,0,465.3,0,
09-02-2021,Automotive Parts,500.4,1270.5,142.65,0,472,0,
10-02-2021,Automotive Parts,534.2,1263.5,148.39,0,529.1,0,
11-02-2021,Automotive Parts,602,1246.6,149.88,0,583.7,0,
12-02-2021,Automotive Parts,1748.5,1252.5,149.18,0,552.4,1,demand_spike
13-02-2021,Automotive Parts,551.9,1264.5,148.64,0,556,0,
14-02-2021,Automotive Parts,488.8,1277.6,147.09,0,468.3,0,
15-02-2021,Automotive Parts,482.7,1274.1,147.65,0,500.2,0,
16-02-2021,Automotive Parts,461.6,1277.9,144.28,0,452.3,0,
17-02-2021,Automotive Parts,537.6,1249.8,147.4,0,522.9,0,
18-02-2021,Automotive Parts,538.6,1252.6,150.39,0,512,0,
19-02-2021,Automotive Parts,538.1,1242.6,142.44,0,495.1,0,
20-02-2021,Automotive Parts,554.8,1236.9,146.08,0,500.1,0,
21-02-2021,Automotive Parts,738.8,1239,144.77,1,739.9,0,
22-02-2021,Automotive Parts,478.2,1260.1,150.29,0,435.1,0,
23-02-2021,Automotive Parts,493.7,1254.2,145.55,0,468.4,0,
24-02-2021,Automotive Parts,522.4,1248.1,153.98,0,538.8,0,
25-02-2021,Automotive Parts,594.9,1223.6,151.86,0,578.1,0,
26-02-2021,Automotive Parts,534.7,1237.1,144.24,0,552.1,0,
27-02-2021,Automotive Parts,648.5,1250.2,143.77,1,589.7,0,
28-02-2021,Automotive Parts,525.1,1235.6,150.98,0,539,0,
01-03-2021,Automotive Parts,427.2,1261.9,146.5,0,444.2,0,
02-03-2021,Automotive Parts,475,1243.9,143.74,0,492.6,0,
03-03-2021,Automotive Parts,580.3,1202.1,143.65,0,551.6,0,
04-03-2021,Automotive Parts,2477.2,1215.2,150.59,0,507.6,1,demand_spike
05-03-2021,Automotive Parts,573.1,1211,147.81,0,594.4,0,
06-03-2021,Automotive Parts,567.2,1210.1,143.89,0,523.9,0,
07-03-2021,Automotive Parts,,1244.5,147.13,0,465.8,0,
08-03-2021,Automotive Parts,500.3,1230.2,146.92,0,480.8,0,
09-03-2021,Automotive Parts,453.3,1241,149.61,0,473.1,0,
10-03-2021,Automotive Parts,507.4,1226.4,144.54,0,488.3,0,
11-03-2021,Automotive Parts,553,1211,144.94,0,528.4,0,
12-03-2021,Automotive Parts,536.9,1215.8,145.6,0,530.5,0,
13-03-2021,Automotive Parts,538.6,1211.7,148.32,0,527.3,0,
14-03-2021,Automotive Parts,532.2,1206.9,143.36,0,515,0,
15-03-2021,Automotive Parts,469,1221.6,149.46,0,457.4,0,
16-03-2021,Automotive Parts,510.7,1211.4,145.98,0,467.2,0,
17-03-2021,Automotive Parts,498.2,1216.8,150.22,0,518.3,0,
18-03-2021,Automotive Parts,582,1186.8,143.8,0,545.6,0,
19-03-2021,Automotive Parts,817.1,1178.2,146.47,1,805.3,0,
20-03-2021,Automotive Parts,556.1,1184.2,145.55,0,503.4,0,
21-03-2021,Automotive Parts,529.2,1188.9,153.76,0,499.8,0,
22-03-2021,Automotive Parts,541.5,1184.6,147.32,0,543.3,0,
23-03-2021,Automotive Parts,499.5,1199.8,143.92,0,483.8,0,
24-03-2021,Automotive Parts,497.1,1209.2,141.64,0,501.8,0,
25-03-2021,Automotive Parts,2318.8,1186.5,148.16,0,520.5,1,demand_spike
26-03-2021,Automotive Parts,558.9,1185.9,144.94,0,585.8,0,
27-03-2021,Automotive Parts,539.8,1190,143.99,0,521.9,0,
28-03-2021,Automotive Parts,510.7,1203.1,149.03,0,500.9,0,
29-03-2021,Automotive Parts,438.7,1226.1,146.65,0,411.8,0,
30-03-2021,Automotive Parts,464.7,1218.3,147.64,0,441.8,0,
31-03-2021,Automotive Parts,479.1,1216.1,147.3,0,478.2,0,
01-04-2021,Automotive Parts,602.6,1170.8,146.43,0,573.2,0,
02-04-2021,Automotive Parts,599.7,1172.4,150.69,0,604.4,0,
03-04-2021,Automotive Parts,591.6,1181.1,141.47,0,557.8,0,
04-04-2021,Automotive Parts,542.6,1196.2,142.09,0,550.6,0,
05-04-2021,Automotive Parts,607,1217.1,145.38,1,607.7,0,
06-04-2021,Automotive Parts,588.1,1223.4,148.06,1,548,0,
07-04-2021,Automotive Parts,512.3,1213.5,148.92,0,464.9,0,
08-04-2021,Automotive Parts,585.7,1201.2,142.67,0,608.9,0,
09-04-2021,Automotive Parts,551,1209.7,150.57,0,515.3,0,
10-04-2021,Automotive Parts,525.1,1216.8,153.42,0,518,0,
11-04-2021,Automotive Parts,495,1221.9,148.12,0,467.6,0,
12-04-2021,Automotive Parts,472.9,1233.1,145.6,0,472.3,0,
13-04-2021,Automotive Parts,475.8,1234.7,150.03,0,478.2,0,
14-04-2021,Automotive Parts,494.4,1218.5,150.52,0,450.4,0,
15-04-2021,Automotive Parts,565.8,1198.5,146.13,0,513.5,0,
16-04-2021,Automotive Parts,511.7,1212.3,145.82,0,536.5,0,
17-04-2021,Automotive Parts,520.5,1209.9,146.99,0,528.4,0,
18-04-2021,Automotive Parts,473.4,1217.2,149.7,0,444.6,0,
19-04-2021,Automotive Parts,434.7,1225.8,150.09,0,423.3,0,
20-04-2021,Automotive Parts,454.7,1215.5,146.44,0,474.5,0,
21-04-2021,Automotive Parts,473.2,1209.4,149.64,0,464.5,0,
22-04-2021,Automotive Parts,491.9,1201.9,145.5,0,473.7,0,
23-04-2021,Automotive Parts,537.5,1189.1,153.17,0,486.8,0,
24-04-2021,Automotive Parts,546.5,1181,144.18,0,539.8,0,
25-04-2021,Automotive Parts,451.9,1204.3,149.14,0,466.4,0,
26-04-2021,Automotive Parts,443.5,1207,146.44,0,435.3,0,
27-04-2021,Automotive Parts,455.4,1198.2,146.5,0,463.3,0,
28-04-2021,Automotive Parts,495.3,615.9,146.26,0,511.6,0,
29-04-2021,Automotive Parts,523.1,611.8,145.18,0,502.8,0,
30-04-2021,Automotive Parts,538.1,613.4,144.72,0,97.3,1,supplier_delay
01-05-2021,Automotive Parts,470.6,621.3,144.13,0,488.6,0,
02-05-2021,Automotive Parts,426.9,431.4,146.75,0,406,0,
03-05-2021,Automotive Parts,424.8,827.3,147.32,0,424.5,0,
04-05-2021,Automotive Parts,436.6,824.2,145.55,0,74.3,1,supplier_delay
05-05-2021,Automotive Parts,469,822.9,140.81,0,456.2,0,
06-05-2021,Automotive Parts,479.7,822.1,147.18,0,477.9,0,
07-05-2021,Automotive Parts,512.9,1178.8,146.62,0,515.7,0,
08-05-2021,Automotive Parts,501.9,1183.7,149.92,0,521.4,0,
09-05-2021,Automotive Parts,482.4,1187.5,146.73,0,492.1,0,
10-05-2021,Automotive Parts,419.3,1200.4,148.06,0,399.9,0,
11-05-2021,Automotive Parts,448.1,1198.1,150.6,0,432.3,0,
12-05-2021,Automotive Parts,708.2,1180.7,152.94,1,733.4,0,
13-05-2021,Automotive Parts,455.1,1199.1,147.03,0,428.1,0,
14-05-2021,Automotive Parts,488.6,1187.6,143.41,0,463.6,0,
15-05-2021,Automotive Parts,450.2,1203.5,151.29,0,451.7,0,
16-05-2021,Automotive Parts,460.1,1205.4,137.08,0,421.7,0,
17-05-2021,Automotive Parts,479.3,1196.9,144.04,0,488,0,
18-05-2021,Automotive Parts,420,1213.9,144.74,0,437.8,0,
19-05-2021,Automotive Parts,498.7,1191.9,149.3,0,496.9,0,
20-05-2021,Automotive Parts,517.2,1190.6,146.63,0,471.1,0,
21-05-2021,Automotive Parts,498.5,1189.9,143.77,0,466.5,0,
22-05-2021,Automotive Parts,465.9,1209,154.45,0,426.1,0,
23-05-2021,Automotive Parts,430.5,1216.7,145.99,0,407.4,0,
24-05-2021,Automotive Parts,467.6,1202,143.75,0,486.8,0,
25-05-2021,Automotive Parts,410,1226.3,143.5,0,391.1,0,
26-05-2021,Automotive Parts,467.4,1205.9,143.51,0,433.6,0,
27-05-2021,Automotive Parts,,1210.6,147.22,0,461.8,0,
28-05-2021,Automotive Parts,446.4,1210.6,145.61,0,462,0,
29-05-2021,Automotive Parts,446.1,1213.5,145.58,0,403.8,0,
30-05-2021,Automotive Parts,475.3,1201.4,147.47,0,475.4,0,
31-05-2021,Automotive Parts,448,1208.9,146.43,0,422.6,0,
01-06-2021,Automotive Parts,408.1,1225.5,147.96,0,390.1,0,
02-06-2021,Automotive Parts,518.4,1185.7,146.22,0,485,0,
03-06-2021,Automotive Parts,511.1,1191.9,146.13,0,529.4,0,
04-06-2021,Automotive Parts,461.9,1206,144.77,0,477.1,0,
05-06-2021,Automotive Parts,452.6,1212.5,146.66,0,448.4,0,
06-06-2021,Automotive Parts,420.5,1213.6,148.66,0,379.5,0,
07-06-2021,Automotive Parts,389.3,1222.8,149.92,0,405.7,0,
08-06-2021,Automotive Parts,427.3,1208.4,147.32,0,414.6,0,
09-06-2021,Automotive Parts,447.6,1199,137.1,0,435.7,0,
10-06-2021,Automotive Parts,479.8,1183.7,151.78,0,487.4,0,
11-06-2021,Automotive Parts,486.2,1181.4,145.06,0,482.3,0,
12-06-2021,Automotive Parts,459.9,1181.6,147.31,0,422.3,0,
13-06-2021,Automotive Parts,395.9,1193.5,148.87,0,362.5,0,
14-06-2021,Automotive Parts,394.8,1184.3,149.87,0,370.2,0,
15-06-2021,Automotive Parts,404.1,1173.3,154.96,0,368,0,
16-06-2021,Automotive Parts,426.3,1162.6,147.81,0,437,0,
17-06-2021,Automotive Parts,476.7,1140.5,149.23,0,431.9,0,
18-06-2021,Automotive Parts,463.8,1139.8,147.77,0,483.2,0,
19-06-2021,Automotive Parts,482.3,1128.8,150.05,0,442.1,0,
20-06-2021,Automotive Parts,407.5,1147.5,150.11,0,419.1,0,
21-06-2021,Automotive Parts,431.3,1138.9,150.93,0,403.5,0,
22-06-2021,Automotive Parts,392.5,1147.6,143.88,0,392.2,0,
23-06-2021,Automotive Parts,430.8,1138.5,146.57,0,409.9,0,
24-06-2021,Automotive Parts,458.5,1125.1,150.11,0,417.3,0,
25-06-2021,Automotive Parts,419.4,1140.7,146.47,0,423.4,0,
26-06-2021,Automotive Parts,398.6,1136.8,148.48,0,407.1,0,
27-06-2021,Automotive Parts,410.7,1133.8,147.58,0,388,0,
28-06-2021,Automotive Parts,353.6,1143.7,146.43,0,359.9,0,
29-06-2021,Automotive Parts,1452.3,1121.1,141.86,1,532.3,1,demand_spike
30-06-2021,Automotive Parts,457.6,1105.7,145.36,0,462,0,
01-07-2021,Automotive Parts,422,1115.5,148.25,0,420.7,0,
02-07-2021,Automotive Parts,442,1116.8,147.82,0,459.5,0,
03-07-2021,Automotive Parts,368.3,1134.8,145.96,0,349.6,0,
04-07-2021,Automotive Parts,491.6,1137.5,146.39,1,450.6,0,
05-07-2021,Automotive Parts,392.8,1116.7,153.23,0,399.9,0,
06-07-2021,Automotive Parts,384.6,1118.2,147.63,0,393,0,
07-07-2021,Automotive Parts,389.9,1121.4,145.3,0,352.5,0,
08-07-2021,Automotive Parts,367.4,1121.4,143.48,0,337.6,0,
09-07-2021,Automotive Parts,432.5,1096.5,150.16,0,443.2,0,
10-07-2021,Automotive Parts,427.5,1097.1,147.13,0,423.2,0,
11-07-2021,Automotive Parts,426,1102.2,144.48,0,412.3,0,
12-07-2021,Automotive Parts,363.8,1119,141.56,0,372.5,0,
13-07-2021,Automotive Parts,448.2,1097.2,146.73,0,419.9,0,
14-07-2021,Automotive Parts,393.9,1113.5,153.06,0,373.7,0,
15-07-2021,Automotive Parts,402.3,1113.1,150.6,0,408.7,0,
16-07-2021,Automotive Parts,482,1087.8,145.61,0,476.6,0,
17-07-2021,Automotive Parts,455.8,1089.7,148.56,0,424.5,0,
18-07-2021,Automotive Parts,423.1,1103.1,142.87,0,437.5,0,
19-07-2021,Automotive Parts,414.1,1107.4,146.49,0,434.5,0,
20-07-2021,Automotive Parts,390.4,1115.4,147.17,0,359.8,0,
21-07-2021,Automotive Parts,383.4,1112.2,143.07,0,362.1,0,
22-07-2021,Automotive Parts,379,1103.5,144.43,0,383.7,0,
23-07-2021,Automotive Parts,431.4,1089.7,145.04,0,396.3,0,
24-07-2021,Automotive Parts,389.8,1093.8,148.3,0,378,0,
25-07-2021,Automotive Parts,379.4,1093.1,147.86,0,353.9,0,
26-07-2021,Automotive Parts,307.9,1116.1,144.4,0,307.8,0,
27-07-2021,Automotive Parts,326.1,1101.2,148.9,0,311.1,0,
28-07-2021,Automotive Parts,408.5,1076.4,147.14,0,419.7,0,
29-07-2021,Automotive Parts,433.7,1065.3,152.2,0,420.1,0,
30-07-2021,Automotive Parts,419.3,1067.6,143.4,0,411.1,0,
31-07-2021,Automotive Parts,371,1072.1,151.86,0,383.3,0,
01-08-2021,Automotive Parts,384.7,1066.3,145.68,0,390.5,0,
02-08-2021,Automotive Parts,348.3,1082,151.76,0,355.8,0,
03-08-2021,Automotive Parts,353.2,1078.9,148.99,0,318.5,0,
04-08-2021,Automotive Parts,425.3,1066.5,143.13,0,424.7,0,
05-08-2021,Automotive Parts,642.7,1049.8,147.52,1,623.4,0,
06-08-2021,Automotive Parts,441.6,1065.3,151.37,0,456,0,
07-08-2021,Automotive Parts,419.3,1075.8,144.94,0,379.8,0,
08-08-2021,Automotive Parts,413.8,1085.4,150.59,0,424.8,0,
09-08-2021,Automotive Parts,356.2,1111.2,150.58,0,327.8,0,
10-08-2021,Automotive Parts,350,1115.4,151.69,0,346.1,0,
11-08-2021,Automotive Parts,394.1,583.3,148.7,0,397.6,0,
12-08-2021,Automotive Parts,442.9,575.9,144.91,0,411.7,0,
13-08-2021,Automotive Parts,656.8,571.9,149.24,1,111.7,1,supplier_delay
14-08-2021,Automotive Parts,350.7,588,150.66,0,351.5,0,
15-08-2021,Automotive Parts,405.5,584.7,149.55,0,375.1,0,
16-08-2021,Automotive Parts,1429.8,1110.3,140.71,0,360.7,1,demand_spike
17-08-2021,Automotive Parts,374.2,1105.8,147.77,0,351.5,0,
18-08-2021,Automotive Parts,415.2,1098.1,149.22,0,375.6,0,
19-08-2021,Automotive Parts,415.7,1102.1,151.56,0,378.3,0,
20-08-2021,Automotive Parts,434.8,1097.7,142.52,0,399.9,0,
21-08-2021,Automotive Parts,430.3,1101.4,143.84,0,422.4,0,
22-08-2021,Automotive Parts,392.7,1108.4,146.95,0,365.9,0,
23-08-2021,Automotive Parts,335,1127,154.59,0,344.2,0,
24-08-2021,Automotive Parts,358.8,1122.9,149.39,0,324.4,0,
25-08-2021,Automotive Parts,379,1115.5,144.99,0,378.6,0,
26-08-2021,Automotive Parts,,1101.6,147.01,0,380.9,1,demand_spike
27-08-2021,Automotive Parts,461.9,1088.1,149.19,0,477.4,0,
28-08-2021,Automotive Parts,436.4,1096.5,148.11,0,395.4,0,
29-08-2021,Automotive Parts,400.6,1107.4,147.82,0,369.2,0,
30-08-2021,Automotive Parts,326.2,1131,145.8,0,307.2,0,
31-08-2021,Automotive Parts,355.6,1122,145.96,0,325.4,0,
01-09-2021,Automotive Parts,328.6,1132,148.19,0,340.7,0,
02-09-2021,Automotive Parts,424.6,1106.5,148.97,0,390.6,0,
03-09-2021,Automotive Parts,423.1,1106,141.82,0,386.1,0,
04-09-2021,Automotive Parts,403.3,1111.3,146.6,0,366.6,0,
05-09-2021,Automotive Parts,411.6,1107.1,150.97,0,420.2,0,
06-09-2021,Automotive Parts,345.3,1122.8,153.54,0,344.4,0,
07-09-2021,Automotive Parts,547,1111.4,149.62,1,554.4,0,
08-09-2021,Automotive Parts,435.8,1083.4,148.82,0,438.3,0,
09-09-2021,Automotive Parts,429.9,1086.7,150.52,0,449.4,0,
10-09-2021,Automotive Parts,461.1,1086.5,148.14,0,468.2,0,
11-09-2021,Automotive Parts,432.7,1092,143.68,0,414.2,0,
12-09-2021,Automotive Parts,368,1117.6,146.17,0,347.2,0,
13-09-2021,Automotive Parts,374.9,1115.9,142.92,0,353.8,0,
14-09-2021,Automotive Parts,418.2,1097.2,149.72,0,396,0,
15-09-2021,Automotive Parts,397.9,1097.6,141.22,0,369.3,0,
16-09-2021,Automotive Parts,423.2,1091.6,148.07,0,405.8,0,
17-09-2021,Automotive Parts,440,1083.4,148.39,0,403.3,0,
18-09-2021,Automotive Parts,509.7,1071.4,147.03,0,481.5,0,
19-09-2021,Automotive Parts,374.2,1110.7,139.02,0,346.6,0,
20-09-2021,Automotive Parts,362.8,1107.1,142.94,0,376.5,0,
21-09-2021,Automotive Parts,374,1102,147.49,0,362.5,0,
22-09-2021,Automotive Parts,393.3,1087.4,149.44,0,402.5,0,
23-09-2021,Automotive Parts,434,1064.1,147.09,0,428.9,0,
24-09-2021,Automotive Parts,404.1,1072.5,151.06,0,400,0,
25-09-2021,Automotive Parts,547.5,1071.6,148.7,1,493,0,
26-09-2021,Automotive Parts,372.4,1083.6,147.14,0,335.9,0,
27-09-2021,Automotive Parts,345.7,1090.1,146.96,0,325.6,0,
28-09-2021,Automotive Parts,402.9,1083.3,145.08,0,366.2,0,
29-09-2021,Automotive Parts,435.4,1074.3,154.23,0,410,0,
30-09-2021,Automotive Parts,457,1073.9,149.52,0,453.7,0,
01-10-2021,Automotive Parts,441,1079.9,148.29,0,443.8,0,
02-10-2021,Automotive Parts,411.1,1092.1,146.76,0,407.8,0,
03-10-2021,Automotive Parts,406.8,1097.1,147.69,0,399.9,0,
04-10-2021,Automotive Parts,370,1112.3,141.45,0,337.5,0,
05-10-2021,Automotive Parts,355.2,1115,147.24,0,326.6,0,
06-10-2021,Automotive Parts,461.3,1089.1,146.99,0,418,0,
07-10-2021,Automotive Parts,395.5,1102,139.17,0,404.1,0,
08-10-2021,Automotive Parts,490.1,1083,151.03,0,464.9,0,
09-10-2021,Automotive Parts,411,1101.9,147.96,0,394.7,0,
10-10-2021,Automotive Parts,393.9,1103.6,147.64,0,391.4,0,
11-10-2021,Automotive Parts,,1096.8,145.07,0,410.6,0,
12-10-2021,Automotive Parts,433.3,1083.8,151.28,0,430,0,
13-10-2021,Automotive Parts,415.7,1090.9,148.24,0,381.4,0,
14-10-2021,Automotive Parts,667.3,1087.7,143.96,1,690.9,0,
15-10-2021,Automotive Parts,517.6,1064.9,143.11,0,483.7,0,
16-10-2021,Automotive Parts,467,1089.7,144.05,0,475.6,0,
17-10-2021,Automotive Parts,445.2,1095.3,145.75,0,450.6,0,
18-10-2021,Automotive Parts,449.4,1095.5,145.34,0,432.4,0,
19-10-2021,Automotive Parts,415.6,1113.8,145.4,0,406.6,0,
20-10-2021,Automotive Parts,447.2,1110.3,148.31,0,417.8,0,
21-10-2021,Automotive Parts,467.9,1101.7,145.52,0,470.4,0,
22-10-2021,Automotive Parts,504.6,1085.7,150.74,0,528.3,0,
23-10-2021,Automotive Parts,441.5,753.2,152.88,0,425.6,0,
24-10-2021,Automotive Parts,404,759.5,143.73,0,424,0,
25-10-2021,Automotive Parts,426.4,757.4,150.94,0,75.8,1,supplier_delay
26-10-2021,Automotive Parts,647.9,755,144.37,1,594.8,0,
27-10-2021,Automotive Parts,440.7,749.2,149.87,0,462.6,0,
28-10-2021,Automotive Parts,448.2,1091.8,148.36,0,428.7,0,
29-10-2021,Automotive Parts,553.8,1096.3,150.56,1,569.8,0,
30-10-2021,Automotive Parts,418.3,1105.3,143.76,0,378.4,0,
31-10-2021,Automotive Parts,454.5,1107.7,149.17,0,451.8,0,
01-11-2021,Automotive Parts,379.8,1131.3,143.97,0,342,0,
02-11-2021,Automotive Parts,446,1117.9,146.25,0,435.1,0,
03-11-2021,Automotive Parts,2075,1092.1,144.66,0,522.7,1,demand_spike
04-11-2021,Automotive Parts,510,1082.3,143.8,0,506.5,0,
05-11-2021,Automotive Parts,497.4,1091.6,147.37,0,494.4,0,
06-11-2021,Automotive Parts,477.7,1099.3,149.41,0,453.3,0,
07-11-2021,Automotive Parts,409.8,1118.4,147.44,0,407.7,0,
08-11-2021,Automotive Parts,445.1,1104.6,147.15,0,457.7,0,
09-11-2021,Automotive Parts,492.4,1092.4,146.43,0,479.9,0,
10-11-2021,Automotive Parts,423,1103,149.88,0,415,0,
11-11-2021,Automotive Parts,496.6,1074.8,144.73,0,509.4,0,
12-11-2021,Automotive Parts,715.6,1073,149.71,1,657.2,0,
13-11-2021,Automotive Parts,494.8,1074.4,147.03,0,489.9,0,
14-11-2021,Automotive Parts,,1091.3,156.5,0,433.2,0,
15-11-2021,Automotive Parts,475.9,1085.7,147.44,0,458.1,0,
16-11-2021,Automotive Parts,445.4,1094.2,146.76,0,428.1,0,
17-11-2021,Automotive Parts,491.6,1084,141.73,0,489.2,0,
18-11-2021,Automotive Parts,525.2,1067.5,150.86,0,543.4,0,
19-11-2021,Automotive Parts,509.2,1069.9,144.36,0,507.9,0,
20-11-2021,Automotive Parts,474.5,1075.4,147.14,0,445.9,0,
21-11-2021,Automotive Parts,455.1,1083.6,146.23,0,419,0,
22-11-2021,Automotive Parts,461.8,1079,148.77,0,483.4,0,
23-11-2021,Automotive Parts,483.7,1075.3,146.27,0,457.4,0,
24-11-2021,Automotive Parts,472.3,1080.7,143.45,0,458.1,0,
25-11-2021,Automotive Parts,533.6,1061.6,144.24,0,481.7,0,
26-11-2021,Automotive Parts,495,1069.3,143.85,0,505.7,0,
27-11-2021,Automotive Parts,451.9,1083.6,147.65,0,460.4,0,
28-11-2021,Automotive Parts,468.1,1078.1,150.88,0,470.1,0,
29-11-2021,Automotive Parts,413.9,1098.5,146.19,0,394.6,0,
30-11-2021,Automotive Parts,482.4,1069.1,148.85,0,461.2,0,
01-12-2021,Automotive Parts,506.1,1062.3,149.74,0,493.1,0,
02-12-2021,Automotive Parts,900.1,1042.8,148,1,864.4,0,
03-12-2021,Automotive Parts,542,1046.2,144.63,0,501.5,0,
04-12-2021,Automotive Parts,546.4,1052.2,150.86,0,510.7,0,
05-12-2021,Automotive Parts,538.4,1051.9,144.76,0,511.3,0,
06-12-2021,Automotive Parts,438,1071,148.04,0,395.5,0,
07-12-2021,Automotive Parts,443.9,1071.9,147.1,0,422.2,0,
08-12-2021,Automotive Parts,501.2,1060,148.5,0,512.8,0,
09-12-2021,Automotive Parts,505.3,1061.1,148.22,0,490.3,0,
10-12-2021,Automotive Parts,528.3,1044.3,149.47,0,490.2,0,
11-12-2021,Automotive Parts,468.2,1062.1,147.37,0,470.2,0,
12-12-2021,Automotive Parts,484.6,1052.6,148.84,0,437.8,0,
13-12-2021,Automotive Parts,453,1069.7,149.76,0,418.2,0,
14-12-2021,Automotive Parts,470,1062.5,142.56,0,464.1,0,
15-12-2021,Automotive Parts,520.3,1049.1,151,0,520.8,0,
16-12-2021,Automotive Parts,804.6,1042.8,146.55,1,759.7,0,
17-12-2021,Automotive Parts,552.3,1045.1,148.08,0,520.1,0,
18-12-2021,Automotive Parts,508,1065.8,147.55,0,458.8,0,
19-12-2021,Automotive Parts,506.2,1065.8,145.93,0,477.2,0,
20-12-2021,Automotive Parts,472.1,1070.2,146.76,0,492.8,0,
21-12-2021,Automotive Parts,475.9,1077.2,147.49,0,456.7,0,
22-12-2021,Automotive Parts,530.7,1058.3,146.49,0,503.8,0,
23-12-2021,Automotive Parts,555.6,1054.1,150.33,0,552.2,0,
24-12-2021,Automotive Parts,705.9,1050.1,149.75,1,740.1,0,
25-12-2021,Automotive Parts,520.1,1062.3,145.6,0,502.2,0,
26-12-2021,Automotive Parts,487,1064.7,152.97,0,445.2,0,
27-12-2021,Automotive Parts,454.8,1073.5,142.69,0,458.2,0,
28-12-2021,Automotive Parts,659.6,1057.9,143.96,1,682.4,0,
29-12-2021,Automotive Parts,536.7,1046.8,146.9,0,537.9,0,
30-12-2021,Automotive Parts,568.3,1043.5,147.99,0,553.9,0,
31-12-2021,Automotive Parts,512.2,1068,144.94,0,479.9,0,
01-01-2022,Automotive Parts,539.5,1060.2,146.07,0,521.7,0,
02-01-2022,Automotive Parts,469.5,1083.2,144.05,0,452.3,0,
03-01-2022,Automotive Parts,460.4,1087.8,146.23,0,480.9,0,
04-01-2022,Automotive Parts,535.9,1062.9,142.58,0,485.3,0,
05-01-2022,Automotive Parts,501.3,1069.7,146.03,0,478.6,0,
06-01-2022,Automotive Parts,542.8,1053.3,145.9,0,513.9,0,
07-01-2022,Automotive Parts,552.4,1044.5,143.77,0,578.5,0,
08-01-2022,Automotive Parts,522.2,1050.5,151.47,0,470.5,0,
09-01-2022,Automotive Parts,716.4,1065.3,148.88,1,676.1,0,
10-01-2022,Automotive Parts,451.1,1074.5,150.71,0,471.9,0,
11-01-2022,Automotive Parts,475.1,1070,147.27,0,438.9,0,
12-01-2022,Automotive Parts,538.4,1053.4,148.53,0,548.3,0,
13-01-2022,Automotive Parts,544.6,1052.1,146.69,0,536.2,0,
14-01-2022,Automotive Parts,552.4,1051.2,146.64,0,572.2,0,
15-01-2022,Automotive Parts,485.6,1065.3,149.3,0,500.6,0,
16-01-2022,Automotive Parts,503.7,1060.3,144.84,0,496.8,0,
17-01-2022,Automotive Parts,558.2,1041,146.68,0,548.8,0,
18-01-2022,Automotive Parts,490.6,1067.4,152.4,0,452.7,0,
19-01-2022,Automotive Parts,559.9,1048.8,146.89,0,509,0,
20-01-2022,Automotive Parts,737.6,1056.7,147.65,1,744.8,0,
21-01-2022,Automotive Parts,585.1,1044.5,150.04,0,580.3,0,
22-01-2022,Automotive Parts,597.1,1037.1,150.5,0,608.6,0,
23-01-2022,Automotive Parts,525,1057.6,150.05,0,473.9,0,
24-01-2022,Automotive Parts,494.7,1058.9,143.9,0,514.5,0,
25-01-2022,Automotive Parts,517,1047.7,145.71,0,471,0,
26-01-2022,Automotive Parts,517.7,1040.6,152.18,0,536.2,0,
27-01-2022,Automotive Parts,575.2,1022.1,146.52,0,534.2,0,
28-01-2022,Automotive Parts,576.8,1025.9,148.7,0,541.6,0,
29-01-2022,Automotive Parts,568.1,1027.1,149.48,0,585.6,0,
30-01-2022,Automotive Parts,474.7,1049.5,151.94,0,459.4,0,
31-01-2022,Automotive Parts,512.3,1041,144.44,0,514.5,0,
01-02-2022,Automotive Parts,533.5,1025.9,147.86,0,552.2,0,
02-02-2022,Automotive Parts,545.7,1016.2,146.99,0,515,0,
03-02-2022,Automotive Parts,953.8,1001.9,154.93,1,877.8,0,
04-02-2022,Automotive Parts,557.1,1019.8,145.39,0,546.5,0,
05-02-2022,Automotive Parts,544.7,1022.5,144.29,0,521.9,0,
06-02-2022,Automotive Parts,548.4,1012.2,152.89,0,559.3,0,
07-02-2022,Automotive Parts,535.9,1016.5,154.94,0,482.7,0,
08-02-2022,Automotive Parts,555.1,1020.1,150.61,0,547.9,0,
09-02-2022,Automotive Parts,554.5,1025.3,142.47,0,542,0,
10-02-2022,Automotive Parts,529.3,1030.1,144.21,0,543.9,0,
11-02-2022,Automotive Parts,614.8,1002.9,144.52,0,606.5,0,
12-02-2022,Automotive Parts,573.6,1018,153.09,0,601.9,0,
13-02-2022,Automotive Parts,540,1030.7,146.87,0,488.1,0,
14-02-2022,Automotive Parts,555.9,1017.5,147.98,0,542.3,0,
15-02-2022,Automotive Parts,541.8,1022.2,146.16,0,566.9,0,
16-02-2022,Automotive Parts,573.3,1019.4,143.18,0,597.3,0,
17-02-2022,Automotive Parts,526,1032.9,144.96,0,490.7,0,
18-02-2022,Automotive Parts,572.9,1017.3,152.87,0,586.7,0,
19-02-2022,Automotive Parts,592.1,1020.2,146.98,0,604.4,0,
20-02-2022,Automotive Parts,534,1037.7,141.69,0,557.7,0,
21-02-2022,Automotive Parts,529.1,1042.8,149.05,0,516.7,0,
22-02-2022,Automotive Parts,528.7,1046.9,146.87,0,517.8,0,
23-02-2022,Automotive Parts,576.9,1033.6,146.94,0,587.2,0,
24-02-2022,Automotive Parts,545.7,1039,146.39,0,572.9,0,
25-02-2022,Automotive Parts,542.4,1031.1,143.68,0,513.3,0,
26-02-2022,Automotive Parts,560.7,1022.1,145.13,0,562.1,0,
27-02-2022,Automotive Parts,545,1024.5,153.56,0,545.3,0,
28-02-2022,Automotive Parts,502.6,1042.5,149.72,0,516.9,0,
01-03-2022,Automotive Parts,521.2,1039.8,149.15,0,519.9,0,
02-03-2022,Automotive Parts,514.6,1037.2,146.53,0,498.5,0,
03-03-2022,Automotive Parts,544.4,1026.1,147.38,0,515.4,0,
04-03-2022,Automotive Parts,566.4,1015.9,152.08,0,592.1,0,
05-03-2022,Automotive Parts,587.6,1003.9,147.44,0,558.4,0,
06-03-2022,Automotive Parts,545,1015.8,147.92,0,511.4,0,
07-03-2022,Automotive Parts,533,1024,148.72,0,543,0,
08-03-2022,Automotive Parts,544.5,1013.7,143.48,0,530.7,0,
09-03-2022,Automotive Parts,2604,999.6,146.72,0,566.8,1,demand_spike
10-03-2022,Automotive Parts,536.6,1023,143.48,0,511.8,0,
11-03-2022,Automotive Parts,,1016.6,138.94,0,521.3,0,
12-03-2022,Automotive Parts,948.6,1004.1,142.72,1,883.5,0,
13-03-2022,Automotive Parts,526.8,1025.8,146.97,0,480.1,0,
14-03-2022,Automotive Parts,524.4,1026.2,150.99,0,522.7,0,
15-03-2022,Automotive Parts,487.2,1037.8,148.12,0,465.6,0,
16-03-2022,Automotive Parts,553.6,1015.3,148.48,0,503.2,0,
17-03-2022,Automotive Parts,600.3,1004.5,150.1,0,598.9,0,
18-03-2022,Automotive Parts,576.2,1001.1,152.57,0,544.2,0,
19-03-2022,Automotive Parts,570.8,1006.6,149.29,0,527.6,0,
20-03-2022,Automotive Parts,535.8,1019.9,144.91,0,559.4,0,
21-03-2022,Automotive Parts,529.6,1024.4,146.96,0,482.6,0,
22-03-2022,Automotive Parts,491.7,1037.8,151.24,0,471,0,
23-03-2022,Automotive Parts,499.3,1037,149.18,0,495.5,0,
24-03-2022,Automotive Parts,579.7,1016.6,144.86,0,608.1,0,
25-03-2022,Automotive Parts,598.5,1012.9,148,0,546.1,0,
26-03-2022,Automotive Parts,605.1,1009,151.1,0,629.1,0,
27-03-2022,Automotive Parts,526.7,1029.4,150.1,0,543.6,0,
28-03-2022,Automotive Parts,484.7,1041.7,149.26,0,492.9,0,
29-03-2022,Automotive Parts,506.3,1042.3,144.08,0,463.5,0,
30-03-2022,Automotive Parts,536.4,1037.2,144.2,0,506.2,0,
31-03-2022,Automotive Parts,558.5,1033,147.43,0,525.4,0,
01-04-2022,Automotive Parts,580.6,1010.9,152.6,0,569.1,0,
02-04-2022,Automotive Parts,606.4,995,148.82,0,556.6,0,
03-04-2022,Automotive Parts,552.2,1012.9,147.15,0,564.6,0,
04-04-2022,Automotive Parts,456.6,1047.5,145.21,0,457.7,0,
05-04-2022,Automotive Parts,504.5,1030.7,149.42,0,519.2,0,
06-04-2022,Automotive Parts,489.7,1035.4,150.57,0,457.1,0,
07-04-2022,Automotive Parts,540.2,1018,146.11,0,536.5,0,
08-04-2022,Automotive Parts,543.7,1011.1,146.47,0,558.8,0,
09-04-2022,Automotive Parts,661.3,1009.5,145.59,1,600.1,0,
10-04-2022,Automotive Parts,508.2,1020.1,143.87,0,499.3,0,
11-04-2022,Automotive Parts,488.3,1034.7,142.38,0,492.8,0,
12-04-2022,Automotive Parts,543.1,1017.5,149.38,0,519,0,
13-04-2022,Automotive Parts,552.6,1014.6,143.23,0,526.7,0,
14-04-2022,Automotive Parts,546.8,1023.7,149.78,0,494.8,0,
15-04-2022,Automotive Parts,568,1020.4,140.45,0,552.9,0,
16-04-2022,Automotive Parts,579.6,1019.8,149.08,0,573.5,0,
17-04-2022,Automotive Parts,469.9,1055.9,145.85,0,475.1,0,
18-04-2022,Automotive Parts,483.7,1049.5,148.07,0,441.6,0,
19-04-2022,Automotive Parts,500.8,1044.7,146.34,0,482,0,
20-04-2022,Automotive Parts,497.5,1047.9,145.76,0,466.9,0,
21-04-2022,Automotive Parts,505.9,1043.2,143.79,0,471,0,
22-04-2022,Automotive Parts,537,1033.2,146.98,0,503.1,0,
23-04-2022,Automotive Parts,524.3,1035.9,151.59,0,500.2,0,
24-04-2022,Automotive Parts,524.6,1029.7,149.25,0,529.8,0,
25-04-2022,Automotive Parts,432,1064.5,143.64,0,417,0,
26-04-2022,Automotive Parts,495.1,1043.5,146.19,0,450.3,0,
27-04-2022,Automotive Parts,500.7,1038.7,145.91,0,476.8,0,
28-04-2022,Automotive Parts,548.5,1026.1,148.67,0,502.7,0,
29-04-2022,Automotive Parts,586.5,1022.6,142.57,0,546.5,0,
30-04-2022,Automotive Parts,500.5,1045.3,150.15,0,460.1,0,
01-05-2022,Automotive Parts,520.5,1039.1,155.26,0,544.3,0,
02-05-2022,Automotive Parts,482.6,1035.5,147.57,0,498.1,0,
03-05-2022,Automotive Parts,465.9,1050.1,146.43,0,462.9,0,
04-05-2022,Automotive Parts,518,1031.3,150.21,0,485.7,0,
05-05-2022,Automotive Parts,549.9,1007.4,143.95,0,509.3,0,
06-05-2022,Automotive Parts,514.8,1023.1,150.71,0,528.3,0,
07-05-2022,Automotive Parts,482.7,1026.1,144.36,0,439.7,0,
08-05-2022,Automotive Parts,452.5,1028.3,155.04,0,454.3,0,
09-05-2022,Automotive Parts,450.9,1023,141.51,0,425.8,0,
10-05-2022,Automotive Parts,557.3,1020.3,145.07,1,542.5,0,
11-05-2022,Automotive Parts,509.7,1010.5,148.3,0,514.5,0,
12-05-2022,Automotive Parts,535.8,995.4,149.22,0,485.1,0,
13-05-2022,Automotive Parts,532.7,1000.1,145.65,0,493.4,0,
14-05-2022,Automotive Parts,531.5,996.3,150.82,0,530,0,
15-05-2022,Automotive Parts,745,1010.5,143.97,1,773.3,0,
16-05-2022,Automotive Parts,465,1011.2,143.87,0,436.5,0,
17-05-2022,Automotive Parts,472.4,1008.1,143.23,0,435.8,0,
18-05-2022,Automotive Parts,475.9,1008.6,147.72,0,494.3,0,
19-05-2022,Automotive Parts,484.5,997.2,146.69,0,498.9,0,
20-05-2022,Automotive Parts,486.9,1007.9,143.53,0,504.6,0,
21-05-2022,Automotive Parts,531.9,994.1,147.6,0,488.6,0,
22-05-2022,Automotive Parts,439.7,1015.3,143.69,0,456.6,0,
23-05-2022,Automotive Parts,720.3,1012.8,147.92,1,711.1,0,
24-05-2022,Automotive Parts,489.9,1006.4,149.83,0,490,0,
25-05-2022,Automotive Parts,460,1014.2,143.92,0,445.3,0,
26-05-2022,Automotive Parts,511.3,1003.1,145.93,0,487.4,0,
27-05-2022,Automotive Parts,501.4,996.1,151.62,0,459.8,0,
28-05-2022,Automotive Parts,478.9,1006,145.73,0,447,0,
29-05-2022,Automotive Parts,,999.5,145.52,0,497.7,0,
30-05-2022,Automotive Parts,459.8,1009.3,153.98,0,435.7,0,
31-05-2022,Automotive Parts,620.4,1013.8,150.16,1,569.5,0,
01-06-2022,Automotive Parts,490.7,994.7,145.94,0,493.8,0,
02-06-2022,Automotive Parts,534.3,981.9,148.95,0,523.2,0,
03-06-2022,Automotive Parts,491.7,995.7,140.04,0,445.5,0,
04-06-2022,Automotive Parts,503.6,986,145.11,0,504,0,
05-06-2022,Automotive Parts,425.3,1005.3,146.19,0,437.7,0,
06-06-2022,Automotive Parts,411.2,553.1,145.58,0,417.9,0,
07-06-2022,Automotive Parts,442.5,544.6,144.81,0,459.6,0,
08-06-2022,Automotive Parts,461.6,538.9,148.78,0,97.3,1,supplier_delay
09-06-2022,Automotive Parts,485.9,528.3,146.18,0,443.7,0,
10-06-2022,Automotive Parts,513.7,524.7,146.67,0,517.4,0,
11-06-2022,Automotive Parts,469.7,964.7,145.98,0,486.2,0,
12-06-2022,Automotive Parts,467.2,976.8,145.65,0,442.9,0,
13-06-2022,Automotive Parts,438.2,987.4,148.96,0,411.8,0,
14-06-2022,Automotive Parts,428.7,985.7,149.04,0,431.8,0,
15-06-2022,Automotive Parts,447.3,980,149.33,0,451.4,0,
16-06-2022,Automotive Parts,736.2,972.1,147.1,1,754.2,0,
17-06-2022,Automotive Parts,457,980.7,147.09,0,462.4,0,
18-06-2022,Automotive Parts,458.5,975,146.13,0,440.2,0,
19-06-2022,Automotive Parts,486.1,997.8,149.56,1,468.3,0,
20-06-2022,Automotive Parts,424.7,995.2,144.79,0,433.4,0,
21-06-2022,Automotive Parts,544,1012.6,147.42,1,511.4,0,
22-06-2022,Automotive Parts,406.6,1011.3,146.82,0,372.6,0,
23-06-2022,Automotive Parts,471,996,144.06,0,439.3,0,
24-06-2022,Automotive Parts,495,991.7,146.31,0,483,0,
25-06-2022,Automotive Parts,457,1005.4,146.27,0,450.4,0,
26-06-2022,Automotive Parts,457.2,1006.2,149.91,0,416.4,0,
27-06-2022,Automotive Parts,409.4,1019.4,147.86,0,387.1,0,
28-06-2022,Automotive Parts,471.7,1001.4,149.24,0,477.5,0,
29-06-2022,Automotive Parts,444.5,1005.1,142.58,0,457.6,0,
30-06-2022,Automotive Parts,529.9,983.7,144.42,0,487.2,0,
01-07-2022,Automotive Parts,472.2,998.4,150.7,0,461.8,0,
02-07-2022,Automotive Parts,470,996.4,144.59,0,433.6,0,
03-07-2022,Automotive Parts,423.9,1010.4,147.53,0,427.4,0,
04-07-2022,Automotive Parts,409.4,1015.3,145.31,0,378.1,0,
05-07-2022,Automotive Parts,388.8,1022,149.42,0,355.6,0,
06-07-2022,Automotive Parts,446.6,1008.5,146.11,0,431.5,0,
07-07-2022,Automotive Parts,427.2,1020.7,146.73,0,390.5,0,
08-07-2022,Automotive Parts,463.5,1005.8,144.74,0,473.9,0,
09-07-2022,Automotive Parts,431.4,1014.1,145.85,0,441.7,0,
10-07-2022,Automotive Parts,403.7,1021.3,149.6,0,394.3,0,
11-07-2022,Automotive Parts,419.5,1016.4,146.91,0,413.6,0,
12-07-2022,Automotive Parts,410.3,1020.1,143.99,0,377.4,0,
13-07-2022,Automotive Parts,378.2,1024.8,149.28,0,356,0,
14-07-2022,Automotive Parts,477.3,998.4,144.9,0,438.2,0,
15-07-2022,Automotive Parts,460.8,1004.5,147.8,0,429.5,0,
16-07-2022,Automotive Parts,463.4,1000.5,146.09,0,444.5,0,
17-07-2022,Automotive Parts,412.3,1018.1,150.3,0,413.3,0,
18-07-2022,Automotive Parts,355.2,1033.1,151.38,0,358.5,0,
19-07-2022,Automotive Parts,432,1010.2,147.3,0,417.6,0,
20-07-2022,Automotive Parts,443.5,1003,138.72,0,418.6,0,
21-07-2022,Automotive Parts,452.5,1004.1,146.26,0,462.2,0,
22-07-2022,Automotive Parts,426.8,1011.1,145.65,0,412.1,0,
23-07-2022,Automotive Parts,446.8,1006.6,146.75,0,439.7,0,
24-07-2022,Automotive Parts,412.3,1019.6,149.58,0,387.6,0,
25-07-2022,Automotive Parts,357.6,1040.1,145.5,0,325.4,0,
26-07-2022,Automotive Parts,389.4,1035.6,146.76,0,360.1,0,
27-07-2022,Automotive Parts,370.3,1045.3,148.03,0,372.9,0,
28-07-2022,Automotive Parts,398.1,1038.1,148.51,0,374.8,0,
29-07-2022,Automotive Parts,423.4,1031.6,148.11,0,389.1,0,
30-07-2022,Automotive Parts,434.4,1024.4,144.62,0,432.7,0,
31-07-2022,Automotive Parts,461.4,1044.8,150.16,1,448.3,0,
01-08-2022,Automotive Parts,496.2,1027.9,147.71,1,448.3,0,
02-08-2022,Automotive Parts,368.6,1043.7,141.63,0,386.6,0,
03-08-2022,Automotive Parts,406.1,1028.7,143.98,0,388.8,0,
04-08-2022,Automotive Parts,471.9,1016.2,146.7,0,471.1,0,
05-08-2022,Automotive Parts,438.3,1028.5,148.21,0,459.1,0,
06-08-2022,Automotive Parts,430.9,1032,149.48,0,428.8,0,
07-08-2022,Automotive Parts,424.8,1034,152.08,0,402.2,0,
08-08-2022,Automotive Parts,429.9,1038.7,146.81,0,418.4,0,
09-08-2022,Automotive Parts,409.7,1040.6,147.25,0,375,0,
10-08-2022,Automotive Parts,425.9,1038.8,143.49,0,394.1,0,
11-08-2022,Automotive Parts,498.1,1020.3,147.68,0,471.5,0,
12-08-2022,Automotive Parts,414.9,1045.5,148.14,0,378.7,0,
13-08-2022,Automotive Parts,483.3,1024.6,149.71,0,443.2,0,
14-08-2022,Automotive Parts,404.1,1055.6,149.68,0,414.5,0,
15-08-2022,Automotive Parts,539,1055,147.93,1,505.3,0,
16-08-2022,Automotive Parts,356.6,1056.9,148.16,0,338.2,0,
17-08-2022,Automotive Parts,380.9,1049.2,147.68,0,352.8,0,
18-08-2022,Automotive Parts,428.5,1034.1,146.75,0,411.7,0,
19-08-2022,Automotive Parts,447,1028.7,148.13,0,449.1,0,
20-08-2022,Automotive Parts,428.5,1031.4,145.72,0,446.4,0,
21-08-2022,Automotive Parts,404.4,1038.7,143.46,0,396.7,0,
22-08-2022,Automotive Parts,364.2,1043.5,144.79,0,344.1,0,
23-08-2022,Automotive Parts,397.6,1045,147.61,0,388.2,0,
24-08-2022,Automotive Parts,373.1,1046.9,148.54,0,343,0,
25-08-2022,Automotive Parts,479.4,1017.6,149.95,0,480.1,0,
26-08-2022,Automotive Parts,433.8,1030.8,153.8,0,411.8,0,
27-08-2022,Automotive Parts,434,1030.8,148.24,0,452.1,0,
28-08-2022,Automotive Parts,389.7,1041,144.16,0,389.2,0,
29-08-2022,Automotive Parts,379.3,1048.1,145.68,0,368.4,0,
30-08-2022,Automotive Parts,394.5,1041.9,150.65,0,368.7,0,
31-08-2022,Automotive Parts,509.7,1006.3,149.89,0,465.7,0,
01-09-2022,Automotive Parts,396.9,1035,148.04,0,368.4,0,
02-09-2022,Automotive Parts,427,1033.1,143.96,0,420.8,0,
03-09-2022,Automotive Parts,399.4,1040,149.25,0,390.6,0,
04-09-2022,Automotive Parts,408.9,1034.1,147.02,0,368.6,0,
05-09-2022,Automotive Parts,392.2,1039.2,147.85,0,396.7,0,
06-09-2022,Automotive Parts,425.6,1039.6,153.22,0,385.6,0,
07-09-2022,Automotive Parts,419,1033.3,146.17,0,382,0,
08-09-2022,Automotive Parts,479.5,1022.6,141.84,0,482.7,0,
09-09-2022,Automotive Parts,482.4,1029.8,149.45,0,480.9,0,
10-09-2022,Automotive Parts,431.3,1044.6,143.77,0,402.1,0,
11-09-2022,Automotive Parts,386.2,1046.4,142.32,0,386,0,
12-09-2022,Automotive Parts,381.7,1046.2,149.31,0,344.6,0,
13-09-2022,Automotive Parts,375.5,1046.1,147.3,0,353.6,0,
14-09-2022,Automotive Parts,423.1,1023.2,145.19,0,429,0,
15-09-2022,Automotive Parts,429,1012,148.14,0,416.7,0,
16-09-2022,Automotive Parts,728,1006.6,150.12,1,748.7,0,
17-09-2022,Automotive Parts,396.1,1030.4,151.88,0,365,0,
18-09-2022,Automotive Parts,418,1018,149.03,0,430.3,0,
19-09-2022,Automotive Parts,407.5,1022.2,144.45,0,396.4,0,
20-09-2022,Automotive Parts,412,1013.7,142.5,0,377.1,0,
21-09-2022,Automotive Parts,358,1022.8,149.41,0,324.7,0,
22-09-2022,Automotive Parts,459.9,989.2,145.37,0,414,0,
23-09-2022,Automotive Parts,472.8,981.2,144.12,0,470.7,0,
24-09-2022,Automotive Parts,517.8,966,148.02,0,483.3,0,
25-09-2022,Automotive Parts,417.4,995.6,146.12,0,384.8,0,
26-09-2022,Automotive Parts,356.4,1009.9,146.95,0,352.9,0,
27-09-2022,Automotive Parts,358.4,1012.1,146.57,0,344.5,0,
28-09-2022,Automotive Parts,425.1,996.9,151.21,0,411.3,0,
29-09-2022,Automotive Parts,437.5,985.7,149.81,0,402.5,0,
30-09-2022,Automotive Parts,488.8,979.3,144.84,0,458.5,0,
01-10-2022,Automotive Parts,491.9,976.4,146.86,0,450,0,
02-10-2022,Automotive Parts,356.3,1016.9,148.26,0,338.6,0,
03-10-2022,Automotive Parts,392.1,1005.3,144.9,0,371,0,
04-10-2022,Automotive Parts,442,992.3,150.36,0,449.3,0,
05-10-2022,Automotive Parts,459.1,988.3,143.47,0,481.2,0,
06-10-2022,Automotive Parts,444.5,995,149.19,0,466.7,0,
07-10-2022,Automotive Parts,483.8,974.3,149.62,0,463.5,0,
08-10-2022,Automotive Parts,487,983.4,148.49,0,496.2,0,
09-10-2022,Automotive Parts,426.6,1007,152.09,0,401.8,0,
10-10-2022,Automotive Parts,424.5,1000.6,143.16,0,391.2,0,
11-10-2022,Automotive Parts,448.4,991.5,146.22,0,446.6,0,
12-10-2022,Automotive Parts,442.2,981.2,142.3,0,429.7,0,
13-10-2022,Automotive Parts,744.8,962.7,148.07,1,736.6,0,
14-10-2022,Automotive Parts,507.9,951.9,146.13,0,485,0,
15-10-2022,Automotive Parts,481.6,962.1,154.23,0,455.3,0,
16-10-2022,Automotive Parts,468.5,970.3,150.07,0,486.9,0,
17-10-2022,Automotive Parts,439.3,972.3,148.95,0,453.6,0,
18-10-2022,Automotive Parts,468.6,973.4,150.67,0,430.4,0,
19-10-2022,Automotive Parts,682.2,986.3,145.08,1,680.8,0,
20-10-2022,Automotive Parts,489.7,964.1,148.52,0,467,0,
21-10-2022,Automotive Parts,485.4,966.3,141.11,0,478.2,0,
22-10-2022,Automotive Parts,427.8,981.5,144.87,0,398.3,0,
23-10-2022,Automotive Parts,415.6,979,149.36,0,419.2,0,
24-10-2022,Automotive Parts,576.5,965.5,151.92,1,545.7,0,
25-10-2022,Automotive Parts,448.5,966.3,152.75,0,449.9,0,
26-10-2022,Automotive Parts,485.6,947.2,146.33,0,447.4,0,
27-10-2022,Automotive Parts,484.4,946.2,149.05,0,445.7,0,
28-10-2022,Automotive Parts,502.1,943.2,146.49,0,478.1,0,
29-10-2022,Automotive Parts,,951.7,145.29,0,515.3,0,
30-10-2022,Automotive Parts,442.4,968.7,154.05,0,455.3,0,
31-10-2022,Automotive Parts,442.1,966.5,144.51,0,439.1,0,
01-11-2022,Automotive Parts,385.2,983.5,146.2,0,364.6,0,
02-11-2022,Automotive Parts,470.6,959.4,150.53,0,435.1,0,
03-11-2022,Automotive Parts,715.2,955.9,141.38,1,723.5,0,
04-11-2022,Automotive Parts,519.8,945.5,144.19,0,483.8,0,
05-11-2022,Automotive Parts,532.8,941.1,145.34,0,512.4,0,
06-11-2022,Automotive Parts,473.5,956.3,146.1,0,463.8,0,
07-11-2022,Automotive Parts,457.3,961.1,149.16,0,417.9,0,
08-11-2022,Automotive Parts,505.7,945,147.18,0,514.2,0,
09-11-2022,Automotive Parts,469.7,949.9,146.11,0,489,0,
10-11-2022,Automotive Parts,484.9,949,144.93,0,447.1,0,
11-11-2022,Automotive Parts,480.2,951.6,146.09,0,494.7,0,
12-11-2022,Automotive Parts,536.8,931.4,145.27,0,522.1,0,
13-11-2022,Automotive Parts,497.6,942.1,150.38,0,458,0,
14-11-2022,Automotive Parts,412.8,968,148.23,0,409.2,0,
15-11-2022,Automotive Parts,487.1,949.3,150.26,0,506.4,0,
16-11-2022,Automotive Parts,500.5,943.5,141.34,0,522.3,0,
17-11-2022,Automotive Parts,480.7,949.5,152.04,0,484.5,0,
18-11-2022,Automotive Parts,536.1,940,147.69,0,522.1,0,
19-11-2022,Automotive Parts,511.8,930.7,146.06,0,475,0,
20-11-2022,Automotive Parts,477.2,936.3,143.91,0,472.5,0,
21-11-2022,Automotive Parts,581.5,954.4,145.41,1,576.9,0,
22-11-2022,Automotive Parts,537.8,924.7,150.77,0,493,0,
23-11-2022,Automotive Parts,466.4,940.7,146.83,0,437.5,0,
24-11-2022,Automotive Parts,501.5,925.5,147.23,0,474.5,0,
25-11-2022,Automotive Parts,752.1,926.1,143.9,1,773.9,0,
26-11-2022,Automotive Parts,551,902.6,149.26,0,544.1,0,
27-11-2022,Automotive Parts,457.4,929.7,140.56,0,428.4,0,
28-11-2022,Automotive Parts,458.8,928.5,147.26,0,434.3,0,
29-11-2022,Automotive Parts,488.7,918.5,145.07,0,450.5,0,
30-11-2022,Automotive Parts,450.6,925.1,150.25,0,408.6,0,
01-12-2022,Automotive Parts,510.9,904.1,147.53,0,498.9,0,
02-12-2022,Automotive Parts,523.4,891.6,148.69,0,473.5,0,
03-12-2022,Automotive Parts,553.5,876.2,145.59,0,580.5,0,
04-12-2022,Automotive Parts,491.1,893.1,147.98,0,498.9,0,
05-12-2022,Automotive Parts,466,903.7,147.64,0,473.8,0,
06-12-2022,Automotive Parts,513.3,890.6,147.52,0,520.1,0,
07-12-2022,Automotive Parts,502,897.5,147.76,0,500.1,0,
08-12-2022,Automotive Parts,578.1,876.3,146.66,0,526.3,0,
09-12-2022,Automotive Parts,621.8,870.1,147.87,0,602.1,0,
10-12-2022,Automotive Parts,567.1,472.9,145.68,0,534.1,0,
11-12-2022,Automotive Parts,557.5,475.7,144.87,0,526.7,0,
12-12-2022,Automotive Parts,,485.2,145.67,0,51.5,1,supplier_delay
13-12-2022,Automotive Parts,501.7,485.4,149.7,0,475.7,0,
14-12-2022,Automotive Parts,523.1,480.5,145.76,0,522.7,0,
15-12-2022,Automotive Parts,580.2,875.9,150.45,0,522.8,0,
16-12-2022,Automotive Parts,527.6,889.6,148.41,0,503.9,0,
17-12-2022,Automotive Parts,767.5,869.8,148.23,1,799.5,0,
18-12-2022,Automotive Parts,502.7,884.1,144.43,0,471.9,0,
19-12-2022,Automotive Parts,632.8,881.2,149.52,1,628.5,0,
20-12-2022,Automotive Parts,507.8,882.2,146.05,0,499.7,0,
21-12-2022,Automotive Parts,550.5,868.8,138.75,0,535.9,0,
22-12-2022,Automotive Parts,581.9,852,149.35,0,534.4,0,
23-12-2022,Automotive Parts,576.7,846.1,149.47,0,591.3,0,
24-12-2022,Automotive Parts,557,848.9,145.7,0,548.7,0,
25-12-2022,Automotive Parts,509,873.2,148.94,0,499.2,0,
26-12-2022,Automotive Parts,504.1,869.8,142.76,0,525.5,0,
27-12-2022,Automotive Parts,490.6,877.2,146.81,0,447.6,0,
28-12-2022,Automotive Parts,509.8,869,152.79,0,496.4,0,
29-12-2022,Automotive Parts,526.7,857.9,144.6,0,529.8,0,
30-12-2022,Automotive Parts,596.4,836.8,142.23,0,608.1,0,
31-12-2022,Automotive Parts,531.5,852.5,146.94,0,478.4,0,
01-01-2023,Automotive Parts,543.3,849.6,151.27,0,544.6,0,
02-01-2023,Automotive Parts,755.9,859.5,142.11,1,788.7,0,
03-01-2023,Automotive Parts,486.6,857.4,146.59,0,491.3,0,
04-01-2023,Automotive Parts,643.2,854.7,149.75,1,619.3,0,
01-01-2020,Beauty,385.2,1240.6,141.66,0,400.6,0,
02-01-2020,Beauty,353.6,1239.2,142.58,0,325.6,0,
03-01-2020,Beauty,481.5,1227.4,137.61,1,441.3,0,
04-01-2020,Beauty,399,1219.9,141.5,0,370.5,0,
05-01-2020,Beauty,336.7,1232.6,139.99,0,313.9,0,
06-01-2020,Beauty,347.9,1227.7,136.25,0,356.2,0,
07-01-2020,Beauty,331,1235,138.61,0,343.6,0,
08-01-2020,Beauty,363.9,1225.8,132.62,0,339.3,0,
09-01-2020,Beauty,438.1,1200.7,139.15,0,424.7,0,
10-01-2020,Beauty,432.6,1205.4,136.08,0,418.9,0,
11-01-2020,Beauty,388.4,1220,135.33,0,359.9,0,
12-01-2020,Beauty,409.2,1208,140.37,0,420.7,0,
13-01-2020,Beauty,379,1213.2,134.73,0,370.8,0,
14-01-2020,Beauty,359.8,1211.9,138.57,0,354.4,0,
15-01-2020,Beauty,348.7,1213.5,140.11,0,327.3,0,
16-01-2020,Beauty,383.5,1199.7,136.28,0,377.3,0,
17-01-2020,Beauty,388.6,1197,138.03,0,395.9,0,
18-01-2020,Beauty,377.8,1210,135.45,0,357.3,0,
19-01-2020,Beauty,371.1,1203.8,134.99,0,340.3,0,
20-01-2020,Beauty,340,1203.6,136.92,0,335.8,0,
21-01-2020,Beauty,337.4,1211.9,146.26,0,335.8,0,
22-01-2020,Beauty,349,1211,142.51,0,324.7,0,
23-01-2020,Beauty,406.5,1198.7,136.1,0,381,0,
24-01-2020,Beauty,375.6,1206.2,137.19,0,346.7,0,
25-01-2020,Beauty,396.1,1203.5,136.42,0,411.3,0,
26-01-2020,Beauty,378.6,1208.1,133.97,0,352.9,0,
27-01-2020,Beauty,377.8,1212.7,135.51,0,340.6,0,
28-01-2020,Beauty,364.5,1221.8,136.23,0,374,0,
29-01-2020,Beauty,359.2,1228,130.75,0,366.6,0,
30-01-2020,Beauty,442,1199.9,136.73,0,428,0,
31-01-2020,Beauty,385.8,1217.2,139.54,0,393.3,0,
01-02-2020,Beauty,442.5,1195.4,142.89,0,428.1,0,
02-02-2020,Beauty,348.5,1226.3,139.03,0,325.4,0,
03-02-2020,Beauty,348.4,1228.1,135.1,0,335.8,0,
04-02-2020,Beauty,332.9,1224.8,134.85,0,323.9,0,
05-02-2020,Beauty,392.4,1209.2,137.36,0,353.7,0,
06-02-2020,Beauty,419.6,1203.2,137.7,0,384.8,0,
07-02-2020,Beauty,371,1220.6,137.26,0,382.6,0,
08-02-2020,Beauty,399.9,1212.2,140.79,0,383.5,0,
09-02-2020,Beauty,375.7,1222.3,138.79,0,356.8,0,
10-02-2020,Beauty,326.6,1238.6,138.92,0,337.5,0,
11-02-2020,Beauty,379,1218.4,138.52,0,349.9,0,
12-02-2020,Beauty,417.5,1210,135.71,0,389.3,0,
13-02-2020,Beauty,444.2,1197.3,133.07,0,454.9,0,
14-02-2020,Beauty,370.9,1213.9,137.24,0,349.3,0,
15-02-2020,Beauty,429,1197.5,135.8,0,426.9,0,
16-02-2020,Beauty,410.3,1189.8,139.36,0,414.8,0,
17-02-2020,Beauty,373.4,1197.5,135.99,0,348.5,0,
18-02-2020,Beauty,344,1204.8,140.8,0,322.6,0,
19-02-2020,Beauty,647.1,1192.3,139.38,1,632.5,0,
20-02-2020,Beauty,371.2,1202.2,142.19,0,378.2,0,
21-02-2020,Beauty,424.5,1195.8,141.94,0,417.4,0,
22-02-2020,Beauty,394.3,1197.4,139.63,0,358.8,0,
23-02-2020,Beauty,374.6,1205.7,134.45,0,356.8,0,
24-02-2020,Beauty,394.5,1203,136.39,0,374.6,0,
25-02-2020,Beauty,448.1,1182.3,135.67,0,457.6,0,
26-02-2020,Beauty,440.6,1184.1,137.91,0,415.7,0,
27-02-2020,Beauty,417.8,1190.4,138.85,0,432.5,0,
28-02-2020,Beauty,429.1,1192.4,136.74,0,407.8,0,
29-02-2020,Beauty,411.2,1190.6,139.25,0,382.1,0,
01-03-2020,Beauty,393.5,1205.3,135.79,0,386,0,
02-03-2020,Beauty,432.3,1184.2,131.28,0,414.1,0,
03-03-2020,Beauty,403.5,1194.9,138.21,0,402.4,0,
04-03-2020,Beauty,422.8,1184.8,136.84,0,438.6,0,
05-03-2020,Beauty,433.3,1184,137.95,0,451.1,0,
06-03-2020,Beauty,425.7,1183,139.76,0,397.6,0,
07-03-2020,Beauty,393.5,1199.4,136.97,0,363.7,0,
08-03-2020,Beauty,384.7,1202.5,134.25,0,400.4,0,
09-03-2020,Beauty,405.7,1194.1,135.98,0,414.6,0,
10-03-2020,Beauty,416.6,1185.3,141.5,0,391.3,0,
11-03-2020,Beauty,385.7,724.4,138.81,0,393.7,0,
12-03-2020,Beauty,,721.1,140.81,0,416.2,0,
13-03-2020,Beauty,419.1,718.6,136.28,0,20.1,1,supplier_delay
14-03-2020,Beauty,401.4,721.9,139.63,0,415.8,0,
15-03-2020,Beauty,360.7,730.1,140.27,0,342,0,
16-03-2020,Beauty,371,1206.1,133.38,0,360.6,0,
17-03-2020,Beauty,406.2,1190.5,138.42,0,402.7,0,
18-03-2020,Beauty,434.5,1179.7,138.15,0,403.5,0,
19-03-2020,Beauty,417.1,1188,134.38,0,413.6,0,
20-03-2020,Beauty,449,1177.9,134.4,0,451.7,0,
21-03-2020,Beauty,659.3,1173.6,143.23,1,603.4,0,
22-03-2020,Beauty,433.8,1181,138.08,0,415.1,0,
23-03-2020,Beauty,449.3,1180.6,141.09,0,445.6,0,
24-03-2020,Beauty,390.9,1189.4,139.64,0,406.1,0,
25-03-2020,Beauty,414.1,1179.2,137.75,0,428,0,
26-03-2020,Beauty,409,1188.5,134.82,0,378.5,0,
27-03-2020,Beauty,480.4,1169.4,139.4,0,476.3,0,
28-03-2020,Beauty,424.5,1179,137.63,0,388.3,0,
29-03-2020,Beauty,427.8,1168.2,138.06,0,403.9,0,
30-03-2020,Beauty,429.9,1158.7,138.36,0,425.4,0,
31-03-2020,Beauty,453.1,1149.3,138.58,0,413.3,0,
01-04-2020,Beauty,394.6,1170.2,139.11,0,407.7,0,
02-04-2020,Beauty,467.7,1140.6,135.11,0,479.1,0,
03-04-2020,Beauty,400.4,1163.7,139.54,0,388.8,0,
04-04-2020,Beauty,412.3,1155.7,139.63,0,401.5,0,
05-04-2020,Beauty,421.7,1143.6,138.18,0,435.3,0,
06-04-2020,Beauty,418.7,1142.8,139.27,0,380,0,
07-04-2020,Beauty,460.4,1140.1,141.58,0,424.3,0,
08-04-2020,Beauty,437.5,1153.7,139.94,0,413.9,0,
09-04-2020,Beauty,448.7,1147.8,134.45,0,428.4,0,
10-04-2020,Beauty,458.1,1146,136.13,0,480.2,0,
11-04-2020,Beauty,473.5,1138.5,137.09,0,436.6,0,
12-04-2020,Beauty,414.5,1146.4,135.98,0,391.9,0,
13-04-2020,Beauty,383.7,1152.6,133.79,0,393,0,
14-04-2020,Beauty,430.2,1141.8,140.2,0,437.8,0,
15-04-2020,Beauty,617.6,1132,135.43,1,616.5,0,
16-04-2020,Beauty,450.1,1135.3,140.98,0,427.2,0,
17-04-2020,Beauty,498.7,1126.3,133.16,0,457.6,0,
18-04-2020,Beauty,746.7,1132.3,139.75,1,782.2,0,
19-04-2020,Beauty,390,1157.2,139.96,0,365.7,0,
20-04-2020,Beauty,416.4,1155.8,138.24,0,427.5,0,
21-04-2020,Beauty,444.8,1149.1,136.9,0,460,0,
22-04-2020,Beauty,456.2,1153,137.58,0,440.7,0,
23-04-2020,Beauty,486.3,1135.2,137.66,0,499.7,0,
24-04-2020,Beauty,500,1128.2,138.88,0,470.9,0,
25-04-2020,Beauty,464.6,1137.1,137.11,0,480.2,0,
26-04-2020,Beauty,456.3,1145.8,137.52,0,454.2,0,
27-04-2020,Beauty,399.2,1163,138.53,0,371,0,
28-04-2020,Beauty,420.1,1153,137.68,0,427.7,0,
29-04-2020,Beauty,525.1,1147.5,135.16,1,544.6,0,
30-04-2020,Beauty,428.3,1152.6,135.44,0,422.2,0,
01-05-2020,Beauty,485.7,1133.8,137.4,0,492.5,0,
02-05-2020,Beauty,1650,1145.1,132.85,0,470.7,1,demand_spike
03-05-2020,Beauty,490.5,1137.1,137.21,0,499.4,0,
04-05-2020,Beauty,453.3,1146.8,138.08,0,438.9,0,
05-05-2020,Beauty,448.9,1154,137.36,0,453.8,0,
06-05-2020,Beauty,492.4,1148.1,138.87,0,483.7,0,
07-05-2020,Beauty,708.5,761.2,138.16,1,681.7,0,
08-05-2020,Beauty,426,763.1,139.96,0,394,0,
09-05-2020,Beauty,485.7,755.3,138.04,0,25.8,1,supplier_delay
10-05-2020,Beauty,459.3,763.8,142.93,0,441.9,0,
11-05-2020,Beauty,437.5,764.3,137.69,0,409.5,0,
12-05-2020,Beauty,432.6,1171.5,139.7,0,405,0,
13-05-2020,Beauty,439.6,1175.6,137.1,0,411.6,0,
14-05-2020,Beauty,470.3,1171.1,137.71,0,423.5,0,
15-05-2020,Beauty,479.3,1165.8,135,0,462.9,0,
16-05-2020,Beauty,483,1159.3,137.33,0,499.3,0,
17-05-2020,Beauty,416.9,1185.6,135.32,0,376.8,0,
18-05-2020,Beauty,471.2,1172.1,140.77,0,491.7,0,
19-05-2020,Beauty,442.6,1180.9,138.11,0,410.2,0,
20-05-2020,Beauty,462,1171.1,139.18,0,465.7,0,
21-05-2020,Beauty,455.2,1176.7,132.8,0,463.3,0,
22-05-2020,Beauty,739.3,1161.6,133.14,1,746.8,0,
23-05-2020,Beauty,513.9,1149.4,136.74,0,488.6,0,
24-05-2020,Beauty,474.4,1163.2,133.7,0,477,0,
25-05-2020,Beauty,435.7,1179.8,129.84,0,423,0,
26-05-2020,Beauty,406.9,1189.2,139.81,0,375.5,0,
27-05-2020,Beauty,447.9,1175,138.5,0,416.6,0,
28-05-2020,Beauty,462.4,1175.1,135.42,0,418,0,
29-05-2020,Beauty,489.6,1161.2,137.95,0,465,0,
30-05-2020,Beauty,,1166.9,142.66,0,458.9,0,
31-05-2020,Beauty,437.9,1177.4,135.05,0,457.8,0,
01-06-2020,Beauty,440,1170.9,140.12,0,404.8,0,
02-06-2020,Beauty,450.9,1158.7,136.35,0,429.7,0,
03-06-2020,Beauty,457,1151.9,135.91,0,423.8,0,
04-06-2020,Beauty,467.8,1154.1,134.16,0,474.4,0,
05-06-2020,Beauty,447.7,1164.6,138,0,464.7,0,
06-06-2020,Beauty,636.9,1146.5,139.83,1,584.1,0,
07-06-2020,Beauty,433.4,1157.5,138.46,0,448.8,0,
08-06-2020,Beauty,472.8,1138.2,137.01,0,444.8,0,
09-06-2020,Beauty,481,1138.9,135.83,0,449,0,
10-06-2020,Beauty,436.1,1146.3,142.37,0,396.2,0,
11-06-2020,Beauty,,1122.8,136.07,0,476,0,
12-06-2020,Beauty,768.7,1125.5,136.05,1,699.9,0,
13-06-2020,Beauty,478,1135.4,133.31,0,462.2,0,
14-06-2020,Beauty,435.7,1139.7,142.43,0,435.2,0,
15-06-2020,Beauty,388.4,1158.4,132.94,0,360.3,0,
16-06-2020,Beauty,454.7,1146.2,140.22,0,424.1,0,
17-06-2020,Beauty,470.5,1148.9,139.26,0,435.6,0,
18-06-2020,Beauty,501.9,1139.8,136.28,0,512.4,0,
19-06-2020,Beauty,434.9,1149.6,138.23,0,400.4,0,
20-06-2020,Beauty,498.9,1128.6,138.89,0,454.5,0,
21-06-2020,Beauty,488.4,1133.1,143.85,0,442.2,0,
22-06-2020,Beauty,462.4,1141.6,142.45,0,419,0,
23-06-2020,Beauty,421.8,1146,139.64,0,414.2,0,
24-06-2020,Beauty,462,694.2,138.3,0,422.3,0,
25-06-2020,Beauty,451.9,698.4,139.44,0,421.8,0,
26-06-2020,Beauty,451.1,700.9,138.25,0,55.2,1,supplier_delay
27-06-2020,Beauty,445.9,699.7,138.59,0,466.1,0,
28-06-2020,Beauty,466,691.6,135.82,0,479.6,0,
29-06-2020,Beauty,1362.4,1141.1,137.42,0,450.4,1,demand_spike
30-06-2020,Beauty,449.2,1141.7,139.75,0,449.4,0,
01-07-2020,Beauty,483.9,1126.4,137.76,0,507.2,0,
02-07-2020,Beauty,479.9,1123.3,138.96,0,467.7,0,
03-07-2020,Beauty,473.3,1120,136.19,0,482.4,0,
04-07-2020,Beauty,470.8,1118.6,137.48,0,492.3,0,
05-07-2020,Beauty,499.6,1112.1,134.21,0,502.8,0,
06-07-2020,Beauty,,1120.4,139.79,0,504.2,0,
07-07-2020,Beauty,394,1140.8,132.78,0,369.6,0,
08-07-2020,Beauty,454.8,1127.6,138.93,0,429.8,0,
09-07-2020,Beauty,479.6,1126,133.84,0,460.2,0,
10-07-2020,Beauty,532.9,1108.5,135,0,516.8,0,
11-07-2020,Beauty,468.8,1120.9,134.9,0,485,0,
12-07-2020,Beauty,449.2,1133,139.97,0,464.1,0,
13-07-2020,Beauty,444.3,1136.3,134.27,0,443.8,0,
14-07-2020,Beauty,450.3,1144.1,137.1,0,420.9,0,
15-07-2020,Beauty,470.8,1130.7,136.46,0,440.7,0,
16-07-2020,Beauty,487,1127.3,136.9,0,484.4,0,
17-07-2020,Beauty,476.1,1137.9,139.67,0,464.4,0,
18-07-2020,Beauty,517.3,1127.9,137.26,0,485.6,0,
19-07-2020,Beauty,458.4,1134.6,137.21,0,424.2,0,
20-07-2020,Beauty,477.1,1118.6,135.1,0,481.1,0,
21-07-2020,Beauty,453.4,1134.7,134.99,0,463.3,0,
22-07-2020,Beauty,453.6,1131.6,133.75,0,426,0,
23-07-2020,Beauty,487.7,1123.7,136.63,0,470,0,
24-07-2020,Beauty,419.8,1137.6,141.69,0,422.8,0,
25-07-2020,Beauty,466.1,1120.8,138.1,0,452.3,0,
26-07-2020,Beauty,383.9,1150.3,137.77,0,400.9,0,
27-07-2020,Beauty,416.4,1141.9,133.32,0,382.9,0,
28-07-2020,Beauty,429.8,1135.7,140.68,0,441.9,0,
29-07-2020,Beauty,461.1,1130.3,142.02,0,436.2,0,
30-07-2020,Beauty,482.2,1123.6,135.3,0,483.7,0,
31-07-2020,Beauty,435.6,1142.6,134.92,0,408.6,0,
01-08-2020,Beauty,455.4,1134.6,141.57,0,475.9,0,
02-08-2020,Beauty,576.5,1139.2,138.67,1,523.2,0,
03-08-2020,Beauty,494.7,1134.2,142.34,0,483.4,0,
04-08-2020,Beauty,445.2,1149.9,140.85,0,461.4,0,
05-08-2020,Beauty,427.8,1158.5,132.32,0,415.2,0,
06-08-2020,Beauty,492.4,1130.4,141.99,0,505.2,0,
07-08-2020,Beauty,467.4,1138.7,137.97,0,487.3,0,
08-08-2020,Beauty,483.3,1134.9,137.67,0,439.9,0,
09-08-2020,Beauty,475.3,1131.3,137.7,0,462.6,0,
10-08-2020,Beauty,420.4,1146.4,137.39,0,421.6,0,
11-08-2020,Beauty,434,1140.9,133.42,0,444.8,0,
12-08-2020,Beauty,446.9,1131.4,141.42,0,413.1,0,
13-08-2020,Beauty,490.1,1115.9,136.08,0,482.8,0,
14-08-2020,Beauty,511,1120.2,136.75,0,472.4,0,
15-08-2020,Beauty,502.8,1122.8,139.2,0,509.5,0,
16-08-2020,Beauty,442.2,1142.5,142.42,0,416.9,0,
17-08-2020,Beauty,476.1,1141.8,137.38,0,447.6,0,
18-08-2020,Beauty,450.1,1137.2,138.16,0,457,0,
19-08-2020,Beauty,444.1,1149.7,141.46,0,455.8,0,
20-08-2020,Beauty,445.8,1152.9,139.17,0,424.2,0,
21-08-2020,Beauty,479.5,1136.7,138.9,0,467.6,0,
22-08-2020,Beauty,497.9,1124.9,129.64,0,499.9,0,
23-08-2020,Beauty,474.3,1136,136.79,0,479.9,0,
24-08-2020,Beauty,415.3,1157.6,138.07,0,421.7,0,
25-08-2020,Beauty,446,1150.6,138.04,0,427.5,0,
26-08-2020,Beauty,428.6,1151,140.13,0,420.2,0,
27-08-2020,Beauty,466.9,1140.7,134.24,0,427.9,0,
28-08-2020,Beauty,475.8,1134.8,134.79,0,495.9,0,
29-08-2020,Beauty,462.8,1137.4,140.28,0,465.2,0,
30-08-2020,Beauty,465,1131.8,140.61,0,444.7,0,
31-08-2020,Beauty,413.6,1143.8,134.76,0,396.4,0,
01-09-2020,Beauty,466.8,1117.3,138.35,0,426.5,0,
02-09-2020,Beauty,436.9,1133.8,136.94,0,423.1,0,
03-09-2020,Beauty,430.1,1131.6,135.83,0,430.5,0,
04-09-2020,Beauty,485.4,1121.9,134.31,0,506.2,0,
05-09-2020,Beauty,618.1,1126.4,135.14,1,616.3,0,
06-09-2020,Beauty,460.8,1124,135.35,0,459.7,0,
07-09-2020,Beauty,431.3,1122.4,141.88,0,439.1,0,
08-09-2020,Beauty,376.4,1148.4,138.97,0,367.6,0,
09-09-2020,Beauty,421.6,1140.1,138.39,0,381.5,0,
10-09-2020,Beauty,457.2,1124.7,134.53,0,472.5,0,
11-09-2020,Beauty,594.1,1129.8,141.25,1,570.5,0,
12-09-2020,Beauty,492,1124.2,141.58,0,515.5,0,
13-09-2020,Beauty,413.4,1148.8,138.28,0,397.3,0,
14-09-2020,Beauty,445.2,1140.2,137.97,0,445.3,0,
15-09-2020,Beauty,440.8,1141.4,137.98,0,427.1,0,
16-09-2020,Beauty,379.2,1156,139.65,0,354.5,0,
17-09-2020,Beauty,606,1132.7,133.59,1,630,0,
18-09-2020,Beauty,704.9,1126.1,134.68,1,700.7,0,
19-09-2020,Beauty,476.2,1125.2,135.41,0,460.8,0,
20-09-2020,Beauty,387,1160.3,136.31,0,356.6,0,
21-09-2020,Beauty,439.1,1146.5,138.45,0,461,0,
22-09-2020,Beauty,432.4,1145.8,140.41,0,447.2,0,
23-09-2020,Beauty,467.1,1133.2,140.17,0,450,0,
24-09-2020,Beauty,431.2,1145.7,133.28,0,399.2,0,
25-09-2020,Beauty,468.4,1137.4,142.81,0,423.6,0,
26-09-2020,Beauty,412.8,1154.8,143.69,0,380.9,0,
27-09-2020,Beauty,476.4,1132.1,142.13,0,466.9,0,
28-09-2020,Beauty,405.9,1159.1,135.71,0,415,0,
29-09-2020,Beauty,382.3,1166.8,136.25,0,364.9,0,
30-09-2020,Beauty,409.6,1160.9,133.27,0,395.3,0,
01-10-2020,Beauty,467,1133.2,138.4,0,453.4,0,
02-10-2020,Beauty,444.9,1138.7,138.36,0,401.6,0,
03-10-2020,Beauty,461.3,1137.4,136.61,0,427.5,0,
04-10-2020,Beauty,460.9,1131.3,135.09,0,449.4,0,
05-10-2020,Beauty,436.7,1129.8,138.22,0,411.3,0,
06-10-2020,Beauty,438.3,1135,137.14,0,428.9,0,
07-10-2020,Beauty,403,1146.2,138.68,0,369.2,0,
08-10-2020,Beauty,420.8,1141.9,141.91,0,429.4,0,
09-10-2020,Beauty,413.1,1146.2,139.45,0,420.4,0,
10-10-2020,Beauty,433.8,1141.3,138.27,0,434,0,
11-10-2020,Beauty,466,1116.8,138.15,0,456.5,0,
12-10-2020,Beauty,403.1,1133.6,134.75,0,386.4,0,
13-10-2020,Beauty,624.7,1117.2,137.46,1,626.2,0,
14-10-2020,Beauty,,1139.2,138.46,0,391.4,0,
15-10-2020,Beauty,425.2,1127.2,140.15,0,434.2,0,
16-10-2020,Beauty,416.3,1127.7,139.45,0,396.3,0,
17-10-2020,Beauty,647.7,1124.8,136.9,1,601.8,0,
18-10-2020,Beauty,424.3,1128.3,141.39,0,403.6,0,
19-10-2020,Beauty,365.4,1146.9,132.24,0,329.3,0,
20-10-2020,Beauty,388.4,1147.9,139.17,0,374.2,0,
21-10-2020,Beauty,449.6,1122.4,134.98,0,423.1,0,
22-10-2020,Beauty,457,1108.8,141.82,0,465.5,0,
23-10-2020,Beauty,415.4,1123,140.33,0,415.9,0,
24-10-2020,Beauty,408.6,1128,133.56,0,369.3,0,
25-10-2020,Beauty,409.5,1138.6,134.84,0,377.5,0,
26-10-2020,Beauty,381.8,1147.1,132.84,0,374.7,0,
27-10-2020,Beauty,416.1,1135.9,139.69,0,413.1,0,
28-10-2020,Beauty,413.4,1134.1,138.85,0,419.7,0,
29-10-2020,Beauty,454.6,1127.2,140.11,0,475.1,0,
30-10-2020,Beauty,427.3,1137.9,130.27,0,429.5,0,
31-10-2020,Beauty,446.2,1136.3,135.35,0,438.1,0,
01-11-2020,Beauty,397.2,1152.4,139.63,0,382.2,0,
02-11-2020,Beauty,388.7,1159.3,141.12,0,392.9,0,
03-11-2020,Beauty,402.5,1162.1,136.65,0,418.7,0,
04-11-2020,Beauty,377.8,1172.5,138.4,0,364,0,
05-11-2020,Beauty,426.5,1155.2,139.76,0,421.3,0,
06-11-2020,Beauty,458.2,1140.9,141.86,0,426.6,0,
07-11-2020,Beauty,393.9,1160.9,133.33,0,405.2,0,
08-11-2020,Beauty,432.4,1157,137.02,0,435.4,0,
09-11-2020,Beauty,518.6,1167.5,133.42,1,494.3,0,
10-11-2020,Beauty,406.1,1157.6,138.87,0,418.7,0,
11-11-2020,Beauty,424.1,1161.1,133.62,0,443.5,0,
12-11-2020,Beauty,419.2,1164.9,137.61,0,395.5,0,
13-11-2020,Beauty,647.2,1158.8,137.93,1,600.6,0,
14-11-2020,Beauty,414.7,1164.9,135.38,0,425,0,
15-11-2020,Beauty,391.8,1160.3,140.36,0,386.8,0,
16-11-2020,Beauty,426.3,1145.8,138.25,0,440.2,0,
17-11-2020,Beauty,369.6,1158.6,137.74,0,351.9,0,
18-11-2020,Beauty,400.5,1152.4,135.7,0,395.3,0,
19-11-2020,Beauty,445.5,1137.9,137.06,0,439.5,0,
20-11-2020,Beauty,405.5,1155.3,135.11,0,376.4,0,
21-11-2020,Beauty,414.8,1141.7,136.75,0,435.1,0,
22-11-2020,Beauty,371.2,1166.1,137.64,0,371.1,0,
23-11-2020,Beauty,385.8,1167.9,144.74,0,385.7,0,
24-11-2020,Beauty,,1176.7,137.4,0,343.6,0,
25-11-2020,Beauty,393.8,1165.9,135.65,0,392.9,0,
26-11-2020,Beauty,428.2,1159.6,134.07,0,438.9,0,
27-11-2020,Beauty,425.8,1160.7,139.37,0,435.2,0,
28-11-2020,Beauty,445.3,1153.9,134.73,0,462.2,0,
29-11-2020,Beauty,422,1164.6,138.65,0,389.2,0,
30-11-2020,Beauty,595.2,1179.6,141.41,1,552,0,
01-12-2020,Beauty,422.1,1170.7,139.7,0,424.8,0,
02-12-2020,Beauty,407.8,1172.6,135.03,0,416.4,0,
03-12-2020,Beauty,407,1172.2,138.26,0,407.5,0,
04-12-2020,Beauty,396.5,1168.7,141.16,0,365.3,0,
05-12-2020,Beauty,454.1,1144.4,138.54,0,449.3,0,
06-12-2020,Beauty,,1146.9,137.04,0,440.9,0,
07-12-2020,Beauty,390.5,1165.3,140.07,0,359.5,0,
08-12-2020,Beauty,396.6,1164.1,138.99,0,360.2,0,
09-12-2020,Beauty,405.5,1166.1,137.98,0,380.5,0,
10-12-2020,Beauty,,1181.1,139.48,0,344.5,0,
11-12-2020,Beauty,424.4,1168.7,138.41,0,391.4,0,
12-12-2020,Beauty,365.8,1181.1,136.34,0,340.4,0,
13-12-2020,Beauty,375.5,1182.3,138.15,0,367.8,0,
14-12-2020,Beauty,395.6,1170.6,136.9,0,365.3,0,
15-12-2020,Beauty,610.3,584,140.78,1,604.6,0,
16-12-2020,Beauty,370.7,594.7,136.86,0,349.8,0,
17-12-2020,Beauty,420.7,587.1,136.87,0,38.9,1,supplier_delay
18-12-2020,Beauty,426.2,587.5,139.87,0,445.4,0,
19-12-2020,Beauty,415.3,584,136.97,0,424,0,
20-12-2020,Beauty,413.6,1159.8,137.87,0,398.6,0,
21-12-2020,Beauty,415.9,1160.5,136.67,0,402.3,0,
22-12-2020,Beauty,401.4,1165.3,135.46,0,368.1,0,
23-12-2020,Beauty,451,1154.4,136.79,0,463,0,
24-12-2020,Beauty,420.6,1160.4,135.92,0,378.8,0,
25-12-2020,Beauty,404.2,1171,145.16,0,372.6,0,
26-12-2020,Beauty,465.4,1150.3,136.85,0,456.1,0,
27-12-2020,Beauty,467.2,1149.9,136.3,0,433.7,0,
28-12-2020,Beauty,413.3,1161.1,139.99,0,411.2,0,
29-12-2020,Beauty,345.8,1184.2,139.85,0,311.4,0,
30-12-2020,Beauty,421.3,1157.7,135.11,0,385.4,0,
31-12-2020,Beauty,410.7,1162.2,138.24,0,416.7,0,
01-01-2021,Beauty,467.8,1149.2,136.88,0,461.4,0,
02-01-2021,Beauty,422.4,1167.4,138.39,0,381.4,0,
03-01-2021,Beauty,392.3,1189.5,136.88,0,365.2,0,
04-01-2021,Beauty,1547.3,1184.5,131.93,0,382.8,1,demand_spike
05-01-2021,Beauty,435.9,1174.9,139.12,0,447.8,0,
06-01-2021,Beauty,397,1183.4,138.85,0,392,0,
07-01-2021,Beauty,449.1,1170.9,134.21,0,440.7,0,
08-01-2021,Beauty,387.1,1188.9,140.35,0,353.4,0,
09-01-2021,Beauty,423.1,1173.8,140.35,0,422.5,0,
10-01-2021,Beauty,377.7,1183.1,140.91,0,348.7,0,
11-01-2021,Beauty,382.4,1187.9,133.35,0,374.1,0,
12-01-2021,Beauty,436.1,1176.2,139.93,0,431.3,0,
13-01-2021,Beauty,,1190.3,135.28,0,422,0,
14-01-2021,Beauty,415,1182.1,134.24,0,423.7,0,
15-01-2021,Beauty,,1165.2,136.19,0,432.1,0,
16-01-2021,Beauty,442.4,1167.5,136.98,0,459,0,
17-01-2021,Beauty,368.5,1190.3,136.2,0,331.8,0,
18-01-2021,Beauty,404.7,1175.5,140.87,0,384.2,0,
19-01-2021,Beauty,1053.2,1180.4,134.76,0,374.5,1,demand_spike
20-01-2021,Beauty,442.3,1169.4,140.28,0,445.9,0,
21-01-2021,Beauty,429.2,1182.6,136.42,0,418.5,0,
22-01-2021,Beauty,487.7,1169.4,137.87,0,451.7,0,
23-01-2021,Beauty,438.7,1188.6,136.84,0,400.5,0,
24-01-2021,Beauty,379.2,1215.1,135.38,0,354.2,0,
25-01-2021,Beauty,400.8,1209,135.32,0,416.1,0,
26-01-2021,Beauty,440.4,1201.3,134,0,441.1,0,
27-01-2021,Beauty,623.3,1209.1,133.75,1,583.6,0,
28-01-2021,Beauty,442.7,1198.2,137.13,0,457.7,0,
29-01-2021,Beauty,442.8,1195,141.39,0,407.6,0,
30-01-2021,Beauty,516.1,1214.2,134.53,1,517.8,0,
31-01-2021,Beauty,412.1,1205.5,138.09,0,397.1,0,
01-02-2021,Beauty,402.8,1212.1,137.2,0,378.7,0,
02-02-2021,Beauty,458.3,1198.2,141.16,0,430.5,0,
03-02-2021,Beauty,715.6,1199.5,138.92,1,697.8,0,
04-02-2021,Beauty,624.4,1212.7,135.82,1,649.2,0,
05-02-2021,Beauty,411.2,1202.7,134.33,0,415.9,0,
06-02-2021,Beauty,457.4,1192.7,132.3,0,457.1,0,
07-02-2021,Beauty,426.7,1197.9,135.51,0,440,0,
08-02-2021,Beauty,,1210,143.56,0,416.4,0,
09-02-2021,Beauty,494,1220.4,135.99,1,458.8,0,
10-02-2021,Beauty,615.8,1215.2,132.42,1,644.5,0,
11-02-2021,Beauty,431.7,1210.3,133.07,0,423.2,0,
12-02-2021,Beauty,424.4,1218.1,141.97,0,402.1,0,
13-02-2021,Beauty,435.8,1218.3,136.38,0,443.1,0,
14-02-2021,Beauty,426.6,1223,138.72,0,413.6,0,
15-02-2021,Beauty,392.7,1227.9,138.47,0,354.2,0,
16-02-2021,Beauty,1678.4,1217,135.87,1,570.5,1,demand_spike
17-02-2021,Beauty,422.9,1218.6,136.31,0,409.6,0,
18-02-2021,Beauty,448.6,1207.3,135.02,0,428.8,0,
19-02-2021,Beauty,447,1203.7,132.58,0,439.3,0,
20-02-2021,Beauty,490.3,1188.1,140.43,0,454.8,0,
21-02-2021,Beauty,441.6,1205.3,139.81,0,435.4,0,
22-02-2021,Beauty,1358.1,1220.1,137.55,0,435.9,1,demand_spike
23-02-2021,Beauty,456.3,1210,137.82,0,462.2,0,
24-02-2021,Beauty,393.5,1235,140.32,0,394.6,0,
25-02-2021,Beauty,472.3,1210.6,131.32,0,439.3,0,
26-02-2021,Beauty,467.3,1222.3,139.03,0,461.4,0,
27-02-2021,Beauty,461.6,1230.7,140.44,0,472.2,0,
28-02-2021,Beauty,428.2,1245.2,142.81,0,400.8,0,
01-03-2021,Beauty,661.5,1239.8,140.16,1,603.9,0,
02-03-2021,Beauty,445.5,1244.3,142,0,445.2,0,
03-03-2021,Beauty,471.6,1229,137,0,472.1,0,
04-03-2021,Beauty,442.1,1230.1,137.65,0,451.3,0,
05-03-2021,Beauty,494.9,1217.6,135.39,0,492.2,0,
06-03-2021,Beauty,446.5,1232.4,135.93,0,458.7,0,
07-03-2021,Beauty,410.1,1246.2,140.21,0,385.4,0,
08-03-2021,Beauty,483.4,1218.5,138.8,0,437.6,0,
09-03-2021,Beauty,462.7,1232.4,139.06,0,467.3,0,
10-03-2021,Beauty,785.9,1219.3,133.38,1,752.8,0,
11-03-2021,Beauty,468.5,1231.5,138.98,0,436.4,0,
12-03-2021,Beauty,,1220.4,141.38,0,451.4,0,
13-03-2021,Beauty,618.4,1222.5,138.84,1,626.6,0,
14-03-2021,Beauty,443.2,1250.1,134.97,0,453.8,0,
15-03-2021,Beauty,404.2,1267.6,137.51,0,387.4,0,
16-03-2021,Beauty,457.8,1248.7,141.52,0,472.8,0,
17-03-2021,Beauty,468,1240.6,138.47,0,450.4,0,
18-03-2021,Beauty,482.4,1238.1,141.11,0,503.1,0,
19-03-2021,Beauty,478.3,1237.6,142.89,0,501,0,
20-03-2021,Beauty,457.6,1240.5,137.11,0,468,0,
21-03-2021,Beauty,442.1,1255.1,134.69,0,414.9,0,
22-03-2021,Beauty,466.1,1238,136.25,0,445.1,0,
23-03-2021,Beauty,376.7,1268.3,142.93,0,369.1,0,
24-03-2021,Beauty,616,1263.7,139.93,1,584.8,0,
25-03-2021,Beauty,434.2,1255,138.3,0,444.1,0,
26-03-2021,Beauty,434,1253,140.59,0,451,0,
27-03-2021,Beauty,472.1,1239.9,136.39,0,494.7,0,
28-03-2021,Beauty,476.2,1246.7,136.74,0,452.6,0,
29-03-2021,Beauty,467.3,1249.2,135.69,0,439.5,0,
30-03-2021,Beauty,428.3,1271.2,143.61,0,395.8,0,
31-03-2021,Beauty,558.2,1275.1,138.15,1,506.4,0,
01-04-2021,Beauty,489.1,1255.5,137.34,0,453.1,0,
02-04-2021,Beauty,501.5,1246.1,138.23,0,472.7,0,
03-04-2021,Beauty,495.1,1242.9,137.38,0,474.6,0,
04-04-2021,Beauty,432.6,1265,135.27,0,396.5,0,
05-04-2021,Beauty,480,1263.6,140.59,0,491,0,
06-04-2021,Beauty,467.9,1264.9,132.99,0,464.5,0,
07-04-2021,Beauty,452.2,1266.4,138.2,0,445.2,0,
08-04-2021,Beauty,474.7,1262.9,139.36,0,466,0,
09-04-2021,Beauty,472,1262.7,133.42,0,445.3,0,
10-04-2021,Beauty,465.9,1262.3,138.89,0,484.8,0,
11-04-2021,Beauty,499.6,1259.9,136.38,0,467,0,
12-04-2021,Beauty,477.4,1274.2,133.11,0,477.5,0,
13-04-2021,Beauty,441.1,1286.5,138.13,0,413.7,0,
14-04-2021,Beauty,470.6,1274.4,140.17,0,493.4,0,
15-04-2021,Beauty,509.8,1264.6,146.17,0,528.5,0,
16-04-2021,Beauty,448.9,1288,136.53,0,421.8,0,
17-04-2021,Beauty,505.5,1277.8,138.98,0,529.8,0,
18-04-2021,Beauty,526.1,1277.2,140.17,0,522.9,0,
19-04-2021,Beauty,477.1,1279,137.99,0,481.5,0,
20-04-2021,Beauty,468.6,1284,139.62,0,441.6,0,
21-04-2021,Beauty,449,1293.7,136.43,0,418.6,0,
22-04-2021,Beauty,442.9,1300.1,137.12,0,455.6,0,
23-04-2021,Beauty,490.8,1287.6,134.15,0,462,0,
24-04-2021,Beauty,507.4,1282.8,136.58,0,526.5,0,
25-04-2021,Beauty,477.9,1290.2,133.07,0,456.4,0,
26-04-2021,Beauty,504,1278.4,133.33,0,454.3,0,
27-04-2021,Beauty,486.6,974.8,140.04,0,481.1,0,
28-04-2021,Beauty,471.1,983.6,134.05,0,449,0,
29-04-2021,Beauty,534.9,971.8,140.18,0,37.1,1,supplier_delay
30-04-2021,Beauty,522.2,977.8,137.17,0,500.3,0,
01-05-2021,Beauty,460.6,989.7,137.18,0,436.3,0,
02-05-2021,Beauty,461.6,1302.4,135.57,0,454.6,0,
03-05-2021,Beauty,465.8,1310.4,137.52,0,470.2,0,
04-05-2021,Beauty,525,1293.3,141.85,0,548.6,0,
05-05-2021,Beauty,512.9,1300.9,135.62,0,467,0,
06-05-2021,Beauty,582.8,1307.5,136.65,1,561.2,0,
07-05-2021,Beauty,589.5,1273.4,139.78,0,589.2,0,
08-05-2021,Beauty,522.6,1294.9,134.42,0,470.7,0,
09-05-2021,Beauty,460.5,1310,134.17,0,448.3,0,
10-05-2021,Beauty,474.2,1302.2,137.47,0,484.2,0,
11-05-2021,Beauty,692.7,1301.9,140.91,1,628.7,0,
12-05-2021,Beauty,477.6,1301.4,137.37,0,454.2,0,
13-05-2021,Beauty,543.4,1278.6,136.85,0,521.8,0,
14-05-2021,Beauty,511.8,1288.9,137.51,0,515.6,0,
15-05-2021,Beauty,529.5,1278,137.36,0,500,0,
16-05-2021,Beauty,490,1290.7,135.83,0,459.1,0,
17-05-2021,Beauty,475.9,1285.4,140.17,0,436.6,0,
18-05-2021,Beauty,473.6,1291.5,138.23,0,497,0,
19-05-2021,Beauty,501.8,1275.3,136.2,0,487.1,0,
20-05-2021,Beauty,495.2,1285.1,137.78,0,449.2,0,
21-05-2021,Beauty,517.1,1280.6,136.71,0,471.3,0,
22-05-2021,Beauty,495.5,1290.1,133.7,0,455.4,0,
23-05-2021,Beauty,705.4,1297.7,143.57,1,657.2,0,
24-05-2021,Beauty,478.7,1295.6,137.97,0,484,0,
25-05-2021,Beauty,447.2,1306,134.86,0,440,0,
26-05-2021,Beauty,537.3,1273.2,134.45,0,546.2,0,
27-05-2021,Beauty,529.2,1279.5,133.52,0,477.9,0,
28-05-2021,Beauty,508.9,1281.4,135.58,0,478.2,0,
29-05-2021,Beauty,468.4,1305.3,134.34,0,450,0,
30-05-2021,Beauty,498.5,1292.3,137.01,0,480.8,0,
31-05-2021,Beauty,495.3,1285.2,142.12,0,449.8,0,
01-06-2021,Beauty,503.4,1291.2,135.68,0,491.7,0,
02-06-2021,Beauty,487,1300.1,146.59,0,459.2,0,
03-06-2021,Beauty,524.1,1291.2,139.41,0,486.7,0,
04-06-2021,Beauty,569.3,1274.9,143.65,0,569.7,0,
05-06-2021,Beauty,501,1295.7,134.04,0,457.2,0,
06-06-2021,Beauty,525.5,1287.6,135.68,0,541.2,0,
07-06-2021,Beauty,491.1,1302.3,135.83,0,508.3,0,
08-06-2021,Beauty,491.3,1299.3,137.4,0,466.1,0,
09-06-2021,Beauty,510.8,1291,139.48,0,535.3,0,
10-06-2021,Beauty,507.2,1295.7,133.42,0,487,0,
11-06-2021,Beauty,527.1,1296.3,140,0,550.5,0,
12-06-2021,Beauty,538.8,1290.9,135.68,0,564.7,0,
13-06-2021,Beauty,523.4,1298.7,142.63,0,536,0,
14-06-2021,Beauty,520.9,1304.7,138.58,0,478.6,0,
15-06-2021,Beauty,480.5,1312.2,141.06,0,474.6,0,
16-06-2021,Beauty,510,1302,136.35,0,515,0,
17-06-2021,Beauty,574.9,674.1,139.12,0,524.1,0,
18-06-2021,Beauty,500.5,691.3,136.31,0,517.6,0,
19-06-2021,Beauty,513.1,690,139.28,0,51.9,1,supplier_delay
20-06-2021,Beauty,472.1,698.9,138.26,0,491,0,
21-06-2021,Beauty,495.9,694.1,141.83,0,484.6,0,
22-06-2021,Beauty,522,1301.4,140.19,0,495.2,0,
23-06-2021,Beauty,551.3,1292.1,138.92,0,538,0,
24-06-2021,Beauty,497.1,1307.5,138.13,0,501.8,0,
25-06-2021,Beauty,504.4,1317.1,137.82,0,485.5,0,
26-06-2021,Beauty,555,1303.9,133.51,0,528.7,0,
27-06-2021,Beauty,427.5,1345.6,134.5,0,389.7,0,
28-06-2021,Beauty,477.5,1330.6,135.12,0,461.8,0,
29-06-2021,Beauty,520.3,1318.2,142.17,0,498.9,0,
30-06-2021,Beauty,467,1337.6,136.14,0,466.8,0,
01-07-2021,Beauty,495.7,1328.8,136.37,0,478.7,0,
02-07-2021,Beauty,555.5,1317.9,139.29,0,500.3,0,
03-07-2021,Beauty,466.8,1340.4,135.08,0,454,0,
04-07-2021,Beauty,451.7,1351,141.49,0,459,0,
05-07-2021,Beauty,513.5,1338.3,130.57,0,534.9,0,
06-07-2021,Beauty,662.4,1342,141.01,1,615.3,0,
07-07-2021,Beauty,543.6,1331,142.72,0,523.7,0,
08-07-2021,Beauty,457,1362.3,138.55,0,469.4,0,
09-07-2021,Beauty,559.8,1328.2,135.69,0,507.4,0,
10-07-2021,Beauty,516.8,1345.6,140.22,0,492.3,0,
11-07-2021,Beauty,480.8,1360.8,135.56,0,475.4,0,
12-07-2021,Beauty,468.8,1360.1,143.42,0,446,0,
13-07-2021,Beauty,512,1350.7,139.17,0,498.3,0,
14-07-2021,Beauty,709.2,1347.3,135.09,1,738.2,0,
15-07-2021,Beauty,785.4,1332.9,139.89,1,709.7,0,
16-07-2021,Beauty,627.7,1337.7,134.76,1,572.3,0,
17-07-2021,Beauty,501.5,1346.4,135.43,0,466.2,0,
18-07-2021,Beauty,519.1,1340.6,139.74,0,497.2,0,
19-07-2021,Beauty,470.8,1349.9,135.68,0,457,0,
20-07-2021,Beauty,513.4,901.9,137.95,0,464.9,0,
21-07-2021,Beauty,478.1,909.4,139.2,0,493.5,0,
22-07-2021,Beauty,884.7,888.1,135.76,1,177.5,1,supplier_delay
23-07-2021,Beauty,569.8,884.7,136.11,0,535.7,0,
24-07-2021,Beauty,493.6,903.8,142.33,0,463.2,0,
25-07-2021,Beauty,498.9,1341.1,139.48,0,451,0,
26-07-2021,Beauty,491.4,1340.1,137.58,0,471.7,0,
27-07-2021,Beauty,487.9,1339.2,137.37,0,457.7,0,
28-07-2021,Beauty,478.8,1340.1,134.32,0,475.4,0,
29-07-2021,Beauty,518.3,1319.9,138.92,0,509.1,0,
30-07-2021,Beauty,482.1,1335.5,137.92,0,503.1,0,
31-07-2021,Beauty,547.3,1314.1,140.13,0,557.8,0,
01-08-2021,Beauty,534.5,1317.1,131.84,0,487.6,0,
02-08-2021,Beauty,519.2,1324.5,137.06,0,522.1,0,
03-08-2021,Beauty,708.1,1329.4,137.37,1,648.6,0,
04-08-2021,Beauty,519.3,1331.8,138.54,0,492.5,0,
05-08-2021,Beauty,490.8,1334.8,138.25,0,482.6,0,
06-08-2021,Beauty,483.6,1335.8,139.06,0,471.2,0,
07-08-2021,Beauty,480.4,1336.4,137.07,0,482.3,0,
08-08-2021,Beauty,503.5,1320.3,134.17,0,514.4,0,
09-08-2021,Beauty,450.3,1338.6,133.59,0,461.3,0,
10-08-2021,Beauty,490.2,1329.9,137.44,0,445.5,0,
11-08-2021,Beauty,,1323.9,145.86,0,509.9,0,
12-08-2021,Beauty,505.8,1321.6,139.21,0,528.1,0,
13-08-2021,Beauty,513.9,1320.2,144.6,0,520.7,0,
14-08-2021,Beauty,568,1309.1,139.52,0,555.5,0,
15-08-2021,Beauty,488.6,1331.8,134.71,0,512.9,0,
16-08-2021,Beauty,490.1,1335.3,137.25,0,444.3,0,
17-08-2021,Beauty,511.8,1331,144.58,0,467.4,0,
18-08-2021,Beauty,517.3,1319.9,139.74,0,525.1,0,
19-08-2021,Beauty,775.1,1314.2,139.66,1,761.5,0,
20-08-2021,Beauty,516.5,1320.2,135.7,0,474.5,0,
21-08-2021,Beauty,507.4,1323.6,137.62,0,485.2,0,
22-08-2021,Beauty,441.3,1348.1,134.66,0,401.4,0,
23-08-2021,Beauty,519.6,1325.8,136.41,0,508.6,0,
24-08-2021,Beauty,464.9,1345.4,138.05,0,425.7,0,
25-08-2021,Beauty,513.2,1329.3,135.91,0,462.4,0,
26-08-2021,Beauty,497.9,1335.5,140.24,0,472.2,0,
27-08-2021,Beauty,583,1304.9,136.02,0,545.1,0,
28-08-2021,Beauty,476.7,1341.1,138.49,0,454.9,0,
29-08-2021,Beauty,540.8,1323.3,140.33,0,515.2,0,
30-08-2021,Beauty,470.2,1338.4,143.32,0,467.6,0,
31-08-2021,Beauty,493.9,1330.1,138.61,0,494.9,0,
01-09-2021,Beauty,488.4,1344.3,134.78,0,448.9,0,
02-09-2021,Beauty,539.1,1328.1,137.57,0,524.7,0,
03-09-2021,Beauty,,1336.5,143,0,522.8,0,
04-09-2021,Beauty,501.4,1334.1,140.22,0,462.4,0,
05-09-2021,Beauty,481.4,1334.7,138.14,0,503.1,0,
06-09-2021,Beauty,483.6,1329.2,139.19,0,436.6,0,
07-09-2021,Beauty,449.4,1349.5,138.38,0,411.2,0,
08-09-2021,Beauty,429.9,1357.2,134.1,0,398.3,0,
09-09-2021,Beauty,507.7,1326.8,138.17,0,492.7,0,
10-09-2021,Beauty,1632,1313.7,135.69,0,521,1,demand_spike
11-09-2021,Beauty,479.5,1340.4,136.11,0,461.7,0,
12-09-2021,Beauty,494,1338.2,136.83,0,514.3,0,
13-09-2021,Beauty,429.4,1350.7,131.88,0,408.4,0,
14-09-2021,Beauty,454.7,1346.4,137.15,0,467.1,0,
15-09-2021,Beauty,481.7,1338.4,132.99,0,438.8,0,
16-09-2021,Beauty,491.8,1336.5,139.91,0,502.6,0,
17-09-2021,Beauty,781.3,1336.5,131.96,1,808.8,0,
18-09-2021,Beauty,441.2,1360.8,132.83,0,415.9,0,
19-09-2021,Beauty,467.2,1349.5,132.43,0,458.8,0,
20-09-2021,Beauty,446.7,1347,138.47,0,414.5,0,
21-09-2021,Beauty,442.2,1344.9,137.59,0,404,0,
22-09-2021,Beauty,458.7,1336.2,142.3,0,465.9,0,
23-09-2021,Beauty,495.5,1315.6,138.8,0,492.8,0,
24-09-2021,Beauty,495,1319.1,132.76,0,501.4,0,
25-09-2021,Beauty,477.3,1327,135.29,0,461,0,
26-09-2021,Beauty,,1339.7,138.14,0,407.2,0,
27-09-2021,Beauty,451.8,1329.5,138.52,0,435.5,0,
28-09-2021,Beauty,488.7,1319.7,132.68,0,444.6,0,
29-09-2021,Beauty,432.6,1339.7,140.09,0,407.7,0,
30-09-2021,Beauty,467.6,1338,135.22,0,441.7,0,
01-10-2021,Beauty,459.5,1342.2,135.28,0,462.8,0,
02-10-2021,Beauty,451.3,1346.9,140.56,0,409.8,0,
03-10-2021,Beauty,458,1345.8,137.64,0,429,0,
04-10-2021,Beauty,439,1350.5,138.54,0,413.3,0,
05-10-2021,Beauty,436.2,1355.2,139.06,0,428.7,0,
06-10-2021,Beauty,718.3,1344.9,133.32,1,672.8,0,
07-10-2021,Beauty,443,1352.2,138.29,0,407.5,0,
08-10-2021,Beauty,533.3,1323.3,142.9,0,500.7,0,
09-10-2021,Beauty,461,1343.5,137.03,0,444.1,0,
10-10-2021,Beauty,451.3,1348.1,138.64,0,441.7,0,
11-10-2021,Beauty,442.9,1353.8,144.6,0,401,0,
12-10-2021,Beauty,430.1,1354,141.86,0,407.1,0,
13-10-2021,Beauty,496.9,1335,136.4,0,504.2,0,
14-10-2021,Beauty,484.6,1334.2,138.96,0,479.6,0,
15-10-2021,Beauty,419.2,1357,139.68,0,406,0,
16-10-2021,Beauty,441.3,1357.7,143.55,0,427.1,0,
17-10-2021,Beauty,441.4,1360.4,135.1,0,421.7,0,
18-10-2021,Beauty,463.7,1352.2,146.05,0,441.1,0,
19-10-2021,Beauty,480.1,1352.4,138.4,0,461,0,
20-10-2021,Beauty,459.6,1352.3,136.75,0,473.6,0,
21-10-2021,Beauty,514.3,1337.4,139.32,0,499.1,0,
22-10-2021,Beauty,496.9,1356.8,136.61,0,497.1,0,
23-10-2021,Beauty,521.5,1345,136.69,0,532.6,0,
24-10-2021,Beauty,440.6,1367.7,136.04,0,425.1,0,
25-10-2021,Beauty,435.3,1368.2,136.11,0,446.6,0,
26-10-2021,Beauty,453.2,1357.2,132.96,0,475.4,0,
27-10-2021,Beauty,442,1356.8,133.11,0,431.2,0,
28-10-2021,Beauty,491.7,1342.1,135.4,0,472.2,0,
29-10-2021,Beauty,444.8,1364.2,138.35,0,454,0,
30-10-2021,Beauty,609.9,1371.1,135.61,1,608.3,0,
31-10-2021,Beauty,450.4,1370.5,143.43,0,446.8,0,
01-11-2021,Beauty,479.1,1366.1,139.36,0,494.9,0,
02-11-2021,Beauty,457.6,1374.2,135.76,0,456.4,0,
03-11-2021,Beauty,477.9,1359.2,142.58,0,476.1,0,
04-11-2021,Beauty,511.1,1357.3,137.01,0,475.9,0,
05-11-2021,Beauty,483.5,1370.7,136.99,0,485.1,0,
06-11-2021,Beauty,455.3,1380.6,139.38,0,472.2,0,
07-11-2021,Beauty,485.4,1365.2,137.4,0,478.8,0,
08-11-2021,Beauty,464.3,1364.2,137.88,0,480.8,0,
09-11-2021,Beauty,425.3,1369.9,139.46,0,404.5,0,
10-11-2021,Beauty,434.9,1363.6,134.47,0,394.1,0,
11-11-2021,Beauty,649.5,1355.9,137.31,1,627.9,0,
12-11-2021,Beauty,493.1,1346.7,135.02,0,444.1,0,
13-11-2021,Beauty,438.1,1363.7,138.57,0,404.5,0,
14-11-2021,Beauty,451.1,1362.6,133.72,0,418.9,0,
15-11-2021,Beauty,461.2,1366.1,141.94,0,452,0,
16-11-2021,Beauty,435.7,1370.6,135.98,0,454.2,0,
17-11-2021,Beauty,461.1,1354.6,136.69,0,416.4,0,
18-11-2021,Beauty,478.7,1345.3,137.29,0,447.8,0,
19-11-2021,Beauty,488.1,1345.5,134.95,0,510.3,0,
20-11-2021,Beauty,462.7,1357.4,138.25,0,477.6,0,
21-11-2021,Beauty,443.5,1367.4,140.66,0,454.7,0,
22-11-2021,Beauty,462.7,1358.2,136.7,0,422.8,0,
23-11-2021,Beauty,377.5,1385.4,136.44,0,376.2,0,
24-11-2021,Beauty,474.3,1363.9,139.38,0,441.4,0,
25-11-2021,Beauty,480,1366,139.21,0,478.9,0,
26-11-2021,Beauty,506.2,1349.3,137.95,0,488,0,
27-11-2021,Beauty,474,1358.7,140.96,0,471.8,0,
28-11-2021,Beauty,420.2,1373.2,138.74,0,405.2,0,
29-11-2021,Beauty,439.5,1359.9,142.49,0,455.4,0,
30-11-2021,Beauty,415.9,1374.4,136.77,0,375.9,0,
01-12-2021,Beauty,480.8,1348,134.46,0,446.6,0,
02-12-2021,Beauty,404.6,1370.3,141.44,0,414.7,0,
03-12-2021,Beauty,428.8,1369.6,132.75,0,433.4,0,
04-12-2021,Beauty,430,1364.9,135.28,0,399,0,
05-12-2021,Beauty,405.4,1372,134.9,0,372.3,0,
06-12-2021,Beauty,428.8,1367.5,137.78,0,405.9,0,
07-12-2021,Beauty,429.6,1363.2,137.4,0,417.7,0,
08-12-2021,Beauty,473,1347.4,140.95,0,429,0,
09-12-2021,Beauty,418.2,1365.3,137.79,0,429.5,0,
10-12-2021,Beauty,657.7,1357.4,136.03,1,643.3,0,
11-12-2021,Beauty,703.9,1358,136.83,1,730.6,0,
12-12-2021,Beauty,533.4,1366.2,135.02,1,506.1,0,
13-12-2021,Beauty,396.5,1366,139.43,0,359.7,0,
14-12-2021,Beauty,457.8,1351.9,141.7,0,471.8,0,
15-12-2021,Beauty,467.1,1355.3,138.18,0,430.9,0,
16-12-2021,Beauty,413.6,1384.3,137.56,0,393.1,0,
17-12-2021,Beauty,458.5,1386.5,138.89,0,444.6,0,
18-12-2021,Beauty,445.4,1399.2,136.36,0,433.7,0,
19-12-2021,Beauty,491.4,1380.3,137.22,0,444,0,
20-12-2021,Beauty,391.6,1409.2,137.15,0,383.4,0,
21-12-2021,Beauty,430.3,1400.8,139.55,0,392.3,0,
22-12-2021,Beauty,472.9,1390.4,136.54,0,448.8,0,
23-12-2021,Beauty,464.1,1392.2,131.78,0,485.6,0,
24-12-2021,Beauty,496.7,1389,134.49,0,467.9,0,
25-12-2021,Beauty,530.8,1411.6,143.96,1,542.5,0,
26-12-2021,Beauty,416.3,1411.8,137.16,0,406.6,0,
27-12-2021,Beauty,431.8,1407.5,138.99,0,401.8,0,
28-12-2021,Beauty,455,1402.9,137.38,0,458.8,0,
29-12-2021,Beauty,455.9,1405.4,137.4,0,448.3,0,
30-12-2021,Beauty,483.8,1392.8,134.53,0,474.1,0,
31-12-2021,Beauty,463.8,1384.7,142.3,0,419.5,0,
01-01-2022,Beauty,431.5,1392.1,135.55,0,409.9,0,
02-01-2022,Beauty,463.6,1383.7,135.48,0,468.3,0,
03-01-2022,Beauty,,1404.1,138.66,0,411.8,0,
04-01-2022,Beauty,421.2,1395.9,140.81,0,430.6,0,
05-01-2022,Beauty,424.3,1396.4,136.85,0,384.3,0,
06-01-2022,Beauty,475.5,1382.4,132.45,0,439.5,0,
07-01-2022,Beauty,472.5,1380,132.54,0,495.1,0,
08-01-2022,Beauty,438.1,1389.5,141.86,0,404.5,0,
09-01-2022,Beauty,432.9,1385,137.81,0,403.5,0,
10-01-2022,Beauty,435.5,1374.5,141.26,0,444.3,0,
11-01-2022,Beauty,463.3,1372.2,138.25,0,444.3,0,
12-01-2022,Beauty,461.4,1373.8,135.26,0,423.3,0,
13-01-2022,Beauty,480.7,1366.3,138.68,0,441.7,0,
14-01-2022,Beauty,487.9,1366,138.34,0,445.3,0,
15-01-2022,Beauty,468.5,1374.2,138.98,0,434.3,0,
16-01-2022,Beauty,460.7,1386.6,137.83,0,449,0,
17-01-2022,Beauty,604.2,1398.4,136.29,1,545.1,0,
18-01-2022,Beauty,487,1387.2,140.76,0,446.9,0,
19-01-2022,Beauty,476.9,1400.9,137.43,0,494.1,0,
20-01-2022,Beauty,522.1,1386.9,138.26,0,538.6,0,
21-01-2022,Beauty,511.8,1396.1,134.91,0,524.6,0,
22-01-2022,Beauty,467.5,1406.7,134.63,0,470.2,0,
23-01-2022,Beauty,454,1411,135.39,0,453.7,0,
24-01-2022,Beauty,,1427.6,134.62,0,385.8,0,
25-01-2022,Beauty,427,1423.6,131.67,0,405.7,0,
26-01-2022,Beauty,492.3,1405.4,135.88,0,460.5,0,
27-01-2022,Beauty,504.3,1403.1,141.8,0,528,0,
28-01-2022,Beauty,434.6,1430.5,136.45,0,432.5,0,
29-01-2022,Beauty,508.5,1408.8,134.14,0,531.4,0,
30-01-2022,Beauty,491.9,1410.8,139.56,0,462.8,0,
31-01-2022,Beauty,482.1,1413.5,137.28,0,478.8,0,
01-02-2022,Beauty,470.9,1423.3,136.58,0,477.4,0,
02-02-2022,Beauty,484,1423.7,134.3,0,442.5,0,
03-02-2022,Beauty,480.2,1424.3,137.63,0,480.2,0,
04-02-2022,Beauty,472.9,1422.6,137.7,0,437.6,0,
05-02-2022,Beauty,508.3,1409.2,138.45,0,482.5,0,
06-02-2022,Beauty,460.5,1423.5,137.81,0,463.9,0,
07-02-2022,Beauty,364.3,1451.9,137.22,0,351.9,0,
08-02-2022,Beauty,477.9,1414.2,137.61,0,496.2,0,
09-02-2022,Beauty,450,1427.3,137.3,0,421.2,0,
10-02-2022,Beauty,492.9,1411.6,133.55,0,455,0,
11-02-2022,Beauty,533.8,1394.8,143,0,507.4,0,
12-02-2022,Beauty,536.6,1393,139.26,0,551.6,0,
13-02-2022,Beauty,,1409.7,138,0,501.9,0,
14-02-2022,Beauty,495.9,1403,136.97,0,473.8,0,
15-02-2022,Beauty,485.6,1406.3,137.14,0,496.1,0,
16-02-2022,Beauty,500.4,1399.7,138.41,0,456.2,0,
17-02-2022,Beauty,516.6,1393.2,141.47,0,465.5,0,
18-02-2022,Beauty,471.5,1406.7,135.71,0,485.5,0,
19-02-2022,Beauty,458.2,1413.6,138.36,0,472.4,0,
20-02-2022,Beauty,501.4,1400.7,133.15,0,462,0,
21-02-2022,Beauty,667,1421.5,139.84,1,630.1,0,
22-02-2022,Beauty,476.2,1424.8,138.55,0,489.3,0,
23-02-2022,Beauty,473.9,1427.6,137.32,0,432.5,0,
24-02-2022,Beauty,490.1,1421.2,131.65,0,504.5,0,
25-02-2022,Beauty,533.7,1405.6,136.03,0,526.3,0,
26-02-2022,Beauty,473.9,1428.6,135.02,0,473.2,0,
27-02-2022,Beauty,481.8,1418.2,135.09,0,476.6,0,
28-02-2022,Beauty,454.1,1432.2,132.5,0,448.4,0,
01-03-2022,Beauty,439.1,1442.5,136.6,0,407.4,0,
02-03-2022,Beauty,493.4,1425.6,142.62,0,461.5,0,
03-03-2022,Beauty,522.4,1422.7,139.56,0,515.6,0,
04-03-2022,Beauty,702.9,1433.4,137.75,1,674.9,0,
05-03-2022,Beauty,482.5,1432.8,139.12,0,473.4,0,
06-03-2022,Beauty,457.6,1442.8,143.64,0,429.2,0,
07-03-2022,Beauty,482.1,1433.6,134.85,0,467.4,0,
08-03-2022,Beauty,667.2,1440.6,135.46,1,614.8,0,
09-03-2022,Beauty,443.8,1446.3,136.27,0,402,0,
10-03-2022,Beauty,500.7,1430.6,133.71,0,522.1,0,
11-03-2022,Beauty,538.9,1432.3,138.49,0,543.5,0,
12-03-2022,Beauty,533.9,1436.3,136.76,0,520.4,0,
13-03-2022,Beauty,521.9,1445.3,139.33,0,512.8,0,
14-03-2022,Beauty,459.7,1468.5,139.9,0,448.9,0,
15-03-2022,Beauty,458.8,1458.9,141.24,0,474.8,0,
16-03-2022,Beauty,485.5,1450.4,139.6,0,493.2,0,
17-03-2022,Beauty,538.7,1441.3,136.57,0,511.1,0,
18-03-2022,Beauty,541.8,1434.4,136.2,0,505.3,0,
19-03-2022,Beauty,510.8,1442.9,134.88,0,464.8,0,
20-03-2022,Beauty,525,1449.3,137.74,0,484.1,0,
21-03-2022,Beauty,504.4,1449.8,138.59,0,491.1,0,
22-03-2022,Beauty,481.5,1462.4,133.51,0,448,0,
23-03-2022,Beauty,498.3,1453.1,140.79,0,471.8,0,
24-03-2022,Beauty,488.9,1458.7,137.68,0,449.8,0,
25-03-2022,Beauty,521,1452.8,136.57,0,541,0,
26-03-2022,Beauty,501,1462.8,134.81,0,453.5,0,
27-03-2022,Beauty,478.1,1465,141.48,0,455.5,0,
28-03-2022,Beauty,476.7,1471.3,139.01,0,447.5,0,
29-03-2022,Beauty,535.5,1450.1,139.98,0,482.6,0,
30-03-2022,Beauty,500.7,1452.7,137.31,0,520.3,0,
31-03-2022,Beauty,564.2,1428.8,142.06,0,534.4,0,
01-04-2022,Beauty,530.7,1434.7,139.87,0,517.6,0,
02-04-2022,Beauty,515.7,1443,141.25,0,509.2,0,
03-04-2022,Beauty,520.9,1446.5,140.81,0,516.5,0,
04-04-2022,Beauty,441.3,1471.1,135.89,0,427.7,0,
05-04-2022,Beauty,555.1,1432.2,138.17,0,549.1,0,
06-04-2022,Beauty,540.7,1433.8,141.28,0,547.6,0,
07-04-2022,Beauty,535.6,1434.9,138.95,0,558.6,0,
08-04-2022,Beauty,554.4,1423.1,134.89,0,553.6,0,
09-04-2022,Beauty,842.3,1425.6,137.85,1,816.5,0,
10-04-2022,Beauty,498.1,1434.5,139.85,0,481.6,0,
11-04-2022,Beauty,504.5,1431.5,133.59,0,507.8,0,
12-04-2022,Beauty,498.5,1427.8,134.94,0,495.5,0,
13-04-2022,Beauty,500.1,1433.8,133.7,0,481.6,0,
14-04-2022,Beauty,697.5,1422.6,138.91,1,662.9,0,
15-04-2022,Beauty,544.5,1411,141.9,0,571.2,0,
16-04-2022,Beauty,663.9,1418.8,132.02,1,673.9,0,
17-04-2022,Beauty,552.6,1416.6,138.18,0,514.5,0,
18-04-2022,Beauty,502.2,1430.3,135.86,0,474,0,
19-04-2022,Beauty,496.2,1428.6,142.31,0,513.1,0,
20-04-2022,Beauty,496,1426.8,138.21,0,495.5,0,
21-04-2022,Beauty,551.1,1406.6,139.96,0,521.6,0,
22-04-2022,Beauty,579.8,1395.4,141.44,0,553.5,0,
23-04-2022,Beauty,526.2,1412.3,138.09,0,503.5,0,
24-04-2022,Beauty,,1413.1,132.65,0,472,0,
25-04-2022,Beauty,535.7,1392.1,137.28,0,523.2,0,
26-04-2022,Beauty,491.9,1413.7,138.19,0,499.2,0,
27-04-2022,Beauty,571.2,1383.8,134.38,0,562.4,0,
28-04-2022,Beauty,677.5,1384.4,132.41,1,676.4,0,
29-04-2022,Beauty,557.5,1386,133.8,0,551.5,0,
30-04-2022,Beauty,541,1388.6,141.27,0,491.7,0,
01-05-2022,Beauty,465,1413.1,134.39,0,431.6,0,
02-05-2022,Beauty,516.9,1401.7,145.33,0,492.4,0,
03-05-2022,Beauty,512.8,1407.6,141.55,0,529.9,0,
04-05-2022,Beauty,545,1400.5,140.13,0,519,0,
05-05-2022,Beauty,576.7,1387.6,133.35,0,547.3,0,
06-05-2022,Beauty,564.3,1384.9,141.48,0,514.7,0,
07-05-2022,Beauty,527.6,1404.9,136.22,0,551.7,0,
08-05-2022,Beauty,571,1392.5,132.57,0,580.6,0,
09-05-2022,Beauty,523.4,1409.1,138.31,0,531.2,0,
10-05-2022,Beauty,557.4,1396.5,138.85,0,533.8,0,
11-05-2022,Beauty,560.7,1397.2,135.41,0,511.2,0,
12-05-2022,Beauty,527.6,1405,135.95,0,495.7,0,
13-05-2022,Beauty,581.8,1387.3,137.12,0,598,0,
14-05-2022,Beauty,568.8,1384.4,137.04,0,527.3,0,
15-05-2022,Beauty,535.8,1396.6,139.67,0,554.1,0,
16-05-2022,Beauty,514.6,1391.4,136.85,0,504.5,0,
17-05-2022,Beauty,549.2,1386.6,142.14,0,553.1,0,
18-05-2022,Beauty,566.6,1391,138.48,0,548.5,0,
19-05-2022,Beauty,545.1,1395.2,133.04,0,566.8,0,
20-05-2022,Beauty,573.6,1391.1,140.78,0,536.9,0,
21-05-2022,Beauty,542.1,1398.6,135.29,0,534.4,0,
22-05-2022,Beauty,523.3,1404.2,140.75,0,476.4,0,
23-05-2022,Beauty,539.1,1396.7,138.55,0,524,0,
24-05-2022,Beauty,551.3,1390.9,135.36,0,576.6,0,
25-05-2022,Beauty,557.6,1386.9,136.46,0,509.2,0,
26-05-2022,Beauty,554.4,1378.3,138.86,0,541.1,0,
27-05-2022,Beauty,533,1386.4,138.35,0,527.9,0,
28-05-2022,Beauty,545.2,1373.3,140.23,0,566.9,0,
29-05-2022,Beauty,548.4,1074.7,138.8,0,518,0,
30-05-2022,Beauty,710.8,1059.4,137.61,1,693.4,0,
31-05-2022,Beauty,510.2,1075.3,137.89,0,120.2,1,supplier_delay
01-06-2022,Beauty,544.2,1068.3,137.09,0,552.6,0,
02-06-2022,Beauty,556,1070.9,139.06,0,567.9,0,
03-06-2022,Beauty,508.1,1379.5,138.76,0,516.8,0,
04-06-2022,Beauty,540.3,1368.4,138.31,0,528,0,
05-06-2022,Beauty,511.7,1371.4,143.94,0,493.8,0,
06-06-2022,Beauty,795.1,1363.7,138.65,1,746,0,
07-06-2022,Beauty,572.9,1354.5,140.99,0,555.6,0,
08-06-2022,Beauty,564.8,1359.2,135.82,0,510.1,0,
09-06-2022,Beauty,2900.3,1354.4,137.64,1,760.7,1,demand_spike
10-06-2022,Beauty,612.8,1330.1,131.72,0,577.9,0,
11-06-2022,Beauty,590.9,1344.9,137.85,0,561.4,0,
12-06-2022,Beauty,522.6,1359.2,135.92,0,525.8,0,
13-06-2022,Beauty,488.8,1369.2,135.66,0,452.5,0,
14-06-2022,Beauty,479.9,1367.5,138.2,0,489.2,0,
15-06-2022,Beauty,528.1,1347.6,136.5,0,538.8,0,
16-06-2022,Beauty,548.6,1342.4,133.36,0,542,0,
17-06-2022,Beauty,603.8,1330.1,137.05,0,588,0,
18-06-2022,Beauty,586.7,1338.5,147.37,0,569.2,0,
19-06-2022,Beauty,565.8,1347.8,138.77,0,544.9,0,
20-06-2022,Beauty,719.7,1355.7,138.38,1,657.3,0,
21-06-2022,Beauty,533,1353.3,134.49,0,532.1,0,
22-06-2022,Beauty,540.3,1352.8,134.19,0,533.1,0,
23-06-2022,Beauty,617.3,1322.6,135.03,0,557,0,
24-06-2022,Beauty,550.7,1332.2,138.38,0,512.4,0,
25-06-2022,Beauty,537.9,1336.3,134.25,0,519.3,0,
26-06-2022,Beauty,557.3,1326.3,141.54,0,576.9,0,
27-06-2022,Beauty,511,1333.8,134.41,0,535.8,0,
28-06-2022,Beauty,551.5,1311.5,139.83,0,558.5,0,
29-06-2022,Beauty,557.5,1306.2,138.34,0,564.4,0,
30-06-2022,Beauty,544.7,1317.9,141.75,0,524.1,0,
01-07-2022,Beauty,557.5,1318.4,134.6,0,549.5,0,
02-07-2022,Beauty,536.4,1332,146.05,0,501.5,0,
03-07-2022,Beauty,568.1,1318.8,138.13,0,574.2,0,
04-07-2022,Beauty,530.7,1335.4,140.9,0,482.3,0,
05-07-2022,Beauty,532,1341.2,138.69,0,512.1,0,
06-07-2022,Beauty,569.7,1337.3,134.68,0,583.8,0,
07-07-2022,Beauty,578.9,1333.3,135.49,0,606.1,0,
08-07-2022,Beauty,571.1,1333.2,137.68,0,573.6,0,
09-07-2022,Beauty,582.1,1329.5,135.48,0,541.1,0,
10-07-2022,Beauty,538.4,1343,138.02,0,530.7,0,
11-07-2022,Beauty,511.4,1344.6,140.04,0,503.3,0,
12-07-2022,Beauty,540,1333.2,141.13,0,564.2,0,
13-07-2022,Beauty,547.9,1336.4,142.2,0,562.1,0,
14-07-2022,Beauty,,1319,137.48,0,541.3,0,
15-07-2022,Beauty,557.6,1331,136.44,0,520.3,0,
16-07-2022,Beauty,594.3,1322.4,132.84,0,609.9,0,
17-07-2022,Beauty,1869.9,1353.6,131.12,0,534.5,1,demand_spike
18-07-2022,Beauty,804.5,1352.1,137.34,1,759.6,0,
19-07-2022,Beauty,1676.7,1356.5,141.05,0,529,1,demand_spike
20-07-2022,Beauty,539.3,1355,137.94,0,510.3,0,
21-07-2022,Beauty,587.6,1341.9,138.76,0,532.4,0,
22-07-2022,Beauty,551,1357.3,134.8,0,564.5,0,
23-07-2022,Beauty,577.8,1337.6,136.38,0,584.1,0,
24-07-2022,Beauty,537,1353.3,140.83,0,487.6,0,
25-07-2022,Beauty,527.7,1345.8,138.83,0,486.4,0,
26-07-2022,Beauty,500,1351.5,136.33,0,524.9,0,
27-07-2022,Beauty,576.1,1333.1,139.45,0,574.7,0,
28-07-2022,Beauty,595.3,1326.6,137.94,0,607.2,0,
29-07-2022,Beauty,529.5,1345.9,140.59,0,507.5,0,
30-07-2022,Beauty,591,1328.7,138.95,0,577.9,0,
31-07-2022,Beauty,501.4,1364.9,136.71,0,497.8,0,
01-08-2022,Beauty,663.4,1347.4,136.99,1,677.2,0,
02-08-2022,Beauty,528.1,1342.4,133.83,0,502.1,0,
03-08-2022,Beauty,535.4,1347.2,133.15,0,535.8,0,
04-08-2022,Beauty,581.9,1332,136.39,0,591.4,0,
05-08-2022,Beauty,576.2,1332.7,141.33,0,588.2,0,
06-08-2022,Beauty,506.8,1356.9,138.78,0,494.1,0,
07-08-2022,Beauty,570.5,1331.6,136.8,0,554,0,
08-08-2022,Beauty,566.3,1337.3,139.42,0,518.6,0,
09-08-2022,Beauty,544.5,1342,140.68,0,530.7,0,
10-08-2022,Beauty,531.4,1345.1,135.93,0,534.2,0,
11-08-2022,Beauty,557.6,1333.2,135.94,0,578.9,0,
12-08-2022,Beauty,547.9,1338.6,146.39,0,503.4,0,
13-08-2022,Beauty,569.8,1330.5,135.15,0,595.6,0,
14-08-2022,Beauty,487.2,1356.6,136.09,0,455.6,0,
15-08-2022,Beauty,532,1341.3,136.62,0,492.8,0,
16-08-2022,Beauty,553.2,1334.7,134.86,0,507.4,0,
17-08-2022,Beauty,530.9,1338.6,132.31,0,556.6,0,
18-08-2022,Beauty,562.7,1327.4,137.86,0,553.8,0,
19-08-2022,Beauty,,1339.3,135.88,0,478.3,0,
20-08-2022,Beauty,519,1331.2,138.83,0,491.9,0,
21-08-2022,Beauty,537.8,1334.3,135.31,0,560.7,0,
22-08-2022,Beauty,529.9,1337.6,141.07,0,548.5,0,
23-08-2022,Beauty,507.1,1334,137.46,0,483.1,0,
24-08-2022,Beauty,541.1,1323.2,135.29,0,492.1,0,
25-08-2022,Beauty,750.4,1327.2,135.73,1,769.2,0,
26-08-2022,Beauty,503.1,1331.2,136.91,0,521.8,0,
27-08-2022,Beauty,533.3,1324.9,141.38,0,547,0,
28-08-2022,Beauty,542.4,1321.9,136,0,562.4,0,
29-08-2022,Beauty,,1311.4,133.17,0,540.5,0,
30-08-2022,Beauty,512,1319,142.4,0,525.3,0,
31-08-2022,Beauty,539.5,1309.6,132.64,0,562,0,
01-09-2022,Beauty,546.4,1301.1,144.08,0,564.6,0,
02-09-2022,Beauty,557.9,1293.9,132.54,0,551.2,0,
03-09-2022,Beauty,519.5,1306.5,136.53,0,525.7,0,
04-09-2022,Beauty,519.1,1307.8,136.4,0,523.4,0,
05-09-2022,Beauty,525,1308.2,140.02,0,535.8,0,
06-09-2022,Beauty,524.1,1305.1,139.53,0,489.7,0,
07-09-2022,Beauty,541.2,1305.3,142.97,0,487.3,0,
08-09-2022,Beauty,558,1299.6,133.43,0,544.9,0,
09-09-2022,Beauty,544.9,1301.3,132.86,0,553,0,
10-09-2022,Beauty,539,1301.9,140.5,0,495.2,0,
11-09-2022,Beauty,503.2,1314.4,143.86,0,493.1,0,
12-09-2022,Beauty,755.1,1308.1,140.97,1,715.2,0,
13-09-2022,Beauty,483.9,1319.3,139.64,0,496.3,0,
14-09-2022,Beauty,537.8,1307.8,140.88,0,492.1,0,
15-09-2022,Beauty,537.9,1306.7,133.9,0,552.5,0,
16-09-2022,Beauty,519.6,1315.5,136.97,0,515.2,0,
17-09-2022,Beauty,511.4,1324.8,137.7,0,530.7,0,
18-09-2022,Beauty,518.7,1320,137.32,0,539.6,0,
19-09-2022,Beauty,498,1324.2,139.07,0,508.6,0,
20-09-2022,Beauty,496.1,1319.2,137.54,0,485.9,0,
21-09-2022,Beauty,529.1,1304.5,136.38,0,487.5,0,
22-09-2022,Beauty,489.6,1319.7,134.44,0,457.1,0,
23-09-2022,Beauty,535.7,1309.2,137.21,0,515.7,0,
24-09-2022,Beauty,1326.4,1306.1,134.04,0,519.8,1,demand_spike
25-09-2022,Beauty,479.4,1311.7,137.35,0,470.6,0,
26-09-2022,Beauty,767.4,1314.7,138.5,1,741.1,0,
27-09-2022,Beauty,470.6,1316.9,135.79,0,457.3,0,
28-09-2022,Beauty,544.1,1293.5,139.66,0,550.2,0,
29-09-2022,Beauty,544.9,1293.5,140.44,0,493.2,0,
30-09-2022,Beauty,550.1,1292.7,136.23,0,531.6,0,
01-10-2022,Beauty,533.1,1290.4,136.56,0,525.6,0,
02-10-2022,Beauty,453.3,1315.1,139.63,0,448,0,
03-10-2022,Beauty,467.7,1296.3,134.83,0,464.4,0,
04-10-2022,Beauty,521.3,1276.9,134.56,0,473.4,0,
05-10-2022,Beauty,560,1263.5,136.64,0,550.9,0,
06-10-2022,Beauty,532.8,1263.4,137.56,0,523.5,0,
07-10-2022,Beauty,720.7,1258.4,136.1,1,741,0,
08-10-2022,Beauty,496.9,1272.8,139.18,0,503.9,0,
09-10-2022,Beauty,487.1,1284.1,133.86,0,440.7,0,
10-10-2022,Beauty,509.7,1279.4,138.85,0,501.3,0,
11-10-2022,Beauty,476.2,1288.2,136.12,0,477.9,0,
12-10-2022,Beauty,468.3,1294.2,141.98,0,462.2,0,
13-10-2022,Beauty,538.6,1264.7,140.12,0,539.4,0,
14-10-2022,Beauty,505.1,1275.6,137.95,0,463.5,0,
15-10-2022,Beauty,466,1281,137.49,0,431.2,0,
16-10-2022,Beauty,527.8,1266.5,136.19,0,521.1,0,
17-10-2022,Beauty,502.4,1271.8,130.27,0,512.5,0,
18-10-2022,Beauty,509.9,1259,137.91,0,460.9,0,
19-10-2022,Beauty,523.6,1248,140.73,0,505.5,0,
20-10-2022,Beauty,541,1242.7,135.01,0,567.4,0,
21-10-2022,Beauty,532.1,1247,135.34,0,540.1,0,
22-10-2022,Beauty,474,1256.6,137.89,0,458.6,0,
23-10-2022,Beauty,469.5,1248.6,134.12,0,429.4,0,
24-10-2022,Beauty,511.9,1233.7,135.6,0,488.2,0,
25-10-2022,Beauty,503.9,1244,136.39,0,465.2,0,
26-10-2022,Beauty,627.7,1242.8,137.95,1,651.6,0,
27-10-2022,Beauty,472.8,1251.6,143.28,0,474.1,0,
28-10-2022,Beauty,687.8,1231.3,137.48,1,707.3,0,
29-10-2022,Beauty,500.4,1243.6,138.66,0,517.7,0,
30-10-2022,Beauty,475,1245.7,137.4,0,470.7,0,
31-10-2022,Beauty,458.7,1251,138.43,0,413.3,0,
01-11-2022,Beauty,495.5,1230.6,138.02,0,487.2,0,
02-11-2022,Beauty,535.7,1220.6,140.27,0,546.6,0,
03-11-2022,Beauty,527.6,1219.9,142.25,0,499.7,0,
04-11-2022,Beauty,502.9,1228.5,137.2,0,522.6,0,
05-11-2022,Beauty,504,1226.6,136.6,0,528.9,0,
06-11-2022,Beauty,506.4,1228.2,144.14,0,497.5,0,
07-11-2022,Beauty,467.6,1245,142.3,0,458.1,0,
08-11-2022,Beauty,490.4,1231.1,138.57,0,489.5,0,
09-11-2022,Beauty,488.7,1239.9,141.07,0,481.3,0,
10-11-2022,Beauty,752.3,1232.7,142.1,1,695.2,0,
11-11-2022,Beauty,473.6,1243,137.01,0,445.5,0,
12-11-2022,Beauty,504.8,1229.1,140.3,0,469.6,0,
13-11-2022,Beauty,499.5,1231.3,138.11,0,455,0,
14-11-2022,Beauty,501.3,1228.9,138.19,0,461.7,0,
15-11-2022,Beauty,440.5,1256.9,139.85,0,460.7,0,
16-11-2022,Beauty,519.3,1229.4,142.47,0,510.6,0,
17-11-2022,Beauty,526.1,1235.3,139.16,0,483.5,0,
18-11-2022,Beauty,547.4,1223.8,140.22,0,551.2,0,
19-11-2022,Beauty,493.3,1248,140.2,0,479.2,0,
20-11-2022,Beauty,489.8,1253.9,141.31,0,457.3,0,
21-11-2022,Beauty,550.9,1262.8,139.31,1,573.7,0,
22-11-2022,Beauty,480.6,1253.9,138.36,0,448.8,0,
23-11-2022,Beauty,486.9,1252.8,136.77,0,445.3,0,
24-11-2022,Beauty,510.9,1245.6,139.53,0,475.6,0,
25-11-2022,Beauty,509.1,1248.1,136.66,0,527.8,0,
26-11-2022,Beauty,521.3,1245,137.99,0,536.2,0,
27-11-2022,Beauty,482.2,1251.7,134.89,0,498.7,0,
28-11-2022,Beauty,722.7,1240.8,143.56,1,749.7,0,
29-11-2022,Beauty,420.7,1268.9,134.71,0,383.5,0,
30-11-2022,Beauty,773.5,1232,139.28,1,778.7,0,
01-12-2022,Beauty,472.6,1245.3,135.59,0,472.5,0,
02-12-2022,Beauty,529.9,1230.7,133.95,0,555.8,0,
03-12-2022,Beauty,517.5,1235.6,139.06,0,521.3,0,
04-12-2022,Beauty,460.5,1251.3,141.88,0,469.1,0,
05-12-2022,Beauty,508.3,1242,135.63,0,512,0,
06-12-2022,Beauty,636.8,1263.7,139.37,1,632.4,0,
07-12-2022,Beauty,461.4,1257.9,142.71,0,453.5,0,
08-12-2022,Beauty,495.5,1251,144.07,0,518,0,
09-12-2022,Beauty,499.9,1245.2,137,0,520.1,0,
10-12-2022,Beauty,486.1,1250.6,137.65,0,469.4,0,
11-12-2022,Beauty,488.8,1251.1,138.11,0,460.8,0,
12-12-2022,Beauty,664.7,1251.5,139.79,1,649,0,
13-12-2022,Beauty,610.2,1252.5,137.31,1,617.5,0,
14-12-2022,Beauty,465.7,1256.9,139.59,0,447.1,0,
15-12-2022,Beauty,486.1,1250.7,137.64,0,476.6,0,
16-12-2022,Beauty,562.2,1216.5,135.72,0,531.2,0,
17-12-2022,Beauty,475.8,1249.4,139.03,0,458.8,0,
18-12-2022,Beauty,462.9,781.9,136.22,0,483.1,0,
19-12-2022,Beauty,441,784.6,135.07,0,411.2,0,
20-12-2022,Beauty,506.4,775.3,137.81,0,123.1,1,supplier_delay
21-12-2022,Beauty,519,771.3,135.55,0,483.9,0,
22-12-2022,Beauty,517.9,763.2,136.81,0,490.9,0,
23-12-2022,Beauty,543.1,1220.4,140.47,0,495.9,0,
24-12-2022,Beauty,485.1,1229.7,136.16,0,491.3,0,
25-12-2022,Beauty,460.7,1230.3,134.48,0,415.9,0,
26-12-2022,Beauty,487.4,1216.9,139.4,0,496.3,0,
27-12-2022,Beauty,495.6,1214.9,140.81,0,489,0,
28-12-2022,Beauty,501.6,1213.9,136.58,0,507.7,0,
29-12-2022,Beauty,502.1,1219.1,141.49,0,510.9,0,
30-12-2022,Beauty,538.4,1202,139.36,0,494.6,0,
31-12-2022,Beauty,503.6,1208.8,141.76,0,454.9,0,
01-01-2023,Beauty,497.2,1217.1,135.16,0,460.1,0,
02-01-2023,Beauty,481.8,1224.3,132.82,0,461.4,0,
03-01-2023,Beauty,473.9,1228.3,139.23,0,431.7,0,
04-01-2023,Beauty,472.8,1228.4,137.75,0,457.9,0,
01-01-2020,Electronics,277.1,850,170.1,0,285.1,0,
02-01-2020,Electronics,304.5,836.6,165.24,0,305.3,0,
03-01-2020,Electronics,342.7,828.2,169.3,0,353.8,0,
04-01-2020,Electronics,312.3,832,174.61,0,290.6,0,
05-01-2020,Electronics,263.8,843.5,171.41,0,272,0,
06-01-2020,Electronics,264.2,852.9,168.61,0,240.1,0,
07-01-2020,Electronics,254.9,854.8,171.45,0,263.4,0,
08-01-2020,Electronics,282.2,847.7,165.02,0,267.9,0,
09-01-2020,Electronics,321.4,840.2,166.96,0,304.4,0,
10-01-2020,Electronics,292.7,851.3,165.65,0,286,0,
11-01-2020,Electronics,434.8,856.1,170.91,1,452.7,0,
12-01-2020,Electronics,271.1,860.4,171.74,0,246,0,
13-01-2020,Electronics,246.8,879.7,168.8,0,235.1,0,
14-01-2020,Electronics,276.8,870.4,166.36,0,284.7,0,
15-01-2020,Electronics,283.5,869.4,169.25,0,272,0,
16-01-2020,Electronics,302.3,869,167.67,0,281.1,0,
17-01-2020,Electronics,358.5,857.7,166.62,0,345.5,0,
18-01-2020,Electronics,410.7,877.2,170.47,1,393.4,0,
19-01-2020,Electronics,290.5,887.2,166.75,0,301.3,0,
20-01-2020,Electronics,248.5,894.1,164.01,0,252,0,
21-01-2020,Electronics,271,895.5,164.77,0,264.4,0,
22-01-2020,Electronics,,878.3,163.89,0,324.2,0,
23-01-2020,Electronics,315.2,878,170.16,0,305.7,0,
24-01-2020,Electronics,348.6,864.2,169.83,0,316.8,0,
25-01-2020,Electronics,315.3,873.9,169.66,0,296.2,0,
26-01-2020,Electronics,292.8,882.3,171.31,0,282.7,0,
27-01-2020,Electronics,270.7,890.5,173.35,0,250,0,
28-01-2020,Electronics,319.7,878,167.31,0,333.2,0,
29-01-2020,Electronics,315.4,887.3,170.69,0,320.2,0,
30-01-2020,Electronics,325,886.7,163.97,0,305.6,0,
31-01-2020,Electronics,364.3,873.7,173.99,0,360.1,0,
01-02-2020,Electronics,312.9,893.9,165.1,0,315.5,0,
02-02-2020,Electronics,,901,166.91,0,322,0,
03-02-2020,Electronics,255.8,539.5,167.29,0,264,0,
04-02-2020,Electronics,273.9,538.1,164.15,0,267.7,0,
05-02-2020,Electronics,518.5,530.8,169.43,1,124.1,1,supplier_delay
06-02-2020,Electronics,363,523.4,170.04,0,357.3,0,
07-02-2020,Electronics,481.5,527.9,168.68,1,473.2,0,
08-02-2020,Electronics,339.1,897,164.1,0,311.1,0,
09-02-2020,Electronics,308.1,906.9,176.03,0,283.2,0,
10-02-2020,Electronics,271.3,917.1,171.18,0,265.7,0,
11-02-2020,Electronics,291.5,911.1,178.24,0,274.1,0,
12-02-2020,Electronics,322.9,896.2,166.59,0,291.7,0,
13-02-2020,Electronics,375.6,873.2,172.56,0,378.7,0,
14-02-2020,Electronics,1597.5,882.6,171.96,0,335.6,1,demand_spike
15-02-2020,Electronics,1183.5,894.1,168.33,0,314.9,1,demand_spike
16-02-2020,Electronics,325.6,887,174.1,0,319.4,0,
17-02-2020,Electronics,296.6,885,167.94,0,310,0,
18-02-2020,Electronics,299,881,168.1,0,290.8,0,
19-02-2020,Electronics,347.7,859.8,157.56,0,316.2,0,
20-02-2020,Electronics,381.7,857.8,170.7,0,375.1,0,
21-02-2020,Electronics,387.3,861.2,164.83,0,397.4,0,
22-02-2020,Electronics,543.8,871.8,167.45,1,570.7,0,
23-02-2020,Electronics,321.1,888.8,165.84,0,309.8,0,
24-02-2020,Electronics,314.8,895.7,168.08,0,298.4,0,
25-02-2020,Electronics,332.9,888.6,170.82,0,344.9,0,
26-02-2020,Electronics,335.2,875.4,169.36,0,311.3,0,
27-02-2020,Electronics,366.9,877.3,171.72,0,364.1,0,
28-02-2020,Electronics,358.6,872.9,173.6,0,344.6,0,
29-02-2020,Electronics,339.8,870.3,168.07,0,307.9,0,
01-03-2020,Electronics,345.5,873.7,167.7,0,329,0,
02-03-2020,Electronics,337.4,888.3,172.56,0,317.1,0,
03-03-2020,Electronics,320.5,900.4,172.83,0,321.4,0,
04-03-2020,Electronics,365.3,889.7,171.83,0,380.8,0,
05-03-2020,Electronics,381.2,887.9,166.09,0,358.4,0,
06-03-2020,Electronics,371.3,895.2,170.75,0,379.4,0,
07-03-2020,Electronics,370.9,899.1,169.69,0,336.9,0,
08-03-2020,Electronics,362.4,903,172.88,0,355.5,0,
09-03-2020,Electronics,429.4,916.7,167.38,1,391,0,
10-03-2020,Electronics,352.5,906.2,163.67,0,366.6,0,
11-03-2020,Electronics,308.5,915.6,171.65,0,313.1,0,
12-03-2020,Electronics,393.1,888.9,160.65,0,392.6,0,
13-03-2020,Electronics,387.7,882,166.84,0,396.8,0,
14-03-2020,Electronics,363.7,888.7,165.85,0,362.6,0,
15-03-2020,Electronics,341.8,890.3,165.83,0,357.3,0,
16-03-2020,Electronics,289.2,900.6,166.78,0,291.3,0,
17-03-2020,Electronics,325.9,890.5,173.44,0,338.5,0,
18-03-2020,Electronics,362.1,886.6,172.1,0,354,0,
19-03-2020,Electronics,407.4,877.6,168.46,0,373.9,0,
20-03-2020,Electronics,380.6,877.8,173.16,0,372.7,0,
21-03-2020,Electronics,358.1,879.6,165.72,0,329.1,0,
22-03-2020,Electronics,334.7,891.3,165.26,0,331,0,
23-03-2020,Electronics,340.9,884.5,172.24,0,331.5,0,
24-03-2020,Electronics,337.8,884.4,171.28,0,335.5,0,
25-03-2020,Electronics,420.8,883.6,167.76,1,379.4,0,
26-03-2020,Electronics,393.5,865.5,165.47,0,365.7,0,
27-03-2020,Electronics,393.2,866.2,174.26,0,382.8,0,
28-03-2020,Electronics,390.1,860.4,163.49,0,406.7,0,
29-03-2020,Electronics,333.2,874.5,167.29,0,319.1,0,
30-03-2020,Electronics,321.7,879.5,170.09,0,310.1,0,
31-03-2020,Electronics,327.3,869.9,175.42,0,329.6,0,
01-04-2020,Electronics,335.4,869.7,170.61,0,332.2,0,
02-04-2020,Electronics,558.6,852.8,170.94,1,527.8,0,
03-04-2020,Electronics,397.2,853.8,167.39,0,382,0,
04-04-2020,Electronics,375,861.6,171.24,0,349.7,0,
05-04-2020,Electronics,342.1,878.3,169.67,0,357.5,0,
06-04-2020,Electronics,304.2,890.2,163.94,0,279.8,0,
07-04-2020,Electronics,327.5,881.1,172,0,313,0,
08-04-2020,Electronics,354.9,873.5,172.6,0,320.8,0,
09-04-2020,Electronics,373.2,870.7,172.04,0,348.3,0,
10-04-2020,Electronics,390.4,865.8,169.43,0,397,0,
11-04-2020,Electronics,381.9,868.6,166.08,0,355.2,0,
12-04-2020,Electronics,377.9,866.3,161.5,0,344.7,0,
13-04-2020,Electronics,331,877,169.85,0,321.4,0,
14-04-2020,Electronics,338.7,867.7,172.98,0,305.3,0,
15-04-2020,Electronics,359,870.3,172.69,0,327.7,0,
16-04-2020,Electronics,353.8,865.7,172.08,0,361.3,0,
17-04-2020,Electronics,392,850.8,169.07,0,398.2,0,
18-04-2020,Electronics,375.3,852.2,173,0,389.3,0,
19-04-2020,Electronics,386.7,853.2,172.45,0,397.6,0,
20-04-2020,Electronics,323.7,870.7,167.89,0,324.5,0,
21-04-2020,Electronics,338.3,872.5,171.61,0,307.1,0,
22-04-2020,Electronics,,863.1,167.5,0,364.6,0,
23-04-2020,Electronics,365,862.5,171.15,0,374.8,0,
24-04-2020,Electronics,410.2,844.8,164.92,0,418.3,0,
25-04-2020,Electronics,385.3,863,165.18,0,376.1,0,
26-04-2020,Electronics,356.7,865.6,172.9,0,333.5,0,
27-04-2020,Electronics,309.7,881.3,172.49,0,318,0,
28-04-2020,Electronics,470.5,870.9,171.46,1,474.8,0,
29-04-2020,Electronics,333.1,879.5,169.62,0,348.8,0,
30-04-2020,Electronics,392.3,860.8,161.22,0,362.2,0,
01-05-2020,Electronics,425.4,850.3,169.06,0,397.2,0,
02-05-2020,Electronics,353.3,872.1,170.86,0,329.2,0,
03-05-2020,Electronics,331.1,878,167.51,0,337.4,0,
04-05-2020,Electronics,323.9,885,166.9,0,300.6,0,
05-05-2020,Electronics,319.7,897.3,174.21,0,290.9,0,
06-05-2020,Electronics,327.6,892.2,169.11,0,343.9,0,
07-05-2020,Electronics,606.1,869.5,170.86,1,547.7,0,
08-05-2020,Electronics,367.2,873,171.94,0,376.5,0,
09-05-2020,Electronics,374.6,883.7,165.93,0,357.7,0,
10-05-2020,Electronics,321.7,895.5,169.97,0,330.1,0,
11-05-2020,Electronics,344.7,896.8,173.79,0,338.9,0,
12-05-2020,Electronics,311.2,915.2,175.48,0,322.2,0,
13-05-2020,Electronics,344.4,902.5,169.45,0,357.8,0,
14-05-2020,Electronics,389,892,168.51,0,350.6,0,
15-05-2020,Electronics,360.3,908.7,170.23,0,328.4,0,
16-05-2020,Electronics,547.9,905,170.14,1,513.7,0,
17-05-2020,Electronics,354.9,907.4,174.01,0,355.1,0,
18-05-2020,Electronics,287.1,924.9,165.94,0,296.7,0,
19-05-2020,Electronics,,909,168.37,0,313.1,0,
20-05-2020,Electronics,349.7,897.8,165.53,0,346.6,0,
21-05-2020,Electronics,383.8,881.4,165.89,0,356.3,0,
22-05-2020,Electronics,457.5,890.1,170.59,1,467,0,
23-05-2020,Electronics,335.3,892.3,172.06,0,350.5,0,
24-05-2020,Electronics,336.8,893,167.12,0,316.7,0,
25-05-2020,Electronics,314.2,892,171.93,0,306.1,0,
26-05-2020,Electronics,319.1,892.2,173.08,0,291.3,0,
27-05-2020,Electronics,346,888.3,175.87,0,340.4,0,
28-05-2020,Electronics,353.9,876,169.55,0,345.2,0,
29-05-2020,Electronics,374.9,871.5,167.15,0,345.5,0,
30-05-2020,Electronics,357.1,883,165.92,0,345.1,0,
31-05-2020,Electronics,310.4,891,165.59,0,294.9,0,
01-06-2020,Electronics,335.1,891.9,173.55,0,327.8,0,
02-06-2020,Electronics,317.2,899.4,164.19,0,313.3,0,
03-06-2020,Electronics,314.3,896.7,173.44,0,283.2,0,
04-06-2020,Electronics,370.6,879.6,166.38,0,375.9,0,
05-06-2020,Electronics,348.7,888.9,167,0,351.1,0,
06-06-2020,Electronics,359.5,886.1,168.8,0,343.3,0,
07-06-2020,Electronics,336,895.8,166.93,0,305,0,
08-06-2020,Electronics,283.7,906.9,172.47,0,287.4,0,
09-06-2020,Electronics,319.3,897.1,175.46,0,333.1,0,
10-06-2020,Electronics,509.4,885.2,167.09,1,476.8,0,
11-06-2020,Electronics,367.2,875.1,167.85,0,348.3,0,
12-06-2020,Electronics,390.8,863.5,168.76,0,362.5,0,
13-06-2020,Electronics,335.7,876.3,171.15,0,331.2,0,
14-06-2020,Electronics,297.3,894,168.8,0,274.5,0,
15-06-2020,Electronics,276.1,905.8,174.02,0,263.2,0,
16-06-2020,Electronics,282.8,906.9,173.2,0,284.1,0,
17-06-2020,Electronics,320.3,890.2,165.3,0,315.2,0,
18-06-2020,Electronics,352.5,878.9,171.08,0,337.6,0,
19-06-2020,Electronics,356.8,594.8,174.47,0,343.6,0,
20-06-2020,Electronics,347.1,597.3,167.64,0,341.7,0,
21-06-2020,Electronics,303.5,613.9,168.32,0,35.1,1,supplier_delay
22-06-2020,Electronics,378.1,614.1,167.53,1,344.8,0,
23-06-2020,Electronics,285.3,619.5,167.6,0,294.5,0,
24-06-2020,Electronics,360.7,896.2,163.67,0,328.9,0,
25-06-2020,Electronics,350.4,900,164.82,0,352.6,0,
26-06-2020,Electronics,330.9,905.1,169.58,0,343.5,0,
27-06-2020,Electronics,308.3,915.4,174.44,0,290,0,
28-06-2020,Electronics,304.6,921.3,167.24,0,291.1,0,
29-06-2020,Electronics,273.7,926.6,167.14,0,269.7,0,
30-06-2020,Electronics,449.7,913.6,175.08,1,464.2,0,
01-07-2020,Electronics,416.2,898.1,165.56,1,433.4,0,
02-07-2020,Electronics,331.7,895.9,163.69,0,335.4,0,
03-07-2020,Electronics,324.1,892.7,166.51,0,295.9,0,
04-07-2020,Electronics,293.9,891,167.07,0,294,0,
05-07-2020,Electronics,282,896.5,163.4,0,271.1,0,
06-07-2020,Electronics,285,908.1,168.88,0,276.6,0,
07-07-2020,Electronics,409.6,909.6,172.53,1,371.6,0,
08-07-2020,Electronics,280,913.7,164.96,0,260,0,
09-07-2020,Electronics,515.2,899.4,169.61,1,524.8,0,
10-07-2020,Electronics,338,896.2,170.66,0,327.2,0,
11-07-2020,Electronics,297.6,912.9,169.03,0,281.3,0,
12-07-2020,Electronics,285.2,915.2,169.95,0,273.2,0,
13-07-2020,Electronics,346.7,922.7,169.99,1,356.4,0,
14-07-2020,Electronics,249.9,928.8,166.57,0,252.9,0,
15-07-2020,Electronics,300.2,910.3,174.39,0,282.5,0,
16-07-2020,Electronics,328.7,906.7,173.54,0,301.7,0,
17-07-2020,Electronics,533.6,901.6,173.35,1,500.4,0,
18-07-2020,Electronics,323.6,903.6,172.75,0,335.9,0,
19-07-2020,Electronics,252.7,927.5,163.98,0,249.5,0,
20-07-2020,Electronics,241.2,926.5,172.45,0,236.4,0,
21-07-2020,Electronics,271.2,917.7,171.54,0,268.3,0,
22-07-2020,Electronics,296.3,910.1,164.11,0,282.9,0,
23-07-2020,Electronics,321.4,908,168.59,0,328.2,0,
24-07-2020,Electronics,383.2,891.8,170.25,0,375,0,
25-07-2020,Electronics,308.9,914,174.95,0,283.5,0,
26-07-2020,Electronics,288.7,924.1,171.77,0,265.4,0,
27-07-2020,Electronics,266.7,937.7,166.39,0,261.5,0,
28-07-2020,Electronics,267.2,940.3,175.06,0,278,0,
29-07-2020,Electronics,276,937.7,169.47,0,261.2,0,
30-07-2020,Electronics,400.2,918.2,168.45,1,412.4,0,
31-07-2020,Electronics,469.8,918.9,168.21,1,476.7,0,
01-08-2020,Electronics,289.2,920.3,163.82,0,271.1,0,
02-08-2020,Electronics,255.3,927.5,168.95,0,231.2,0,
03-08-2020,Electronics,246,929.3,171,0,225.2,0,
04-08-2020,Electronics,289.3,916.6,168.01,0,292,0,
05-08-2020,Electronics,244,932.9,170.74,0,226.9,0,
06-08-2020,Electronics,470.7,912,166.39,1,449.8,0,
07-08-2020,Electronics,798.1,924.4,168.84,0,272.3,1,demand_spike
08-08-2020,Electronics,279.6,924.6,170.39,0,282.1,0,
09-08-2020,Electronics,276.3,915.7,169.96,0,253.4,0,
10-08-2020,Electronics,240.3,921.8,163.88,0,230.9,0,
11-08-2020,Electronics,226.7,925.2,167.83,0,220.5,0,
12-08-2020,Electronics,258.1,909.7,175,0,253.3,0,
13-08-2020,Electronics,307,898,167.65,0,314,0,
14-08-2020,Electronics,803.9,911.1,169.37,0,267.5,1,demand_spike
15-08-2020,Electronics,286.2,918,169.02,0,292.3,0,
16-08-2020,Electronics,253.8,926.7,174.63,0,254.8,0,
17-08-2020,Electronics,223.3,943.3,173.69,0,219.6,0,
18-08-2020,Electronics,276.3,928.1,172.05,0,277.6,0,
19-08-2020,Electronics,,926.5,166.02,0,265.7,0,
20-08-2020,Electronics,256.8,929.2,170.53,0,236.4,0,
21-08-2020,Electronics,299.9,914.8,171.24,0,299.9,0,
22-08-2020,Electronics,267,922.7,166.95,0,261.3,0,
23-08-2020,Electronics,332.9,924.7,166.37,1,331.5,0,
24-08-2020,Electronics,216.8,939.4,175.09,0,206.1,0,
25-08-2020,Electronics,234.1,934.2,168.3,0,242.5,0,
26-08-2020,Electronics,270.1,925.6,174.79,0,266.8,0,
27-08-2020,Electronics,301.7,922.1,172.69,0,275.4,0,
28-08-2020,Electronics,272.8,935.5,170.7,0,263.9,0,
29-08-2020,Electronics,268.9,929.3,170.85,0,272.5,0,
30-08-2020,Electronics,237.2,926,164.58,0,241.7,0,
31-08-2020,Electronics,215.7,937.1,170.02,0,210.1,0,
01-09-2020,Electronics,262.5,916.2,174.12,0,271.5,0,
02-09-2020,Electronics,265.2,914.3,171.62,0,249.3,0,
03-09-2020,Electronics,262.7,909.2,169.84,0,252.6,0,
04-09-2020,Electronics,305.5,887.3,175.11,0,316.2,0,
05-09-2020,Electronics,307.5,889.5,168.69,0,318.1,0,
06-09-2020,Electronics,,907.6,167.22,0,260.6,0,
07-09-2020,Electronics,198.5,923.1,169.84,0,204.2,0,
08-09-2020,Electronics,222.1,903.1,171.91,0,202.8,0,
09-09-2020,Electronics,277.4,883.7,163.5,0,285.6,0,
10-09-2020,Electronics,269.8,888,170.28,0,255.8,0,
11-09-2020,Electronics,295.4,872.9,172.06,0,273.8,0,
12-09-2020,Electronics,282.8,877.6,168.4,0,264.6,0,
13-09-2020,Electronics,333.9,894.9,173.07,1,321.4,0,
14-09-2020,Electronics,221.4,898.8,171.49,0,207.6,0,
15-09-2020,Electronics,174,913.6,176.57,0,164.9,0,
16-09-2020,Electronics,237.2,889.8,166.78,0,218.3,0,
17-09-2020,Electronics,276.2,884.1,172.13,0,260.8,0,
18-09-2020,Electronics,265.7,886.5,165.87,0,261.9,0,
19-09-2020,Electronics,296.2,877.2,163.85,0,286.2,0,
20-09-2020,Electronics,215.5,896.7,162.42,0,205.2,0,
21-09-2020,Electronics,214.2,894.9,171.14,0,216.7,0,
22-09-2020,Electronics,230.2,885.7,169.94,0,238,0,
23-09-2020,Electronics,278.3,870.4,167.7,0,282,0,
24-09-2020,Electronics,255.8,885.7,163.31,0,243,0,
25-09-2020,Electronics,306.1,863.7,166.98,0,309.6,0,
26-09-2020,Electronics,268.7,866.9,169.33,0,247.9,0,
27-09-2020,Electronics,223.1,887.9,172,0,205.1,0,
28-09-2020,Electronics,229.5,885,169.26,0,218.4,0,
29-09-2020,Electronics,231.6,881,170.17,0,236.5,0,
30-09-2020,Electronics,244.3,882.4,168.04,0,228.9,0,
01-10-2020,Electronics,281.7,868.1,175.24,0,256.2,0,
02-10-2020,Electronics,280.6,877.6,165.87,0,258.1,0,
03-10-2020,Electronics,271.2,883.8,166.95,0,279,0,
04-10-2020,Electronics,251.8,887.2,167.65,0,250.5,0,
05-10-2020,Electronics,249.5,898.6,171.16,0,234.1,0,
06-10-2020,Electronics,208.6,907.9,165.8,0,205.1,0,
07-10-2020,Electronics,291.7,886.7,169.78,0,285.6,0,
08-10-2020,Electronics,249.1,900.9,169.88,0,248.7,0,
09-10-2020,Electronics,286.2,896.3,166.97,0,267.6,0,
10-10-2020,Electronics,281,905.7,170.43,0,289.3,0,
11-10-2020,Electronics,247.2,916,165.9,0,234,0,
12-10-2020,Electronics,214.3,922.1,165.53,0,215.2,0,
13-10-2020,Electronics,228.1,920.2,169.65,0,205.8,0,
14-10-2020,Electronics,342.3,910.4,163.7,1,327.2,0,
15-10-2020,Electronics,274.5,913,162.05,0,261.6,0,
16-10-2020,Electronics,305.7,904.3,171.12,0,300,0,
17-10-2020,Electronics,279.8,910.3,172.87,0,254.9,0,
18-10-2020,Electronics,233.6,925,167.74,0,238,0,
19-10-2020,Electronics,243,915.5,167.05,0,226.6,0,
20-10-2020,Electronics,239.9,911.6,172.72,0,240.3,0,
21-10-2020,Electronics,275,907.1,165.44,0,280.6,0,
22-10-2020,Electronics,298.5,896.7,164.7,0,293.8,0,
23-10-2020,Electronics,280.8,896.8,171.71,0,284,0,
24-10-2020,Electronics,267.9,903.3,169.35,0,267.7,0,
25-10-2020,Electronics,261.7,911.1,172.92,0,249.5,0,
26-10-2020,Electronics,242,920.6,162.07,0,247.1,0,
27-10-2020,Electronics,238.4,926.7,164.57,0,225.1,0,
28-10-2020,Electronics,267.4,914.2,169.37,0,263.6,0,
29-10-2020,Electronics,313.7,893.2,170.73,0,317.4,0,
30-10-2020,Electronics,289.2,908.1,172.19,0,276.8,0,
31-10-2020,Electronics,425.7,905.9,169.91,1,402.4,0,
01-11-2020,Electronics,250.3,916.9,169.87,0,242.5,0,
02-11-2020,Electronics,232.7,928.8,168,0,238,0,
03-11-2020,Electronics,262.1,922.7,174.7,0,272.5,0,
04-11-2020,Electronics,442.5,918.4,165.58,1,434.4,0,
05-11-2020,Electronics,310.9,921.2,170.53,0,310.7,0,
06-11-2020,Electronics,326.4,913.3,165.97,0,338,0,
07-11-2020,Electronics,287.6,929.6,171.13,0,263.1,0,
08-11-2020,Electronics,270.7,935,165.81,0,253,0,
09-11-2020,Electronics,236.7,946.5,171.84,0,238.2,0,
10-11-2020,Electronics,254.7,948.8,169.7,0,260.7,0,
11-11-2020,Electronics,274,945.5,175.23,0,281.8,0,
12-11-2020,Electronics,304.7,939,168.37,0,293.2,0,
13-11-2020,Electronics,320.5,939.6,170.76,0,292.7,0,
14-11-2020,Electronics,279.5,950.1,166.68,0,269.9,0,
15-11-2020,Electronics,300.6,939.6,168.34,0,281,0,
16-11-2020,Electronics,295.4,955.1,169.68,1,278.8,0,
17-11-2020,Electronics,599.8,944.1,164.15,0,238.9,1,demand_spike
18-11-2020,Electronics,302.2,934.3,164.52,0,275.4,0,
19-11-2020,Electronics,323.1,922.5,171.35,0,330.9,0,
20-11-2020,Electronics,327.7,920.1,168.82,0,315.9,0,
21-11-2020,Electronics,310.7,923.8,167.31,0,307.4,0,
22-11-2020,Electronics,272,936.9,166.82,0,248.5,0,
23-11-2020,Electronics,240.1,950.5,166.95,0,228.3,0,
24-11-2020,Electronics,264,947.7,169.7,0,241.2,0,
25-11-2020,Electronics,278.4,940.4,170.82,0,290.7,0,
26-11-2020,Electronics,333.4,923.1,162.23,0,340.4,0,
27-11-2020,Electronics,322,928,174.1,0,312,0,
28-11-2020,Electronics,293.6,935.2,173.86,0,274.1,0,
29-11-2020,Electronics,274.3,949,161.42,0,285.3,0,
30-11-2020,Electronics,269.8,952.9,172.99,0,256.8,0,
01-12-2020,Electronics,260.9,959.2,172.89,0,241.1,0,
02-12-2020,Electronics,283.7,955.7,169.32,0,279.3,0,
03-12-2020,Electronics,328.8,948,164.92,0,342.5,0,
04-12-2020,Electronics,336.4,946.6,172.76,0,303,0,
05-12-2020,Electronics,306.9,949,168.5,0,287.2,0,
06-12-2020,Electronics,279.8,662,171.18,0,291.2,0,
07-12-2020,Electronics,274.8,660.8,176.83,0,254.4,0,
08-12-2020,Electronics,254.1,663.3,170.17,0,44.4,1,supplier_delay
09-12-2020,Electronics,282,659.5,166.21,0,277.9,0,
10-12-2020,Electronics,320.8,655.7,168.18,0,330.2,0,
11-12-2020,Electronics,337,945.3,166.64,0,327.4,0,
12-12-2020,Electronics,329,949.2,170.79,0,345.2,0,
13-12-2020,Electronics,388.6,960.2,166.59,1,389.3,0,
14-12-2020,Electronics,293.8,969.5,167.72,0,267.7,0,
15-12-2020,Electronics,284.3,985.4,164.97,0,298.2,0,
16-12-2020,Electronics,313.9,979.3,168.87,0,301.7,0,
17-12-2020,Electronics,324.6,967.3,169.92,0,306.2,0,
18-12-2020,Electronics,512.9,963.8,160.23,1,504.5,0,
19-12-2020,Electronics,327.6,972.1,170.2,0,309.8,0,
20-12-2020,Electronics,310.2,983.7,169.16,0,283.2,0,
21-12-2020,Electronics,274.1,998,166.73,0,246.7,0,
22-12-2020,Electronics,304.5,988.1,176.19,0,294.6,0,
23-12-2020,Electronics,348.9,968.7,172.56,0,357.8,0,
24-12-2020,Electronics,348.5,967.8,165.6,0,343.6,0,
25-12-2020,Electronics,364.8,958.6,172.16,0,383,0,
26-12-2020,Electronics,352.9,959.3,173.53,0,332.8,0,
27-12-2020,Electronics,306.9,976,169.76,0,289.1,0,
28-12-2020,Electronics,300.7,534,170.54,0,277.8,0,
29-12-2020,Electronics,304.8,534.4,170.46,0,281.9,0,
30-12-2020,Electronics,477.5,526.5,162.25,1,111.2,1,supplier_delay
31-12-2020,Electronics,346.2,525.7,168.68,0,352.8,0,
01-01-2021,Electronics,367.4,525.5,168.51,0,380.5,0,
02-01-2021,Electronics,358.6,970,174.16,0,375.2,0,
03-01-2021,Electronics,347.1,972.8,170.45,0,324.5,0,
04-01-2021,Electronics,322,980.4,168.31,0,332.4,0,
05-01-2021,Electronics,349.9,968.1,169.01,0,332.1,0,
06-01-2021,Electronics,327.9,978,172.78,0,300.7,0,
07-01-2021,Electronics,382.9,960.9,168.69,0,394.6,0,
08-01-2021,Electronics,379,964.1,166.95,0,377.2,0,
09-01-2021,Electronics,396.1,954.6,168.38,0,366.2,0,
10-01-2021,Electronics,317.9,975.8,172.5,0,306.6,0,
11-01-2021,Electronics,300.6,984.6,171,0,283.5,0,
12-01-2021,Electronics,312.3,979.3,169.47,0,315.6,0,
13-01-2021,Electronics,313.9,987.4,169.97,0,303.8,0,
14-01-2021,Electronics,368.1,969.1,167.42,0,385.9,0,
15-01-2021,Electronics,371.9,969.1,168.66,0,337.7,0,
16-01-2021,Electronics,370.4,974.2,167.07,0,353.1,0,
17-01-2021,Electronics,346,974.5,168.32,0,336.4,0,
18-01-2021,Electronics,355.1,963,173.88,0,346.4,0,
19-01-2021,Electronics,347.1,957.7,165.67,0,328.9,0,
20-01-2021,Electronics,348.6,963.6,166.99,0,351.9,0,
21-01-2021,Electronics,370.4,954.3,165.07,0,382,0,
22-01-2021,Electronics,401.5,957.7,164.34,0,417.9,0,
23-01-2021,Electronics,354.1,969.1,168.68,0,361.5,0,
24-01-2021,Electronics,379.6,962.4,167.23,0,390,0,
25-01-2021,Electronics,351.7,978.5,175.28,0,345.6,0,
26-01-2021,Electronics,851.2,994.6,168.36,0,339.5,1,demand_spike
27-01-2021,Electronics,337.8,1003,173.68,0,319.4,0,
28-01-2021,Electronics,416.7,985.4,172.6,0,399.9,0,
29-01-2021,Electronics,399.5,995.7,168.61,0,378.5,0,
30-01-2021,Electronics,405.4,996.8,176.46,0,393.3,0,
31-01-2021,Electronics,329.9,1023.4,170.23,0,311,0,
01-02-2021,Electronics,329.8,1020.7,174.44,0,344.4,0,
02-02-2021,Electronics,347.5,1011.3,174.05,0,329.1,0,
03-02-2021,Electronics,375.3,1002.9,170.72,0,343.3,0,
04-02-2021,Electronics,394.1,996.4,171.86,0,385.8,0,
05-02-2021,Electronics,419.7,986.5,171.43,0,381.3,0,
06-02-2021,Electronics,374.2,1003.6,165.44,0,343,0,
07-02-2021,Electronics,,1012,169.51,0,337.7,0,
08-02-2021,Electronics,349.4,1016.2,172.96,0,338.8,0,
09-02-2021,Electronics,363.5,1019.4,174.49,0,350.8,0,
10-02-2021,Electronics,393.9,1004.6,166.88,0,401.8,0,
11-02-2021,Electronics,390,1004.8,171.11,0,394.2,0,
12-02-2021,Electronics,390.5,1001.1,169.83,0,376.4,0,
13-02-2021,Electronics,420.9,982.6,168.92,0,399.9,0,
14-02-2021,Electronics,377,995.4,170.52,0,357.2,0,
15-02-2021,Electronics,341.7,1005.3,170.06,0,347.2,0,
16-02-2021,Electronics,615.7,999.1,171.15,1,558.9,0,
17-02-2021,Electronics,390.6,1001.4,174.2,0,352.3,0,
18-02-2021,Electronics,435.5,982.8,171.97,0,443.9,0,
19-02-2021,Electronics,424.1,995.5,170.37,0,412,0,
20-02-2021,Electronics,440.5,996.7,175.63,0,405.1,0,
21-02-2021,Electronics,407.4,1009.5,173.08,0,381,0,
22-02-2021,Electronics,356.4,1023.7,169,0,370.6,0,
23-02-2021,Electronics,384.2,1010.5,165.2,0,395.3,0,
24-02-2021,Electronics,405.6,1002.3,165.97,0,408.2,0,
25-02-2021,Electronics,444.6,996,172.48,0,432.3,0,
26-02-2021,Electronics,412.5,1015.1,167.18,0,403.4,0,
27-02-2021,Electronics,423.1,1019.6,165.9,0,442.7,0,
28-02-2021,Electronics,401.2,1023.7,166.75,0,419.2,0,
01-03-2021,Electronics,336.4,1037.6,166.99,0,313.6,0,
02-03-2021,Electronics,353.3,1033.2,172.2,0,360.9,0,
03-03-2021,Electronics,365.6,1020.7,168.79,0,339.8,0,
04-03-2021,Electronics,422.2,1005.3,164.67,0,393.5,0,
05-03-2021,Electronics,445.9,997.5,169.42,0,446.5,0,
06-03-2021,Electronics,441.8,996.4,170.07,0,424.4,0,
07-03-2021,Electronics,389.4,1004.1,167.69,0,404.9,0,
08-03-2021,Electronics,398.2,1004,173.23,0,363.7,0,
09-03-2021,Electronics,354.5,1014.5,167.89,0,346.3,0,
10-03-2021,Electronics,375.7,1002.3,173.07,0,389.9,0,
11-03-2021,Electronics,430.1,971.6,171.34,0,445.4,0,
12-03-2021,Electronics,,967.1,172.46,0,410.5,0,
13-03-2021,Electronics,420,983.4,165.6,0,401.1,0,
14-03-2021,Electronics,357.3,1010.5,169.65,0,354.7,0,
15-03-2021,Electronics,373.1,1003.4,169.14,0,344.7,0,
16-03-2021,Electronics,359.5,1004.5,164.5,0,375.7,0,
17-03-2021,Electronics,419.3,988.9,173.06,0,434.9,0,
18-03-2021,Electronics,440.6,977.5,166.55,0,407.6,0,
19-03-2021,Electronics,425.4,983.6,167.25,0,390.6,0,
20-03-2021,Electronics,415,990.5,165.89,0,378.8,0,
21-03-2021,Electronics,377.3,1008,171.69,0,391,0,
22-03-2021,Electronics,376.4,1007.7,164.15,0,349.7,0,
23-03-2021,Electronics,400.4,999.5,171.41,0,385.3,0,
24-03-2021,Electronics,394,997.1,172.85,0,381.1,0,
25-03-2021,Electronics,445.5,977.5,171.14,0,440.9,0,
26-03-2021,Electronics,434.7,979.6,171.73,0,395.9,0,
27-03-2021,Electronics,535.3,988.1,171.89,1,499.9,0,
28-03-2021,Electronics,395.5,997.8,166.1,0,411.2,0,
29-03-2021,Electronics,362,1003.8,174.18,0,375.1,0,
30-03-2021,Electronics,376.8,1006.8,167.76,0,383.2,0,
31-03-2021,Electronics,392.1,1000.9,169.09,0,354,0,
01-04-2021,Electronics,,976.9,168.19,0,447.6,0,
02-04-2021,Electronics,445.7,980.9,170.98,0,443.1,0,
03-04-2021,Electronics,415.4,977.9,167.5,0,391,0,
04-04-2021,Electronics,402,986.3,169.54,0,416.7,0,
05-04-2021,Electronics,378.6,997.1,165.13,0,376.7,0,
06-04-2021,Electronics,383.3,994.3,173.26,0,349.1,0,
07-04-2021,Electronics,423.4,982.5,171.59,0,438.8,0,
08-04-2021,Electronics,451.9,976.6,168.33,0,471.6,0,
09-04-2021,Electronics,436.6,973.3,167.73,0,398,0,
10-04-2021,Electronics,417.8,976.3,171.5,0,409.4,0,
11-04-2021,Electronics,394,987.5,166.92,0,372.5,0,
12-04-2021,Electronics,341.7,996.9,169.74,0,327.7,0,
13-04-2021,Electronics,361.3,992.4,173.25,0,335,0,
14-04-2021,Electronics,435.9,963.3,166.57,0,430.1,0,
15-04-2021,Electronics,466.5,956.4,170.57,0,486.9,0,
16-04-2021,Electronics,440.9,964,170.39,0,430.1,0,
17-04-2021,Electronics,436.6,957.2,168.99,0,398.4,0,
18-04-2021,Electronics,403.1,973,167.61,0,400.3,0,
19-04-2021,Electronics,431.6,960.8,173.43,0,410.5,0,
20-04-2021,Electronics,404.8,964.8,167.29,0,416.3,0,
21-04-2021,Electronics,409.6,964.4,163.18,0,395.3,0,
22-04-2021,Electronics,611.3,966.6,171.49,1,567.9,0,
23-04-2021,Electronics,416.6,962.9,165.25,0,386.9,0,
24-04-2021,Electronics,428.8,959.6,171.66,0,435.4,0,
25-04-2021,Electronics,383.4,975.3,173.84,0,360.4,0,
26-04-2021,Electronics,353.9,987.7,171.45,0,359.2,0,
27-04-2021,Electronics,373.1,982.8,172.95,0,347.3,0,
28-04-2021,Electronics,391.4,975.5,176.16,0,371.2,0,
29-04-2021,Electronics,,949.6,172.59,0,449.8,0,
30-04-2021,Electronics,456.3,952.3,170.44,0,475.2,0,
01-05-2021,Electronics,422.8,957,174.85,0,439.6,0,
02-05-2021,Electronics,418.6,943.6,175.26,0,389.7,0,
03-05-2021,Electronics,575.3,958.4,175.31,1,548.7,0,
04-05-2021,Electronics,366.7,965.9,167.65,0,338.2,0,
05-05-2021,Electronics,432.4,934.4,164.73,0,422.3,0,
06-05-2021,Electronics,441.4,926.6,167.44,0,427.8,0,
07-05-2021,Electronics,420.8,935.9,171.7,0,435.5,0,
08-05-2021,Electronics,416.5,947.5,169.86,0,433,0,
09-05-2021,Electronics,375.5,959.9,168.62,0,359.6,0,
10-05-2021,Electronics,348.4,964.4,171.22,0,339.3,0,
11-05-2021,Electronics,393.2,596.1,164.34,0,406.8,0,
12-05-2021,Electronics,435.3,592.5,169.8,0,444.4,0,
13-05-2021,Electronics,404.9,596.2,173.1,0,49.6,1,supplier_delay
14-05-2021,Electronics,443.8,586.3,171.18,0,420.7,0,
15-05-2021,Electronics,404.7,592.2,171.66,0,389.9,0,
16-05-2021,Electronics,377.9,947.1,174.73,0,353.2,0,
17-05-2021,Electronics,443.3,953.8,169.09,1,412.3,0,
18-05-2021,Electronics,358.7,961.6,167.11,0,324.9,0,
19-05-2021,Electronics,399.4,951,173.35,0,398,0,
20-05-2021,Electronics,410,946.5,173.28,0,385.1,0,
21-05-2021,Electronics,434.3,937.8,171.21,0,394.2,0,
22-05-2021,Electronics,410.1,937.2,168.77,0,383.3,0,
23-05-2021,Electronics,377.3,951.5,169.32,0,385,0,
24-05-2021,Electronics,347.3,960.1,164.99,0,356.9,0,
25-05-2021,Electronics,358.5,955.8,173.09,0,348.7,0,
26-05-2021,Electronics,406.3,957.5,172.97,0,391,0,
27-05-2021,Electronics,427.2,952.7,164.88,0,447.2,0,
28-05-2021,Electronics,407.9,954.7,172.26,0,379.4,0,
29-05-2021,Electronics,407.3,952.8,170.69,0,379.7,0,
30-05-2021,Electronics,388.6,964.1,165.86,0,366.7,0,
31-05-2021,Electronics,328.9,982.6,165.23,0,304.6,0,
01-06-2021,Electronics,371.8,962.5,170.58,0,355.8,0,
02-06-2021,Electronics,376.7,965.7,167.97,0,390.5,0,
03-06-2021,Electronics,422.7,948.5,175.48,0,419.4,0,
04-06-2021,Electronics,405.8,963,172.54,0,390.3,0,
05-06-2021,Electronics,369.3,979.3,170.92,0,384.1,0,
06-06-2021,Electronics,1300.8,985.1,171.09,1,428.3,1,demand_spike
07-06-2021,Electronics,351.9,988.7,173.82,0,327.8,0,
08-06-2021,Electronics,361,986.3,172.18,0,355.5,0,
09-06-2021,Electronics,366.5,988.9,171.01,0,363.7,0,
10-06-2021,Electronics,561.5,976,166,1,508.7,0,
11-06-2021,Electronics,,981.7,179.69,0,369.2,0,
12-06-2021,Electronics,392.3,976.1,165.58,0,391.3,0,
13-06-2021,Electronics,343.2,996,168.26,0,344.8,0,
14-06-2021,Electronics,333.7,997.2,163.71,0,332.3,0,
15-06-2021,Electronics,351,990,171.14,0,332.7,0,
16-06-2021,Electronics,501.4,982.3,169.83,1,458.3,0,
17-06-2021,Electronics,393.9,974.5,171.91,0,379.7,0,
18-06-2021,Electronics,422.8,976.1,163.43,0,388.7,0,
19-06-2021,Electronics,377.1,984.5,173.09,0,393,0,
20-06-2021,Electronics,371.1,986.4,166.58,0,360.4,0,
21-06-2021,Electronics,318.9,1009.1,168.81,0,302.2,0,
22-06-2021,Electronics,352.4,998.7,172.47,0,357.7,0,
23-06-2021,Electronics,392.8,988.8,170.2,0,382.9,0,
24-06-2021,Electronics,351.9,995.8,170.44,0,333.1,0,
25-06-2021,Electronics,385.6,987.8,172.02,0,394,0,
26-06-2021,Electronics,389.7,985.6,170.77,0,401.5,0,
27-06-2021,Electronics,429,1003.5,168.16,1,429.4,0,
28-06-2021,Electronics,337.4,1012.2,168.75,0,306,0,
29-06-2021,Electronics,326.4,1028.5,170.03,0,321.5,0,
30-06-2021,Electronics,470,1020.3,166.28,1,476.8,0,
01-07-2021,Electronics,384,1015.7,172.69,0,353.5,0,
02-07-2021,Electronics,615.4,1008.3,170.29,1,575,0,
03-07-2021,Electronics,377.4,1016.9,169.57,0,389.6,0,
04-07-2021,Electronics,348.9,1027.1,173.36,0,315.1,0,
05-07-2021,Electronics,317.3,1035.1,168.91,0,321.4,0,
06-07-2021,Electronics,321.4,1034.7,168.7,0,312.1,0,
07-07-2021,Electronics,347.4,1033.5,167.68,0,335.9,0,
08-07-2021,Electronics,386.4,1016.8,170.48,0,348.2,0,
09-07-2021,Electronics,378.1,1025,170.36,0,386.8,0,
10-07-2021,Electronics,371.1,1033.7,167.06,0,354,0,
11-07-2021,Electronics,467,1033,168.72,1,458.1,0,
12-07-2021,Electronics,332,1034.2,167.08,0,332.5,0,
13-07-2021,Electronics,317.3,1035.6,166.93,0,319,0,
14-07-2021,Electronics,368.1,1026.8,163.46,0,384.1,0,
15-07-2021,Electronics,366,1027.3,168.54,0,358.6,0,
16-07-2021,Electronics,344,1028.9,163.55,0,330.2,0,
17-07-2021,Electronics,342.4,1026.9,167.75,0,357.2,0,
18-07-2021,Electronics,298,1044.4,167.24,0,296.9,0,
19-07-2021,Electronics,304.7,1045.1,172.88,0,287.8,0,
20-07-2021,Electronics,316.4,1040.4,165.88,0,290.8,0,
21-07-2021,Electronics,369.5,1022.7,166.74,0,379.2,0,
22-07-2021,Electronics,371.8,1020,168.03,0,354.8,0,
23-07-2021,Electronics,368.1,1016.5,167.35,0,367.8,0,
24-07-2021,Electronics,366.9,1025,173.95,0,356.1,0,
25-07-2021,Electronics,367.1,1047.7,165.46,1,341.3,0,
26-07-2021,Electronics,909.5,1047.1,168.03,0,305.2,1,demand_spike
27-07-2021,Electronics,322.7,1050.3,170.44,0,293.4,0,
28-07-2021,Electronics,309.9,1059.1,172.3,0,298.2,0,
29-07-2021,Electronics,379.3,1036.1,168.03,0,372.5,0,
30-07-2021,Electronics,371.3,1040.6,162.82,0,358.5,0,
31-07-2021,Electronics,525.5,1049.9,168.81,1,532,0,
01-08-2021,Electronics,327.7,1049,173.9,0,335.6,0,
02-08-2021,Electronics,336.4,1048,170.27,0,341.7,0,
03-08-2021,Electronics,306.8,1051,170.12,0,277.9,0,
04-08-2021,Electronics,427,1049,165.72,1,396.7,0,
05-08-2021,Electronics,346.4,1042.7,165.37,0,339.7,0,
06-08-2021,Electronics,345.5,1044,169.38,0,359.4,0,
07-08-2021,Electronics,355,1042.6,164.49,0,364,0,
08-08-2021,Electronics,296.9,1058.7,171.96,0,304.7,0,
09-08-2021,Electronics,293.8,1062.6,166.45,0,277.8,0,
10-08-2021,Electronics,290.2,1061.3,169.23,0,279.9,0,
11-08-2021,Electronics,331.6,1053.2,162.93,0,321.9,0,
12-08-2021,Electronics,354.5,1039.6,167.98,0,327.4,0,
13-08-2021,Electronics,372.1,1035,165.3,0,336.6,0,
14-08-2021,Electronics,327.3,1058.1,161.45,0,341,0,
15-08-2021,Electronics,301.7,1060.8,171.15,0,282.4,0,
16-08-2021,Electronics,378.7,1066.6,174.87,1,354.4,0,
17-08-2021,Electronics,285.9,1064.7,173.14,0,260.9,0,
18-08-2021,Electronics,325.1,1053.8,171.63,0,337.9,0,
19-08-2021,Electronics,,1046.1,167.91,0,352.3,0,
20-08-2021,Electronics,334.4,1055.2,172.05,0,334.4,0,
21-08-2021,Electronics,346,1054.9,173.46,0,358.7,0,
22-08-2021,Electronics,324.7,1066.9,169.78,0,309.1,0,
23-08-2021,Electronics,290.3,1079.3,165.31,0,288.3,0,
24-08-2021,Electronics,320.8,1068.9,167.63,0,290.6,0,
25-08-2021,Electronics,427.4,1078,175.08,1,396.6,0,
26-08-2021,Electronics,319.2,709.1,169.06,0,327,0,
27-08-2021,Electronics,316.1,709.3,158.06,0,320.8,0,
28-08-2021,Electronics,,698.9,164.34,0,49.7,1,supplier_delay
29-08-2021,Electronics,309.2,711.1,167.88,0,295.8,0,
30-08-2021,Electronics,384.4,716.7,172.82,1,376.7,0,
31-08-2021,Electronics,290.4,1079.4,168.39,0,261.4,0,
01-09-2021,Electronics,292.3,1083.1,172.89,0,273.7,0,
02-09-2021,Electronics,378.2,1054.6,167.54,0,352.2,0,
03-09-2021,Electronics,345.1,1064.1,162.67,0,323.6,0,
04-09-2021,Electronics,326.4,1071.4,167.65,0,333.2,0,
05-09-2021,Electronics,456.5,1078,170.49,1,430,0,
06-09-2021,Electronics,285.1,1088.3,170.2,0,264.8,0,
07-09-2021,Electronics,286.8,1085.6,165.07,0,279.9,0,
08-09-2021,Electronics,295.5,1085.6,168.13,0,304.3,0,
09-09-2021,Electronics,342.5,1070.1,178.41,0,320.6,0,
10-09-2021,Electronics,372.4,1064.9,165.14,0,339.6,0,
11-09-2021,Electronics,345.1,1076.1,171.55,0,329.1,0,
12-09-2021,Electronics,320.2,1078.9,162.22,0,324.1,0,
13-09-2021,Electronics,266.5,1100.5,172.24,0,261.8,0,
14-09-2021,Electronics,264.6,1098.4,166.3,0,270.6,0,
15-09-2021,Electronics,305,1090.3,170.68,0,318.4,0,
16-09-2021,Electronics,334,1083.4,164.94,0,340.3,0,
17-09-2021,Electronics,357.8,1085.5,170.3,0,354.4,0,
18-09-2021,Electronics,292.7,1103.9,166.24,0,285,0,
19-09-2021,Electronics,318,765.2,166.9,0,288.1,0,
20-09-2021,Electronics,271.4,774.9,170.81,0,284.4,0,
21-09-2021,Electronics,273.3,773.5,167.86,0,34.9,1,supplier_delay
22-09-2021,Electronics,289.4,772.9,170.61,0,267.1,0,
23-09-2021,Electronics,304.6,764.1,168.67,0,304.6,0,
24-09-2021,Electronics,352.8,1073.1,169.55,0,332.5,0,
25-09-2021,Electronics,322.1,1077,170.82,0,318.2,0,
26-09-2021,Electronics,270.3,1097.3,168.13,0,267,0,
27-09-2021,Electronics,252.2,1111.3,165.94,0,243.9,0,
28-09-2021,Electronics,274.9,1104,167.51,0,281.9,0,
29-09-2021,Electronics,334.8,1085.1,173.36,0,314.7,0,
30-09-2021,Electronics,328.5,1087.4,169.71,0,317.7,0,
01-10-2021,Electronics,406.9,1097.5,166.46,1,399,0,
02-10-2021,Electronics,317.4,1091.9,170.68,0,317.2,0,
03-10-2021,Electronics,288.2,1101.8,170.9,0,293.3,0,
04-10-2021,Electronics,229.5,1124.3,171.08,0,220.1,0,
05-10-2021,Electronics,280.7,1111.5,166.01,0,279.8,0,
06-10-2021,Electronics,471.7,1105.4,167.01,1,435.2,0,
07-10-2021,Electronics,345.9,1097.9,167.03,0,359.7,0,
08-10-2021,Electronics,372,1076.5,168.1,0,356.2,0,
09-10-2021,Electronics,342.1,1088.9,171.14,0,345.3,0,
10-10-2021,Electronics,290,1101.2,170.32,0,261.9,0,
11-10-2021,Electronics,258.2,1101.6,170.59,0,240.3,0,
12-10-2021,Electronics,327,1083.5,173.9,0,318.2,0,
13-10-2021,Electronics,311,1095.2,171.65,0,320.9,0,
14-10-2021,Electronics,336.7,1086.8,168.84,0,329.6,0,
15-10-2021,Electronics,342.8,1089.7,165.31,0,356.4,0,
16-10-2021,Electronics,329,1101.9,166.9,0,320,0,
17-10-2021,Electronics,294.8,1118.8,168.43,0,287,0,
18-10-2021,Electronics,270,1134.4,172.13,0,247.8,0,
19-10-2021,Electronics,277.3,1135.9,169.22,0,283,0,
20-10-2021,Electronics,312.5,1125.7,167.1,0,292.8,0,
21-10-2021,Electronics,330.5,1112.4,166.84,0,342,0,
22-10-2021,Electronics,334.6,1109.9,169.08,0,346.8,0,
23-10-2021,Electronics,330.9,1106.8,172.33,0,344.6,0,
24-10-2021,Electronics,296.5,1128,174.71,0,290,0,
25-10-2021,Electronics,1722.1,1123.4,168.62,1,421.3,1,demand_spike
26-10-2021,Electronics,245.7,1142.9,169.17,0,249.8,0,
27-10-2021,Electronics,335.5,1118.8,165.21,0,308.5,0,
28-10-2021,Electronics,364.7,1110.2,175.88,0,361.1,0,
29-10-2021,Electronics,315.8,1133.3,164.57,0,285.9,0,
30-10-2021,Electronics,327.7,1126.7,173.28,0,319.4,0,
31-10-2021,Electronics,299,1136.2,168.08,0,276,0,
01-11-2021,Electronics,264.2,1143,167.29,0,245,0,
02-11-2021,Electronics,282,1131,165.56,0,269.2,0,
03-11-2021,Electronics,303.2,1121.6,177.48,0,292.5,0,
04-11-2021,Electronics,378.2,1098.9,170.07,0,375.8,0,
05-11-2021,Electronics,371.7,1098.7,169.39,0,338.7,0,
06-11-2021,Electronics,360.1,1098.7,172.32,0,351.3,0,
07-11-2021,Electronics,322.7,1102.9,167.11,0,299.3,0,
08-11-2021,Electronics,274.3,1117,169.32,0,270.5,0,
09-11-2021,Electronics,291.8,1104.3,169.51,0,290.5,0,
10-11-2021,Electronics,335.8,1094.9,167.58,0,330.2,0,
11-11-2021,Electronics,333.8,1095.9,173.38,0,337.4,0,
12-11-2021,Electronics,373.8,1076.6,168.58,0,355.2,0,
13-11-2021,Electronics,340.6,1085,164.06,0,345.6,0,
14-11-2021,Electronics,310.3,1090.3,168.3,0,299.4,0,
15-11-2021,Electronics,311.5,1091.6,170.16,0,303,0,
16-11-2021,Electronics,314.4,1097.4,166.29,0,313.5,0,
17-11-2021,Electronics,327.8,1084,166.56,0,295.9,0,
18-11-2021,Electronics,380.5,1068.8,167.47,0,379.7,0,
19-11-2021,Electronics,350.1,1077.1,173.45,0,347.6,0,
20-11-2021,Electronics,530.4,1077,167.67,1,502,0,
21-11-2021,Electronics,333.4,1086.5,174.16,0,304.4,0,
22-11-2021,Electronics,301.2,1092.4,167.23,0,275.2,0,
23-11-2021,Electronics,452.5,1085.4,170.42,1,469.9,0,
24-11-2021,Electronics,319.9,1081.3,167.81,0,320.9,0,
25-11-2021,Electronics,383.6,1067.5,171.87,0,352.6,0,
26-11-2021,Electronics,372.4,1071,165.53,0,355.1,0,
27-11-2021,Electronics,349.8,1087.3,171.83,0,345.9,0,
28-11-2021,Electronics,348.5,1087.4,169.7,0,357.3,0,
29-11-2021,Electronics,302,1097.8,167.15,0,273.8,0,
30-11-2021,Electronics,297.7,1091.5,168.75,0,278.5,0,
01-12-2021,Electronics,322.3,1075.1,174.51,0,333.1,0,
02-12-2021,Electronics,563.2,1048.1,169.78,1,507.7,0,
03-12-2021,Electronics,1490.6,1056.7,166.94,0,336.5,1,demand_spike
04-12-2021,Electronics,396,1048.9,165.24,0,413.4,0,
05-12-2021,Electronics,303.6,1068.7,171.03,0,301.2,0,
06-12-2021,Electronics,350.5,1059.2,169.98,0,329.2,0,
07-12-2021,Electronics,333,1062,171.67,0,303.1,0,
08-12-2021,Electronics,355,1056.1,164.37,0,321,0,
09-12-2021,Electronics,374.7,1058.3,165.35,0,351,0,
10-12-2021,Electronics,398.3,1055.7,173.2,0,411.1,0,
11-12-2021,Electronics,374.1,1061.6,170.44,0,360,0,
12-12-2021,Electronics,365.6,1059.7,171.12,0,368.6,0,
13-12-2021,Electronics,332.2,1059,166.06,0,344.7,0,
14-12-2021,Electronics,340.4,1052.9,166,0,327.2,0,
15-12-2021,Electronics,359,1046.3,172.67,0,333.4,0,
16-12-2021,Electronics,391.5,1031.6,172.83,0,382.7,0,
17-12-2021,Electronics,405.3,1026.8,165.63,0,420,0,
18-12-2021,Electronics,354.5,1042.4,164.98,0,361.8,0,
19-12-2021,Electronics,332.9,1047.7,168.95,0,302.9,0,
20-12-2021,Electronics,351.4,1038.9,166.61,0,352.8,0,
21-12-2021,Electronics,349.5,1040.4,166.54,0,344.5,0,
22-12-2021,Electronics,370.8,1036.2,165.08,0,384.2,0,
23-12-2021,Electronics,401.5,1021.5,167.73,0,368.7,0,
24-12-2021,Electronics,414.8,1024.6,165.41,0,406.5,0,
25-12-2021,Electronics,383,1033.6,165.61,0,395.3,0,
26-12-2021,Electronics,434.4,1043.2,170.33,1,417.7,0,
27-12-2021,Electronics,351.1,1046.9,169.13,0,341.4,0,
28-12-2021,Electronics,339,1051.6,170.96,0,308.7,0,
29-12-2021,Electronics,389.7,1041.2,163.73,0,367,0,
30-12-2021,Electronics,381.4,1045.1,169.35,0,361.8,0,
31-12-2021,Electronics,435.2,1025.9,176.35,0,453.3,0,
01-01-2022,Electronics,409,1035.6,168.06,0,385.5,0,
02-01-2022,Electronics,377.8,1039.2,172.11,0,366.1,0,
03-01-2022,Electronics,373.3,1041.1,172.08,0,373.5,0,
04-01-2022,Electronics,392.5,1035.2,172.25,0,362.8,0,
05-01-2022,Electronics,408.8,1029.3,169.88,0,397.8,0,
06-01-2022,Electronics,388,1034.9,171.23,0,392.2,0,
07-01-2022,Electronics,405.2,1020.3,171.68,0,417.3,0,
08-01-2022,Electronics,399.5,1019.3,171.47,0,397,0,
09-01-2022,Electronics,382.8,1024.7,165.53,0,382.9,0,
10-01-2022,Electronics,374.3,1028.1,163.54,0,344,0,
11-01-2022,Electronics,361.1,1026.9,164.06,0,376.2,0,
12-01-2022,Electronics,403.7,1020.4,168.4,0,371.4,0,
13-01-2022,Electronics,415.1,1012.7,171.33,0,421.9,0,
14-01-2022,Electronics,425.2,1014.5,165.58,0,399.6,0,
15-01-2022,Electronics,395.1,1025.7,172.45,0,410.9,0,
16-01-2022,Electronics,,1028.3,167.62,0,378.6,0,
17-01-2022,Electronics,351.6,1044.4,167.65,0,356.1,0,
18-01-2022,Electronics,365.5,1034.2,166.49,0,341,0,
19-01-2022,Electronics,427,1020.4,162.93,0,412.7,0,
20-01-2022,Electronics,420.5,1027.3,170.09,0,417.4,0,
21-01-2022,Electronics,488.6,1003.6,175.12,0,496.1,0,
22-01-2022,Electronics,688.4,1026.4,169.11,1,630.3,0,
23-01-2022,Electronics,402.8,1035,163.05,0,420.6,0,
24-01-2022,Electronics,368.3,1046.8,171.96,0,380.7,0,
25-01-2022,Electronics,402.2,1037.9,163.82,0,378.3,0,
26-01-2022,Electronics,407.9,1035.5,165.22,0,417.5,0,
27-01-2022,Electronics,446.9,1027.9,168.51,0,437,0,
28-01-2022,Electronics,495.6,1017.3,169.73,0,480.4,0,
29-01-2022,Electronics,433.9,1027,165.9,0,411,0,
30-01-2022,Electronics,427.2,1035.6,168.38,0,421.7,0,
31-01-2022,Electronics,379.1,1041.7,171.74,0,382.7,0,
01-02-2022,Electronics,397.9,1041.2,172.2,0,382.6,0,
02-02-2022,Electronics,455.5,1029.6,173.56,0,452.9,0,
03-02-2022,Electronics,442.2,1028.1,175.78,0,444.3,0,
04-02-2022,Electronics,490.8,1011.4,172.06,0,494.1,0,
05-02-2022,Electronics,455.3,1016.6,168.58,0,413.3,0,
06-02-2022,Electronics,406,1030.3,172.23,0,417.8,0,
07-02-2022,Electronics,409.2,1027.8,170.9,0,396.4,0,
08-02-2022,Electronics,422.4,1027.7,171.03,0,396.8,0,
09-02-2022,Electronics,443.6,1027.9,169.92,0,415.3,0,
10-02-2022,Electronics,433.7,1037.9,166.23,0,421.7,0,
11-02-2022,Electronics,455.3,1028.6,165.84,0,470.3,0,
12-02-2022,Electronics,446.4,1030.2,168.99,0,427.1,0,
13-02-2022,Electronics,421.4,1029.3,169.82,0,426.6,0,
14-02-2022,Electronics,416.1,1026.9,167.02,0,380.5,0,
15-02-2022,Electronics,416,1031.7,170.75,0,404.1,0,
16-02-2022,Electronics,417.4,1039.4,176.36,0,437.8,0,
17-02-2022,Electronics,,1016.4,163.41,0,480.7,0,
18-02-2022,Electronics,688.4,1010.1,171.29,1,641.3,0,
19-02-2022,Electronics,626.4,1015.3,169.09,1,610.9,0,
20-02-2022,Electronics,447.3,1022.5,170.84,0,418.3,0,
21-02-2022,Electronics,426,1024.9,167.86,0,409.6,0,
22-02-2022,Electronics,427,1026.7,168.82,0,434.3,0,
23-02-2022,Electronics,444.9,1018.9,169.76,0,451.9,0,
24-02-2022,Electronics,445,1018.9,168.3,0,415.7,0,
25-02-2022,Electronics,487.5,1008.8,164.17,0,506.2,0,
26-02-2022,Electronics,466.5,1015.2,168.53,0,461.3,0,
27-02-2022,Electronics,439.5,1021.1,164.52,0,420.6,0,
28-02-2022,Electronics,396.1,1033.6,171.53,0,386.3,0,
01-03-2022,Electronics,406.6,1030,163,0,402.8,0,
02-03-2022,Electronics,469.3,1009.3,172.8,0,461.8,0,
03-03-2022,Electronics,477.6,1005.5,170.77,0,464.7,0,
04-03-2022,Electronics,,1007.7,170.78,0,484.8,0,
05-03-2022,Electronics,468.5,1019,161.99,0,434.1,0,
06-03-2022,Electronics,564.5,1026,168.2,1,576.9,0,
07-03-2022,Electronics,438.3,1030.1,173.22,0,430.1,0,
08-03-2022,Electronics,420.8,1033.7,167.56,0,387,0,
09-03-2022,Electronics,457.8,1028.5,165.67,0,464.6,0,
10-03-2022,Electronics,475,1025.2,167.16,0,493.9,0,
11-03-2022,Electronics,482.4,1022.4,169.09,0,502.7,0,
12-03-2022,Electronics,467.1,1029.2,166.43,0,446.2,0,
13-03-2022,Electronics,447.7,1027.2,173.5,0,412,0,
14-03-2022,Electronics,418.4,1030.4,169.1,0,409,0,
15-03-2022,Electronics,454.5,1013.5,167.44,0,416.8,0,
16-03-2022,Electronics,444.8,1017.2,164.91,0,462.6,0,
17-03-2022,Electronics,483.2,1014.3,170.96,0,448.2,0,
18-03-2022,Electronics,485.8,1024.7,170.88,0,455.6,0,
19-03-2022,Electronics,500,1023.6,166.63,0,480.5,0,
20-03-2022,Electronics,450.4,1041,161.74,0,431.3,0,
21-03-2022,Electronics,446.9,1033,170.71,0,455.5,0,
22-03-2022,Electronics,411.2,1041,168.68,0,398.3,0,
23-03-2022,Electronics,467.2,1020.3,170.46,0,432.4,0,
24-03-2022,Electronics,504,1006.1,175.94,0,473.8,0,
25-03-2022,Electronics,497.2,1007.4,169.23,0,485.4,0,
26-03-2022,Electronics,496,1005.4,167.58,0,457.4,0,
27-03-2022,Electronics,440.7,1012.1,165.43,0,437,0,
28-03-2022,Electronics,666.5,1011.4,168.26,1,656.4,0,
29-03-2022,Electronics,477.1,999.5,169.86,0,480.5,0,
30-03-2022,Electronics,458.4,1006.3,169.5,0,477.1,0,
31-03-2022,Electronics,483.2,1009.2,175.15,0,501,0,
01-04-2022,Electronics,521.9,993,171.01,0,543.7,0,
02-04-2022,Electronics,506.1,985.1,168.86,0,474.1,0,
03-04-2022,Electronics,441.9,1003,166.92,0,406.4,0,
04-04-2022,Electronics,425.7,1013.3,170.22,0,402.5,0,
05-04-2022,Electronics,434.6,1020.4,166.25,0,449.5,0,
06-04-2022,Electronics,442.8,1011.8,169.93,0,463.1,0,
07-04-2022,Electronics,476,1004.3,170.97,0,489.8,0,
08-04-2022,Electronics,635,1000.5,168.58,1,582,0,
09-04-2022,Electronics,1842.9,1004.2,167.18,0,486.7,1,demand_spike
10-04-2022,Electronics,450.5,1022.4,161.92,0,434.1,0,
11-04-2022,Electronics,437,1018.9,173.19,0,393.9,0,
12-04-2022,Electronics,465.6,1011.6,170.68,0,449.9,0,
13-04-2022,Electronics,448.6,1019,170.77,0,406.8,0,
14-04-2022,Electronics,508,1006.7,164.03,0,498.6,0,
15-04-2022,Electronics,494.1,1011.3,173.99,0,469.8,0,
16-04-2022,Electronics,478.7,1017.5,167.74,0,464.8,0,
17-04-2022,Electronics,461.9,1020.5,168.34,0,458.2,0,
18-04-2022,Electronics,413.4,1036.4,165.7,0,425.9,0,
19-04-2022,Electronics,445,1025.2,163.27,0,444.7,0,
20-04-2022,Electronics,467.2,1021.7,173.24,0,450.9,0,
21-04-2022,Electronics,498.6,1010.4,173.67,0,510,0,
22-04-2022,Electronics,501.3,1011.5,168.76,0,519.3,0,
23-04-2022,Electronics,519.6,1005.9,167.02,0,477,0,
24-04-2022,Electronics,438.3,1035.9,168.04,0,429.4,0,
25-04-2022,Electronics,421.7,1040.6,168.13,0,397.6,0,
26-04-2022,Electronics,426.3,1030.4,165.25,0,386.7,0,
27-04-2022,Electronics,,1028.6,168.33,0,453.3,0,
28-04-2022,Electronics,477.5,1016.8,169.84,0,491.5,0,
29-04-2022,Electronics,514.4,1002.5,172.77,0,475.5,0,
30-04-2022,Electronics,499.9,1003.8,169.37,0,510.8,0,
01-05-2022,Electronics,437,1029.6,163.98,0,449.2,0,
02-05-2022,Electronics,414.2,1025.7,170.51,0,429.5,0,
03-05-2022,Electronics,442.1,1033,168.45,0,415.5,0,
04-05-2022,Electronics,450.5,1035.8,173.96,0,466.5,0,
05-05-2022,Electronics,496,1023.3,174.16,0,470.3,0,
06-05-2022,Electronics,494.7,1023.4,174.28,0,486.3,0,
07-05-2022,Electronics,447.2,1039,167.42,0,405.9,0,
08-05-2022,Electronics,469.5,1035,176.06,0,425.6,0,
09-05-2022,Electronics,455.1,1042.5,170.51,0,458.8,0,
10-05-2022,Electronics,420.4,1055.7,174.82,0,406.4,0,
11-05-2022,Electronics,449.7,1047.4,167.62,0,422,0,
12-05-2022,Electronics,486.5,1035.3,168.31,0,451.8,0,
13-05-2022,Electronics,493.2,1032.6,170.25,0,493.4,0,
14-05-2022,Electronics,480,1035.6,169.83,0,432,0,
15-05-2022,Electronics,473.3,1043.2,173.57,0,483.2,0,
16-05-2022,Electronics,583,1062.9,168.53,1,531.7,0,
17-05-2022,Electronics,413.1,1049.6,173.26,0,383.6,0,
18-05-2022,Electronics,428.6,1048.2,171.8,0,410.6,0,
19-05-2022,Electronics,464.9,1038.3,168.59,0,452.3,0,
20-05-2022,Electronics,606.4,1032.9,171.53,1,578,0,
21-05-2022,Electronics,494.6,1027.3,167.71,0,468.9,0,
22-05-2022,Electronics,426,1053.5,177.28,0,445,0,
23-05-2022,Electronics,419.7,1060.1,160.29,0,418.1,0,
24-05-2022,Electronics,421.4,1055.8,171.6,0,380.7,0,
25-05-2022,Electronics,467,1044.1,163.34,0,450.4,0,
26-05-2022,Electronics,514.8,1024.9,168.55,0,530.9,0,
27-05-2022,Electronics,468.9,1031.8,169.03,0,443.2,0,
28-05-2022,Electronics,450.8,1034.1,174.42,0,412.1,0,
29-05-2022,Electronics,447,1039.6,166.97,0,453.1,0,
30-05-2022,Electronics,422,1051.8,173.75,0,418.2,0,
31-05-2022,Electronics,643,1046.8,165.33,1,633.7,0,
01-06-2022,Electronics,451.2,1049.3,173.88,0,409.7,0,
02-06-2022,Electronics,460.5,1049,167.71,0,424.2,0,
03-06-2022,Electronics,482.1,1039.4,169.57,0,478.9,0,
04-06-2022,Electronics,472,1044.6,168.18,0,439.5,0,
05-06-2022,Electronics,437.4,1058.9,173.66,0,426.7,0,
06-06-2022,Electronics,413.2,1070,173,0,405.6,0,
07-06-2022,Electronics,564.7,1071.4,170.82,1,532.2,0,
08-06-2022,Electronics,455,1066.9,165.42,0,474.3,0,
09-06-2022,Electronics,483.8,1060,166.9,0,496.5,0,
10-06-2022,Electronics,705.4,1067.4,165.83,1,711.3,0,
11-06-2022,Electronics,647.3,1077.1,161.7,1,590.1,0,
12-06-2022,Electronics,419.7,1080.1,173.59,0,384.4,0,
13-06-2022,Electronics,418.6,1079.6,168.21,0,407.7,0,
14-06-2022,Electronics,576,1084.4,168.17,1,532.2,0,
15-06-2022,Electronics,435.1,1067.5,174.38,0,455.4,0,
16-06-2022,Electronics,447.3,1063.1,167.71,0,413.2,0,
17-06-2022,Electronics,459.9,1055.4,166.47,0,447.6,0,
18-06-2022,Electronics,462,1053.2,168.56,0,441.1,0,
19-06-2022,Electronics,508.6,1058.2,165.48,1,506.5,0,
20-06-2022,Electronics,392.4,1065.7,170.48,0,360.8,0,
21-06-2022,Electronics,374.2,1071.2,168.05,0,360.9,0,
22-06-2022,Electronics,434.8,1048.9,167.6,0,409.2,0,
23-06-2022,Electronics,458.1,1045.2,167.31,0,473.3,0,
24-06-2022,Electronics,489.2,1040.6,168.96,0,443.2,0,
25-06-2022,Electronics,428.5,1050.7,169.6,0,444.4,0,
26-06-2022,Electronics,407.5,1053.2,167.56,0,417.7,0,
27-06-2022,Electronics,389,1054.9,168.1,0,367.5,0,
28-06-2022,Electronics,416.9,1041.9,169.04,0,424.5,0,
29-06-2022,Electronics,413.7,1047,168.7,0,374.3,0,
30-06-2022,Electronics,445.1,1036.6,169.42,0,465.1,0,
01-07-2022,Electronics,456,1032,167.03,0,446.5,0,
02-07-2022,Electronics,429.9,1029.8,172.72,0,406.5,0,
03-07-2022,Electronics,389.4,1045.1,169.65,0,371.6,0,
04-07-2022,Electronics,381.2,1041.4,167.61,0,346.8,0,
05-07-2022,Electronics,401.4,1035.6,170.48,0,420.9,0,
06-07-2022,Electronics,,1040.1,169.07,0,354.3,0,
07-07-2022,Electronics,435.7,1033.5,163.45,0,434.9,0,
08-07-2022,Electronics,427.1,1029.6,170.47,0,412.7,0,
09-07-2022,Electronics,440,1010.6,165.86,0,458.6,0,
10-07-2022,Electronics,364.3,1034.2,172.48,0,341.3,0,
11-07-2022,Electronics,361.6,1044.1,168.5,0,354.3,0,
12-07-2022,Electronics,488.5,1043.9,171.96,1,475,0,
13-07-2022,Electronics,,1031.4,167.18,0,430.2,0,
14-07-2022,Electronics,425.5,1029.7,169.55,0,387.3,0,
15-07-2022,Electronics,422.7,1034.5,173.42,0,392.7,0,
16-07-2022,Electronics,444.8,1023,168.41,0,414.6,0,
17-07-2022,Electronics,358.8,1051.2,167.32,0,362.6,0,
18-07-2022,Electronics,327.2,1063.2,171.54,0,303.7,0,
19-07-2022,Electronics,377.1,1053.5,171.47,0,371.9,0,
20-07-2022,Electronics,386.4,1064.6,167.46,0,360.2,0,
21-07-2022,Electronics,402.7,1061.6,162.59,0,414.5,0,
22-07-2022,Electronics,437.4,1048.7,167.25,0,455.4,0,
23-07-2022,Electronics,521.4,1056.6,171.61,1,509.8,0,
24-07-2022,Electronics,367.2,1060.8,166.69,0,349.8,0,
25-07-2022,Electronics,336.2,1066.6,169.28,0,314.3,0,
26-07-2022,Electronics,378,1052,167.09,0,343,0,
27-07-2022,Electronics,583.2,1043,162.77,1,548.4,0,
28-07-2022,Electronics,411.9,1040,167.03,0,411.1,0,
29-07-2022,Electronics,450.3,1024.4,171.6,0,441.3,0,
30-07-2022,Electronics,382.2,1050.4,161.29,0,398.1,0,
31-07-2022,Electronics,344.8,1061.6,170.17,0,330.8,0,
01-08-2022,Electronics,340,1063,165.3,0,341.3,0,
02-08-2022,Electronics,356.4,1056.4,171.38,0,347,0,
03-08-2022,Electronics,386.5,1048.2,171.74,0,377.6,0,
04-08-2022,Electronics,403.6,1047.2,168.74,0,379.4,0,
05-08-2022,Electronics,419.2,1038.2,168.74,0,405.9,0,
06-08-2022,Electronics,373.3,1048.6,166.59,0,362.4,0,
07-08-2022,Electronics,389.1,1042.4,164.76,0,391.4,0,
08-08-2022,Electronics,344.6,1049,175.07,0,358.7,0,
09-08-2022,Electronics,370.5,1037.1,166.39,0,351.7,0,
10-08-2022,Electronics,382.7,1031.1,174.63,0,346.9,0,
11-08-2022,Electronics,409.9,1027.3,166.41,0,399.4,0,
12-08-2022,Electronics,417.5,1026.3,171.1,0,409.9,0,
13-08-2022,Electronics,396.7,1033.5,165.46,0,367.1,0,
14-08-2022,Electronics,370.4,1045.7,171.09,0,375.6,0,
15-08-2022,Electronics,363.3,1047.1,168.21,0,380.6,0,
16-08-2022,Electronics,349.9,1053.1,168.26,0,364.6,0,
17-08-2022,Electronics,384,1042.4,171.38,0,356.9,0,
18-08-2022,Electronics,395.9,1040.1,167.73,0,408.3,0,
19-08-2022,Electronics,427.5,1027.7,164.48,0,429.9,0,
20-08-2022,Electronics,574.9,1031.8,171.9,1,556.5,0,
21-08-2022,Electronics,385.4,1027.5,165.44,0,378.1,0,
22-08-2022,Electronics,335.8,1049.5,171.07,0,345,0,
23-08-2022,Electronics,318.2,1059.4,172.61,0,309.3,0,
24-08-2022,Electronics,369.9,1048.7,168.05,0,353.6,0,
25-08-2022,Electronics,381.8,1051.3,173.32,0,371.8,0,
26-08-2022,Electronics,413.3,1042.3,170.95,0,407.9,0,
27-08-2022,Electronics,369.6,1056.4,166.96,0,343.1,0,
28-08-2022,Electronics,343.7,1061.1,174.06,0,355.8,0,
29-08-2022,Electronics,300.9,1072.4,165.45,0,301.2,0,
30-08-2022,Electronics,331.1,1066.4,168.04,0,329.4,0,
31-08-2022,Electronics,396.6,1074.7,168.62,1,362.8,0,
01-09-2022,Electronics,515.6,1062.1,171.37,1,510.8,0,
02-09-2022,Electronics,408.7,1046.2,173.09,0,375.3,0,
03-09-2022,Electronics,390.7,1051.6,172.88,0,356.3,0,
04-09-2022,Electronics,355.4,1065.2,170.08,0,348,0,
05-09-2022,Electronics,313.5,1070.5,168.37,0,301.1,0,
06-09-2022,Electronics,335.1,1052.6,163.13,0,331.2,0,
07-09-2022,Electronics,361.6,1041.9,164.87,0,330.3,0,
08-09-2022,Electronics,367.8,1033.9,175.3,0,354.8,0,
09-09-2022,Electronics,418.8,1016,163.1,0,387.9,0,
10-09-2022,Electronics,390,1024,166.66,0,408.7,0,
11-09-2022,Electronics,342.3,1036,173.19,0,336.9,0,
12-09-2022,Electronics,328.2,1047.5,170.03,0,329.3,0,
13-09-2022,Electronics,337.5,1046.3,172.46,0,320.2,0,
14-09-2022,Electronics,325.4,1051.5,171.16,0,297.5,0,
15-09-2022,Electronics,,1037.7,174.29,0,399.2,0,
16-09-2022,Electronics,380.5,1032.4,170.32,0,358.7,0,
17-09-2022,Electronics,356.9,1044.6,171.56,0,343.9,0,
18-09-2022,Electronics,340,1049.3,166.86,0,339.2,0,
19-09-2022,Electronics,357,1047.6,171.3,0,322.6,0,
20-09-2022,Electronics,343.8,1046.2,167.98,0,351.2,0,
21-09-2022,Electronics,349.3,1036.7,167.78,0,342.5,0,
22-09-2022,Electronics,394.6,1027.3,172.35,0,371.6,0,
23-09-2022,Electronics,414.9,1023,172.37,0,377.3,0,
24-09-2022,Electronics,388.9,1026.3,175.03,0,359.5,0,
25-09-2022,Electronics,426,679.2,174.81,1,440.6,0,
26-09-2022,Electronics,315.5,688.7,172.42,0,316.4,0,
27-09-2022,Electronics,344.7,679.1,163.49,0,17.6,1,supplier_delay
28-09-2022,Electronics,365.7,680.4,175.51,0,332.7,0,
29-09-2022,Electronics,400.2,670.6,172.43,0,401.7,0,
30-09-2022,Electronics,402.4,1024.5,166.72,0,396.7,0,
01-10-2022,Electronics,391.5,1026.1,171.79,0,376.1,0,
02-10-2022,Electronics,336,1045.8,165.8,0,320.7,0,
03-10-2022,Electronics,349.4,1039.1,171.41,0,325.8,0,
04-10-2022,Electronics,337.1,1041.9,164.86,0,337.3,0,
05-10-2022,Electronics,395,1024.8,166.58,0,413,0,
06-10-2022,Electronics,374.7,1025.9,171.72,0,347.1,0,
07-10-2022,Electronics,422.2,1015.3,172.95,0,417.8,0,
08-10-2022,Electronics,378.5,1025.8,170.42,0,364.8,0,
09-10-2022,Electronics,335.6,1037.6,168.35,0,324.5,0,
10-10-2022,Electronics,320.7,1037.1,162.16,0,300.9,0,
11-10-2022,Electronics,330.2,1021.4,168.61,0,338.1,0,
12-10-2022,Electronics,369.2,1008.8,171.12,0,359.1,0,
13-10-2022,Electronics,397.2,1012.4,168.24,0,389.9,0,
14-10-2022,Electronics,385.5,1019.9,169.24,0,364.6,0,
15-10-2022,Electronics,377.2,1022.3,168.69,0,349.7,0,
16-10-2022,Electronics,385.2,1018.5,168.23,0,351.7,0,
17-10-2022,Electronics,,1026,169.57,1,440.1,0,
18-10-2022,Electronics,345.8,1033.2,168.39,0,321.4,0,
19-10-2022,Electronics,365.5,1021.4,174.2,0,366.8,0,
20-10-2022,Electronics,393.5,1018.6,161.85,0,377.2,0,
21-10-2022,Electronics,408.7,1017.6,167.47,0,393.3,0,
22-10-2022,Electronics,363.6,1034.7,166.37,0,352.9,0,
23-10-2022,Electronics,444.8,1041.5,170.06,1,424.8,0,
24-10-2022,Electronics,306.9,1054,169.58,0,280.9,0,
25-10-2022,Electronics,348.8,1044.8,174.81,0,330.1,0,
26-10-2022,Electronics,379.6,1038.5,175.92,0,379.5,0,
27-10-2022,Electronics,387.2,1034.5,166.7,0,387.2,0,
28-10-2022,Electronics,429,1019.1,169.32,0,404.5,0,
29-10-2022,Electronics,364.4,1038.9,169.98,0,353.1,0,
30-10-2022,Electronics,332.2,1056.4,166.62,0,308.6,0,
31-10-2022,Electronics,343.3,1046.8,171.45,0,319.8,0,
01-11-2022,Electronics,364.3,1033.2,168.51,0,329.1,0,
02-11-2022,Electronics,601.9,1022.8,165.7,1,622.6,0,
03-11-2022,Electronics,392.4,1025.8,168.37,0,365.6,0,
04-11-2022,Electronics,425.6,1016.8,165.94,0,397.5,0,
05-11-2022,Electronics,539.1,1028.8,172.83,1,507.8,0,
06-11-2022,Electronics,359.1,1036.8,175.76,0,330.1,0,
07-11-2022,Electronics,359.7,1044.1,170.15,0,358.2,0,
08-11-2022,Electronics,363,1035.1,169.69,0,330.8,0,
09-11-2022,Electronics,352.3,1034.1,169.83,0,324.2,0,
10-11-2022,Electronics,430.7,1010.1,173.32,0,429.3,0,
11-11-2022,Electronics,436.4,1000.2,173.25,0,415,0,
12-11-2022,Electronics,385.4,1014.6,168.93,0,387.8,0,
13-11-2022,Electronics,374.6,1026.1,170.17,0,368.5,0,
14-11-2022,Electronics,359.2,1030.9,171.53,0,337.1,0,
15-11-2022,Electronics,362.6,822.2,165.46,0,361.7,0,
16-11-2022,Electronics,375.9,814,173.42,0,344.9,0,
17-11-2022,Electronics,400.8,805.6,175.19,0,53.6,1,supplier_delay
18-11-2022,Electronics,419.1,799.7,173.26,0,404.7,0,
19-11-2022,Electronics,422.3,797.7,165.1,0,397,0,
20-11-2022,Electronics,383.8,1018.2,162.65,0,380.2,0,
21-11-2022,Electronics,351.3,1030.7,171.72,0,362.1,0,
22-11-2022,Electronics,378.1,1017.2,166.74,0,396.9,0,
23-11-2022,Electronics,487.3,1028.6,170.29,1,483,0,
24-11-2022,Electronics,438.6,1002.7,174.52,0,421.3,0,
25-11-2022,Electronics,397.3,1020.8,167.09,0,371,0,
26-11-2022,Electronics,403.6,1026.8,168.04,0,378.8,0,
27-11-2022,Electronics,363,1033.9,170.25,0,352.8,0,
28-11-2022,Electronics,343.1,1035.8,164.92,0,327.7,0,
29-11-2022,Electronics,392.1,1014.9,166.75,0,406.6,0,
30-11-2022,Electronics,543.7,1013.8,169.4,1,519.4,0,
01-12-2022,Electronics,432.6,1003.9,168.3,0,413.6,0,
02-12-2022,Electronics,433.6,1008.5,171.38,0,415.1,0,
03-12-2022,Electronics,425.5,1010.6,178.68,0,436.4,0,
04-12-2022,Electronics,391,1019.3,169.65,0,390.1,0,
05-12-2022,Electronics,351.2,1032,166.47,0,348.4,0,
06-12-2022,Electronics,397.2,1014,174.12,0,377.4,0,
07-12-2022,Electronics,399.3,1023.8,163.94,0,408.4,0,
08-12-2022,Electronics,408.6,1013,164.61,0,370.1,0,
09-12-2022,Electronics,435.3,1005.9,167.3,0,448.6,0,
10-12-2022,Electronics,451,1011.4,168.36,0,440.6,0,
11-12-2022,Electronics,412.3,1023,167.22,0,395.7,0,
12-12-2022,Electronics,375.3,1033.1,169.21,0,365.7,0,
13-12-2022,Electronics,382.9,1029.1,170.25,0,383,0,
14-12-2022,Electronics,410.6,1019.8,172.94,0,370.4,0,
15-12-2022,Electronics,478.4,1006.4,169.63,0,493.1,0,
16-12-2022,Electronics,457.4,1001.6,167.41,0,442.3,0,
17-12-2022,Electronics,441.5,1014.1,172.75,0,420,0,
18-12-2022,Electronics,423.9,1012.2,166.55,0,390.3,0,
19-12-2022,Electronics,393.8,1019.9,163.79,0,380.4,0,
20-12-2022,Electronics,393.1,1018,173.4,0,383.1,0,
21-12-2022,Electronics,421.5,1012.4,173.18,0,404.8,0,
22-12-2022,Electronics,450.9,995.6,166.63,0,451.7,0,
23-12-2022,Electronics,459.1,995.4,167.97,0,442.2,0,
24-12-2022,Electronics,681.6,1006.7,166.21,1,711.7,0,
25-12-2022,Electronics,416.3,1011.6,170.42,0,412,0,
26-12-2022,Electronics,411,1014.1,175.18,0,419.7,0,
27-12-2022,Electronics,405,1012.6,171.7,0,371.1,0,
28-12-2022,Electronics,435,1005.8,172.82,0,417.4,0,
29-12-2022,Electronics,640.9,1008.2,172.09,1,609.2,0,
30-12-2022,Electronics,715.2,987.9,169.32,1,704.8,0,
31-12-2022,Electronics,,998.2,172.99,0,471.1,0,
01-01-2023,Electronics,441.1,1012.3,171.84,0,402.2,0,
02-01-2023,Electronics,358.7,1036,174.19,0,326.7,0,
03-01-2023,Electronics,450.5,1012.1,167.76,0,462.9,0,
04-01-2023,Electronics,440.2,1008.7,163.43,0,410.3,0,
01-01-2020,Furniture,340.9,1118.1,142.96,0,355,0,
02-01-2020,Furniture,393.8,1107.3,144.82,0,377,0,
03-01-2020,Furniture,420.4,1092.6,138.31,0,393.1,0,
04-01-2020,Furniture,513.8,1102.8,143.96,1,470.3,0,
05-01-2020,Furniture,499.6,1122.2,143.1,1,494.4,0,
06-01-2020,Furniture,386.5,1113.1,144.7,0,388.5,0,
07-01-2020,Furniture,345.4,1117.3,140.45,0,321,0,
08-01-2020,Furniture,410,1092.9,144.44,0,410.4,0,
09-01-2020,Furniture,378.6,1099.6,139.62,0,391.8,0,
10-01-2020,Furniture,411.6,1089.7,144.88,0,385.5,0,
11-01-2020,Furniture,379.9,1105.2,145.07,0,348.9,0,
12-01-2020,Furniture,374.6,1115,138.52,0,384,0,
13-01-2020,Furniture,388.5,1106.7,142.68,0,403,0,
14-01-2020,Furniture,356.7,1113.4,141.03,0,332.6,0,
15-01-2020,Furniture,392.4,1103.4,143.03,0,395.6,0,
16-01-2020,Furniture,361.6,1109,141.77,0,357.5,0,
17-01-2020,Furniture,364.3,1114.2,141.02,0,340.9,0,
18-01-2020,Furniture,335.4,1135.2,140.01,0,343.3,0,
19-01-2020,Furniture,327.3,1137.7,145.74,0,317.6,0,
20-01-2020,Furniture,370.9,1126.3,139.55,0,372.8,0,
21-01-2020,Furniture,348.1,1130.2,140.11,0,329.1,0,
22-01-2020,Furniture,351.9,1130.8,138.1,0,359.7,0,
23-01-2020,Furniture,379.3,1117.2,144.08,0,356.4,0,
24-01-2020,Furniture,593.1,1108.3,144.59,1,566.3,0,
25-01-2020,Furniture,382.2,1102.5,142.77,0,366.4,0,
26-01-2020,Furniture,349,1116.6,139.47,0,324.9,0,
27-01-2020,Furniture,361.4,1119.8,136.82,0,372.7,0,
28-01-2020,Furniture,,1139.5,143.24,0,286.9,0,
29-01-2020,Furniture,343.6,1130.8,144.2,0,338.3,0,
30-01-2020,Furniture,394.3,1114,140.21,0,403,0,
31-01-2020,Furniture,393.1,1113.9,141.86,0,388.1,0,
01-02-2020,Furniture,366.9,1116.6,137.2,0,348.2,0,
02-02-2020,Furniture,391.2,1133.7,139.41,1,397.9,0,
03-02-2020,Furniture,342,1134.1,142.75,0,333.4,0,
04-02-2020,Furniture,308,1138.9,141.36,0,284.7,0,
05-02-2020,Furniture,,1115.2,142.19,0,351.9,0,
06-02-2020,Furniture,396,1101.2,144.88,0,391.6,0,
07-02-2020,Furniture,353.1,1112.8,138.13,0,352.7,0,
08-02-2020,Furniture,410,1095.7,142.24,0,402.7,0,
09-02-2020,Furniture,309.8,1126,139.73,0,291.5,0,
10-02-2020,Furniture,314.5,1118,141.16,0,311.1,0,
11-02-2020,Furniture,317.6,1113.4,142.48,0,301.7,0,
12-02-2020,Furniture,337.2,1103.9,138.07,0,314.8,0,
13-02-2020,Furniture,388.2,1092.2,139.8,0,404.4,0,
14-02-2020,Furniture,370,1092.7,140.48,0,350.5,0,
15-02-2020,Furniture,328.7,1105.4,142.78,0,312.4,0,
16-02-2020,Furniture,328.8,1101.8,144.77,0,340.2,0,
17-02-2020,Furniture,328,1101.1,136.92,0,302.2,0,
18-02-2020,Furniture,328.5,1105.6,139.76,0,324.5,0,
19-02-2020,Furniture,361.3,1089.6,141.24,0,367.6,0,
20-02-2020,Furniture,353.4,1078.9,141.23,0,332.6,0,
21-02-2020,Furniture,476.6,1066.4,142.83,1,489.3,0,
22-02-2020,Furniture,338.9,1078.7,138.14,0,344.2,0,
23-02-2020,Furniture,307.2,1082.2,141.08,0,298.8,0,
24-02-2020,Furniture,283.1,1085.9,140.49,0,259.9,0,
25-02-2020,Furniture,346.9,1069,143.7,0,362.7,0,
26-02-2020,Furniture,296.1,1088.3,141.86,0,294.2,0,
27-02-2020,Furniture,352.5,1076.5,140.39,0,344.6,0,
28-02-2020,Furniture,479.6,763.4,145.1,1,495.4,0,
29-02-2020,Furniture,315.9,768.7,140.15,0,304.3,0,
01-03-2020,Furniture,337.1,769.9,139.39,0,67,1,supplier_delay
02-03-2020,Furniture,348.9,548.1,143.32,1,358.9,0,
03-03-2020,Furniture,295.2,543.4,140.31,0,283.1,0,
04-03-2020,Furniture,346.8,755.8,141.84,0,55.5,1,supplier_delay
05-03-2020,Furniture,314.1,763.7,146.56,0,294.7,0,
06-03-2020,Furniture,364.9,758,140.27,0,366.9,0,
07-03-2020,Furniture,358.6,1077.3,138.92,0,350.2,0,
08-03-2020,Furniture,337.3,1085.6,141.04,0,311.9,0,
09-03-2020,Furniture,308.9,1091,140.78,0,284.4,0,
10-03-2020,Furniture,286.1,1105.9,143.83,0,277.1,0,
11-03-2020,Furniture,300.2,1103.8,137.78,0,302.2,0,
12-03-2020,Furniture,328.5,1101.8,149.27,0,325.4,0,
13-03-2020,Furniture,275.8,1111.8,139.61,0,283.6,0,
14-03-2020,Furniture,331.4,1092.3,143.14,0,317.7,0,
15-03-2020,Furniture,308.1,1100.6,144.3,0,316.3,0,
16-03-2020,Furniture,299.6,1109.6,142.2,0,271.3,0,
17-03-2020,Furniture,296.7,1115.5,143.41,0,283.3,0,
18-03-2020,Furniture,323.5,1114.9,141.85,0,294.7,0,
19-03-2020,Furniture,339,1117,143.44,0,351.9,0,
20-03-2020,Furniture,309.1,1129.9,140.45,0,300.2,0,
21-03-2020,Furniture,334.9,1122.9,139.8,0,317.3,0,
22-03-2020,Furniture,308.1,1125.3,136.61,0,300.1,0,
23-03-2020,Furniture,257.7,1129.7,142.89,0,252.5,0,
24-03-2020,Furniture,320,1111.7,140.68,0,328.6,0,
25-03-2020,Furniture,409,1118.3,142.71,1,401.4,0,
26-03-2020,Furniture,349.8,1093.1,140.75,0,337.4,0,
27-03-2020,Furniture,339,1090.5,145.17,0,354,0,
28-03-2020,Furniture,288,1100.7,141.19,0,301,0,
29-03-2020,Furniture,312.9,1092.3,139.89,0,283.4,0,
30-03-2020,Furniture,305.8,1094.9,140.52,0,307.7,0,
31-03-2020,Furniture,325.1,1094.6,143.07,0,310.7,0,
01-04-2020,Furniture,445.3,1084.3,149.92,1,445.9,0,
02-04-2020,Furniture,361.5,1078.8,145.54,0,359.9,0,
03-04-2020,Furniture,450.8,1073.6,138.23,1,428,0,
04-04-2020,Furniture,497.4,1089.7,142.32,1,521.2,0,
05-04-2020,Furniture,296.6,1093.1,139.43,0,282.9,0,
06-04-2020,Furniture,316.5,1081.1,140.54,0,314.9,0,
07-04-2020,Furniture,290.5,1085.5,140.79,0,296.9,0,
08-04-2020,Furniture,328.8,1068.4,141.41,0,303.1,0,
09-04-2020,Furniture,373,1055.6,144.14,0,352.5,0,
10-04-2020,Furniture,325.9,1072.9,140.91,0,303.1,0,
11-04-2020,Furniture,343.4,1072.8,142.13,0,349.4,0,
12-04-2020,Furniture,289.7,1086.3,141.63,0,295.6,0,
13-04-2020,Furniture,308.2,1087.7,139.67,0,289.3,0,
14-04-2020,Furniture,335.6,1079.4,140.12,0,302.2,0,
15-04-2020,Furniture,347.6,1082.1,139.93,0,335,0,
16-04-2020,Furniture,327.6,1087.3,143.53,0,328.6,0,
17-04-2020,Furniture,375.6,1071.7,140.6,0,373.2,0,
18-04-2020,Furniture,,1090.2,146.66,0,312.9,0,
19-04-2020,Furniture,359.6,1081,139.44,0,340,0,
20-04-2020,Furniture,297.5,1096.8,139.43,0,288.9,0,
21-04-2020,Furniture,316.2,1097,138.63,0,285.3,0,
22-04-2020,Furniture,333.8,1086.9,141.35,0,304.1,0,
23-04-2020,Furniture,313.8,1095.8,140.13,0,290.1,0,
24-04-2020,Furniture,373.3,1080.6,140.66,0,371,0,
25-04-2020,Furniture,335.6,1097.3,144.56,0,313.1,0,
26-04-2020,Furniture,298.9,1113.7,141.18,0,288,0,
27-04-2020,Furniture,282.6,1117.7,140.59,0,280.7,0,
28-04-2020,Furniture,290.7,1115.4,142.46,0,297.9,0,
29-04-2020,Furniture,320.7,1106.2,142.18,0,315.1,0,
30-04-2020,Furniture,317.2,1116,143.79,0,293.9,0,
01-05-2020,Furniture,327.7,1116.1,144.02,0,341.7,0,
02-05-2020,Furniture,414.6,1131,142.94,1,378.7,0,
03-05-2020,Furniture,296.5,1129.5,144.31,0,283.1,0,
04-05-2020,Furniture,332.7,1113,139.73,0,345.4,0,
05-05-2020,Furniture,334.1,1107.9,141.31,0,330.8,0,
06-05-2020,Furniture,331.9,1113.6,142,0,331.7,0,
07-05-2020,Furniture,391.1,1092.2,141.9,0,369.7,0,
08-05-2020,Furniture,376.4,1112.6,150.38,0,343.2,0,
09-05-2020,Furniture,347.3,1119.3,144.76,0,331.6,0,
10-05-2020,Furniture,330.4,1126.1,144.66,0,317.3,0,
11-05-2020,Furniture,308.5,1134.4,140.84,0,290.2,0,
12-05-2020,Furniture,283.8,1142.7,141.46,0,264.6,0,
13-05-2020,Furniture,324.4,1124.4,143.82,0,309.2,0,
14-05-2020,Furniture,291.4,1135.6,145.91,0,290.2,0,
15-05-2020,Furniture,329.8,1125.3,139.23,0,343.7,0,
16-05-2020,Furniture,373,1110.8,140.31,0,375.1,0,
17-05-2020,Furniture,324.8,1134.5,141.09,0,330.3,0,
18-05-2020,Furniture,287.8,1137.3,142.39,0,272.2,0,
19-05-2020,Furniture,328.3,1117.6,143.84,0,300.6,0,
20-05-2020,Furniture,348.7,1115.2,143.68,0,329.1,0,
21-05-2020,Furniture,388.2,1103,142.94,0,372.8,0,
22-05-2020,Furniture,398.7,1095.4,139.5,0,400,0,
23-05-2020,Furniture,365,1106.5,141.17,0,379.9,0,
24-05-2020,Furniture,295,1132.3,137.86,0,301.3,0,
25-05-2020,Furniture,493.8,1102.4,144.43,1,464.1,0,
26-05-2020,Furniture,489,1110.6,141.75,1,500.3,0,
27-05-2020,Furniture,359.9,1109.9,138.36,0,346.1,0,
28-05-2020,Furniture,359.5,1108.9,148.32,0,333,0,
29-05-2020,Furniture,330.9,1118.7,134.44,0,320.7,0,
30-05-2020,Furniture,341.3,1116.9,141.48,0,336,0,
31-05-2020,Furniture,333.5,1122,145.38,0,338.4,0,
01-06-2020,Furniture,314.3,1122.8,140.28,0,299.3,0,
02-06-2020,Furniture,352.7,1116.7,142.12,0,325.2,0,
03-06-2020,Furniture,345.7,1123.8,143.01,0,316,0,
04-06-2020,Furniture,349.1,1127.9,135.17,0,320.1,0,
05-06-2020,Furniture,382.8,1109.2,138.57,0,399.1,0,
06-06-2020,Furniture,341.9,1127.2,141.48,0,356.5,0,
07-06-2020,Furniture,305.2,1136.3,141.42,0,319,0,
08-06-2020,Furniture,341.2,1128.2,137.84,0,322.5,0,
09-06-2020,Furniture,333.7,1120.5,141.6,0,309.9,0,
10-06-2020,Furniture,357.7,1109.9,143.17,0,374.6,0,
11-06-2020,Furniture,403.7,1100.3,145.31,0,423.2,0,
12-06-2020,Furniture,384.3,1108.8,142.24,0,350.3,0,
13-06-2020,Furniture,379.9,1104.7,139.08,0,384.8,0,
14-06-2020,Furniture,348.8,1117.4,143.27,0,329,0,
15-06-2020,Furniture,355,1111.5,143.61,0,367.9,0,
16-06-2020,Furniture,295.3,1128,141.19,0,269.8,0,
17-06-2020,Furniture,344.4,1107.4,140.59,0,355.9,0,
18-06-2020,Furniture,372,1100.9,140.36,0,335,0,
19-06-2020,Furniture,375.5,1105.3,143.43,0,367.3,0,
20-06-2020,Furniture,357.2,1115.2,141.25,0,339.5,0,
21-06-2020,Furniture,354.1,1111.6,142.6,0,341.4,0,
22-06-2020,Furniture,341.6,1115.1,139.54,0,329.7,0,
23-06-2020,Furniture,348.3,1105.2,141.86,0,347.7,0,
24-06-2020,Furniture,373.7,1104.4,138.53,0,337.6,0,
25-06-2020,Furniture,399.3,1096.8,140,0,400.8,0,
26-06-2020,Furniture,376.7,1106.9,141.79,0,340.2,0,
27-06-2020,Furniture,371,1109.6,139.55,0,344.2,0,
28-06-2020,Furniture,384.2,1102.5,140.53,0,380.7,0,
29-06-2020,Furniture,331.6,1115.5,143.8,0,302.7,0,
30-06-2020,Furniture,340.1,1115.2,140.81,0,356.7,0,
01-07-2020,Furniture,360,1117.4,140.62,0,366.4,0,
02-07-2020,Furniture,391.8,1106.2,139.14,0,394.1,0,
03-07-2020,Furniture,423.9,1102.4,140.18,0,398.5,0,
04-07-2020,Furniture,402.1,1113.6,141.64,0,364.8,0,
05-07-2020,Furniture,352.4,1126.9,143.45,0,368.9,0,
06-07-2020,Furniture,,1117.9,137.3,0,369.5,0,
07-07-2020,Furniture,350.6,1138,143.93,0,359.3,0,
08-07-2020,Furniture,349.2,1127.7,140.57,0,324.7,0,
09-07-2020,Furniture,444.7,1102.6,141.39,0,425.1,0,
10-07-2020,Furniture,391.3,1125,143.65,0,392.9,0,
11-07-2020,Furniture,396.1,1117.7,147.96,0,412.7,0,
12-07-2020,Furniture,376.8,1116.9,143.2,0,340.3,0,
13-07-2020,Furniture,572.4,1116.6,140.26,1,537.6,0,
14-07-2020,Furniture,,1138.9,142.18,1,525.8,0,
15-07-2020,Furniture,386.5,1117.5,142.85,0,357.9,0,
16-07-2020,Furniture,504.3,1104.3,137.68,1,462.3,0,
17-07-2020,Furniture,449.2,1088.6,138.58,0,407.4,0,
18-07-2020,Furniture,394.6,1102,142.79,0,384.8,0,
19-07-2020,Furniture,380.7,1097.8,143.15,0,386.5,0,
20-07-2020,Furniture,393.4,1091.1,142.72,0,410.8,0,
21-07-2020,Furniture,393.4,1092.8,143.5,0,369.9,0,
22-07-2020,Furniture,385.1,1104.6,140.61,0,353.6,0,
23-07-2020,Furniture,429.7,1094,144.71,0,412.7,0,
24-07-2020,Furniture,1177.6,1104.1,146.81,0,371.9,1,demand_spike
25-07-2020,Furniture,432.3,1091.8,139.83,0,410.6,0,
26-07-2020,Furniture,392.1,1103.4,138.09,0,390.8,0,
27-07-2020,Furniture,356.6,1113,141.45,0,329.9,0,
28-07-2020,Furniture,342.4,1118.8,144.14,0,340.7,0,
29-07-2020,Furniture,400.6,1104.4,143.53,0,419,0,
30-07-2020,Furniture,410.6,1106.1,142.06,0,422.8,0,
31-07-2020,Furniture,519.6,1101,135.11,1,495.4,0,
01-08-2020,Furniture,421.1,1100.5,139.69,0,405.6,0,
02-08-2020,Furniture,360.9,1124.7,144.78,0,347.6,0,
03-08-2020,Furniture,598,1123.9,136.71,1,615.3,0,
04-08-2020,Furniture,394.6,1121.3,141.71,0,414,0,
05-08-2020,Furniture,561.4,1113.9,140.03,1,574.9,0,
06-08-2020,Furniture,453.1,1109.6,143.51,0,445.8,0,
07-08-2020,Furniture,462.4,1100.6,136.93,0,422.9,0,
08-08-2020,Furniture,518.7,1116.5,140.8,1,541.1,0,
09-08-2020,Furniture,407.4,1126,142.1,0,419.2,0,
10-08-2020,Furniture,388.6,1127.1,140.66,0,398.8,0,
11-08-2020,Furniture,419.2,1114.5,143.36,0,401.9,0,
12-08-2020,Furniture,415.1,1109.4,137.29,0,401.4,0,
13-08-2020,Furniture,421.1,1110.1,138.47,0,386.5,0,
14-08-2020,Furniture,411.1,1100.2,140.73,0,427.8,0,
15-08-2020,Furniture,415.5,1100,142.61,0,432.7,0,
16-08-2020,Furniture,411.6,1097.3,143.11,0,386.1,0,
17-08-2020,Furniture,427.7,1087.6,142.14,0,429.6,0,
18-08-2020,Furniture,412.4,1082.8,139.05,0,383.7,0,
19-08-2020,Furniture,548.4,1072.2,139.96,1,525.9,0,
20-08-2020,Furniture,449.1,1074.5,144.79,0,424.6,0,
21-08-2020,Furniture,482.7,1060.8,147.38,0,462.7,0,
22-08-2020,Furniture,454.1,1071.5,143.38,0,429.7,0,
23-08-2020,Furniture,601.8,1075.2,142.63,1,572.8,0,
24-08-2020,Furniture,399,1087.7,138.38,0,406.4,0,
25-08-2020,Furniture,389.6,1093.5,142.21,0,368.2,0,
26-08-2020,Furniture,472.9,1067.4,136.88,0,483.4,0,
27-08-2020,Furniture,472.9,1068.6,145.38,0,465.9,0,
28-08-2020,Furniture,456,1075.2,143.24,0,463.8,0,
29-08-2020,Furniture,488.4,1060.5,141.49,0,506.9,0,
30-08-2020,Furniture,429.3,1074.2,138.37,0,395.3,0,
31-08-2020,Furniture,399.8,1087.6,142.17,0,380.4,0,
01-09-2020,Furniture,450.1,1080.3,137.4,0,408.8,0,
02-09-2020,Furniture,413.3,1092,140.76,0,397.2,0,
03-09-2020,Furniture,451.5,1084,142.83,0,422.4,0,
04-09-2020,Furniture,438.9,1093.8,139.63,0,432.7,0,
05-09-2020,Furniture,436.1,1093.1,141.54,0,443.7,0,
06-09-2020,Furniture,439,1091.8,148.26,0,427.1,0,
07-09-2020,Furniture,430.2,1098,136.59,0,408.8,0,
08-09-2020,Furniture,403.4,1117,139.47,0,372.3,0,
09-09-2020,Furniture,486.5,1095.8,140.92,0,439.8,0,
10-09-2020,Furniture,418.7,1117.6,140.15,0,419.4,0,
11-09-2020,Furniture,472.9,1098.4,142.94,0,427.8,0,
12-09-2020,Furniture,461.6,1101.5,143.18,0,479.2,0,
13-09-2020,Furniture,444.7,1110.1,141.78,0,439.8,0,
14-09-2020,Furniture,446.4,1112.4,142.04,0,425.4,0,
15-09-2020,Furniture,448.2,1134.1,136.56,1,406.2,0,
16-09-2020,Furniture,433.2,1120,142.99,0,416.8,0,
17-09-2020,Furniture,472.2,1114.8,142.2,0,486.4,0,
18-09-2020,Furniture,511.4,1102.5,139.69,0,534.7,0,
19-09-2020,Furniture,448.9,1122.7,146.24,0,409.7,0,
20-09-2020,Furniture,438,1122.7,141.44,0,445.3,0,
21-09-2020,Furniture,446.4,1116.2,142.29,0,419,0,
22-09-2020,Furniture,408.3,1129.3,141.54,0,390.8,0,
23-09-2020,Furniture,454,1111.7,136.98,0,445.9,0,
24-09-2020,Furniture,469.5,1110.3,138.79,0,492.6,0,
25-09-2020,Furniture,,1110.2,140.87,0,431.3,0,
26-09-2020,Furniture,475.7,1111.7,144.44,0,437.4,0,
27-09-2020,Furniture,492.7,1106.2,140.36,0,487.4,0,
28-09-2020,Furniture,436.7,1113.4,142.24,0,448.9,0,
29-09-2020,Furniture,388,1126.1,142.94,0,386.9,0,
30-09-2020,Furniture,,1112.1,139.39,0,415.6,0,
01-10-2020,Furniture,506.7,1082.4,139,0,530.3,0,
02-10-2020,Furniture,473.3,1084.2,139.73,0,496.6,0,
03-10-2020,Furniture,440.4,1093.1,139.55,0,447.3,0,
04-10-2020,Furniture,463.4,1091.2,138.57,0,472.8,0,
05-10-2020,Furniture,420.3,1107.3,144.1,0,426.2,0,
06-10-2020,Furniture,439.8,1101.4,143.31,0,412.8,0,
07-10-2020,Furniture,571.5,1099.5,138.59,1,527.2,0,
08-10-2020,Furniture,465.9,1084.8,142.13,0,458.1,0,
09-10-2020,Furniture,479.1,1084.1,140.74,0,499.7,0,
10-10-2020,Furniture,465.2,1089.3,141.31,0,479.9,0,
11-10-2020,Furniture,455.9,1096.3,141.75,0,417.6,0,
12-10-2020,Furniture,439.6,1107.2,137.46,0,399.4,0,
13-10-2020,Furniture,,1111.7,136.01,0,430.1,0,
14-10-2020,Furniture,495,1090.5,141.71,0,491,0,
15-10-2020,Furniture,472.1,1100.3,140.55,0,446.4,0,
16-10-2020,Furniture,450.1,1103.4,141.02,0,443,0,
17-10-2020,Furniture,418.3,1109.7,139.81,0,390.4,0,
18-10-2020,Furniture,449.2,1104,141.62,0,468.1,0,
19-10-2020,Furniture,414.5,1114.4,136.9,0,424.5,0,
20-10-2020,Furniture,452.1,1098.8,141.73,0,472.1,0,
21-10-2020,Furniture,458.3,1092.8,134.41,0,425.3,0,
22-10-2020,Furniture,562.3,1055.2,139.56,0,577.2,0,
23-10-2020,Furniture,1690.3,1086.7,140.28,0,444.2,1,demand_spike
24-10-2020,Furniture,490.2,1069.9,136.43,0,465.1,0,
25-10-2020,Furniture,616.2,1090.7,145.23,1,598.9,0,
26-10-2020,Furniture,452.4,1093.2,141.37,0,471.3,0,
27-10-2020,Furniture,469.8,1090.3,139.5,0,471.5,0,
28-10-2020,Furniture,618.8,1102,146.98,1,590.3,0,
29-10-2020,Furniture,457.5,1101.3,142.28,0,480.4,0,
30-10-2020,Furniture,474.4,1088,142.64,0,451.5,0,
31-10-2020,Furniture,448.7,1096.3,140.97,0,458.6,0,
01-11-2020,Furniture,480.6,1083.3,140.07,0,489.1,0,
02-11-2020,Furniture,427.8,1095.1,142.19,0,431.4,0,
03-11-2020,Furniture,446,1088.5,133.56,0,446.2,0,
04-11-2020,Furniture,464.2,1086.1,136.29,0,425.4,0,
05-11-2020,Furniture,491.2,1076.5,137.33,0,515.4,0,
06-11-2020,Furniture,465.5,1088.5,134.82,0,430.2,0,
07-11-2020,Furniture,479.7,1085.2,142.92,0,474.6,0,
08-11-2020,Furniture,471.2,1089.3,139.41,0,441.7,0,
09-11-2020,Furniture,426,1102.6,144.87,0,394.2,0,
10-11-2020,Furniture,403.9,1115.6,140.83,0,397.4,0,
11-11-2020,Furniture,481.3,1088.9,138.94,0,493.5,0,
12-11-2020,Furniture,472.3,1088.4,140.99,0,451.7,0,
13-11-2020,Furniture,472.4,1086.8,144.33,0,430.7,0,
14-11-2020,Furniture,627.4,1088.7,140.47,1,623.3,0,
15-11-2020,Furniture,470.6,1093,144.72,0,477.7,0,
16-11-2020,Furniture,421.1,1105.1,144.29,0,397.7,0,
17-11-2020,Furniture,457.7,1098.6,139.56,0,459.4,0,
18-11-2020,Furniture,448.9,1096.3,139.79,0,409.1,0,
19-11-2020,Furniture,478.5,1091,139.64,0,456.6,0,
20-11-2020,Furniture,455,1099.8,137.77,0,441.9,0,
21-11-2020,Furniture,449.8,1101.5,136.96,0,457.6,0,
22-11-2020,Furniture,458.9,1101.1,139.76,0,436.3,0,
23-11-2020,Furniture,378.4,1124.7,134.27,0,366.3,0,
24-11-2020,Furniture,441.2,1107.1,137.95,0,438.6,0,
25-11-2020,Furniture,451.3,1116.1,142.51,0,448.5,0,
26-11-2020,Furniture,497,1106.9,137.19,0,485.9,0,
27-11-2020,Furniture,743.1,1107.4,144.76,1,705.4,0,
28-11-2020,Furniture,454.8,1115.3,142.8,0,455,0,
29-11-2020,Furniture,402,1137.2,146.36,0,412.3,0,
30-11-2020,Furniture,404.2,1134.5,146.96,0,373.1,0,
01-12-2020,Furniture,415.7,1139.6,143.2,0,395.4,0,
02-12-2020,Furniture,471,1126.8,139.43,0,471.2,0,
03-12-2020,Furniture,472.9,1119.5,136.4,0,479.2,0,
04-12-2020,Furniture,441.2,1133.3,136.92,0,448.8,0,
05-12-2020,Furniture,454.6,1118.5,146.66,0,453.6,0,
06-12-2020,Furniture,624.5,1128.7,136.86,1,606.9,0,
07-12-2020,Furniture,397.4,1138.2,140.48,0,396.2,0,
08-12-2020,Furniture,429.3,1119.3,144.5,0,395,0,
09-12-2020,Furniture,429.3,1129.5,138.61,0,399.7,0,
10-12-2020,Furniture,423.8,1136,144.83,0,440.4,0,
11-12-2020,Furniture,471.5,1116.8,140.91,0,489.6,0,
12-12-2020,Furniture,443.3,1132.8,141.71,0,447.1,0,
13-12-2020,Furniture,411,1132.9,140.28,0,390.1,0,
14-12-2020,Furniture,438.9,1119.5,138.49,0,437.8,0,
15-12-2020,Furniture,433,1114.2,143.06,0,434.4,0,
16-12-2020,Furniture,429.2,1105.5,142.71,0,419.5,0,
17-12-2020,Furniture,405.7,1110.9,143.19,0,410.6,0,
18-12-2020,Furniture,471.7,1092,143.97,0,426.7,0,
19-12-2020,Furniture,423.1,1107.4,139.89,0,397.1,0,
20-12-2020,Furniture,409.5,1112.2,142.71,0,417.3,0,
21-12-2020,Furniture,393,1117.4,143.66,0,409,0,
22-12-2020,Furniture,374.5,1117,142.27,0,386.3,0,
23-12-2020,Furniture,430.2,1097.8,139.95,0,433.5,0,
24-12-2020,Furniture,418.6,1087.5,142.13,0,387.1,0,
25-12-2020,Furniture,449.6,1083.6,135.46,0,429.5,0,
26-12-2020,Furniture,406.7,1097,142.19,0,369.1,0,
27-12-2020,Furniture,396.5,1100.4,137.97,0,394.9,0,
28-12-2020,Furniture,401.3,1102.8,141.17,0,388.2,0,
29-12-2020,Furniture,399.4,1107.6,139.93,0,393.8,0,
30-12-2020,Furniture,427.4,1097.4,141.26,0,447.5,0,
31-12-2020,Furniture,446.1,1091.2,136.72,0,428.4,0,
01-01-2021,Furniture,676.5,1093.8,143.12,1,640,0,
02-01-2021,Furniture,420.8,1103.8,143.7,0,388.2,0,
03-01-2021,Furniture,426.6,1109.8,138.35,0,393.2,0,
04-01-2021,Furniture,379.4,1122.2,137.26,0,371,0,
05-01-2021,Furniture,407.2,1104.3,138.54,0,412.3,0,
06-01-2021,Furniture,431.9,1097.4,143.22,0,425.3,0,
07-01-2021,Furniture,448.8,1090.5,140.93,0,462.7,0,
08-01-2021,Furniture,395.1,1099.9,140.54,0,374.3,0,
09-01-2021,Furniture,344.4,1114.7,140.7,0,340.7,0,
10-01-2021,Furniture,405.5,1093.9,139.22,0,405.1,0,
11-01-2021,Furniture,379.9,1111,142.06,0,357.9,0,
12-01-2021,Furniture,389.5,1112.9,145.41,0,373.7,0,
13-01-2021,Furniture,402.3,1104.3,138.59,0,397.7,0,
14-01-2021,Furniture,516.9,1098.3,142.89,1,466.8,0,
15-01-2021,Furniture,433.4,1096.2,140.97,0,447.7,0,
16-01-2021,Furniture,414.9,1107.9,140.94,0,380.3,0,
17-01-2021,Furniture,384.2,1115.4,145.02,0,348.5,0,
18-01-2021,Furniture,373.7,1116.1,143.93,0,348.4,0,
19-01-2021,Furniture,390.3,1110.5,141.14,0,380.6,0,
20-01-2021,Furniture,380.4,1114.9,143.75,0,361.1,0,
21-01-2021,Furniture,386,1116.9,136.25,0,372.9,0,
22-01-2021,Furniture,389.1,1119.9,134.9,0,355.1,0,
23-01-2021,Furniture,389.5,1114.5,139.13,0,364.2,0,
24-01-2021,Furniture,572.8,1105.7,138.27,1,523.9,0,
25-01-2021,Furniture,369.5,1108.2,140.44,0,345.3,0,
26-01-2021,Furniture,514.7,1112.4,144.35,1,517.6,0,
27-01-2021,Furniture,391.6,1094.5,140.53,0,386.2,0,
28-01-2021,Furniture,381,1094.1,143.78,0,362,0,
29-01-2021,Furniture,403.6,1092.8,143.72,0,379,0,
30-01-2021,Furniture,385.3,1100.2,136.16,0,404.4,0,
31-01-2021,Furniture,344.3,1114.3,143.16,0,349.5,0,
01-02-2021,Furniture,384.5,1102.2,144.48,0,393.4,0,
02-02-2021,Furniture,355.5,1118,144.68,0,321.3,0,
03-02-2021,Furniture,380.1,1107.5,140.9,0,345.4,0,
04-02-2021,Furniture,,1098.3,141.44,0,416.3,0,
05-02-2021,Furniture,409.4,1100,141.62,0,380.2,0,
06-02-2021,Furniture,390,1104.1,141.01,0,375.9,0,
07-02-2021,Furniture,502.5,1123.1,138.31,1,466.1,0,
08-02-2021,Furniture,370.5,1114.5,138.96,0,343.2,0,
09-02-2021,Furniture,357.8,1109.1,143,0,327.9,0,
10-02-2021,Furniture,378.3,1103.5,140.85,0,374.2,0,
11-02-2021,Furniture,416.9,1088.9,141.57,0,421.4,0,
12-02-2021,Furniture,421.8,1075.8,144.38,0,383.2,0,
13-02-2021,Furniture,388.6,1087.6,141.5,0,365.8,0,
14-02-2021,Furniture,364.3,1096.2,138.05,0,363.9,0,
15-02-2021,Furniture,363.3,1102.1,147.53,0,348.4,0,
16-02-2021,Furniture,346.9,1104.2,140.44,0,348.9,0,
17-02-2021,Furniture,364.2,1089.7,140.28,0,369.3,0,
18-02-2021,Furniture,385.6,1078.6,142.09,0,348.9,0,
19-02-2021,Furniture,368.1,679,140.89,0,352.3,0,
20-02-2021,Furniture,429.9,672,141.11,0,433.9,0,
21-02-2021,Furniture,348.1,690.7,139.67,0,80.7,1,supplier_delay
22-02-2021,Furniture,354.2,693.6,144.04,0,319.1,0,
23-02-2021,Furniture,347.3,697,144.45,0,330,0,
24-02-2021,Furniture,380.2,1085.9,146.44,0,391.9,0,
25-02-2021,Furniture,373.7,1085.8,146.86,0,389.7,0,
26-02-2021,Furniture,390.9,1084.6,135.69,0,384.6,0,
27-02-2021,Furniture,354.2,1087.1,143.02,0,335,0,
28-02-2021,Furniture,379.4,1081.8,137.94,0,368,0,
01-03-2021,Furniture,354.2,1093.2,144.94,0,331.3,0,
02-03-2021,Furniture,312,1117.2,142.21,0,288.7,0,
03-03-2021,Furniture,361.1,1107.2,139.22,0,351.7,0,
04-03-2021,Furniture,347.4,1113.7,138.07,0,351,0,
05-03-2021,Furniture,364.4,1108.8,139.44,0,340.1,0,
06-03-2021,Furniture,389.6,1103.9,139.01,0,403.8,0,
07-03-2021,Furniture,293.7,1135.8,145.06,0,271.7,0,
08-03-2021,Furniture,518.7,1105.8,141.49,1,510.2,0,
09-03-2021,Furniture,348.2,1110.1,138.47,0,353.9,0,
10-03-2021,Furniture,355.5,1094.7,142.49,0,331.4,0,
11-03-2021,Furniture,394.3,1071.8,142.44,0,372.4,0,
12-03-2021,Furniture,438.7,1058.7,140.93,0,398.2,0,
13-03-2021,Furniture,336.6,1091.7,144.85,0,350.6,0,
14-03-2021,Furniture,383.2,1071.1,142.99,0,372.9,0,
15-03-2021,Furniture,354.4,1085.2,142.76,0,322.3,0,
16-03-2021,Furniture,321.4,1102.7,136.15,0,329.3,0,
17-03-2021,Furniture,366.3,1093.3,140.42,0,360.9,0,
18-03-2021,Furniture,347.6,1098.7,143.26,0,315.8,0,
19-03-2021,Furniture,365.5,1094.9,142.46,0,353.7,0,
20-03-2021,Furniture,317.1,1110,141.65,0,306,0,
21-03-2021,Furniture,1107.6,1112.1,143.37,0,289.1,1,demand_spike
22-03-2021,Furniture,339.3,1099.3,142.7,0,326.8,0,
23-03-2021,Furniture,445.1,1095.6,143.7,1,419.5,0,
24-03-2021,Furniture,362.9,1090.6,142.54,0,364.8,0,
25-03-2021,Furniture,384.6,1085.8,143.58,0,346.5,0,
26-03-2021,Furniture,377.4,1090.9,143.44,0,345.7,0,
27-03-2021,Furniture,554,1086,141.42,1,575,0,
28-03-2021,Furniture,365.9,1088.5,141.57,0,353.1,0,
29-03-2021,Furniture,335,1096.4,141.87,0,310.4,0,
30-03-2021,Furniture,324.3,1109.4,138.13,0,330.4,0,
31-03-2021,Furniture,348.5,1103.4,137.28,0,358.2,0,
01-04-2021,Furniture,351.1,1106,143.08,0,327.1,0,
02-04-2021,Furniture,392.9,1098.5,143.23,0,395.6,0,
03-04-2021,Furniture,326,1122.8,141.58,0,323.5,0,
04-04-2021,Furniture,434.8,1109,142.66,1,439.9,0,
05-04-2021,Furniture,341.8,1107,143.51,0,348,0,
06-04-2021,Furniture,311,1119.6,142.89,0,310.8,0,
07-04-2021,Furniture,320.7,1117.4,143.24,0,334.6,0,
08-04-2021,Furniture,319.1,1109.5,137.98,0,328.6,0,
09-04-2021,Furniture,457.5,1089.7,146.32,1,427.5,0,
10-04-2021,Furniture,336.5,1094.6,142.57,0,348.9,0,
11-04-2021,Furniture,361.4,1088.8,144.3,0,344.8,0,
12-04-2021,Furniture,295.3,1109.8,143.31,0,298,0,
13-04-2021,Furniture,346,1102.2,138.73,0,355.4,0,
14-04-2021,Furniture,323.5,1109,139.71,0,312.4,0,
15-04-2021,Furniture,337,1106,140.17,0,305.9,0,
16-04-2021,Furniture,,1095.9,144.91,1,491.8,0,
17-04-2021,Furniture,589.5,1083.6,138.93,1,537,0,
18-04-2021,Furniture,316.6,1116,138.1,0,301.5,0,
19-04-2021,Furniture,356.4,1105.8,142.87,0,352.6,0,
20-04-2021,Furniture,340.3,1107.8,146.62,0,312.2,0,
21-04-2021,Furniture,342.5,1109.2,139.27,0,351.4,0,
22-04-2021,Furniture,349,1112.5,145.71,0,324.7,0,
23-04-2021,Furniture,419.2,1093.9,143.77,0,439.3,0,
24-04-2021,Furniture,351.9,1118.3,140.46,0,365.1,0,
25-04-2021,Furniture,332.5,1128.9,137.91,0,329.4,0,
26-04-2021,Furniture,532.8,725,140.7,1,532.3,0,
27-04-2021,Furniture,374.2,724.4,139.41,0,366.8,0,
28-04-2021,Furniture,353.4,726.5,145.05,0,65.6,1,supplier_delay
29-04-2021,Furniture,401.1,715.2,141.56,0,382.2,0,
30-04-2021,Furniture,366.2,721.8,143.02,0,378.6,0,
01-05-2021,Furniture,417.6,1092.7,143.04,0,412,0,
02-05-2021,Furniture,319.3,1124,139.84,0,326.9,0,
03-05-2021,Furniture,316.2,1121,141.86,0,309,0,
04-05-2021,Furniture,370.5,1105.6,144.49,0,350.5,0,
05-05-2021,Furniture,353.5,1113.3,141.44,0,323,0,
06-05-2021,Furniture,408.8,1090.1,140.9,0,387.8,0,
07-05-2021,Furniture,373.1,1102.9,143.61,0,385,0,
08-05-2021,Furniture,386.1,1088.6,137.97,0,388.8,0,
09-05-2021,Furniture,499.8,1106.4,135.41,1,508.7,0,
10-05-2021,Furniture,338.7,1108.8,142.47,0,344.2,0,
11-05-2021,Furniture,317.1,1118.7,144.56,0,291.1,0,
12-05-2021,Furniture,363,1106.6,146.76,0,335.4,0,
13-05-2021,Furniture,363.2,1104,142.21,0,344.2,0,
14-05-2021,Furniture,433.7,1080.4,143.99,0,409.9,0,
15-05-2021,Furniture,368.9,1096.7,145.39,0,335.7,0,
16-05-2021,Furniture,330.3,1113.5,141.74,0,304.9,0,
17-05-2021,Furniture,360.5,1112.9,139.84,0,370.7,0,
18-05-2021,Furniture,323.5,1124.4,139.55,0,319.8,0,
19-05-2021,Furniture,388.4,1100,140.82,0,369.5,0,
20-05-2021,Furniture,375.3,1102.5,145.76,0,367.4,0,
21-05-2021,Furniture,392.1,1102.4,144.29,0,368.2,0,
22-05-2021,Furniture,377.1,1109.7,141.03,0,372.4,0,
23-05-2021,Furniture,356.5,1116,145.18,0,324.9,0,
24-05-2021,Furniture,351.9,1116.1,142.94,0,364.4,0,
25-05-2021,Furniture,341.1,1110.9,141.04,0,319.3,0,
26-05-2021,Furniture,350.4,1107,142.15,0,358.4,0,
27-05-2021,Furniture,394.3,1091.9,142.79,0,393.9,0,
28-05-2021,Furniture,389.9,1091.1,142.04,0,381.5,0,
29-05-2021,Furniture,358.8,1101.8,146.59,0,373,0,
30-05-2021,Furniture,381.8,1103.7,141.23,0,352.6,0,
31-05-2021,Furniture,356.3,1111.4,137.74,0,327,0,
01-06-2021,Furniture,337.9,1119.9,142.54,0,320.4,0,
02-06-2021,Furniture,537.2,1108.3,140.83,1,550.4,0,
03-06-2021,Furniture,396.5,1101.8,137.85,0,359,0,
04-06-2021,Furniture,382.3,1111.7,143.54,0,357.8,0,
05-06-2021,Furniture,463.7,1089.2,131.43,0,446.9,0,
06-06-2021,Furniture,1694.9,1119.8,142.47,1,564.7,1,demand_spike
07-06-2021,Furniture,358.4,1130.9,134.94,0,338.6,0,
08-06-2021,Furniture,422.7,1113.4,141.67,0,408.8,0,
09-06-2021,Furniture,397.7,1122.1,143.22,0,378.1,0,
10-06-2021,Furniture,433.4,1115.1,143.73,0,396,0,
11-06-2021,Furniture,414.1,1117.6,143.94,0,418.6,0,
12-06-2021,Furniture,402.1,1118.1,138.67,0,389.7,0,
13-06-2021,Furniture,362.8,684.7,142.19,0,370.8,0,
14-06-2021,Furniture,385.2,679.1,139.67,0,386.8,0,
15-06-2021,Furniture,416.8,669.7,139.5,0,62.1,1,supplier_delay
16-06-2021,Furniture,429.8,662.3,141.34,0,419.1,0,
17-06-2021,Furniture,523.1,667.6,140.46,1,548.6,0,
18-06-2021,Furniture,699.1,1064.2,138.72,1,661.5,0,
19-06-2021,Furniture,389.7,1086.9,142.57,0,379.6,0,
20-06-2021,Furniture,368.4,1093.8,143.21,0,367.6,0,
21-06-2021,Furniture,441.9,1100.5,139.21,1,411.1,0,
22-06-2021,Furniture,374.8,1090.9,141.13,0,376.8,0,
23-06-2021,Furniture,359.7,1097.9,141.18,0,359.3,0,
24-06-2021,Furniture,422.7,1075,141.23,0,404.2,0,
25-06-2021,Furniture,421.3,1079.2,141.49,0,397.2,0,
26-06-2021,Furniture,416.7,1071.5,142.47,0,432.5,0,
27-06-2021,Furniture,386,1079.6,144.96,0,354.7,0,
28-06-2021,Furniture,350.4,1088.2,142.02,0,338.1,0,
29-06-2021,Furniture,385.5,1081.7,140.21,0,391.3,0,
30-06-2021,Furniture,437.4,1070,141.62,0,403.3,0,
01-07-2021,Furniture,407,1085.2,138.64,0,423.3,0,
02-07-2021,Furniture,415.5,1072.6,139.11,0,406.8,0,
03-07-2021,Furniture,540,1074.6,142.88,1,526.9,0,
04-07-2021,Furniture,377.5,1086.9,132.79,0,363.8,0,
05-07-2021,Furniture,398.7,1089.1,141.04,0,410.7,0,
06-07-2021,Furniture,409.1,1097.1,144.28,0,426.4,0,
07-07-2021,Furniture,405.9,1104,142.8,0,388.4,0,
08-07-2021,Furniture,420.8,1095.2,144.09,0,413,0,
09-07-2021,Furniture,411.8,1091.7,142.61,0,390.1,0,
10-07-2021,Furniture,414.2,1087.4,147.3,0,395.7,0,
11-07-2021,Furniture,425.6,1086.9,138.17,0,384.8,0,
12-07-2021,Furniture,420.3,1083.2,141.98,0,427.8,0,
13-07-2021,Furniture,408.7,1077.3,143.71,0,427.3,0,
14-07-2021,Furniture,412.8,1081.5,140.46,0,419.1,0,
15-07-2021,Furniture,447.1,1068.2,144.99,0,437.2,0,
16-07-2021,Furniture,432.9,1077,143.37,0,443.4,0,
17-07-2021,Furniture,443.8,1077.7,137.43,0,456.5,0,
18-07-2021,Furniture,437.6,1080.5,142.68,0,429.5,0,
19-07-2021,Furniture,399.4,1096.1,143.38,0,415.6,0,
20-07-2021,Furniture,593.3,1104.1,146.28,1,536.7,0,
21-07-2021,Furniture,423.6,1100.1,141.15,0,381.9,0,
22-07-2021,Furniture,477.6,1087.9,143.24,0,435.6,0,
23-07-2021,Furniture,520.9,1076.8,142.38,0,473.3,0,
24-07-2021,Furniture,462.1,1092.3,140.06,0,445.3,0,
25-07-2021,Furniture,427.3,1104.3,140.66,0,444.9,0,
26-07-2021,Furniture,396.1,1114.7,135.44,0,396.6,0,
27-07-2021,Furniture,400.2,1115.9,140.31,0,399.8,0,
28-07-2021,Furniture,451.7,1102.1,146.1,0,432.6,0,
29-07-2021,Furniture,444,1102.1,141.16,0,435.1,0,
30-07-2021,Furniture,489.4,1094.2,144.05,0,462.8,0,
31-07-2021,Furniture,442.1,1105.8,142.3,0,432.2,0,
01-08-2021,Furniture,468.1,1099.9,142.86,0,473.8,0,
02-08-2021,Furniture,537.9,1118.1,147.3,1,529.2,0,
03-08-2021,Furniture,455.9,1100.9,140.5,0,438.9,0,
04-08-2021,Furniture,464.7,1106.1,140.48,0,477.1,0,
05-08-2021,Furniture,487.5,1099,144.73,0,459.8,0,
06-08-2021,Furniture,472.7,1098.5,141.43,0,459.6,0,
07-08-2021,Furniture,448.2,1105.9,140.88,0,469.1,0,
08-08-2021,Furniture,466.3,1095.6,144.36,0,487.4,0,
09-08-2021,Furniture,472.3,1090.9,142.39,0,425.5,0,
10-08-2021,Furniture,415.8,1104.8,141.22,0,407.4,0,
11-08-2021,Furniture,467.5,1088.6,140.69,0,444.4,0,
12-08-2021,Furniture,486.4,1089.8,139.26,0,459,0,
13-08-2021,Furniture,485,1090.7,137.27,0,479.9,0,
14-08-2021,Furniture,501.6,1086.6,144.8,0,485,0,
15-08-2021,Furniture,433.7,1104.5,140.45,0,438,0,
16-08-2021,Furniture,463.8,1097,136.83,0,419.3,0,
17-08-2021,Furniture,536.3,1104.3,146.71,1,557.2,0,
18-08-2021,Furniture,411.9,1111.9,141.9,0,405.8,0,
19-08-2021,Furniture,450.3,1104,141.72,0,451.5,0,
20-08-2021,Furniture,488.7,1087.7,137.16,0,484.1,0,
21-08-2021,Furniture,503.4,1089.6,143.3,0,527.8,0,
22-08-2021,Furniture,481.3,1082.8,140.15,0,504.4,0,
23-08-2021,Furniture,448.1,1092.3,140.16,0,444.3,0,
24-08-2021,Furniture,425.7,1105.8,142.83,0,426.8,0,
25-08-2021,Furniture,629.5,1106.6,142,1,624.9,0,
26-08-2021,Furniture,498,1090.9,138.9,0,471.4,0,
27-08-2021,Furniture,493,1088.4,137.62,0,457.9,0,
28-08-2021,Furniture,503.8,792.5,142.12,0,483.9,0,
29-08-2021,Furniture,455.8,812.4,141.88,0,456.9,0,
30-08-2021,Furniture,434.4,819.7,149.04,0,95.5,1,supplier_delay
31-08-2021,Furniture,450.6,810,135.28,0,440.3,0,
01-09-2021,Furniture,668.2,804.9,142.07,1,642.3,0,
02-09-2021,Furniture,566.4,1106.3,137.06,1,554.6,0,
03-09-2021,Furniture,647.5,1081.8,140.48,1,666.3,0,
04-09-2021,Furniture,732.4,1089.9,140.44,1,664.4,0,
05-09-2021,Furniture,489.3,1085.5,143.19,0,496.4,0,
06-09-2021,Furniture,473.9,1097.8,143.27,0,473.9,0,
07-09-2021,Furniture,485.7,1101,145.52,0,452,0,
08-09-2021,Furniture,824.8,1087.8,142.35,1,833.1,0,
09-09-2021,Furniture,501.9,1088.5,144.44,0,489.1,0,
10-09-2021,Furniture,1578.9,1106,145.55,0,442.3,1,demand_spike
11-09-2021,Furniture,511.1,1094.2,142.38,0,497.1,0,
12-09-2021,Furniture,499.3,1096.5,144.98,0,520.5,0,
13-09-2021,Furniture,455.8,1114.4,142.26,0,474.8,0,
14-09-2021,Furniture,421.2,1133.1,141.63,0,436.8,0,
15-09-2021,Furniture,507.4,1108.9,139.83,0,524.1,0,
16-09-2021,Furniture,502.4,1105.3,142.74,0,455,0,
17-09-2021,Furniture,687.2,1116.5,142.62,1,659.8,0,
18-09-2021,Furniture,489.9,1113.7,142.66,0,506.6,0,
19-09-2021,Furniture,476.2,1116.2,144.88,0,482.6,0,
20-09-2021,Furniture,458.5,1125.3,144.22,0,444,0,
21-09-2021,Furniture,458.1,1131.4,137.48,0,465.4,0,
22-09-2021,Furniture,508.7,1117.2,137.53,0,473.7,0,
23-09-2021,Furniture,535.9,1097.6,142,0,530.5,0,
24-09-2021,Furniture,553.6,1092.9,138.89,0,542.5,0,
25-09-2021,Furniture,717.2,1117.2,141.38,1,707.2,0,
26-09-2021,Furniture,508,1120.6,139.07,0,512.2,0,
27-09-2021,Furniture,471.3,1132.3,141.93,0,491.3,0,
28-09-2021,Furniture,480.1,736.1,138.77,0,451.1,0,
29-09-2021,Furniture,516.9,731.2,142.79,0,524,0,
30-09-2021,Furniture,507.1,732.1,138.62,0,37.1,1,supplier_delay
01-10-2021,Furniture,508.9,729.5,142.04,0,511.1,0,
02-10-2021,Furniture,485.4,728.9,136.87,0,468.1,0,
03-10-2021,Furniture,678.5,1123.8,138.45,1,706.8,0,
04-10-2021,Furniture,454.8,1114.4,143.65,0,442.1,0,
05-10-2021,Furniture,477.2,1109.1,145.29,0,438.2,0,
06-10-2021,Furniture,490.5,1106.2,144.24,0,491.5,0,
07-10-2021,Furniture,711.1,1106.5,143.8,1,653.7,0,
08-10-2021,Furniture,506.5,1099.7,145.85,0,480.3,0,
09-10-2021,Furniture,2225.4,1086.9,144.39,0,490.6,1,demand_spike
10-10-2021,Furniture,486,1109,137.32,0,476.7,0,
11-10-2021,Furniture,447.7,1120.1,144.35,0,426.3,0,
12-10-2021,Furniture,475.5,1115.2,144.31,0,439.4,0,
13-10-2021,Furniture,505.9,1106.8,136.35,0,515.3,0,
14-10-2021,Furniture,531.4,1102.9,139.75,0,515.6,0,
15-10-2021,Furniture,527.1,1105.3,146.13,0,510.3,0,
16-10-2021,Furniture,521,1103.1,141.29,0,538.2,0,
17-10-2021,Furniture,,1114.1,138.42,0,484,0,
18-10-2021,Furniture,425.3,1136,144.1,0,428.1,0,
19-10-2021,Furniture,470.6,1114,140.87,0,446.7,0,
20-10-2021,Furniture,490,1109.7,140.56,0,482.2,0,
21-10-2021,Furniture,555,1088.2,144.13,0,560,0,
22-10-2021,Furniture,531,1092.1,142.8,0,501.5,0,
23-10-2021,Furniture,495.1,1107.8,141.32,0,496.8,0,
24-10-2021,Furniture,464.4,1116.6,142.59,0,457.6,0,
25-10-2021,Furniture,461.3,1117.3,141.16,0,445.2,0,
26-10-2021,Furniture,694.3,1119.6,144.24,1,699.1,0,
27-10-2021,Furniture,539.2,1094.3,137.64,0,510.9,0,
28-10-2021,Furniture,508.3,1103,141.11,0,511.9,0,
29-10-2021,Furniture,531.1,1103.5,140.48,0,521.8,0,
30-10-2021,Furniture,511.5,1105.9,142.52,0,479.2,0,
31-10-2021,Furniture,494.5,1102.4,138.46,0,494.6,0,
01-11-2021,Furniture,447.7,1116.6,145.9,0,462.3,0,
02-11-2021,Furniture,500.9,1095.9,139.55,0,474.1,0,
03-11-2021,Furniture,487,1094.7,144.65,0,497.6,0,
04-11-2021,Furniture,539.8,1078.7,143.37,0,513,0,
05-11-2021,Furniture,,1086,142.26,0,532.1,0,
06-11-2021,Furniture,536.6,1080.2,142.35,0,487.1,0,
07-11-2021,Furniture,490.8,1091.7,136.39,0,442.2,0,
08-11-2021,Furniture,460.5,1099.7,140.23,0,422.3,0,
09-11-2021,Furniture,499.8,1087.7,150.86,0,515.3,0,
10-11-2021,Furniture,489.2,1090.8,142.26,0,479.5,0,
11-11-2021,Furniture,515.6,1074,142.82,0,509.9,0,
12-11-2021,Furniture,509.6,1080.1,136.22,0,523,0,
13-11-2021,Furniture,482.7,1080.9,140.96,0,438.1,0,
14-11-2021,Furniture,470.7,1081.2,140.64,0,451,0,
15-11-2021,Furniture,477.1,1071.5,139.56,0,475.4,0,
16-11-2021,Furniture,486.8,1069.4,143.28,0,467.6,0,
17-11-2021,Furniture,437.9,1080.5,140.44,0,396.2,0,
18-11-2021,Furniture,622.2,1058.8,139.6,1,620.8,0,
19-11-2021,Furniture,502.1,1056.6,137.49,0,481.4,0,
20-11-2021,Furniture,460.5,1063.8,138.52,0,415.8,0,
21-11-2021,Furniture,489.3,1042.6,138.87,0,452.9,0,
22-11-2021,Furniture,497.3,1037.3,140.68,0,463.8,0,
23-11-2021,Furniture,493.9,1032.3,140.25,0,482.3,0,
24-11-2021,Furniture,426.7,1055,139.88,0,396,0,
25-11-2021,Furniture,502.9,1042.6,136.88,0,479.8,0,
26-11-2021,Furniture,485,1057.1,138.8,0,491.2,0,
27-11-2021,Furniture,476.4,1059.3,142.02,0,486.5,0,
28-11-2021,Furniture,460.1,1060.2,145.79,0,469,0,
29-11-2021,Furniture,403.4,1067.5,146.19,0,405.1,0,
30-11-2021,Furniture,410.7,1063.2,147.32,0,403,0,
01-12-2021,Furniture,475.4,1039.2,142.4,0,467.1,0,
02-12-2021,Furniture,496.2,1029.3,141.5,0,517.6,0,
03-12-2021,Furniture,490.1,1022.9,143.45,0,505.6,0,
04-12-2021,Furniture,453.6,1037.4,140.64,0,452.4,0,
05-12-2021,Furniture,451.6,1040.6,143.93,0,438.2,0,
06-12-2021,Furniture,479.3,1027.6,141.2,0,483.8,0,
07-12-2021,Furniture,442.9,1042.9,142.44,0,402.8,0,
08-12-2021,Furniture,457,1038.9,139.59,0,476,0,
09-12-2021,Furniture,512.6,1024.9,144.39,0,503.5,0,
10-12-2021,Furniture,484.1,1037.3,138.86,0,472.2,0,
11-12-2021,Furniture,490.7,1037.2,139.85,0,463,0,
12-12-2021,Furniture,465,1040.8,140.7,0,418.8,0,
13-12-2021,Furniture,421.8,1059,139.28,0,383.5,0,
14-12-2021,Furniture,537.7,1062.4,143.26,1,505.1,0,
15-12-2021,Furniture,432.4,1063.6,142.02,0,424.3,0,
16-12-2021,Furniture,456.9,1049.6,138.89,0,417,0,
17-12-2021,Furniture,501.2,1029,140.18,0,524.1,0,
18-12-2021,Furniture,451.4,1051.5,142.05,0,434,0,
19-12-2021,Furniture,445.7,1050,142.24,0,422.3,0,
20-12-2021,Furniture,,1056.2,138.95,0,420.1,0,
21-12-2021,Furniture,1998.9,1056.8,141.7,0,407,1,demand_spike
22-12-2021,Furniture,425.8,1071.4,143.42,0,437.5,0,
23-12-2021,Furniture,497.3,1052.8,140.79,0,481.9,0,
24-12-2021,Furniture,508.3,1046.9,138.75,0,471.1,0,
25-12-2021,Furniture,462.6,1059.2,145.43,0,427.6,0,
26-12-2021,Furniture,559.2,1082,143.43,1,533.5,0,
27-12-2021,Furniture,410,1077.7,140.48,0,404.2,0,
28-12-2021,Furniture,439.5,1065.3,141.92,0,423,0,
29-12-2021,Furniture,457.7,1046.6,140.65,0,452.9,0,
30-12-2021,Furniture,460.8,1042,138.85,0,463.5,0,
31-12-2021,Furniture,494.3,1030.8,143.59,0,500.4,0,
01-01-2022,Furniture,443.8,1045.9,146.37,0,426.1,0,
02-01-2022,Furniture,457.5,1050.4,144.22,0,461,0,
03-01-2022,Furniture,422.4,1066.2,142.35,0,389.1,0,
04-01-2022,Furniture,532.6,1066.7,140.76,1,520.3,0,
05-01-2022,Furniture,459,1055.5,134.11,0,418.1,0,
06-01-2022,Furniture,458.8,1042.2,146.1,0,429.7,0,
07-01-2022,Furniture,482.9,1041.1,139.77,0,476.9,0,
08-01-2022,Furniture,514.3,1029.2,144.01,0,520,0,
09-01-2022,Furniture,408.3,1061.9,144.32,0,373.3,0,
10-01-2022,Furniture,435.1,1054,144.24,0,405.1,0,
11-01-2022,Furniture,433.2,1059.7,137.69,0,454.4,0,
12-01-2022,Furniture,475.5,1045.3,144.44,0,452,0,
13-01-2022,Furniture,664.1,1050.1,140.31,1,626,0,
14-01-2022,Furniture,2014.8,1046.5,141.4,0,448.5,1,demand_spike
15-01-2022,Furniture,421.4,1068.1,141.31,0,423.2,0,
16-01-2022,Furniture,394,1075.8,139.91,0,384.7,0,
17-01-2022,Furniture,388.1,1075,140.81,0,358.4,0,
18-01-2022,Furniture,408.9,1067.9,142.05,0,406.9,0,
19-01-2022,Furniture,460,1050.7,138.99,0,450.3,0,
20-01-2022,Furniture,482,1046.2,137.03,0,474.6,0,
21-01-2022,Furniture,441.8,1052.6,144.19,0,463.6,0,
22-01-2022,Furniture,434.1,1055.3,142.47,0,392.5,0,
23-01-2022,Furniture,389.7,1076.1,136.37,0,404.2,0,
24-01-2022,Furniture,404,1069.7,142.8,0,414.6,0,
25-01-2022,Furniture,401.5,1072.6,141.14,0,386.3,0,
26-01-2022,Furniture,418.5,1055.9,137.96,0,432,0,
27-01-2022,Furniture,466.1,1033.7,140.11,0,464.8,0,
28-01-2022,Furniture,452.4,1037.1,142.7,0,467.5,0,
29-01-2022,Furniture,401.2,1052.1,138.84,0,396.8,0,
30-01-2022,Furniture,352.8,1066.8,138.77,0,329,0,
31-01-2022,Furniture,408.2,1061.2,140.05,0,402.7,0,
01-02-2022,Furniture,404.7,1059.3,138.98,0,375.1,0,
02-02-2022,Furniture,425,1053.7,138.53,0,391.5,0,
03-02-2022,Furniture,438.8,1045.9,138.48,0,438,0,
04-02-2022,Furniture,411.9,1057.7,142.88,0,429.3,0,
05-02-2022,Furniture,419.8,1049.6,139.08,0,414.9,0,
06-02-2022,Furniture,396.5,1053.1,144.72,0,404.1,0,
07-02-2022,Furniture,388.2,1051,147.76,0,359.2,0,
08-02-2022,Furniture,413,1047.7,141.19,0,412.3,0,
09-02-2022,Furniture,397.9,1052.9,147.37,0,401.9,0,
10-02-2022,Furniture,402.2,1053,143.19,0,364.5,0,
11-02-2022,Furniture,461.2,1034.3,142.11,0,421.8,0,
12-02-2022,Furniture,511.8,1058.1,141.48,1,520.6,0,
13-02-2022,Furniture,423.1,1051,136.11,0,408.7,0,
14-02-2022,Furniture,432,1058.2,140.38,0,415.1,0,
15-02-2022,Furniture,421.5,1067.7,138.47,0,437.5,0,
16-02-2022,Furniture,420,1060.8,144.13,0,440.5,0,
17-02-2022,Furniture,418.1,1064.5,146.51,0,424.2,0,
18-02-2022,Furniture,446.4,1062.4,142.26,0,454.8,0,
19-02-2022,Furniture,412.5,1070.5,142.37,0,384.2,0,
20-02-2022,Furniture,423.8,1069.2,144.38,0,393.6,0,
21-02-2022,Furniture,393.5,1070.9,141.99,0,412,0,
22-02-2022,Furniture,391.5,1066.5,145.06,0,393.1,0,
23-02-2022,Furniture,401.5,1062.2,148.35,0,402.7,0,
24-02-2022,Furniture,502.7,1053.9,145.74,1,474,0,
25-02-2022,Furniture,421.4,1049.8,139.89,0,435.3,0,
26-02-2022,Furniture,414.9,1055,144.03,0,376.2,0,
27-02-2022,Furniture,382.2,1060.2,139.76,0,359.7,0,
28-02-2022,Furniture,381.5,1053.7,141.03,0,353.6,0,
01-03-2022,Furniture,400.5,1040.1,146.31,0,403.2,0,
02-03-2022,Furniture,402.2,1045.7,138.83,0,405.2,0,
03-03-2022,Furniture,401.6,1037.1,140.53,0,393.7,0,
04-03-2022,Furniture,356.3,1052.2,144.89,0,321,0,
05-03-2022,Furniture,431.3,1036.2,139.23,0,444.7,0,
06-03-2022,Furniture,381.5,1046.3,136.22,0,398.1,0,
07-03-2022,Furniture,375.5,1043.9,137.43,0,349.4,0,
08-03-2022,Furniture,387.1,1041.3,139.93,0,397.3,0,
09-03-2022,Furniture,404.6,1037.2,141.54,0,423.2,0,
10-03-2022,Furniture,426.8,1028.1,140.79,0,405,0,
11-03-2022,Furniture,680.8,1023.7,140.2,1,631.7,0,
12-03-2022,Furniture,417.9,1029.7,141.87,0,437.4,0,
13-03-2022,Furniture,311.8,1059.5,140.25,0,283.4,0,
14-03-2022,Furniture,376.7,1038.2,139.68,0,354.7,0,
15-03-2022,Furniture,377.7,1047.6,142.3,0,382,0,
16-03-2022,Furniture,384.1,1050.8,141.98,0,381.2,0,
17-03-2022,Furniture,417.9,1046.1,144.53,0,419,0,
18-03-2022,Furniture,411.9,1046.2,147.37,0,414.4,0,
19-03-2022,Furniture,386.1,1045.3,135.68,0,387.2,0,
20-03-2022,Furniture,405.9,1051.8,143.12,0,386.1,0,
21-03-2022,Furniture,373.5,1058.4,142.1,0,353.6,0,
22-03-2022,Furniture,373.8,1059.8,145.27,0,360.4,0,
23-03-2022,Furniture,341.5,1073.4,140.22,0,348.7,0,
24-03-2022,Furniture,452.5,1037.2,140.59,0,471,0,
25-03-2022,Furniture,368.3,1067,137.99,0,356.6,0,
26-03-2022,Furniture,408.6,1055,144.56,0,373,0,
27-03-2022,Furniture,392.7,1058.4,142.04,0,408.7,0,
28-03-2022,Furniture,400.8,1053.1,144.84,0,365.6,0,
29-03-2022,Furniture,347.4,1064.1,140.43,0,320.9,0,
30-03-2022,Furniture,368.6,1048.5,139.75,0,379.7,0,
31-03-2022,Furniture,422.1,1046.5,143.71,0,414.8,0,
01-04-2022,Furniture,423.1,1053.4,140.69,0,403.2,0,
02-04-2022,Furniture,,1050.7,143.44,0,451.1,0,
03-04-2022,Furniture,400.4,1068.6,143.1,0,418,0,
04-04-2022,Furniture,356.3,1088.9,141.96,0,338.4,0,
05-04-2022,Furniture,365.8,1089.1,139.93,0,376.9,0,
06-04-2022,Furniture,397.8,1077.8,142.67,0,398.5,0,
07-04-2022,Furniture,370.3,1091.4,139.5,0,348.5,0,
08-04-2022,Furniture,421.1,1080.7,141.93,0,438.5,0,
09-04-2022,Furniture,410.3,1087.9,146.42,0,373.2,0,
10-04-2022,Furniture,358.5,1101.7,145.17,0,339.8,0,
11-04-2022,Furniture,359.4,1103.3,140.21,0,344.9,0,
12-04-2022,Furniture,324.8,1115.1,142.43,0,326,0,
13-04-2022,Furniture,407.4,1088.4,140.13,0,369,0,
14-04-2022,Furniture,414.2,1088.2,142.45,0,428,0,
15-04-2022,Furniture,380.6,1104.6,139.06,0,380.1,0,
16-04-2022,Furniture,373.8,1114.2,139.8,0,351.8,0,
17-04-2022,Furniture,368,1118.5,146.96,0,367.5,0,
18-04-2022,Furniture,384.2,1112.8,142.03,0,376.7,0,
19-04-2022,Furniture,381.3,1118,140.38,0,362.4,0,
20-04-2022,Furniture,370.1,1116.9,135.63,0,334.7,0,
21-04-2022,Furniture,393.4,1108.1,142.13,0,386.6,0,
22-04-2022,Furniture,412.4,1108.7,147.85,0,376.3,0,
23-04-2022,Furniture,381.4,1127.4,140.04,0,389.6,0,
24-04-2022,Furniture,368,1137.1,140.56,0,336.1,0,
25-04-2022,Furniture,382.8,1132.3,141.79,0,369.2,0,
26-04-2022,Furniture,345.1,1132.6,139.86,0,333.1,0,
27-04-2022,Furniture,387.5,1123.8,147.91,0,381.1,0,
28-04-2022,Furniture,404.2,1121.4,144.43,0,366.2,0,
29-04-2022,Furniture,412.9,1121.6,143.63,0,384.2,0,
30-04-2022,Furniture,407.7,1116,147.64,0,379.2,0,
01-05-2022,Furniture,396,1117.8,146.49,0,392,0,
02-05-2022,Furniture,387.8,1129.6,141.88,0,364.4,0,
03-05-2022,Furniture,367.8,1130.5,140.86,0,339,0,
04-05-2022,Furniture,390.5,1126.6,140.83,0,352.5,0,
05-05-2022,Furniture,508.6,1114.4,140.12,1,521.8,0,
06-05-2022,Furniture,421.3,1116.6,141.03,0,440.6,0,
07-05-2022,Furniture,418.1,1116.6,140.2,0,420.4,0,
08-05-2022,Furniture,396.1,1129.2,138.46,0,381,0,
09-05-2022,Furniture,356,1141.4,134.8,0,326.9,0,
10-05-2022,Furniture,420.8,1127,144.62,0,408.7,0,
11-05-2022,Furniture,,1144.4,134.11,0,385.5,0,
12-05-2022,Furniture,639.4,1139.1,142.66,1,615.8,0,
13-05-2022,Furniture,435.1,1141.1,144.4,0,416.3,0,
14-05-2022,Furniture,415.8,1152.6,142.9,0,405.2,0,
15-05-2022,Furniture,396.4,1161.3,141.23,0,361.1,0,
16-05-2022,Furniture,399.4,1157.3,142.27,0,361.8,0,
17-05-2022,Furniture,379.4,1159.1,140.42,0,345.1,0,
18-05-2022,Furniture,419.9,1150.4,141.39,0,390.5,0,
19-05-2022,Furniture,432.5,1143.5,140.76,0,407.3,0,
20-05-2022,Furniture,452.6,1133.8,139.71,0,418.8,0,
21-05-2022,Furniture,568.6,1147.5,145.02,1,533.3,0,
22-05-2022,Furniture,397.6,1140.7,144.12,0,369,0,
23-05-2022,Furniture,365.2,1147.2,141.23,0,337,0,
24-05-2022,Furniture,414,1128.9,141.79,0,390.8,0,
25-05-2022,Furniture,391.8,1147.9,139.54,0,376,0,
26-05-2022,Furniture,434.3,1138.9,142.67,0,439.4,0,
27-05-2022,Furniture,422.2,1140.4,141.36,0,440.5,0,
28-05-2022,Furniture,446,1129.4,140.72,0,462.9,0,
29-05-2022,Furniture,400.4,1130.9,142.38,0,388.9,0,
30-05-2022,Furniture,404.5,1122.3,141.89,0,392.1,0,
31-05-2022,Furniture,371.4,1124,139.26,0,341.3,0,
01-06-2022,Furniture,400.3,1110.4,144.2,0,418.7,0,
02-06-2022,Furniture,446.6,1096.5,144.44,0,452.9,0,
03-06-2022,Furniture,467.2,1089.4,139.72,0,479.8,0,
04-06-2022,Furniture,438.7,1093.4,150.7,0,410.3,0,
05-06-2022,Furniture,460.9,1086.5,138.98,0,442.5,0,
06-06-2022,Furniture,414.2,1093.4,143.4,0,379.2,0,
07-06-2022,Furniture,402.4,1099.1,143.25,0,419,0,
08-06-2022,Furniture,413.9,1099.5,143.69,0,390.3,0,
09-06-2022,Furniture,480.2,1082.1,146.5,0,475.1,0,
10-06-2022,Furniture,463.3,1092.6,140.88,0,427.5,0,
11-06-2022,Furniture,422.6,1097.3,141.77,0,431.2,0,
12-06-2022,Furniture,400.5,1104.1,142.86,0,371.6,0,
13-06-2022,Furniture,389,1102.8,136.88,0,397.3,0,
14-06-2022,Furniture,420.5,1087.6,142.04,0,403.8,0,
15-06-2022,Furniture,394.5,1088.3,142.79,0,389.3,0,
16-06-2022,Furniture,435.9,1088.3,139.65,0,409.9,0,
17-06-2022,Furniture,459.3,1085.8,147.84,0,474.2,0,
18-06-2022,Furniture,441.9,1099.1,142.39,0,448.1,0,
19-06-2022,Furniture,412.4,1109.7,139.57,0,393.1,0,
20-06-2022,Furniture,426.5,1101.4,140.03,0,421.3,0,
21-06-2022,Furniture,432,1103.1,139.41,0,397.1,0,
22-06-2022,Furniture,592,1115.1,139.51,1,547,0,
23-06-2022,Furniture,443,1114.1,142.61,0,434.2,0,
24-06-2022,Furniture,479.5,1102.6,142.87,0,477.6,0,
25-06-2022,Furniture,445.5,1114.2,142.93,0,438.2,0,
26-06-2022,Furniture,430.5,1124.2,143.57,0,423.6,0,
27-06-2022,Furniture,436.2,1122.4,142.85,0,441.2,0,
28-06-2022,Furniture,400.1,1132.7,147.82,0,414.2,0,
29-06-2022,Furniture,432.1,1119.7,144.22,0,414,0,
30-06-2022,Furniture,456.8,1114.1,138.72,0,447.9,0,
01-07-2022,Furniture,510.4,1091.6,141.75,0,527.8,0,
02-07-2022,Furniture,429.2,1114.1,138.46,0,416.1,0,
03-07-2022,Furniture,439,1110.5,141.72,0,424.4,0,
04-07-2022,Furniture,407.2,1114.7,137.67,0,413.3,0,
05-07-2022,Furniture,483.6,1091.7,140.99,0,498.9,0,
06-07-2022,Furniture,457.4,1104.3,141.35,0,462.3,0,
07-07-2022,Furniture,449.5,1114,137.84,0,411.3,0,
08-07-2022,Furniture,439.7,1115.7,141.7,0,426.4,0,
09-07-2022,Furniture,478.5,1101.8,140.6,0,445.9,0,
10-07-2022,Furniture,450.4,1108.9,138.55,0,426.8,0,
11-07-2022,Furniture,449,1112.5,144.27,0,435.7,0,
12-07-2022,Furniture,418.2,1118.6,140.67,0,390.3,0,
13-07-2022,Furniture,501,1090.6,144.84,0,489.6,0,
14-07-2022,Furniture,480.5,1098.1,142.23,0,478.8,0,
15-07-2022,Furniture,759.7,1096.8,140.55,1,783.4,0,
16-07-2022,Furniture,486.8,1099.8,138.91,0,453.6,0,
17-07-2022,Furniture,456.5,1109.6,138.33,0,432.1,0,
18-07-2022,Furniture,471.9,1102.5,142.18,0,453.4,0,
19-07-2022,Furniture,436.8,1113.1,142.69,0,407.8,0,
20-07-2022,Furniture,490.2,1085.2,139.27,0,465.6,0,
21-07-2022,Furniture,516.2,1085.1,138.23,0,533,0,
22-07-2022,Furniture,515.2,1086.3,143.63,0,474.4,0,
23-07-2022,Furniture,512.7,1097.5,143.76,0,495.6,0,
24-07-2022,Furniture,446,1124,139.31,0,422.2,0,
25-07-2022,Furniture,461.9,1115.1,141.13,0,421,0,
26-07-2022,Furniture,465.7,1112.2,143.12,0,425.8,0,
27-07-2022,Furniture,,1103.2,138.53,0,485.6,0,
28-07-2022,Furniture,508.4,1090.5,139.17,0,522.6,0,
29-07-2022,Furniture,526.8,1077.2,143.97,0,532.7,0,
30-07-2022,Furniture,472.7,1088.8,139.13,0,463.7,0,
31-07-2022,Furniture,443.2,1092.5,141.85,0,450.2,0,
01-08-2022,Furniture,454,1093.6,141.93,0,419,0,
02-08-2022,Furniture,409,1099,138.26,0,416,0,
03-08-2022,Furniture,481.5,1088.4,144.44,0,464,0,
04-08-2022,Furniture,533.8,1071.1,137.24,0,540.5,0,
05-08-2022,Furniture,476,1095.2,142.44,0,444.7,0,
06-08-2022,Furniture,486.9,1087.1,140.35,0,499.1,0,
07-08-2022,Furniture,1569.6,1101.4,141.95,0,445.5,1,demand_spike
08-08-2022,Furniture,474.7,1087.3,140.99,0,427.8,0,
09-08-2022,Furniture,485.5,1076.7,138.45,0,474.8,0,
10-08-2022,Furniture,490.8,1080.6,140.81,0,464.6,0,
11-08-2022,Furniture,494.1,1079,143.01,0,449,0,
12-08-2022,Furniture,518.9,1070.5,140.97,0,501.9,0,
13-08-2022,Furniture,530.7,1062,140.3,0,502.4,0,
14-08-2022,Furniture,504,1065.6,136.03,0,469.1,0,
15-08-2022,Furniture,463.9,1069.7,139.14,0,441.8,0,
16-08-2022,Furniture,471.1,1064.9,139.55,0,436.7,0,
17-08-2022,Furniture,489.4,1060.7,144.03,0,462.4,0,
18-08-2022,Furniture,1638.5,1049.8,140.55,0,483.3,1,demand_spike
19-08-2022,Furniture,490.8,1061.1,143.09,0,447.9,0,
20-08-2022,Furniture,521.9,1041.5,139.45,0,541,0,
21-08-2022,Furniture,478.9,1055.4,135.8,0,495.8,0,
22-08-2022,Furniture,473.5,1055.4,144.44,0,484.9,0,
23-08-2022,Furniture,718.8,1053,139.47,1,671.8,0,
24-08-2022,Furniture,519.6,1031.5,144.3,0,524.3,0,
25-08-2022,Furniture,676,1038,141.04,1,668.2,0,
26-08-2022,Furniture,1621.3,1028.2,145.56,0,459.5,1,demand_spike
27-08-2022,Furniture,503.1,1023,150.67,0,520.7,0,
28-08-2022,Furniture,472.8,1032.8,142.91,0,496.3,0,
29-08-2022,Furniture,504.3,1020.8,137.79,0,507.4,0,
30-08-2022,Furniture,466,1034.2,143.21,0,435.5,0,
31-08-2022,Furniture,508.1,1022,142.72,0,499.6,0,
01-09-2022,Furniture,513.4,1017,138.16,0,470.5,0,
02-09-2022,Furniture,567.7,992.3,139.78,0,536.4,0,
03-09-2022,Furniture,530.7,1007.1,140.41,0,534.7,0,
04-09-2022,Furniture,488.1,1019,142.66,0,461.4,0,
05-09-2022,Furniture,494.2,1010.7,139.06,0,455.7,0,
06-09-2022,Furniture,475.3,1005.8,138.71,0,428.3,0,
07-09-2022,Furniture,529,991.4,138.33,0,521.5,0,
08-09-2022,Furniture,536.4,986,136.35,0,560.7,0,
09-09-2022,Furniture,547,977.1,143.43,0,532,0,
10-09-2022,Furniture,504.8,995.6,141.89,0,470.4,0,
11-09-2022,Furniture,476,994.9,143.89,0,461.5,0,
12-09-2022,Furniture,,999,139.63,0,453.5,0,
13-09-2022,Furniture,464.6,1000.7,139.54,0,474,0,
14-09-2022,Furniture,518.5,986.9,142.62,0,501.9,0,
15-09-2022,Furniture,579.4,962.2,144.17,0,536.4,0,
16-09-2022,Furniture,532.9,982.7,144.44,0,494.6,0,
17-09-2022,Furniture,517,994.6,138.49,0,535.1,0,
18-09-2022,Furniture,509.2,1002,144.33,0,476.3,0,
19-09-2022,Furniture,693.7,1006.1,145.91,1,700,0,
20-09-2022,Furniture,474.9,1006.8,142.85,0,446.6,0,
21-09-2022,Furniture,507.2,1003.5,144.93,0,511.3,0,
22-09-2022,Furniture,535.1,997.3,143.14,0,487.8,0,
23-09-2022,Furniture,,978.8,138.48,0,545.7,0,
24-09-2022,Furniture,522.1,997,144.3,0,501.9,0,
25-09-2022,Furniture,517.6,651.8,142.75,0,505.9,0,
26-09-2022,Furniture,733.3,664.8,138.76,1,698.8,0,
27-09-2022,Furniture,521.4,654.5,140.04,0,71.3,1,supplier_delay
28-09-2022,Furniture,507.9,662.9,142.82,0,481.9,0,
29-09-2022,Furniture,517.5,655,148.45,0,518.4,0,
30-09-2022,Furniture,524.5,988.6,146.75,0,512.2,0,
01-10-2022,Furniture,520.9,989.4,135.99,0,523.9,0,
02-10-2022,Furniture,489.8,1010,141.66,0,472.5,0,
03-10-2022,Furniture,509.7,1004.5,145.87,0,525.7,0,
04-10-2022,Furniture,483.8,1008.4,140.51,0,463.2,0,
05-10-2022,Furniture,540.3,991.6,140.22,0,511.2,0,
06-10-2022,Furniture,,990.4,140.13,0,524.1,0,
07-10-2022,Furniture,528.4,996.5,144.05,0,515.9,0,
08-10-2022,Furniture,814.7,1002.9,142.74,1,796.5,0,
09-10-2022,Furniture,494.1,1019.1,143.16,0,503.7,0,
10-10-2022,Furniture,504.8,1007.7,141.1,0,498.8,0,
11-10-2022,Furniture,496.7,1001.1,146.61,0,513,0,
12-10-2022,Furniture,551.4,983.5,140.77,0,547.5,0,
13-10-2022,Furniture,493.7,1004.9,144.15,0,446,0,
14-10-2022,Furniture,575.1,985.6,135.77,0,592.7,0,
15-10-2022,Furniture,521.9,1002.8,141.55,0,535.5,0,
16-10-2022,Furniture,552.4,997.7,140.32,0,501.2,0,
17-10-2022,Furniture,507.1,1018.9,141.95,0,465.9,0,
18-10-2022,Furniture,535.4,1006.4,137.05,0,526.6,0,
19-10-2022,Furniture,525,1016.9,146.29,0,475.9,0,
20-10-2022,Furniture,541.5,1019.4,142.13,0,520.8,0,
21-10-2022,Furniture,725.8,1020.8,148.03,1,759.4,0,
22-10-2022,Furniture,534.3,1014.1,143.88,0,494.8,0,
23-10-2022,Furniture,494.2,1029.9,142.4,0,460,0,
24-10-2022,Furniture,507.9,1035.8,141.7,0,508.6,0,
25-10-2022,Furniture,511.6,1030.4,143.54,0,463.8,0,
26-10-2022,Furniture,523,1036.6,143.8,0,535.1,0,
27-10-2022,Furniture,570.9,1017.4,143.08,0,530.9,0,
28-10-2022,Furniture,558.7,1020,148.07,0,547.4,0,
29-10-2022,Furniture,514.7,1027.6,144.93,0,482.4,0,
30-10-2022,Furniture,527.5,1025.9,139.86,0,526.8,0,
31-10-2022,Furniture,523.3,1027.8,139.4,0,517,0,
01-11-2022,Furniture,453.3,1049.1,142.91,0,472.3,0,
02-11-2022,Furniture,500,1031.9,142.18,0,483.4,0,
03-11-2022,Furniture,531.2,1020.4,142.44,0,547.8,0,
04-11-2022,Furniture,811.3,1021.1,137.06,1,800.2,0,
05-11-2022,Furniture,857,1014,144.18,1,888.8,0,
06-11-2022,Furniture,493,1030,140.6,0,465.2,0,
07-11-2022,Furniture,477.7,1027.1,147.96,0,469.4,0,
08-11-2022,Furniture,509.1,1006.9,142.32,0,488,0,
09-11-2022,Furniture,516.2,1006.5,141.34,0,469.7,0,
10-11-2022,Furniture,,994.2,143.05,0,555.9,0,
11-11-2022,Furniture,551,999.2,139.79,0,561.6,0,
12-11-2022,Furniture,605.3,985.5,146.4,0,595.3,0,
13-11-2022,Furniture,485.4,1019.2,148.38,0,457.2,0,
14-11-2022,Furniture,462.7,1024.3,143.73,0,434.8,0,
15-11-2022,Furniture,531,1001.4,143.54,0,496.8,0,
16-11-2022,Furniture,585.9,975.9,139.99,0,613.4,0,
17-11-2022,Furniture,530.4,995.4,141.63,0,509.1,0,
18-11-2022,Furniture,532.1,998.8,143.2,0,504.2,0,
19-11-2022,Furniture,529,1004.4,138.4,0,509.3,0,
20-11-2022,Furniture,486.8,1015.5,146.12,0,446.6,0,
21-11-2022,Furniture,449.6,1023.1,137.31,0,417.9,0,
22-11-2022,Furniture,501.9,1005.1,135.79,0,490,0,
23-11-2022,Furniture,514,998.8,146.59,0,524.2,0,
24-11-2022,Furniture,603.4,992.9,143.86,1,622.3,0,
25-11-2022,Furniture,521.2,988.1,138.98,0,536.8,0,
26-11-2022,Furniture,490.7,1001.5,142.09,0,511.1,0,
27-11-2022,Furniture,509.4,997,142.32,0,468.1,0,
28-11-2022,Furniture,487.5,1003.7,141.95,0,441.7,0,
29-11-2022,Furniture,495.4,998.2,138.73,0,453.7,0,
30-11-2022,Furniture,520.6,994.4,142.55,0,515.4,0,
01-12-2022,Furniture,550.6,985,144.95,0,541.4,0,
02-12-2022,Furniture,533.9,983.9,136.76,0,534.3,0,
03-12-2022,Furniture,530.4,991.6,140.28,0,506.9,0,
04-12-2022,Furniture,754.3,993,138.37,1,723.2,0,
05-12-2022,Furniture,504.3,1010.9,139.49,0,495.2,0,
06-12-2022,Furniture,491.4,1020.6,142.73,0,448.1,0,
07-12-2022,Furniture,507.2,1012.7,137.98,0,517.3,0,
08-12-2022,Furniture,,1012.7,146.57,0,521.8,0,
09-12-2022,Furniture,510.2,1015.5,141.85,0,488.8,0,
10-12-2022,Furniture,509.1,1009.9,140.56,0,514.6,0,
11-12-2022,Furniture,482.7,1026.1,136.28,0,474.2,0,
12-12-2022,Furniture,519,1016.9,142.06,0,485.5,0,
13-12-2022,Furniture,,1030,141.81,0,445.2,0,
14-12-2022,Furniture,504.4,1027,137.9,0,472.5,0,
15-12-2022,Furniture,541,1016.3,138.84,0,536,0,
16-12-2022,Furniture,522.6,1020.3,146.53,0,473.5,0,
17-12-2022,Furniture,499.2,1026.6,140.55,0,511.9,0,
18-12-2022,Furniture,490.2,1016,141.78,0,512.5,0,
19-12-2022,Furniture,480.2,1021.8,143.22,0,438.2,0,
20-12-2022,Furniture,505.7,1025,141.22,0,473.9,0,
21-12-2022,Furniture,461.7,1034.1,145.49,0,462.3,0,
22-12-2022,Furniture,492.4,1017.5,139.58,0,502.7,0,
23-12-2022,Furniture,510.7,1019.9,140.45,0,486.1,0,
24-12-2022,Furniture,519.7,577.7,140.49,0,507.9,0,
25-12-2022,Furniture,495.6,584.4,139.4,0,512.3,0,
26-12-2022,Furniture,467.2,590.6,139.17,0,98,1,supplier_delay
27-12-2022,Furniture,680.4,584,141.74,1,620.7,0,
28-12-2022,Furniture,470.4,590,145.48,0,493.5,0,
29-12-2022,Furniture,544,1016.3,138.32,0,504.3,0,
30-12-2022,Furniture,487.3,1029.2,141.12,0,442.1,0,
31-12-2022,Furniture,454.4,1042.2,143.82,0,437,0,
01-01-2023,Furniture,484.9,1033.9,147.26,0,445.3,0,
02-01-2023,Furniture,426.4,1053.5,144.31,0,446.4,0,
03-01-2023,Furniture,450.4,1048.2,141.07,0,431.1,0,
04-01-2023,Furniture,475.5,1044.9,140.06,0,486.8,0,
01-01-2020,Groceries,317.9,716.4,194.94,0,331.5,0,
02-01-2020,Groceries,341.5,706.2,194.86,0,319.8,0,
03-01-2020,Groceries,320.9,711.5,197.19,0,311.5,0,
04-01-2020,Groceries,352.3,703.9,194.3,0,366.6,0,
05-01-2020,Groceries,316.3,710.1,201.21,0,322.1,0,
06-01-2020,Groceries,272.6,722.4,196.46,0,284.8,0,
07-01-2020,Groceries,475.7,722.3,200.11,1,471.6,0,
08-01-2020,Groceries,323.3,716.5,196.93,0,307.1,0,
09-01-2020,Groceries,338.4,707.4,199.53,0,346.5,0,
10-01-2020,Groceries,371.7,692.1,201.39,0,350.8,0,
11-01-2020,Groceries,330.5,698.2,202.71,0,305.6,0,
12-01-2020,Groceries,328.9,706.8,198.04,0,330.8,0,
13-01-2020,Groceries,299.5,720.6,192.72,0,298.2,0,
14-01-2020,Groceries,492,710.2,195.44,1,507.7,0,
15-01-2020,Groceries,333.5,705.1,196.01,0,348.3,0,
16-01-2020,Groceries,359.2,703.5,193.87,0,369.5,0,
17-01-2020,Groceries,361.4,702.6,193.21,0,328.5,0,
18-01-2020,Groceries,330.1,709.5,196.8,0,330,0,
19-01-2020,Groceries,313.6,725.7,192.26,0,319.2,0,
20-01-2020,Groceries,308.8,717.6,191.5,0,323.4,0,
21-01-2020,Groceries,,729.6,189.47,0,299,0,
22-01-2020,Groceries,335.7,723,198,0,310.7,0,
23-01-2020,Groceries,323.6,733.1,197.45,0,332.6,0,
24-01-2020,Groceries,358.1,716.7,194.84,0,339.4,0,
25-01-2020,Groceries,339,718.8,200.01,0,335.6,0,
26-01-2020,Groceries,299.1,725.4,192.2,0,286.7,0,
27-01-2020,Groceries,311.1,721.3,197.61,0,298.8,0,
28-01-2020,Groceries,274.5,733.8,196.33,0,277.2,0,
29-01-2020,Groceries,342.9,718.6,193.21,0,327.2,0,
30-01-2020,Groceries,525.2,700.1,194.18,1,527.2,0,
31-01-2020,Groceries,360,705.7,193.88,0,324.8,0,
01-02-2020,Groceries,344.3,714.9,197.11,0,326.7,0,
02-02-2020,Groceries,331.2,724.3,198.44,0,313.9,0,
03-02-2020,Groceries,287.9,735.1,194.44,0,291.4,0,
04-02-2020,Groceries,315.4,724.7,193.32,0,298.7,0,
05-02-2020,Groceries,318,723.4,196.65,0,316.4,0,
06-02-2020,Groceries,339.4,717.9,189.64,0,340.5,0,
07-02-2020,Groceries,368.2,715.8,196.25,0,367.7,0,
08-02-2020,Groceries,345.5,716.5,202.24,0,342.3,0,
09-02-2020,Groceries,291.8,728.7,193.35,0,280.7,0,
10-02-2020,Groceries,320.2,713.6,195.42,0,306.1,0,
11-02-2020,Groceries,299.5,721.9,200.13,0,294.9,0,
12-02-2020,Groceries,338.9,715.6,199.07,0,308.2,0,
13-02-2020,Groceries,380.8,695.9,196.36,0,392.7,0,
14-02-2020,Groceries,367,700.5,195.89,0,375.7,0,
15-02-2020,Groceries,364.1,706.5,191.27,0,346.6,0,
16-02-2020,Groceries,303.7,728.6,198.04,0,299.1,0,
17-02-2020,Groceries,319.3,727.7,190.85,0,332,0,
18-02-2020,Groceries,444.8,729.9,188.01,1,418.4,0,
19-02-2020,Groceries,321.6,725,200.07,0,325.2,0,
20-02-2020,Groceries,334.1,720.3,197.63,0,304.8,0,
21-02-2020,Groceries,365.6,716.2,199.57,0,357.7,0,
22-02-2020,Groceries,352.7,722.3,193.23,0,364.2,0,
23-02-2020,Groceries,325.7,726.3,197.94,0,320.1,0,
24-02-2020,Groceries,275,742.9,194.39,0,272.9,0,
25-02-2020,Groceries,307.7,737.2,194.83,0,318.8,0,
26-02-2020,Groceries,333.6,726.9,199.93,0,336.1,0,
27-02-2020,Groceries,362,719,195.53,0,363.6,0,
28-02-2020,Groceries,347.4,716.7,193.38,0,343.2,0,
29-02-2020,Groceries,303.5,732.6,190.76,0,301.9,0,
01-03-2020,Groceries,321.7,726.9,197.53,0,328.3,0,
02-03-2020,Groceries,290.7,740.8,200.27,0,304.4,0,
03-03-2020,Groceries,302.8,739.7,193.04,0,308.7,0,
04-03-2020,Groceries,322.6,731.8,198.82,0,324.5,0,
05-03-2020,Groceries,429.7,718.5,192.42,1,395.4,0,
06-03-2020,Groceries,365.8,709.2,199.05,0,374.1,0,
07-03-2020,Groceries,309,723.7,196.24,0,312.2,0,
08-03-2020,Groceries,324,723.6,197.17,0,329,0,
09-03-2020,Groceries,285.9,726.3,193.38,0,267.2,0,
10-03-2020,Groceries,318.3,711.4,197.52,0,329.6,0,
11-03-2020,Groceries,312.6,717.4,193.77,0,285.9,0,
12-03-2020,Groceries,334.4,717.5,194.49,0,313.7,0,
13-03-2020,Groceries,347.9,708.5,190.16,0,347.7,0,
14-03-2020,Groceries,338.8,706,193.09,0,339.2,0,
15-03-2020,Groceries,297.9,725.3,194.05,0,282.1,0,
16-03-2020,Groceries,291.7,726.6,197.34,0,293.2,0,
17-03-2020,Groceries,283.1,724.7,198.45,0,271.3,0,
18-03-2020,Groceries,314.3,720.5,193.73,0,282.9,0,
19-03-2020,Groceries,371.8,705.8,195.47,0,343.7,0,
20-03-2020,Groceries,349.5,716.2,202.73,0,360.9,0,
21-03-2020,Groceries,480,717.2,196.63,1,448.1,0,
22-03-2020,Groceries,274.1,736.4,194.01,0,251.4,0,
23-03-2020,Groceries,297.1,735.8,189.53,0,297.8,0,
24-03-2020,Groceries,298.3,738.6,192.77,0,288.1,0,
25-03-2020,Groceries,296.8,743.7,192.61,0,302.6,0,
26-03-2020,Groceries,347.7,735.4,203.87,0,357.8,0,
27-03-2020,Groceries,342.5,739.1,192.79,0,351.7,0,
28-03-2020,Groceries,319.4,743.2,196.31,0,302.5,0,
29-03-2020,Groceries,308.1,751,197.57,0,300.6,0,
30-03-2020,Groceries,399.7,759.1,200.45,1,398.7,0,
31-03-2020,Groceries,264.8,757.4,196.15,0,251.1,0,
01-04-2020,Groceries,399.4,748.8,194.11,1,361.9,0,
02-04-2020,Groceries,332.7,723.8,193.85,0,324.2,0,
03-04-2020,Groceries,344.5,721.6,197.51,0,310.7,0,
04-04-2020,Groceries,309,733.7,193.43,0,322.2,0,
05-04-2020,Groceries,268.9,740.1,191.78,0,274.1,0,
06-04-2020,Groceries,299.8,732.4,194.11,0,278.4,0,
07-04-2020,Groceries,251.6,747.8,190.92,0,237.3,0,
08-04-2020,Groceries,293.2,735.5,203.37,0,307.1,0,
09-04-2020,Groceries,328.5,730.9,198.45,0,314.1,0,
10-04-2020,Groceries,339.2,732,202.47,0,345.2,0,
11-04-2020,Groceries,294.8,748.6,198.02,0,285.1,0,
12-04-2020,Groceries,245.6,758.2,202.09,0,252.9,0,
13-04-2020,Groceries,245.5,758.2,197.56,0,246.9,0,
14-04-2020,Groceries,272.1,756.1,198.96,0,245.8,0,
15-04-2020,Groceries,293.4,748.6,187.75,0,277,0,
16-04-2020,Groceries,318.5,748.9,192.53,0,313.3,0,
17-04-2020,Groceries,324.3,750.5,196.26,0,336.9,0,
18-04-2020,Groceries,314.4,762,196.35,0,287.8,0,
19-04-2020,Groceries,253.3,775,195.82,0,250.8,0,
20-04-2020,Groceries,227.9,781.8,197.89,0,215.4,0,
21-04-2020,Groceries,256.2,773.1,198.05,0,264.7,0,
22-04-2020,Groceries,259.8,775,199.51,0,263.6,0,
23-04-2020,Groceries,281.2,764.9,198.74,0,268.7,0,
24-04-2020,Groceries,323,744.3,200.84,0,298.8,0,
25-04-2020,Groceries,289.5,756.3,200.87,0,261,0,
26-04-2020,Groceries,256.2,764.4,196.8,0,254.5,0,
27-04-2020,Groceries,237.4,767.7,204.28,0,228.1,0,
28-04-2020,Groceries,240.2,763.4,201.45,0,227.5,0,
29-04-2020,Groceries,284.2,750.8,192.95,0,297.8,0,
30-04-2020,Groceries,268.4,750.2,197.65,0,260.4,0,
01-05-2020,Groceries,415.9,747.8,188.89,1,421.1,0,
02-05-2020,Groceries,262.9,746.7,189.55,0,243.6,0,
03-05-2020,Groceries,251,747.2,194.16,0,226.4,0,
04-05-2020,Groceries,254.2,748,192.68,0,244.7,0,
05-05-2020,Groceries,326.6,753.9,194.18,1,326.6,0,
06-05-2020,Groceries,265.9,746.2,197.4,0,259.5,0,
07-05-2020,Groceries,280.5,746.7,200.92,0,289.9,0,
08-05-2020,Groceries,267.1,745.9,200.71,0,257.8,0,
09-05-2020,Groceries,275.2,735.8,197.74,0,260.5,0,
10-05-2020,Groceries,267.6,731.5,191.85,0,277.6,0,
11-05-2020,Groceries,214.9,741.9,193.93,0,206.5,0,
12-05-2020,Groceries,215.3,735.2,198.61,0,202.5,0,
13-05-2020,Groceries,244.6,736.5,192.87,0,223.7,0,
14-05-2020,Groceries,281.5,717.7,191.15,0,286.8,0,
15-05-2020,Groceries,279.4,723,198.05,0,286,0,
16-05-2020,Groceries,272,725.1,195.93,0,246.2,0,
17-05-2020,Groceries,228.1,739.4,195.29,0,217.6,0,
18-05-2020,Groceries,205.9,741.5,200.47,0,208.5,0,
19-05-2020,Groceries,218,739.5,200.39,0,227.1,0,
20-05-2020,Groceries,231.2,731,203.1,0,221.2,0,
21-05-2020,Groceries,355.9,718.1,193.56,1,366.9,0,
22-05-2020,Groceries,281.1,725.7,197.8,0,269.6,0,
23-05-2020,Groceries,233.6,739.2,196.19,0,216.5,0,
24-05-2020,Groceries,208.9,746.3,197.44,0,188.1,0,
25-05-2020,Groceries,209.2,748.4,191.67,0,198.6,0,
26-05-2020,Groceries,208.7,750.4,190.61,0,199.7,0,
27-05-2020,Groceries,235.1,747.6,195.96,0,244.9,0,
28-05-2020,Groceries,252.4,747.4,192.81,0,235,0,
29-05-2020,Groceries,,742.8,199.79,0,255.8,0,
30-05-2020,Groceries,238.9,748.9,190.23,0,215.9,0,
31-05-2020,Groceries,219.9,758.7,190.55,0,223.1,0,
01-06-2020,Groceries,203.9,762.7,194.48,0,211.5,0,
02-06-2020,Groceries,281.5,758,190.08,1,263.4,0,
03-06-2020,Groceries,214.9,762.6,202.69,0,207.2,0,
04-06-2020,Groceries,247,757.9,195.4,0,226.8,0,
05-06-2020,Groceries,234.4,763,193.75,0,227.1,0,
06-06-2020,Groceries,260.4,752.2,197.95,0,239.6,0,
07-06-2020,Groceries,174.5,787,199.58,0,170.8,0,
08-06-2020,Groceries,209.6,784.1,196.93,0,211.8,0,
09-06-2020,Groceries,191.5,784.4,195.85,0,188.2,0,
10-06-2020,Groceries,221.1,771,192.26,0,207.1,0,
11-06-2020,Groceries,237.3,762.2,198.59,0,226.1,0,
12-06-2020,Groceries,245.5,764,201.67,0,244.5,0,
13-06-2020,Groceries,314.2,776.4,195.25,1,310.6,0,
14-06-2020,Groceries,172.4,792.6,192.79,0,158.7,0,
15-06-2020,Groceries,168.1,794.7,196.83,0,172.6,0,
16-06-2020,Groceries,170.6,790.2,196.13,0,165.7,0,
17-06-2020,Groceries,214.6,785.5,191.34,0,198.4,0,
18-06-2020,Groceries,233,784.1,194.14,0,214,0,
19-06-2020,Groceries,822,775.6,203.13,0,258.6,1,demand_spike
20-06-2020,Groceries,222.1,772.7,190.83,0,209.3,0,
21-06-2020,Groceries,205.8,782.8,193.41,0,213.2,0,
22-06-2020,Groceries,551.1,793.6,192.39,0,154.3,1,demand_spike
23-06-2020,Groceries,177.8,792.6,192.74,0,170.3,0,
24-06-2020,Groceries,218.3,781.9,194.37,0,219.5,0,
25-06-2020,Groceries,240.4,766.1,197.87,0,216.7,0,
26-06-2020,Groceries,210.7,770.9,201.25,0,200.4,0,
27-06-2020,Groceries,198.9,772.7,196.91,0,188,0,
28-06-2020,Groceries,183.4,774,193.43,0,188.9,0,
29-06-2020,Groceries,162.5,780.9,202.15,0,159.1,0,
30-06-2020,Groceries,170.7,780.4,188,0,162.9,0,
01-07-2020,Groceries,208.6,778,198.76,0,196,0,
02-07-2020,Groceries,226.2,775,192.09,0,223.7,0,
03-07-2020,Groceries,310.7,780.5,195.91,1,286.7,0,
04-07-2020,Groceries,219.1,782.2,198.32,0,205.3,0,
05-07-2020,Groceries,250,795.1,189.82,1,236,0,
06-07-2020,Groceries,116.4,817,196.67,0,115.3,0,
07-07-2020,Groceries,161.6,798.8,196.97,0,154.5,0,
08-07-2020,Groceries,179.6,788.6,201.85,0,175.3,0,
09-07-2020,Groceries,225,761.8,206.76,0,224.4,0,
10-07-2020,Groceries,217,768.5,190.02,0,226.4,0,
11-07-2020,Groceries,206.6,765.1,201.67,0,209.7,0,
12-07-2020,Groceries,189,777.5,195.97,0,181.6,0,
13-07-2020,Groceries,149.2,788.6,192.94,0,151,0,
14-07-2020,Groceries,169.4,774.7,197.56,0,176.6,0,
15-07-2020,Groceries,212.5,756.2,191.01,0,207.1,0,
16-07-2020,Groceries,227.3,752.7,191.24,0,218.5,0,
17-07-2020,Groceries,197.6,752.2,189.31,0,180.2,0,
18-07-2020,Groceries,198.5,754.9,198.26,0,205.3,0,
19-07-2020,Groceries,179.2,753.1,197.4,0,167.9,0,
20-07-2020,Groceries,163.9,754,192.92,0,149.1,0,
21-07-2020,Groceries,158.2,756.7,202.09,0,155.1,0,
22-07-2020,Groceries,178.1,753.1,193.51,0,182.9,0,
23-07-2020,Groceries,214.2,746.2,201.15,0,205.8,0,
24-07-2020,Groceries,203.3,743,196.59,0,206.9,0,
25-07-2020,Groceries,217.6,737.1,193.46,0,223.1,0,
26-07-2020,Groceries,200.2,747.8,195.66,0,193.8,0,
27-07-2020,Groceries,160.4,758.2,191.2,0,158.6,0,
28-07-2020,Groceries,157.5,760.6,196.96,0,154.3,0,
29-07-2020,Groceries,200.6,748.4,196.23,0,208.8,0,
30-07-2020,Groceries,223.9,748,198.18,0,225.9,0,
31-07-2020,Groceries,214.8,748.4,199.56,0,223.1,0,
01-08-2020,Groceries,200.3,745.8,196.57,0,186.9,0,
02-08-2020,Groceries,163.4,752,190.32,0,154.7,0,
03-08-2020,Groceries,157,754.8,199.77,0,143,0,
04-08-2020,Groceries,165.5,744.5,196.17,0,161.3,0,
05-08-2020,Groceries,175.5,738.7,188.69,0,181,0,
06-08-2020,Groceries,197.1,732.6,197.33,0,187.1,0,
07-08-2020,Groceries,200,727.9,197.63,0,183.8,0,
08-08-2020,Groceries,208,727.2,194.71,0,189.4,0,
09-08-2020,Groceries,173.2,741.2,195.34,0,167.6,0,
10-08-2020,Groceries,154.5,749.1,193.78,0,142.9,0,
11-08-2020,Groceries,169.3,736.9,197.75,0,161.1,0,
12-08-2020,Groceries,175.2,735.5,196.66,0,179.3,0,
13-08-2020,Groceries,198.9,729.2,192.55,0,190.5,0,
14-08-2020,Groceries,225,719.5,202.46,0,223.1,0,
15-08-2020,Groceries,178.4,735.1,193.5,0,174,0,
16-08-2020,Groceries,171.8,738.4,185.5,0,173.1,0,
17-08-2020,Groceries,194.6,731.1,194.27,0,179.7,0,
18-08-2020,Groceries,145,741,200.16,0,150.6,0,
19-08-2020,Groceries,184.9,728.9,195.3,0,184.3,0,
20-08-2020,Groceries,186.2,737.8,189.7,0,175.2,0,
21-08-2020,Groceries,221,725.4,192.08,0,203,0,
22-08-2020,Groceries,236.1,726.1,191.87,0,217.8,0,
23-08-2020,Groceries,185.9,741.4,193.86,0,189.1,0,
24-08-2020,Groceries,152.6,747.4,195.09,0,150.8,0,
25-08-2020,Groceries,200.9,731.4,198.05,0,192.2,0,
26-08-2020,Groceries,169.4,740.8,196.62,0,160.9,0,
27-08-2020,Groceries,228.3,726.4,196.81,0,234.7,0,
28-08-2020,Groceries,229.6,737.9,203.09,0,236.7,0,
29-08-2020,Groceries,207.8,744.7,199.49,0,205.1,0,
30-08-2020,Groceries,195.4,742.3,199.15,0,191.2,0,
31-08-2020,Groceries,148.8,747.9,189,0,152.2,0,
01-09-2020,Groceries,224.2,737.1,193.17,1,226.9,0,
02-09-2020,Groceries,202.8,724,189.85,0,194.7,0,
03-09-2020,Groceries,213.8,553.1,193.1,0,195.1,0,
04-09-2020,Groceries,262.6,544,199.23,0,266.7,0,
05-09-2020,Groceries,214.1,554.6,194.57,0,11.9,1,supplier_delay
06-09-2020,Groceries,186.9,563.4,200.32,0,168.7,0,
07-09-2020,Groceries,156.8,570.5,198.83,0,161,0,
08-09-2020,Groceries,176.8,749.6,196.31,0,174.5,0,
09-09-2020,Groceries,240.5,733.7,200.41,0,248.6,0,
10-09-2020,Groceries,229,741.6,201.47,0,222.8,0,
11-09-2020,Groceries,247.8,728.7,197.9,0,257.4,0,
12-09-2020,Groceries,237.2,726,197.02,0,226.1,0,
13-09-2020,Groceries,302.6,741.7,198.6,1,305.2,0,
14-09-2020,Groceries,172.6,740.1,190.6,0,163.1,0,
15-09-2020,Groceries,193,730.8,195.65,0,173.8,0,
16-09-2020,Groceries,209.4,731.8,196.02,0,200.4,0,
17-09-2020,Groceries,234.9,720.9,194.67,0,237.4,0,
18-09-2020,Groceries,261.2,707,193.02,0,240.9,0,
19-09-2020,Groceries,229.5,719.8,200.03,0,223.9,0,
20-09-2020,Groceries,220.9,732.8,196.78,0,205.8,0,
21-09-2020,Groceries,184.9,739.5,197.14,0,168.5,0,
22-09-2020,Groceries,245.6,748.8,201.7,1,243.8,0,
23-09-2020,Groceries,170.2,745.4,195.35,0,177.4,0,
24-09-2020,Groceries,220.6,729.7,194.59,0,208.8,0,
25-09-2020,Groceries,230.7,726.3,201.45,0,227.8,0,
26-09-2020,Groceries,318.9,718.9,190.27,1,332.6,0,
27-09-2020,Groceries,196.9,736.9,196.32,0,196.4,0,
28-09-2020,Groceries,165.4,738.7,193.22,0,165.6,0,
29-09-2020,Groceries,200.3,729.2,197.26,0,185.6,0,
30-09-2020,Groceries,213.4,730.7,198.36,0,207.8,0,
01-10-2020,Groceries,338.7,719.6,198.58,1,323.5,0,
02-10-2020,Groceries,,719.9,200.14,0,262.7,0,
03-10-2020,Groceries,255.6,732.3,195.12,0,260.7,0,
04-10-2020,Groceries,182.4,753.2,195.37,0,176.8,0,
05-10-2020,Groceries,204.3,739,198.18,0,185.8,0,
06-10-2020,Groceries,209.6,738.1,199.6,0,217.1,0,
07-10-2020,Groceries,220.5,734.2,191.01,0,216.5,0,
08-10-2020,Groceries,234.2,719.5,197.35,0,243.3,0,
09-10-2020,Groceries,271.9,702.6,194.56,0,268.1,0,
10-10-2020,Groceries,272.8,696,196.46,0,248.3,0,
11-10-2020,Groceries,191.6,716.3,194.72,0,188.4,0,
12-10-2020,Groceries,201,711.7,193.28,0,198.3,0,
13-10-2020,Groceries,223,703.6,192.12,0,207.9,0,
14-10-2020,Groceries,,687.1,195.52,0,257.2,0,
15-10-2020,Groceries,271,679,197.52,0,262.6,0,
16-10-2020,Groceries,387.2,668.6,193.75,1,384.7,0,
17-10-2020,Groceries,240.5,690.6,200.78,0,225.8,0,
18-10-2020,Groceries,210,700.5,205.76,0,207.3,0,
19-10-2020,Groceries,238.4,700.9,197.74,0,223.2,0,
20-10-2020,Groceries,246.1,714.3,195.95,1,237.9,0,
21-10-2020,Groceries,265.3,691.8,192.54,0,243.7,0,
22-10-2020,Groceries,281.5,686.4,197.57,0,254.9,0,
23-10-2020,Groceries,280.4,687.2,201.91,0,265.8,0,
24-10-2020,Groceries,271,693.1,203.76,0,255.1,0,
25-10-2020,Groceries,231.1,704.9,201.59,0,222.1,0,
26-10-2020,Groceries,229,695.8,199.42,0,239.2,0,
27-10-2020,Groceries,241.9,689.7,197.72,0,236.6,0,
28-10-2020,Groceries,262.8,683.5,192,0,258.3,0,
29-10-2020,Groceries,287.6,682.5,195.72,0,299.5,0,
30-10-2020,Groceries,307.9,672.5,195.27,0,319.7,0,
31-10-2020,Groceries,312.3,663,195.75,0,322.5,0,
01-11-2020,Groceries,256.7,680,193.29,0,234.8,0,
02-11-2020,Groceries,256.4,684.5,199.09,0,255.1,0,
03-11-2020,Groceries,237.9,688,195.04,0,242.9,0,
04-11-2020,Groceries,259.8,693.4,194.72,0,266.4,0,
05-11-2020,Groceries,313.5,688,193.31,0,309.4,0,
06-11-2020,Groceries,311.3,688.3,197.03,0,281,0,
07-11-2020,Groceries,315.1,688.1,201.99,0,329.6,0,
08-11-2020,Groceries,460.3,702.2,196.07,1,446.8,0,
09-11-2020,Groceries,267.2,708.9,197.22,0,256.3,0,
10-11-2020,Groceries,274.8,702.6,203.71,0,263.6,0,
11-11-2020,Groceries,239.5,717.6,200.83,0,230.8,0,
12-11-2020,Groceries,323.9,694.6,198.42,0,303.3,0,
13-11-2020,Groceries,338,686.3,198.26,0,320.8,0,
14-11-2020,Groceries,290.1,702.1,193.75,0,304,0,
15-11-2020,Groceries,281.8,703.8,193.37,0,269.2,0,
16-11-2020,Groceries,249.9,711.5,196.67,0,244.6,0,
17-11-2020,Groceries,288.3,696,196.77,0,296.2,0,
18-11-2020,Groceries,286.3,697.2,192.78,0,280.3,0,
19-11-2020,Groceries,316,687,198.87,0,299.8,0,
20-11-2020,Groceries,328.7,684.6,195.03,0,321.7,0,
21-11-2020,Groceries,352.4,681.6,200.54,0,323.2,0,
22-11-2020,Groceries,306.7,696.4,195.9,0,282.1,0,
23-11-2020,Groceries,299.3,699.9,195.55,0,300.5,0,
24-11-2020,Groceries,324.9,710,192.44,1,337.1,0,
25-11-2020,Groceries,291.8,705.3,192.87,0,294.4,0,
26-11-2020,Groceries,357.5,681.4,201.28,0,325.8,0,
27-11-2020,Groceries,319.5,684.7,197.17,0,306.9,0,
28-11-2020,Groceries,319.1,679.5,197.64,0,287.3,0,
29-11-2020,Groceries,520.7,680.7,202.39,1,508.6,0,
30-11-2020,Groceries,,701.4,190.95,1,372.9,0,
01-12-2020,Groceries,266.1,709.4,198.75,0,274.1,0,
02-12-2020,Groceries,320.9,686.3,189.89,0,293.8,0,
03-12-2020,Groceries,321.1,697.9,194.4,0,289,0,
04-12-2020,Groceries,373.3,680.8,191.62,0,361.2,0,
05-12-2020,Groceries,325.3,686.4,199.48,0,300.3,0,
06-12-2020,Groceries,294.9,706.5,188.7,0,298.1,0,
07-12-2020,Groceries,294.9,699.9,195.21,0,306.2,0,
08-12-2020,Groceries,296.2,697.6,191.57,0,268.4,0,
09-12-2020,Groceries,333,685.5,192.76,0,319.4,0,
10-12-2020,Groceries,364,678.4,193.37,0,382.1,0,
11-12-2020,Groceries,360.7,675.4,201.29,0,364.3,0,
12-12-2020,Groceries,406.2,689.8,194.8,1,423.7,0,
13-12-2020,Groceries,330.6,693.4,202.89,0,305.7,0,
14-12-2020,Groceries,292.9,704.9,203.71,0,273.3,0,
15-12-2020,Groceries,1001.9,710,204.41,0,275,1,demand_spike
16-12-2020,Groceries,339.8,697.1,195.88,0,321.2,0,
17-12-2020,Groceries,336.1,696.8,196.94,0,339,0,
18-12-2020,Groceries,377.9,694.2,197.6,0,349.5,0,
19-12-2020,Groceries,358.2,701.6,194.67,0,350.6,0,
20-12-2020,Groceries,344.3,700.9,197.78,0,323.8,0,
21-12-2020,Groceries,981.7,708.8,192.45,0,311,1,demand_spike
22-12-2020,Groceries,338,698.6,188.76,0,304.5,0,
23-12-2020,Groceries,353.1,682.1,198.92,0,329.6,0,
24-12-2020,Groceries,371.7,673.3,194.74,0,368.3,0,
25-12-2020,Groceries,406.3,662.5,192.28,0,371.6,0,
26-12-2020,Groceries,364,674.3,192.78,0,353,0,
27-12-2020,Groceries,327.2,679.1,202.06,0,315.9,0,
28-12-2020,Groceries,319.8,679.1,197.94,0,328.7,0,
29-12-2020,Groceries,317.3,685.7,190.14,0,315.3,0,
30-12-2020,Groceries,357.5,678.5,191.46,0,356,0,
31-12-2020,Groceries,398.2,666.8,194.97,0,415.2,0,
01-01-2021,Groceries,385.8,670.2,197.98,0,404.1,0,
02-01-2021,Groceries,555.5,674,193,1,554.4,0,
03-01-2021,Groceries,352.8,680.4,195.44,0,345.1,0,
04-01-2021,Groceries,341.5,684.3,196.56,0,338.5,0,
05-01-2021,Groceries,324.4,691.1,196.65,0,310.6,0,
06-01-2021,Groceries,360.2,682.8,186.72,0,377.6,0,
07-01-2021,Groceries,396.1,666,196.98,0,398.4,0,
08-01-2021,Groceries,,664.4,189.32,0,373.9,0,
09-01-2021,Groceries,346.6,680.3,194.99,0,315,0,
10-01-2021,Groceries,360.7,671.3,194.15,0,327,0,
11-01-2021,Groceries,336.6,675.1,191.88,0,313.3,0,
12-01-2021,Groceries,344.7,671.6,199.42,0,322.3,0,
13-01-2021,Groceries,344.7,670.7,191.71,0,331.7,0,
14-01-2021,Groceries,391,657.9,194.06,0,364.5,0,
15-01-2021,Groceries,408.1,648.6,199.56,0,406,0,
16-01-2021,Groceries,365.3,666.2,193.95,0,340.4,0,
17-01-2021,Groceries,485.4,672.6,193.14,1,450.5,0,
18-01-2021,Groceries,345.5,672,195.06,0,335.4,0,
19-01-2021,Groceries,329.8,674.9,198.23,0,340.8,0,
20-01-2021,Groceries,362.8,666.2,201.79,0,352,0,
21-01-2021,Groceries,376.9,670.3,192.44,0,362.6,0,
22-01-2021,Groceries,425.8,653.7,192.76,0,420.1,0,
23-01-2021,Groceries,389.1,662,195.03,0,365.2,0,
24-01-2021,Groceries,515.7,669.8,197.02,1,491.4,0,
25-01-2021,Groceries,329,675.6,193.09,0,306.6,0,
26-01-2021,Groceries,324.1,676.7,198.82,0,319.5,0,
27-01-2021,Groceries,366.7,664.2,192.52,0,368.4,0,
28-01-2021,Groceries,404.2,655.3,188.66,0,404.6,0,
29-01-2021,Groceries,389,661.5,198.2,0,365,0,
30-01-2021,Groceries,384.9,662.7,198.65,0,391.4,0,
31-01-2021,Groceries,349.4,683.1,200.21,0,327.9,0,
01-02-2021,Groceries,,684.1,188.3,0,329.8,0,
02-02-2021,Groceries,334.2,685.7,193.5,0,318.3,0,
03-02-2021,Groceries,381,663.9,195.13,0,377.1,0,
04-02-2021,Groceries,537.3,649.9,203.01,1,495.1,0,
05-02-2021,Groceries,396.3,656.6,195.49,0,395.2,0,
06-02-2021,Groceries,375.3,659,190.83,0,386.4,0,
07-02-2021,Groceries,369,657.7,197.28,0,348.3,0,
08-02-2021,Groceries,311.2,675.2,201.25,0,301.1,0,
09-02-2021,Groceries,350.2,661.8,200.42,0,327.1,0,
10-02-2021,Groceries,346.3,652.7,198.32,0,330.4,0,
11-02-2021,Groceries,413.4,638,197.14,0,373.4,0,
12-02-2021,Groceries,397.9,646.9,187.22,0,415,0,
13-02-2021,Groceries,490.5,645.1,196.22,1,472,0,
14-02-2021,Groceries,344,656.9,196.81,0,350.3,0,
15-02-2021,Groceries,313.3,660.5,195.49,0,288.7,0,
16-02-2021,Groceries,361.5,643,198.89,0,369.4,0,
17-02-2021,Groceries,365.9,644.1,195.42,0,376.5,0,
18-02-2021,Groceries,441.4,625.5,194.67,0,444.6,0,
19-02-2021,Groceries,388.2,645.4,200.19,0,401.9,0,
20-02-2021,Groceries,372.4,651.4,194.49,0,344.5,0,
21-02-2021,Groceries,339.7,667.6,196.37,0,330,0,
22-02-2021,Groceries,332.1,666.8,199.64,0,329.8,0,
23-02-2021,Groceries,364,655.3,192.15,0,360.1,0,
24-02-2021,Groceries,381.1,637.2,191.72,0,392.2,0,
25-02-2021,Groceries,369.4,640.2,201.44,0,344.4,0,
26-02-2021,Groceries,415.3,629.3,193.79,0,384.7,0,
27-02-2021,Groceries,389.3,638.6,198.83,0,365.1,0,
28-02-2021,Groceries,357.1,645.1,189.15,0,369.2,0,
01-03-2021,Groceries,321.5,660,186.3,0,334.8,0,
02-03-2021,Groceries,328.5,657.6,197.54,0,323.7,0,
03-03-2021,Groceries,364.8,650.5,195.61,0,355.8,0,
04-03-2021,Groceries,379.9,648.4,197.58,0,376.4,0,
05-03-2021,Groceries,413.2,645.5,203.47,0,410.1,0,
06-03-2021,Groceries,366.5,661.2,191.26,0,339.3,0,
07-03-2021,Groceries,317.3,679,196.26,0,318.2,0,
08-03-2021,Groceries,308.3,681.4,201.91,0,298.4,0,
09-03-2021,Groceries,478.5,676.9,191.83,1,467.8,0,
10-03-2021,Groceries,354.5,667.4,193.82,0,320.6,0,
11-03-2021,Groceries,386.7,665.3,189.18,0,392.3,0,
12-03-2021,Groceries,545.1,661.2,204.89,1,558.9,0,
13-03-2021,Groceries,377.3,663.8,187.47,0,374.6,0,
14-03-2021,Groceries,337.3,675.9,199.25,0,341.5,0,
15-03-2021,Groceries,319.2,684.8,190.94,0,312.3,0,
16-03-2021,Groceries,353.8,676.1,191.99,0,351.3,0,
17-03-2021,Groceries,370.8,675.6,200.29,0,355.6,0,
18-03-2021,Groceries,384,681.5,193.2,0,391.2,0,
19-03-2021,Groceries,593.6,674.4,198.67,1,576,0,
20-03-2021,Groceries,336.3,695.7,201.53,0,336.9,0,
21-03-2021,Groceries,323,701.3,196.9,0,320.8,0,
22-03-2021,Groceries,483,705.3,199.6,1,485.5,0,
23-03-2021,Groceries,309.8,708.3,196.43,0,315.3,0,
24-03-2021,Groceries,323.9,702.8,196.61,0,316.4,0,
25-03-2021,Groceries,377.8,688.2,193.62,0,386.1,0,
26-03-2021,Groceries,492.8,675.8,203.68,1,480.3,0,
27-03-2021,Groceries,357.9,685,199.03,0,373.5,0,
28-03-2021,Groceries,338,696.2,198.16,0,342.3,0,
29-03-2021,Groceries,308.9,710,199.14,0,285.9,0,
30-03-2021,Groceries,308.3,711.4,193.46,0,315.9,0,
31-03-2021,Groceries,353.2,695.7,199.77,0,347.1,0,
01-04-2021,Groceries,343.3,702.8,202.22,0,359.7,0,
02-04-2021,Groceries,,709.3,190.7,1,501.3,0,
03-04-2021,Groceries,329.4,711.1,198.24,0,300.6,0,
04-04-2021,Groceries,333.6,702.6,196.36,0,320,0,
05-04-2021,Groceries,303.2,713.9,194.08,0,296.4,0,
06-04-2021,Groceries,312.8,715.6,191.83,0,320.9,0,
07-04-2021,Groceries,356.7,705.4,200.24,0,360,0,
08-04-2021,Groceries,1447.8,718.4,196.93,0,324.3,1,demand_spike
09-04-2021,Groceries,379.6,714.2,195.3,0,378.8,0,
10-04-2021,Groceries,336.9,725.5,198.24,0,332.4,0,
11-04-2021,Groceries,304.8,736.1,195.61,0,280.1,0,
12-04-2021,Groceries,295,736.5,193.35,0,275.9,0,
13-04-2021,Groceries,302.5,729.2,196.62,0,287.7,0,
14-04-2021,Groceries,320.5,719,196,0,297.9,0,
15-04-2021,Groceries,357.3,711.5,189.16,0,329.6,0,
16-04-2021,Groceries,354.7,713.8,193.65,0,322.3,0,
17-04-2021,Groceries,331.3,725.3,191.16,0,341.6,0,
18-04-2021,Groceries,298.2,747.8,189.64,0,281.3,0,
19-04-2021,Groceries,288.8,753.2,197.95,0,272.5,0,
20-04-2021,Groceries,270.3,754.8,193.49,0,251.7,0,
21-04-2021,Groceries,372.4,751.3,200.2,1,361.7,0,
22-04-2021,Groceries,412.2,736.8,188.94,1,402.8,0,
23-04-2021,Groceries,352.7,740,194.95,0,328.4,0,
24-04-2021,Groceries,357.1,728.8,193.7,0,354,0,
25-04-2021,Groceries,293.2,745.2,189.93,0,295.6,0,
26-04-2021,Groceries,250.2,761.2,196.13,0,239.2,0,
27-04-2021,Groceries,392.7,761.2,190.27,1,387.9,0,
28-04-2021,Groceries,315.7,744.1,196.99,0,307.9,0,
29-04-2021,Groceries,316.2,739.6,198.94,0,293.9,0,
30-04-2021,Groceries,316.3,740.3,197.16,0,319.3,0,
01-05-2021,Groceries,326.1,747,197.66,0,332.7,0,
02-05-2021,Groceries,418.9,749.1,200.16,1,417.8,0,
03-05-2021,Groceries,245.5,761.9,196.01,0,232.9,0,
04-05-2021,Groceries,259.2,759.1,192.87,0,269.3,0,
05-05-2021,Groceries,315.3,738.3,193.73,0,305.3,0,
06-05-2021,Groceries,334,728.6,193.81,0,313.9,0,
07-05-2021,Groceries,308.8,735,192.02,0,296.9,0,
08-05-2021,Groceries,278,745.8,199.19,0,279,0,
09-05-2021,Groceries,397.4,743.8,198.18,1,408.1,0,
10-05-2021,Groceries,253.8,759.3,189.58,0,242,0,
11-05-2021,Groceries,266,758.7,192.87,0,248.6,0,
12-05-2021,Groceries,297.2,751.2,191.83,0,295.4,0,
13-05-2021,Groceries,298.2,756,197.36,0,309.6,0,
14-05-2021,Groceries,311.1,754.2,200.34,0,288.5,0,
15-05-2021,Groceries,285,759.8,197.87,0,290.8,0,
16-05-2021,Groceries,255.6,767.3,193.36,0,248.3,0,
17-05-2021,Groceries,257.5,761.1,194.86,0,262.7,0,
18-05-2021,Groceries,256.4,771.4,190.65,0,250.2,0,
19-05-2021,Groceries,255.8,776.3,190.95,0,244.7,0,
20-05-2021,Groceries,314.1,746,199.43,0,315.6,0,
21-05-2021,Groceries,303.4,755.9,201.78,0,314,0,
22-05-2021,Groceries,300.8,749.3,193.31,0,285.2,0,
23-05-2021,Groceries,244.6,768.8,196.3,0,237,0,
24-05-2021,Groceries,226.8,763.1,198.94,0,211.9,0,
25-05-2021,Groceries,249.3,754.2,189.59,0,231.2,0,
26-05-2021,Groceries,254,759.5,192,0,258.3,0,
27-05-2021,Groceries,290.8,755.4,203.93,0,270.5,0,
28-05-2021,Groceries,,759.6,192.36,0,287.5,0,
29-05-2021,Groceries,275.2,765.6,194.7,0,265.4,0,
30-05-2021,Groceries,250.6,765.9,193.75,0,263,0,
31-05-2021,Groceries,232.3,774.1,188.29,0,215.9,0,
01-06-2021,Groceries,231.9,778.5,196.44,0,212,0,
02-06-2021,Groceries,266.9,780.8,196.02,0,243.2,0,
03-06-2021,Groceries,288.9,771.1,196.82,0,296.2,0,
04-06-2021,Groceries,290.6,770.7,195.78,0,280.6,0,
05-06-2021,Groceries,263.7,779.1,194.31,0,237.5,0,
06-06-2021,Groceries,259,784,194.09,0,267,0,
07-06-2021,Groceries,,797.2,194.15,0,237.2,0,
08-06-2021,Groceries,214.2,807.2,192.24,0,218.7,0,
09-06-2021,Groceries,263.9,797.2,192.84,0,247.3,0,
10-06-2021,Groceries,292,781.4,192.3,0,279.1,0,
11-06-2021,Groceries,283.2,770.9,198.36,0,286.6,0,
12-06-2021,Groceries,265.3,773.7,197.32,0,258.3,0,
13-06-2021,Groceries,205.5,791.5,196.22,0,189.7,0,
14-06-2021,Groceries,204.6,788.7,203.73,0,191.6,0,
15-06-2021,Groceries,234.9,777.3,192.48,0,245.7,0,
16-06-2021,Groceries,235.7,775.4,200.5,0,217.5,0,
17-06-2021,Groceries,269.8,768,195.09,0,272.2,0,
18-06-2021,Groceries,265,764.3,196.73,0,257.5,0,
19-06-2021,Groceries,262.3,764.8,198.75,0,265.5,0,
20-06-2021,Groceries,235.1,772.6,194.24,0,234.9,0,
21-06-2021,Groceries,216.8,780.8,191.97,0,209.4,0,
22-06-2021,Groceries,199.3,791.9,192.62,0,189.9,0,
23-06-2021,Groceries,242.7,787.3,187.85,0,245.8,0,
24-06-2021,Groceries,289.4,769.5,198.49,0,274.5,0,
25-06-2021,Groceries,282.7,761.5,198.4,0,287.9,0,
26-06-2021,Groceries,254.4,768.8,202.33,0,254.9,0,
27-06-2021,Groceries,195.1,778.7,197.74,0,192.5,0,
28-06-2021,Groceries,201.3,790.5,198.68,0,192.3,0,
29-06-2021,Groceries,234.9,776,195.79,0,218.7,0,
30-06-2021,Groceries,255.2,772.8,197.94,0,256.9,0,
01-07-2021,Groceries,267.7,773.7,200.39,0,244.6,0,
02-07-2021,Groceries,256,778.9,196.83,0,267.7,0,
03-07-2021,Groceries,248.9,791.4,194.07,0,260.5,0,
04-07-2021,Groceries,230.2,796,195.25,0,211.7,0,
05-07-2021,Groceries,214.2,796.6,199.06,0,196.1,0,
06-07-2021,Groceries,210.7,793.3,194.19,0,202.7,0,
07-07-2021,Groceries,244,787,199.6,0,254.9,0,
08-07-2021,Groceries,255.8,782.5,203.6,0,245.6,0,
09-07-2021,Groceries,261,776.5,199.65,0,249.2,0,
10-07-2021,Groceries,237.4,785.8,199.05,0,238.7,0,
11-07-2021,Groceries,221.3,794.2,197.48,0,205.1,0,
12-07-2021,Groceries,211.5,798.5,193.07,0,201.9,0,
13-07-2021,Groceries,213.1,802.5,192.71,0,201.1,0,
14-07-2021,Groceries,302.3,803.9,192.67,1,299.4,0,
15-07-2021,Groceries,236.3,793,198.29,0,218.5,0,
16-07-2021,Groceries,275.9,785.2,194.59,0,271,0,
17-07-2021,Groceries,244,790.3,196,0,250.9,0,
18-07-2021,Groceries,215.6,793.2,197.76,0,210.6,0,
19-07-2021,Groceries,197.1,804.5,192.82,0,197.6,0,
20-07-2021,Groceries,226.2,794.1,194.15,0,206.1,0,
21-07-2021,Groceries,219.3,804.5,197.38,0,212.1,0,
22-07-2021,Groceries,268,794.1,194.97,0,245,0,
23-07-2021,Groceries,261.1,794.1,195.34,0,258.5,0,
24-07-2021,Groceries,216,810,192.06,0,203.5,0,
25-07-2021,Groceries,198.6,827.9,195.39,0,187.3,0,
26-07-2021,Groceries,183.9,836.1,202.59,0,167.6,0,
27-07-2021,Groceries,215.2,829.6,194.36,0,203.7,0,
28-07-2021,Groceries,243,818.3,191.62,0,237.1,0,
29-07-2021,Groceries,255.9,823.7,199.87,0,252.7,0,
30-07-2021,Groceries,249.3,832.2,198.17,0,226.8,0,
31-07-2021,Groceries,355.5,836.4,196.95,1,354.7,0,
01-08-2021,Groceries,227.2,845.3,190.94,0,221.2,0,
02-08-2021,Groceries,173.6,862.2,191.5,0,170.3,0,
03-08-2021,Groceries,197.5,850.8,190.08,0,202.4,0,
04-08-2021,Groceries,259.9,829.1,197.81,0,247.3,0,
05-08-2021,Groceries,243.3,838.5,200.11,0,225.3,0,
06-08-2021,Groceries,238.7,835.7,197.94,0,234.6,0,
07-08-2021,Groceries,213.7,837.7,203.76,0,222.6,0,
08-08-2021,Groceries,319.1,825.6,194.38,1,312,0,
09-08-2021,Groceries,198.7,838.6,194.85,0,203.7,0,
10-08-2021,Groceries,187.4,838.6,196.53,0,189.9,0,
11-08-2021,Groceries,223.5,825.5,195.21,0,218.5,0,
12-08-2021,Groceries,242.6,824.3,198.07,0,241.9,0,
13-08-2021,Groceries,281.1,828.9,193.61,1,270.1,0,
14-08-2021,Groceries,253.2,819.9,190.64,0,248,0,
15-08-2021,Groceries,271.2,829.6,189.1,1,264.7,0,
16-08-2021,Groceries,206.2,831.2,198,0,207.5,0,
17-08-2021,Groceries,202.6,831.9,194.05,0,194.8,0,
18-08-2021,Groceries,230.7,823.1,191.53,0,211.1,0,
19-08-2021,Groceries,,830.1,193.69,0,226.1,0,
20-08-2021,Groceries,275.3,815.1,203.77,0,276.1,0,
21-08-2021,Groceries,228.5,830.3,191.76,0,238.2,0,
22-08-2021,Groceries,204.1,844.7,198.97,0,196.8,0,
23-08-2021,Groceries,250.2,858,197.77,1,228.2,0,
24-08-2021,Groceries,175.6,856.5,201.38,0,161.2,0,
25-08-2021,Groceries,320,834.1,195.63,1,325.1,0,
26-08-2021,Groceries,249.2,824.8,189.99,0,226.8,0,
27-08-2021,Groceries,260.3,825.4,200.01,0,269.7,0,
28-08-2021,Groceries,223.5,838.3,195.13,0,210.6,0,
29-08-2021,Groceries,234.4,840.3,201.11,0,242.5,0,
30-08-2021,Groceries,209.4,845.8,199.32,0,212.7,0,
31-08-2021,Groceries,197.8,839.5,200.02,0,203.9,0,
01-09-2021,Groceries,228.6,823.5,205.4,0,213.1,0,
02-09-2021,Groceries,276.1,812,197.22,0,273.2,0,
03-09-2021,Groceries,267.1,820,201.77,0,244.2,0,
04-09-2021,Groceries,235.5,820,194.53,0,219.1,0,
05-09-2021,Groceries,,830.2,198.24,0,212.8,0,
06-09-2021,Groceries,192.9,842.1,194.14,0,195.1,0,
07-09-2021,Groceries,261.7,837.9,197.99,1,236.5,0,
08-09-2021,Groceries,242.2,823.9,197.58,0,250.8,0,
09-09-2021,Groceries,285.3,818.9,188.03,0,259.8,0,
10-09-2021,Groceries,306.9,816.9,193.72,0,293.5,0,
11-09-2021,Groceries,280.2,827.4,197.02,0,255.6,0,
12-09-2021,Groceries,231.3,838.4,187.26,0,234.9,0,
13-09-2021,Groceries,248.8,841.2,195.74,0,229.2,0,
14-09-2021,Groceries,231.1,846.6,200.07,0,238.7,0,
15-09-2021,Groceries,235.3,846.9,201.21,0,230.5,0,
16-09-2021,Groceries,278,834.4,193.05,0,289.8,0,
17-09-2021,Groceries,274.4,831.7,201.47,0,258.9,0,
18-09-2021,Groceries,248.8,841,200.85,0,240.9,0,
19-09-2021,Groceries,222.3,852.4,187.69,0,223.3,0,
20-09-2021,Groceries,220.7,850.7,196.57,0,226.2,0,
21-09-2021,Groceries,241.6,845.6,197,0,232.7,0,
22-09-2021,Groceries,435.5,836.4,202.07,1,450.3,0,
23-09-2021,Groceries,388.9,843.1,197.24,1,356.9,0,
24-09-2021,Groceries,287.5,835.2,201.58,0,289.3,0,
25-09-2021,Groceries,282.5,837.8,193.05,0,269,0,
26-09-2021,Groceries,250.1,849.7,189.85,0,228.8,0,
27-09-2021,Groceries,241.4,850.7,193.57,0,231.3,0,
28-09-2021,Groceries,232.4,849.3,202.3,0,239.8,0,
29-09-2021,Groceries,284.7,830.3,199.75,0,298.1,0,
30-09-2021,Groceries,292.9,829.9,205.22,0,280.9,0,
01-10-2021,Groceries,1246.4,823,190.45,0,322.1,1,demand_spike
02-10-2021,Groceries,278.4,831.8,200.2,0,271.8,0,
03-10-2021,Groceries,257.5,841.1,199.08,0,259.5,0,
04-10-2021,Groceries,216.5,858.5,195,0,196.4,0,
05-10-2021,Groceries,235.5,858.8,199.16,0,231.6,0,
06-10-2021,Groceries,271.9,844.8,196.66,0,247.6,0,
07-10-2021,Groceries,303.6,839.9,197.92,0,285.5,0,
08-10-2021,Groceries,349.5,836.5,198.78,0,344.3,0,
09-10-2021,Groceries,287.8,855.7,199.96,0,293.8,0,
10-10-2021,Groceries,,867.9,196.46,0,241.9,0,
11-10-2021,Groceries,274.8,857.8,203.09,0,285.9,0,
12-10-2021,Groceries,339.2,852.9,195.27,1,346.5,0,
13-10-2021,Groceries,267.6,858.9,203.5,0,247.1,0,
14-10-2021,Groceries,318.8,843.2,191.69,0,305.5,0,
15-10-2021,Groceries,332.1,838.4,192.25,0,332.2,0,
16-10-2021,Groceries,305.7,849.8,192.48,0,318.2,0,
17-10-2021,Groceries,349.7,861.1,199.87,1,366.6,0,
18-10-2021,Groceries,250.3,867.3,192.96,0,253.9,0,
19-10-2021,Groceries,274.9,857,201.96,0,271.1,0,
20-10-2021,Groceries,287.5,850.1,194.05,0,291.4,0,
21-10-2021,Groceries,283,862,197.68,0,266.3,0,
22-10-2021,Groceries,332.8,854.5,198.63,0,313.7,0,
23-10-2021,Groceries,437.7,871.2,192.13,1,436.9,0,
24-10-2021,Groceries,301.3,865.6,190.66,0,310.6,0,
25-10-2021,Groceries,253.3,878.7,197.22,0,264.8,0,
26-10-2021,Groceries,241.6,884,195.03,0,229.8,0,
27-10-2021,Groceries,279,883.9,198.07,0,284.5,0,
28-10-2021,Groceries,331.9,869.4,190.84,0,341.1,0,
29-10-2021,Groceries,343.1,868.6,194.72,0,340.9,0,
30-10-2021,Groceries,303.2,867.9,195.4,0,288.7,0,
31-10-2021,Groceries,281,875.8,186.55,0,279,0,
01-11-2021,Groceries,280.4,869,200.02,0,276.9,0,
02-11-2021,Groceries,302.7,859.9,193.14,0,300,0,
03-11-2021,Groceries,297.9,861.6,201.99,0,295.7,0,
04-11-2021,Groceries,348.7,844.8,193.4,0,358.1,0,
05-11-2021,Groceries,325.3,848.7,194.07,0,301.1,0,
06-11-2021,Groceries,339.3,841.3,191.24,0,324,0,
07-11-2021,Groceries,318.6,846.5,200.61,0,314.7,0,
08-11-2021,Groceries,298.8,851.1,197.9,0,281.6,0,
09-11-2021,Groceries,313.6,846.8,201.61,0,328.3,0,
10-11-2021,Groceries,340,838.6,195.3,0,319.4,0,
11-11-2021,Groceries,380.9,832.7,195.95,0,369.6,0,
12-11-2021,Groceries,363.1,827.8,189.52,0,374.6,0,
13-11-2021,Groceries,372.4,826.2,193.67,0,339.7,0,
14-11-2021,Groceries,304,847.1,196.78,0,311,0,
15-11-2021,Groceries,298.5,848.1,197.63,0,294.2,0,
16-11-2021,Groceries,307.7,841.8,203.27,0,278.4,0,
17-11-2021,Groceries,321.3,548.4,188.85,0,332.7,0,
18-11-2021,Groceries,329.1,541.5,197.01,0,298.2,0,
19-11-2021,Groceries,384.7,531.2,194.64,0,28.9,1,supplier_delay
20-11-2021,Groceries,341.7,541,196.41,0,310,0,
21-11-2021,Groceries,322.3,542.5,196.52,0,293.5,0,
22-11-2021,Groceries,453.4,833.8,195.36,1,468.4,0,
23-11-2021,Groceries,328,835.4,191.67,0,332.9,0,
24-11-2021,Groceries,372.6,822.2,190.94,0,346.3,0,
25-11-2021,Groceries,375.9,827.9,195.08,0,373.3,0,
26-11-2021,Groceries,390.1,834.4,190.54,0,397.6,0,
27-11-2021,Groceries,361.9,837.2,195.67,0,374,0,
28-11-2021,Groceries,325.6,845.2,195.12,0,315.9,0,
29-11-2021,Groceries,329.8,843.4,186.5,0,341.2,0,
30-11-2021,Groceries,323,841.8,203.7,0,315.3,0,
01-12-2021,Groceries,366.1,833,196.42,0,367.3,0,
02-12-2021,Groceries,375.3,826,186.55,0,392.9,0,
03-12-2021,Groceries,388.9,828.3,197.08,0,363.8,0,
04-12-2021,Groceries,373.5,836,195.32,0,345.6,0,
05-12-2021,Groceries,363.5,844.8,190.95,0,345.8,0,
06-12-2021,Groceries,324.7,852.2,197.33,0,300.3,0,
07-12-2021,Groceries,356.2,840.9,192.42,0,335.8,0,
08-12-2021,Groceries,352.4,846.5,196.87,0,356.5,0,
09-12-2021,Groceries,396.9,836.7,193.36,0,385.6,0,
10-12-2021,Groceries,390.3,837.3,192.56,0,373.3,0,
11-12-2021,Groceries,400.3,833.5,196.05,0,382.4,0,
12-12-2021,Groceries,344.3,848.2,189.75,0,319.9,0,
13-12-2021,Groceries,329.2,851.9,195.79,0,318.3,0,
14-12-2021,Groceries,328.8,847.2,198.69,0,326.7,0,
15-12-2021,Groceries,375.8,827.4,201.1,0,346.1,0,
16-12-2021,Groceries,410,822.1,200.38,0,428.9,0,
17-12-2021,Groceries,416,819.3,201.42,0,402,0,
18-12-2021,Groceries,389.9,832.9,194.33,0,406.4,0,
19-12-2021,Groceries,354.8,555.1,192.1,0,326.4,0,
20-12-2021,Groceries,343.6,558.3,199.31,0,348.8,0,
21-12-2021,Groceries,351.6,554.4,194.09,0,51.3,1,supplier_delay
22-12-2021,Groceries,385.8,543.7,196.14,0,394.7,0,
23-12-2021,Groceries,411.6,537.1,199.04,0,407.6,0,
24-12-2021,Groceries,442,817.6,204.04,0,461.7,0,
25-12-2021,Groceries,400,834.6,198.19,0,397.7,0,
26-12-2021,Groceries,377.1,838.8,196.92,0,383.8,0,
27-12-2021,Groceries,355.9,842.9,191.72,0,367.2,0,
28-12-2021,Groceries,357.4,837.8,200.7,0,359.9,0,
29-12-2021,Groceries,394.2,819,197.72,0,385.7,0,
30-12-2021,Groceries,409.5,814.9,194.75,0,385.3,0,
31-12-2021,Groceries,422.1,819.8,194.35,0,434,0,
01-01-2022,Groceries,423,828.2,194.52,0,411.2,0,
02-01-2022,Groceries,370.9,846.9,196.29,0,368.4,0,
03-01-2022,Groceries,366.8,845.1,190.39,0,334.4,0,
04-01-2022,Groceries,331.6,848.4,200.89,0,323.2,0,
05-01-2022,Groceries,392.1,835.5,200.17,0,394,0,
06-01-2022,Groceries,569.7,831.1,195.46,1,562.7,0,
07-01-2022,Groceries,430.3,824.7,194.53,0,416.2,0,
08-01-2022,Groceries,407.9,829,196.02,0,380.8,0,
09-01-2022,Groceries,385.5,838.7,196.69,0,364.9,0,
10-01-2022,Groceries,360.6,842,194.94,0,362.5,0,
11-01-2022,Groceries,378.9,837.7,200.03,0,353.8,0,
12-01-2022,Groceries,374.4,833,190.53,0,371.9,0,
13-01-2022,Groceries,427.8,828.1,193.32,0,422.8,0,
14-01-2022,Groceries,419.3,827.2,199.16,0,438.4,0,
15-01-2022,Groceries,433,826.4,197.39,0,393.7,0,
16-01-2022,Groceries,373.6,838.2,193.45,0,342.3,0,
17-01-2022,Groceries,,834,197.69,0,375.7,0,
18-01-2022,Groceries,377,840.8,193,0,369.1,0,
19-01-2022,Groceries,376.4,846.4,194.9,0,341.1,0,
20-01-2022,Groceries,416.8,838.2,200.21,0,426.7,0,
21-01-2022,Groceries,449.1,827.8,199.77,0,437.5,0,
22-01-2022,Groceries,430.7,830,197.25,0,410.1,0,
23-01-2022,Groceries,371.6,842.3,191.99,0,352.2,0,
24-01-2022,Groceries,396.3,842.4,194.63,0,407.9,0,
25-01-2022,Groceries,379.6,848,196.49,0,352.8,0,
26-01-2022,Groceries,419.1,837.5,201.82,0,387.3,0,
27-01-2022,Groceries,414.3,844.8,189.12,0,386.1,0,
28-01-2022,Groceries,432.1,842.4,192.69,0,429.4,0,
29-01-2022,Groceries,427.3,843.2,200.54,0,436.6,0,
30-01-2022,Groceries,388.1,858.7,201.45,0,368.5,0,
31-01-2022,Groceries,331.9,872.4,195.84,0,307.3,0,
01-02-2022,Groceries,378.7,850.6,202.15,0,352.7,0,
02-02-2022,Groceries,378.5,857.8,193.24,0,375.8,0,
03-02-2022,Groceries,417.6,843.3,190.2,0,391.3,0,
04-02-2022,Groceries,419.2,841.3,199.21,0,432.4,0,
05-02-2022,Groceries,438.8,834.4,201.19,0,401.8,0,
06-02-2022,Groceries,414.8,838.5,201.13,0,375.4,0,
07-02-2022,Groceries,380.6,854.3,192.73,0,347.6,0,
08-02-2022,Groceries,378.6,856.8,196.9,0,388.7,0,
09-02-2022,Groceries,408.2,846.4,199.41,0,407.2,0,
10-02-2022,Groceries,450.2,827.4,197.3,0,469.9,0,
11-02-2022,Groceries,410.5,840.8,201.79,0,390.2,0,
12-02-2022,Groceries,406,830,194.53,0,378.3,0,
13-02-2022,Groceries,407.9,830.5,195.84,0,401.5,0,
14-02-2022,Groceries,392.9,841.7,197.04,0,385.3,0,
15-02-2022,Groceries,389.9,843,199.38,0,385.5,0,
16-02-2022,Groceries,391.4,848.6,195.35,0,372.7,0,
17-02-2022,Groceries,447.1,825.7,199.75,0,402.7,0,
18-02-2022,Groceries,458.7,832.4,202.41,0,415.2,0,
19-02-2022,Groceries,526.8,846.2,194.08,1,526.6,0,
20-02-2022,Groceries,354.6,871.5,195.47,0,347,0,
21-02-2022,Groceries,375.1,862.4,199.91,0,383.8,0,
22-02-2022,Groceries,387.9,854.7,203.68,0,366.6,0,
23-02-2022,Groceries,397.1,851.6,198.61,0,406,0,
24-02-2022,Groceries,433,846.8,193.03,0,417.3,0,
25-02-2022,Groceries,428.6,841.6,196.89,0,391.9,0,
26-02-2022,Groceries,541.2,848.7,199.88,1,566.5,0,
27-02-2022,Groceries,1442.4,850.6,192.93,0,401.5,1,demand_spike
28-02-2022,Groceries,,866.5,191.88,0,371.5,0,
01-03-2022,Groceries,359.9,874.2,194.76,0,360.1,0,
02-03-2022,Groceries,381.2,860.7,198.7,0,363.8,0,
03-03-2022,Groceries,,856.5,190.74,0,419.2,0,
04-03-2022,Groceries,420,855.1,193.4,0,432.9,0,
05-03-2022,Groceries,416.4,850.7,197.19,0,398.9,0,
06-03-2022,Groceries,392.1,857.9,200.39,0,391.5,0,
07-03-2022,Groceries,373.6,853.7,197.25,0,378.7,0,
08-03-2022,Groceries,361.1,860.3,197.58,0,335.3,0,
09-03-2022,Groceries,410.9,844.7,200.06,0,390.3,0,
10-03-2022,Groceries,440.6,829.5,202.38,0,403.7,0,
11-03-2022,Groceries,424.3,832.9,201.94,0,420.2,0,
12-03-2022,Groceries,394.3,838.4,188.11,0,402.2,0,
13-03-2022,Groceries,381.6,839,196.5,0,378.4,0,
14-03-2022,Groceries,393.4,824.1,199.69,0,364.6,0,
15-03-2022,Groceries,351.4,828.3,202.78,0,345.1,0,
16-03-2022,Groceries,384.3,817.3,198.63,0,394,0,
17-03-2022,Groceries,417.9,805.2,192.74,0,395.1,0,
18-03-2022,Groceries,430.6,806.3,193.26,0,441.4,0,
19-03-2022,Groceries,374.6,820,193.37,0,381.2,0,
20-03-2022,Groceries,393.6,811.6,197.32,0,355.6,0,
21-03-2022,Groceries,374.7,814.9,194.23,0,350.7,0,
22-03-2022,Groceries,354.8,819.9,184.17,0,348.2,0,
23-03-2022,Groceries,425.9,799,191.49,0,429.2,0,
24-03-2022,Groceries,429,796,194.37,0,442.7,0,
25-03-2022,Groceries,433.6,797.5,190.77,0,432,0,
26-03-2022,Groceries,415,814.6,191.35,0,397.1,0,
27-03-2022,Groceries,384.9,819.5,204.16,0,357,0,
28-03-2022,Groceries,348.6,832.4,196.08,0,353.4,0,
29-03-2022,Groceries,352.5,831.3,194.6,0,328.1,0,
30-03-2022,Groceries,365.1,630.3,198.73,0,366.7,0,
31-03-2022,Groceries,395.3,624.2,200.61,0,366.5,0,
01-04-2022,Groceries,404.5,619.4,204.9,0,43.9,1,supplier_delay
02-04-2022,Groceries,391.2,618,202.8,0,366.8,0,
03-04-2022,Groceries,384,622,197.82,0,362,0,
04-04-2022,Groceries,378.7,838.4,190.1,1,377.6,0,
05-04-2022,Groceries,366.6,827.4,192.18,0,338.8,0,
06-04-2022,Groceries,356.5,833.2,194.54,0,370.6,0,
07-04-2022,Groceries,394.6,822.2,198.1,0,387.9,0,
08-04-2022,Groceries,390.7,816.9,196.48,0,380.4,0,
09-04-2022,Groceries,409.7,814.5,190.34,0,395.4,0,
10-04-2022,Groceries,345.1,842,189.64,0,339.9,0,
11-04-2022,Groceries,341.1,841.1,197.13,0,308.2,0,
12-04-2022,Groceries,347.1,835.6,196.59,0,363.9,0,
13-04-2022,Groceries,346.1,835.4,195.29,0,340.4,0,
14-04-2022,Groceries,386.4,825.6,198.01,0,349.8,0,
15-04-2022,Groceries,410.8,815.7,201.01,0,406.1,0,
16-04-2022,Groceries,361,835.1,197.33,0,348.6,0,
17-04-2022,Groceries,356.3,846.1,192.42,0,321.9,0,
18-04-2022,Groceries,320,858.6,203.63,0,332.4,0,
19-04-2022,Groceries,347.2,848.8,195.42,0,313.1,0,
20-04-2022,Groceries,380.4,841,196.31,0,375.4,0,
21-04-2022,Groceries,349.6,856.2,193.55,0,365,0,
22-04-2022,Groceries,364.6,852.5,191.9,0,341.1,0,
23-04-2022,Groceries,358.7,856.7,192.22,0,336.5,0,
24-04-2022,Groceries,462.2,860.7,191.36,1,416,0,
25-04-2022,Groceries,323.9,866.3,184.31,0,294.8,0,
26-04-2022,Groceries,302.8,874.9,195.5,0,274.5,0,
27-04-2022,Groceries,355.7,852.3,200.44,0,364.1,0,
28-04-2022,Groceries,356.8,848.7,192.25,0,365.9,0,
29-04-2022,Groceries,388.2,845,206.15,0,391.7,0,
30-04-2022,Groceries,364.1,856.6,201.55,0,347,0,
01-05-2022,Groceries,312.6,870.7,196.04,0,319.9,0,
02-05-2022,Groceries,375.3,881.2,191.76,1,368.2,0,
03-05-2022,Groceries,330.2,867.4,189.85,0,312.2,0,
04-05-2022,Groceries,308.7,872.8,195.67,0,298.1,0,
05-05-2022,Groceries,365.6,857.1,196.38,0,332.7,0,
06-05-2022,Groceries,349.9,847.8,195.31,0,364.5,0,
07-05-2022,Groceries,548.9,847.9,200.31,1,545,0,
08-05-2022,Groceries,323.8,849.2,201.99,0,327,0,
09-05-2022,Groceries,327.6,842.5,197.97,0,328.1,0,
10-05-2022,Groceries,302.6,848.7,198.18,0,302.7,0,
11-05-2022,Groceries,349.2,825.6,194.88,0,315.2,0,
12-05-2022,Groceries,339.7,824.4,196.1,0,332.5,0,
13-05-2022,Groceries,349.8,812.3,197.73,0,358,0,
14-05-2022,Groceries,346.7,813.9,194.87,0,314.3,0,
15-05-2022,Groceries,311,825.1,198.71,0,324.5,0,
16-05-2022,Groceries,399,831.5,191.97,1,384.5,0,
17-05-2022,Groceries,288.7,835,193.24,0,272.4,0,
18-05-2022,Groceries,338.2,818.7,192.01,0,331.4,0,
19-05-2022,Groceries,338.9,818.4,193.49,0,345.7,0,
20-05-2022,Groceries,333.2,815.6,194.99,0,323.6,0,
21-05-2022,Groceries,316.5,516.7,200.15,0,315.5,0,
22-05-2022,Groceries,309.1,517.6,196.28,0,301.4,0,
23-05-2022,Groceries,313.4,515.9,191.08,0,30.5,1,supplier_delay
24-05-2022,Groceries,277.5,528.3,190.62,0,255.5,0,
25-05-2022,Groceries,541,518.1,194.48,1,490.1,0,
26-05-2022,Groceries,334.3,811.5,199.39,0,307.7,0,
27-05-2022,Groceries,335.5,811.8,201.62,0,316.3,0,
28-05-2022,Groceries,307.1,824.8,189.88,0,288.1,0,
29-05-2022,Groceries,370,833.2,197.58,1,367.2,0,
30-05-2022,Groceries,260.5,849.8,194.54,0,252.2,0,
31-05-2022,Groceries,264.5,616.4,194.84,0,239.6,0,
01-06-2022,Groceries,277.1,617.2,191.94,0,250.9,0,
02-06-2022,Groceries,352.3,599.2,195.25,0,61.3,1,supplier_delay
03-06-2022,Groceries,347.2,601.1,191.76,0,330.8,0,
04-06-2022,Groceries,316.5,605.8,195.07,0,285.1,0,
05-06-2022,Groceries,1259.6,840,200.62,0,273.3,1,demand_spike
06-06-2022,Groceries,263.6,846.2,198.59,0,251.5,0,
07-06-2022,Groceries,257.5,851,203.62,0,253.2,0,
08-06-2022,Groceries,277,845.4,198.18,0,279.2,0,
09-06-2022,Groceries,329.1,817.4,196.8,0,308.6,0,
10-06-2022,Groceries,320,819.7,198.28,0,295.5,0,
11-06-2022,Groceries,309.7,830.1,193.07,0,291.7,0,
12-06-2022,Groceries,874.9,847.4,187.93,0,225.7,1,demand_spike
13-06-2022,Groceries,251.7,854.6,199.24,0,231.1,0,
14-06-2022,Groceries,244.7,856.1,189.07,0,247.8,0,
15-06-2022,Groceries,293.7,833.5,200.51,0,274.2,0,
16-06-2022,Groceries,465.9,821.7,199.06,1,488.8,0,
17-06-2022,Groceries,338.5,815.2,192.78,0,313.1,0,
18-06-2022,Groceries,288.8,828.9,194.4,0,294.1,0,
19-06-2022,Groceries,368.7,834.1,196.07,1,370.8,0,
20-06-2022,Groceries,243.6,836.5,192.5,0,231,0,
21-06-2022,Groceries,,834.5,198.23,0,232.6,0,
22-06-2022,Groceries,,828.4,198.58,0,282.2,0,
23-06-2022,Groceries,284.5,823,190.45,0,292.4,0,
24-06-2022,Groceries,284.9,824.1,192.89,0,272.9,0,
25-06-2022,Groceries,287,825.5,195.97,0,260.9,0,
26-06-2022,Groceries,,833.5,200.59,0,261.4,0,
27-06-2022,Groceries,228.8,845,198.67,0,213.1,0,
28-06-2022,Groceries,262.2,836.1,186.97,0,272.9,0,
29-06-2022,Groceries,280.1,832.5,194.97,0,281.4,0,
30-06-2022,Groceries,,811.5,197.97,0,292.9,0,
01-07-2022,Groceries,293.7,818.6,192.98,0,277.2,0,
02-07-2022,Groceries,263.3,827.5,192.67,0,238.9,0,
03-07-2022,Groceries,266.5,827,193.18,0,273.1,0,
04-07-2022,Groceries,243.3,834.3,194.91,0,252.1,0,
05-07-2022,Groceries,248,835.1,192.27,0,227.3,0,
06-07-2022,Groceries,254.7,842.7,198.7,0,246.1,0,
07-07-2022,Groceries,306.9,824.1,192.74,0,319.1,0,
08-07-2022,Groceries,292,830.5,192.05,0,269.1,0,
09-07-2022,Groceries,285.9,838.8,194.55,0,269.8,0,
10-07-2022,Groceries,247,841.5,201.92,0,233.5,0,
11-07-2022,Groceries,240.6,844.8,198.17,0,217.6,0,
12-07-2022,Groceries,223.7,841.4,198.42,0,202.5,0,
13-07-2022,Groceries,274.1,837.2,197.24,0,285.9,0,
14-07-2022,Groceries,458.4,831.5,192.4,1,451.9,0,
15-07-2022,Groceries,299.8,834.1,193.6,0,283.6,0,
16-07-2022,Groceries,304.2,823.4,192.94,0,291,0,
17-07-2022,Groceries,253.9,836,200.4,0,255.8,0,
18-07-2022,Groceries,246.2,835.8,197.27,0,235.2,0,
19-07-2022,Groceries,240.1,846.4,189.58,0,224.3,0,
20-07-2022,Groceries,276.6,839.1,201.81,0,253.1,0,
21-07-2022,Groceries,267.2,833.7,194.81,0,269.7,0,
22-07-2022,Groceries,296.5,419.6,198.68,0,274.9,0,
23-07-2022,Groceries,261.3,421.2,200.24,0,237.9,0,
24-07-2022,Groceries,251.2,418.6,186.07,0,31.8,1,supplier_delay
25-07-2022,Groceries,236.8,421.9,197.9,0,214.5,0,
26-07-2022,Groceries,249.3,421.9,195.12,0,260.4,0,
27-07-2022,Groceries,270.3,827.7,186.62,0,268.7,0,
28-07-2022,Groceries,283.8,833.1,191.67,0,261.9,0,
29-07-2022,Groceries,284,834.9,194.33,0,262.9,0,
30-07-2022,Groceries,242.6,848.1,199.43,0,239.1,0,
31-07-2022,Groceries,249.5,840,195.42,0,237.9,0,
01-08-2022,Groceries,247.5,844.9,196.7,0,251.5,0,
02-08-2022,Groceries,238.7,839.3,194.72,0,234.4,0,
03-08-2022,Groceries,261.7,842.4,200.38,0,252.6,0,
04-08-2022,Groceries,291,838,198.16,0,303.9,0,
05-08-2022,Groceries,289.7,852.4,196.75,0,277.7,0,
06-08-2022,Groceries,280.5,857.1,191.63,0,269.3,0,
07-08-2022,Groceries,243.1,872.9,196.58,0,243.1,0,
08-08-2022,Groceries,218.2,879,207.03,0,222.8,0,
09-08-2022,Groceries,236.9,873.1,199.23,0,235.5,0,
10-08-2022,Groceries,262.6,860.2,193.21,0,263.9,0,
11-08-2022,Groceries,317.9,836.4,203.38,0,303.9,0,
12-08-2022,Groceries,284.9,847.2,193.04,0,276.9,0,
13-08-2022,Groceries,276.9,849.3,198.92,0,257.4,0,
14-08-2022,Groceries,247.1,852.9,195.93,0,247.6,0,
15-08-2022,Groceries,226.8,854.5,196.83,0,211.6,0,
16-08-2022,Groceries,247.7,573.1,196.97,0,223,0,
17-08-2022,Groceries,299.4,558.9,195.14,0,311.4,0,
18-08-2022,Groceries,287.9,562.5,194.59,0,23.9,1,supplier_delay
19-08-2022,Groceries,307.1,555,190.95,0,285.4,0,
20-08-2022,Groceries,253.8,566.6,191.7,0,238.6,0,
21-08-2022,Groceries,248,834.8,197.42,0,235.5,0,
22-08-2022,Groceries,259.5,825.7,193.44,0,252,0,
23-08-2022,Groceries,242.6,818.9,192.55,0,220.9,0,
24-08-2022,Groceries,277.2,807.7,207.2,0,251.7,0,
25-08-2022,Groceries,287,812.1,205.88,0,270.9,0,
26-08-2022,Groceries,307,813,198.39,0,289.9,0,
27-08-2022,Groceries,310.1,813.8,198.94,0,284.5,0,
28-08-2022,Groceries,240.8,824.5,192.93,0,231.3,0,
29-08-2022,Groceries,359,819.1,191.47,1,338.4,0,
30-08-2022,Groceries,225,834.6,194.78,0,203.4,0,
31-08-2022,Groceries,267.2,819.9,196.12,0,276,0,
01-09-2022,Groceries,288.6,819.5,198.91,0,298.1,0,
02-09-2022,Groceries,304,818,188.94,0,283.2,0,
03-09-2022,Groceries,278.4,835.5,204.54,0,257.4,0,
04-09-2022,Groceries,249.4,837.1,197.09,0,245,0,
05-09-2022,Groceries,228.5,836.8,190.03,0,227.3,0,
06-09-2022,Groceries,262.8,820.7,196.73,0,274.2,0,
07-09-2022,Groceries,276.4,815.2,192.58,0,264.5,0,
08-09-2022,Groceries,299.3,816.3,192.3,0,297.1,0,
09-09-2022,Groceries,318.1,807.5,191.95,0,328.2,0,
10-09-2022,Groceries,274.9,817.4,195.11,0,266,0,
11-09-2022,Groceries,273.8,819.9,204.36,0,251.5,0,
12-09-2022,Groceries,251,830.9,196.48,0,240.1,0,
13-09-2022,Groceries,258.8,817.4,198.84,0,238.2,0,
14-09-2022,Groceries,294.2,812,199.8,0,265.5,0,
15-09-2022,Groceries,1848.5,795.7,195.55,1,474.3,1,demand_spike
16-09-2022,Groceries,451.9,798.8,191.56,1,422.9,0,
17-09-2022,Groceries,301.1,813.2,189.84,0,271,0,
18-09-2022,Groceries,259,824.8,194.59,0,266.9,0,
19-09-2022,Groceries,224.3,827.5,200.6,0,216.8,0,
20-09-2022,Groceries,269,806.7,199.78,0,251.7,0,
21-09-2022,Groceries,275.5,804.6,197.12,0,258.8,0,
22-09-2022,Groceries,283.5,800.6,197.64,0,265.4,0,
23-09-2022,Groceries,323.4,788.9,195.58,0,300.5,0,
24-09-2022,Groceries,315.4,789.3,194.23,0,323.7,0,
25-09-2022,Groceries,295.4,801.5,193.22,0,273.4,0,
26-09-2022,Groceries,283.4,805.2,190.34,0,279,0,
27-09-2022,Groceries,288.3,794.9,203.16,0,262.8,0,
28-09-2022,Groceries,315.7,790.8,196.79,0,329.1,0,
29-09-2022,Groceries,307.8,802.7,194.38,0,304.9,0,
30-09-2022,Groceries,334.9,795.3,203.26,0,346.8,0,
01-10-2022,Groceries,329.1,798.3,204.01,0,315.8,0,
02-10-2022,Groceries,293.8,804.9,206.88,0,300.2,0,
03-10-2022,Groceries,274.3,809.6,195.14,0,282,0,
04-10-2022,Groceries,284.7,809,196.53,0,286.2,0,
05-10-2022,Groceries,315,805.5,198.67,0,287.9,0,
06-10-2022,Groceries,337.4,801,202.63,0,304.5,0,
07-10-2022,Groceries,333.8,811.2,196.36,0,308.9,0,
08-10-2022,Groceries,304.7,820.5,192.26,0,279.6,0,
09-10-2022,Groceries,377.2,816.4,193.16,1,380.5,0,
10-10-2022,Groceries,286.9,814.7,200.73,0,282.1,0,
11-10-2022,Groceries,294.5,818.6,198.55,0,288.2,0,
12-10-2022,Groceries,335.1,811.5,195.44,0,314.3,0,
13-10-2022,Groceries,364.9,794.3,195.18,0,336.9,0,
14-10-2022,Groceries,488.4,796.4,195.44,1,454.7,0,
15-10-2022,Groceries,338.2,800.4,200.97,0,324.7,0,
16-10-2022,Groceries,320.8,801.8,193.02,0,324.4,0,
17-10-2022,Groceries,465.4,800.4,191.36,1,436.6,0,
18-10-2022,Groceries,297.2,798,203.24,0,298.7,0,
19-10-2022,Groceries,340.8,780.2,196.21,0,331.8,0,
20-10-2022,Groceries,356.2,768.6,195.8,0,367.9,0,
21-10-2022,Groceries,364.3,770.3,198.75,0,340.6,0,
22-10-2022,Groceries,356.2,774.2,192.24,0,344.7,0,
23-10-2022,Groceries,318.2,783.3,199.06,0,291,0,
24-10-2022,Groceries,483.2,776.1,194.61,1,459.2,0,
25-10-2022,Groceries,318.5,771.3,200.53,0,310.8,0,
26-10-2022,Groceries,353.5,763.4,190.1,0,357,0,
27-10-2022,Groceries,515.5,751.9,197.88,1,479.3,0,
28-10-2022,Groceries,380.6,745.9,195.21,0,355,0,
29-10-2022,Groceries,321.7,762.9,193.35,0,320,0,
30-10-2022,Groceries,336.7,760.1,199.14,0,322.3,0,
31-10-2022,Groceries,458.6,754.3,195.53,1,445.9,0,
01-11-2022,Groceries,333.5,757.8,197.94,0,342,0,
02-11-2022,Groceries,337.8,750.3,201.08,0,329.3,0,
03-11-2022,Groceries,347.9,745.1,199.22,0,347.2,0,
04-11-2022,Groceries,,735.7,191.88,0,398.5,0,
05-11-2022,Groceries,352.7,750.2,193.99,0,360,0,
06-11-2022,Groceries,361.7,753,197.92,0,360.2,0,
07-11-2022,Groceries,318.7,773.7,199.23,0,290,0,
08-11-2022,Groceries,320,766,194.58,0,304.4,0,
09-11-2022,Groceries,,756.2,196.89,0,385.5,0,
10-11-2022,Groceries,398.9,753.4,196.87,0,370.8,0,
11-11-2022,Groceries,405.9,749.5,197.41,0,401.1,0,
12-11-2022,Groceries,508.1,753.1,191.49,1,521.5,0,
13-11-2022,Groceries,343.7,757.1,190.56,0,339.6,0,
14-11-2022,Groceries,315.2,769.5,187.25,0,301.3,0,
15-11-2022,Groceries,339.9,425.9,196.53,0,310,0,
16-11-2022,Groceries,356,425.9,190.76,0,339.8,0,
17-11-2022,Groceries,406.7,413.3,204.5,0,42.6,1,supplier_delay
18-11-2022,Groceries,421,414.8,198.68,0,439.6,0,
19-11-2022,Groceries,394.3,420.5,191.48,0,397.1,0,
20-11-2022,Groceries,364.5,753.8,200.57,0,369,0,
21-11-2022,Groceries,343.5,756.1,200.58,0,331.6,0,
22-11-2022,Groceries,370.4,741.3,200.89,0,339.5,0,
23-11-2022,Groceries,356.1,736.8,192.95,0,334.8,0,
24-11-2022,Groceries,392.6,731.3,198.92,0,368.7,0,
25-11-2022,Groceries,445.2,718.8,200.96,0,433.2,0,
26-11-2022,Groceries,383.2,740.9,202.28,0,371.4,0,
27-11-2022,Groceries,382.3,742.6,190.14,0,369,0,
28-11-2022,Groceries,368.9,749.4,195.26,0,359.5,0,
29-11-2022,Groceries,337.3,757.4,192.8,0,353.5,0,
30-11-2022,Groceries,367.4,750.2,203.43,0,347.1,0,
01-12-2022,Groceries,438.9,724.5,198.04,0,435.5,0,
02-12-2022,Groceries,541.6,730.4,199.61,1,506.9,0,
03-12-2022,Groceries,397.4,750.4,197.98,0,385.5,0,
04-12-2022,Groceries,376.3,757,197.59,0,350,0,
05-12-2022,Groceries,353.2,754.1,192.73,0,347.4,0,
06-12-2022,Groceries,382.9,743.1,194.36,0,359.9,0,
07-12-2022,Groceries,384.8,737.2,196.4,0,348.5,0,
08-12-2022,Groceries,400.4,733.4,193.57,0,409.3,0,
09-12-2022,Groceries,454.1,712.8,192.85,0,417.4,0,
10-12-2022,Groceries,403.7,726.9,195.31,0,385.6,0,
11-12-2022,Groceries,381.9,729.7,193.74,0,371,0,
12-12-2022,Groceries,388.6,728.7,196.31,0,374.9,0,
13-12-2022,Groceries,385,726.6,194.38,0,388.4,0,
14-12-2022,Groceries,427.4,715.7,193.43,0,422.9,0,
15-12-2022,Groceries,450.4,718.5,192.48,0,425.3,0,
16-12-2022,Groceries,1864.3,716.2,196.14,0,398.3,1,demand_spike
17-12-2022,Groceries,443.9,718.3,199.6,0,450.6,0,
18-12-2022,Groceries,403.7,718.1,198.67,0,384.7,0,
19-12-2022,Groceries,375.6,725.4,190.13,0,388.2,0,
20-12-2022,Groceries,396.2,720.3,199.49,0,380.1,0,
21-12-2022,Groceries,566.5,715.6,198.64,1,570.9,0,
22-12-2022,Groceries,458,689.1,199.59,0,476.8,0,
23-12-2022,Groceries,463.6,687.3,200.36,0,462.5,0,
24-12-2022,Groceries,438.1,702.6,193.26,0,421.4,0,
25-12-2022,Groceries,380.3,719.2,194.94,0,374.6,0,
26-12-2022,Groceries,408.8,713.4,203.14,0,401.2,0,
27-12-2022,Groceries,405.6,720,202.9,0,400.6,0,
28-12-2022,Groceries,425.5,726.4,195.81,0,392.4,0,
29-12-2022,Groceries,450,713.8,198.48,0,452.1,0,
30-12-2022,Groceries,452,708.4,198.82,0,416.6,0,
31-12-2022,Groceries,437.9,711.2,203.01,0,395,0,
01-01-2023,Groceries,426.5,717.7,197.47,0,423.8,0,
02-01-2023,Groceries,390.5,716.9,191.36,0,358.3,0,
03-01-2023,Groceries,401.3,716.9,194.25,0,407.5,0,
04-01-2023,Groceries,430.1,709,208.41,0,442.9,0,
01-01-2020,Office Supplies,222.9,459.3,42.97,0,204.2,0,
02-01-2020,Office Supplies,244.1,448.1,44.15,0,244,0,
03-01-2020,Office Supplies,256.2,442,43.77,0,250.8,0,
04-01-2020,Office Supplies,223.4,448.6,41.89,0,218.3,0,
05-01-2020,Office Supplies,203.5,440.9,41.18,0,193.6,0,
06-01-2020,Office Supplies,171,450.4,42.79,0,160.9,0,
07-01-2020,Office Supplies,756.8,447.4,42.04,0,192.5,1,demand_spike
08-01-2020,Office Supplies,218.2,438.1,42.14,0,222.9,0,
09-01-2020,Office Supplies,,438.9,41.95,0,234.4,0,
10-01-2020,Office Supplies,247.4,441.2,41.68,0,228,0,
11-01-2020,Office Supplies,221,452.9,42.8,0,199.6,0,
12-01-2020,Office Supplies,220.3,445.7,42.98,0,217.5,0,
13-01-2020,Office Supplies,172.8,459.8,42.1,0,162,0,
14-01-2020,Office Supplies,177.2,462.6,42.49,0,170.5,0,
15-01-2020,Office Supplies,213.4,448.4,41.57,0,209.9,0,
16-01-2020,Office Supplies,239.2,451.4,41.94,0,241.2,0,
17-01-2020,Office Supplies,248.5,453.8,41.74,0,239.5,0,
18-01-2020,Office Supplies,306,461.1,42.58,1,307.7,0,
19-01-2020,Office Supplies,726.6,474.2,42.1,0,195.7,1,demand_spike
20-01-2020,Office Supplies,192.1,460.9,42.42,0,180.9,0,
21-01-2020,Office Supplies,182.3,468.1,41.61,0,183.1,0,
22-01-2020,Office Supplies,196.4,460.8,43.92,0,185.7,0,
23-01-2020,Office Supplies,241.9,443.5,41.99,0,220.1,0,
24-01-2020,Office Supplies,242,441.7,40.92,0,220.8,0,
25-01-2020,Office Supplies,226.2,439.6,43.1,0,227.4,0,
26-01-2020,Office Supplies,203.2,441.4,40.93,0,187.4,0,
27-01-2020,Office Supplies,188.3,449.6,41.49,0,197.6,0,
28-01-2020,Office Supplies,173.4,456.8,42.28,0,170.2,0,
29-01-2020,Office Supplies,185.6,454.4,41.73,0,175.7,0,
30-01-2020,Office Supplies,230.4,432.7,41.97,0,228.3,0,
31-01-2020,Office Supplies,234.1,438,41.88,0,213.9,0,
01-02-2020,Office Supplies,218.6,445.4,41.91,0,198.5,0,
02-02-2020,Office Supplies,175.8,449.9,40.65,0,172.4,0,
03-02-2020,Office Supplies,168.1,456.3,42.83,0,155.8,0,
04-02-2020,Office Supplies,170.5,453,42.38,0,155.3,0,
05-02-2020,Office Supplies,193.8,448.7,42.33,0,192.6,0,
06-02-2020,Office Supplies,213,434.6,42.02,0,206.1,0,
07-02-2020,Office Supplies,231.1,426.5,41.71,0,225.2,0,
08-02-2020,Office Supplies,227.5,415.4,42.53,0,230.9,0,
09-02-2020,Office Supplies,237.8,428.3,43.2,1,238.6,0,
10-02-2020,Office Supplies,149.1,441.2,42.7,0,152.2,0,
11-02-2020,Office Supplies,188.8,425.6,43.76,0,172.4,0,
12-02-2020,Office Supplies,262.9,428.6,41.87,1,239.8,0,
13-02-2020,Office Supplies,223.5,409.6,41.98,0,220.5,0,
14-02-2020,Office Supplies,224.3,409,43.22,0,232.9,0,
15-02-2020,Office Supplies,205.2,421.8,41.52,0,207.6,0,
16-02-2020,Office Supplies,175.7,429.7,42.47,0,176.6,0,
17-02-2020,Office Supplies,167.4,437,42.9,0,159.6,0,
18-02-2020,Office Supplies,166.8,440.6,43.32,0,164.4,0,
19-02-2020,Office Supplies,201.8,434.8,41.49,0,202.7,0,
20-02-2020,Office Supplies,241.5,415.2,42.2,0,235.7,0,
21-02-2020,Office Supplies,231.6,422.3,42.19,0,216.5,0,
22-02-2020,Office Supplies,211.9,435.4,40.57,0,212.3,0,
23-02-2020,Office Supplies,172.5,455.7,41.54,0,168.6,0,
24-02-2020,Office Supplies,164.5,453.7,42.58,0,154.2,0,
25-02-2020,Office Supplies,164.3,454.2,43.39,0,160.8,0,
26-02-2020,Office Supplies,182.2,442.2,42.26,0,173.3,0,
27-02-2020,Office Supplies,213.4,430.3,41.42,0,194.2,0,
28-02-2020,Office Supplies,214.4,424,41.61,0,208.1,0,
29-02-2020,Office Supplies,206.5,431.7,40.84,0,215.9,0,
01-03-2020,Office Supplies,,452,43.3,0,145.9,0,
02-03-2020,Office Supplies,149.6,456.9,43.16,0,144.5,0,
03-03-2020,Office Supplies,163.6,453.8,41.08,0,167.4,0,
04-03-2020,Office Supplies,192.8,446.5,43.46,0,201,0,
05-03-2020,Office Supplies,204.4,442.3,42.87,0,185.7,0,
06-03-2020,Office Supplies,219.8,440.8,42.19,0,222.6,0,
07-03-2020,Office Supplies,204.2,451.1,41.2,0,193.6,0,
08-03-2020,Office Supplies,251.4,467.7,41.78,1,230.3,0,
09-03-2020,Office Supplies,157.4,475.3,42.5,0,159.5,0,
10-03-2020,Office Supplies,146,492.2,41.45,0,141.7,0,
11-03-2020,Office Supplies,162.3,490.8,41.57,0,151.1,0,
12-03-2020,Office Supplies,193.3,476,41.21,0,194.7,0,
13-03-2020,Office Supplies,204.8,467.4,42.07,0,191.1,0,
14-03-2020,Office Supplies,194.4,465,41.45,0,193.3,0,
15-03-2020,Office Supplies,143.2,479.3,42.13,0,136,0,
16-03-2020,Office Supplies,182.6,480.5,42.68,1,170.5,0,
17-03-2020,Office Supplies,157.5,474.6,42.56,0,142.7,0,
18-03-2020,Office Supplies,165,472.4,43.5,0,152.4,0,
19-03-2020,Office Supplies,198.3,464.1,42.53,0,206.3,0,
20-03-2020,Office Supplies,199.6,464.5,42.05,0,193.2,0,
21-03-2020,Office Supplies,285,477.5,43.5,1,292.6,0,
22-03-2020,Office Supplies,139.9,496.3,42.28,0,141.9,0,
23-03-2020,Office Supplies,119.2,501.5,41.93,0,119.6,0,
24-03-2020,Office Supplies,137.2,497.5,41.83,0,138.6,0,
25-03-2020,Office Supplies,166.9,497.3,43.48,0,154.4,0,
26-03-2020,Office Supplies,192,487,41.97,0,179.9,0,
27-03-2020,Office Supplies,199.1,480.5,42.11,0,202.5,0,
28-03-2020,Office Supplies,178.1,483,42.69,0,178.1,0,
29-03-2020,Office Supplies,141.3,487.2,41.81,0,144.4,0,
30-03-2020,Office Supplies,117.3,491.4,42.22,0,117.6,0,
31-03-2020,Office Supplies,138.2,477,41.72,0,140.6,0,
01-04-2020,Office Supplies,148.5,469.9,42.18,0,146.6,0,
02-04-2020,Office Supplies,180.5,467.7,42.22,0,184.6,0,
03-04-2020,Office Supplies,167,463.6,41.95,0,158.4,0,
04-04-2020,Office Supplies,181.3,459,42.95,0,165,0,
05-04-2020,Office Supplies,132.1,469.7,42.91,0,122.9,0,
06-04-2020,Office Supplies,99,480.1,43.86,0,91.4,0,
07-04-2020,Office Supplies,136,468.6,40.73,0,132,0,
08-04-2020,Office Supplies,147.9,468.2,41.59,0,153.1,0,
09-04-2020,Office Supplies,173.4,461.5,42.31,0,164.1,0,
10-04-2020,Office Supplies,195.5,447.8,42.44,0,191.1,0,
11-04-2020,Office Supplies,155.9,460,43.37,0,159.4,0,
12-04-2020,Office Supplies,143.6,453.4,40.72,0,148,0,
13-04-2020,Office Supplies,98.4,457.3,43.08,0,92.7,0,
14-04-2020,Office Supplies,,456.4,41.62,0,117.9,0,
15-04-2020,Office Supplies,144.9,451.5,41.31,0,136,0,
16-04-2020,Office Supplies,174.5,439,42.37,0,168.1,0,
17-04-2020,Office Supplies,608.5,441.5,42.13,0,156.8,1,demand_spike
18-04-2020,Office Supplies,138.5,453.6,44.48,0,126,0,
19-04-2020,Office Supplies,145.8,451.6,42.8,0,131.8,0,
20-04-2020,Office Supplies,114.3,457.1,42.86,0,113.5,0,
21-04-2020,Office Supplies,108,454.6,41.97,0,100,0,
22-04-2020,Office Supplies,549.7,436.3,42.03,0,130,1,demand_spike
23-04-2020,Office Supplies,155.5,428.4,41.04,0,148.3,0,
24-04-2020,Office Supplies,168,418.2,42.56,0,157,0,
25-04-2020,Office Supplies,140.3,430,40.99,0,142,0,
26-04-2020,Office Supplies,116.4,438.9,41.28,0,116.1,0,
27-04-2020,Office Supplies,86.9,442,42.31,0,90.7,0,
28-04-2020,Office Supplies,121.3,427.2,41.72,0,116.5,0,
29-04-2020,Office Supplies,128.8,423.2,41.53,0,116.5,0,
30-04-2020,Office Supplies,149.3,414.1,41.75,0,153.4,0,
01-05-2020,Office Supplies,152.4,418.9,42.66,0,139.9,0,
02-05-2020,Office Supplies,158.3,427.7,42.73,0,148.9,0,
03-05-2020,Office Supplies,112.5,436.3,41.2,0,111.8,0,
04-05-2020,Office Supplies,107.1,443,42.64,0,103.8,0,
05-05-2020,Office Supplies,135,443.4,42.93,1,135.5,0,
06-05-2020,Office Supplies,,434.2,43.96,0,121.7,0,
07-05-2020,Office Supplies,152.9,428.5,42.63,0,151.1,0,
08-05-2020,Office Supplies,145,428.1,40.44,0,140.4,0,
09-05-2020,Office Supplies,150.2,422.5,42.77,0,148.4,0,
10-05-2020,Office Supplies,110.4,431.5,43.13,0,114,0,
11-05-2020,Office Supplies,82.9,441,43.14,0,81.2,0,
12-05-2020,Office Supplies,94.3,439.1,43.38,0,95.4,0,
13-05-2020,Office Supplies,123.9,440.3,43.36,0,125.3,0,
14-05-2020,Office Supplies,142.2,434.3,42.21,0,142.1,0,
15-05-2020,Office Supplies,144.2,431,42.35,0,140.2,0,
16-05-2020,Office Supplies,123,434.9,41.59,0,110.8,0,
17-05-2020,Office Supplies,100.7,439.9,41.29,0,92.5,0,
18-05-2020,Office Supplies,134.9,441,41.44,1,132.4,0,
19-05-2020,Office Supplies,84.5,445.5,42.98,0,76.6,0,
20-05-2020,Office Supplies,110.8,290.2,41.47,0,100.5,0,
21-05-2020,Office Supplies,139.4,284.2,42.39,0,128.1,0,
22-05-2020,Office Supplies,144.8,278.7,42.64,0,29.2,1,supplier_delay
23-05-2020,Office Supplies,132,286.1,42.71,0,138.6,0,
24-05-2020,Office Supplies,98.4,294.1,43.4,0,90.3,0,
25-05-2020,Office Supplies,,454.3,42.59,0,71.2,0,
26-05-2020,Office Supplies,88.4,451.5,42.35,0,88.6,0,
27-05-2020,Office Supplies,121.5,442.3,43.56,0,121.7,0,
28-05-2020,Office Supplies,145.5,439,41.45,0,150,0,
29-05-2020,Office Supplies,141.7,452.3,42.23,0,140.5,0,
30-05-2020,Office Supplies,168.9,455.2,42.02,1,158.7,0,
31-05-2020,Office Supplies,96.8,464,42.59,0,90.5,0,
01-06-2020,Office Supplies,73.4,471.4,42.57,0,75.2,0,
02-06-2020,Office Supplies,66.7,471.6,41.07,0,61.1,0,
03-06-2020,Office Supplies,113.3,450.7,41,0,110.2,0,
04-06-2020,Office Supplies,135.2,447.7,41.41,0,131.5,0,
05-06-2020,Office Supplies,150.5,432.2,42.22,0,152.1,0,
06-06-2020,Office Supplies,141.8,428,41.18,0,148.8,0,
07-06-2020,Office Supplies,86.8,437.4,40.87,0,84.5,0,
08-06-2020,Office Supplies,63.2,444.3,41.44,0,64.2,0,
09-06-2020,Office Supplies,71.5,438.8,41.86,0,73.5,0,
10-06-2020,Office Supplies,112.4,430.9,41.5,0,101.7,0,
11-06-2020,Office Supplies,131.6,431,42.62,0,131,0,
12-06-2020,Office Supplies,142.6,421,42.65,0,147.2,0,
13-06-2020,Office Supplies,121,420.9,43.49,0,122,0,
14-06-2020,Office Supplies,102,419.3,42.57,0,103.6,0,
15-06-2020,Office Supplies,75,433.6,41.43,0,76.7,0,
16-06-2020,Office Supplies,70.6,435.5,42.41,0,63.7,0,
17-06-2020,Office Supplies,99.8,422.4,42.19,0,103.7,0,
18-06-2020,Office Supplies,142.7,412.9,42.87,0,147.8,0,
19-06-2020,Office Supplies,135.1,411.8,42.67,0,133.7,0,
20-06-2020,Office Supplies,156.6,415.8,42.5,1,149.2,0,
21-06-2020,Office Supplies,120.5,424,43.28,1,115.1,0,
22-06-2020,Office Supplies,82.7,421.1,43.39,0,81.1,0,
23-06-2020,Office Supplies,94.4,421.9,41.54,0,89.1,0,
24-06-2020,Office Supplies,100.3,418.3,41.27,0,98.8,0,
25-06-2020,Office Supplies,144.8,409.7,40.97,0,143.8,0,
26-06-2020,Office Supplies,182.1,422.9,42.7,1,183.8,0,
27-06-2020,Office Supplies,176,426.8,41.31,1,160.2,0,
28-06-2020,Office Supplies,,444.5,41.82,0,80.6,0,
29-06-2020,Office Supplies,54,458.6,42.78,0,56,0,
30-06-2020,Office Supplies,101.2,441.9,43.32,0,102.4,0,
01-07-2020,Office Supplies,107,444,41.83,0,101.8,0,
02-07-2020,Office Supplies,141.9,433.3,43.63,0,128.2,0,
03-07-2020,Office Supplies,139,425.4,41.98,0,137.8,0,
04-07-2020,Office Supplies,131.6,430.2,43.63,0,123.4,0,
05-07-2020,Office Supplies,87,447.1,41.29,0,79.1,0,
06-07-2020,Office Supplies,71.5,448.9,42.27,0,72.5,0,
07-07-2020,Office Supplies,88.7,435.5,41.95,0,92.8,0,
08-07-2020,Office Supplies,108.5,437.6,42.88,0,109.8,0,
09-07-2020,Office Supplies,127.1,433.6,41.79,0,116.5,0,
10-07-2020,Office Supplies,147.3,432.8,42.81,0,140.7,0,
11-07-2020,Office Supplies,128.5,436.6,42.66,0,120.4,0,
12-07-2020,Office Supplies,124.8,446,43.53,1,119.3,0,
13-07-2020,Office Supplies,71.9,447.7,41.16,0,70.7,0,
14-07-2020,Office Supplies,84,452.6,42.65,0,83.6,0,
15-07-2020,Office Supplies,119.8,456.1,43.57,0,113.4,0,
16-07-2020,Office Supplies,164.4,450.8,42.79,1,164.6,0,
17-07-2020,Office Supplies,129.9,453.4,43.3,0,130.2,0,
18-07-2020,Office Supplies,125.9,462.4,41.3,0,132.1,0,
19-07-2020,Office Supplies,98.3,461,40.95,0,95.6,0,
20-07-2020,Office Supplies,82.7,479.1,42.83,0,78.5,0,
21-07-2020,Office Supplies,89.5,486.7,42.84,0,92.1,0,
22-07-2020,Office Supplies,121.1,471.6,41.17,0,112,0,
23-07-2020,Office Supplies,140.7,460.6,42.01,0,136,0,
24-07-2020,Office Supplies,147.3,451.3,41.92,0,146.4,0,
25-07-2020,Office Supplies,133.6,448.4,42.2,0,123.1,0,
26-07-2020,Office Supplies,85.7,465.9,41.97,0,77.9,0,
27-07-2020,Office Supplies,80.4,463.3,42.24,0,77.2,0,
28-07-2020,Office Supplies,87.6,462.9,43.45,0,83.5,0,
29-07-2020,Office Supplies,116.6,460.8,42.86,0,118,0,
30-07-2020,Office Supplies,134.5,460,41.76,0,131.8,0,
31-07-2020,Office Supplies,153.9,459.2,43.84,0,139,0,
01-08-2020,Office Supplies,132.5,469.3,42.06,0,137.5,0,
02-08-2020,Office Supplies,92.4,486.9,42.28,0,95.1,0,
03-08-2020,Office Supplies,83.4,489.9,42.2,0,76,0,
04-08-2020,Office Supplies,96.5,483,41.98,0,90.6,0,
05-08-2020,Office Supplies,133.7,465.1,42.11,0,132.8,0,
06-08-2020,Office Supplies,164.9,460.1,40.75,0,152.9,0,
07-08-2020,Office Supplies,156.3,467.7,41.75,0,163.5,0,
08-08-2020,Office Supplies,150.9,465.5,44.24,0,145.3,0,
09-08-2020,Office Supplies,120.9,472.3,42.45,0,121.5,0,
10-08-2020,Office Supplies,98.9,478.6,42.06,0,96.6,0,
11-08-2020,Office Supplies,92.7,479.5,43.04,0,87.7,0,
12-08-2020,Office Supplies,134.2,462,41.81,0,134.8,0,
13-08-2020,Office Supplies,189.7,465.6,42.75,1,184.2,0,
14-08-2020,Office Supplies,170.9,456.5,43.44,0,170.1,0,
15-08-2020,Office Supplies,193.6,467.2,42.41,1,185.6,0,
16-08-2020,Office Supplies,115.3,473,40.75,0,121,0,
17-08-2020,Office Supplies,105,472.3,41.82,0,97.7,0,
18-08-2020,Office Supplies,122,465.6,42.63,0,113.2,0,
19-08-2020,Office Supplies,138.3,455.8,42.63,0,124.6,0,
20-08-2020,Office Supplies,179.1,435.7,42.82,0,184.6,0,
21-08-2020,Office Supplies,160.3,440.3,40.89,0,148,0,
22-08-2020,Office Supplies,146.2,446.2,42.54,0,137,0,
23-08-2020,Office Supplies,517,456.7,41.97,0,112,1,demand_spike
24-08-2020,Office Supplies,148.5,462.5,42.03,1,155.4,0,
25-08-2020,Office Supplies,120.6,454.1,41.61,0,124,0,
26-08-2020,Office Supplies,134.5,451.8,42.97,0,136.1,0,
27-08-2020,Office Supplies,161.8,438.9,42.51,0,155,0,
28-08-2020,Office Supplies,161.1,446,42.73,0,145.2,0,
29-08-2020,Office Supplies,157.2,447,43.05,0,164.3,0,
30-08-2020,Office Supplies,139.7,457.1,41.47,0,130,0,
31-08-2020,Office Supplies,117,466.7,43,0,106.4,0,
01-09-2020,Office Supplies,138.6,459.4,43.03,0,132.7,0,
02-09-2020,Office Supplies,156.9,454.8,42,0,147.8,0,
03-09-2020,Office Supplies,184.7,440.7,43.03,0,192.4,0,
04-09-2020,Office Supplies,199.8,437.6,42.08,0,180.6,0,
05-09-2020,Office Supplies,210.5,442.6,40.78,1,220.3,0,
06-09-2020,Office Supplies,197.7,452.7,42.48,1,195.3,0,
07-09-2020,Office Supplies,124.1,458.6,41.45,0,117.2,0,
08-09-2020,Office Supplies,130.7,453.6,42.17,0,134.6,0,
09-09-2020,Office Supplies,151.3,453,43.44,0,145.6,0,
10-09-2020,Office Supplies,173.4,442.2,42.1,0,169.9,0,
11-09-2020,Office Supplies,194.4,440.8,43.46,0,179.1,0,
12-09-2020,Office Supplies,168.7,444.1,41.81,0,174.1,0,
13-09-2020,Office Supplies,138.8,453.1,42.59,0,143.2,0,
14-09-2020,Office Supplies,145.2,452.5,42.45,0,147.1,0,
15-09-2020,Office Supplies,145.5,454.6,42.06,0,146.8,0,
16-09-2020,Office Supplies,146,454.6,42.06,0,135.8,0,
17-09-2020,Office Supplies,212.5,428.6,41.34,0,205.4,0,
18-09-2020,Office Supplies,253.1,424.8,42.64,1,231.3,0,
19-09-2020,Office Supplies,285.2,428.2,43.1,1,281.9,0,
20-09-2020,Office Supplies,159.4,445.6,40.21,0,148.5,0,
21-09-2020,Office Supplies,183.5,447.7,42.91,1,173.4,0,
22-09-2020,Office Supplies,148.6,453.7,41.27,0,151.9,0,
23-09-2020,Office Supplies,160.6,455.3,43.05,0,168.3,0,
24-09-2020,Office Supplies,537.8,447,41.34,0,192,1,demand_spike
25-09-2020,Office Supplies,212.6,437.6,42.34,0,216.7,0,
26-09-2020,Office Supplies,196.8,445.1,40.69,0,181,0,
27-09-2020,Office Supplies,146.5,462.9,41.56,0,143.5,0,
28-09-2020,Office Supplies,146.9,462.8,43.22,0,144.3,0,
29-09-2020,Office Supplies,155.6,461.8,42.69,0,160.8,0,
30-09-2020,Office Supplies,166.7,455.4,42.64,0,156.1,0,
01-10-2020,Office Supplies,208.1,446.3,42.17,0,189.3,0,
02-10-2020,Office Supplies,284.6,452,42.35,1,271.1,0,
03-10-2020,Office Supplies,186,448.2,43.46,0,188.2,0,
04-10-2020,Office Supplies,154.9,457.8,42.08,0,140.5,0,
05-10-2020,Office Supplies,143.6,453.8,42.2,0,132.3,0,
06-10-2020,Office Supplies,161.2,444.9,43.13,0,146.2,0,
07-10-2020,Office Supplies,158,447.6,42.16,0,153.9,0,
08-10-2020,Office Supplies,196.9,437.5,41.85,0,201.6,0,
09-10-2020,Office Supplies,211.2,430.6,41.97,0,198.5,0,
10-10-2020,Office Supplies,210,440.8,42.04,0,190,0,
11-10-2020,Office Supplies,245.4,454.2,41.27,1,227.4,0,
12-10-2020,Office Supplies,165,452.5,40.83,0,150.6,0,
13-10-2020,Office Supplies,156.2,456.9,42.16,0,153.5,0,
14-10-2020,Office Supplies,172.8,443.6,42.5,0,168.4,0,
15-10-2020,Office Supplies,201.3,437,42.91,0,188.5,0,
16-10-2020,Office Supplies,217,430.8,41.32,0,222.7,0,
17-10-2020,Office Supplies,189.4,445.8,43.44,0,182.1,0,
18-10-2020,Office Supplies,177.6,443.9,40.65,0,185.6,0,
19-10-2020,Office Supplies,177.7,448.2,42.83,0,166.1,0,
20-10-2020,Office Supplies,153.8,455.3,42.22,0,152.8,0,
21-10-2020,Office Supplies,201.7,445.1,42.06,0,205.6,0,
22-10-2020,Office Supplies,235.4,440.1,41.29,0,218.6,0,
23-10-2020,Office Supplies,224.9,445.5,42.04,0,229.2,0,
24-10-2020,Office Supplies,208.7,455.3,41.94,0,215.5,0,
25-10-2020,Office Supplies,170.5,468.4,43.08,0,170.5,0,
26-10-2020,Office Supplies,152.3,470.6,41.61,0,157.5,0,
27-10-2020,Office Supplies,174.6,472.7,41.68,0,167.4,0,
28-10-2020,Office Supplies,222.2,448.2,42.54,0,213.4,0,
29-10-2020,Office Supplies,221.8,442.4,41.91,0,200.2,0,
30-10-2020,Office Supplies,240.7,435.1,41.35,0,245.5,0,
31-10-2020,Office Supplies,208.2,441.2,40.63,0,188.4,0,
01-11-2020,Office Supplies,182.4,448.8,43.65,0,171.3,0,
02-11-2020,Office Supplies,160.9,455.5,42.37,0,159.8,0,
03-11-2020,Office Supplies,171.2,449.1,43.5,0,169.7,0,
04-11-2020,Office Supplies,206.7,440.6,42.39,0,200.9,0,
05-11-2020,Office Supplies,301.8,432,43,1,299.6,0,
06-11-2020,Office Supplies,238.7,427.9,43.65,0,226.4,0,
07-11-2020,Office Supplies,202,436.3,43.04,0,188,0,
08-11-2020,Office Supplies,300.9,439.2,43.55,1,284.1,0,
09-11-2020,Office Supplies,164.2,441,43.44,0,153.8,0,
10-11-2020,Office Supplies,197,442.5,41.46,0,190,0,
11-11-2020,Office Supplies,321.8,434.7,42.1,1,326.3,0,
12-11-2020,Office Supplies,235.7,436.1,43.28,0,223.6,0,
13-11-2020,Office Supplies,231.4,432.1,41.66,0,220.7,0,
14-11-2020,Office Supplies,226.7,431.2,42.2,0,227.8,0,
15-11-2020,Office Supplies,195.6,442.2,42.16,0,202.9,0,
16-11-2020,Office Supplies,183,447.1,42.15,0,171.8,0,
17-11-2020,Office Supplies,185.6,443.7,42.48,0,187.5,0,
18-11-2020,Office Supplies,207.3,436.8,42.18,0,206,0,
19-11-2020,Office Supplies,241.7,432.4,41.69,0,236.4,0,
20-11-2020,Office Supplies,234.7,427.3,42.56,0,211.9,0,
21-11-2020,Office Supplies,245.5,441.1,42.1,1,235,0,
22-11-2020,Office Supplies,193.2,446.1,43.24,0,179.9,0,
23-11-2020,Office Supplies,170.7,455.1,42.07,0,157.3,0,
24-11-2020,Office Supplies,202.8,437.1,42.7,0,190.9,0,
25-11-2020,Office Supplies,230.8,432.5,42,0,230.3,0,
26-11-2020,Office Supplies,252.3,417.5,40.59,0,247.5,0,
27-11-2020,Office Supplies,251.2,415.4,42.7,0,242.6,0,
28-11-2020,Office Supplies,224.8,420.4,43.66,0,207.2,0,
29-11-2020,Office Supplies,205.3,425.7,42.32,0,208.7,0,
30-11-2020,Office Supplies,178.3,432.8,42.72,0,173.3,0,
01-12-2020,Office Supplies,187,428.8,42.34,0,186.4,0,
02-12-2020,Office Supplies,213.6,420.4,42.19,0,193.5,0,
03-12-2020,Office Supplies,256.3,412.2,43.46,0,264.9,0,
04-12-2020,Office Supplies,252.1,427,42.83,0,246.5,0,
05-12-2020,Office Supplies,212,429.9,41.98,0,201.9,0,
06-12-2020,Office Supplies,199.7,429.2,41.48,0,204.5,0,
07-12-2020,Office Supplies,188.7,432.5,43.77,0,192.8,0,
08-12-2020,Office Supplies,,427.3,42.35,0,184.8,0,
09-12-2020,Office Supplies,208.7,423.1,42.96,0,199.5,0,
10-12-2020,Office Supplies,256.4,407.9,41.26,0,254,0,
11-12-2020,Office Supplies,266.7,406.1,40.33,0,280,0,
12-12-2020,Office Supplies,372.6,420.8,41.42,1,379.3,0,
13-12-2020,Office Supplies,210.2,438,42.73,0,190.7,0,
14-12-2020,Office Supplies,196.8,437.5,41.7,0,198.8,0,
15-12-2020,Office Supplies,202,431.1,41.24,0,196.7,0,
16-12-2020,Office Supplies,272.5,420.9,42.21,1,246,0,
17-12-2020,Office Supplies,260.9,400.6,42.15,0,252.5,0,
18-12-2020,Office Supplies,268.7,389.5,42.99,0,255.1,0,
19-12-2020,Office Supplies,223,410.3,42.09,0,204.2,0,
20-12-2020,Office Supplies,196.3,422.6,43.33,0,192.3,0,
21-12-2020,Office Supplies,194.6,420.4,43.01,0,202.7,0,
22-12-2020,Office Supplies,201.9,417.6,41.48,0,208.2,0,
23-12-2020,Office Supplies,234.2,403.6,43.69,0,230.4,0,
24-12-2020,Office Supplies,260.9,389.6,43.47,0,242.9,0,
25-12-2020,Office Supplies,263.5,392.8,42.11,0,241.7,0,
26-12-2020,Office Supplies,239.6,401.9,43.11,0,240.2,0,
27-12-2020,Office Supplies,201.6,408.8,43.84,0,193.2,0,
28-12-2020,Office Supplies,201,417.3,42.82,0,196.6,0,
29-12-2020,Office Supplies,205.4,422.9,42.25,0,208.8,0,
30-12-2020,Office Supplies,234,408.7,42.23,0,231.8,0,
31-12-2020,Office Supplies,239.1,400.3,41.28,0,217.9,0,
01-01-2021,Office Supplies,269,393.3,43.11,0,281.9,0,
02-01-2021,Office Supplies,249.9,410.3,42.77,0,230.3,0,
03-01-2021,Office Supplies,200.8,420.5,41.87,0,210.2,0,
04-01-2021,Office Supplies,193.4,426.5,41.15,0,188.8,0,
05-01-2021,Office Supplies,202.1,421.5,41.01,0,207.3,0,
06-01-2021,Office Supplies,233.2,415.6,41.62,0,214.2,0,
07-01-2021,Office Supplies,248.6,400.6,42.24,0,255.9,0,
08-01-2021,Office Supplies,253.9,394.9,42.8,0,233.5,0,
09-01-2021,Office Supplies,237.7,401.1,43.23,0,245.7,0,
10-01-2021,Office Supplies,199.3,414.2,42.84,0,192.6,0,
11-01-2021,Office Supplies,190,406.9,43.24,0,195.5,0,
12-01-2021,Office Supplies,301.8,399.5,42.33,1,284.1,0,
13-01-2021,Office Supplies,228.4,388,42.16,0,229.8,0,
14-01-2021,Office Supplies,245.6,386.1,42.32,0,249.6,0,
15-01-2021,Office Supplies,260.9,380.7,41.03,0,254.3,0,
16-01-2021,Office Supplies,322.5,389.8,43.1,1,332,0,
17-01-2021,Office Supplies,206.2,406,41.68,0,206.7,0,
18-01-2021,Office Supplies,206.2,405.2,41.79,0,195.3,0,
19-01-2021,Office Supplies,,411.4,41.95,0,203.8,0,
20-01-2021,Office Supplies,218.2,409.8,43.68,0,207.5,0,
21-01-2021,Office Supplies,246.8,399.6,41.49,0,249.2,0,
22-01-2021,Office Supplies,314.1,395.8,42.26,1,315.3,0,
23-01-2021,Office Supplies,230.7,405.8,42.15,0,212.2,0,
24-01-2021,Office Supplies,321.2,414.2,41.9,1,309.7,0,
25-01-2021,Office Supplies,185,427.4,42.78,0,182.5,0,
26-01-2021,Office Supplies,200.3,424.9,41.02,0,185.9,0,
27-01-2021,Office Supplies,214.7,419.2,43.28,0,196.5,0,
28-01-2021,Office Supplies,258.3,407.2,42.23,0,253.6,0,
29-01-2021,Office Supplies,247.8,407.6,42.31,0,228.7,0,
30-01-2021,Office Supplies,229.5,402.9,43.23,0,233.6,0,
31-01-2021,Office Supplies,255.7,417.8,43.12,1,262.9,0,
01-02-2021,Office Supplies,183.6,415.3,41.74,0,167.8,0,
02-02-2021,Office Supplies,292.5,410.4,40.59,1,294.1,0,
03-02-2021,Office Supplies,212.4,408.6,42.23,0,214.5,0,
04-02-2021,Office Supplies,245.7,399.9,42.08,0,223.6,0,
05-02-2021,Office Supplies,1024.7,394.5,41.7,0,239.3,1,demand_spike
06-02-2021,Office Supplies,200.8,399.4,42.47,0,199.4,0,
07-02-2021,Office Supplies,,396.5,42.59,0,205.5,0,
08-02-2021,Office Supplies,180.6,405.9,41.97,0,181.2,0,
09-02-2021,Office Supplies,206.5,399.7,42.43,0,193.5,0,
10-02-2021,Office Supplies,251.5,395.8,43.15,1,236.2,0,
11-02-2021,Office Supplies,231.2,383.4,43.61,0,240.1,0,
12-02-2021,Office Supplies,238.6,384.7,41.6,0,239,0,
13-02-2021,Office Supplies,226.5,397.6,43.12,0,217.3,0,
14-02-2021,Office Supplies,,411.8,41.93,0,188,0,
15-02-2021,Office Supplies,166.2,423.2,41.43,0,168.2,0,
16-02-2021,Office Supplies,169,413.3,42.76,0,159.8,0,
17-02-2021,Office Supplies,202.2,407.6,41.46,0,197.8,0,
18-02-2021,Office Supplies,236.5,394.5,40.88,0,216.9,0,
19-02-2021,Office Supplies,318,393,41.99,1,314.9,0,
20-02-2021,Office Supplies,215.9,405.9,41.73,0,216.6,0,
21-02-2021,Office Supplies,183,413.5,42.36,0,185.1,0,
22-02-2021,Office Supplies,,425.1,42.32,1,236.8,0,
23-02-2021,Office Supplies,174.8,417.4,42.86,0,161.7,0,
24-02-2021,Office Supplies,190.2,404.5,40.82,0,173.2,0,
25-02-2021,Office Supplies,223.7,398.3,41.98,0,233,0,
26-02-2021,Office Supplies,239.4,394,40.69,0,238.7,0,
27-02-2021,Office Supplies,206.1,404.8,42.53,0,202.9,0,
28-02-2021,Office Supplies,168.7,417.6,42.95,0,162.6,0,
01-03-2021,Office Supplies,164.8,426,41.99,0,159.3,0,
02-03-2021,Office Supplies,170,424.4,41.73,0,160.5,0,
03-03-2021,Office Supplies,181.4,408.7,41.26,0,180.2,0,
04-03-2021,Office Supplies,207,408.5,43.27,0,186.8,0,
05-03-2021,Office Supplies,626.4,404.5,42.94,0,221,1,demand_spike
06-03-2021,Office Supplies,292.7,403.5,42.84,1,266,0,
07-03-2021,Office Supplies,178.2,418.3,42.81,0,179.7,0,
08-03-2021,Office Supplies,147.5,421,42.42,0,154.1,0,
09-03-2021,Office Supplies,171.8,402.7,43.94,0,159.4,0,
10-03-2021,Office Supplies,219.2,405.8,42.87,1,206.3,0,
11-03-2021,Office Supplies,352.4,399.3,41.77,1,345.6,0,
12-03-2021,Office Supplies,226.8,403.3,40.83,0,220.8,0,
13-03-2021,Office Supplies,202.2,408.4,40.08,0,206.7,0,
14-03-2021,Office Supplies,201.1,420.1,41.93,1,184.8,0,
15-03-2021,Office Supplies,157.8,417.9,42.7,0,155.1,0,
16-03-2021,Office Supplies,170.2,407.1,42.99,0,176.8,0,
17-03-2021,Office Supplies,188.6,399.6,42.03,0,188.6,0,
18-03-2021,Office Supplies,192.4,396.9,41.29,0,180.9,0,
19-03-2021,Office Supplies,196.4,389.7,41.05,0,178.6,0,
20-03-2021,Office Supplies,193.1,398,42.18,0,185.9,0,
21-03-2021,Office Supplies,147.1,408.1,42.32,0,142.6,0,
22-03-2021,Office Supplies,141.2,417.4,40.16,0,129.9,0,
23-03-2021,Office Supplies,,421,42.21,0,140.5,0,
24-03-2021,Office Supplies,162.5,416.7,42.96,0,162.8,0,
25-03-2021,Office Supplies,204.4,397.2,42.32,0,198.6,0,
26-03-2021,Office Supplies,192.3,299,42.19,0,179.6,0,
27-03-2021,Office Supplies,189.3,307.3,42.42,0,197.5,0,
28-03-2021,Office Supplies,150.5,313.5,42.6,0,28.8,1,supplier_delay
29-03-2021,Office Supplies,132.9,319,41.62,0,131.7,0,
30-03-2021,Office Supplies,137,316.9,43.44,0,138.3,0,
31-03-2021,Office Supplies,162.7,412.2,42.67,0,153.1,0,
01-04-2021,Office Supplies,204.2,400,42.22,0,195.4,0,
02-04-2021,Office Supplies,174.2,407.8,42.26,0,168.2,0,
03-04-2021,Office Supplies,188.9,396.9,41.87,0,188.3,0,
04-04-2021,Office Supplies,125.3,420.8,43.41,0,122.4,0,
05-04-2021,Office Supplies,136.5,413.5,43.3,0,126.8,0,
06-04-2021,Office Supplies,130.2,412.3,42.23,0,134.6,0,
07-04-2021,Office Supplies,162.1,405.9,42.66,0,154.7,0,
08-04-2021,Office Supplies,180.8,394.4,44.02,0,173.1,0,
09-04-2021,Office Supplies,187.2,396.3,42.61,0,191,0,
10-04-2021,Office Supplies,169.6,402.5,41.05,0,166.3,0,
11-04-2021,Office Supplies,140.5,412.7,42.79,0,131.3,0,
12-04-2021,Office Supplies,112.1,427.3,40.82,0,116.3,0,
13-04-2021,Office Supplies,112.6,424.7,41.4,0,114.9,0,
14-04-2021,Office Supplies,124.8,416.3,42.12,0,123.6,0,
15-04-2021,Office Supplies,175.6,388.2,42.4,0,171.6,0,
16-04-2021,Office Supplies,204.9,375.6,43.11,0,205.2,0,
17-04-2021,Office Supplies,146.2,392.3,43.89,0,139.5,0,
18-04-2021,Office Supplies,229.7,388.8,42.36,1,230.6,0,
19-04-2021,Office Supplies,115.3,400.3,42.45,0,104.5,0,
20-04-2021,Office Supplies,118.4,392.9,42.77,0,113.6,0,
21-04-2021,Office Supplies,151,381,41.51,0,149.9,0,
22-04-2021,Office Supplies,167.2,379.3,41.46,0,166.1,0,
23-04-2021,Office Supplies,169.1,383.3,41.77,0,154,0,
24-04-2021,Office Supplies,141.6,200.2,42.12,0,142.7,0,
25-04-2021,Office Supplies,126.2,201.1,41.36,0,115.2,0,
26-04-2021,Office Supplies,105.2,201.1,41.89,0,12.5,1,supplier_delay
27-04-2021,Office Supplies,109.5,202.6,42.61,0,113.5,0,
28-04-2021,Office Supplies,147.5,197.1,42.68,0,154.4,0,
29-04-2021,Office Supplies,199.4,386.6,41.73,1,197.6,0,
30-04-2021,Office Supplies,177.9,376.3,41.49,0,179.1,0,
01-05-2021,Office Supplies,138.4,383,40.88,0,129.4,0,
02-05-2021,Office Supplies,130.2,383.8,42.56,0,124.5,0,
03-05-2021,Office Supplies,114.2,402,42.42,0,103,0,
04-05-2021,Office Supplies,449.4,404,41.67,0,110.1,1,demand_spike
05-05-2021,Office Supplies,133.6,400.7,40.74,0,134,0,
06-05-2021,Office Supplies,166.4,385.9,42.61,0,156.2,0,
07-05-2021,Office Supplies,170.3,373.9,42.52,0,165.8,0,
08-05-2021,Office Supplies,141.1,386,41.53,0,142.4,0,
09-05-2021,Office Supplies,117,388.1,41.27,0,117,0,
10-05-2021,Office Supplies,118.8,382.6,43.69,0,112.6,0,
11-05-2021,Office Supplies,97.4,389,42.13,0,93.1,0,
12-05-2021,Office Supplies,133.9,385.4,41.46,0,123.6,0,
13-05-2021,Office Supplies,159.1,382.4,42.66,0,146.5,0,
14-05-2021,Office Supplies,161,378.4,41.1,0,154.7,0,
15-05-2021,Office Supplies,153,382.3,42.21,0,148.8,0,
16-05-2021,Office Supplies,127.6,392.5,42.56,0,133.1,0,
17-05-2021,Office Supplies,107.3,401.2,42.35,0,104.7,0,
18-05-2021,Office Supplies,106.6,399.8,42.17,0,99,0,
19-05-2021,Office Supplies,137.8,393,41.83,0,127.5,0,
20-05-2021,Office Supplies,140.3,394.9,41.79,0,133.5,0,
21-05-2021,Office Supplies,140,397.1,43.37,0,145.3,0,
22-05-2021,Office Supplies,173.1,399.7,41.62,1,176.4,0,
23-05-2021,Office Supplies,102.5,402.6,41.95,0,99.8,0,
24-05-2021,Office Supplies,104.7,406.7,40.59,0,109.2,0,
25-05-2021,Office Supplies,97.5,398,43.74,0,90.9,0,
26-05-2021,Office Supplies,153.3,399.4,42.06,1,148,0,
27-05-2021,Office Supplies,170.3,386.5,42.5,0,153.3,0,
28-05-2021,Office Supplies,144.8,396.2,43.61,0,149.2,0,
29-05-2021,Office Supplies,125.8,404.4,41.69,0,116.2,0,
30-05-2021,Office Supplies,98.5,412.7,41.31,0,102.8,0,
31-05-2021,Office Supplies,94,409.2,42.6,0,91.7,0,
01-06-2021,Office Supplies,79.9,412.2,42.42,0,83.8,0,
02-06-2021,Office Supplies,123.1,399.5,43.75,0,120.8,0,
03-06-2021,Office Supplies,133,395.2,42.41,0,128.8,0,
04-06-2021,Office Supplies,217.5,390.4,42.81,1,211.2,0,
05-06-2021,Office Supplies,138.1,397.3,42.33,0,141.6,0,
06-06-2021,Office Supplies,97,409.8,41.5,0,92.5,0,
07-06-2021,Office Supplies,81.2,417.2,40.99,0,83.4,0,
08-06-2021,Office Supplies,69.9,423.8,42.83,0,72.2,0,
09-06-2021,Office Supplies,119.3,403.8,41.38,0,112.5,0,
10-06-2021,Office Supplies,141.3,403,42.68,0,146.8,0,
11-06-2021,Office Supplies,138.4,400.7,42.24,0,128.6,0,
12-06-2021,Office Supplies,145.2,400.4,42.12,0,148.6,0,
13-06-2021,Office Supplies,102.1,412.2,41.92,0,94.5,0,
14-06-2021,Office Supplies,80.9,418.6,41.58,0,81.6,0,
15-06-2021,Office Supplies,102,418.5,42.54,0,106.7,0,
16-06-2021,Office Supplies,120,419.2,41.89,1,109.3,0,
17-06-2021,Office Supplies,133,410.1,42.19,0,123.7,0,
18-06-2021,Office Supplies,144.1,412.1,43.4,0,137.3,0,
19-06-2021,Office Supplies,110.6,426.2,42.65,0,105.6,0,
20-06-2021,Office Supplies,392.2,433,41.99,0,89.5,1,demand_spike
21-06-2021,Office Supplies,62.1,453.8,41.9,0,60.6,0,
22-06-2021,Office Supplies,76.7,449.9,41.67,0,78.1,0,
23-06-2021,Office Supplies,172.4,442.8,41.48,1,176,0,
24-06-2021,Office Supplies,138.9,449.8,42.55,0,134.7,0,
25-06-2021,Office Supplies,190.8,443.7,40.83,1,180.7,0,
26-06-2021,Office Supplies,,461.3,42.55,0,110.8,0,
27-06-2021,Office Supplies,97.1,470.2,43.72,0,97.8,0,
28-06-2021,Office Supplies,99.4,484.5,43.09,1,90.7,0,
29-06-2021,Office Supplies,70.6,487.7,41.27,0,69.3,0,
30-06-2021,Office Supplies,122,476.6,43.94,0,119.7,0,
01-07-2021,Office Supplies,155,459.9,42.84,0,142.1,0,
02-07-2021,Office Supplies,159.6,452.7,41.26,0,155,0,
03-07-2021,Office Supplies,113.4,469.8,40.96,0,106.3,0,
04-07-2021,Office Supplies,109.3,474.4,41.66,0,101.1,0,
05-07-2021,Office Supplies,78.3,479.8,42.24,0,71.4,0,
06-07-2021,Office Supplies,107.5,474.7,42.62,0,99.8,0,
07-07-2021,Office Supplies,115.2,474.5,41.77,0,114.8,0,
08-07-2021,Office Supplies,154.1,465.7,41.83,0,155.5,0,
09-07-2021,Office Supplies,138.7,475.7,42.49,0,129.6,0,
10-07-2021,Office Supplies,132.3,471,41.62,0,130.5,0,
11-07-2021,Office Supplies,179.1,476.4,42.31,1,171.2,0,
12-07-2021,Office Supplies,71.7,495.9,42.86,0,70.4,0,
13-07-2021,Office Supplies,141.2,485.7,42.15,1,132.3,0,
14-07-2021,Office Supplies,125.9,470.1,43.36,0,114.1,0,
15-07-2021,Office Supplies,141.2,463.3,42.11,0,134,0,
16-07-2021,Office Supplies,144.8,460.5,41.37,0,133.8,0,
17-07-2021,Office Supplies,147,457.7,43.82,0,148.5,0,
18-07-2021,Office Supplies,108.9,469.9,42.8,0,109.9,0,
19-07-2021,Office Supplies,105.8,476.6,42.27,0,96.4,0,
20-07-2021,Office Supplies,119.7,482.7,42.24,1,114.9,0,
21-07-2021,Office Supplies,125.1,467.7,41.51,0,114.3,0,
22-07-2021,Office Supplies,138.9,465.3,42.26,0,139.9,0,
23-07-2021,Office Supplies,165,455.7,41.66,0,148.9,0,
24-07-2021,Office Supplies,129.6,464.4,43.24,0,125.2,0,
25-07-2021,Office Supplies,,466.3,42.55,0,105.8,0,
26-07-2021,Office Supplies,88.5,475.4,42.37,0,88.5,0,
27-07-2021,Office Supplies,97.9,473,41.79,0,91.3,0,
28-07-2021,Office Supplies,126.3,461.5,42.29,0,121.4,0,
29-07-2021,Office Supplies,153.1,455.4,41.06,0,137.9,0,
30-07-2021,Office Supplies,160.4,452.3,42.71,0,168.2,0,
31-07-2021,Office Supplies,129.2,459.9,41.78,0,130.9,0,
01-08-2021,Office Supplies,,464.3,41.64,0,108.2,0,
02-08-2021,Office Supplies,90.3,471.4,43.75,0,87.3,0,
03-08-2021,Office Supplies,107.5,463.9,42.76,0,104.8,0,
04-08-2021,Office Supplies,135.3,460.6,41.21,0,126.3,0,
05-08-2021,Office Supplies,149.1,461.6,43.08,0,136.1,0,
06-08-2021,Office Supplies,152.3,458,40.7,0,150.1,0,
07-08-2021,Office Supplies,150.6,460.2,41.47,0,154.4,0,
08-08-2021,Office Supplies,117.4,468.3,42.53,0,115.7,0,
09-08-2021,Office Supplies,101.6,471.6,42.18,0,101.1,0,
10-08-2021,Office Supplies,103.4,468.3,41.65,0,102.2,0,
11-08-2021,Office Supplies,131.7,454.5,42.41,0,127.6,0,
12-08-2021,Office Supplies,154.4,447.8,41.74,0,142.4,0,
13-08-2021,Office Supplies,170.2,442.2,42.35,0,158.4,0,
14-08-2021,Office Supplies,146.4,447.7,42.59,0,138.9,0,
15-08-2021,Office Supplies,104.6,466.6,43.39,0,98.7,0,
16-08-2021,Office Supplies,105.9,467.9,42.66,0,103.6,0,
17-08-2021,Office Supplies,113.7,467.3,42.05,0,109.5,0,
18-08-2021,Office Supplies,244.7,462.4,42.55,1,243.6,0,
19-08-2021,Office Supplies,158.5,464.7,40.71,0,162.6,0,
20-08-2021,Office Supplies,174.5,470.2,43.49,0,158.3,0,
21-08-2021,Office Supplies,167.6,470.5,42.44,0,162.5,0,
22-08-2021,Office Supplies,130.8,481.7,44.88,0,122,0,
23-08-2021,Office Supplies,155,490.7,42.44,1,160.7,0,
24-08-2021,Office Supplies,120.9,479.5,42.46,0,118.6,0,
25-08-2021,Office Supplies,146.5,472.9,40.9,0,151.3,0,
26-08-2021,Office Supplies,227.3,477.7,41.57,1,227.5,0,
27-08-2021,Office Supplies,184.3,469.7,42.19,0,169.7,0,
28-08-2021,Office Supplies,173,480.2,41.86,0,177.7,0,
29-08-2021,Office Supplies,150.2,486.5,43.7,0,142.3,0,
30-08-2021,Office Supplies,103.5,514.5,42.4,0,104.7,0,
31-08-2021,Office Supplies,,506.8,42.04,0,113.9,0,
01-09-2021,Office Supplies,,488.9,42.71,0,166.3,0,
02-09-2021,Office Supplies,189.4,476.9,41.91,0,185.4,0,
03-09-2021,Office Supplies,188.4,478.2,42.66,0,195.8,0,
04-09-2021,Office Supplies,171.3,481.3,41.14,0,167.3,0,
05-09-2021,Office Supplies,146.5,485.9,43.45,0,133.1,0,
06-09-2021,Office Supplies,128.4,493,42.52,0,124.3,0,
07-09-2021,Office Supplies,126.3,496.9,42.59,0,132,0,
08-09-2021,Office Supplies,145.7,480.9,41.76,0,148.4,0,
09-09-2021,Office Supplies,179.1,475.3,43,0,178.2,0,
10-09-2021,Office Supplies,192.9,465.1,41.09,0,178,0,
11-09-2021,Office Supplies,176.9,468.4,41.77,0,164,0,
12-09-2021,Office Supplies,142.5,476.9,42.53,0,143.7,0,
13-09-2021,Office Supplies,149.3,476.8,42.13,0,150.7,0,
14-09-2021,Office Supplies,130.1,478.7,41.34,0,124.4,0,
15-09-2021,Office Supplies,157.1,474.5,42.02,0,164.9,0,
16-09-2021,Office Supplies,191.9,460,41.77,0,192.7,0,
17-09-2021,Office Supplies,191.4,465.4,41.63,0,198,0,
18-09-2021,Office Supplies,196.5,463.1,43.47,0,178.2,0,
19-09-2021,Office Supplies,155.2,476.4,41.6,0,154.2,0,
20-09-2021,Office Supplies,157.1,481,41.27,0,159.1,0,
21-09-2021,Office Supplies,160,479.3,41.3,0,163.1,0,
22-09-2021,Office Supplies,170.5,487,41.8,0,170.6,0,
23-09-2021,Office Supplies,193.5,479.2,42.3,0,191.7,0,
24-09-2021,Office Supplies,211.8,474.8,42.53,0,214.3,0,
25-09-2021,Office Supplies,203.7,485.3,43.69,0,184.5,0,
26-09-2021,Office Supplies,152,503.3,40.5,0,153.9,0,
27-09-2021,Office Supplies,126.2,515.5,41.15,0,119.8,0,
28-09-2021,Office Supplies,148.4,507.1,41.59,0,150.5,0,
29-09-2021,Office Supplies,172.6,489.6,41.55,0,175.5,0,
30-09-2021,Office Supplies,289.9,473.3,40.99,1,272.9,0,
01-10-2021,Office Supplies,204.9,476.8,42.19,0,206.4,0,
02-10-2021,Office Supplies,202.5,473.8,43.81,0,192.2,0,
03-10-2021,Office Supplies,163.3,485.9,42.92,0,164.7,0,
04-10-2021,Office Supplies,144.6,484,41.38,0,134.2,0,
05-10-2021,Office Supplies,164.1,478.6,42.1,0,149.6,0,
06-10-2021,Office Supplies,254.3,471.7,42.08,1,251.3,0,
07-10-2021,Office Supplies,225.9,448.2,42.58,0,209.9,0,
08-10-2021,Office Supplies,224.5,449.2,42.14,0,232.2,0,
09-10-2021,Office Supplies,196.6,457.8,41.79,0,181.6,0,
10-10-2021,Office Supplies,196.9,456.1,43.74,0,195.1,0,
11-10-2021,Office Supplies,174.5,458.1,41.93,0,175.3,0,
12-10-2021,Office Supplies,148,460.9,41.76,0,133.2,0,
13-10-2021,Office Supplies,190.3,455.6,43.54,0,196,0,
14-10-2021,Office Supplies,217,451.1,42.36,0,218.9,0,
15-10-2021,Office Supplies,221.1,447,42.44,0,224.5,0,
16-10-2021,Office Supplies,223,443.7,43.53,0,202.6,0,
17-10-2021,Office Supplies,174.6,453,42.36,0,166.4,0,
18-10-2021,Office Supplies,163.3,455.6,41.63,0,162.7,0,
19-10-2021,Office Supplies,170.4,459.7,42.62,0,159.2,0,
20-10-2021,Office Supplies,177.8,459.9,40.43,0,182.2,0,
21-10-2021,Office Supplies,235.5,447.1,44.16,0,226.4,0,
22-10-2021,Office Supplies,250.5,436.7,41.11,0,255.6,0,
23-10-2021,Office Supplies,209.9,445.9,42.17,0,216.5,0,
24-10-2021,Office Supplies,193.7,452.3,42.52,0,188.1,0,
25-10-2021,Office Supplies,173.3,447.2,40.18,0,161.8,0,
26-10-2021,Office Supplies,186.3,440.1,41.57,0,178.3,0,
27-10-2021,Office Supplies,221.1,425.4,43.68,0,215.5,0,
28-10-2021,Office Supplies,232.7,428.5,43.23,0,225.3,0,
29-10-2021,Office Supplies,228.3,434.1,43.49,0,205.7,0,
30-10-2021,Office Supplies,245.4,239.6,41.9,0,223.9,0,
31-10-2021,Office Supplies,194.5,248,43.26,0,188.3,0,
01-11-2021,Office Supplies,167.9,253.9,42.68,0,36,1,supplier_delay
02-11-2021,Office Supplies,181.1,251,42.1,0,187.2,0,
03-11-2021,Office Supplies,210.7,248.7,42.74,0,198.4,0,
04-11-2021,Office Supplies,228.5,437.9,42.39,0,239.2,0,
05-11-2021,Office Supplies,237.8,429.8,42.65,0,248.7,0,
06-11-2021,Office Supplies,238.5,429.2,41.17,0,221.4,0,
07-11-2021,Office Supplies,203,441.2,42.93,0,183.5,0,
08-11-2021,Office Supplies,190.1,451,40.37,0,176.7,0,
09-11-2021,Office Supplies,195.8,445.2,41.62,0,188.5,0,
10-11-2021,Office Supplies,206.8,441.7,40.85,0,197.5,0,
11-11-2021,Office Supplies,243.9,431.1,43.98,0,236.9,0,
12-11-2021,Office Supplies,264.7,421.6,45.45,0,265.7,0,
13-11-2021,Office Supplies,234.3,433.5,43.86,0,229.1,0,
14-11-2021,Office Supplies,213.6,434.7,43.23,0,203.3,0,
15-11-2021,Office Supplies,193,440.3,41.39,0,193.2,0,
16-11-2021,Office Supplies,185.9,444.3,41.28,0,176.7,0,
17-11-2021,Office Supplies,232.2,432.4,42.36,0,221.3,0,
18-11-2021,Office Supplies,262.1,424.6,42.01,0,249.3,0,
19-11-2021,Office Supplies,256.4,420.4,41.41,0,242.5,0,
20-11-2021,Office Supplies,248,428.2,42.16,0,249.2,0,
21-11-2021,Office Supplies,,439.4,40.53,0,194.6,0,
22-11-2021,Office Supplies,191.7,437.2,41.61,0,194.8,0,
23-11-2021,Office Supplies,195.3,430.4,41.39,0,202.8,0,
24-11-2021,Office Supplies,215.6,417.3,42.68,0,203,0,
25-11-2021,Office Supplies,245.7,402.8,41.16,0,247.1,0,
26-11-2021,Office Supplies,,400.7,41.83,0,246.4,0,
27-11-2021,Office Supplies,253.1,387.5,41.82,0,239.2,0,
28-11-2021,Office Supplies,212.8,403.7,42.45,0,199.1,0,
29-11-2021,Office Supplies,206.2,412,42.41,0,214.8,0,
30-11-2021,Office Supplies,181.3,424.8,41.69,0,182.1,0,
01-12-2021,Office Supplies,218.1,407.3,42.66,0,217.4,0,
02-12-2021,Office Supplies,250.4,400.7,41.22,0,262.8,0,
03-12-2021,Office Supplies,270.8,399.8,41.57,0,258.1,0,
04-12-2021,Office Supplies,377.1,417.4,41.97,1,352.3,0,
05-12-2021,Office Supplies,215.1,420.1,43.45,0,204.2,0,
06-12-2021,Office Supplies,181.1,433.9,43.26,0,167.6,0,
07-12-2021,Office Supplies,211.6,423.1,40.43,0,219.8,0,
08-12-2021,Office Supplies,230.4,419.8,42.66,0,231.5,0,
09-12-2021,Office Supplies,275.7,403.6,42.41,0,273.2,0,
10-12-2021,Office Supplies,242.3,415.4,42.69,0,247.4,0,
11-12-2021,Office Supplies,244.9,424.6,41.37,0,239.3,0,
12-12-2021,Office Supplies,206.1,432.1,44.53,0,191.4,0,
13-12-2021,Office Supplies,187.6,431.2,41.67,0,173.2,0,
14-12-2021,Office Supplies,199.2,424.4,42.26,0,194.9,0,
15-12-2021,Office Supplies,247.3,412.8,44.06,0,252.4,0,
16-12-2021,Office Supplies,259.3,411.9,42.08,0,242,0,
17-12-2021,Office Supplies,262.8,401.4,41.72,0,264.3,0,
18-12-2021,Office Supplies,244.8,405.7,42.99,0,229.5,0,
19-12-2021,Office Supplies,221.2,415.6,41.93,0,213.5,0,
20-12-2021,Office Supplies,235.9,425,42.29,1,214.5,0,
21-12-2021,Office Supplies,209.2,422.1,41.06,0,204,0,
22-12-2021,Office Supplies,234.9,421.1,41.36,0,217.4,0,
23-12-2021,Office Supplies,258.3,413,42.4,0,265.2,0,
24-12-2021,Office Supplies,269.7,411.5,41.76,0,281.4,0,
25-12-2021,Office Supplies,240.2,415.3,41.14,0,219.2,0,
26-12-2021,Office Supplies,216.1,430,41.7,0,211.8,0,
27-12-2021,Office Supplies,186.9,432.6,41.77,0,187.9,0,
28-12-2021,Office Supplies,189.2,429.1,42.21,0,172.2,0,
29-12-2021,Office Supplies,299.2,412.4,42.25,1,294.1,0,
30-12-2021,Office Supplies,266.3,403.9,42.67,0,277.1,0,
31-12-2021,Office Supplies,278.4,402.7,41.23,0,272.6,0,
01-01-2022,Office Supplies,256.3,402.1,41.43,0,254.5,0,
02-01-2022,Office Supplies,210.6,406.8,41.3,0,199.9,0,
03-01-2022,Office Supplies,276.4,411.9,41.62,1,274.3,0,
04-01-2022,Office Supplies,198.2,411.6,41.64,0,204.8,0,
05-01-2022,Office Supplies,236.1,312.2,41.04,0,224.2,0,
06-01-2022,Office Supplies,258.8,308.7,43.69,0,262.9,0,
07-01-2022,Office Supplies,347.6,311.1,42.33,1,17.3,1,supplier_delay
08-01-2022,Office Supplies,242,317.2,41.55,0,227.2,0,
09-01-2022,Office Supplies,204.7,322.3,41.84,0,196.3,0,
10-01-2022,Office Supplies,261.2,397,42.15,1,249.1,0,
11-01-2022,Office Supplies,209.7,403.4,42.05,0,203.4,0,
12-01-2022,Office Supplies,234.9,395.5,41.65,0,215.4,0,
13-01-2022,Office Supplies,241.4,394.2,43.1,0,222.7,0,
14-01-2022,Office Supplies,260.5,387.9,42.24,0,249.2,0,
15-01-2022,Office Supplies,249.1,392.2,42.16,0,245.1,0,
16-01-2022,Office Supplies,232.8,397.7,43.5,0,231.1,0,
17-01-2022,Office Supplies,205.7,410.5,44.13,0,213.2,0,
18-01-2022,Office Supplies,198,410,42.26,0,195.1,0,
19-01-2022,Office Supplies,234.1,394.4,42.48,0,236.3,0,
20-01-2022,Office Supplies,257,387.4,40.84,0,249.9,0,
21-01-2022,Office Supplies,267.2,383.8,42.27,0,261.5,0,
22-01-2022,Office Supplies,237.7,392.7,43.1,0,235,0,
23-01-2022,Office Supplies,212.4,410,40.47,0,207.8,0,
24-01-2022,Office Supplies,183.9,415.2,40.88,0,174.1,0,
25-01-2022,Office Supplies,195,415.9,44.08,0,204.1,0,
26-01-2022,Office Supplies,235.7,402,41.46,0,234,0,
27-01-2022,Office Supplies,252.1,400.4,42.59,0,240,0,
28-01-2022,Office Supplies,242.4,404,42.53,0,247.2,0,
29-01-2022,Office Supplies,232.6,409.2,42.71,0,215.1,0,
30-01-2022,Office Supplies,213.5,417.9,42.79,0,223.9,0,
31-01-2022,Office Supplies,171.3,427.3,42.9,0,174.5,0,
01-02-2022,Office Supplies,201.5,406.3,42.16,0,184.3,0,
02-02-2022,Office Supplies,230.3,402.2,41.87,0,236.6,0,
03-02-2022,Office Supplies,248.9,384.5,41.29,0,233.7,0,
04-02-2022,Office Supplies,245.9,382.1,41.47,0,244.8,0,
05-02-2022,Office Supplies,217.1,385.6,41.79,0,200.8,0,
06-02-2022,Office Supplies,192.6,397.4,41.63,0,193.9,0,
07-02-2022,Office Supplies,278,403.6,42.44,1,281.8,0,
08-02-2022,Office Supplies,188.3,407.2,42.35,0,193.5,0,
09-02-2022,Office Supplies,227.4,393.3,41.07,0,221.3,0,
10-02-2022,Office Supplies,238.1,386.3,41.42,0,234,0,
11-02-2022,Office Supplies,240.1,387.5,42.45,0,223.9,0,
12-02-2022,Office Supplies,227.5,384.2,40.64,0,222.4,0,
13-02-2022,Office Supplies,210,380.8,42.27,0,205.7,0,
14-02-2022,Office Supplies,184.4,384.2,41.71,0,188.4,0,
15-02-2022,Office Supplies,174.3,384.9,42.18,0,175.5,0,
16-02-2022,Office Supplies,203.4,365.3,42.89,0,204.4,0,
17-02-2022,Office Supplies,222.6,367.9,41.79,0,201.4,0,
18-02-2022,Office Supplies,254.3,355.1,42.1,0,249.7,0,
19-02-2022,Office Supplies,224.4,359.3,41.26,0,235.3,0,
20-02-2022,Office Supplies,270.8,371.7,42.31,1,274.3,0,
21-02-2022,Office Supplies,177.4,369.9,40.59,0,181.9,0,
22-02-2022,Office Supplies,178.6,367.5,41.87,0,174,0,
23-02-2022,Office Supplies,304.9,362.8,41.9,1,312.4,0,
24-02-2022,Office Supplies,211,353.9,42.41,0,215.8,0,
25-02-2022,Office Supplies,237.6,345.3,43.16,0,232.7,0,
26-02-2022,Office Supplies,237.9,347.6,41.31,0,234.4,0,
27-02-2022,Office Supplies,177.2,363.3,42.28,0,160.9,0,
28-02-2022,Office Supplies,149.8,381.2,43.3,0,154,0,
01-03-2022,Office Supplies,170,374.1,41.97,0,156.4,0,
02-03-2022,Office Supplies,202,364.3,42.84,0,190.9,0,
03-03-2022,Office Supplies,281.4,359.8,41.9,1,284.7,0,
04-03-2022,Office Supplies,223.8,356.8,42.14,0,211.5,0,
05-03-2022,Office Supplies,198.4,361.7,41.38,0,193.6,0,
06-03-2022,Office Supplies,180.6,373.1,42.91,0,166.7,0,
07-03-2022,Office Supplies,164.4,384.7,42.42,0,155.2,0,
08-03-2022,Office Supplies,163.1,388,40.85,0,164.8,0,
09-03-2022,Office Supplies,183.3,382.1,42.67,0,176.5,0,
10-03-2022,Office Supplies,223.4,367.7,42.31,0,219.9,0,
11-03-2022,Office Supplies,230.4,363.3,42.22,0,219.7,0,
12-03-2022,Office Supplies,202,382.8,40.07,0,210,0,
13-03-2022,Office Supplies,177.2,388.5,41.92,0,182.2,0,
14-03-2022,Office Supplies,162.8,383.3,40.6,0,149.3,0,
15-03-2022,Office Supplies,151.9,394.4,42.93,0,158.9,0,
16-03-2022,Office Supplies,171.6,381,43.33,0,175.3,0,
17-03-2022,Office Supplies,218.5,361.5,42.22,0,201.8,0,
18-03-2022,Office Supplies,235.5,355.9,43.59,0,213.4,0,
19-03-2022,Office Supplies,280.9,373,41.54,1,290.5,0,
20-03-2022,Office Supplies,182.3,371.4,43.14,0,184.8,0,
21-03-2022,Office Supplies,147.1,382.8,42.24,0,138.5,0,
22-03-2022,Office Supplies,162.7,374.7,41.72,0,169.6,0,
23-03-2022,Office Supplies,166,365.6,43.69,0,172,0,
24-03-2022,Office Supplies,198.9,353.9,43.3,0,185.4,0,
25-03-2022,Office Supplies,218.9,342,42.3,0,210.1,0,
26-03-2022,Office Supplies,199.7,351.7,41.64,0,181.2,0,
27-03-2022,Office Supplies,157.4,361.5,41.88,0,148.9,0,
28-03-2022,Office Supplies,140,365.6,41.17,0,136.5,0,
29-03-2022,Office Supplies,142.1,371.9,41.25,0,129.2,0,
30-03-2022,Office Supplies,192.6,367.8,41.52,1,183.1,0,
31-03-2022,Office Supplies,198.7,351.9,43.5,0,183.3,0,
01-04-2022,Office Supplies,246.8,349.4,41.93,1,256.3,0,
02-04-2022,Office Supplies,180,356,42.24,0,184.4,0,
03-04-2022,Office Supplies,140.7,370.9,40.86,0,142.8,0,
04-04-2022,Office Supplies,131.9,373.5,43.34,0,134,0,
05-04-2022,Office Supplies,141.7,366.1,41.12,0,127.9,0,
06-04-2022,Office Supplies,171,363.1,43.82,0,169.4,0,
07-04-2022,Office Supplies,192.4,350.8,42.92,0,190.2,0,
08-04-2022,Office Supplies,273.2,357,42.2,1,286.6,0,
09-04-2022,Office Supplies,174.6,360.5,42.51,0,173.7,0,
10-04-2022,Office Supplies,156.1,365.5,42.07,0,155.7,0,
11-04-2022,Office Supplies,122.3,370.8,41.82,0,117,0,
12-04-2022,Office Supplies,114,360.1,42.83,0,111.2,0,
13-04-2022,Office Supplies,154.1,340.1,42.61,0,147.8,0,
14-04-2022,Office Supplies,178.7,334.6,41.74,0,185.2,0,
15-04-2022,Office Supplies,200.7,330,44.31,0,186.7,0,
16-04-2022,Office Supplies,177.4,344.7,41.85,0,163.7,0,
17-04-2022,Office Supplies,159,350.4,42.05,0,166.9,0,
18-04-2022,Office Supplies,124.3,361.1,40.52,0,129.2,0,
19-04-2022,Office Supplies,151.6,349.4,42.14,0,150,0,
20-04-2022,Office Supplies,172.7,341.2,44,0,175.5,0,
21-04-2022,Office Supplies,184.2,337.7,42.66,0,168.8,0,
22-04-2022,Office Supplies,193.2,343.3,42.91,0,196.1,0,
23-04-2022,Office Supplies,174.1,350.8,42.16,0,168.9,0,
24-04-2022,Office Supplies,141.7,358.5,42.46,0,145.1,0,
25-04-2022,Office Supplies,106.9,365.4,43.42,0,104.5,0,
26-04-2022,Office Supplies,119.4,350.8,43.22,0,120.5,0,
27-04-2022,Office Supplies,144.7,336.6,41.89,0,137.6,0,
28-04-2022,Office Supplies,182.9,323.4,42.23,0,184.7,0,
29-04-2022,Office Supplies,183.6,323.2,42.79,0,172.8,0,
30-04-2022,Office Supplies,161,325.6,41.65,0,167.9,0,
01-05-2022,Office Supplies,117.2,344.3,42.27,0,117.3,0,
02-05-2022,Office Supplies,105,351.9,41.85,0,102,0,
03-05-2022,Office Supplies,110.3,352.6,42.19,0,109.3,0,
04-05-2022,Office Supplies,161.2,342.8,42.56,0,160,0,
05-05-2022,Office Supplies,165.2,347.7,42.12,0,169.8,0,
06-05-2022,Office Supplies,164.8,345.3,42.86,0,162.1,0,
07-05-2022,Office Supplies,155.5,345.6,42.94,0,153.1,0,
08-05-2022,Office Supplies,187.8,353.8,42.61,1,185.5,0,
09-05-2022,Office Supplies,103.6,358.7,42.53,0,105.3,0,
10-05-2022,Office Supplies,125.1,344.1,42.8,0,121.8,0,
11-05-2022,Office Supplies,148.1,339.4,43.09,0,138.1,0,
12-05-2022,Office Supplies,156,337.1,40.81,0,150.2,0,
13-05-2022,Office Supplies,160.8,341.4,41.54,0,153.8,0,
14-05-2022,Office Supplies,135.4,342,41.72,0,123.1,0,
15-05-2022,Office Supplies,154.6,340.6,41.28,0,157.6,0,
16-05-2022,Office Supplies,94.4,369.1,41.84,0,96.8,0,
17-05-2022,Office Supplies,106.6,361.3,42.38,0,100.2,0,
18-05-2022,Office Supplies,127.9,352.2,42.02,0,121.4,0,
19-05-2022,Office Supplies,146.1,184.3,41.97,0,138.5,0,
20-05-2022,Office Supplies,177.2,180.6,42.94,0,173.2,0,
21-05-2022,Office Supplies,150.2,179.2,42.56,0,19.1,1,supplier_delay
22-05-2022,Office Supplies,113.1,187.4,41.85,0,116.9,0,
23-05-2022,Office Supplies,79,188,41.73,0,77,0,
24-05-2022,Office Supplies,101.6,352,41.6,0,94.2,0,
25-05-2022,Office Supplies,133.7,332.9,43.99,0,135.3,0,
26-05-2022,Office Supplies,145,326,41.32,0,149.4,0,
27-05-2022,Office Supplies,241,323.3,42.53,1,238.9,0,
28-05-2022,Office Supplies,153.8,324.7,40.47,0,156,0,
29-05-2022,Office Supplies,117.1,341.1,41.75,0,109.3,0,
30-05-2022,Office Supplies,84.4,351,40.7,0,87.4,0,
31-05-2022,Office Supplies,93.7,348.7,41.73,0,85.4,0,
01-06-2022,Office Supplies,130.5,335.3,42.54,0,135.1,0,
02-06-2022,Office Supplies,163.2,320.7,41.44,0,155.8,0,
03-06-2022,Office Supplies,153.7,332.5,41.18,0,140.4,0,
04-06-2022,Office Supplies,138.8,337.5,42.92,0,128.7,0,
05-06-2022,Office Supplies,103.4,340.5,42.62,0,108.4,0,
06-06-2022,Office Supplies,88.1,347.9,42.26,0,84.3,0,
07-06-2022,Office Supplies,110.2,333.8,40.56,0,112,0,
08-06-2022,Office Supplies,123.6,329.2,42.52,0,120,0,
09-06-2022,Office Supplies,139.9,317.7,42.95,0,138.1,0,
10-06-2022,Office Supplies,143.1,312.2,41.75,0,142.4,0,
11-06-2022,Office Supplies,135.7,315.1,40.73,0,134.4,0,
12-06-2022,Office Supplies,184.8,320.1,42.12,1,194,0,
13-06-2022,Office Supplies,79.9,326.4,42.99,0,78.5,0,
14-06-2022,Office Supplies,101.7,320.5,42.48,0,101,0,
15-06-2022,Office Supplies,205.3,303.5,41.84,1,195.6,0,
16-06-2022,Office Supplies,136.1,307.1,42.39,0,127.4,0,
17-06-2022,Office Supplies,204.7,304.2,43.09,1,198,0,
18-06-2022,Office Supplies,184.7,308.4,41.74,1,183.3,0,
19-06-2022,Office Supplies,113.1,208,42.77,0,107.1,0,
20-06-2022,Office Supplies,70.1,214.1,41.97,0,68.4,0,
21-06-2022,Office Supplies,107.9,209.3,42.8,0,15,1,supplier_delay
22-06-2022,Office Supplies,112.4,209.6,42.13,0,108.3,0,
23-06-2022,Office Supplies,192.7,206.4,41.35,1,190.1,0,
24-06-2022,Office Supplies,134.1,306.6,40.1,0,139.3,0,
25-06-2022,Office Supplies,130.9,306.4,41.72,0,130,0,
26-06-2022,Office Supplies,123.3,310.2,42.23,0,116.7,0,
27-06-2022,Office Supplies,79.7,322.2,42.83,0,78.5,0,
28-06-2022,Office Supplies,110,315.3,41.02,0,113.2,0,
29-06-2022,Office Supplies,106.6,313.3,41.52,0,98.4,0,
30-06-2022,Office Supplies,140.1,297.1,41.1,0,143.4,0,
01-07-2022,Office Supplies,155.8,294.4,40.81,0,142.5,0,
02-07-2022,Office Supplies,140.4,291.7,43.09,0,146.5,0,
03-07-2022,Office Supplies,111.8,310.4,42.3,0,103.3,0,
04-07-2022,Office Supplies,76.2,319.5,43.69,0,73.9,0,
05-07-2022,Office Supplies,111.6,306.9,41.55,0,116.3,0,
06-07-2022,Office Supplies,122,304.8,42.77,0,113.7,0,
07-07-2022,Office Supplies,159,295.7,41.04,0,158.4,0,
08-07-2022,Office Supplies,150,296,43.09,0,151.6,0,
09-07-2022,Office Supplies,142.4,299.2,41.26,0,129,0,
10-07-2022,Office Supplies,106.4,307.4,41.76,0,105.2,0,
11-07-2022,Office Supplies,102,314.8,42.08,0,103.4,0,
12-07-2022,Office Supplies,104.5,318.3,42.67,0,109.3,0,
13-07-2022,Office Supplies,128.6,308.5,42.79,0,118.4,0,
14-07-2022,Office Supplies,152.9,299.2,42.71,0,157.4,0,
15-07-2022,Office Supplies,143.1,299.2,42.66,0,142.3,0,
16-07-2022,Office Supplies,155.9,295,42.69,0,157.4,0,
17-07-2022,Office Supplies,211,303.9,42.01,1,213.3,0,
18-07-2022,Office Supplies,97,318.5,42.71,0,97.9,0,
19-07-2022,Office Supplies,94.9,319.8,41.82,0,98.5,0,
20-07-2022,Office Supplies,125.9,311.5,41.93,0,115.6,0,
21-07-2022,Office Supplies,167.6,298.5,41.97,0,158,0,
22-07-2022,Office Supplies,158.8,305.9,41.47,0,164.5,0,
23-07-2022,Office Supplies,159.3,304.1,42.7,0,154.3,0,
24-07-2022,Office Supplies,119.7,325.6,42.82,0,115.1,0,
25-07-2022,Office Supplies,88.4,341.8,42.33,0,86.7,0,
26-07-2022,Office Supplies,114.7,332.5,41.01,0,108.5,0,
27-07-2022,Office Supplies,170.6,324.5,43.09,1,168.9,0,
28-07-2022,Office Supplies,152.5,305.6,41.82,0,157.4,0,
29-07-2022,Office Supplies,227.3,294.6,42.64,1,218,0,
30-07-2022,Office Supplies,136.4,302,42.63,0,127,0,
31-07-2022,Office Supplies,119.9,304.8,43.36,0,110.8,0,
01-08-2022,Office Supplies,107.7,311.1,42.29,0,108.2,0,
02-08-2022,Office Supplies,103.1,316.3,42.35,0,94,0,
03-08-2022,Office Supplies,143.7,295.9,43.65,0,130.9,0,
04-08-2022,Office Supplies,161.7,284.8,41.69,0,168.8,0,
05-08-2022,Office Supplies,165.8,276.8,43.29,0,165.8,0,
06-08-2022,Office Supplies,261.7,268.1,42.67,1,242.9,0,
07-08-2022,Office Supplies,134,279.1,43.27,0,133.3,0,
08-08-2022,Office Supplies,124.9,299.1,40.91,1,123.3,0,
09-08-2022,Office Supplies,126.4,292.6,41.52,0,128.6,0,
10-08-2022,Office Supplies,141.8,293.9,41.4,0,136.6,0,
11-08-2022,Office Supplies,171.7,275.6,41.18,0,154.9,0,
12-08-2022,Office Supplies,171.4,273.3,42.99,0,165.6,0,
13-08-2022,Office Supplies,148.6,281,42.17,0,149.2,0,
14-08-2022,Office Supplies,143.6,286.3,40.84,0,149.9,0,
15-08-2022,Office Supplies,163.8,283.9,40.76,1,168.1,0,
16-08-2022,Office Supplies,115.1,278.3,42.13,0,104,0,
17-08-2022,Office Supplies,132.6,280.4,42.36,0,124.2,0,
18-08-2022,Office Supplies,180,265.7,40.81,0,176.8,0,
19-08-2022,Office Supplies,171.5,275.1,41.61,0,155.8,0,
20-08-2022,Office Supplies,153.5,283.9,44.24,0,151.9,0,
21-08-2022,Office Supplies,144.6,283.6,42.45,0,139.5,0,
22-08-2022,Office Supplies,91.5,302.1,41.39,0,91.5,0,
23-08-2022,Office Supplies,112.8,301.2,42.57,0,105.2,0,
24-08-2022,Office Supplies,159.1,285.5,42.03,0,147.6,0,
25-08-2022,Office Supplies,190.3,272.6,41.65,0,197.4,0,
26-08-2022,Office Supplies,173.8,272.3,41.61,0,165.4,0,
27-08-2022,Office Supplies,183.2,273.8,41.43,0,191.5,0,
28-08-2022,Office Supplies,148.2,288.8,42.46,0,137,0,
29-08-2022,Office Supplies,115.9,294.2,42.17,0,117.4,0,
30-08-2022,Office Supplies,138.3,281.2,41.7,0,128.7,0,
31-08-2022,Office Supplies,161.1,271.4,42.78,0,162.3,0,
01-09-2022,Office Supplies,183.3,263.5,42.44,0,172.2,0,
02-09-2022,Office Supplies,317,262.2,41.33,1,301.1,0,
03-09-2022,Office Supplies,170.2,278.9,41.98,0,169.5,0,
04-09-2022,Office Supplies,155.3,280,42.45,0,140.5,0,
05-09-2022,Office Supplies,125,297.3,42.7,0,117.1,0,
06-09-2022,Office Supplies,142.6,286.6,41.35,0,146.7,0,
07-09-2022,Office Supplies,158.9,284.8,41.36,0,150.5,0,
08-09-2022,Office Supplies,190.4,281.7,41.62,0,198.7,0,
09-09-2022,Office Supplies,190.3,276.6,43.04,0,175.4,0,
10-09-2022,Office Supplies,171.8,276.7,41.72,0,173.2,0,
11-09-2022,Office Supplies,166.4,279.2,41.18,0,153.8,0,
12-09-2022,Office Supplies,146.5,290.7,42.99,0,148.7,0,
13-09-2022,Office Supplies,249.7,286.2,41.04,1,232.8,0,
14-09-2022,Office Supplies,176.7,285.1,41.82,0,182,0,
15-09-2022,Office Supplies,220.3,275.4,40.93,0,218.9,0,
16-09-2022,Office Supplies,199.4,274.3,42.44,0,205.8,0,
17-09-2022,Office Supplies,193.2,276.2,42.05,0,192,0,
18-09-2022,Office Supplies,140.1,297.1,42.45,0,143.1,0,
19-09-2022,Office Supplies,147.3,290.4,41.54,0,151.8,0,
20-09-2022,Office Supplies,141.9,288.4,43.5,0,137.7,0,
21-09-2022,Office Supplies,177.4,283.5,41.92,0,177.6,0,
22-09-2022,Office Supplies,192.9,278,42.76,0,174.4,0,
23-09-2022,Office Supplies,206.4,276.1,42.03,0,201.2,0,
24-09-2022,Office Supplies,214.8,264.8,41.82,0,200.2,0,
25-09-2022,Office Supplies,175.1,279.4,42.35,0,160.6,0,
26-09-2022,Office Supplies,140.3,286.3,43.92,0,147.2,0,
27-09-2022,Office Supplies,158.8,272.8,42.34,0,166.7,0,
28-09-2022,Office Supplies,197.7,259.9,41.67,0,184.2,0,
29-09-2022,Office Supplies,193.5,265.3,42.97,0,200.2,0,
30-09-2022,Office Supplies,231.9,258.4,40.58,0,239.9,0,
01-10-2022,Office Supplies,202.5,266.9,44.34,0,211.9,0,
02-10-2022,Office Supplies,201.4,264.7,42.61,0,193.1,0,
03-10-2022,Office Supplies,150.1,272.6,41.42,0,156.1,0,
04-10-2022,Office Supplies,173.4,268.5,41.54,0,176.4,0,
05-10-2022,Office Supplies,174,267.8,42.36,0,175.7,0,
06-10-2022,Office Supplies,219.2,253.2,40.67,0,205.4,0,
07-10-2022,Office Supplies,226,249.3,43.17,0,220,0,
08-10-2022,Office Supplies,203.1,260.5,42.99,0,206.8,0,
09-10-2022,Office Supplies,181.9,270.3,42.79,0,186.8,0,
10-10-2022,Office Supplies,171,278.4,41.82,0,159,0,
11-10-2022,Office Supplies,188.5,276.7,44.64,0,178.5,0,
12-10-2022,Office Supplies,203,270.4,41.44,0,187.6,0,
13-10-2022,Office Supplies,227,260.6,41.71,0,209.4,0,
14-10-2022,Office Supplies,237.2,256.8,41.07,0,221.1,0,
15-10-2022,Office Supplies,731.1,260.8,42.28,0,230.5,1,demand_spike
16-10-2022,Office Supplies,189.3,274.6,41.68,0,180.6,0,
17-10-2022,Office Supplies,185.1,275.5,42.43,0,180.4,0,
18-10-2022,Office Supplies,273.6,277.7,43.56,1,246.7,0,
19-10-2022,Office Supplies,192,274.7,42.99,0,194.5,0,
20-10-2022,Office Supplies,230.9,265.3,41.78,0,217.8,0,
21-10-2022,Office Supplies,242.8,258,42.08,0,244.1,0,
22-10-2022,Office Supplies,226.9,260.7,41.73,0,211,0,
23-10-2022,Office Supplies,204.5,262.7,42.88,0,195.6,0,
24-10-2022,Office Supplies,191.3,263.5,41.25,0,187,0,
25-10-2022,Office Supplies,174.2,274.4,43.56,0,173.3,0,
26-10-2022,Office Supplies,212.2,266.6,42.48,0,196.2,0,
27-10-2022,Office Supplies,257.4,256.2,40.68,0,248.3,0,
28-10-2022,Office Supplies,234.7,266.7,41.97,0,211.7,0,
29-10-2022,Office Supplies,346.5,258,40.4,1,318.7,0,
30-10-2022,Office Supplies,204.6,262.3,42.18,0,194.3,0,
31-10-2022,Office Supplies,163.8,275.4,41.8,0,170.4,0,
01-11-2022,Office Supplies,176,267.3,40.67,0,181.8,0,
02-11-2022,Office Supplies,224.7,244.8,43.28,0,219.9,0,
03-11-2022,Office Supplies,364.9,235.2,43.77,1,361.5,0,
04-11-2022,Office Supplies,258.8,236.3,42.01,0,244.1,0,
05-11-2022,Office Supplies,238.2,247,41.93,0,238.4,0,
06-11-2022,Office Supplies,197.9,252.3,42.17,0,185.2,0,
07-11-2022,Office Supplies,188.4,256.7,42.06,0,169.6,0,
08-11-2022,Office Supplies,206.5,244.3,41.81,0,215.7,0,
09-11-2022,Office Supplies,208.2,245.5,43.4,0,199.3,0,
10-11-2022,Office Supplies,417.1,225.8,42.43,1,408.1,0,
11-11-2022,Office Supplies,244,233.6,42.13,0,223.2,0,
12-11-2022,Office Supplies,248.2,233.8,42.75,0,243,0,
13-11-2022,Office Supplies,205.2,255.1,42.38,0,212.5,0,
14-11-2022,Office Supplies,189.2,178,42.29,0,195.2,0,
15-11-2022,Office Supplies,189.2,179.5,41.48,0,186.6,0,
16-11-2022,Office Supplies,259.5,167.2,42.41,0,59.7,1,supplier_delay
17-11-2022,Office Supplies,258.9,165.7,42.78,0,247.1,0,
18-11-2022,Office Supplies,275.3,166,41.62,0,255.8,0,
19-11-2022,Office Supplies,227.3,268.6,42.94,0,219,0,
20-11-2022,Office Supplies,224.4,268.2,42.57,0,229.3,0,
21-11-2022,Office Supplies,208.2,268.8,42.85,0,209.5,0,
22-11-2022,Office Supplies,,257.8,41.98,0,197.2,0,
23-11-2022,Office Supplies,228.1,262.2,41.47,0,217,0,
24-11-2022,Office Supplies,250.3,260.8,42.51,0,261.4,0,
25-11-2022,Office Supplies,272.3,255.2,42.77,0,255.8,0,
26-11-2022,Office Supplies,239.5,269.3,43.82,0,226.6,0,
27-11-2022,Office Supplies,221.6,268.9,41.15,0,211,0,
28-11-2022,Office Supplies,212.2,278.2,42.31,0,215.9,0,
29-11-2022,Office Supplies,223.2,276,42.74,0,229.3,0,
30-11-2022,Office Supplies,240.1,269.4,42.79,0,223.9,0,
01-12-2022,Office Supplies,258.8,186.3,41.24,0,248.7,0,
02-12-2022,Office Supplies,275,179.8,42.81,0,283.2,0,
03-12-2022,Office Supplies,258.7,180.5,40.98,0,53.1,1,supplier_delay
04-12-2022,Office Supplies,207.3,186.9,41.07,0,199.2,0,
05-12-2022,Office Supplies,201.9,188.7,43.36,0,198.5,0,
06-12-2022,Office Supplies,204.5,267.7,41.45,0,203.7,0,
07-12-2022,Office Supplies,244.1,246.6,43.05,0,230.8,0,
08-12-2022,Office Supplies,241.6,239.6,42.38,0,238.3,0,
09-12-2022,Office Supplies,268.8,236.3,43.1,0,271.1,0,
10-12-2022,Office Supplies,402.6,242.9,41.81,1,367.8,0,
11-12-2022,Office Supplies,212,254.7,41.84,0,222.5,0,
12-12-2022,Office Supplies,205.8,260.9,42.62,0,214,0,
13-12-2022,Office Supplies,216.3,249.3,43.29,0,199.7,0,
14-12-2022,Office Supplies,216.7,253.9,43.15,0,205.8,0,
15-12-2022,Office Supplies,265.9,226.4,41.63,0,250.5,0,
16-12-2022,Office Supplies,265.4,225.9,43.89,0,239.7,0,
17-12-2022,Office Supplies,,236.8,41.24,0,239.3,0,
18-12-2022,Office Supplies,234.9,241.8,41.99,0,217,0,
19-12-2022,Office Supplies,228.1,249.7,43.13,0,210,0,
20-12-2022,Office Supplies,220.4,251,42.53,0,205.3,0,
21-12-2022,Office Supplies,246.8,242.8,43.51,0,250.3,0,
22-12-2022,Office Supplies,249.9,248,42.11,0,229.8,0,
23-12-2022,Office Supplies,268.4,247.8,42.94,0,266.8,0,
24-12-2022,Office Supplies,257.1,249.1,41.3,0,242.6,0,
25-12-2022,Office Supplies,217.7,262.9,41.41,0,198.1,0,
26-12-2022,Office Supplies,231.3,255.3,41.75,0,242,0,
27-12-2022,Office Supplies,212.8,267.1,41.24,0,212.2,0,
28-12-2022,Office Supplies,334.7,254.3,41.28,1,311.5,0,
29-12-2022,Office Supplies,271.4,251.2,42.03,0,264.8,0,
30-12-2022,Office Supplies,277.5,248.2,42.3,0,266,0,
31-12-2022,Office Supplies,258.4,237.7,42.25,0,239.3,0,
01-01-2023,Office Supplies,243.6,237.4,42.81,0,254.4,0,
02-01-2023,Office Supplies,279.8,241.4,42.06,1,287.8,0,
03-01-2023,Office Supplies,,243.7,40.99,0,193.6,0,
04-01-2023,Office Supplies,238.1,220.7,41.86,0,243.3,0,
01-01-2020,Pet Supplies,189.7,474.8,65.15,0,184.9,0,
02-01-2020,Pet Supplies,203.6,482.3,64.49,0,198.7,0,
03-01-2020,Pet Supplies,210.8,480.6,67.59,0,205.1,0,
04-01-2020,Pet Supplies,192.3,485.1,66.23,0,196.9,0,
05-01-2020,Pet Supplies,170.8,489.9,66.73,0,156.9,0,
06-01-2020,Pet Supplies,174.2,490.5,66.34,0,177.5,0,
07-01-2020,Pet Supplies,155.5,494.9,67.2,0,140.5,0,
08-01-2020,Pet Supplies,168.4,480.9,66.78,0,159.7,0,
09-01-2020,Pet Supplies,184.1,474.9,66.29,0,171.1,0,
10-01-2020,Pet Supplies,202.4,464,66.93,0,198.1,0,
11-01-2020,Pet Supplies,180.5,472,67.27,0,176.6,0,
12-01-2020,Pet Supplies,168.4,475.4,66.63,0,164.4,0,
13-01-2020,Pet Supplies,171.4,471.2,65.51,0,161.7,0,
14-01-2020,Pet Supplies,149.4,482.5,66.46,0,146.1,0,
15-01-2020,Pet Supplies,158.6,479.4,66.83,0,159.6,0,
16-01-2020,Pet Supplies,197.6,465.8,66.55,0,189.5,0,
17-01-2020,Pet Supplies,184.3,468,67.2,0,191.5,0,
18-01-2020,Pet Supplies,219.1,470.5,67.17,1,199.4,0,
19-01-2020,Pet Supplies,161.8,475.4,66.56,0,169.6,0,
20-01-2020,Pet Supplies,149.4,475.2,65.89,0,151.5,0,
21-01-2020,Pet Supplies,145.6,476.7,66.83,0,144,0,
22-01-2020,Pet Supplies,173.9,465.7,63.84,0,161.8,0,
23-01-2020,Pet Supplies,175.2,462,68.31,0,174.2,0,
24-01-2020,Pet Supplies,177.6,463.7,69.08,0,181.2,0,
25-01-2020,Pet Supplies,155.9,465.5,66.59,0,146.2,0,
26-01-2020,Pet Supplies,132.2,475.3,66.27,0,119.7,0,
27-01-2020,Pet Supplies,146.7,472.4,66.66,0,141.8,0,
28-01-2020,Pet Supplies,134.4,482.8,67.51,0,127.1,0,
29-01-2020,Pet Supplies,160.1,466.3,68.09,0,151,0,
30-01-2020,Pet Supplies,194.7,461,67.54,0,196.4,0,
31-01-2020,Pet Supplies,183.3,462.9,68.4,0,169,0,
01-02-2020,Pet Supplies,167.5,458.7,67.36,0,167.1,0,
02-02-2020,Pet Supplies,153.3,459.6,69.15,0,139.4,0,
03-02-2020,Pet Supplies,158.6,460.6,67.32,0,164.6,0,
04-02-2020,Pet Supplies,122.1,471.1,66.08,0,120.7,0,
05-02-2020,Pet Supplies,153.5,468.5,64.03,0,159.6,0,
06-02-2020,Pet Supplies,183.6,457.8,66.2,0,189.1,0,
07-02-2020,Pet Supplies,,460.1,66.55,0,180.4,0,
08-02-2020,Pet Supplies,172.2,460.1,67.13,0,158.1,0,
09-02-2020,Pet Supplies,136.5,465.7,65.96,0,137.1,0,
10-02-2020,Pet Supplies,118.8,470.8,66.3,0,114.1,0,
11-02-2020,Pet Supplies,152.4,459.7,63.76,0,147.7,0,
12-02-2020,Pet Supplies,149,461.1,68.12,0,140.3,0,
13-02-2020,Pet Supplies,170.7,454.9,68.07,0,157.2,0,
14-02-2020,Pet Supplies,174.2,453.9,67.4,0,164.7,0,
15-02-2020,Pet Supplies,166.4,456.7,66.96,0,163.5,0,
16-02-2020,Pet Supplies,138.9,470.4,66.8,0,133.6,0,
17-02-2020,Pet Supplies,127.9,468.9,66.41,0,128.6,0,
18-02-2020,Pet Supplies,159.8,463.9,68.34,1,163.9,0,
19-02-2020,Pet Supplies,135.7,470,65.66,0,126.4,0,
20-02-2020,Pet Supplies,166.6,467.1,64.13,0,151.3,0,
21-02-2020,Pet Supplies,153.7,472.2,66.81,0,161.2,0,
22-02-2020,Pet Supplies,158.6,480.9,67.67,0,163.7,0,
23-02-2020,Pet Supplies,137.7,489.6,66.42,0,129.4,0,
24-02-2020,Pet Supplies,97.1,511.1,67.98,0,89.7,0,
25-02-2020,Pet Supplies,129.3,508.8,68.62,0,134.8,0,
26-02-2020,Pet Supplies,138.2,514.2,66.76,0,129.2,0,
27-02-2020,Pet Supplies,163.4,500.9,69.01,0,152.5,0,
28-02-2020,Pet Supplies,170.3,338.1,63.53,0,156.1,0,
29-02-2020,Pet Supplies,180.7,343.3,65.16,1,170.5,0,
01-03-2020,Pet Supplies,164.8,341.9,67.65,1,31,1,supplier_delay
02-03-2020,Pet Supplies,100.4,351.9,67.29,0,98.9,0,
03-03-2020,Pet Supplies,114.2,353.1,65.59,0,104.4,0,
04-03-2020,Pet Supplies,,514.1,66.2,0,153.2,0,
05-03-2020,Pet Supplies,145.1,511.5,69.37,0,142.3,0,
06-03-2020,Pet Supplies,157.1,508.2,68.11,0,151.2,0,
07-03-2020,Pet Supplies,136.6,505.3,63.38,0,139,0,
08-03-2020,Pet Supplies,,504.1,65.88,0,116,0,
09-03-2020,Pet Supplies,113.3,504,66.26,0,117.2,0,
10-03-2020,Pet Supplies,82.6,516.3,67.6,0,83,0,
11-03-2020,Pet Supplies,129.1,501.4,67.04,0,129.2,0,
12-03-2020,Pet Supplies,118.3,501.9,67.88,0,112.5,0,
13-03-2020,Pet Supplies,142.6,490.5,66.81,0,149.5,0,
14-03-2020,Pet Supplies,171,508.2,66.69,1,170.6,0,
15-03-2020,Pet Supplies,103.3,509.1,67.21,0,99.8,0,
16-03-2020,Pet Supplies,117.7,495.6,65.63,0,108.5,0,
17-03-2020,Pet Supplies,117.4,492.8,66.95,0,115.4,0,
18-03-2020,Pet Supplies,117.8,495.3,68.58,0,117.8,0,
19-03-2020,Pet Supplies,159.1,483.4,63.81,0,152.1,0,
20-03-2020,Pet Supplies,148.9,482.7,66.92,0,135.5,0,
21-03-2020,Pet Supplies,126.6,490.4,63.36,0,129.1,0,
22-03-2020,Pet Supplies,92.3,506.3,67.37,0,92.1,0,
23-03-2020,Pet Supplies,98.6,314.9,66.59,0,98.8,0,
24-03-2020,Pet Supplies,96.7,315.7,67.57,0,90.6,0,
25-03-2020,Pet Supplies,113.2,313.1,65.28,0,11.5,1,supplier_delay
26-03-2020,Pet Supplies,136.6,306.4,65.74,0,132.2,0,
27-03-2020,Pet Supplies,129.8,309.1,67.73,0,121.5,0,
28-03-2020,Pet Supplies,137.7,498.9,67.99,0,140.1,0,
29-03-2020,Pet Supplies,102.3,516.3,64.95,0,100.3,0,
30-03-2020,Pet Supplies,86.6,523.2,65.76,0,79.6,0,
31-03-2020,Pet Supplies,106.2,517.3,65.01,0,98.7,0,
01-04-2020,Pet Supplies,114.6,524.2,67.56,0,118.4,0,
02-04-2020,Pet Supplies,138.2,517.7,66.88,0,137.5,0,
03-04-2020,Pet Supplies,163.2,516.3,67.22,1,156.7,0,
04-04-2020,Pet Supplies,109,520.6,66.4,0,109.9,0,
05-04-2020,Pet Supplies,108.1,516.9,63.48,0,110.4,0,
06-04-2020,Pet Supplies,85.5,521.2,65.34,0,78.4,0,
07-04-2020,Pet Supplies,99.3,526.7,66.1,0,101.9,0,
08-04-2020,Pet Supplies,471.2,520.5,64.66,0,111.6,1,demand_spike
09-04-2020,Pet Supplies,126.1,522.5,63.52,0,115.2,0,
10-04-2020,Pet Supplies,132.1,519.6,67.65,0,125.3,0,
11-04-2020,Pet Supplies,128,526.1,65.26,0,118.4,0,
12-04-2020,Pet Supplies,98.4,529.6,67.05,0,94.9,0,
13-04-2020,Pet Supplies,65.9,539.2,68.17,0,61.5,0,
14-04-2020,Pet Supplies,87.4,524.7,65.62,0,83.4,0,
15-04-2020,Pet Supplies,113.2,517.1,66.25,0,106,0,
16-04-2020,Pet Supplies,138.6,513.4,67.23,0,124.8,0,
17-04-2020,Pet Supplies,133.8,519.7,65.93,0,120.8,0,
18-04-2020,Pet Supplies,160.6,520.8,66.59,1,156.9,0,
19-04-2020,Pet Supplies,104.7,526.6,67.42,0,102.3,0,
20-04-2020,Pet Supplies,94.7,530,63.99,0,85.7,0,
21-04-2020,Pet Supplies,94,527.3,68.67,0,94.5,0,
22-04-2020,Pet Supplies,121.9,516.1,66.84,0,110.2,0,
23-04-2020,Pet Supplies,143.1,507.7,66.7,0,139.2,0,
24-04-2020,Pet Supplies,121.6,515.3,66.58,0,116.6,0,
25-04-2020,Pet Supplies,152.9,522.2,68.65,1,157.9,0,
26-04-2020,Pet Supplies,91.9,537.9,64.67,0,90.7,0,
27-04-2020,Pet Supplies,109.3,531.1,67.11,0,111.8,0,
28-04-2020,Pet Supplies,359.4,530.2,68.05,0,103.5,1,demand_spike
29-04-2020,Pet Supplies,164.5,522.4,68.01,1,152.4,0,
30-04-2020,Pet Supplies,116.9,513.7,67.53,0,106.3,0,
01-05-2020,Pet Supplies,129.7,513.4,65.84,0,131.8,0,
02-05-2020,Pet Supplies,120.8,509.1,67.27,0,120.2,0,
03-05-2020,Pet Supplies,94.3,505.8,67.53,0,93.9,0,
04-05-2020,Pet Supplies,95.9,509,66.66,0,90.8,0,
05-05-2020,Pet Supplies,90.1,514.1,65.6,0,82.5,0,
06-05-2020,Pet Supplies,118.3,500.3,66.25,0,119.3,0,
07-05-2020,Pet Supplies,120.2,501.2,66.37,0,117.9,0,
08-05-2020,Pet Supplies,135.4,490.1,65.35,0,132,0,
09-05-2020,Pet Supplies,499.9,493.7,67.35,0,123,1,demand_spike
10-05-2020,Pet Supplies,109.9,499,66.62,0,115.2,0,
11-05-2020,Pet Supplies,98.3,506,68.65,0,99.4,0,
12-05-2020,Pet Supplies,101.8,506.9,65.22,0,105.9,0,
13-05-2020,Pet Supplies,109.5,495.1,66.56,0,105.1,0,
14-05-2020,Pet Supplies,137.8,488.1,68.12,0,142.6,0,
15-05-2020,Pet Supplies,139.5,498.6,65.53,0,140.7,0,
16-05-2020,Pet Supplies,391.7,502.5,64.58,0,126.9,1,demand_spike
17-05-2020,Pet Supplies,,502.5,67.07,0,107.2,0,
18-05-2020,Pet Supplies,98.2,502.4,63.96,0,91.3,0,
19-05-2020,Pet Supplies,94.4,501,67.18,0,86.1,0,
20-05-2020,Pet Supplies,113.7,483.6,63.7,0,110.3,0,
21-05-2020,Pet Supplies,131.4,478.8,66.72,0,137.8,0,
22-05-2020,Pet Supplies,149.7,471.5,67.96,0,154.3,0,
23-05-2020,Pet Supplies,155.8,479.4,66.31,1,140.6,0,
24-05-2020,Pet Supplies,100.9,484,66.64,0,105.5,0,
25-05-2020,Pet Supplies,103.3,479.7,66,0,100.2,0,
26-05-2020,Pet Supplies,100.9,484.7,68.38,0,93.6,0,
27-05-2020,Pet Supplies,120.7,479.7,65.59,0,125.2,0,
28-05-2020,Pet Supplies,136.1,472.4,68.55,0,141.4,0,
29-05-2020,Pet Supplies,138.7,473.8,67.02,0,142.5,0,
30-05-2020,Pet Supplies,127.5,478.9,67.11,0,126.7,0,
31-05-2020,Pet Supplies,109.6,479.5,67.9,0,102.5,0,
01-06-2020,Pet Supplies,105.2,480,65.45,0,98.5,0,
02-06-2020,Pet Supplies,99.1,480.9,66.99,0,103.6,0,
03-06-2020,Pet Supplies,135.3,467.2,65.16,0,127.5,0,
04-06-2020,Pet Supplies,198.5,459.9,68.78,1,191.3,0,
05-06-2020,Pet Supplies,154.6,451.5,66.6,0,156.5,0,
06-06-2020,Pet Supplies,133.9,464,67.31,0,137.1,0,
07-06-2020,Pet Supplies,134.2,460.7,69.4,0,129.1,0,
08-06-2020,Pet Supplies,114.8,471,67.96,0,110.1,0,
09-06-2020,Pet Supplies,108.6,316.5,66.43,0,103.5,0,
10-06-2020,Pet Supplies,159.5,306.8,69.88,0,152.9,0,
11-06-2020,Pet Supplies,147.4,305.2,65.1,0,7.9,1,supplier_delay
12-06-2020,Pet Supplies,150.7,308.4,65.89,0,137.1,0,
13-06-2020,Pet Supplies,141.7,317.1,66.8,0,144.5,0,
14-06-2020,Pet Supplies,134.2,472.4,65.58,0,125.1,0,
15-06-2020,Pet Supplies,106.6,487.2,66.77,0,98.5,0,
16-06-2020,Pet Supplies,126.7,474.8,65.39,0,116.4,0,
17-06-2020,Pet Supplies,125.3,474.9,66.43,0,117.2,0,
18-06-2020,Pet Supplies,157.3,459.5,65.27,0,161.2,0,
19-06-2020,Pet Supplies,173.7,456.5,65.09,0,170.4,0,
20-06-2020,Pet Supplies,147.8,463.2,67.79,0,138.9,0,
21-06-2020,Pet Supplies,145.8,463.6,67.38,0,135.3,0,
22-06-2020,Pet Supplies,111.3,480.5,65.4,0,113,0,
23-06-2020,Pet Supplies,126.3,482.2,66.21,0,123.3,0,
24-06-2020,Pet Supplies,180,478.2,68.46,1,165.2,0,
25-06-2020,Pet Supplies,231.4,469.7,66.66,1,221.3,0,
26-06-2020,Pet Supplies,166,480.7,65.51,0,160.5,0,
27-06-2020,Pet Supplies,154.1,489.8,66.1,0,146.8,0,
28-06-2020,Pet Supplies,141.9,494.2,66.36,0,133.4,0,
29-06-2020,Pet Supplies,135,497.9,65.12,0,128.2,0,
30-06-2020,Pet Supplies,136.2,496.2,66.79,0,137.7,0,
01-07-2020,Pet Supplies,144.7,505.3,67.01,0,150.9,0,
02-07-2020,Pet Supplies,185.8,495,67.61,0,167.9,0,
03-07-2020,Pet Supplies,188.1,493.8,66.38,0,187,0,
04-07-2020,Pet Supplies,171.3,501.4,65.46,0,156.1,0,
05-07-2020,Pet Supplies,154.9,507.7,66.96,0,144.1,0,
06-07-2020,Pet Supplies,144.8,521,66.91,0,142.2,0,
07-07-2020,Pet Supplies,143.2,521.4,65.37,0,146,0,
08-07-2020,Pet Supplies,158.6,520.6,67.3,0,153.1,0,
09-07-2020,Pet Supplies,196.1,508.8,68.56,0,202.4,0,
10-07-2020,Pet Supplies,191.6,501.7,68.26,0,193,0,
11-07-2020,Pet Supplies,163.2,510.2,64.38,0,151.6,0,
12-07-2020,Pet Supplies,155.9,516.7,67.88,0,156.3,0,
13-07-2020,Pet Supplies,155.6,517.4,66.38,0,147.5,0,
14-07-2020,Pet Supplies,159.4,510.5,65.58,0,161.8,0,
15-07-2020,Pet Supplies,177.4,513,62.67,0,165.8,0,
16-07-2020,Pet Supplies,,508,67.14,0,160.7,0,
17-07-2020,Pet Supplies,196.9,497.4,67.33,0,196.1,0,
18-07-2020,Pet Supplies,310.5,492.2,65.68,1,308.2,0,
19-07-2020,Pet Supplies,153.9,499.4,65.11,0,151.8,0,
20-07-2020,Pet Supplies,176.1,493,65.9,0,164.9,0,
21-07-2020,Pet Supplies,167.4,498.7,67.23,0,155.8,0,
22-07-2020,Pet Supplies,252.8,491.4,68.04,1,262.1,0,
23-07-2020,Pet Supplies,188,492.4,65.21,0,184.2,0,
24-07-2020,Pet Supplies,196,493.8,65.71,0,188.4,0,
25-07-2020,Pet Supplies,189.1,494.3,65.37,0,193.5,0,
26-07-2020,Pet Supplies,163.1,494.5,66.19,0,148.1,0,
27-07-2020,Pet Supplies,164.5,501.6,65.71,0,164.7,0,
28-07-2020,Pet Supplies,163.9,498.5,65.36,0,151.1,0,
29-07-2020,Pet Supplies,195.7,477.9,68.28,0,182.8,0,
30-07-2020,Pet Supplies,176,481.8,63.99,0,175.3,0,
31-07-2020,Pet Supplies,208.2,475.1,64.85,0,196.1,0,
01-08-2020,Pet Supplies,191.8,483.7,66.17,0,195,0,
02-08-2020,Pet Supplies,185.4,479.9,67.19,0,181.3,0,
03-08-2020,Pet Supplies,198.9,466.6,67.67,0,188.6,0,
04-08-2020,Pet Supplies,197.2,468.7,66.1,0,203.1,0,
05-08-2020,Pet Supplies,192.7,472.6,67,0,191.6,0,
06-08-2020,Pet Supplies,330.6,472.3,63.79,1,318.4,0,
07-08-2020,Pet Supplies,,477.8,65.15,0,204.1,0,
08-08-2020,Pet Supplies,208.1,479.3,65.27,0,195.7,0,
09-08-2020,Pet Supplies,200.9,476.9,67.6,0,184,0,
10-08-2020,Pet Supplies,171.5,483.3,66.87,0,162.1,0,
11-08-2020,Pet Supplies,204.5,472.2,66.31,0,192.1,0,
12-08-2020,Pet Supplies,214.6,464.6,66.34,0,204,0,
13-08-2020,Pet Supplies,230.7,465.2,65.83,0,223.8,0,
14-08-2020,Pet Supplies,230.9,470.2,66.45,0,210,0,
15-08-2020,Pet Supplies,208.9,469.9,66.33,0,191.3,0,
16-08-2020,Pet Supplies,211.6,467.4,65.55,0,213.6,0,
17-08-2020,Pet Supplies,189.2,484.5,65.51,0,175.5,0,
18-08-2020,Pet Supplies,180.8,492.8,66.4,0,171.9,0,
19-08-2020,Pet Supplies,214.5,483.6,65.15,0,213.5,0,
20-08-2020,Pet Supplies,218.9,487.8,67.14,0,229.1,0,
21-08-2020,Pet Supplies,229.1,493,65.47,0,210.8,0,
22-08-2020,Pet Supplies,232.4,492.5,64.02,0,235.5,0,
23-08-2020,Pet Supplies,208.4,492.9,66.01,0,202.9,0,
24-08-2020,Pet Supplies,199.7,499.8,67.38,0,182.5,0,
25-08-2020,Pet Supplies,216.3,499.4,67.24,0,200.1,0,
26-08-2020,Pet Supplies,199.4,499.4,65.01,0,200.2,0,
27-08-2020,Pet Supplies,248.6,485.9,65.36,0,256.6,0,
28-08-2020,Pet Supplies,243.9,483.4,67.3,0,220,0,
29-08-2020,Pet Supplies,,478.7,66.76,0,216.8,0,
30-08-2020,Pet Supplies,,484.5,65.61,0,206.6,0,
31-08-2020,Pet Supplies,213.6,492.6,64.86,0,223.9,0,
01-09-2020,Pet Supplies,222.1,491.7,66.95,0,221.6,0,
02-09-2020,Pet Supplies,226.2,491.4,64.12,0,215.8,0,
03-09-2020,Pet Supplies,243.5,479.5,63.33,0,226.5,0,
04-09-2020,Pet Supplies,255.4,479.1,67.96,0,238.6,0,
05-09-2020,Pet Supplies,219.5,487.1,65.87,0,199.2,0,
06-09-2020,Pet Supplies,222.8,482.2,66.2,0,233.8,0,
07-09-2020,Pet Supplies,219,487.7,66.61,0,229.3,0,
08-09-2020,Pet Supplies,214,483.2,67.3,0,193,0,
09-09-2020,Pet Supplies,278,478.1,65.57,1,261.5,0,
10-09-2020,Pet Supplies,381.4,465.6,66.47,1,344.4,0,
11-09-2020,Pet Supplies,250.2,464,66.48,0,236.6,0,
12-09-2020,Pet Supplies,243.8,455,66.11,0,252.4,0,
13-09-2020,Pet Supplies,225.4,463.2,64.48,0,232.5,0,
14-09-2020,Pet Supplies,235.4,462.1,66.63,0,236.1,0,
15-09-2020,Pet Supplies,213.8,479.5,66.97,0,224.1,0,
16-09-2020,Pet Supplies,249.1,470.1,66.39,0,252.1,0,
17-09-2020,Pet Supplies,380.6,464.9,65.64,1,356.4,0,
18-09-2020,Pet Supplies,383.7,465.8,66.85,1,393.4,0,
19-09-2020,Pet Supplies,258.1,472.7,67.1,0,252,0,
20-09-2020,Pet Supplies,250.5,481.5,67.32,0,244.3,0,
21-09-2020,Pet Supplies,327,478,68.25,1,335.1,0,
22-09-2020,Pet Supplies,226.4,475.5,66.84,0,221.9,0,
23-09-2020,Pet Supplies,246.9,464.8,66.9,0,234.3,0,
24-09-2020,Pet Supplies,280.9,462.2,65.39,0,292,0,
25-09-2020,Pet Supplies,268.3,470,64.51,0,244.4,0,
26-09-2020,Pet Supplies,244.1,482.9,67.51,0,243.7,0,
27-09-2020,Pet Supplies,236.7,479.7,67.79,0,240.9,0,
28-09-2020,Pet Supplies,290.7,483.5,67.88,1,263.9,0,
29-09-2020,Pet Supplies,241.9,470.7,65.55,0,226.2,0,
30-09-2020,Pet Supplies,238.8,466.1,65.75,0,223,0,
01-10-2020,Pet Supplies,261.7,459.9,64.7,0,270.4,0,
02-10-2020,Pet Supplies,273,457.6,64.1,0,272.4,0,
03-10-2020,Pet Supplies,258.2,464,65.99,0,240.7,0,
04-10-2020,Pet Supplies,245.3,464.6,68,0,254.2,0,
05-10-2020,Pet Supplies,235.7,469.6,65.97,0,220.8,0,
06-10-2020,Pet Supplies,240.6,468.1,68.57,0,240.5,0,
07-10-2020,Pet Supplies,245.3,474.6,66.58,0,237.5,0,
08-10-2020,Pet Supplies,277.9,462.7,65.59,0,254.2,0,
09-10-2020,Pet Supplies,269.2,456.1,66.38,0,272.6,0,
10-10-2020,Pet Supplies,264,460.8,67.6,0,250.6,0,
11-10-2020,Pet Supplies,235.8,470.9,67.64,0,224.9,0,
12-10-2020,Pet Supplies,237.7,465.9,67.27,0,221.6,0,
13-10-2020,Pet Supplies,243.3,462.6,64.15,0,248.3,0,
14-10-2020,Pet Supplies,257.5,459.3,66.04,0,237.9,0,
15-10-2020,Pet Supplies,265.2,455.1,66.61,0,247.4,0,
16-10-2020,Pet Supplies,287.8,442.7,66.63,0,276.6,0,
17-10-2020,Pet Supplies,272.2,446.4,66.63,0,251.1,0,
18-10-2020,Pet Supplies,248.4,458,66.66,0,227.8,0,
19-10-2020,Pet Supplies,238,459.3,66,0,232.8,0,
20-10-2020,Pet Supplies,236.3,460.9,64.95,0,246.4,0,
21-10-2020,Pet Supplies,252.9,455,65.77,0,258.1,0,
22-10-2020,Pet Supplies,288.7,438.1,65.83,0,267.5,0,
23-10-2020,Pet Supplies,275,441.6,66.19,0,271.7,0,
24-10-2020,Pet Supplies,294.9,433.5,68.33,0,300.5,0,
25-10-2020,Pet Supplies,239.9,453.7,66.08,0,221.1,0,
26-10-2020,Pet Supplies,244.2,458.6,65.24,0,222.8,0,
27-10-2020,Pet Supplies,339.7,462.3,68.35,1,351.2,0,
28-10-2020,Pet Supplies,260.3,454.5,64.12,0,243.8,0,
29-10-2020,Pet Supplies,259.9,448.8,64.64,0,253.3,0,
30-10-2020,Pet Supplies,265.8,439.5,67.16,0,247.6,0,
31-10-2020,Pet Supplies,270.5,438.9,63.6,0,245.4,0,
01-11-2020,Pet Supplies,241.6,444,65.28,0,236.1,0,
02-11-2020,Pet Supplies,367.4,435.2,65.83,1,354.7,0,
03-11-2020,Pet Supplies,242.5,448,65.46,0,244.7,0,
04-11-2020,Pet Supplies,262.5,444.5,65.19,0,270,0,
05-11-2020,Pet Supplies,274.9,442.4,66.47,0,253.2,0,
06-11-2020,Pet Supplies,278.3,442.8,66.4,0,257.6,0,
07-11-2020,Pet Supplies,283,449.5,65.5,0,295.1,0,
08-11-2020,Pet Supplies,261.6,455.1,64.58,0,251.9,0,
09-11-2020,Pet Supplies,241.8,464.1,65.95,0,252.2,0,
10-11-2020,Pet Supplies,250.5,466,65.68,0,238.2,0,
11-11-2020,Pet Supplies,270.5,469.3,66.66,0,257.6,0,
12-11-2020,Pet Supplies,399.1,469.9,65.66,1,401.5,0,
13-11-2020,Pet Supplies,262.7,477.8,65.94,0,240.3,0,
14-11-2020,Pet Supplies,272.4,465.8,67.39,0,262,0,
15-11-2020,Pet Supplies,261.8,479.5,68.16,0,250.6,0,
16-11-2020,Pet Supplies,222.2,493.5,66.65,0,201.1,0,
17-11-2020,Pet Supplies,236.5,493,64.56,0,223.9,0,
18-11-2020,Pet Supplies,255,481.1,64.65,0,244.8,0,
19-11-2020,Pet Supplies,262.8,472,67.77,0,238.8,0,
20-11-2020,Pet Supplies,274.4,465.3,66.62,0,247.8,0,
21-11-2020,Pet Supplies,254,471.5,65.99,0,251.5,0,
22-11-2020,Pet Supplies,244.4,473.1,67.61,0,227.5,0,
23-11-2020,Pet Supplies,368.9,471.4,69.26,1,352.1,0,
24-11-2020,Pet Supplies,219.8,477.4,65.65,0,200.4,0,
25-11-2020,Pet Supplies,244.6,458.3,67.29,0,223.8,0,
26-11-2020,Pet Supplies,283.3,448.9,67.34,0,261.5,0,
27-11-2020,Pet Supplies,265,453.5,64.52,0,239.7,0,
28-11-2020,Pet Supplies,236.7,466.7,66.35,0,240.1,0,
29-11-2020,Pet Supplies,246.1,461.5,66.61,0,254.9,0,
30-11-2020,Pet Supplies,232.6,463.7,67.22,0,227.6,0,
01-12-2020,Pet Supplies,238,462.9,66.39,0,243.4,0,
02-12-2020,Pet Supplies,251.9,462.1,65.68,0,231.9,0,
03-12-2020,Pet Supplies,278.5,459.9,65.34,0,269.5,0,
04-12-2020,Pet Supplies,262.6,464.5,65.57,0,241.9,0,
05-12-2020,Pet Supplies,257.3,468.2,65.85,0,270,0,
06-12-2020,Pet Supplies,236.4,474.6,66.41,0,214.8,0,
07-12-2020,Pet Supplies,236,473.3,68.24,0,228.1,0,
08-12-2020,Pet Supplies,240.1,462.5,68.62,0,220.2,0,
09-12-2020,Pet Supplies,250.9,460.3,68.25,0,228.4,0,
10-12-2020,Pet Supplies,282.9,446.1,65.14,0,285.8,0,
11-12-2020,Pet Supplies,337.3,454.2,69.24,1,307.7,0,
12-12-2020,Pet Supplies,266,451.2,66.95,0,240.4,0,
13-12-2020,Pet Supplies,227.5,459.9,64.76,0,237.2,0,
14-12-2020,Pet Supplies,218,458.6,65.95,0,202.3,0,
15-12-2020,Pet Supplies,247.1,452.6,67.4,0,253.7,0,
16-12-2020,Pet Supplies,229.3,456.4,66.41,0,239.2,0,
17-12-2020,Pet Supplies,264.5,448.7,65.27,0,267.9,0,
18-12-2020,Pet Supplies,272.6,432.9,66.28,0,249.6,0,
19-12-2020,Pet Supplies,260.2,446.6,66.5,0,240.8,0,
20-12-2020,Pet Supplies,215.5,454.9,66.32,0,199.7,0,
21-12-2020,Pet Supplies,216.2,458.6,65.79,0,215.8,0,
22-12-2020,Pet Supplies,228.6,457.3,65.48,0,211.9,0,
23-12-2020,Pet Supplies,,456.2,66.1,1,283.4,0,
24-12-2020,Pet Supplies,251.6,449.9,66.72,0,243.7,0,
25-12-2020,Pet Supplies,247.8,449.4,67.56,0,245,0,
26-12-2020,Pet Supplies,240.5,453.5,68.65,0,233.1,0,
27-12-2020,Pet Supplies,219.3,459.9,67.26,0,213.5,0,
28-12-2020,Pet Supplies,201.8,460.6,66.77,0,195.4,0,
29-12-2020,Pet Supplies,213.9,459.9,66.4,0,201,0,
30-12-2020,Pet Supplies,249.2,460.7,66.31,0,260,0,
31-12-2020,Pet Supplies,243,460.4,65.87,0,249.3,0,
01-01-2021,Pet Supplies,327.6,465.6,66.86,1,310.7,0,
02-01-2021,Pet Supplies,233.6,466.8,63.77,0,211.7,0,
03-01-2021,Pet Supplies,236,464.3,67.4,0,242.8,0,
04-01-2021,Pet Supplies,192.2,481.4,65.86,0,194.4,0,
05-01-2021,Pet Supplies,296.1,479.9,65.13,1,270.1,0,
06-01-2021,Pet Supplies,232.2,470.7,65.81,0,233.3,0,
07-01-2021,Pet Supplies,228.3,479,65.34,0,221,0,
08-01-2021,Pet Supplies,244.1,474.3,69.59,0,224.5,0,
09-01-2021,Pet Supplies,221.9,486.4,65.78,0,223.8,0,
10-01-2021,Pet Supplies,200.9,494.4,66.59,0,191.5,0,
11-01-2021,Pet Supplies,207.3,492.6,65.23,0,214.9,0,
12-01-2021,Pet Supplies,221.8,488.3,67.57,0,201,0,
13-01-2021,Pet Supplies,214.7,493.8,64.71,0,223.4,0,
14-01-2021,Pet Supplies,238.5,481.1,67.64,0,217.8,0,
15-01-2021,Pet Supplies,240.4,482.4,66.77,0,217.6,0,
16-01-2021,Pet Supplies,225.8,493.3,66.77,0,222.9,0,
17-01-2021,Pet Supplies,240.4,503.8,67.08,1,238.4,0,
18-01-2021,Pet Supplies,184.7,499.5,65.97,0,171.7,0,
19-01-2021,Pet Supplies,189.6,491.1,67.23,0,195.6,0,
20-01-2021,Pet Supplies,210,485.1,65.91,0,214.2,0,
21-01-2021,Pet Supplies,222,477.6,65.51,0,209.2,0,
22-01-2021,Pet Supplies,217.7,483.3,65.14,0,210.4,0,
23-01-2021,Pet Supplies,215.3,481.6,67.71,0,219.1,0,
24-01-2021,Pet Supplies,193.1,491,67.86,0,198,0,
25-01-2021,Pet Supplies,193.2,500.7,69.14,0,196.9,0,
26-01-2021,Pet Supplies,237.4,502.8,65.98,1,223.2,0,
27-01-2021,Pet Supplies,213.1,489.8,65.73,0,216.3,0,
28-01-2021,Pet Supplies,291.9,489.3,65.58,1,290.4,0,
29-01-2021,Pet Supplies,217.3,492,64.28,0,212.7,0,
30-01-2021,Pet Supplies,208.9,495.7,66.78,0,218.2,0,
31-01-2021,Pet Supplies,191.2,507.9,66.58,0,189.2,0,
01-02-2021,Pet Supplies,182.6,504.5,65.8,0,188.1,0,
02-02-2021,Pet Supplies,187.3,508.1,67.99,0,189.7,0,
03-02-2021,Pet Supplies,193.8,503.1,65.15,0,175.7,0,
04-02-2021,Pet Supplies,210.2,505.1,64.95,0,197.6,0,
05-02-2021,Pet Supplies,216.4,492.6,67.41,0,214.6,0,
06-02-2021,Pet Supplies,259.3,516.2,67.63,1,250.4,0,
07-02-2021,Pet Supplies,191.2,510,65.62,0,199.5,0,
08-02-2021,Pet Supplies,165,511.8,62.16,0,162.9,0,
09-02-2021,Pet Supplies,174.3,513.6,66,0,181.1,0,
10-02-2021,Pet Supplies,184.9,512.9,65.4,0,172.1,0,
11-02-2021,Pet Supplies,213.2,506.7,69.17,0,220.6,0,
12-02-2021,Pet Supplies,218.7,509.7,68.14,0,214.5,0,
13-02-2021,Pet Supplies,196.1,516.7,65.92,0,182.8,0,
14-02-2021,Pet Supplies,178.3,520.5,66.44,0,170.9,0,
15-02-2021,Pet Supplies,167.4,518,67.31,0,175,0,
16-02-2021,Pet Supplies,170.5,516.5,66.52,0,178,0,
17-02-2021,Pet Supplies,194.8,506.7,66.23,0,176,0,
18-02-2021,Pet Supplies,228.8,496.4,67.65,0,216.5,0,
19-02-2021,Pet Supplies,200.8,505.4,68.06,0,207.8,0,
20-02-2021,Pet Supplies,196.5,515.4,68.27,0,177.8,0,
21-02-2021,Pet Supplies,164.9,521.1,67.19,0,172,0,
22-02-2021,Pet Supplies,154.3,523.6,67.23,0,147.8,0,
23-02-2021,Pet Supplies,154.7,521.3,67.18,0,141.9,0,
24-02-2021,Pet Supplies,192.1,503.1,66.24,0,181.6,0,
25-02-2021,Pet Supplies,200.4,515.1,66.79,0,204.7,0,
26-02-2021,Pet Supplies,192.8,512.7,65.55,0,202.4,0,
27-02-2021,Pet Supplies,187.2,516.3,64.45,0,172.2,0,
28-02-2021,Pet Supplies,174.7,528.5,66.64,0,174,0,
01-03-2021,Pet Supplies,167.5,524.5,68.38,0,174,0,
02-03-2021,Pet Supplies,162.9,530.2,65.82,0,168.6,0,
03-03-2021,Pet Supplies,174.4,519.1,67.02,0,167,0,
04-03-2021,Pet Supplies,200.9,507.1,65.15,0,206.9,0,
05-03-2021,Pet Supplies,266.3,516.1,67.43,1,247.3,0,
06-03-2021,Pet Supplies,161.1,520.5,65.95,0,160.2,0,
07-03-2021,Pet Supplies,174.2,523.8,68.15,0,172.4,0,
08-03-2021,Pet Supplies,146.3,532.8,65.43,0,148.9,0,
09-03-2021,Pet Supplies,166.8,529.3,68.56,0,155.8,0,
10-03-2021,Pet Supplies,187.1,519.8,67.71,0,186,0,
11-03-2021,Pet Supplies,201.1,510.4,65.49,0,199.4,0,
12-03-2021,Pet Supplies,157,517.8,65.47,0,143.3,0,
13-03-2021,Pet Supplies,182.8,505.4,65.6,0,173.6,0,
14-03-2021,Pet Supplies,,384.5,68.04,0,141.9,0,
15-03-2021,Pet Supplies,139.8,391.7,64.4,0,146.8,0,
16-03-2021,Pet Supplies,152.9,390.2,66.84,0,34.7,1,supplier_delay
17-03-2021,Pet Supplies,158,384.3,64.17,0,148.1,0,
18-03-2021,Pet Supplies,186.1,376.4,64.4,0,190,0,
19-03-2021,Pet Supplies,194.9,497.5,64.18,0,199.3,0,
20-03-2021,Pet Supplies,168.9,520,65.5,0,175.7,0,
21-03-2021,Pet Supplies,156.8,523.6,64.94,0,144.2,0,
22-03-2021,Pet Supplies,137.8,531.6,65.1,0,137.8,0,
23-03-2021,Pet Supplies,150.1,523,65.24,0,139.7,0,
24-03-2021,Pet Supplies,174.1,519.4,66.15,0,173.9,0,
25-03-2021,Pet Supplies,179.2,524.7,65.26,0,184.7,0,
26-03-2021,Pet Supplies,177.4,524.5,65.18,0,161.8,0,
27-03-2021,Pet Supplies,236.3,526.8,69.39,1,235.2,0,
28-03-2021,Pet Supplies,146.1,539.9,65.67,0,143.3,0,
29-03-2021,Pet Supplies,135.3,543.4,63.62,0,125.4,0,
30-03-2021,Pet Supplies,136,549.7,67.53,0,127.3,0,
31-03-2021,Pet Supplies,142.2,543.9,65.79,0,139.1,0,
01-04-2021,Pet Supplies,164,532.9,65.17,0,168.8,0,
02-04-2021,Pet Supplies,176.4,529.3,65.05,0,176.6,0,
03-04-2021,Pet Supplies,167.2,530.2,67.07,0,151.1,0,
04-04-2021,Pet Supplies,138.2,524.3,66.71,0,127,0,
05-04-2021,Pet Supplies,131.8,522.6,65.56,0,136,0,
06-04-2021,Pet Supplies,121.8,514.9,66.66,0,121.6,0,
07-04-2021,Pet Supplies,176.6,496.9,66.61,0,159.4,0,
08-04-2021,Pet Supplies,184.7,498,66.75,0,182.7,0,
09-04-2021,Pet Supplies,167,503.6,65.06,0,154.6,0,
10-04-2021,Pet Supplies,164.5,505,67.35,0,170.8,0,
11-04-2021,Pet Supplies,137.5,512.3,65.15,0,126.2,0,
12-04-2021,Pet Supplies,145.2,511.1,66.39,0,132.3,0,
13-04-2021,Pet Supplies,145.1,525.2,65.84,0,144.7,0,
14-04-2021,Pet Supplies,141.3,524.6,66.39,0,144,0,
15-04-2021,Pet Supplies,159.8,519,67.99,0,150.4,0,
16-04-2021,Pet Supplies,172.3,510.9,66.49,0,162.9,0,
17-04-2021,Pet Supplies,175.8,500.3,67.6,0,167.6,0,
18-04-2021,Pet Supplies,141.6,511.9,66.59,0,143.7,0,
19-04-2021,Pet Supplies,147.3,515.9,68.82,0,138.4,0,
20-04-2021,Pet Supplies,141.4,529.2,66.98,0,129.2,0,
21-04-2021,Pet Supplies,145.7,527,64.44,0,137.8,0,
22-04-2021,Pet Supplies,165,519.9,65.09,0,172.5,0,
23-04-2021,Pet Supplies,254.2,520.4,65.37,1,245.4,0,
24-04-2021,Pet Supplies,170.6,531.5,65.93,0,167.8,0,
25-04-2021,Pet Supplies,154.5,530.1,65.45,0,156.7,0,
26-04-2021,Pet Supplies,137,538.7,64.43,0,134.8,0,
27-04-2021,Pet Supplies,143.2,546,66.24,0,143,0,
28-04-2021,Pet Supplies,176.3,534.8,63.48,0,181.9,0,
29-04-2021,Pet Supplies,193.2,524,68.62,0,184.7,0,
30-04-2021,Pet Supplies,228,533.6,66.21,1,209,0,
01-05-2021,Pet Supplies,191.4,535.3,68.48,1,175,0,
02-05-2021,Pet Supplies,147.8,540.7,65.06,0,150.4,0,
03-05-2021,Pet Supplies,137.3,553.8,66.18,0,137.1,0,
04-05-2021,Pet Supplies,128,554.1,67.62,0,126,0,
05-05-2021,Pet Supplies,157,553.7,68.86,0,163.2,0,
06-05-2021,Pet Supplies,161.3,555.6,67.09,0,160.3,0,
07-05-2021,Pet Supplies,179.2,557.1,64.66,0,162.6,0,
08-05-2021,Pet Supplies,171,556.3,66.29,0,165.9,0,
09-05-2021,Pet Supplies,153.7,564.7,64.8,0,143.3,0,
10-05-2021,Pet Supplies,147.9,567.6,67.59,0,146.9,0,
11-05-2021,Pet Supplies,147.1,563.9,66.99,0,136.5,0,
12-05-2021,Pet Supplies,,556.5,67.7,0,165.3,0,
13-05-2021,Pet Supplies,186.5,553.2,67.06,0,192.6,0,
14-05-2021,Pet Supplies,173.9,551.4,66.78,0,158.5,0,
15-05-2021,Pet Supplies,166.6,547.5,64.6,0,156.4,0,
16-05-2021,Pet Supplies,,546.7,65.91,0,148.2,0,
17-05-2021,Pet Supplies,134.1,547,67.26,0,135,0,
18-05-2021,Pet Supplies,142.8,545.9,65.22,0,141,0,
19-05-2021,Pet Supplies,169.6,535.3,64.79,0,156.2,0,
20-05-2021,Pet Supplies,184.4,537.2,67.42,0,172.7,0,
21-05-2021,Pet Supplies,165.2,535.8,66.38,0,171.2,0,
22-05-2021,Pet Supplies,188.4,531.4,67.79,0,192.7,0,
23-05-2021,Pet Supplies,163.5,537,65.97,0,170.4,0,
24-05-2021,Pet Supplies,147.5,541.3,66.58,0,141.8,0,
25-05-2021,Pet Supplies,136.2,548.1,66.04,0,131.6,0,
26-05-2021,Pet Supplies,154.1,529.6,66.67,0,144.7,0,
27-05-2021,Pet Supplies,196.2,303.6,68.94,0,192,0,
28-05-2021,Pet Supplies,195.8,303.4,67.95,0,200.6,0,
29-05-2021,Pet Supplies,256.4,304.3,67.75,1,39.4,1,supplier_delay
30-05-2021,Pet Supplies,158.6,305.2,65,0,146.1,0,
31-05-2021,Pet Supplies,162.7,310.5,65.88,0,164.7,0,
01-06-2021,Pet Supplies,141.2,518.4,66.45,0,141.7,0,
02-06-2021,Pet Supplies,158.6,510.5,65.77,0,162.4,0,
03-06-2021,Pet Supplies,196.5,504.9,67.35,0,199,0,
04-06-2021,Pet Supplies,182.3,505.8,67.21,0,175.5,0,
05-06-2021,Pet Supplies,181,501.8,64.49,0,167.2,0,
06-06-2021,Pet Supplies,148,513.7,66.11,0,149,0,
07-06-2021,Pet Supplies,127.8,516,64.44,0,131.8,0,
08-06-2021,Pet Supplies,150.1,511.3,65.08,0,138.6,0,
09-06-2021,Pet Supplies,172.6,507.2,67.14,0,168.7,0,
10-06-2021,Pet Supplies,183.4,505.8,67.62,0,174.2,0,
11-06-2021,Pet Supplies,203.1,505.8,63.52,0,198.6,0,
12-06-2021,Pet Supplies,197.2,505.6,66.5,0,178.4,0,
13-06-2021,Pet Supplies,177.2,509.1,67.74,0,168.9,0,
14-06-2021,Pet Supplies,150.3,516.7,64.05,0,146.2,0,
15-06-2021,Pet Supplies,171.4,496.3,66.24,0,158.1,0,
16-06-2021,Pet Supplies,170.6,497.6,63.65,0,164,0,
17-06-2021,Pet Supplies,266,482,66.32,1,246.4,0,
18-06-2021,Pet Supplies,204.1,487.8,68.09,0,190.3,0,
19-06-2021,Pet Supplies,185.7,488.8,66.69,0,194.3,0,
20-06-2021,Pet Supplies,178.5,497.7,65.71,0,176.7,0,
21-06-2021,Pet Supplies,170,499.2,67.73,0,162.9,0,
22-06-2021,Pet Supplies,180,500.4,65.15,0,176.1,0,
23-06-2021,Pet Supplies,171.2,500.5,68.38,0,163.9,0,
24-06-2021,Pet Supplies,199.1,494.5,66.55,0,197.2,0,
25-06-2021,Pet Supplies,215.4,481.8,65.77,0,193.9,0,
26-06-2021,Pet Supplies,208.7,472.8,66.81,0,195.2,0,
27-06-2021,Pet Supplies,217,469.3,66.9,0,227.5,0,
28-06-2021,Pet Supplies,189.1,477.6,67.99,0,173.3,0,
29-06-2021,Pet Supplies,173.8,481.7,67.06,0,158.5,0,
30-06-2021,Pet Supplies,214.2,468.1,67.51,0,208.6,0,
01-07-2021,Pet Supplies,219,464.7,66.2,0,206.7,0,
02-07-2021,Pet Supplies,231.5,464.3,65.71,0,226.9,0,
03-07-2021,Pet Supplies,213.3,478.7,66.27,0,222.7,0,
04-07-2021,Pet Supplies,206.8,493.5,67.46,0,190.1,0,
05-07-2021,Pet Supplies,193.9,502.9,67.02,0,187.3,0,
06-07-2021,Pet Supplies,307.5,491.5,65.38,1,311.7,0,
07-07-2021,Pet Supplies,200.5,494.7,64.9,0,185.3,0,
08-07-2021,Pet Supplies,217,495,67.2,0,218.4,0,
09-07-2021,Pet Supplies,217,494.5,68.64,0,208.3,0,
10-07-2021,Pet Supplies,216,499.4,66.25,0,214.5,0,
11-07-2021,Pet Supplies,211.7,502.5,67.64,0,207.2,0,
12-07-2021,Pet Supplies,197.1,506.8,64.74,0,190.7,0,
13-07-2021,Pet Supplies,188.9,510.5,67.52,0,183.6,0,
14-07-2021,Pet Supplies,222.3,497.7,66.07,0,205,0,
15-07-2021,Pet Supplies,268.6,489.8,67.16,1,259.2,0,
16-07-2021,Pet Supplies,237.6,474.6,69.3,0,240.7,0,
17-07-2021,Pet Supplies,238.5,478.9,67.33,0,246.8,0,
18-07-2021,Pet Supplies,197.7,486,65.21,0,196.5,0,
19-07-2021,Pet Supplies,201.4,477.2,64.84,0,206.3,0,
20-07-2021,Pet Supplies,197.9,470.5,63.98,0,193.2,0,
21-07-2021,Pet Supplies,237.1,456.4,66.35,0,221.1,0,
22-07-2021,Pet Supplies,259.6,457.2,65.21,0,261.9,0,
23-07-2021,Pet Supplies,248.2,459.9,64,0,249.5,0,
24-07-2021,Pet Supplies,241.9,454.7,67.92,0,218,0,
25-07-2021,Pet Supplies,230.8,465.4,66.54,0,224.4,0,
26-07-2021,Pet Supplies,215.6,471.6,66.78,0,224.3,0,
27-07-2021,Pet Supplies,205.1,473,65.02,0,214.9,0,
28-07-2021,Pet Supplies,225.4,469.4,67.5,0,218.3,0,
29-07-2021,Pet Supplies,241.8,464.5,65.85,0,243.8,0,
30-07-2021,Pet Supplies,234.4,463.1,65.12,0,211.5,0,
31-07-2021,Pet Supplies,251.3,455.3,66.87,0,236.3,0,
01-08-2021,Pet Supplies,213.8,460.4,65.71,0,215.6,0,
02-08-2021,Pet Supplies,224.6,454.8,68.22,0,224.2,0,
03-08-2021,Pet Supplies,214.5,462.5,66.6,0,214.3,0,
04-08-2021,Pet Supplies,235.9,460.6,63.55,0,237,0,
05-08-2021,Pet Supplies,260,452.4,67.04,0,250.8,0,
06-08-2021,Pet Supplies,274.4,447.3,69.87,0,285.6,0,
07-08-2021,Pet Supplies,258.6,446.9,65.14,0,246.9,0,
08-08-2021,Pet Supplies,233.2,456.5,64.24,0,241.4,0,
09-08-2021,Pet Supplies,224.6,452.2,68.84,0,204.1,0,
10-08-2021,Pet Supplies,218.4,458.2,65.28,0,224.4,0,
11-08-2021,Pet Supplies,252.5,450,66.51,0,238.8,0,
12-08-2021,Pet Supplies,262,445.8,64.57,0,261.8,0,
13-08-2021,Pet Supplies,258.7,449,65.31,0,235,0,
14-08-2021,Pet Supplies,265.9,445.2,65.85,0,242.5,0,
15-08-2021,Pet Supplies,256.3,449,66.72,0,232.8,0,
16-08-2021,Pet Supplies,231.3,457.6,65.07,0,225,0,
17-08-2021,Pet Supplies,232.5,463,66.51,0,223.7,0,
18-08-2021,Pet Supplies,248.8,460.6,64.99,0,235.8,0,
19-08-2021,Pet Supplies,,458,66.74,0,265.6,0,
20-08-2021,Pet Supplies,264.1,463.2,65.97,0,250.1,0,
21-08-2021,Pet Supplies,267,462.1,66.15,0,275.2,0,
22-08-2021,Pet Supplies,246.4,470.8,65.62,0,242.5,0,
23-08-2021,Pet Supplies,245.7,472.7,67.37,0,232.6,0,
24-08-2021,Pet Supplies,251.3,469.2,67.42,0,243.3,0,
25-08-2021,Pet Supplies,251.1,462.3,65.87,0,258.7,0,
26-08-2021,Pet Supplies,,449.5,65.8,0,273.9,0,
27-08-2021,Pet Supplies,287.7,446,68.85,0,277.4,0,
28-08-2021,Pet Supplies,271.9,453.6,66.96,0,258.5,0,
29-08-2021,Pet Supplies,253.6,458.7,67.2,0,238.1,0,
30-08-2021,Pet Supplies,244,457.5,68.15,0,236.9,0,
31-08-2021,Pet Supplies,251.3,454.5,65.92,0,253.9,0,
01-09-2021,Pet Supplies,409.5,450.2,68.24,1,391.2,0,
02-09-2021,Pet Supplies,279,440,63.75,0,260.6,0,
03-09-2021,Pet Supplies,292.4,443.3,68.66,0,292.1,0,
04-09-2021,Pet Supplies,275.2,447.6,65.44,0,281,0,
05-09-2021,Pet Supplies,273.2,444.2,67.03,0,246.8,0,
06-09-2021,Pet Supplies,253.8,441.7,67.23,0,252.4,0,
07-09-2021,Pet Supplies,255.1,441.7,65.66,0,264.1,0,
08-09-2021,Pet Supplies,370.3,437.1,67.64,1,338.2,0,
09-09-2021,Pet Supplies,288.3,431.1,67.52,0,298.3,0,
10-09-2021,Pet Supplies,289.3,431.5,66.27,0,265.5,0,
11-09-2021,Pet Supplies,283.9,427.7,65.08,0,298,0,
12-09-2021,Pet Supplies,251.2,436.3,68.25,0,245.4,0,
13-09-2021,Pet Supplies,242.1,444.5,66.77,0,244.4,0,
14-09-2021,Pet Supplies,257,438.9,67.95,0,233.7,0,
15-09-2021,Pet Supplies,270.5,431.6,63.22,0,247.6,0,
16-09-2021,Pet Supplies,465.9,428.1,67.18,1,486.6,0,
17-09-2021,Pet Supplies,315,425.9,65.65,0,330.3,0,
18-09-2021,Pet Supplies,296.1,429.1,66.22,0,278.8,0,
19-09-2021,Pet Supplies,258.3,436.1,67.46,0,245.7,0,
20-09-2021,Pet Supplies,253.2,431.9,63.82,0,228.2,0,
21-09-2021,Pet Supplies,274.8,427.5,65.41,0,286.7,0,
22-09-2021,Pet Supplies,1217.2,428.1,66.83,0,296.5,1,demand_spike
23-09-2021,Pet Supplies,285.4,428.2,64.1,0,261.9,0,
24-09-2021,Pet Supplies,299.6,422.9,66.75,0,286.1,0,
25-09-2021,Pet Supplies,287.6,429.5,64.75,0,300.5,0,
26-09-2021,Pet Supplies,295.8,419.9,68.72,0,271.8,0,
27-09-2021,Pet Supplies,278.6,425.5,67.08,0,287.2,0,
28-09-2021,Pet Supplies,273.3,427.1,67.3,0,254.3,0,
29-09-2021,Pet Supplies,294.3,422.9,65,0,267.9,0,
30-09-2021,Pet Supplies,309.4,420.8,66.36,0,285.1,0,
01-10-2021,Pet Supplies,313.1,417.6,65.85,0,315.1,0,
02-10-2021,Pet Supplies,320.1,424.8,66.96,0,294.6,0,
03-10-2021,Pet Supplies,299.5,425.6,67.29,0,269.7,0,
04-10-2021,Pet Supplies,290.6,425.9,66.17,0,295.3,0,
05-10-2021,Pet Supplies,283.2,432.4,66.47,0,282.8,0,
06-10-2021,Pet Supplies,292.6,426.4,65.99,0,301.8,0,
07-10-2021,Pet Supplies,299.6,424.8,68.7,0,295.6,0,
08-10-2021,Pet Supplies,478.3,420.2,64.84,1,433.8,0,
09-10-2021,Pet Supplies,315.6,415.4,64.5,0,285,0,
10-10-2021,Pet Supplies,276.7,420.6,66.73,0,281.7,0,
11-10-2021,Pet Supplies,277.2,424.3,65.5,0,286.5,0,
12-10-2021,Pet Supplies,269.6,430.5,64.97,0,275,0,
13-10-2021,Pet Supplies,297.8,425.9,66.84,0,284.8,0,
14-10-2021,Pet Supplies,304.1,421.9,64.9,0,303.9,0,
15-10-2021,Pet Supplies,325,417.2,66.49,0,296.3,0,
16-10-2021,Pet Supplies,305.9,433,66.02,0,308.3,0,
17-10-2021,Pet Supplies,283.7,441.1,66.2,0,265.9,0,
18-10-2021,Pet Supplies,271.9,438.8,65.15,0,282.8,0,
19-10-2021,Pet Supplies,286.5,430.2,65.12,0,272.4,0,
20-10-2021,Pet Supplies,301.3,421.2,65.9,0,286.5,0,
21-10-2021,Pet Supplies,311,424.9,68.47,0,293.2,0,
22-10-2021,Pet Supplies,317.2,425,64.27,0,315.7,0,
23-10-2021,Pet Supplies,305.1,420.8,66.92,0,279,0,
24-10-2021,Pet Supplies,271.9,437.3,64.78,0,246.9,0,
25-10-2021,Pet Supplies,282.2,437,66.53,0,283.5,0,
26-10-2021,Pet Supplies,271.4,441.1,66.33,0,282.7,0,
27-10-2021,Pet Supplies,293.3,442.1,66.65,0,296.7,0,
28-10-2021,Pet Supplies,320.5,432.9,68.61,0,300.4,0,
29-10-2021,Pet Supplies,470.7,440.1,67.53,1,449.2,0,
30-10-2021,Pet Supplies,325.5,427.1,66.23,0,302.9,0,
31-10-2021,Pet Supplies,285.9,435.3,68.28,0,286.6,0,
01-11-2021,Pet Supplies,279.1,441.3,65.05,0,261.1,0,
02-11-2021,Pet Supplies,288.4,446.9,64.79,0,284.3,0,
03-11-2021,Pet Supplies,301.8,436.8,68.6,0,309.6,0,
04-11-2021,Pet Supplies,327.6,427,66.51,0,320.2,0,
05-11-2021,Pet Supplies,327.4,427.9,67.31,0,323.8,0,
06-11-2021,Pet Supplies,323.9,424.2,64.95,0,338.6,0,
07-11-2021,Pet Supplies,277.6,328.1,65.53,0,263.2,0,
08-11-2021,Pet Supplies,290.2,331.2,68.4,0,295.9,0,
09-11-2021,Pet Supplies,276.7,330.4,63.72,0,66.8,1,supplier_delay
10-11-2021,Pet Supplies,305.7,322.9,66.67,0,280.4,0,
11-11-2021,Pet Supplies,496.5,322.1,68,1,520.5,0,
12-11-2021,Pet Supplies,313.5,431.3,63.98,0,314.6,0,
13-11-2021,Pet Supplies,1351.4,424.8,66.35,0,289.4,1,demand_spike
14-11-2021,Pet Supplies,392.6,437.4,63.31,1,395.8,0,
15-11-2021,Pet Supplies,298.9,429,66.08,0,275,0,
16-11-2021,Pet Supplies,290.9,432.9,66.71,0,274.6,0,
17-11-2021,Pet Supplies,301.5,423.9,66.64,0,287.1,0,
18-11-2021,Pet Supplies,313.4,426.6,67.72,0,296.6,0,
19-11-2021,Pet Supplies,314.7,427.5,66.55,0,318.4,0,
20-11-2021,Pet Supplies,311.9,433.7,66.59,0,316,0,
21-11-2021,Pet Supplies,276.5,441.5,66.88,0,270.7,0,
22-11-2021,Pet Supplies,,443.6,65.87,1,328.4,0,
23-11-2021,Pet Supplies,283.3,428.6,66.39,0,268.3,0,
24-11-2021,Pet Supplies,290.1,430,64.64,0,262.1,0,
25-11-2021,Pet Supplies,303.4,423.8,71.09,0,289.1,0,
26-11-2021,Pet Supplies,300.3,416.6,66.92,0,270.7,0,
27-11-2021,Pet Supplies,316.3,412.8,65.38,0,325.7,0,
28-11-2021,Pet Supplies,304.8,414.6,68.35,0,303.6,0,
29-11-2021,Pet Supplies,275.5,421.9,69.02,0,288.4,0,
30-11-2021,Pet Supplies,277.8,412.7,65.59,0,257.6,0,
01-12-2021,Pet Supplies,298.2,399,65.48,0,297.9,0,
02-12-2021,Pet Supplies,312.5,392,68.77,0,290,0,
03-12-2021,Pet Supplies,307.1,389,64.88,0,305.8,0,
04-12-2021,Pet Supplies,312.8,384.4,67.01,0,304.6,0,
05-12-2021,Pet Supplies,294.4,394.1,65.97,0,294.3,0,
06-12-2021,Pet Supplies,279.5,393.3,67.62,0,281.9,0,
07-12-2021,Pet Supplies,292.7,384.8,67.28,0,286.4,0,
08-12-2021,Pet Supplies,297.7,380.6,66.62,0,289.9,0,
09-12-2021,Pet Supplies,298.5,375.6,66.8,0,271.7,0,
10-12-2021,Pet Supplies,475.2,371.4,65.06,1,453.6,0,
11-12-2021,Pet Supplies,305.9,377.4,66.39,0,289.1,0,
12-12-2021,Pet Supplies,268.8,387.1,66.29,0,267.2,0,
13-12-2021,Pet Supplies,265.1,389.5,65.53,0,249.6,0,
14-12-2021,Pet Supplies,255.5,380.8,65.51,0,238.8,0,
15-12-2021,Pet Supplies,305,366.3,65.27,0,313.3,0,
16-12-2021,Pet Supplies,478.4,374,67.55,1,490,0,
17-12-2021,Pet Supplies,308.9,373,66.44,0,293.3,0,
18-12-2021,Pet Supplies,277.1,383.2,64.97,0,253,0,
19-12-2021,Pet Supplies,284.8,382.3,67.47,0,277.6,0,
20-12-2021,Pet Supplies,265.7,395.9,67.83,0,257.1,0,
21-12-2021,Pet Supplies,248.2,407.9,65.92,0,255.7,0,
22-12-2021,Pet Supplies,284.6,391.9,65.42,0,279.5,0,
23-12-2021,Pet Supplies,285.2,397.7,68.12,0,297,0,
24-12-2021,Pet Supplies,298.3,400.7,68.71,0,290.1,0,
25-12-2021,Pet Supplies,293.6,393.5,67.91,0,293.6,0,
26-12-2021,Pet Supplies,270.3,400.6,66.23,0,262.8,0,
27-12-2021,Pet Supplies,239.1,412.6,65.35,0,226.7,0,
28-12-2021,Pet Supplies,262.5,391.6,63.67,0,237.3,0,
29-12-2021,Pet Supplies,282.7,382.2,67.93,0,288.1,0,
30-12-2021,Pet Supplies,286.9,377.3,64.34,0,297.1,0,
31-12-2021,Pet Supplies,296.8,371.1,65.17,0,299.8,0,
01-01-2022,Pet Supplies,285.5,379.7,65.73,0,268.6,0,
02-01-2022,Pet Supplies,242.8,392.3,67.09,0,248.2,0,
03-01-2022,Pet Supplies,263.1,388.3,62.66,0,260.9,0,
04-01-2022,Pet Supplies,248.4,393.1,66.44,0,249,0,
05-01-2022,Pet Supplies,261.2,401.6,68.61,0,237.7,0,
06-01-2022,Pet Supplies,275.9,402.2,65.47,0,272.4,0,
07-01-2022,Pet Supplies,297.5,395.6,67.27,0,292.8,0,
08-01-2022,Pet Supplies,288.3,397.1,65.69,0,288.1,0,
09-01-2022,Pet Supplies,260.6,401.9,66.7,0,264.7,0,
10-01-2022,Pet Supplies,239.8,403.3,66.13,0,230.4,0,
11-01-2022,Pet Supplies,275.6,386.6,64.98,0,254.5,0,
12-01-2022,Pet Supplies,261.6,395.7,66.98,0,271.6,0,
13-01-2022,Pet Supplies,269.8,388.7,66.64,0,274.2,0,
14-01-2022,Pet Supplies,288.9,386.2,66.4,0,283.4,0,
15-01-2022,Pet Supplies,266.2,390.5,68.32,0,253.7,0,
16-01-2022,Pet Supplies,269.7,385.7,66.21,0,282.6,0,
17-01-2022,Pet Supplies,229.6,396.1,66.81,0,209.9,0,
18-01-2022,Pet Supplies,238.9,402.2,65.37,0,248.5,0,
19-01-2022,Pet Supplies,269.9,408.1,67.25,0,259.3,0,
20-01-2022,Pet Supplies,,405,64.74,0,250.7,0,
21-01-2022,Pet Supplies,269.3,404.2,66.47,0,257.7,0,
22-01-2022,Pet Supplies,251.6,414.3,65.71,0,254.8,0,
23-01-2022,Pet Supplies,231.6,421,66.89,0,223.2,0,
24-01-2022,Pet Supplies,218.5,421.7,65.28,0,212.8,0,
25-01-2022,Pet Supplies,243.3,416.7,66.94,0,249,0,
26-01-2022,Pet Supplies,350.5,416.8,66.34,1,347.8,0,
27-01-2022,Pet Supplies,1019.4,412.1,68.1,0,267.7,1,demand_spike
28-01-2022,Pet Supplies,254.6,414.9,63.99,0,235.1,0,
29-01-2022,Pet Supplies,251,424.6,65.07,0,235.4,0,
30-01-2022,Pet Supplies,239,424.1,65.56,0,229.8,0,
31-01-2022,Pet Supplies,236.5,422.1,66.67,0,216.7,0,
01-02-2022,Pet Supplies,230.6,421.6,66.88,0,217.2,0,
02-02-2022,Pet Supplies,242.7,426.4,67.08,0,248.8,0,
03-02-2022,Pet Supplies,246.8,415.3,66.6,0,222.9,0,
04-02-2022,Pet Supplies,267.4,413.3,66.25,0,242.7,0,
05-02-2022,Pet Supplies,244.3,420,65.63,0,245.1,0,
06-02-2022,Pet Supplies,215.4,437.8,67.33,0,206.3,0,
07-02-2022,Pet Supplies,208.9,441.5,65.3,0,212.2,0,
08-02-2022,Pet Supplies,227,425.3,66.85,0,236,0,
09-02-2022,Pet Supplies,241.7,230.4,66.56,0,227.2,0,
10-02-2022,Pet Supplies,223.1,232.8,64.25,0,202,0,
11-02-2022,Pet Supplies,251.1,222.8,66.86,0,22.7,1,supplier_delay
12-02-2022,Pet Supplies,227.9,225.4,69.81,0,238.1,0,
13-02-2022,Pet Supplies,226.4,225.8,69,0,222.2,0,
14-02-2022,Pet Supplies,264.6,418,67.81,1,253.1,0,
15-02-2022,Pet Supplies,203.4,414.3,67.14,0,199.9,0,
16-02-2022,Pet Supplies,228.4,408.3,64.83,0,211.2,0,
17-02-2022,Pet Supplies,250.9,395.3,66.87,0,254,0,
18-02-2022,Pet Supplies,255.6,388.8,69.13,0,256.1,0,
19-02-2022,Pet Supplies,225.9,404.5,65.61,0,227.9,0,
20-02-2022,Pet Supplies,226.7,402.6,64.26,0,214.4,0,
21-02-2022,Pet Supplies,905.7,402.3,67.52,0,211.9,1,demand_spike
22-02-2022,Pet Supplies,,399.2,65.31,0,209.8,0,
23-02-2022,Pet Supplies,221.3,395.6,64.93,0,230.9,0,
24-02-2022,Pet Supplies,244.5,390.7,66.8,0,243.4,0,
25-02-2022,Pet Supplies,247.3,393.2,67.5,0,235.4,0,
26-02-2022,Pet Supplies,237,400.3,66.52,0,227.1,0,
27-02-2022,Pet Supplies,203.9,411.9,67.49,0,200.8,0,
28-02-2022,Pet Supplies,201.2,415.8,68.1,0,198.4,0,
01-03-2022,Pet Supplies,,413.9,66.97,0,203.4,0,
02-03-2022,Pet Supplies,218.6,402.6,67.13,0,199.5,0,
03-03-2022,Pet Supplies,226.2,407.1,65.94,0,222.8,0,
04-03-2022,Pet Supplies,249.5,404.5,68.84,0,237.6,0,
05-03-2022,Pet Supplies,222.6,411.2,67.04,0,228.2,0,
06-03-2022,Pet Supplies,203.7,413.5,66.99,0,194.1,0,
07-03-2022,Pet Supplies,198,426.7,65.94,0,192.1,0,
08-03-2022,Pet Supplies,207.5,419.3,65.42,0,193.9,0,
09-03-2022,Pet Supplies,211.8,419.1,65.31,0,200,0,
10-03-2022,Pet Supplies,223,412.4,65.83,0,219.3,0,
11-03-2022,Pet Supplies,237.8,405.9,66.41,0,229.2,0,
12-03-2022,Pet Supplies,234.8,403.1,66.81,0,218.4,0,
13-03-2022,Pet Supplies,214,398.5,64,0,207.8,0,
14-03-2022,Pet Supplies,179.4,410.8,68.1,0,165.9,0,
15-03-2022,Pet Supplies,199.7,408,66.14,0,206.1,0,
16-03-2022,Pet Supplies,206.2,402.7,68.4,0,214.1,0,
17-03-2022,Pet Supplies,234,407.4,67.06,0,218.5,0,
18-03-2022,Pet Supplies,242.6,406.3,66.79,0,220.3,0,
19-03-2022,Pet Supplies,190.6,422.7,67.89,0,198,0,
20-03-2022,Pet Supplies,196.2,423,68.32,0,185.8,0,
21-03-2022,Pet Supplies,180.5,424.7,66.34,0,167.5,0,
22-03-2022,Pet Supplies,181.3,419.6,68.3,0,188.2,0,
23-03-2022,Pet Supplies,194.1,411.9,66.5,0,200.4,0,
24-03-2022,Pet Supplies,213.5,403.4,66.21,0,193.9,0,
25-03-2022,Pet Supplies,218.4,404.7,66.08,0,203.3,0,
26-03-2022,Pet Supplies,206.7,406.3,64.64,0,211.2,0,
27-03-2022,Pet Supplies,173,419.5,62.88,0,162.7,0,
28-03-2022,Pet Supplies,182.9,410.3,65.52,0,182.9,0,
29-03-2022,Pet Supplies,195.3,403.3,66.84,0,176.9,0,
30-03-2022,Pet Supplies,194.5,400,67.08,0,199.7,0,
31-03-2022,Pet Supplies,199,379.6,63.97,0,191.7,0,
01-04-2022,Pet Supplies,219.3,371.2,67.1,0,212.8,0,
02-04-2022,Pet Supplies,217.7,366.5,64.91,0,222.3,0,
03-04-2022,Pet Supplies,191.6,376.6,67.6,0,185.5,0,
04-04-2022,Pet Supplies,172.1,386.1,67.05,0,157.6,0,
05-04-2022,Pet Supplies,656.8,379,64.77,0,168.3,1,demand_spike
06-04-2022,Pet Supplies,204.6,368.1,65.64,0,198.1,0,
07-04-2022,Pet Supplies,210.5,360,64.52,0,203.7,0,
08-04-2022,Pet Supplies,211.3,361.3,67.33,0,196.3,0,
09-04-2022,Pet Supplies,199.6,361.4,66.31,0,184.6,0,
10-04-2022,Pet Supplies,190.4,361.5,65.86,0,193.6,0,
11-04-2022,Pet Supplies,178.7,364,65.71,0,177.4,0,
12-04-2022,Pet Supplies,236.3,364.5,68.32,1,212.9,0,
13-04-2022,Pet Supplies,186.9,363.2,66.46,0,191.7,0,
14-04-2022,Pet Supplies,201.6,360.8,67.32,0,185.1,0,
15-04-2022,Pet Supplies,253.7,362.1,66.37,1,256.4,0,
16-04-2022,Pet Supplies,207.3,361.9,65.97,0,189.6,0,
17-04-2022,Pet Supplies,192.8,361.1,69.31,0,201.6,0,
18-04-2022,Pet Supplies,253.1,353.7,64.7,1,262,0,
19-04-2022,Pet Supplies,172.4,355.4,65.12,0,159.9,0,
20-04-2022,Pet Supplies,202.9,347.4,66.57,0,182.8,0,
21-04-2022,Pet Supplies,194.4,343,64.37,0,176.7,0,
22-04-2022,Pet Supplies,281.2,341.2,64.16,1,287.2,0,
23-04-2022,Pet Supplies,189.7,344.6,66.05,0,172.9,0,
24-04-2022,Pet Supplies,175.5,348.2,65.05,0,178.5,0,
25-04-2022,Pet Supplies,184.2,353,67.72,0,188.5,0,
26-04-2022,Pet Supplies,182.3,352.7,67.18,0,172.4,0,
27-04-2022,Pet Supplies,193.2,344,66.97,0,195.1,0,
28-04-2022,Pet Supplies,198.2,329.9,66.64,0,202.7,0,
29-04-2022,Pet Supplies,219.2,325.6,63.77,0,223,0,
30-04-2022,Pet Supplies,206,331.1,65.9,0,191.4,0,
01-05-2022,Pet Supplies,195.4,337.2,67.79,0,189,0,
02-05-2022,Pet Supplies,161.1,348.1,65.56,0,146.6,0,
03-05-2022,Pet Supplies,188,337.3,69,0,184,0,
04-05-2022,Pet Supplies,192.3,332.1,67.4,0,185.8,0,
05-05-2022,Pet Supplies,216,325.2,67.53,0,223.6,0,
06-05-2022,Pet Supplies,339.8,330,66.63,1,306.8,0,
07-05-2022,Pet Supplies,198.6,320.5,67.58,0,194.6,0,
08-05-2022,Pet Supplies,186.2,329,65.71,0,188.1,0,
09-05-2022,Pet Supplies,171.4,332,68.25,0,166.2,0,
10-05-2022,Pet Supplies,179,328.8,64.57,0,167.5,0,
11-05-2022,Pet Supplies,191,328.7,64.68,0,189.3,0,
12-05-2022,Pet Supplies,219.4,319.3,66.03,0,230,0,
13-05-2022,Pet Supplies,211.4,322.9,64.74,0,191.5,0,
14-05-2022,Pet Supplies,215,313.6,64.69,0,199.8,0,
15-05-2022,Pet Supplies,224.7,309.3,66.7,0,218.8,0,
16-05-2022,Pet Supplies,230.4,325.2,65.5,1,228.1,0,
17-05-2022,Pet Supplies,171.7,325.8,66.88,0,170.6,0,
18-05-2022,Pet Supplies,223.4,308.6,68.98,0,203.1,0,
19-05-2022,Pet Supplies,,309.8,65.29,0,204.1,0,
20-05-2022,Pet Supplies,221.8,247.2,68.05,0,231.1,0,
21-05-2022,Pet Supplies,209.4,256.2,66.12,0,190.8,0,
22-05-2022,Pet Supplies,186.4,263.4,66.69,0,14.2,1,supplier_delay
23-05-2022,Pet Supplies,183.3,269.5,68.14,0,180.8,0,
24-05-2022,Pet Supplies,183.4,269.1,69.16,0,173.7,0,
25-05-2022,Pet Supplies,199.4,323,66.83,0,187.1,0,
26-05-2022,Pet Supplies,228.6,312.2,67.41,0,215.7,0,
27-05-2022,Pet Supplies,236.8,305.6,67.08,0,223.1,0,
28-05-2022,Pet Supplies,215.2,311.8,68.39,0,205.9,0,
29-05-2022,Pet Supplies,205.9,313,66.95,0,188.9,0,
30-05-2022,Pet Supplies,310.9,312.6,67.1,1,319.6,0,
31-05-2022,Pet Supplies,187.5,316.5,65.33,0,190.1,0,
01-06-2022,Pet Supplies,195.8,315,66.55,0,177.3,0,
02-06-2022,Pet Supplies,235.9,304.9,65.7,0,239.2,0,
03-06-2022,Pet Supplies,225.2,308.3,65.05,0,230.7,0,
04-06-2022,Pet Supplies,267.2,303.3,66.07,1,277.4,0,
05-06-2022,Pet Supplies,207.5,310.7,65.16,0,205.8,0,
06-06-2022,Pet Supplies,208.5,313.5,63.94,0,214.4,0,
07-06-2022,Pet Supplies,202.4,314.4,65.45,0,205.2,0,
08-06-2022,Pet Supplies,196.7,307.1,67.08,0,177.7,0,
09-06-2022,Pet Supplies,236.9,296.5,65.67,0,242,0,
10-06-2022,Pet Supplies,240.3,292.8,65.56,0,237.2,0,
11-06-2022,Pet Supplies,220,296.2,65.93,0,219.5,0,
12-06-2022,Pet Supplies,195.7,303.1,64.79,0,202.1,0,
13-06-2022,Pet Supplies,198.8,309.4,65.01,0,179.2,0,
14-06-2022,Pet Supplies,184.8,314.4,65.98,0,169.3,0,
15-06-2022,Pet Supplies,206.1,307.4,66.7,0,203.2,0,
16-06-2022,Pet Supplies,226.6,298.7,63.7,0,217.9,0,
17-06-2022,Pet Supplies,232.3,297.1,65.47,0,223.7,0,
18-06-2022,Pet Supplies,243.4,293.8,64.4,0,230.5,0,
19-06-2022,Pet Supplies,217.3,304.6,66.17,0,222.3,0,
20-06-2022,Pet Supplies,212.6,303.4,68.24,0,194.6,0,
21-06-2022,Pet Supplies,216,298.3,65.43,0,211.7,0,
22-06-2022,Pet Supplies,215.4,296.3,65.58,0,208.6,0,
23-06-2022,Pet Supplies,241.2,288.1,67.14,0,237,0,
24-06-2022,Pet Supplies,249.3,285.6,67.77,0,226.2,0,
25-06-2022,Pet Supplies,240.6,288.1,65.95,0,240.9,0,
26-06-2022,Pet Supplies,230.6,286.2,67.88,0,208,0,
27-06-2022,Pet Supplies,225.4,287.3,64.08,0,220.7,0,
28-06-2022,Pet Supplies,224.9,290.9,68.59,0,211.3,0,
29-06-2022,Pet Supplies,254.8,288.3,67.11,0,241.3,0,
30-06-2022,Pet Supplies,258.3,292.1,64.65,0,261.1,0,
01-07-2022,Pet Supplies,253.8,293.2,64.44,0,265.9,0,
02-07-2022,Pet Supplies,261.9,289.9,65.49,0,254.4,0,
03-07-2022,Pet Supplies,221.7,308.2,66.68,0,221.8,0,
04-07-2022,Pet Supplies,304.4,305.4,68.3,1,285.3,0,
05-07-2022,Pet Supplies,227.5,310.3,65.96,0,223.7,0,
06-07-2022,Pet Supplies,237.1,307.2,66.55,0,216.9,0,
07-07-2022,Pet Supplies,263.9,287.2,68.01,0,271.2,0,
08-07-2022,Pet Supplies,264.1,290.5,65.7,0,255.7,0,
09-07-2022,Pet Supplies,239.4,302.7,67.03,0,228.5,0,
10-07-2022,Pet Supplies,243.3,299.9,67.1,0,237.7,0,
11-07-2022,Pet Supplies,222,300.5,65.39,0,230.2,0,
12-07-2022,Pet Supplies,288.7,303.2,68.16,1,293.4,0,
13-07-2022,Pet Supplies,252.3,298.3,65.54,0,232.8,0,
14-07-2022,Pet Supplies,274.2,290,66.76,0,278.4,0,
15-07-2022,Pet Supplies,252.9,298.6,66.52,0,242.5,0,
16-07-2022,Pet Supplies,255.9,311.4,64.69,0,245.5,0,
17-07-2022,Pet Supplies,376.3,315.4,64.39,1,381.5,0,
18-07-2022,Pet Supplies,268.4,311,69.72,0,260,0,
19-07-2022,Pet Supplies,246.7,317.8,66.91,0,224.7,0,
20-07-2022,Pet Supplies,257.6,322.8,68.49,0,241.3,0,
21-07-2022,Pet Supplies,286.9,316.7,67.41,0,296.7,0,
22-07-2022,Pet Supplies,277.6,323.8,66.67,0,274.5,0,
23-07-2022,Pet Supplies,278.1,325.1,66.83,0,286.3,0,
24-07-2022,Pet Supplies,258.6,333.7,68.34,0,244.6,0,
25-07-2022,Pet Supplies,259.1,332.1,66.39,0,260,0,
26-07-2022,Pet Supplies,260.2,332.7,65.88,0,264.8,0,
27-07-2022,Pet Supplies,265.6,327.6,67.52,0,246.3,0,
28-07-2022,Pet Supplies,272.2,323.1,64.58,0,245.9,0,
29-07-2022,Pet Supplies,281.4,322.8,66.96,0,280,0,
30-07-2022,Pet Supplies,285.3,318.1,67.77,0,281.4,0,
31-07-2022,Pet Supplies,266.1,324.5,64.73,0,241,0,
01-08-2022,Pet Supplies,257.4,325.3,67.9,0,247.5,0,
02-08-2022,Pet Supplies,264.6,317.5,64.12,0,260.5,0,
03-08-2022,Pet Supplies,270.7,316.8,64.8,0,252.2,0,
04-08-2022,Pet Supplies,294.2,313.6,66.74,0,269,0,
05-08-2022,Pet Supplies,300.1,305.3,69.53,0,306.1,0,
06-08-2022,Pet Supplies,276.8,315.3,64.42,0,287.5,0,
07-08-2022,Pet Supplies,269,312.1,66.43,0,260.1,0,
08-08-2022,Pet Supplies,269.3,318.8,65.3,0,247.8,0,
09-08-2022,Pet Supplies,277.3,319.2,67.04,0,267.1,0,
10-08-2022,Pet Supplies,279.1,312.1,67.18,0,262.9,0,
11-08-2022,Pet Supplies,446.2,307.6,64.9,1,434.4,0,
12-08-2022,Pet Supplies,302.4,306.3,66.82,0,272.6,0,
13-08-2022,Pet Supplies,290.4,305.1,67.43,0,299.2,0,
14-08-2022,Pet Supplies,301.7,305.3,68.86,0,274.1,0,
15-08-2022,Pet Supplies,269.6,321,66,0,260,0,
16-08-2022,Pet Supplies,264.2,324.9,69.04,0,264,0,
17-08-2022,Pet Supplies,290.8,315.1,65.53,0,290.1,0,
18-08-2022,Pet Supplies,308.9,310.5,67.26,0,291.8,0,
19-08-2022,Pet Supplies,325.3,302.7,65.02,0,317.1,0,
20-08-2022,Pet Supplies,303.4,308.4,67.06,0,295.7,0,
21-08-2022,Pet Supplies,294.7,313.1,63.05,0,271,0,
22-08-2022,Pet Supplies,396,306.8,66.7,1,378.5,0,
23-08-2022,Pet Supplies,280.7,312.4,68.93,0,257.7,0,
24-08-2022,Pet Supplies,305.6,297.8,65.81,0,277.7,0,
25-08-2022,Pet Supplies,478.4,287.6,67.77,1,434.6,0,
26-08-2022,Pet Supplies,326.2,288.5,65.42,0,314.9,0,
27-08-2022,Pet Supplies,315.5,287.5,68.65,0,318.5,0,
28-08-2022,Pet Supplies,300,287.2,64.99,0,314.3,0,
29-08-2022,Pet Supplies,286.2,289.9,66.42,0,282.1,0,
30-08-2022,Pet Supplies,383.5,284.6,65.65,1,362.4,0,
31-08-2022,Pet Supplies,307.5,281.7,67.56,0,286.3,0,
01-09-2022,Pet Supplies,349.1,270.1,65.6,0,350.6,0,
02-09-2022,Pet Supplies,337.1,268.8,65.98,0,306,0,
03-09-2022,Pet Supplies,321.6,264.9,62.77,0,302.1,0,
04-09-2022,Pet Supplies,302.3,269.6,66.6,0,303.3,0,
05-09-2022,Pet Supplies,305.4,274.2,66.65,0,295.3,0,
06-09-2022,Pet Supplies,292.7,277.7,65.8,0,285.4,0,
07-09-2022,Pet Supplies,304.5,272.4,63.5,0,318.6,0,
08-09-2022,Pet Supplies,320,276.4,65.54,0,307.4,0,
09-09-2022,Pet Supplies,350.5,271,66.96,0,346.7,0,
10-09-2022,Pet Supplies,340.3,265.5,64.1,0,357.2,0,
11-09-2022,Pet Supplies,313.6,272.1,62.85,0,314.5,0,
12-09-2022,Pet Supplies,296.9,278.2,67.57,0,290.1,0,
13-09-2022,Pet Supplies,301.6,271.4,66.31,0,286.1,0,
14-09-2022,Pet Supplies,343,257.6,68.37,0,358.9,0,
15-09-2022,Pet Supplies,338.4,259,65.91,0,319.5,0,
16-09-2022,Pet Supplies,347.2,255.3,65.61,0,318.5,0,
17-09-2022,Pet Supplies,329.8,254.5,63.66,0,342.6,0,
18-09-2022,Pet Supplies,318.7,265.1,69.4,0,302.1,0,
19-09-2022,Pet Supplies,311.7,268.6,66.37,0,308,0,
20-09-2022,Pet Supplies,431.1,258.7,65.5,1,429.7,0,
21-09-2022,Pet Supplies,327.8,263.8,65.26,0,307.8,0,
22-09-2022,Pet Supplies,349.7,256.8,69.39,0,336.9,0,
23-09-2022,Pet Supplies,345.7,263,66.54,0,319.2,0,
24-09-2022,Pet Supplies,341.1,263.9,67.76,0,352.2,0,
25-09-2022,Pet Supplies,,260.9,66.87,0,322.2,0,
26-09-2022,Pet Supplies,409.9,260.2,68.14,1,423.6,0,
27-09-2022,Pet Supplies,319.7,142.8,66.26,0,300.1,0,
28-09-2022,Pet Supplies,326.5,144.5,66.41,0,324.9,0,
29-09-2022,Pet Supplies,354.2,136.4,66.06,0,35.6,1,supplier_delay
30-09-2022,Pet Supplies,354.2,140.1,67.98,0,334.2,0,
01-10-2022,Pet Supplies,338.3,145.5,67.11,0,322.8,0,
02-10-2022,Pet Supplies,326.1,268.8,68.68,0,320.4,0,
03-10-2022,Pet Supplies,329.9,267.3,66.12,0,324.4,0,
04-10-2022,Pet Supplies,320.5,259.1,65.06,0,298,0,
05-10-2022,Pet Supplies,341.5,249.3,67.23,0,309.7,0,
06-10-2022,Pet Supplies,357.3,243.5,66.72,0,362.9,0,
07-10-2022,Pet Supplies,363,243.3,65.5,0,355.4,0,
08-10-2022,Pet Supplies,336.5,250.7,64.73,0,318.7,0,
09-10-2022,Pet Supplies,320.6,256.1,66.84,0,291.1,0,
10-10-2022,Pet Supplies,313.2,253.5,63.39,0,286.8,0,
11-10-2022,Pet Supplies,330.6,249.9,65.93,0,318.5,0,
12-10-2022,Pet Supplies,342.9,254.6,67.67,0,333.5,0,
13-10-2022,Pet Supplies,358.2,252.3,66.35,0,342.6,0,
14-10-2022,Pet Supplies,359.1,252.2,64.76,0,353.7,0,
15-10-2022,Pet Supplies,337.1,255,66.19,0,344.5,0,
16-10-2022,Pet Supplies,490.4,256.2,65.93,1,491.2,0,
17-10-2022,Pet Supplies,325,250.3,69.96,0,334.8,0,
18-10-2022,Pet Supplies,325.4,243,69.25,0,322.9,0,
19-10-2022,Pet Supplies,344.3,236.9,66.98,0,315.3,0,
20-10-2022,Pet Supplies,343,240.1,67.02,0,316.4,0,
21-10-2022,Pet Supplies,362,230.1,65.02,0,347,0,
22-10-2022,Pet Supplies,331.5,245.3,64.9,0,312.4,0,
23-10-2022,Pet Supplies,322.3,245.2,66.26,0,321.6,0,
24-10-2022,Pet Supplies,,247,66.61,0,313.1,0,
25-10-2022,Pet Supplies,310.5,253,66.85,0,301,0,
26-10-2022,Pet Supplies,336.1,243.8,65.11,0,334.9,0,
27-10-2022,Pet Supplies,362,239.2,67.09,0,375.3,0,
28-10-2022,Pet Supplies,374.5,238.3,64.43,0,364.7,0,
29-10-2022,Pet Supplies,347.4,243,65.76,0,330.8,0,
30-10-2022,Pet Supplies,329.3,245.2,66.87,0,319.9,0,
31-10-2022,Pet Supplies,323.9,253,63.45,0,298.6,0,
01-11-2022,Pet Supplies,326.3,258.8,65.14,0,298.4,0,
02-11-2022,Pet Supplies,334.4,259.5,66.23,0,321.5,0,
03-11-2022,Pet Supplies,364.8,246.1,66.18,0,378.9,0,
04-11-2022,Pet Supplies,360.4,251.7,64.82,0,371,0,
05-11-2022,Pet Supplies,419.1,254.6,64.74,1,419.9,0,
06-11-2022,Pet Supplies,330,253.1,66.73,0,332.6,0,
07-11-2022,Pet Supplies,347.7,244.6,64.28,0,357.8,0,
08-11-2022,Pet Supplies,336,247,65.55,0,348.6,0,
09-11-2022,Pet Supplies,340.4,251.1,66.8,0,340,0,
10-11-2022,Pet Supplies,335.2,248.7,65.98,0,321.1,0,
11-11-2022,Pet Supplies,345.9,240.6,66.05,0,319,0,
12-11-2022,Pet Supplies,352.5,236.2,67.34,0,317.6,0,
13-11-2022,Pet Supplies,331.6,241.9,65.05,0,330.7,0,
14-11-2022,Pet Supplies,312.4,251,65.32,0,299.8,0,
15-11-2022,Pet Supplies,325.9,249.8,66.36,0,297.2,0,
16-11-2022,Pet Supplies,335,235.9,65.39,0,315.5,0,
17-11-2022,Pet Supplies,351.1,229.3,66.01,0,340.7,0,
18-11-2022,Pet Supplies,359.1,227.5,65.21,0,365.4,0,
19-11-2022,Pet Supplies,340,228.9,65.61,0,322.1,0,
20-11-2022,Pet Supplies,319.1,231.2,67.24,0,318.6,0,
21-11-2022,Pet Supplies,308.4,237.6,65.41,0,279.6,0,
22-11-2022,Pet Supplies,321.1,237.2,67.26,0,335.3,0,
23-11-2022,Pet Supplies,,235.2,67.47,0,339.4,1,demand_spike
24-11-2022,Pet Supplies,376.2,221.8,64.88,0,368.4,0,
25-11-2022,Pet Supplies,367.3,226.7,67.39,0,366.8,0,
26-11-2022,Pet Supplies,354.2,225.2,64.25,0,359.4,0,
27-11-2022,Pet Supplies,321.2,229.7,63.26,0,335.8,0,
28-11-2022,Pet Supplies,310.5,230.9,67.85,0,304.8,0,
29-11-2022,Pet Supplies,308.3,228.1,66.47,0,312.4,0,
30-11-2022,Pet Supplies,354.7,211.2,66.02,0,329.5,0,
01-12-2022,Pet Supplies,364.7,207.7,66.74,0,336.7,0,
02-12-2022,Pet Supplies,361.5,208.2,64.82,0,364,0,
03-12-2022,Pet Supplies,342.6,201.1,66.03,0,355.8,0,
04-12-2022,Pet Supplies,322.5,207.6,67.55,0,317.7,0,
05-12-2022,Pet Supplies,320,207.1,68.84,0,313.6,0,
06-12-2022,Pet Supplies,493.6,204.1,66.41,1,486.5,0,
07-12-2022,Pet Supplies,339.2,199.3,67.9,0,350.1,0,
08-12-2022,Pet Supplies,336.9,196.8,65.41,0,343.6,0,
09-12-2022,Pet Supplies,343.4,192.9,67.73,0,350.4,0,
10-12-2022,Pet Supplies,344.2,198,66.22,0,315.2,0,
11-12-2022,Pet Supplies,313.6,205.1,66.36,0,317.9,0,
12-12-2022,Pet Supplies,306.1,212.9,66.09,0,310.8,0,
13-12-2022,Pet Supplies,328.5,211.1,64.77,0,302.1,0,
14-12-2022,Pet Supplies,325.4,210.3,65,0,315.8,0,
15-12-2022,Pet Supplies,327.7,207,66.68,0,299.8,0,
16-12-2022,Pet Supplies,374.2,190.7,65.05,0,359,0,
17-12-2022,Pet Supplies,345.4,198.6,67.03,0,344,0,
18-12-2022,Pet Supplies,316.4,204.5,64.54,0,295.1,0,
19-12-2022,Pet Supplies,305.6,211.4,64.89,0,281.1,0,
20-12-2022,Pet Supplies,288,213.5,66.78,0,286.8,0,
21-12-2022,Pet Supplies,319.4,208.4,67.24,0,327.1,0,
22-12-2022,Pet Supplies,330.6,200.4,68.37,0,305.2,0,
23-12-2022,Pet Supplies,341.7,188.7,65.76,0,353.9,0,
24-12-2022,Pet Supplies,345.2,178.7,67.51,0,348.8,0,
25-12-2022,Pet Supplies,315.8,184.8,65.83,0,316.4,0,
26-12-2022,Pet Supplies,319.9,179.5,68.64,0,293.7,0,
27-12-2022,Pet Supplies,289.5,184.4,65.03,0,300.9,0,
28-12-2022,Pet Supplies,302.6,185.4,66.11,0,293.8,0,
29-12-2022,Pet Supplies,344.1,169.2,65.15,0,337.4,0,
30-12-2022,Pet Supplies,336,161.9,67.29,0,328.2,0,
31-12-2022,Pet Supplies,328,167.1,67.21,0,321.4,0,
01-01-2023,Pet Supplies,305.3,180.6,68.41,0,312.5,0,
02-01-2023,Pet Supplies,1309.7,185.6,68.27,0,270.8,1,demand_spike
03-01-2023,Pet Supplies,303.7,180,66.11,0,295.4,0,
04-01-2023,Pet Supplies,404.5,177.7,64.98,1,401.3,0,
01-01-2020,Sporting Goods,363.9,1075.6,151.03,0,327.9,0,
02-01-2020,Sporting Goods,383,1071.9,154.3,0,393.2,0,
03-01-2020,Sporting Goods,361.3,1081.2,153.66,0,339.8,0,
04-01-2020,Sporting Goods,357.2,1090,148.12,0,325.3,0,
05-01-2020,Sporting Goods,349.9,1094.5,155.38,0,354.7,0,
06-01-2020,Sporting Goods,282.8,1114.5,151.54,0,268.5,0,
07-01-2020,Sporting Goods,337.7,1103.1,156.73,0,332.6,0,
08-01-2020,Sporting Goods,374.7,1094.2,154.16,0,384.6,0,
09-01-2020,Sporting Goods,370.4,1110.2,152.22,0,376.5,0,
10-01-2020,Sporting Goods,395.9,1104,156.84,0,376.3,0,
11-01-2020,Sporting Goods,352,1123.4,151.26,0,362.7,0,
12-01-2020,Sporting Goods,340.8,1131.2,148.85,0,326.6,0,
13-01-2020,Sporting Goods,319.7,1127.3,148.77,0,311.7,0,
14-01-2020,Sporting Goods,342.3,1116.8,153.68,0,339.5,0,
15-01-2020,Sporting Goods,354.1,1111,158.51,0,322.5,0,
16-01-2020,Sporting Goods,344.3,1106.5,152.5,0,340.7,0,
17-01-2020,Sporting Goods,371.8,1096.3,155.26,0,366.8,0,
18-01-2020,Sporting Goods,414.6,1076.6,153.89,0,427.4,0,
19-01-2020,Sporting Goods,497.9,1087.1,151.68,1,474.6,0,
20-01-2020,Sporting Goods,289.2,1109.8,147.87,0,270.8,0,
21-01-2020,Sporting Goods,367.2,1096,153.45,0,356.8,0,
22-01-2020,Sporting Goods,340.4,1097.3,155.4,0,341.5,0,
23-01-2020,Sporting Goods,408.4,1070.8,154.33,0,402,0,
24-01-2020,Sporting Goods,423.9,1063.5,151.9,0,390.3,0,
25-01-2020,Sporting Goods,383.8,1074.8,151.32,0,365.4,0,
26-01-2020,Sporting Goods,336.2,1081.3,151,0,305.8,0,
27-01-2020,Sporting Goods,327.8,1080.4,150.92,0,331.3,0,
28-01-2020,Sporting Goods,363.6,1065.7,153.08,0,375.4,0,
29-01-2020,Sporting Goods,349.5,1071.5,152.46,0,317,0,
30-01-2020,Sporting Goods,385.4,1062.8,154.49,0,377.2,0,
31-01-2020,Sporting Goods,565,1053,149.97,1,556.5,0,
01-02-2020,Sporting Goods,,1062.9,152.86,0,363.4,0,
02-02-2020,Sporting Goods,396.9,1053.2,152.83,0,387.1,0,
03-02-2020,Sporting Goods,329.4,1073.7,151.38,0,331.6,0,
04-02-2020,Sporting Goods,287.8,1081.3,153.88,0,280,0,
05-02-2020,Sporting Goods,528.2,1065.6,150.21,1,548.2,0,
06-02-2020,Sporting Goods,413.1,1044,156.59,0,405.3,0,
07-02-2020,Sporting Goods,431.8,1035.1,154.24,0,393.3,0,
08-02-2020,Sporting Goods,389.9,1052,154.6,0,406.7,0,
09-02-2020,Sporting Goods,368.7,1056.3,152.72,0,340,0,
10-02-2020,Sporting Goods,359.5,1062.5,151.93,0,365.8,0,
11-02-2020,Sporting Goods,404.4,1057.6,150.73,0,395.9,0,
12-02-2020,Sporting Goods,398.9,1063.4,150.39,0,403.4,0,
13-02-2020,Sporting Goods,404,1055.9,148.26,0,394.7,0,
14-02-2020,Sporting Goods,465.5,1031.6,153.22,0,423.1,0,
15-02-2020,Sporting Goods,525.6,1048.2,155.08,1,502.6,0,
16-02-2020,Sporting Goods,338,1071.2,149.2,0,335.7,0,
17-02-2020,Sporting Goods,338.2,1077.1,156.99,0,336.3,0,
18-02-2020,Sporting Goods,386.8,1058.6,148.13,0,404.6,0,
19-02-2020,Sporting Goods,360.3,1064.2,155.55,0,357.1,0,
20-02-2020,Sporting Goods,433.1,1041.1,150.35,0,408.4,0,
21-02-2020,Sporting Goods,412.2,1046,156.24,0,373.7,0,
22-02-2020,Sporting Goods,439.7,1045.2,155.27,0,447.7,0,
23-02-2020,Sporting Goods,393.8,1058.5,161.04,0,406.9,0,
24-02-2020,Sporting Goods,,1075.3,151.03,1,462,0,
25-02-2020,Sporting Goods,401.8,1061.4,146.1,0,390.7,0,
26-02-2020,Sporting Goods,435.2,1059.3,147.16,0,447.8,0,
27-02-2020,Sporting Goods,402,1069.1,152.31,0,376.3,0,
28-02-2020,Sporting Goods,418.8,1070.3,153.44,0,402,0,
29-02-2020,Sporting Goods,432.2,1075.5,150.74,0,421.8,0,
01-03-2020,Sporting Goods,411.8,1081.1,154.05,0,373.6,0,
02-03-2020,Sporting Goods,432.9,1071.9,155.67,0,434.4,0,
03-03-2020,Sporting Goods,408,1090.3,154.73,0,378.7,0,
04-03-2020,Sporting Goods,464.1,1079.1,152.82,0,440.9,0,
05-03-2020,Sporting Goods,436.4,1087.4,150.35,0,419.9,0,
06-03-2020,Sporting Goods,450.8,1086.4,155.48,0,448.9,0,
07-03-2020,Sporting Goods,415.4,1091.8,157.17,0,378,0,
08-03-2020,Sporting Goods,392,1104.3,151.1,0,372.9,0,
09-03-2020,Sporting Goods,391.6,1095.5,149.36,0,368.5,0,
10-03-2020,Sporting Goods,382.3,1103.6,156.47,0,344.1,0,
11-03-2020,Sporting Goods,,1105.7,153.92,1,555.3,0,
12-03-2020,Sporting Goods,427.5,1078.2,153.86,0,399.8,0,
13-03-2020,Sporting Goods,471.3,1055,158.2,0,436,0,
14-03-2020,Sporting Goods,434.8,1063.6,147.45,0,443.3,0,
15-03-2020,Sporting Goods,410.4,1074.5,152.29,0,371.8,0,
16-03-2020,Sporting Goods,377.3,1077.4,154.09,0,390.5,0,
17-03-2020,Sporting Goods,407.2,1062.3,159.1,0,408.4,0,
18-03-2020,Sporting Goods,459.1,1044.3,152.79,0,425,0,
19-03-2020,Sporting Goods,678.5,1043,151.46,1,646.2,0,
20-03-2020,Sporting Goods,460.9,1052.4,153.6,0,480.5,0,
21-03-2020,Sporting Goods,419.5,1065.5,155.17,0,416.5,0,
22-03-2020,Sporting Goods,451.3,1060.9,156.59,0,447.4,0,
23-03-2020,Sporting Goods,420.9,1073.5,157.44,0,420.1,0,
24-03-2020,Sporting Goods,,1085.9,147.09,0,361.1,0,
25-03-2020,Sporting Goods,389.8,1085.3,150.59,0,360.6,0,
26-03-2020,Sporting Goods,420.1,1069.7,155.58,0,387.6,0,
27-03-2020,Sporting Goods,446.3,1064.3,153.74,0,447.7,0,
28-03-2020,Sporting Goods,461.1,1054.1,154.27,0,476.1,0,
29-03-2020,Sporting Goods,435.8,1062.3,151.03,0,411.9,0,
30-03-2020,Sporting Goods,409,1076.5,153.68,0,399,0,
31-03-2020,Sporting Goods,404.7,1078.8,152.23,0,424.5,0,
01-04-2020,Sporting Goods,481.9,1055.6,154.39,0,452.3,0,
02-04-2020,Sporting Goods,454.7,1064.9,154.49,0,435.8,0,
03-04-2020,Sporting Goods,458,1067.2,153.93,0,437.2,0,
04-04-2020,Sporting Goods,1660,1085.2,153.78,0,392.4,1,demand_spike
05-04-2020,Sporting Goods,467.2,1078.4,152.42,0,456.2,0,
06-04-2020,Sporting Goods,419.7,1090.1,157.8,0,390.9,0,
07-04-2020,Sporting Goods,387.9,1098.7,156.36,0,356.6,0,
08-04-2020,Sporting Goods,408.3,1088,153.11,0,411,0,
09-04-2020,Sporting Goods,419.9,1078.3,155.57,0,426.1,0,
10-04-2020,Sporting Goods,459.8,1054.2,159.14,0,475.1,0,
11-04-2020,Sporting Goods,414.1,1065.6,150.18,0,430.7,0,
12-04-2020,Sporting Goods,396.2,1064,150.8,0,408.2,0,
13-04-2020,Sporting Goods,428.8,1054.7,153.2,0,393.8,0,
14-04-2020,Sporting Goods,430.7,1051.5,153.9,0,402.1,0,
15-04-2020,Sporting Goods,466.5,1035.4,151.3,0,428.4,0,
16-04-2020,Sporting Goods,425.5,1037.2,155.1,0,405.5,0,
17-04-2020,Sporting Goods,441.3,673,152.69,0,405.4,0,
18-04-2020,Sporting Goods,433.7,668.7,156.28,0,432.8,0,
19-04-2020,Sporting Goods,457.3,666.4,150.9,0,49.2,1,supplier_delay
20-04-2020,Sporting Goods,407.7,677,150.31,0,376.7,0,
21-04-2020,Sporting Goods,451.1,667.7,152.34,0,448.1,0,
22-04-2020,Sporting Goods,448.1,1030.8,152.48,0,404.8,0,
23-04-2020,Sporting Goods,454.9,1028.8,150.2,0,439,0,
24-04-2020,Sporting Goods,475.2,1024.7,153.26,0,448,0,
25-04-2020,Sporting Goods,409.8,1047.7,150.94,0,430.2,0,
26-04-2020,Sporting Goods,377.5,1054.8,158.75,0,392,0,
27-04-2020,Sporting Goods,411.4,1042.1,152.76,0,379.4,0,
28-04-2020,Sporting Goods,411.6,1042.2,154.07,0,427.1,0,
29-04-2020,Sporting Goods,475.4,1016.3,149.13,0,457.8,0,
30-04-2020,Sporting Goods,426.7,1039.9,154.62,0,420.9,0,
01-05-2020,Sporting Goods,469.8,1027.8,150.47,0,460.4,0,
02-05-2020,Sporting Goods,460.8,1029.5,155.73,0,464.9,0,
03-05-2020,Sporting Goods,427.7,1049.8,148.23,0,406.4,0,
04-05-2020,Sporting Goods,428,1044.2,152.84,0,389.7,0,
05-05-2020,Sporting Goods,396.1,1061.5,156.1,0,381.3,0,
06-05-2020,Sporting Goods,450,1049.4,153.48,0,441.7,0,
07-05-2020,Sporting Goods,466.5,1050,152.51,0,458.7,0,
08-05-2020,Sporting Goods,484.8,1043.6,157.03,0,493.9,0,
09-05-2020,Sporting Goods,432.6,1059.6,150.43,0,392.2,0,
10-05-2020,Sporting Goods,392.5,1069.9,149.36,0,411.4,0,
11-05-2020,Sporting Goods,388.4,1076.1,149.75,0,407.2,0,
12-05-2020,Sporting Goods,608.5,1079.3,149.86,1,556.7,0,
13-05-2020,Sporting Goods,417.2,1066.6,154.21,0,397,0,
14-05-2020,Sporting Goods,703.2,1055.9,152.02,1,695.2,0,
15-05-2020,Sporting Goods,437.1,1058,155.95,0,417.8,0,
16-05-2020,Sporting Goods,677.9,1055.3,154.35,1,659.6,0,
17-05-2020,Sporting Goods,389.4,1077.9,154.06,0,369.5,0,
18-05-2020,Sporting Goods,396.9,1079.7,147.63,0,399.6,0,
19-05-2020,Sporting Goods,392.9,1084.9,154.69,0,375,0,
20-05-2020,Sporting Goods,423,1077,156.76,0,408,0,
21-05-2020,Sporting Goods,456.2,1062.9,153.26,0,450,0,
22-05-2020,Sporting Goods,443.7,1070.2,149.98,0,463.9,0,
23-05-2020,Sporting Goods,419.7,1066.9,148.19,0,418.1,0,
24-05-2020,Sporting Goods,396.5,1074.7,155.99,0,362.6,0,
25-05-2020,Sporting Goods,416.2,1064.8,153.25,0,394.5,0,
26-05-2020,Sporting Goods,426.6,1057.2,148.78,0,410.8,0,
27-05-2020,Sporting Goods,410,1059.8,154.11,0,414.5,0,
28-05-2020,Sporting Goods,677,1050.5,152.87,1,654.7,0,
29-05-2020,Sporting Goods,411.3,1058.9,157.8,0,410.8,0,
30-05-2020,Sporting Goods,631.7,1058,150.48,1,648.1,0,
31-05-2020,Sporting Goods,374.3,1073.1,154.08,0,342.7,0,
01-06-2020,Sporting Goods,378.5,1071.3,156.57,0,384.2,0,
02-06-2020,Sporting Goods,417,1052.8,154.35,0,422,0,
03-06-2020,Sporting Goods,383.4,1056.5,152.46,0,392.2,0,
04-06-2020,Sporting Goods,418.2,667.9,151.91,0,436.4,0,
05-06-2020,Sporting Goods,423.1,668.9,151.98,0,400.5,0,
06-06-2020,Sporting Goods,389.9,674.5,151.39,0,73.5,1,supplier_delay
07-06-2020,Sporting Goods,418.3,672,150.8,0,393,0,
08-06-2020,Sporting Goods,389.2,673.1,156.42,0,369.3,0,
09-06-2020,Sporting Goods,426.8,1046.4,156.15,0,405.3,0,
10-06-2020,Sporting Goods,388.3,1053.7,155.17,0,400.1,0,
11-06-2020,Sporting Goods,393.4,1047.6,153.62,0,357.7,0,
12-06-2020,Sporting Goods,456.4,1024.8,153.51,0,424.7,0,
13-06-2020,Sporting Goods,411.8,1037.8,148.15,0,408.3,0,
14-06-2020,Sporting Goods,383.3,1048.5,155.07,0,389,0,
15-06-2020,Sporting Goods,408.5,1042.8,152.98,0,410.4,0,
16-06-2020,Sporting Goods,385,1048.4,149.28,0,349.2,0,
17-06-2020,Sporting Goods,422.5,1040.3,156.15,0,409,0,
18-06-2020,Sporting Goods,411.3,1052.1,152.44,0,381.6,0,
19-06-2020,Sporting Goods,587.6,1050.8,155.23,1,615.9,0,
20-06-2020,Sporting Goods,404.7,1053.9,154.28,0,424.9,0,
21-06-2020,Sporting Goods,400.8,1052.1,150.17,0,363.8,0,
22-06-2020,Sporting Goods,370.7,1059.1,155.22,0,370.8,0,
23-06-2020,Sporting Goods,384.3,1061.3,150.9,0,392.7,0,
24-06-2020,Sporting Goods,339.8,1080.9,147.85,0,322.4,0,
25-06-2020,Sporting Goods,377,1068.8,155.21,0,378.5,0,
26-06-2020,Sporting Goods,375.7,1071.6,153.55,0,348.7,0,
27-06-2020,Sporting Goods,397.1,1069.8,153.28,0,365,0,
28-06-2020,Sporting Goods,348.8,1082.1,155.25,0,362.4,0,
29-06-2020,Sporting Goods,398.5,1060.6,149.43,0,397,0,
30-06-2020,Sporting Goods,366.2,1073.8,150.03,0,374.4,0,
01-07-2020,Sporting Goods,392.9,1070.2,149.54,0,385,0,
02-07-2020,Sporting Goods,386.4,1075.9,151.49,0,356.7,0,
03-07-2020,Sporting Goods,390.2,1072.9,153.96,0,373.2,0,
04-07-2020,Sporting Goods,430.9,1068.3,159.17,0,444.7,0,
05-07-2020,Sporting Goods,409.5,1076.2,152.2,0,369.5,0,
06-07-2020,Sporting Goods,363.2,1084.3,153.44,0,338.2,0,
07-07-2020,Sporting Goods,315,1090.8,148.57,0,295.5,0,
08-07-2020,Sporting Goods,371.2,1072.5,151.26,0,348.7,0,
09-07-2020,Sporting Goods,408.6,1062.3,146.65,0,373.8,0,
10-07-2020,Sporting Goods,401.4,1063.1,159.91,0,412.4,0,
11-07-2020,Sporting Goods,535.4,1090.3,147.15,1,494.7,0,
12-07-2020,Sporting Goods,402.9,1074.6,151.36,0,412.8,0,
13-07-2020,Sporting Goods,328.3,1092.1,152.5,0,312.9,0,
14-07-2020,Sporting Goods,,1082.7,158.35,1,440.5,0,
15-07-2020,Sporting Goods,371.6,1069,153.62,0,360.2,0,
16-07-2020,Sporting Goods,419.3,1059.6,148.64,0,422.2,0,
17-07-2020,Sporting Goods,409.3,1071.9,152.02,0,413.2,0,
18-07-2020,Sporting Goods,485.5,1087.8,153.13,1,483.6,0,
19-07-2020,Sporting Goods,323.1,1105.4,150.96,0,328.3,0,
20-07-2020,Sporting Goods,441.9,1108.2,150.67,1,398.3,0,
21-07-2020,Sporting Goods,336.3,1092.9,150.45,0,328.1,0,
22-07-2020,Sporting Goods,532.1,1082.5,150.53,1,520.7,0,
23-07-2020,Sporting Goods,396.7,1073.7,150.09,0,371.3,0,
24-07-2020,Sporting Goods,375.4,1073.6,150.2,0,369.1,0,
25-07-2020,Sporting Goods,1697.3,1069.9,151.89,0,382.4,1,demand_spike
26-07-2020,Sporting Goods,361,1073.7,155.18,0,350.4,0,
27-07-2020,Sporting Goods,314.3,1096.5,149,0,288.5,0,
28-07-2020,Sporting Goods,342.9,1086,150.4,0,331,0,
29-07-2020,Sporting Goods,384.6,1075.4,153.06,0,390.4,0,
30-07-2020,Sporting Goods,356.9,1074.8,154.48,0,343.2,0,
31-07-2020,Sporting Goods,467.3,1061.1,157.42,1,454.7,0,
01-08-2020,Sporting Goods,360.2,1062.4,155.04,0,376.5,0,
02-08-2020,Sporting Goods,331.2,1075.4,153.36,0,341.4,0,
03-08-2020,Sporting Goods,339.3,1076.2,152.79,0,352.7,0,
04-08-2020,Sporting Goods,549.5,1079.8,152.5,1,501,0,
05-08-2020,Sporting Goods,356.9,1068.8,149.32,0,354.3,0,
06-08-2020,Sporting Goods,377.5,1065.2,154.08,0,352.4,0,
07-08-2020,Sporting Goods,362.2,1067,151.54,0,347.9,0,
08-08-2020,Sporting Goods,364.6,1062.2,153.34,0,365.3,0,
09-08-2020,Sporting Goods,303.5,1077.9,150.02,0,299.5,0,
10-08-2020,Sporting Goods,367.7,1058,152.59,0,358.9,0,
11-08-2020,Sporting Goods,440.5,1067.3,150.04,1,450.3,0,
12-08-2020,Sporting Goods,361.2,1068.9,154.51,0,362,0,
13-08-2020,Sporting Goods,371,1068.6,152.09,0,379.6,0,
14-08-2020,Sporting Goods,375.6,1070.3,153.41,0,390.6,0,
15-08-2020,Sporting Goods,313.7,1098,151.53,0,315.8,0,
16-08-2020,Sporting Goods,296.8,1106.6,154.98,0,284.7,0,
17-08-2020,Sporting Goods,403.9,1109.8,153.96,1,376.4,0,
18-08-2020,Sporting Goods,313,1103.6,150.31,0,294.4,0,
19-08-2020,Sporting Goods,327.4,1107.8,150.07,0,314.1,0,
20-08-2020,Sporting Goods,372.6,1089.9,155.53,0,376.8,0,
21-08-2020,Sporting Goods,339,1097.8,145.86,0,307.2,0,
22-08-2020,Sporting Goods,365.2,1097.2,157.08,0,373.3,0,
23-08-2020,Sporting Goods,299.4,1115.5,150.65,0,303.5,0,
24-08-2020,Sporting Goods,291.4,1121.7,154.85,0,284.1,0,
25-08-2020,Sporting Goods,324.3,1118.3,154.01,0,311.3,0,
26-08-2020,Sporting Goods,418.4,1108,151.76,1,383.6,0,
27-08-2020,Sporting Goods,321.7,1110.7,153.79,0,303.5,0,
28-08-2020,Sporting Goods,376.3,1100.4,153.05,0,344.8,0,
29-08-2020,Sporting Goods,338.7,1111,155.21,0,346.5,0,
30-08-2020,Sporting Goods,264.6,1123.2,150.51,0,258.4,0,
31-08-2020,Sporting Goods,276.1,1117.2,154.91,0,258.7,0,
01-09-2020,Sporting Goods,362.6,1116.9,146.94,1,327.3,0,
02-09-2020,Sporting Goods,295.7,1121.6,154.66,0,289.4,0,
03-09-2020,Sporting Goods,526.5,1099.1,152.86,1,533.3,0,
04-09-2020,Sporting Goods,339.5,1111.2,154.31,0,344.6,0,
05-09-2020,Sporting Goods,341,1108.9,154.71,0,317.9,0,
06-09-2020,Sporting Goods,309.6,1122.8,157.32,0,324.9,0,
07-09-2020,Sporting Goods,303.9,1131.6,153.23,0,299.5,0,
08-09-2020,Sporting Goods,329.6,1127.8,150.2,0,313.1,0,
09-09-2020,Sporting Goods,330.2,1127,158.4,0,316.6,0,
10-09-2020,Sporting Goods,375.1,1115.7,153.96,0,344.6,0,
11-09-2020,Sporting Goods,357.7,1125.7,155.5,0,348.4,0,
12-09-2020,Sporting Goods,329.1,1134.4,151.68,0,333.3,0,
13-09-2020,Sporting Goods,307.3,1145,151.65,0,295.4,0,
14-09-2020,Sporting Goods,227.5,1170.7,153.28,0,234.4,0,
15-09-2020,Sporting Goods,279.3,1162.3,154.58,0,271.3,0,
16-09-2020,Sporting Goods,308.1,1157.2,153.78,0,318.9,0,
17-09-2020,Sporting Goods,342.8,1144.3,149.89,0,344.6,0,
18-09-2020,Sporting Goods,,1152.8,157.59,0,306.8,0,
19-09-2020,Sporting Goods,502.8,1157.6,149.29,1,457.6,0,
20-09-2020,Sporting Goods,1164.6,1175.3,153.95,0,273.3,1,demand_spike
21-09-2020,Sporting Goods,302.1,1175.1,153.01,1,288.1,0,
22-09-2020,Sporting Goods,259.9,1172.1,160.67,0,241.3,0,
23-09-2020,Sporting Goods,341.4,1156.9,151.61,0,351.6,0,
24-09-2020,Sporting Goods,302.6,1154.9,149.19,0,317,0,
25-09-2020,Sporting Goods,318.1,1136.8,154.93,0,324.9,0,
26-09-2020,Sporting Goods,321.2,1139.7,151.4,0,324.1,0,
27-09-2020,Sporting Goods,259.1,1159.5,156.19,0,233.3,0,
28-09-2020,Sporting Goods,258.5,1163,155.62,0,236.8,0,
29-09-2020,Sporting Goods,297.2,1148.8,155.1,0,297.3,0,
30-09-2020,Sporting Goods,295.6,1138.6,150.56,0,284.2,0,
01-10-2020,Sporting Goods,363.6,1114,155.58,0,328.3,0,
02-10-2020,Sporting Goods,296.2,1142,159.99,0,299.5,0,
03-10-2020,Sporting Goods,309.3,1135.8,151.78,0,297.8,0,
04-10-2020,Sporting Goods,281.9,1141.8,152.34,0,281.6,0,
05-10-2020,Sporting Goods,275.2,1130.7,152.51,0,267,0,
06-10-2020,Sporting Goods,254.4,1127.9,152.01,0,230,0,
07-10-2020,Sporting Goods,290.8,1122.5,153.36,0,289.5,0,
08-10-2020,Sporting Goods,342.9,1105.6,153,0,349.1,0,
09-10-2020,Sporting Goods,325.6,1115.8,152.76,0,300.6,0,
10-10-2020,Sporting Goods,292.5,1121.9,150.22,0,302.3,0,
11-10-2020,Sporting Goods,335,1101.8,156.58,0,310.6,0,
12-10-2020,Sporting Goods,275.5,1118.4,154.09,0,265.4,0,
13-10-2020,Sporting Goods,293.2,1110.2,155.91,0,287.1,0,
14-10-2020,Sporting Goods,319.1,1098.3,154.77,0,302.2,0,
15-10-2020,Sporting Goods,323.8,1092.8,144.81,0,315.8,0,
16-10-2020,Sporting Goods,498.3,1095.1,155.7,1,502.2,0,
17-10-2020,Sporting Goods,319.6,1091,155.42,0,321.9,0,
18-10-2020,Sporting Goods,275.1,1099.6,153.67,0,285.6,0,
19-10-2020,Sporting Goods,282.5,1106.4,159.58,0,290.8,0,
20-10-2020,Sporting Goods,276.7,1110.5,156.14,0,289.9,0,
21-10-2020,Sporting Goods,457.5,1096.7,156.02,1,452.7,0,
22-10-2020,Sporting Goods,301.3,1103.5,147.74,0,289.3,0,
23-10-2020,Sporting Goods,347.1,1093.1,157.05,0,324.9,0,
24-10-2020,Sporting Goods,329.3,1101.1,155.01,0,308.4,0,
25-10-2020,Sporting Goods,286,1109,148.84,0,263.8,0,
26-10-2020,Sporting Goods,291.3,1099.7,153.92,0,293.9,0,
27-10-2020,Sporting Goods,290.5,1088.6,147.77,0,289.9,0,
28-10-2020,Sporting Goods,318.8,1089.1,155.03,0,300.9,0,
29-10-2020,Sporting Goods,340.4,1080.3,153.49,0,351.9,0,
30-10-2020,Sporting Goods,334.4,1085.1,151.11,0,328.7,0,
31-10-2020,Sporting Goods,305.1,1094.9,155.1,0,277.7,0,
01-11-2020,Sporting Goods,280,1107,150.62,0,254.6,0,
02-11-2020,Sporting Goods,273.1,1108.7,153.31,0,251.6,0,
03-11-2020,Sporting Goods,301.8,1093.5,156.33,0,281.2,0,
04-11-2020,Sporting Goods,320.4,1082.7,151.9,0,331,0,
05-11-2020,Sporting Goods,351.6,1071.6,150.03,0,357.5,0,
06-11-2020,Sporting Goods,359.8,1061.2,156.28,0,334.7,0,
07-11-2020,Sporting Goods,425.3,1070.1,153.28,1,398.6,0,
08-11-2020,Sporting Goods,338.2,1057.4,159.08,0,336.7,0,
09-11-2020,Sporting Goods,278.6,1073.7,154.53,0,287.1,0,
10-11-2020,Sporting Goods,276.3,1071.9,155.27,0,261.8,0,
11-11-2020,Sporting Goods,317.3,1060.2,154.05,0,310.6,0,
12-11-2020,Sporting Goods,343.9,1056.5,154.64,0,355.4,0,
13-11-2020,Sporting Goods,323.7,1061.3,154.8,0,328.7,0,
14-11-2020,Sporting Goods,321.1,1054.6,155.01,0,331.9,0,
15-11-2020,Sporting Goods,290.3,1053.6,149.52,0,273.4,0,
16-11-2020,Sporting Goods,287.9,1055.1,150.31,0,288.9,0,
17-11-2020,Sporting Goods,308.2,1045.7,154.96,0,282.7,0,
18-11-2020,Sporting Goods,308.7,1044.8,153.22,0,306.4,0,
19-11-2020,Sporting Goods,350.2,1034,150.6,0,331.1,0,
20-11-2020,Sporting Goods,314.3,1052,153.86,0,315.9,0,
21-11-2020,Sporting Goods,348.3,1033,157.87,0,320.9,0,
22-11-2020,Sporting Goods,295,1044,153.52,0,294.9,0,
23-11-2020,Sporting Goods,279.6,1048.1,154.23,0,281.4,0,
24-11-2020,Sporting Goods,304.8,1034.9,154.33,0,313.5,0,
25-11-2020,Sporting Goods,329.4,1020.1,151.07,0,330.4,0,
26-11-2020,Sporting Goods,340.7,1023.2,152.78,0,333.4,0,
27-11-2020,Sporting Goods,330.5,1021,146.55,0,336.3,0,
28-11-2020,Sporting Goods,324.4,1016.3,150.05,0,305.8,0,
29-11-2020,Sporting Goods,312.4,1014.2,152.7,0,312.9,0,
30-11-2020,Sporting Goods,306.1,1021.5,149.29,0,308.7,0,
01-12-2020,Sporting Goods,284.3,1024.6,152.88,0,272.6,0,
02-12-2020,Sporting Goods,311.8,1009.4,152.03,0,326.9,0,
03-12-2020,Sporting Goods,354.9,992.2,156.99,0,338.4,0,
04-12-2020,Sporting Goods,354,992.3,159.13,0,323.1,0,
05-12-2020,Sporting Goods,344.2,999.7,152.77,0,325.4,0,
06-12-2020,Sporting Goods,260.5,1028.8,154.09,0,238.3,0,
07-12-2020,Sporting Goods,295.7,1014.4,156.64,0,281.1,0,
08-12-2020,Sporting Goods,327,1002.3,152.92,0,300.5,0,
09-12-2020,Sporting Goods,319.1,1015.2,154.23,0,308.2,0,
10-12-2020,Sporting Goods,366.5,1006,148.68,0,372.6,0,
11-12-2020,Sporting Goods,336.7,1013.7,154.52,0,306.4,0,
12-12-2020,Sporting Goods,314.4,1008.9,156.84,0,309.5,0,
13-12-2020,Sporting Goods,332.8,1001,149.52,0,301.7,0,
14-12-2020,Sporting Goods,308,1001.9,147.86,0,318.1,0,
15-12-2020,Sporting Goods,308.6,997.4,156.9,0,320.4,0,
16-12-2020,Sporting Goods,357.9,977.8,151.97,0,348.5,0,
17-12-2020,Sporting Goods,356.7,976.9,150.55,0,362.2,0,
18-12-2020,Sporting Goods,356.5,977.3,153.24,0,352.6,0,
19-12-2020,Sporting Goods,500.5,978.8,151.27,1,476,0,
20-12-2020,Sporting Goods,311,981,149.77,0,291.3,0,
21-12-2020,Sporting Goods,326.9,975.3,148.28,0,331.4,0,
22-12-2020,Sporting Goods,316.9,975.8,158.46,0,305.7,0,
23-12-2020,Sporting Goods,372.1,949.8,158.04,0,386.2,0,
24-12-2020,Sporting Goods,307.8,972.1,152.18,0,322.1,0,
25-12-2020,Sporting Goods,398,941.4,160.95,0,370.8,0,
26-12-2020,Sporting Goods,371.3,948,157,0,365.5,0,
27-12-2020,Sporting Goods,337.6,957,152.79,0,331.1,0,
28-12-2020,Sporting Goods,297.3,969.1,159.88,0,306.2,0,
29-12-2020,Sporting Goods,296.1,970.1,146.69,0,297.2,0,
30-12-2020,Sporting Goods,371.9,940.9,152.3,0,368.6,0,
31-12-2020,Sporting Goods,384.9,938.6,158.32,0,385.6,0,
01-01-2021,Sporting Goods,391.3,934.9,151.9,0,375.1,0,
02-01-2021,Sporting Goods,369.8,946.8,156.53,0,386.1,0,
03-01-2021,Sporting Goods,504.1,951.9,149.94,1,458.1,0,
04-01-2021,Sporting Goods,321,972.1,150.92,0,290.3,0,
05-01-2021,Sporting Goods,333.2,963.8,154.13,0,320.6,0,
06-01-2021,Sporting Goods,360.6,962,154.96,0,332.9,0,
07-01-2021,Sporting Goods,383.7,955.5,153.58,0,376.7,0,
08-01-2021,Sporting Goods,423.9,946.9,151.67,0,382.1,0,
09-01-2021,Sporting Goods,353.7,971.3,150.1,0,342.7,0,
10-01-2021,Sporting Goods,314.7,985.3,160.17,0,297.1,0,
11-01-2021,Sporting Goods,311,981,154.01,0,289.3,0,
12-01-2021,Sporting Goods,363.9,969.9,156.32,0,351.8,0,
13-01-2021,Sporting Goods,371,969.5,155.96,0,381.4,0,
14-01-2021,Sporting Goods,362.7,964.7,151.49,0,362.1,0,
15-01-2021,Sporting Goods,406.1,949.2,153.09,0,375.3,0,
16-01-2021,Sporting Goods,382.6,950.2,150.59,0,372.9,0,
17-01-2021,Sporting Goods,377.6,944.6,155.29,0,392.6,0,
18-01-2021,Sporting Goods,368.2,951.7,152.46,0,355.7,0,
19-01-2021,Sporting Goods,412.2,931.1,157.92,0,400.1,0,
20-01-2021,Sporting Goods,487.6,941.2,148.02,1,507.7,0,
21-01-2021,Sporting Goods,365.9,948.3,154.48,0,336.7,0,
22-01-2021,Sporting Goods,425.5,928.1,160.73,0,429.9,0,
23-01-2021,Sporting Goods,419.6,933.2,150.7,0,396.5,0,
24-01-2021,Sporting Goods,346.9,960.6,153.43,0,357.3,0,
25-01-2021,Sporting Goods,332.5,968.8,151.87,0,302,0,
26-01-2021,Sporting Goods,374.2,957,155.69,0,392.4,0,
27-01-2021,Sporting Goods,427.6,940.8,146.82,0,434.2,0,
28-01-2021,Sporting Goods,,953.1,149.26,0,373.1,0,
29-01-2021,Sporting Goods,423.4,943.7,149.91,0,429.4,0,
30-01-2021,Sporting Goods,366.2,964.3,155.64,0,380.3,0,
31-01-2021,Sporting Goods,,959.2,152.39,0,347.4,0,
01-02-2021,Sporting Goods,366.2,962.3,151,0,379.7,0,
02-02-2021,Sporting Goods,407,959.4,154.19,0,388.3,0,
03-02-2021,Sporting Goods,384.1,963.9,153.63,0,346.1,0,
04-02-2021,Sporting Goods,438,947.8,152.35,0,401.6,0,
05-02-2021,Sporting Goods,413.5,957.4,151.42,0,427,0,
06-02-2021,Sporting Goods,417.5,958.6,150.17,0,437.3,0,
07-02-2021,Sporting Goods,436.2,954.5,157.31,0,451.2,0,
08-02-2021,Sporting Goods,415.6,954.4,157.52,0,401.6,0,
09-02-2021,Sporting Goods,426,952.1,148.93,0,444.8,0,
10-02-2021,Sporting Goods,416.2,956.2,151.75,0,400,0,
11-02-2021,Sporting Goods,427,958.7,154.33,0,391.6,0,
12-02-2021,Sporting Goods,444.4,957.2,150.19,0,422.7,0,
13-02-2021,Sporting Goods,433.7,966.4,155.21,0,455.3,0,
14-02-2021,Sporting Goods,408,969.1,153.61,0,405.5,0,
15-02-2021,Sporting Goods,369.7,975.6,155.49,0,351.6,0,
16-02-2021,Sporting Goods,375.6,975.5,160.03,0,373.2,0,
17-02-2021,Sporting Goods,402.7,973,147.84,0,388.4,0,
18-02-2021,Sporting Goods,462.4,954.1,157.42,0,419.6,0,
19-02-2021,Sporting Goods,471.4,947.7,151.34,0,438.5,0,
20-02-2021,Sporting Goods,499.9,931.2,155.09,0,451.3,0,
21-02-2021,Sporting Goods,618.4,958,154.66,1,580.2,0,
22-02-2021,Sporting Goods,375.6,969.7,157.27,0,379.7,0,
23-02-2021,Sporting Goods,388.9,963.5,153.27,0,361.3,0,
24-02-2021,Sporting Goods,419.5,958.9,150.57,0,410.8,0,
25-02-2021,Sporting Goods,479,940.6,153.83,0,481.5,0,
26-02-2021,Sporting Goods,642.8,943.6,158.24,1,631.4,0,
27-02-2021,Sporting Goods,409.5,966,154.15,0,369.5,0,
28-02-2021,Sporting Goods,413,975.9,151.34,0,394.2,0,
01-03-2021,Sporting Goods,367.8,987.2,152.61,0,355.4,0,
02-03-2021,Sporting Goods,418.8,967.5,153.85,0,398.4,0,
03-03-2021,Sporting Goods,1410.3,963.9,153.45,0,406.9,1,demand_spike
04-03-2021,Sporting Goods,440.1,958.6,153.02,0,430,0,
05-03-2021,Sporting Goods,602.2,959.3,156.09,1,558.9,0,
06-03-2021,Sporting Goods,461.2,944.9,159.28,0,467.1,0,
07-03-2021,Sporting Goods,446.6,947.9,156,0,412.7,0,
08-03-2021,Sporting Goods,390.8,972.4,155,0,378.6,0,
09-03-2021,Sporting Goods,408.7,973,156.25,0,414.1,0,
10-03-2021,Sporting Goods,425.3,960.3,155.07,0,427.3,0,
11-03-2021,Sporting Goods,454.5,959.5,153.54,0,438.5,0,
12-03-2021,Sporting Goods,447.9,955.4,151.32,0,456.1,0,
13-03-2021,Sporting Goods,426.9,962.5,151.32,0,429.9,0,
14-03-2021,Sporting Goods,455.6,949.7,153.05,0,436.3,0,
15-03-2021,Sporting Goods,354.4,978.1,153.99,0,366.5,0,
16-03-2021,Sporting Goods,672.9,951,156.57,1,619.9,0,
17-03-2021,Sporting Goods,447,953.8,152.77,0,426.3,0,
18-03-2021,Sporting Goods,499.9,937.3,152.03,0,502.2,0,
19-03-2021,Sporting Goods,465.4,948.7,153.93,0,479.9,0,
20-03-2021,Sporting Goods,577.4,948.7,154.4,1,547.6,0,
21-03-2021,Sporting Goods,413.5,951.9,151.32,0,406.9,0,
22-03-2021,Sporting Goods,423.4,946.7,150.89,0,381.8,0,
23-03-2021,Sporting Goods,626.1,954.3,155.06,1,598.4,0,
24-03-2021,Sporting Goods,420.9,949.4,152.72,0,399.7,0,
25-03-2021,Sporting Goods,598.6,944.8,156.7,1,614.4,0,
26-03-2021,Sporting Goods,454.3,944.9,153.94,0,413.9,0,
27-03-2021,Sporting Goods,437.8,949.9,152.88,0,398.1,0,
28-03-2021,Sporting Goods,552.4,952.9,149.49,1,533.8,0,
29-03-2021,Sporting Goods,415.3,959.8,153.12,0,399.1,0,
30-03-2021,Sporting Goods,437.3,957.9,150.09,0,404.2,0,
31-03-2021,Sporting Goods,451.8,956.3,149.17,0,424.5,0,
01-04-2021,Sporting Goods,445.9,962.7,157.72,0,466.5,0,
02-04-2021,Sporting Goods,432.1,970.4,151.61,0,422.1,0,
03-04-2021,Sporting Goods,439.7,974.9,155.82,0,401.5,0,
04-04-2021,Sporting Goods,454,974.8,149.71,0,412,0,
05-04-2021,Sporting Goods,438.1,988.3,150.92,0,397.1,0,
06-04-2021,Sporting Goods,449.3,982.2,150.65,0,430.6,0,
07-04-2021,Sporting Goods,469.1,980.4,155.19,0,483.1,0,
08-04-2021,Sporting Goods,497.5,965,154.46,0,509.9,0,
09-04-2021,Sporting Goods,488.7,972.4,149.05,0,466.8,0,
10-04-2021,Sporting Goods,503.3,968.3,148.77,0,511.4,0,
11-04-2021,Sporting Goods,445.8,990.2,154.57,0,451.5,0,
12-04-2021,Sporting Goods,466.9,992.3,157.1,0,454.1,0,
13-04-2021,Sporting Goods,416.2,1011.5,156.95,0,399.8,0,
14-04-2021,Sporting Goods,609.4,1002.8,150.72,1,565,0,
15-04-2021,Sporting Goods,471.2,987.5,151.77,0,443.8,0,
16-04-2021,Sporting Goods,480.3,987.5,154.54,0,456.7,0,
17-04-2021,Sporting Goods,458.6,992.6,154.76,0,468.6,0,
18-04-2021,Sporting Goods,451.9,997.9,153.7,0,444.2,0,
19-04-2021,Sporting Goods,422.4,1004.2,151.83,0,392.9,0,
20-04-2021,Sporting Goods,417.2,1001.1,154.39,0,381.5,0,
21-04-2021,Sporting Goods,444.5,991.7,153.44,0,433.1,0,
22-04-2021,Sporting Goods,501.9,977,153.55,0,501.8,0,
23-04-2021,Sporting Goods,488.1,981.7,155.67,0,499.2,0,
24-04-2021,Sporting Goods,429.4,995.3,156.34,0,437.8,0,
25-04-2021,Sporting Goods,472.7,991.3,154.01,0,483.8,0,
26-04-2021,Sporting Goods,433.7,1002.3,153.84,0,419.4,0,
27-04-2021,Sporting Goods,443.6,988,152.46,0,456.8,0,
28-04-2021,Sporting Goods,472.4,984,153.34,0,456.6,0,
29-04-2021,Sporting Goods,496,976.9,155.26,0,458.9,0,
30-04-2021,Sporting Goods,460.6,986.7,154.45,0,442,0,
01-05-2021,Sporting Goods,441.4,991.5,151.28,0,419.8,0,
02-05-2021,Sporting Goods,490.6,975.8,151.12,0,470.4,0,
03-05-2021,Sporting Goods,408,1008.9,151.02,0,407.5,0,
04-05-2021,Sporting Goods,1224.9,1002.7,156.45,0,435.9,1,demand_spike
05-05-2021,Sporting Goods,485.9,989.2,147.86,0,453.7,0,
06-05-2021,Sporting Goods,463.6,994.5,148.79,0,439.3,0,
07-05-2021,Sporting Goods,470.7,701.5,151.06,0,465.7,0,
08-05-2021,Sporting Goods,482.3,702,155.24,0,440.2,0,
09-05-2021,Sporting Goods,441.4,714.1,152.12,0,76.6,1,supplier_delay
10-05-2021,Sporting Goods,431.4,717.2,150.41,0,399.8,0,
11-05-2021,Sporting Goods,424.2,722.2,154.02,0,435.9,0,
12-05-2021,Sporting Goods,436.9,1028.7,154.18,0,419.5,0,
13-05-2021,Sporting Goods,463.3,1018.9,155.35,0,432.3,0,
14-05-2021,Sporting Goods,501.3,1009.4,157.11,0,501.4,0,
15-05-2021,Sporting Goods,453.1,1034.4,156.71,0,445.4,0,
16-05-2021,Sporting Goods,442.9,1038.4,154.64,0,410.1,0,
17-05-2021,Sporting Goods,396.6,1058.6,152.68,0,406.2,0,
18-05-2021,Sporting Goods,466.5,1043.7,154.26,0,451.5,0,
19-05-2021,Sporting Goods,451.6,1050.9,151.69,0,416.7,0,
20-05-2021,Sporting Goods,474.1,1052.5,155.66,0,483.4,0,
21-05-2021,Sporting Goods,491.8,1036.3,151.42,0,452.4,0,
22-05-2021,Sporting Goods,445.2,1041.1,150.62,0,465.3,0,
23-05-2021,Sporting Goods,455.4,1046.7,155.85,0,440,0,
24-05-2021,Sporting Goods,380.7,1065.8,148.53,0,384.2,0,
25-05-2021,Sporting Goods,405.1,1059.1,151.11,0,392,0,
26-05-2021,Sporting Goods,423.1,1062.4,154.78,0,392.7,0,
27-05-2021,Sporting Goods,421.9,1063.8,152.68,0,427.6,0,
28-05-2021,Sporting Goods,455.8,1062.1,152.55,0,430,0,
29-05-2021,Sporting Goods,449.7,1062,149.73,0,450.7,0,
30-05-2021,Sporting Goods,401.4,1079.5,149.97,0,376.7,0,
31-05-2021,Sporting Goods,381.8,1085.7,152.38,0,357.4,0,
01-06-2021,Sporting Goods,414.1,1083.5,148.34,0,401.1,0,
02-06-2021,Sporting Goods,433.4,1076.4,152.91,0,443.1,0,
03-06-2021,Sporting Goods,451.3,1066.2,156.41,0,447.7,0,
04-06-2021,Sporting Goods,434.6,1068.9,156.15,0,395.3,0,
05-06-2021,Sporting Goods,436.8,1066.1,154.57,0,441.2,0,
06-06-2021,Sporting Goods,404.9,1072.4,153.53,0,399.6,0,
07-06-2021,Sporting Goods,404.5,1069.1,152.69,0,401.9,0,
08-06-2021,Sporting Goods,395.3,1077.4,153.11,0,376.8,0,
09-06-2021,Sporting Goods,428.3,1074.6,150.34,0,421.2,0,
10-06-2021,Sporting Goods,422.8,1078.2,151.21,0,404.1,0,
11-06-2021,Sporting Goods,425.6,1074.1,148.33,0,388.3,0,
12-06-2021,Sporting Goods,451,1063.6,155.51,0,463.1,0,
13-06-2021,Sporting Goods,429.4,1059.7,152.62,0,430.1,0,
14-06-2021,Sporting Goods,387.8,1074.1,158.46,0,388,0,
15-06-2021,Sporting Goods,401.5,1066.6,151.31,0,373,0,
16-06-2021,Sporting Goods,412.9,1070.5,152.92,0,412.7,0,
17-06-2021,Sporting Goods,467.9,1047.1,154.89,0,437.4,0,
18-06-2021,Sporting Goods,444.6,1051.1,154.1,0,446,0,
19-06-2021,Sporting Goods,421.5,1057.6,152.71,0,400.4,0,
20-06-2021,Sporting Goods,426.8,1058.3,157.83,0,394.2,0,
21-06-2021,Sporting Goods,372.6,1083.6,150.38,0,386,0,
22-06-2021,Sporting Goods,397.2,1069.4,154.69,0,363.7,0,
23-06-2021,Sporting Goods,533.7,1069.1,151.74,1,541.3,0,
24-06-2021,Sporting Goods,451.4,1044.4,152.56,0,413.2,0,
25-06-2021,Sporting Goods,459.2,1046,153.65,0,460.5,0,
26-06-2021,Sporting Goods,397.2,1061.4,152.59,0,364,0,
27-06-2021,Sporting Goods,367.5,1069.8,152.48,0,358.8,0,
28-06-2021,Sporting Goods,528.2,1062.8,148.71,1,490.3,0,
29-06-2021,Sporting Goods,428.1,1051.3,155.4,0,440.9,0,
30-06-2021,Sporting Goods,427,1050.9,148.69,0,410,0,
01-07-2021,Sporting Goods,425,1046.6,156.87,0,383.5,0,
02-07-2021,Sporting Goods,415.7,1049.9,152.65,0,413.3,0,
03-07-2021,Sporting Goods,391,1053.3,155.49,0,378,0,
04-07-2021,Sporting Goods,406.3,1052.8,146.26,0,418.1,0,
05-07-2021,Sporting Goods,393.9,1056.8,152.83,0,380.1,0,
06-07-2021,Sporting Goods,364.9,1060.3,152.9,0,350.9,0,
07-07-2021,Sporting Goods,394.8,1063.4,150.51,0,382.2,0,
08-07-2021,Sporting Goods,422.7,1063.3,155.31,0,434.9,0,
09-07-2021,Sporting Goods,465.1,1062.8,151.23,0,459.6,0,
10-07-2021,Sporting Goods,410.7,1077.4,150.52,0,410.8,0,
11-07-2021,Sporting Goods,361.8,1087.9,151.95,0,364.7,0,
12-07-2021,Sporting Goods,341.1,1098.1,155.57,0,355,0,
13-07-2021,Sporting Goods,350.9,1100.7,153.69,0,359.9,0,
14-07-2021,Sporting Goods,419.2,1081.2,154.01,0,435.6,0,
15-07-2021,Sporting Goods,424.6,1069.1,155.02,0,404,0,
16-07-2021,Sporting Goods,410.6,1068.4,152.35,0,382.8,0,
17-07-2021,Sporting Goods,338.2,1092.2,155.79,0,314.7,0,
18-07-2021,Sporting Goods,,1083.4,153.97,0,366.6,0,
19-07-2021,Sporting Goods,365.3,1073.9,155.24,0,374.3,0,
20-07-2021,Sporting Goods,515,1071.3,150.8,1,513.8,0,
21-07-2021,Sporting Goods,391.3,1048.6,153.2,0,355.9,0,
22-07-2021,Sporting Goods,376.4,1050.1,155.55,0,356.8,0,
23-07-2021,Sporting Goods,413.7,1036.7,157.97,0,417.9,0,
24-07-2021,Sporting Goods,530.9,1050.8,155.83,1,497.6,0,
25-07-2021,Sporting Goods,366.7,1055.1,155.96,0,364.4,0,
26-07-2021,Sporting Goods,,1067.1,148.65,0,327.1,0,
27-07-2021,Sporting Goods,377.3,1058.3,152.12,0,354.4,0,
28-07-2021,Sporting Goods,,1055.8,154.65,0,398.4,0,
29-07-2021,Sporting Goods,394.3,1045.1,149.17,0,370,0,
30-07-2021,Sporting Goods,431.5,1034.2,154.16,0,446.3,0,
31-07-2021,Sporting Goods,377,1046.2,151.94,0,369.9,0,
01-08-2021,Sporting Goods,328.2,1054,152.08,0,299.9,0,
02-08-2021,Sporting Goods,364.5,1046,153.14,0,373.7,0,
03-08-2021,Sporting Goods,351.7,1042.8,154.02,0,358.3,0,
04-08-2021,Sporting Goods,361,1043.4,155.17,0,369.9,0,
05-08-2021,Sporting Goods,375.6,1032.5,149.64,0,374,0,
06-08-2021,Sporting Goods,405,1022.3,155.83,0,407.7,0,
07-08-2021,Sporting Goods,394.7,591.3,154.87,0,408.9,0,
08-08-2021,Sporting Goods,334.4,605,152.18,0,307.4,0,
09-08-2021,Sporting Goods,346.2,604.7,155.85,0,32.8,1,supplier_delay
10-08-2021,Sporting Goods,497.7,602.7,147.84,1,457.3,0,
11-08-2021,Sporting Goods,480.3,602.5,153.44,1,495,0,
12-08-2021,Sporting Goods,382,1036.8,151.24,0,376,0,
13-08-2021,Sporting Goods,374.7,1046.4,149.74,0,347.1,0,
14-08-2021,Sporting Goods,396.4,1033.1,148.4,0,365.2,0,
15-08-2021,Sporting Goods,329.5,1059.7,154.87,0,318.6,0,
16-08-2021,Sporting Goods,359.2,1057,154.5,0,367.2,0,
17-08-2021,Sporting Goods,334.2,1065.4,156.61,0,341.1,0,
18-08-2021,Sporting Goods,1203.7,1070.6,154.97,0,324.2,1,demand_spike
19-08-2021,Sporting Goods,328,1064,152.04,0,333,0,
20-08-2021,Sporting Goods,374.9,1043.7,161.24,0,340.9,0,
21-08-2021,Sporting Goods,391.4,1040.5,156.04,0,394.5,0,
22-08-2021,Sporting Goods,363,1048.1,149.42,0,355,0,
23-08-2021,Sporting Goods,323.4,1062.2,152.54,0,326.3,0,
24-08-2021,Sporting Goods,,1068.9,153.63,0,300.2,0,
25-08-2021,Sporting Goods,337.3,1072.9,152.13,0,328.1,0,
26-08-2021,Sporting Goods,372.6,1068.3,159.22,0,342.4,0,
27-08-2021,Sporting Goods,,1063.9,152.05,0,410.4,0,
28-08-2021,Sporting Goods,368.5,777.2,151.76,0,352.3,0,
29-08-2021,Sporting Goods,351,782.4,155.21,0,346.6,0,
30-08-2021,Sporting Goods,327.4,793.4,153.31,0,35.9,1,supplier_delay
31-08-2021,Sporting Goods,338.6,789.4,152.26,0,323.4,0,
01-09-2021,Sporting Goods,291.6,807.7,159.56,0,300.5,0,
02-09-2021,Sporting Goods,342.9,1090.7,157.64,0,319.4,0,
03-09-2021,Sporting Goods,343.2,1092.1,148.63,0,319.4,0,
04-09-2021,Sporting Goods,324.6,1092.7,158.67,0,304.8,0,
05-09-2021,Sporting Goods,324.6,1100.2,152.39,0,320.1,0,
06-09-2021,Sporting Goods,337.4,1110.4,156.41,1,330,0,
07-09-2021,Sporting Goods,292.5,1102.8,159,0,271,0,
08-09-2021,Sporting Goods,332.7,1081.4,155.42,0,334,0,
09-09-2021,Sporting Goods,485.6,1089,159.92,1,503.1,0,
10-09-2021,Sporting Goods,351.3,1083.2,155.55,0,326.6,0,
11-09-2021,Sporting Goods,359.1,1080.9,154.86,0,359.5,0,
12-09-2021,Sporting Goods,293.1,1104.4,156.03,0,289.6,0,
13-09-2021,Sporting Goods,320.3,1099.5,149.15,0,304.1,0,
14-09-2021,Sporting Goods,290.8,1106.5,152.31,0,288.7,0,
15-09-2021,Sporting Goods,336.1,1089,149.66,0,313.1,0,
16-09-2021,Sporting Goods,328.6,1082.7,152.39,0,336.8,0,
17-09-2021,Sporting Goods,512,1070.2,154.31,1,462.5,0,
18-09-2021,Sporting Goods,334.6,1073.4,152.49,0,329.6,0,
19-09-2021,Sporting Goods,325.4,1077,152.5,0,308.5,0,
20-09-2021,Sporting Goods,287.4,1087.6,148.79,0,296.7,0,
21-09-2021,Sporting Goods,316.3,1076.9,151.33,0,308.3,0,
22-09-2021,Sporting Goods,550.6,1073.6,158.04,1,561.9,0,
23-09-2021,Sporting Goods,351.3,1066.7,151.24,0,364.9,0,
24-09-2021,Sporting Goods,343.6,1059.8,151.89,0,326.5,0,
25-09-2021,Sporting Goods,332.8,1061.9,153.65,0,343.4,0,
26-09-2021,Sporting Goods,285,1072.6,154.07,0,287.5,0,
27-09-2021,Sporting Goods,300.5,1068.5,152.52,0,275.3,0,
28-09-2021,Sporting Goods,314.8,1059.7,148.67,0,288.2,0,
29-09-2021,Sporting Goods,357.4,1049,154.59,0,365.5,0,
30-09-2021,Sporting Goods,374.3,1039.1,158.81,0,363.1,0,
01-10-2021,Sporting Goods,330.4,1047.3,158.55,0,321.9,0,
02-10-2021,Sporting Goods,340,1047.5,150.74,0,351.4,0,
03-10-2021,Sporting Goods,307.1,1057.1,154.17,0,318,0,
04-10-2021,Sporting Goods,320.2,1047.3,160.68,0,293.6,0,
05-10-2021,Sporting Goods,344.2,1053.3,152.93,1,329.1,0,
06-10-2021,Sporting Goods,340.8,1034.5,153.72,0,352.5,0,
07-10-2021,Sporting Goods,323.2,1034,148.37,0,330.6,0,
08-10-2021,Sporting Goods,,1025.3,156.13,0,350.4,0,
09-10-2021,Sporting Goods,315,1033.8,153.79,0,288.3,0,
10-10-2021,Sporting Goods,325.2,1043.8,150.21,1,322.9,0,
11-10-2021,Sporting Goods,273.4,1044.9,155.06,0,269.9,0,
12-10-2021,Sporting Goods,292.9,1034,155.93,0,270.9,0,
13-10-2021,Sporting Goods,351.7,1022.6,150.82,0,357.4,0,
14-10-2021,Sporting Goods,320.3,1030.9,147.86,0,303.3,0,
15-10-2021,Sporting Goods,336.3,1022.8,153.36,0,334,0,
16-10-2021,Sporting Goods,302.6,1035.6,155.06,0,288.8,0,
17-10-2021,Sporting Goods,333.3,1026.6,153.76,0,304.2,0,
18-10-2021,Sporting Goods,282.8,1045.5,156.48,0,276.8,0,
19-10-2021,Sporting Goods,291.2,1033,147.7,0,275.4,0,
20-10-2021,Sporting Goods,313.7,1028.8,149.84,0,285.7,0,
21-10-2021,Sporting Goods,302.1,1029.7,153.62,0,280.9,0,
22-10-2021,Sporting Goods,318.2,1025.1,148.18,0,315.9,0,
23-10-2021,Sporting Goods,313.7,1026,150.62,0,287.1,0,
24-10-2021,Sporting Goods,322.4,1030.1,151.33,0,294.4,0,
25-10-2021,Sporting Goods,239.9,1045.6,156.05,0,249.9,0,
26-10-2021,Sporting Goods,311.1,1032.3,156.93,0,285,0,
27-10-2021,Sporting Goods,329.8,1030.2,155.15,0,315.4,0,
28-10-2021,Sporting Goods,,1038,158.67,0,281.8,0,
29-10-2021,Sporting Goods,344.5,1019.4,157.22,0,358.5,0,
30-10-2021,Sporting Goods,360.9,1006.1,155.36,0,350.9,0,
31-10-2021,Sporting Goods,287.9,1025.2,155.26,0,263.9,0,
01-11-2021,Sporting Goods,283.7,1029.6,151.15,0,288.1,0,
02-11-2021,Sporting Goods,361,1006.4,148.67,0,367.2,0,
03-11-2021,Sporting Goods,331.7,1018.1,150.76,0,343.3,0,
04-11-2021,Sporting Goods,342.2,1007.6,155.51,0,344.2,0,
05-11-2021,Sporting Goods,343.5,1007.4,151.98,0,312,0,
06-11-2021,Sporting Goods,483.3,1012,154.81,1,474.9,0,
07-11-2021,Sporting Goods,328.5,1024.7,147.35,0,314.6,0,
08-11-2021,Sporting Goods,252.1,1041.3,154.55,0,255.2,0,
09-11-2021,Sporting Goods,256.5,1038.2,150.32,0,253.6,0,
10-11-2021,Sporting Goods,306.4,1021.6,150.71,0,309.1,0,
11-11-2021,Sporting Goods,347.8,1006,158.04,0,322.4,0,
12-11-2021,Sporting Goods,358.9,1007.2,159.52,0,346.5,0,
13-11-2021,Sporting Goods,305.4,1037.6,149.65,0,294.7,0,
14-11-2021,Sporting Goods,,1029.8,152.23,0,327.8,0,
15-11-2021,Sporting Goods,455.9,1035.6,152.56,1,411.6,0,
16-11-2021,Sporting Goods,290.3,1040.2,155.19,0,296.8,0,
17-11-2021,Sporting Goods,320.5,1032.7,151.5,0,293.1,0,
18-11-2021,Sporting Goods,339.7,1033.6,150.48,0,309.8,0,
19-11-2021,Sporting Goods,590.3,1025.9,153.84,1,560.3,0,
20-11-2021,Sporting Goods,346.8,1022.7,153.19,0,348.5,0,
21-11-2021,Sporting Goods,297.6,1030.3,155.59,0,298.1,0,
22-11-2021,Sporting Goods,327.7,1015.9,150.85,0,325.8,0,
23-11-2021,Sporting Goods,284.1,1025.2,152.31,0,288.7,0,
24-11-2021,Sporting Goods,300.1,1019.7,155.32,0,280.6,0,
25-11-2021,Sporting Goods,,1002.1,152.75,0,353.5,0,
26-11-2021,Sporting Goods,361.5,991.1,147.8,0,360,0,
27-11-2021,Sporting Goods,353.6,985.5,157.91,0,352.9,0,
28-11-2021,Sporting Goods,302.2,990.3,152.68,0,298.9,0,
29-11-2021,Sporting Goods,332,973.6,152.74,0,309.8,0,
30-11-2021,Sporting Goods,356.1,971.3,160.67,0,369.4,0,
01-12-2021,Sporting Goods,342.4,974.1,159.4,0,358.2,0,
02-12-2021,Sporting Goods,373.2,960,155.84,0,374.5,0,
03-12-2021,Sporting Goods,327.4,964.2,149.62,0,316.5,0,
04-12-2021,Sporting Goods,524,952.7,157.15,1,513.8,0,
05-12-2021,Sporting Goods,318.9,964.7,147.52,0,292.2,0,
06-12-2021,Sporting Goods,300.7,972.6,153.35,0,287,0,
07-12-2021,Sporting Goods,,968,151.52,0,326,0,
08-12-2021,Sporting Goods,337.4,959,150.79,0,331.4,0,
09-12-2021,Sporting Goods,341.8,948.8,153.65,0,336.4,0,
10-12-2021,Sporting Goods,369.2,936.7,154.81,0,385.2,0,
11-12-2021,Sporting Goods,342.6,947.4,155.34,0,353.9,0,
12-12-2021,Sporting Goods,357.8,939.5,152.69,0,352.6,0,
13-12-2021,Sporting Goods,333.3,955,152.3,0,313.4,0,
14-12-2021,Sporting Goods,340,959,155.55,0,312,0,
15-12-2021,Sporting Goods,377.6,945.4,155.63,0,388.8,0,
16-12-2021,Sporting Goods,362.6,948.6,153.36,0,376.4,0,
17-12-2021,Sporting Goods,392.9,950.6,150.29,0,382.8,0,
18-12-2021,Sporting Goods,395.5,954.1,147.77,0,361.6,0,
19-12-2021,Sporting Goods,329.1,974.4,154.96,0,326.1,0,
20-12-2021,Sporting Goods,290.1,987,155.91,0,277.1,0,
21-12-2021,Sporting Goods,325.7,977.1,152.32,0,300.8,0,
22-12-2021,Sporting Goods,385,959.2,154.08,0,399.6,0,
23-12-2021,Sporting Goods,486.5,959,156.98,1,455.4,0,
24-12-2021,Sporting Goods,385,951.8,159.09,0,387.6,0,
25-12-2021,Sporting Goods,363.7,951,151.73,0,350.7,0,
26-12-2021,Sporting Goods,352.3,958.1,152.67,0,360.9,0,
27-12-2021,Sporting Goods,319.3,967.3,154.33,0,321,0,
28-12-2021,Sporting Goods,316.8,971.9,149.22,0,291,0,
29-12-2021,Sporting Goods,363.1,751,146.38,0,351.3,0,
30-12-2021,Sporting Goods,390.7,750.1,148.86,0,366.9,0,
31-12-2021,Sporting Goods,596.8,746.5,152.1,1,57.5,1,supplier_delay
01-01-2022,Sporting Goods,390.3,749.1,150.72,0,383.1,0,
02-01-2022,Sporting Goods,339.6,759.1,150.44,0,323,0,
03-01-2022,Sporting Goods,334.6,961.4,153.1,0,317.7,0,
04-01-2022,Sporting Goods,372.6,942.9,152.89,0,341.7,0,
05-01-2022,Sporting Goods,564.7,941.7,150.63,1,526.3,0,
06-01-2022,Sporting Goods,381.6,941.6,148,0,384.3,0,
07-01-2022,Sporting Goods,413.7,929.7,154.19,0,410.2,0,
08-01-2022,Sporting Goods,380.5,931.1,156.16,0,362.7,0,
09-01-2022,Sporting Goods,383.8,518.6,151.05,0,393.6,0,
10-01-2022,Sporting Goods,366.9,519.2,151.76,0,356.8,0,
11-01-2022,Sporting Goods,341.2,521.6,155.42,0,49.2,1,supplier_delay
12-01-2022,Sporting Goods,428.3,511.8,156.15,0,435.7,0,
13-01-2022,Sporting Goods,1430.5,515.7,151.54,0,422.4,1,demand_spike
14-01-2022,Sporting Goods,363.4,939,152.62,0,373.4,0,
15-01-2022,Sporting Goods,414.5,917.7,157.45,0,415.2,0,
16-01-2022,Sporting Goods,326.4,949,155.62,0,330.5,0,
17-01-2022,Sporting Goods,390.3,934.3,149.45,0,396.7,0,
18-01-2022,Sporting Goods,376,936.1,147.69,0,347.9,0,
19-01-2022,Sporting Goods,395.6,923.9,152.09,0,373.8,0,
20-01-2022,Sporting Goods,620.7,918.2,149.98,1,568.3,0,
21-01-2022,Sporting Goods,440.4,915.3,154.37,0,408.8,0,
22-01-2022,Sporting Goods,403,924.7,155.12,0,409.7,0,
23-01-2022,Sporting Goods,473.7,923.3,153.72,1,493.6,0,
24-01-2022,Sporting Goods,377.4,927,150.47,0,377.8,0,
25-01-2022,Sporting Goods,427.5,946.6,149.05,1,441.6,0,
26-01-2022,Sporting Goods,418.5,914.5,154.96,0,396.6,0,
27-01-2022,Sporting Goods,631.4,907.6,155.47,1,648.4,0,
28-01-2022,Sporting Goods,446.2,909.3,156.33,0,424.3,0,
29-01-2022,Sporting Goods,430.2,919.8,152.05,0,444.9,0,
30-01-2022,Sporting Goods,432.4,917.1,152.66,0,440.9,0,
31-01-2022,Sporting Goods,382.6,926.3,155.42,0,400.8,0,
01-02-2022,Sporting Goods,390.2,923.7,152.97,0,399.6,0,
02-02-2022,Sporting Goods,400.3,929.1,151.19,0,384.2,0,
03-02-2022,Sporting Goods,397.1,921.3,150.37,0,363.9,0,
04-02-2022,Sporting Goods,454.9,892.4,155.14,0,469.1,0,
05-02-2022,Sporting Goods,418.9,902.6,152.05,0,412.9,0,
06-02-2022,Sporting Goods,365.1,916.9,151.27,0,375.6,0,
07-02-2022,Sporting Goods,390.4,908.2,154.32,0,374,0,
08-02-2022,Sporting Goods,396.6,905.2,150.76,0,358.7,0,
09-02-2022,Sporting Goods,417.8,903.8,151.17,0,379.3,0,
10-02-2022,Sporting Goods,449.5,894.1,153.06,0,449.8,0,
11-02-2022,Sporting Goods,419.8,907.1,151.51,0,385,0,
12-02-2022,Sporting Goods,460.1,882.6,157.27,0,465.6,0,
13-02-2022,Sporting Goods,424,890.8,154.57,0,408.3,0,
14-02-2022,Sporting Goods,426.9,885.9,153.33,0,420.2,0,
15-02-2022,Sporting Goods,394.9,884,157.24,0,402.9,0,
16-02-2022,Sporting Goods,439.9,871.1,153.18,0,412.6,0,
17-02-2022,Sporting Goods,414.3,878.2,156.25,0,398.5,0,
18-02-2022,Sporting Goods,,867.2,149.9,0,447.4,0,
19-02-2022,Sporting Goods,417,874.5,151.01,0,432.8,0,
20-02-2022,Sporting Goods,428,871.7,150.01,0,403.8,0,
21-02-2022,Sporting Goods,384,890,154.48,0,381.4,0,
22-02-2022,Sporting Goods,405,886.9,148.21,0,422.3,0,
23-02-2022,Sporting Goods,438.1,878.6,153.91,0,436.9,0,
24-02-2022,Sporting Goods,453.1,885.6,151.43,0,468.5,0,
25-02-2022,Sporting Goods,440.2,886,153.34,0,458.2,0,
26-02-2022,Sporting Goods,489.2,864.4,152.88,0,508.5,0,
27-02-2022,Sporting Goods,432,887.5,154.64,0,438,0,
28-02-2022,Sporting Goods,450.4,891.3,159.78,0,442.7,0,
01-03-2022,Sporting Goods,399.1,903.5,159.12,0,365,0,
02-03-2022,Sporting Goods,436.9,899,155.44,0,407.8,0,
03-03-2022,Sporting Goods,470.5,886.3,151.89,0,441.5,0,
04-03-2022,Sporting Goods,508.1,877.9,153.52,0,459.8,0,
05-03-2022,Sporting Goods,495.8,884.8,151.72,0,453.8,0,
06-03-2022,Sporting Goods,426.7,902.4,150.69,0,402.9,0,
07-03-2022,Sporting Goods,505.1,918,146.97,1,461.5,0,
08-03-2022,Sporting Goods,427.5,921.2,152.24,0,395.6,0,
09-03-2022,Sporting Goods,616.3,901.3,153.78,1,559.7,0,
10-03-2022,Sporting Goods,738.4,902.1,154.81,1,710.7,0,
11-03-2022,Sporting Goods,487.9,903.6,153.28,0,499.3,0,
12-03-2022,Sporting Goods,491.8,893,150.82,0,502.5,0,
13-03-2022,Sporting Goods,463.9,901.5,151.41,0,480.5,0,
14-03-2022,Sporting Goods,449.7,897.5,155.76,0,455.1,0,
15-03-2022,Sporting Goods,448.3,901.2,147.71,0,419.9,0,
16-03-2022,Sporting Goods,487.4,889.9,151.38,0,490.1,0,
17-03-2022,Sporting Goods,455.6,897.6,153.01,0,461.6,0,
18-03-2022,Sporting Goods,536.4,865.5,151.68,0,526.5,0,
19-03-2022,Sporting Goods,495.8,874.7,148.3,0,506.3,0,
20-03-2022,Sporting Goods,445,892.6,155.8,0,405.2,0,
21-03-2022,Sporting Goods,457.2,888.7,156.5,0,452.3,0,
22-03-2022,Sporting Goods,432.1,902.2,149.92,0,420,0,
23-03-2022,Sporting Goods,473.1,895.5,143.13,0,482.9,0,
24-03-2022,Sporting Goods,498.9,893.2,159.06,0,458.6,0,
25-03-2022,Sporting Goods,,886.9,151.67,0,476.1,0,
26-03-2022,Sporting Goods,467.2,901.5,149.96,0,459.7,0,
27-03-2022,Sporting Goods,471.4,895.4,152.6,0,491.3,0,
28-03-2022,Sporting Goods,427.7,902.2,153.92,0,390.3,0,
29-03-2022,Sporting Goods,459,898.7,151.02,0,464.3,0,
30-03-2022,Sporting Goods,466.1,890.7,153.34,0,433.8,0,
31-03-2022,Sporting Goods,450.3,888.9,152.57,0,412.4,0,
01-04-2022,Sporting Goods,733.3,880.6,150.84,1,703.4,0,
02-04-2022,Sporting Goods,498.6,873.6,147.94,0,492.3,0,
03-04-2022,Sporting Goods,448.9,887.6,157.01,0,459.7,0,
04-04-2022,Sporting Goods,466.2,894,154.67,0,464,0,
05-04-2022,Sporting Goods,512.9,902.9,150.59,1,499.4,0,
06-04-2022,Sporting Goods,657.2,886.1,154.18,1,619.6,0,
07-04-2022,Sporting Goods,1956.3,884.4,150.28,0,463.5,1,demand_spike
08-04-2022,Sporting Goods,492.7,889,152.82,0,500.3,0,
09-04-2022,Sporting Goods,457.1,895.7,154.75,0,419.3,0,
10-04-2022,Sporting Goods,,893.1,154.36,0,426,0,
11-04-2022,Sporting Goods,420.3,906.2,151.7,0,423.7,0,
12-04-2022,Sporting Goods,1722.3,894.9,155.44,1,684.7,1,demand_spike
13-04-2022,Sporting Goods,467.7,875.8,152.97,0,429.3,0,
14-04-2022,Sporting Goods,485.7,870.3,151.33,0,481.5,0,
15-04-2022,Sporting Goods,521.4,866.3,158.06,0,488,0,
16-04-2022,Sporting Goods,428,892.6,149.5,0,386.8,0,
17-04-2022,Sporting Goods,454.7,883.5,154.16,0,466,0,
18-04-2022,Sporting Goods,435.1,895.1,157.27,0,424.8,0,
19-04-2022,Sporting Goods,448.4,890.4,147.73,0,405.2,0,
20-04-2022,Sporting Goods,459.6,890.9,157.95,0,475.4,0,
21-04-2022,Sporting Goods,516.1,887.3,158.11,0,505.9,0,
22-04-2022,Sporting Goods,494.1,891,151.51,0,499.3,0,
23-04-2022,Sporting Goods,486.7,892.3,153.82,0,469,0,
24-04-2022,Sporting Goods,477.8,897,150.69,0,443.3,0,
25-04-2022,Sporting Goods,443.9,914.6,150.42,0,430.5,0,
26-04-2022,Sporting Goods,421,920.9,149.48,0,397.1,0,
27-04-2022,Sporting Goods,461.7,912.3,158.12,0,436.1,0,
28-04-2022,Sporting Goods,754.4,905.3,152.23,1,751.9,0,
29-04-2022,Sporting Goods,463.5,913.2,148.7,0,423.7,0,
30-04-2022,Sporting Goods,467.7,909.8,156.12,0,448.8,0,
01-05-2022,Sporting Goods,456.1,910.2,155,0,447.9,0,
02-05-2022,Sporting Goods,485,916.9,154.09,0,488.1,0,
03-05-2022,Sporting Goods,455,918.2,150.93,0,452.7,0,
04-05-2022,Sporting Goods,472.9,905.6,151.71,0,488.5,0,
05-05-2022,Sporting Goods,528.3,890.2,159.28,0,554.1,0,
06-05-2022,Sporting Goods,509.9,896.7,154.12,0,530.6,0,
07-05-2022,Sporting Goods,496.9,902.8,151.32,0,504.1,0,
08-05-2022,Sporting Goods,446.9,913.4,155.21,0,448.2,0,
09-05-2022,Sporting Goods,,918.6,155.52,0,373.3,0,
10-05-2022,Sporting Goods,450.4,905.8,158.49,0,441.4,0,
11-05-2022,Sporting Goods,506.3,893.6,153.14,0,506.1,0,
12-05-2022,Sporting Goods,521.9,883.8,155.18,0,502.1,0,
13-05-2022,Sporting Goods,791.5,888.5,154.56,1,758,0,
14-05-2022,Sporting Goods,463.6,899.5,150.75,0,455,0,
15-05-2022,Sporting Goods,419.3,905.1,148.76,0,434.4,0,
16-05-2022,Sporting Goods,418.8,898.9,154.84,0,393.3,0,
17-05-2022,Sporting Goods,446.2,895.2,155.06,0,428.3,0,
18-05-2022,Sporting Goods,453.6,890,145.5,0,452.7,0,
19-05-2022,Sporting Goods,507.5,880,154.56,0,470.9,0,
20-05-2022,Sporting Goods,458.9,894.4,152.7,0,470.5,0,
21-05-2022,Sporting Goods,471.9,883.7,154.27,0,471.8,0,
22-05-2022,Sporting Goods,432.3,897.9,151.47,0,411.9,0,
23-05-2022,Sporting Goods,453.8,887.5,157.39,0,457.6,0,
24-05-2022,Sporting Goods,449.1,887,156.09,0,423,0,
25-05-2022,Sporting Goods,441.6,894.9,148.69,0,448.8,0,
26-05-2022,Sporting Goods,499.9,871,149.94,0,455.2,0,
27-05-2022,Sporting Goods,451.5,883.2,153.12,0,435.3,0,
28-05-2022,Sporting Goods,431.6,883.8,151.05,0,405.4,0,
29-05-2022,Sporting Goods,425,879.8,156.25,0,434.6,0,
30-05-2022,Sporting Goods,385,889.5,149.84,0,389.9,0,
31-05-2022,Sporting Goods,430.1,871.7,156.22,0,441.4,0,
01-06-2022,Sporting Goods,452.7,863.5,145.51,0,451.7,0,
02-06-2022,Sporting Goods,467.6,862.2,151.7,0,476.7,0,
03-06-2022,Sporting Goods,492.8,850.9,157.19,0,475.9,0,
04-06-2022,Sporting Goods,449.1,856.7,152.76,0,449.8,0,
05-06-2022,Sporting Goods,410.7,871.4,153.02,0,371.5,0,
06-06-2022,Sporting Goods,404.9,869.4,155.32,0,417.9,0,
07-06-2022,Sporting Goods,601.6,879.8,154.55,1,603.3,0,
08-06-2022,Sporting Goods,435.5,867.3,152.6,0,448.5,0,
09-06-2022,Sporting Goods,483.3,852.3,156.97,0,490.8,0,
10-06-2022,Sporting Goods,437.4,854.5,153.33,0,412.4,0,
11-06-2022,Sporting Goods,451.2,844.5,154.6,0,424.6,0,
12-06-2022,Sporting Goods,453,832.6,155.83,0,462,0,
13-06-2022,Sporting Goods,438.8,598.2,145.51,0,407.1,0,
14-06-2022,Sporting Goods,405.7,604.9,150.74,0,371.9,0,
15-06-2022,Sporting Goods,489.8,589.2,151.14,0,57.5,1,supplier_delay
16-06-2022,Sporting Goods,441.3,602.5,154.95,0,416.9,0,
17-06-2022,Sporting Goods,463.6,601.1,158.27,0,424.1,0,
18-06-2022,Sporting Goods,426.6,852.5,147.23,0,435.3,0,
19-06-2022,Sporting Goods,434.9,850.4,151.67,0,423,0,
20-06-2022,Sporting Goods,469.2,843,156.29,0,440,0,
21-06-2022,Sporting Goods,453.1,843.9,147.62,0,448.7,0,
22-06-2022,Sporting Goods,725.1,839.1,154.11,1,660.3,0,
23-06-2022,Sporting Goods,443.7,849.7,154.33,0,447.7,0,
24-06-2022,Sporting Goods,457.7,836.5,154.58,0,446.4,0,
25-06-2022,Sporting Goods,468.6,835.7,149.5,0,422.2,0,
26-06-2022,Sporting Goods,434.4,847.7,152.82,0,411.8,0,
27-06-2022,Sporting Goods,403.3,851.4,149.26,0,408.4,0,
28-06-2022,Sporting Goods,409.1,846.3,156.33,0,379.7,0,
29-06-2022,Sporting Goods,450.4,832.1,149.68,0,470.3,0,
30-06-2022,Sporting Goods,477.3,825.1,153.05,0,493.8,0,
01-07-2022,Sporting Goods,421.5,843.6,159.33,0,428.5,0,
02-07-2022,Sporting Goods,441.8,837.4,156.39,0,402.9,0,
03-07-2022,Sporting Goods,423.1,844,147.53,0,403.2,0,
04-07-2022,Sporting Goods,382.3,859.5,152.01,0,361.2,0,
05-07-2022,Sporting Goods,425.8,849.5,153.14,0,392,0,
06-07-2022,Sporting Goods,413.6,860.8,152.36,0,434.3,0,
07-07-2022,Sporting Goods,469.5,849.3,154.13,0,433,0,
08-07-2022,Sporting Goods,438,858.8,154.82,0,414.9,0,
09-07-2022,Sporting Goods,434.6,863,158.55,0,448.5,0,
10-07-2022,Sporting Goods,407.8,873.2,151.51,0,375.8,0,
11-07-2022,Sporting Goods,421.6,869.9,155.21,0,409.1,0,
12-07-2022,Sporting Goods,406.2,870.2,152.38,0,425,0,
13-07-2022,Sporting Goods,402,872.2,157.74,0,376.7,0,
14-07-2022,Sporting Goods,427.5,854.2,154.14,0,429.8,0,
15-07-2022,Sporting Goods,431.9,858.3,153.06,0,393.9,0,
16-07-2022,Sporting Goods,421.3,863.2,152.14,0,417.2,0,
17-07-2022,Sporting Goods,374.2,876.5,150.28,0,355.9,0,
18-07-2022,Sporting Goods,466,873.9,155.59,1,468.3,0,
19-07-2022,Sporting Goods,411.6,866.5,150.43,0,397.1,0,
20-07-2022,Sporting Goods,432.2,869.5,147.23,0,408.3,0,
21-07-2022,Sporting Goods,391.6,883.6,150,0,384.5,0,
22-07-2022,Sporting Goods,392.6,892.8,153.41,0,361.6,0,
23-07-2022,Sporting Goods,400,894.5,149.2,0,408.9,0,
24-07-2022,Sporting Goods,348.2,906,150.48,0,352.5,0,
25-07-2022,Sporting Goods,342.4,910.2,147.16,0,336.1,0,
26-07-2022,Sporting Goods,381.6,900.4,150.41,0,364.4,0,
27-07-2022,Sporting Goods,394.8,892.4,158.18,0,409.5,0,
28-07-2022,Sporting Goods,380.1,894.7,151,0,378.3,0,
29-07-2022,Sporting Goods,446.8,872.6,152.61,0,421.2,0,
30-07-2022,Sporting Goods,395.7,888.4,159.8,0,404,0,
31-07-2022,Sporting Goods,367.3,895.6,153.95,0,365.5,0,
01-08-2022,Sporting Goods,383.4,892.1,153.83,0,352.4,0,
02-08-2022,Sporting Goods,374.9,896.8,150.02,0,343.8,0,
03-08-2022,Sporting Goods,386.7,899.6,153.63,0,402.5,0,
04-08-2022,Sporting Goods,398.6,898.7,158.24,0,375.9,0,
05-08-2022,Sporting Goods,426,887,149.24,0,425.8,0,
06-08-2022,Sporting Goods,387.6,909.1,152.37,0,350.9,0,
07-08-2022,Sporting Goods,365.7,912.2,149.35,0,359.6,0,
08-08-2022,Sporting Goods,882.8,921.4,157.88,0,307,1,demand_spike
09-08-2022,Sporting Goods,382.9,908.1,149.33,0,352.6,0,
10-08-2022,Sporting Goods,413.3,913.4,150.79,0,420,0,
11-08-2022,Sporting Goods,406.1,917.6,149.39,0,414.8,0,
12-08-2022,Sporting Goods,395.7,917.5,148.71,0,398.5,0,
13-08-2022,Sporting Goods,515,905.2,153.22,1,464.4,0,
14-08-2022,Sporting Goods,375.8,906.8,151.87,0,354.2,0,
15-08-2022,Sporting Goods,336.8,918.5,154.01,0,321.4,0,
16-08-2022,Sporting Goods,375.7,909.6,154.84,0,377.1,0,
17-08-2022,Sporting Goods,363.5,906.1,147.8,0,368.3,0,
18-08-2022,Sporting Goods,366.7,906.3,153.86,0,364.5,0,
19-08-2022,Sporting Goods,397.5,890.5,150.15,0,404.8,0,
20-08-2022,Sporting Goods,405.6,883.4,153.38,0,391,0,
21-08-2022,Sporting Goods,476,900.8,153.96,1,467.1,0,
22-08-2022,Sporting Goods,314.2,910.3,152.15,0,285.8,0,
23-08-2022,Sporting Goods,335.4,910.4,156.97,0,323.3,0,
24-08-2022,Sporting Goods,391.6,890.7,148.56,0,377.8,0,
25-08-2022,Sporting Goods,393.5,895.6,149.5,0,390.2,0,
26-08-2022,Sporting Goods,391.9,907.4,153.69,0,374.9,0,
27-08-2022,Sporting Goods,372.9,909.4,159.4,0,348.9,0,
28-08-2022,Sporting Goods,372.8,921.8,150.06,0,348.8,0,
29-08-2022,Sporting Goods,354.8,927.2,152.74,0,326.5,0,
30-08-2022,Sporting Goods,307.6,938.2,156.58,0,309.2,0,
31-08-2022,Sporting Goods,379.8,915.1,155.74,0,377.3,0,
01-09-2022,Sporting Goods,392.6,909.2,154.82,0,387.4,0,
02-09-2022,Sporting Goods,420.5,907.9,150.74,0,412,0,
03-09-2022,Sporting Goods,368.3,930.1,152.86,0,351.7,0,
04-09-2022,Sporting Goods,368.2,936.7,153.03,0,373.8,0,
05-09-2022,Sporting Goods,337.4,939.4,156.13,0,350.3,0,
06-09-2022,Sporting Goods,308.1,949.2,152.53,0,297.7,0,
07-09-2022,Sporting Goods,376,921,157.09,0,361.5,0,
08-09-2022,Sporting Goods,393.5,920.9,152.77,0,363.7,0,
09-09-2022,Sporting Goods,367,926.4,153.37,0,367.2,0,
10-09-2022,Sporting Goods,370.8,927.8,152.55,0,364.7,0,
11-09-2022,Sporting Goods,384,921.3,152.4,0,402.5,0,
12-09-2022,Sporting Goods,311.9,934.1,152.72,0,308.1,0,
13-09-2022,Sporting Goods,342.9,929.3,153.04,0,323.4,0,
14-09-2022,Sporting Goods,325.8,939.2,147.98,0,320.7,0,
15-09-2022,Sporting Goods,359.2,929.9,152.08,0,376.3,0,
16-09-2022,Sporting Goods,576,908.9,158.1,1,580.9,0,
17-09-2022,Sporting Goods,365.7,921.1,147.39,0,336.2,0,
18-09-2022,Sporting Goods,330.1,928.1,152.19,0,314.1,0,
19-09-2022,Sporting Goods,354.8,923.3,151.22,0,335.2,0,
20-09-2022,Sporting Goods,303.4,936.3,153.94,0,312.1,0,
21-09-2022,Sporting Goods,342.3,922.6,154.5,0,339.5,0,
22-09-2022,Sporting Goods,378.3,914.4,153.39,0,386.4,0,
23-09-2022,Sporting Goods,354.1,917.5,146.78,0,328,0,
24-09-2022,Sporting Goods,367.6,912.6,146.74,0,380.9,0,
25-09-2022,Sporting Goods,354.2,919.2,144.79,0,321.8,0,
26-09-2022,Sporting Goods,312.5,942.5,152.52,0,298.8,0,
27-09-2022,Sporting Goods,305.4,944.3,147.91,0,275.5,0,
28-09-2022,Sporting Goods,335.8,939.4,145.76,0,311.5,0,
29-09-2022,Sporting Goods,480.2,942.1,150.13,1,501.4,0,
30-09-2022,Sporting Goods,391.8,925.2,150.85,0,357.2,0,
01-10-2022,Sporting Goods,479.7,930.7,152.69,1,442.2,0,
02-10-2022,Sporting Goods,324.8,940.6,152.96,0,337.4,0,
03-10-2022,Sporting Goods,276.8,957.5,153.12,0,278.6,0,
04-10-2022,Sporting Goods,341.9,934.1,155.45,0,328.5,0,
05-10-2022,Sporting Goods,331.1,942.8,152.04,0,301.4,0,
06-10-2022,Sporting Goods,375.1,926.2,155.23,0,381.8,0,
07-10-2022,Sporting Goods,368.2,932.5,151.87,0,358.5,0,
08-10-2022,Sporting Goods,317.8,952.9,151.72,0,301.4,0,
09-10-2022,Sporting Goods,354.5,944.8,151.19,0,338.2,0,
10-10-2022,Sporting Goods,444,954.3,152.83,1,433.3,0,
11-10-2022,Sporting Goods,333.3,967.4,154.96,0,327.5,0,
12-10-2022,Sporting Goods,444.8,965.6,154.9,1,454.9,0,
13-10-2022,Sporting Goods,487.6,969.1,154.8,1,495.3,0,
14-10-2022,Sporting Goods,386.4,955.7,153.89,0,392.2,0,
15-10-2022,Sporting Goods,399.4,958.2,149.41,0,403.1,0,
16-10-2022,Sporting Goods,329.2,990.9,161.37,0,333.7,0,
17-10-2022,Sporting Goods,314,994.6,148.86,0,314.5,0,
18-10-2022,Sporting Goods,293,996.4,153.31,0,301.8,0,
19-10-2022,Sporting Goods,294.9,1001.6,162.11,0,290.1,0,
20-10-2022,Sporting Goods,354.5,976.9,155.64,0,346.8,0,
21-10-2022,Sporting Goods,399.9,964.6,150.8,0,401.9,0,
22-10-2022,Sporting Goods,381.3,971.7,156.67,0,352.7,0,
23-10-2022,Sporting Goods,325.9,987.8,153.54,0,331.3,0,
24-10-2022,Sporting Goods,321,989,150.44,0,334,0,
25-10-2022,Sporting Goods,291.3,989.6,153.61,0,275.2,0,
26-10-2022,Sporting Goods,342.9,969.8,151.83,0,340,0,
27-10-2022,Sporting Goods,352.1,971.7,152.28,0,318.6,0,
28-10-2022,Sporting Goods,370.5,956,153.07,0,376,0,
29-10-2022,Sporting Goods,347.9,962.4,155.08,0,342.3,0,
30-10-2022,Sporting Goods,322.6,715.1,155.7,0,323,0,
31-10-2022,Sporting Goods,335,705,150.71,0,308.6,0,
01-11-2022,Sporting Goods,549.8,705.3,154.04,1,35.8,1,supplier_delay
02-11-2022,Sporting Goods,338.9,706.6,152.12,0,318,0,
03-11-2022,Sporting Goods,396.1,695.9,155.29,0,397.2,0,
04-11-2022,Sporting Goods,344.9,955.5,149.82,0,341.1,0,
05-11-2022,Sporting Goods,354.3,948.4,152.88,0,353.6,0,
06-11-2022,Sporting Goods,303.6,962.4,147.34,0,275.6,0,
07-11-2022,Sporting Goods,389.2,958.9,155.09,1,393.6,0,
08-11-2022,Sporting Goods,337.7,949.5,158.45,0,344.3,0,
09-11-2022,Sporting Goods,369.6,936,157.67,0,359,0,
10-11-2022,Sporting Goods,352,936.2,155.5,0,338.4,0,
11-11-2022,Sporting Goods,384.8,931.4,154.7,0,366,0,
12-11-2022,Sporting Goods,386.2,931,159.26,0,401.3,0,
13-11-2022,Sporting Goods,358.5,939,151.24,0,363.3,0,
14-11-2022,Sporting Goods,325.5,944.4,152.16,0,327.1,0,
15-11-2022,Sporting Goods,313.5,955.9,157.26,0,325.7,0,
16-11-2022,Sporting Goods,334.7,949.1,152.51,0,318.7,0,
17-11-2022,Sporting Goods,354.7,933.6,150.11,0,352.8,0,
18-11-2022,Sporting Goods,378.4,927.9,148.29,0,379.5,0,
19-11-2022,Sporting Goods,1490.9,933.7,150.37,1,470.6,1,demand_spike
20-11-2022,Sporting Goods,354.2,935.9,158.32,0,341.4,0,
21-11-2022,Sporting Goods,329.5,948.5,152.62,0,316.3,0,
22-11-2022,Sporting Goods,334.9,951.5,150.61,0,305.6,0,
23-11-2022,Sporting Goods,314.8,955.2,152.67,0,287.9,0,
24-11-2022,Sporting Goods,378.4,935.6,153.93,0,369.7,0,
25-11-2022,Sporting Goods,374.4,938,147.25,0,346.5,0,
26-11-2022,Sporting Goods,415.9,930,150.21,0,378.9,0,
27-11-2022,Sporting Goods,317.4,954.4,148.39,0,331.6,0,
28-11-2022,Sporting Goods,325.6,952.4,157.41,0,339.5,0,
29-11-2022,Sporting Goods,344.7,956,152.58,0,327.1,0,
30-11-2022,Sporting Goods,339.1,955,152.4,0,345.4,0,
01-12-2022,Sporting Goods,425.1,929.1,152.39,0,438.3,0,
02-12-2022,Sporting Goods,432.1,940.1,149.51,0,419,0,
03-12-2022,Sporting Goods,356.9,961.4,154.52,0,333.2,0,
04-12-2022,Sporting Goods,338.3,959.3,158.55,0,311.1,0,
05-12-2022,Sporting Goods,382.5,945.8,151.05,0,352.3,0,
06-12-2022,Sporting Goods,372.9,957,155.66,0,380.2,0,
07-12-2022,Sporting Goods,358.6,966.6,152.6,0,343.4,0,
08-12-2022,Sporting Goods,399.5,949.4,150.6,0,401.1,0,
09-12-2022,Sporting Goods,367,961.2,155.71,0,359.9,0,
10-12-2022,Sporting Goods,429.4,941.6,147.98,0,411.8,0,
11-12-2022,Sporting Goods,359.5,966.7,148.59,0,330.2,0,
12-12-2022,Sporting Goods,455.6,964.7,158.35,1,432.8,0,
13-12-2022,Sporting Goods,329.7,975,151.71,0,338.3,0,
14-12-2022,Sporting Goods,349.2,978.7,156.58,0,356.8,0,
15-12-2022,Sporting Goods,407.1,948.3,152.58,0,368.1,0,
16-12-2022,Sporting Goods,445.3,939.8,145.18,0,410.2,0,
17-12-2022,Sporting Goods,377.8,966.6,155.02,0,382.9,0,
18-12-2022,Sporting Goods,344.3,968.9,154.06,0,327.2,0,
19-12-2022,Sporting Goods,357.3,961.4,150.65,0,356.1,0,
20-12-2022,Sporting Goods,392.7,948.8,156.29,0,386.6,0,
21-12-2022,Sporting Goods,367.6,952.7,155.8,0,366.8,0,
22-12-2022,Sporting Goods,399.8,939,150.63,0,363,0,
23-12-2022,Sporting Goods,429.9,928.1,156.25,0,447,0,
24-12-2022,Sporting Goods,417.7,936,153.61,0,377.2,0,
25-12-2022,Sporting Goods,367.2,958.6,153.15,0,330.9,0,
26-12-2022,Sporting Goods,382.4,960.5,150.68,0,357.1,0,
27-12-2022,Sporting Goods,376.9,967.1,150.14,0,395.4,0,
28-12-2022,Sporting Goods,389.8,972.4,157.28,0,355.1,0,
29-12-2022,Sporting Goods,432.8,969.7,154.11,0,446.3,0,
30-12-2022,Sporting Goods,436.6,969.4,155.83,0,403.4,0,
31-12-2022,Sporting Goods,383.1,992.6,151.47,0,351.1,0,
01-01-2023,Sporting Goods,413.6,985.6,154.48,0,420.6,0,
02-01-2023,Sporting Goods,374.6,996.2,151.87,0,384.7,0,
03-01-2023,Sporting Goods,403.6,987.2,154.98,0,411.2,0,
04-01-2023,Sporting Goods,399.1,993.7,148.65,0,373.6,0,
01-01-2020,Toys,275.4,869.5,41.04,1,284.8,0,
02-01-2020,Toys,243.3,852.6,42.97,0,225.5,0,
03-01-2020,Toys,265.4,844.3,42.52,0,250.6,0,
04-01-2020,Toys,219.8,858.9,43,0,213.6,0,
05-01-2020,Toys,210.6,864.1,41.2,0,198.1,0,
06-01-2020,Toys,181.1,871.9,40.89,0,164.1,0,
07-01-2020,Toys,216.3,852.9,43.54,0,195.6,0,
08-01-2020,Toys,207.9,853.6,41.39,0,216.9,0,
09-01-2020,Toys,223,839.9,42.14,0,211.6,0,
10-01-2020,Toys,278.8,822.1,41.42,0,264.9,0,
11-01-2020,Toys,232.6,838.8,41.37,0,241.5,0,
12-01-2020,Toys,205.9,848.9,42.57,0,211.1,0,
13-01-2020,Toys,204.8,846.7,41.96,0,205.4,0,
14-01-2020,Toys,201.3,849.8,43.17,0,201,0,
15-01-2020,Toys,209.5,841.8,40.56,0,213.7,0,
16-01-2020,Toys,234.9,830.9,42.05,0,217.3,0,
17-01-2020,Toys,262.7,512.8,41.63,0,262.6,0,
18-01-2020,Toys,218.1,519.5,41.86,0,199.5,0,
19-01-2020,Toys,208.9,518.8,41.92,0,32.6,1,supplier_delay
20-01-2020,Toys,222.3,515,42.61,0,208.2,0,
21-01-2020,Toys,193.9,519.5,41.91,0,195.1,0,
22-01-2020,Toys,241.9,811.8,41.92,0,250.1,0,
23-01-2020,Toys,225.5,807,43.53,0,226.3,0,
24-01-2020,Toys,251.1,795,41.04,0,241.7,0,
25-01-2020,Toys,253.7,799.1,41.15,0,247.8,0,
26-01-2020,Toys,295.5,820.9,43.63,1,297.6,0,
27-01-2020,Toys,224.6,813.1,43.5,0,222.8,0,
28-01-2020,Toys,196.2,822,40.56,0,192.2,0,
29-01-2020,Toys,199.3,815.4,43.87,0,186.4,0,
30-01-2020,Toys,258.4,795.8,42.55,0,256.5,0,
31-01-2020,Toys,273.7,795.3,41.47,0,247.1,0,
01-02-2020,Toys,209.7,808.3,42.07,0,206.4,0,
02-02-2020,Toys,213.8,807.8,41.7,0,218.8,0,
03-02-2020,Toys,179.3,820.9,42.07,0,166.2,0,
04-02-2020,Toys,178.8,821.3,41.72,0,164,0,
05-02-2020,Toys,203.4,813.2,41.07,0,212.6,0,
06-02-2020,Toys,244.2,800.2,40.95,0,250.7,0,
07-02-2020,Toys,268.3,795.5,42.25,0,253.6,0,
08-02-2020,Toys,229.7,808,41.39,0,214,0,
09-02-2020,Toys,213.3,815.4,40.87,0,202.7,0,
10-02-2020,Toys,181.4,823.1,42.51,0,175,0,
11-02-2020,Toys,,817.7,42.5,0,198.8,0,
12-02-2020,Toys,203.9,817.5,42.5,0,190.8,0,
13-02-2020,Toys,210.1,811.2,42.13,0,211.8,0,
14-02-2020,Toys,302.3,797.2,41.33,1,314.2,0,
15-02-2020,Toys,250.8,804.7,43.08,0,240,0,
16-02-2020,Toys,164.4,832.7,42.81,0,148.6,0,
17-02-2020,Toys,210.7,817.6,43.94,0,215.8,0,
18-02-2020,Toys,203.2,816.4,43.12,0,204.5,0,
19-02-2020,Toys,217.7,807.5,42.33,0,200.8,0,
20-02-2020,Toys,233.6,802.4,43.55,0,231.1,0,
21-02-2020,Toys,256.6,795.1,42.13,0,262.6,0,
22-02-2020,Toys,257.2,797.1,42.13,0,238.5,0,
23-02-2020,Toys,213.4,803.7,42.02,0,199.2,0,
24-02-2020,Toys,190.3,804.3,41.64,0,177.1,0,
25-02-2020,Toys,246,789,43.94,0,258.2,0,
26-02-2020,Toys,223.9,797.5,41.37,0,209.2,0,
27-02-2020,Toys,305.3,804.1,40.67,1,287,0,
28-02-2020,Toys,256.6,800.5,41.67,0,232.8,0,
29-02-2020,Toys,226,808.4,42.37,0,236.7,0,
01-03-2020,Toys,205.8,817.8,41.61,0,192.9,0,
02-03-2020,Toys,218.9,808.7,41.77,0,220.8,0,
03-03-2020,Toys,218,796,40.45,0,197.1,0,
04-03-2020,Toys,195.6,797.8,41.01,0,199.1,0,
05-03-2020,Toys,219,788.4,40.96,0,221.7,0,
06-03-2020,Toys,257,787.7,42.77,0,234.6,0,
07-03-2020,Toys,256.5,779.6,40.89,0,235.5,0,
08-03-2020,Toys,177.4,807,41.52,0,167.5,0,
09-03-2020,Toys,217.8,791.9,41.91,0,207.6,0,
10-03-2020,Toys,249.4,785,41.16,0,253.7,0,
11-03-2020,Toys,250.4,784.9,42.3,0,227.6,0,
12-03-2020,Toys,239.4,783.6,42.44,0,238.8,0,
13-03-2020,Toys,270.2,779.5,43.29,0,252.4,0,
14-03-2020,Toys,248.5,788.2,42.07,0,237.9,0,
15-03-2020,Toys,251.1,787.4,40.28,0,226.1,0,
16-03-2020,Toys,225.4,796.5,41.58,0,212.7,0,
17-03-2020,Toys,196.9,803,41.83,0,182.2,0,
18-03-2020,Toys,245.3,778.8,43.15,0,239.3,0,
19-03-2020,Toys,244.3,779.7,41.87,0,225.6,0,
20-03-2020,Toys,282.4,779.4,42.41,0,289.5,0,
21-03-2020,Toys,245.8,794.6,41.81,0,253.7,0,
22-03-2020,Toys,225.6,802.1,42.52,0,231.7,0,
23-03-2020,Toys,214.7,807.3,41.53,0,224.8,0,
24-03-2020,Toys,208.7,809.1,40.66,0,216.5,0,
25-03-2020,Toys,313.4,787.5,39.85,1,295.2,0,
26-03-2020,Toys,272.3,773.5,42.49,0,257.9,0,
27-03-2020,Toys,266.1,775.1,42.34,0,260.7,0,
28-03-2020,Toys,260.2,781.5,42.4,0,249.2,0,
29-03-2020,Toys,220,802.7,42.16,0,230.1,0,
30-03-2020,Toys,304.2,804.1,40.41,1,289.3,0,
31-03-2020,Toys,224.3,799.3,41.52,0,226.8,0,
01-04-2020,Toys,265.5,775.8,41.98,0,261.9,0,
02-04-2020,Toys,288.2,767.3,41.45,0,300.7,0,
03-04-2020,Toys,378,765.5,42.54,1,382.4,0,
04-04-2020,Toys,280.8,777.8,41.93,0,265.5,0,
05-04-2020,Toys,243.1,785,42.62,0,226,0,
06-04-2020,Toys,216.3,791.4,43.04,0,222.4,0,
07-04-2020,Toys,227.8,792.9,42.44,0,236.1,0,
08-04-2020,Toys,253.5,781.5,42.21,0,259.8,0,
09-04-2020,Toys,267.7,774.6,40.96,0,270.5,0,
10-04-2020,Toys,295.7,759,42.11,0,280.4,0,
11-04-2020,Toys,260.8,772.5,40.72,0,254.5,0,
12-04-2020,Toys,306.4,778.8,41.05,1,317.8,0,
13-04-2020,Toys,251.7,773.4,42.31,0,231.6,0,
14-04-2020,Toys,375.9,768,41,1,366.3,0,
15-04-2020,Toys,234.1,768.6,43.97,0,223.2,0,
16-04-2020,Toys,276,750.2,42.83,0,276.4,0,
17-04-2020,Toys,292.1,744,42.11,0,290.7,0,
18-04-2020,Toys,279.5,753.1,39.71,0,275,0,
19-04-2020,Toys,440.3,745.8,40.47,1,414.8,0,
20-04-2020,Toys,225.6,760.9,43.98,0,208.4,0,
21-04-2020,Toys,231.2,759.1,41.6,0,235.3,0,
22-04-2020,Toys,447.5,740,43.06,1,469.3,0,
23-04-2020,Toys,292.5,743.8,41.63,0,270.7,0,
24-04-2020,Toys,322.4,728.2,41.22,0,293.9,0,
25-04-2020,Toys,283.7,741.1,41.17,0,287.1,0,
26-04-2020,Toys,285.7,746.7,40.77,0,271.9,0,
27-04-2020,Toys,246,753.5,42.54,0,229.3,0,
28-04-2020,Toys,255.4,751.6,42.38,0,250,0,
29-04-2020,Toys,263.3,744.2,41.61,0,263.6,0,
30-04-2020,Toys,334.1,728.4,40.32,0,311.5,0,
01-05-2020,Toys,,747.6,41.85,0,313.1,0,
02-05-2020,Toys,275.4,748.5,42.54,0,261.4,0,
03-05-2020,Toys,301.6,742.1,43.92,0,285.7,0,
04-05-2020,Toys,271.1,753.1,42.93,0,261.2,0,
05-05-2020,Toys,293.7,746.9,42.23,0,297.2,0,
06-05-2020,Toys,278,750.5,41.35,0,286.6,0,
07-05-2020,Toys,324,733.9,43.11,0,307.4,0,
08-05-2020,Toys,429.6,719.9,42.16,1,394.3,0,
09-05-2020,Toys,286.9,736.4,42.2,0,269.2,0,
10-05-2020,Toys,288.7,740.1,43.06,0,263.5,0,
11-05-2020,Toys,261.3,753.9,41.86,0,259.9,0,
12-05-2020,Toys,269.1,752.4,42.82,0,272.1,0,
13-05-2020,Toys,285.3,742.6,41.05,0,275.2,0,
14-05-2020,Toys,330.2,722.7,41.46,0,344.4,0,
15-05-2020,Toys,325.7,721,42.46,0,328.7,0,
16-05-2020,Toys,299.9,719.2,42.01,0,286.9,0,
17-05-2020,Toys,316.6,701.6,41.85,0,289.8,0,
18-05-2020,Toys,279.2,706.1,41.06,0,271.9,0,
19-05-2020,Toys,258.3,713.9,42.87,0,252,0,
20-05-2020,Toys,296.9,694.1,40.68,0,291.7,0,
21-05-2020,Toys,306.8,692.8,42.8,0,307.6,0,
22-05-2020,Toys,328.2,682.2,42.11,0,308.4,0,
23-05-2020,Toys,330.9,687.5,42.12,0,297.9,0,
24-05-2020,Toys,312.1,690.1,42.02,0,318.9,0,
25-05-2020,Toys,301.9,690.8,41.34,0,309,0,
26-05-2020,Toys,283.5,692.6,42.04,0,294,0,
27-05-2020,Toys,311.6,680.5,42.37,0,325.8,0,
28-05-2020,Toys,348.8,669.8,42.41,0,322.2,0,
29-05-2020,Toys,362.8,375.7,41.98,0,345.7,0,
30-05-2020,Toys,414.8,380.8,41.97,1,426.3,0,
31-05-2020,Toys,321.5,379,41.96,0,43,1,supplier_delay
01-06-2020,Toys,286.8,386,41.85,0,258.7,0,
02-06-2020,Toys,266.3,386,40.58,0,255.2,0,
03-06-2020,Toys,342.1,657.2,41.63,0,313.7,0,
04-06-2020,Toys,359.7,649.1,41.19,0,366.2,0,
05-06-2020,Toys,355.1,654.4,41.93,0,359.4,0,
06-06-2020,Toys,345.6,651.5,41.29,0,350.1,0,
07-06-2020,Toys,338.9,655.3,42.35,0,324.9,0,
08-06-2020,Toys,304.8,652.7,43.06,0,292.9,0,
09-06-2020,Toys,262.2,668.1,41.8,0,246.3,0,
10-06-2020,Toys,1068.4,661.8,42.29,0,286.6,1,demand_spike
11-06-2020,Toys,381.4,640.6,41.67,0,399.5,0,
12-06-2020,Toys,375.3,642.1,41.98,0,340.4,0,
13-06-2020,Toys,370.3,640.1,43.21,0,351.3,0,
14-06-2020,Toys,352.8,640.7,40.76,0,359.3,0,
15-06-2020,Toys,423.6,641,41.5,1,405.6,0,
16-06-2020,Toys,295.6,650.6,42.15,0,308.2,0,
17-06-2020,Toys,339.6,642.1,41.92,0,322.6,0,
18-06-2020,Toys,351.3,638,41.75,0,360.9,0,
19-06-2020,Toys,375.8,634.6,41.07,0,384.1,0,
20-06-2020,Toys,335.5,661.9,42.43,0,302.4,0,
21-06-2020,Toys,335.8,670,41.98,0,322.5,0,
22-06-2020,Toys,291.3,683.3,42.61,0,274.4,0,
23-06-2020,Toys,321.3,671.5,42.94,0,312.3,0,
24-06-2020,Toys,375.4,659.4,42.03,0,364,0,
25-06-2020,Toys,362.1,667.6,43.18,0,375,0,
26-06-2020,Toys,368.4,668.4,42.94,0,341.7,0,
27-06-2020,Toys,368,675.9,41.7,0,341.2,0,
28-06-2020,Toys,345.2,678,43.3,0,316.3,0,
29-06-2020,Toys,333,683.1,42.62,0,336.6,0,
30-06-2020,Toys,320.5,686.7,43.14,0,332.6,0,
01-07-2020,Toys,347,682.1,40.53,0,331.4,0,
02-07-2020,Toys,381.5,375.6,42.63,0,346.9,0,
03-07-2020,Toys,403.6,372.9,42.33,0,372.7,0,
04-07-2020,Toys,359.7,375.3,41.38,0,73.5,1,supplier_delay
05-07-2020,Toys,345.1,377.7,40.8,0,341.2,0,
06-07-2020,Toys,300.8,390,41.94,0,283.4,0,
07-07-2020,Toys,332.7,682.9,42.11,0,344.2,0,
08-07-2020,Toys,366.7,672.2,41.57,0,338.9,0,
09-07-2020,Toys,401.1,667.2,41.43,0,417,0,
10-07-2020,Toys,379,676.2,41.6,0,360.1,0,
11-07-2020,Toys,380.8,667.1,41.5,0,392.3,0,
12-07-2020,Toys,358.6,673,42.85,0,373.8,0,
13-07-2020,Toys,308.6,689.9,41.39,0,323.4,0,
14-07-2020,Toys,323.9,692.2,40.68,0,330.6,0,
15-07-2020,Toys,376.9,682.2,42.73,0,345,0,
16-07-2020,Toys,392.3,677.3,42.83,0,356.3,0,
17-07-2020,Toys,399,678.4,41.96,0,403.4,0,
18-07-2020,Toys,366.7,687.7,41.12,0,379.4,0,
19-07-2020,Toys,333.8,695.1,40.43,0,308.7,0,
20-07-2020,Toys,351.9,695.1,42.09,0,366.4,0,
21-07-2020,Toys,352.7,700,42.5,0,349.7,0,
22-07-2020,Toys,339.4,705.4,41.38,0,311.8,0,
23-07-2020,Toys,393.6,685.8,42.74,0,364.1,0,
24-07-2020,Toys,431.8,674.2,40.86,0,392.9,0,
25-07-2020,Toys,396.7,685,42.12,0,365.5,0,
26-07-2020,Toys,346.9,704.5,40.35,0,350.3,0,
27-07-2020,Toys,350.1,702,41.27,0,326.6,0,
28-07-2020,Toys,349.7,702.3,40.59,0,344.2,0,
29-07-2020,Toys,404,686.9,42.54,0,407.3,0,
30-07-2020,Toys,379.2,693,42.35,0,392.2,0,
31-07-2020,Toys,426.5,680.1,44.12,0,421.6,0,
01-08-2020,Toys,368.8,698,42.23,0,363.5,0,
02-08-2020,Toys,370.6,693.4,41.7,0,384.3,0,
03-08-2020,Toys,360.9,693.5,41.2,0,340.8,0,
04-08-2020,Toys,502.5,682.1,42.89,1,467.6,0,
05-08-2020,Toys,475.8,673.7,44.29,1,490.5,0,
06-08-2020,Toys,374.5,685.8,42.91,0,341.2,0,
07-08-2020,Toys,406.3,679.6,42.24,0,377.2,0,
08-08-2020,Toys,399.8,677.5,42.12,0,384.5,0,
09-08-2020,Toys,385.2,680.9,40.69,0,367.6,0,
10-08-2020,Toys,332.1,692.5,42.8,0,334,0,
11-08-2020,Toys,341,693.5,41.46,0,311.6,0,
12-08-2020,Toys,,690.7,41.05,0,344.3,0,
13-08-2020,Toys,401.7,679.9,41.91,0,410.2,0,
14-08-2020,Toys,411.9,675.3,41.41,0,412.9,0,
15-08-2020,Toys,398,684.5,41.29,0,395.9,0,
16-08-2020,Toys,362.7,689.1,41.65,0,339.5,0,
17-08-2020,Toys,350,690,40.47,0,335.6,0,
18-08-2020,Toys,355.6,686.3,41.85,0,329.7,0,
19-08-2020,Toys,375.6,684.3,42.27,0,366.7,0,
20-08-2020,Toys,370.4,683.1,41.23,0,365.8,0,
21-08-2020,Toys,390.8,672.2,43.2,0,388.7,0,
22-08-2020,Toys,400.9,669.2,41.58,0,413.5,0,
23-08-2020,Toys,359.3,693.9,41.16,0,326.7,0,
24-08-2020,Toys,,693.9,42.75,0,328.5,0,
25-08-2020,Toys,378.4,689.4,42.12,0,374.1,0,
26-08-2020,Toys,397.2,683.8,43.19,0,391.4,0,
27-08-2020,Toys,388.3,686.5,43.42,0,350.8,0,
28-08-2020,Toys,431.6,670.5,40.9,0,400.7,0,
29-08-2020,Toys,387.1,686.9,43.94,0,397.5,0,
30-08-2020,Toys,508,694.5,40.09,1,496.5,0,
31-08-2020,Toys,349.3,711,41,0,336.1,0,
01-09-2020,Toys,344.2,714,40.94,0,356.2,0,
02-09-2020,Toys,390.7,696.5,43.2,0,356.1,0,
03-09-2020,Toys,383.5,707.7,42.5,0,398.2,0,
04-09-2020,Toys,401.3,700,42.3,0,362.9,0,
05-09-2020,Toys,388.2,700.1,40.04,0,382.2,0,
06-09-2020,Toys,567.9,711,42.05,1,558.4,0,
07-09-2020,Toys,324.2,715.9,44.12,0,322.8,0,
08-09-2020,Toys,361.2,702.3,42.5,0,326.7,0,
09-09-2020,Toys,390,696.8,41.79,0,382.1,0,
10-09-2020,Toys,565.9,708.5,42.97,1,518.9,0,
11-09-2020,Toys,388,714.6,42.19,0,358.3,0,
12-09-2020,Toys,422.2,710.3,41.64,0,393.6,0,
13-09-2020,Toys,356,727.6,41.49,0,353.2,0,
14-09-2020,Toys,339.8,733.8,42.52,0,325.7,0,
15-09-2020,Toys,298.9,736.5,41.83,0,272.9,0,
16-09-2020,Toys,349.4,714.7,42.21,0,329.6,0,
17-09-2020,Toys,412.1,696.6,40.11,0,375.6,0,
18-09-2020,Toys,453.5,686,41.97,0,453.3,0,
19-09-2020,Toys,403.1,705.3,41.17,0,396.5,0,
20-09-2020,Toys,338,723.9,42.94,0,324.9,0,
21-09-2020,Toys,347.9,728.5,41.17,0,361.5,0,
22-09-2020,Toys,337.9,734.2,41.42,0,330.4,0,
23-09-2020,Toys,360,718.6,40.93,0,371.9,0,
24-09-2020,Toys,365.4,707.9,42.76,0,360.6,0,
25-09-2020,Toys,401.3,697.7,42.5,0,383.8,0,
26-09-2020,Toys,354.6,710.6,41.14,0,347.8,0,
27-09-2020,Toys,311.5,724.6,41.29,0,287.5,0,
28-09-2020,Toys,327.7,718.1,42.73,0,328.1,0,
29-09-2020,Toys,295.7,724.7,43.78,0,309.6,0,
30-09-2020,Toys,347,705.6,42.44,0,325.2,0,
01-10-2020,Toys,,691.7,43.03,0,372.3,0,
02-10-2020,Toys,406.3,691.7,41.84,0,390.4,0,
03-10-2020,Toys,381.6,693.7,41.17,0,371.1,0,
04-10-2020,Toys,341.3,705.2,41.92,0,343.9,0,
05-10-2020,Toys,319.7,718.8,42.98,0,294.2,0,
06-10-2020,Toys,317.7,710.6,41.59,0,300.4,0,
07-10-2020,Toys,380.3,695.1,41.77,0,373,0,
08-10-2020,Toys,354.7,701.7,43.94,0,350.6,0,
09-10-2020,Toys,382.9,689.3,43.55,0,375.5,0,
10-10-2020,Toys,374.7,689.1,42.19,0,361.7,0,
11-10-2020,Toys,304.9,715.1,43.06,0,307,0,
12-10-2020,Toys,392.2,487.3,41.06,1,365,0,
13-10-2020,Toys,337.2,472.3,42.62,0,317.8,0,
14-10-2020,Toys,323.5,472.2,42.15,0,63.1,1,supplier_delay
15-10-2020,Toys,374.9,460.1,42.42,0,376.5,0,
16-10-2020,Toys,359.2,466.2,40.93,0,327.7,0,
17-10-2020,Toys,362.3,686.9,40.76,0,332.4,0,
18-10-2020,Toys,339,693.8,41.59,0,344.9,0,
19-10-2020,Toys,332.9,692.1,40.91,0,312.6,0,
20-10-2020,Toys,327.7,691.7,41.27,0,342.3,0,
21-10-2020,Toys,345.2,685.6,44.24,0,360.5,0,
22-10-2020,Toys,392.3,666.9,43.1,0,393.4,0,
23-10-2020,Toys,350.3,675.6,42.36,0,352.9,0,
24-10-2020,Toys,351.5,672.6,42.44,0,350.6,0,
25-10-2020,Toys,340.4,683.4,42.42,0,315.4,0,
26-10-2020,Toys,262.9,707,41.9,0,256.4,0,
27-10-2020,Toys,338.9,679.7,42.34,0,345.3,0,
28-10-2020,Toys,331.1,686.3,42.86,0,336.5,0,
29-10-2020,Toys,362.5,681.3,41.87,0,375.1,0,
30-10-2020,Toys,351.1,680.2,43.28,0,363.4,0,
31-10-2020,Toys,350.6,688.4,41.86,0,329.3,0,
01-11-2020,Toys,321.9,699,41.23,0,324.5,0,
02-11-2020,Toys,281.6,713.2,42.29,0,281,0,
03-11-2020,Toys,297.7,710.1,41.9,0,307.5,0,
04-11-2020,Toys,335,700.6,41.85,0,310.7,0,
05-11-2020,Toys,372.6,688.8,42.8,0,376.7,0,
06-11-2020,Toys,345.4,700.2,41.76,0,332.8,0,
07-11-2020,Toys,313.3,708.2,41.28,0,300.5,0,
08-11-2020,Toys,315.6,715.3,41.74,0,285.8,0,
09-11-2020,Toys,288,713.7,41.44,0,300.7,0,
10-11-2020,Toys,311.2,702.1,41.43,0,311.6,0,
11-11-2020,Toys,305.8,705.5,42.89,0,302.3,0,
12-11-2020,Toys,316.4,702,41.2,0,296.7,0,
13-11-2020,Toys,370.9,683.1,42.16,0,370.5,0,
14-11-2020,Toys,319.5,699.4,41.79,0,332.9,0,
15-11-2020,Toys,286.3,703.3,41.97,0,264.7,0,
16-11-2020,Toys,273.6,701.9,40.35,0,286.6,0,
17-11-2020,Toys,468.6,689.2,42.61,1,451.8,0,
18-11-2020,Toys,350,680.3,41.83,0,366.4,0,
19-11-2020,Toys,318.4,686.2,42.88,0,316.9,0,
20-11-2020,Toys,333,672.8,42.4,0,315.9,0,
21-11-2020,Toys,325.4,676.2,42.11,0,311.1,0,
22-11-2020,Toys,262.2,697.6,42.07,0,247.4,0,
23-11-2020,Toys,268.9,690.2,43.95,0,255.5,0,
24-11-2020,Toys,314.4,674.6,41.39,0,313.4,0,
25-11-2020,Toys,297.6,684.1,42.31,0,268.6,0,
26-11-2020,Toys,345.9,663.8,42.27,0,361.6,0,
27-11-2020,Toys,327.6,669.2,40.71,0,332.6,0,
28-11-2020,Toys,275.9,681.4,42.02,0,287.2,0,
29-11-2020,Toys,303.5,684,40.75,0,305.9,0,
30-11-2020,Toys,264.2,689.7,42.01,0,256.8,0,
01-12-2020,Toys,299.1,670.1,40.7,0,277.7,0,
02-12-2020,Toys,299.2,673.1,42.39,0,292.5,0,
03-12-2020,Toys,500.4,666.1,41,1,503.8,0,
04-12-2020,Toys,329.5,657.2,42.05,0,338.7,0,
05-12-2020,Toys,311.5,660.1,40.7,0,295.5,0,
06-12-2020,Toys,249.7,686.3,42.46,0,243.8,0,
07-12-2020,Toys,281.1,676.8,42,0,279.1,0,
08-12-2020,Toys,266.9,688.4,41.91,0,263.8,0,
09-12-2020,Toys,289.2,675.6,42.18,0,262.5,0,
10-12-2020,Toys,317.1,672.6,42.51,0,308.4,0,
11-12-2020,Toys,329.9,663.9,41.34,0,337,0,
12-12-2020,Toys,,674.2,42.05,0,322.6,0,
13-12-2020,Toys,283.9,689.6,41.67,0,277.1,0,
14-12-2020,Toys,226.4,701.9,43.16,0,236.1,0,
15-12-2020,Toys,259.6,694,41.72,0,265.8,0,
16-12-2020,Toys,266.1,693.1,41.39,0,268.9,0,
17-12-2020,Toys,306.5,685.7,40.8,0,299.6,0,
18-12-2020,Toys,304.7,680.6,41.84,0,301.2,0,
19-12-2020,Toys,326.6,671.9,41.48,0,304.9,0,
20-12-2020,Toys,243,697.3,42.37,0,238.1,0,
21-12-2020,Toys,250.2,702.6,42.25,0,244.9,0,
22-12-2020,Toys,385,701,42.51,1,358.2,0,
23-12-2020,Toys,268.1,692.7,41.01,0,279.6,0,
24-12-2020,Toys,297.1,685.6,39.77,0,278.3,0,
25-12-2020,Toys,338.9,668,42.06,0,310.3,0,
26-12-2020,Toys,412,673.5,42.76,1,399.7,0,
27-12-2020,Toys,286.5,674.5,41.73,0,287.3,0,
28-12-2020,Toys,236.5,690.9,43.57,0,219.7,0,
29-12-2020,Toys,262.5,684,41.96,0,243.4,0,
30-12-2020,Toys,371.8,686,41.45,1,349.2,0,
31-12-2020,Toys,277.4,688.7,42.41,0,262.2,0,
01-01-2021,Toys,379.5,699.7,43.23,1,355.6,0,
02-01-2021,Toys,262.8,696.8,42.03,0,255.1,0,
03-01-2021,Toys,256.7,703.3,42.7,0,231.7,0,
04-01-2021,Toys,266.2,711.8,41.71,0,243,0,
05-01-2021,Toys,242.6,727.6,41.73,0,244.9,0,
06-01-2021,Toys,270.2,724.4,43.01,0,259.9,0,
07-01-2021,Toys,307.4,712.6,40.57,0,293.3,0,
08-01-2021,Toys,287.2,712.1,41.18,0,258.9,0,
09-01-2021,Toys,260.1,715.4,42.55,0,245.7,0,
10-01-2021,Toys,236.9,725,41.78,0,242.4,0,
11-01-2021,Toys,254.9,721.1,42.32,0,242.4,0,
12-01-2021,Toys,243.2,725,42.51,0,254,0,
13-01-2021,Toys,264.9,723,40.96,0,253.9,0,
14-01-2021,Toys,269,727.6,40.95,0,260.8,0,
15-01-2021,Toys,312.2,720.5,43.03,0,318.6,0,
16-01-2021,Toys,305.1,726.3,41.74,0,319.5,0,
17-01-2021,Toys,251.3,745,41.5,0,240.2,0,
18-01-2021,Toys,248.3,743.3,42.38,0,228,0,
19-01-2021,Toys,226.7,750.2,42.89,0,221.8,0,
20-01-2021,Toys,374.6,735.6,42.72,1,370.4,0,
21-01-2021,Toys,291.4,732.3,42.45,0,304.2,0,
22-01-2021,Toys,265.6,732.1,43.04,0,255.6,0,
23-01-2021,Toys,1097.1,729.8,42.49,0,254.7,1,demand_spike
24-01-2021,Toys,253.7,737,41.6,0,253.1,0,
25-01-2021,Toys,233.6,742.3,42.29,0,211,0,
26-01-2021,Toys,244.4,742,42.72,0,235.6,0,
27-01-2021,Toys,256.9,741,41.38,0,247,0,
28-01-2021,Toys,276.6,741,41.59,0,259.5,0,
29-01-2021,Toys,289.4,740.2,42.23,0,302.3,0,
30-01-2021,Toys,263.6,746,42.64,0,253.2,0,
31-01-2021,Toys,233.7,761.6,42.04,0,241.7,0,
01-02-2021,Toys,248.3,764.7,42.28,0,242.6,0,
02-02-2021,Toys,224.9,771.6,39.97,0,230.1,0,
03-02-2021,Toys,1116.3,769.1,43.41,0,245.9,1,demand_spike
04-02-2021,Toys,270.8,764.9,42.72,0,284,0,
05-02-2021,Toys,269.6,771,42.68,0,268.5,0,
06-02-2021,Toys,295.5,769.9,42.6,0,272.8,0,
07-02-2021,Toys,219.8,789.4,42.68,0,198,0,
08-02-2021,Toys,235.9,791.6,43.23,0,245.2,0,
09-02-2021,Toys,232.4,792.8,43.01,0,233.1,0,
10-02-2021,Toys,265.2,785,42.42,0,242.9,0,
11-02-2021,Toys,276.4,787.2,42.74,0,279.6,0,
12-02-2021,Toys,293.3,780.8,42.3,0,274,0,
13-02-2021,Toys,,791.4,41.42,0,280.4,0,
14-02-2021,Toys,255.2,798,41.64,0,253.1,0,
15-02-2021,Toys,259.8,794.4,41.71,0,238.6,0,
16-02-2021,Toys,203.7,814.4,41.92,0,185.5,0,
17-02-2021,Toys,259.5,803.9,41.86,0,251.7,0,
18-02-2021,Toys,263.6,803.3,41.09,0,274.3,0,
19-02-2021,Toys,274,795.1,42.24,0,269.8,0,
20-02-2021,Toys,395.4,799.2,42.69,1,400.9,0,
21-02-2021,Toys,241.9,799.5,41.67,0,234.8,0,
22-02-2021,Toys,251.1,808.2,41.79,0,240.4,0,
23-02-2021,Toys,356.5,809.8,42.7,1,364.8,0,
24-02-2021,Toys,266.2,787.9,42.22,0,258.1,0,
25-02-2021,Toys,298.2,776.4,42.81,0,274.8,0,
26-02-2021,Toys,331.8,784.5,42.68,1,312.3,0,
27-02-2021,Toys,260.2,788.9,41.4,0,256.1,0,
28-02-2021,Toys,249.7,792.9,42.26,0,239.8,0,
01-03-2021,Toys,320.3,800.2,42.57,1,305.9,0,
02-03-2021,Toys,275.1,779.2,41.48,0,275.2,0,
03-03-2021,Toys,263.6,777.7,41.08,0,262.4,0,
04-03-2021,Toys,295.8,772.6,42.05,0,280.1,0,
05-03-2021,Toys,288.9,768.9,40.3,0,275.6,0,
06-03-2021,Toys,288.3,768.7,39.27,0,292,0,
07-03-2021,Toys,250.4,776.1,42.57,0,260,0,
08-03-2021,Toys,248.2,781.5,41.43,0,235.4,0,
09-03-2021,Toys,266.9,773.5,41.81,0,251.9,0,
10-03-2021,Toys,,779.4,42.27,0,216.1,0,
11-03-2021,Toys,301.9,763.1,42.03,0,278.1,0,
12-03-2021,Toys,287.6,757.4,41.42,0,275.1,0,
13-03-2021,Toys,263.1,768.2,43.71,0,257.1,0,
14-03-2021,Toys,233.3,778.8,42,0,228.8,0,
15-03-2021,Toys,245.1,787.9,44.38,0,246,0,
16-03-2021,Toys,254.5,788.3,41.27,0,231,0,
17-03-2021,Toys,261.9,788.6,41.75,0,257.8,0,
18-03-2021,Toys,274.1,780.7,42.09,0,257.2,0,
19-03-2021,Toys,303.9,770.6,42.13,0,284.4,0,
20-03-2021,Toys,288.6,776.5,42.9,0,293.9,0,
21-03-2021,Toys,273.9,788.1,40.1,0,252.8,0,
22-03-2021,Toys,416.9,788.1,43.35,1,395.8,0,
23-03-2021,Toys,275.3,774.6,40.49,0,274.1,0,
24-03-2021,Toys,290.1,770.5,41.41,0,289,0,
25-03-2021,Toys,273.7,767.5,42.11,0,248.3,0,
26-03-2021,Toys,307.9,761.3,42.41,0,280.5,0,
27-03-2021,Toys,310.7,768,41.9,0,310.2,0,
28-03-2021,Toys,284.4,781,41.66,0,296.6,0,
29-03-2021,Toys,297.1,774.7,42.07,0,311.9,0,
30-03-2021,Toys,277.2,788.8,41.73,0,290.5,0,
31-03-2021,Toys,262.2,789.5,42.98,0,249.8,0,
01-04-2021,Toys,281.4,778.8,42.65,0,263.5,0,
02-04-2021,Toys,315.9,775.6,42.44,0,289,0,
03-04-2021,Toys,303.2,777.6,42.93,0,287.7,0,
04-04-2021,Toys,267.6,789.1,42.36,0,252,0,
05-04-2021,Toys,275.8,791.7,41.86,0,272.1,0,
06-04-2021,Toys,226.2,801.1,40.71,0,216.1,0,
07-04-2021,Toys,284.6,780.9,43.63,0,266,0,
08-04-2021,Toys,276.8,780.3,43.01,0,274.6,0,
09-04-2021,Toys,309.6,769.3,41.05,0,293.7,0,
10-04-2021,Toys,302.3,767.9,42.68,0,288.1,0,
11-04-2021,Toys,302.7,769.7,42.45,0,299.6,0,
12-04-2021,Toys,249.6,787.4,41.27,0,229,0,
13-04-2021,Toys,274.8,779.8,43.23,0,279.2,0,
14-04-2021,Toys,291.5,776,42.2,0,304.6,0,
15-04-2021,Toys,321.8,763.6,41.1,0,313.3,0,
16-04-2021,Toys,324,763.1,41.04,0,318.8,0,
17-04-2021,Toys,312.1,758.2,42.41,0,298.9,0,
18-04-2021,Toys,281.8,772.2,41.26,0,294.1,0,
19-04-2021,Toys,370.2,768.4,41.45,1,340.5,0,
20-04-2021,Toys,304.4,760.1,42.42,0,311.1,0,
21-04-2021,Toys,469.3,753.8,41.51,1,468.2,0,
22-04-2021,Toys,366.8,737.4,41.67,0,373.6,0,
23-04-2021,Toys,,742.6,41.4,0,355,0,
24-04-2021,Toys,338.8,746.2,42.63,0,330.2,0,
25-04-2021,Toys,288.6,756.1,43.11,0,272.3,0,
26-04-2021,Toys,414.8,757.7,40.63,1,421.9,0,
27-04-2021,Toys,289,758.8,41.24,0,296.7,0,
28-04-2021,Toys,296.9,760.4,40.17,0,297.7,0,
29-04-2021,Toys,328.1,754.3,42.17,0,337.1,0,
30-04-2021,Toys,354.2,742,42.24,0,357.6,0,
01-05-2021,Toys,355.9,741.8,41.27,0,371.5,0,
02-05-2021,Toys,320.2,752,41.7,0,315.6,0,
03-05-2021,Toys,302.3,752.1,42.45,0,289.3,0,
04-05-2021,Toys,288.7,756.1,43.37,0,289.3,0,
05-05-2021,Toys,460.4,735.2,41.44,1,419.1,0,
06-05-2021,Toys,339.6,735,42.16,0,331,0,
07-05-2021,Toys,337.1,741.8,42.52,0,342.5,0,
08-05-2021,Toys,327.8,749.6,43.58,0,303.3,0,
09-05-2021,Toys,,754.6,42.4,0,305,0,
10-05-2021,Toys,296.5,762.2,43.67,0,282.4,0,
11-05-2021,Toys,317.5,755.4,40.85,0,301.7,0,
12-05-2021,Toys,329.6,762.5,42.41,0,328.8,0,
13-05-2021,Toys,364.4,751,41.84,0,355.1,0,
14-05-2021,Toys,361.1,745.4,42.04,0,368.2,0,
15-05-2021,Toys,351.6,752.1,41.04,0,319.5,0,
16-05-2021,Toys,312.3,766.2,43.09,0,302.3,0,
17-05-2021,Toys,339.5,752.5,42.55,0,306.3,0,
18-05-2021,Toys,293.9,764.2,42.24,0,274.2,0,
19-05-2021,Toys,387.9,736.8,40.62,0,394.2,0,
20-05-2021,Toys,377,737.3,42.83,0,345.3,0,
21-05-2021,Toys,,750.3,41.51,0,319.6,0,
22-05-2021,Toys,363.3,742.1,41.4,0,348.8,0,
23-05-2021,Toys,342,747.2,40.8,0,347.7,0,
24-05-2021,Toys,349.7,742.8,41.78,0,348.2,0,
25-05-2021,Toys,307.9,757.6,41.6,0,313.2,0,
26-05-2021,Toys,331.4,753.7,43.19,0,300.7,0,
27-05-2021,Toys,383.9,740.2,41.22,0,377.9,0,
28-05-2021,Toys,388.1,729.7,41.46,0,375.6,0,
29-05-2021,Toys,395.7,728.2,41.57,0,409.4,0,
30-05-2021,Toys,330.2,750.3,41.38,0,333.7,0,
31-05-2021,Toys,314.7,757.9,40.95,0,303.2,0,
01-06-2021,Toys,371.9,739.9,42.61,0,365.6,0,
02-06-2021,Toys,362.6,742.8,41.92,0,349.4,0,
03-06-2021,Toys,596.9,736.5,41.61,1,576.7,0,
04-06-2021,Toys,405.6,733.4,41.52,0,403.7,0,
05-06-2021,Toys,344.3,745.1,42.17,0,321.1,0,
06-06-2021,Toys,442.6,741.9,41.52,1,420.5,0,
07-06-2021,Toys,448.8,746.4,42.01,1,422.7,0,
08-06-2021,Toys,339.9,741.3,42.47,0,346.8,0,
09-06-2021,Toys,394.1,724.8,42.35,0,410.4,0,
10-06-2021,Toys,402.7,712.3,43.27,0,387.4,0,
11-06-2021,Toys,382.7,711.4,42.89,0,348.9,0,
12-06-2021,Toys,388.7,701.6,42.34,0,355.3,0,
13-06-2021,Toys,366.3,710.4,42.39,0,351.6,0,
14-06-2021,Toys,345.6,721.7,43.71,0,331.5,0,
15-06-2021,Toys,340.3,715.4,41.39,0,313.7,0,
16-06-2021,Toys,383.9,701.4,42.48,0,392,0,
17-06-2021,Toys,415.4,693.3,41.34,0,405,0,
18-06-2021,Toys,417.7,693.9,42.77,0,382.8,0,
19-06-2021,Toys,383.5,714.3,42.6,0,350.8,0,
20-06-2021,Toys,369.4,719.3,41.86,0,357.2,0,
21-06-2021,Toys,320,729.4,43.16,0,293.6,0,
22-06-2021,Toys,479.5,711.7,42.12,1,472,0,
23-06-2021,Toys,377.3,724,42.35,0,361.3,0,
24-06-2021,Toys,401.9,710.1,40.71,0,417.2,0,
25-06-2021,Toys,394.8,714.8,43.96,0,380.2,0,
26-06-2021,Toys,665.3,708.1,41.2,1,660.1,0,
27-06-2021,Toys,396.8,709.6,41.02,0,405.5,0,
28-06-2021,Toys,355.1,719,42.59,0,335.7,0,
29-06-2021,Toys,351.8,727.9,42.21,0,343.7,0,
30-06-2021,Toys,394.8,718.9,40.77,0,362.5,0,
01-07-2021,Toys,627.5,715.8,41.34,1,605.5,0,
02-07-2021,Toys,436.7,701,41.72,0,417.7,0,
03-07-2021,Toys,407.3,713.2,41.44,0,392.7,0,
04-07-2021,Toys,382.2,726.3,42.23,0,350.2,0,
05-07-2021,Toys,382.7,719.3,42.85,0,367.3,0,
06-07-2021,Toys,350.6,729,43.91,0,361.3,0,
07-07-2021,Toys,511.7,720.7,40.78,1,532.4,0,
08-07-2021,Toys,426.9,715.5,42.01,0,399.7,0,
09-07-2021,Toys,422.6,720,42.14,0,399.3,0,
10-07-2021,Toys,420.1,721,42.12,0,378.7,0,
11-07-2021,Toys,395.2,733.9,42.23,0,362.5,0,
12-07-2021,Toys,504,735.7,42.13,1,479.7,0,
13-07-2021,Toys,493.2,742.6,43.04,1,494.5,0,
14-07-2021,Toys,574,746.4,42.39,1,541.8,0,
15-07-2021,Toys,402.3,731.7,40.79,0,366.6,0,
16-07-2021,Toys,442.8,715,40.96,0,447.1,0,
17-07-2021,Toys,423.3,713.6,42.83,0,410.6,0,
18-07-2021,Toys,392.3,721,42.48,0,383.6,0,
19-07-2021,Toys,378.7,729.1,41.83,0,359.4,0,
20-07-2021,Toys,546.1,731.5,42.46,1,541.7,0,
21-07-2021,Toys,399.2,724.5,42.58,0,412.6,0,
22-07-2021,Toys,423.7,723.9,42.92,0,416.5,0,
23-07-2021,Toys,434.3,719.2,41.87,0,429.1,0,
24-07-2021,Toys,426.3,724.4,42.73,0,407.5,0,
25-07-2021,Toys,562.6,731,41.96,1,513.3,0,
26-07-2021,Toys,379.5,729.3,40.82,0,365.9,0,
27-07-2021,Toys,,718.5,42.39,0,418.5,0,
28-07-2021,Toys,428.5,706.9,43.13,0,429.4,0,
29-07-2021,Toys,459.2,690.6,42.72,0,447.1,0,
30-07-2021,Toys,439,695.9,43.07,0,436,0,
31-07-2021,Toys,418.3,698.4,42.21,0,411.5,0,
01-08-2021,Toys,401.8,710.8,41.35,0,416.6,0,
02-08-2021,Toys,378.4,716.7,42.23,0,353.3,0,
03-08-2021,Toys,393.3,708,41.75,0,406.4,0,
04-08-2021,Toys,423.1,693.7,42.34,0,424.5,0,
05-08-2021,Toys,440.4,682.8,42.11,0,404.8,0,
06-08-2021,Toys,441.6,686.9,42.93,0,422.1,0,
07-08-2021,Toys,440.1,692.1,40.9,0,424.9,0,
08-08-2021,Toys,433.4,684.2,40.1,0,395.5,0,
09-08-2021,Toys,483.8,711.8,42.13,1,475.7,0,
10-08-2021,Toys,400.9,705.1,41.77,0,376.4,0,
11-08-2021,Toys,414.3,706.2,41.63,0,401.3,0,
12-08-2021,Toys,425.5,698.9,41.47,0,410.9,0,
13-08-2021,Toys,433.2,691.6,42.03,0,423.8,0,
14-08-2021,Toys,423.2,693.4,42.41,0,434.6,0,
15-08-2021,Toys,432.5,692.5,42.53,0,439.9,0,
16-08-2021,Toys,406.6,701.3,39.67,0,419.1,0,
17-08-2021,Toys,549.2,715,41.98,1,541.5,0,
18-08-2021,Toys,427.3,692.1,40.56,0,424,0,
19-08-2021,Toys,423.6,697.8,42.81,0,408.6,0,
20-08-2021,Toys,649.3,696.9,42.59,1,654.2,0,
21-08-2021,Toys,452.6,693.2,41.17,0,421.3,0,
22-08-2021,Toys,439.3,690.4,42.14,0,426.7,0,
23-08-2021,Toys,357.5,711,40.38,0,360.1,0,
24-08-2021,Toys,395.8,702.7,42.43,0,402.4,0,
25-08-2021,Toys,424.3,681.9,42.44,0,397.7,0,
26-08-2021,Toys,434.7,669.3,42.7,0,403.1,0,
27-08-2021,Toys,447.1,667.8,42.59,0,421.8,0,
28-08-2021,Toys,,678.1,41.61,0,438.2,0,
29-08-2021,Toys,415,676.6,41.2,0,381.5,0,
30-08-2021,Toys,502,682.5,41.48,1,523.5,0,
31-08-2021,Toys,403.4,681.1,41.96,0,423.2,0,
01-09-2021,Toys,432.6,676.7,41,0,440.2,0,
02-09-2021,Toys,452.1,669.2,41.77,0,458.5,0,
03-09-2021,Toys,661.4,666.8,41.77,1,689.9,0,
04-09-2021,Toys,388.5,689.5,43,0,366.6,0,
05-09-2021,Toys,410.4,676.5,42.46,0,377.3,0,
06-09-2021,Toys,361.6,694.5,41.46,0,370.1,0,
07-09-2021,Toys,399.3,689.2,42.31,0,369.6,0,
08-09-2021,Toys,419.7,683,42.42,0,380.6,0,
09-09-2021,Toys,528.9,676.6,40.6,1,491.6,0,
10-09-2021,Toys,684.9,665.6,43.81,1,661.4,0,
11-09-2021,Toys,449,663.6,41.91,0,437.5,0,
12-09-2021,Toys,421.1,664.6,41.31,0,383,0,
13-09-2021,Toys,377.1,679.4,42.08,0,364.4,0,
14-09-2021,Toys,355.7,675.6,41.29,0,352.4,0,
15-09-2021,Toys,436.6,643,40.58,0,453.9,0,
16-09-2021,Toys,404.4,653.3,42.54,0,377.7,0,
17-09-2021,Toys,437.8,647.5,42.1,0,407.9,0,
18-09-2021,Toys,419,651.7,42.28,0,401.6,0,
19-09-2021,Toys,402.4,661.9,40.64,0,421.6,0,
20-09-2021,Toys,401.2,659.5,42.45,0,381.3,0,
21-09-2021,Toys,384.8,675.3,41.87,0,348.9,0,
22-09-2021,Toys,396.7,665.1,41.01,0,372.8,0,
23-09-2021,Toys,431.7,651,41.3,0,424.7,0,
24-09-2021,Toys,408.3,664.8,43.39,0,392.8,0,
25-09-2021,Toys,403.9,664.8,41.7,0,410.4,0,
26-09-2021,Toys,386.5,674.8,43.35,0,383.1,0,
27-09-2021,Toys,383.3,669.1,41.26,0,377.2,0,
28-09-2021,Toys,402.5,658.6,41.58,0,381.7,0,
29-09-2021,Toys,418.7,656.7,41.71,0,411.5,0,
30-09-2021,Toys,437.4,643.9,42.72,0,434,0,
01-10-2021,Toys,445,635.6,42.27,0,412.5,0,
02-10-2021,Toys,420.2,642.5,42.21,0,424.6,0,
03-10-2021,Toys,385.9,659.3,42.94,0,370.1,0,
04-10-2021,Toys,351.3,671.6,42.57,0,355.3,0,
05-10-2021,Toys,462.7,663.8,40.92,1,428.8,0,
06-10-2021,Toys,366.3,666.9,42.87,0,365.7,0,
07-10-2021,Toys,406.8,646,41.16,0,367.7,0,
08-10-2021,Toys,421.4,638.7,42.89,0,389.3,0,
09-10-2021,Toys,405,645.8,42.44,0,418.7,0,
10-10-2021,Toys,367.7,658.2,42.54,0,356.3,0,
11-10-2021,Toys,332.6,671.8,41.69,0,324.7,0,
12-10-2021,Toys,357.1,668,41.15,0,370,0,
13-10-2021,Toys,516.3,661.2,41.94,1,502.3,0,
14-10-2021,Toys,412.4,639.9,42.31,0,411.7,0,
15-10-2021,Toys,578.3,637.7,42.55,1,539.7,0,
16-10-2021,Toys,392.1,645.3,41.63,0,357.7,0,
17-10-2021,Toys,365.1,651.4,41.5,0,348,0,
18-10-2021,Toys,344.4,655.8,41.8,0,351.2,0,
19-10-2021,Toys,358.6,653,42.74,0,346.8,0,
20-10-2021,Toys,397,634.1,40.55,0,367.3,0,
21-10-2021,Toys,384.3,629.4,41.83,0,377.3,0,
22-10-2021,Toys,373.1,626.5,41.48,0,350.5,0,
23-10-2021,Toys,393.8,624.9,42.48,0,410.4,0,
24-10-2021,Toys,384.6,625.5,42.97,0,379.5,0,
25-10-2021,Toys,437.2,637.4,40.69,1,457.9,0,
26-10-2021,Toys,335.6,645.1,42.33,0,304.2,0,
27-10-2021,Toys,371.9,636.2,42.81,0,335.3,0,
28-10-2021,Toys,395.8,631.7,41.24,0,384.5,0,
29-10-2021,Toys,411.5,624.4,42.88,0,423.5,0,
30-10-2021,Toys,367.9,640.8,41.23,0,360.1,0,
31-10-2021,Toys,383.9,637.9,42.56,0,396,0,
01-11-2021,Toys,333.5,645.1,43.05,0,306.7,0,
02-11-2021,Toys,333.7,645.3,41.43,0,335.3,0,
03-11-2021,Toys,371,633.4,41.84,0,370.6,0,
04-11-2021,Toys,363.4,638,43,0,356.7,0,
05-11-2021,Toys,426.8,619.1,40.07,0,410,0,
06-11-2021,Toys,383.1,631,42.47,0,381.9,0,
07-11-2021,Toys,344.6,650.3,43.58,0,338.5,0,
08-11-2021,Toys,316,661.9,39.56,0,297.3,0,
09-11-2021,Toys,334,656.7,42.97,0,305.8,0,
10-11-2021,Toys,375,638.9,42.76,0,359.2,0,
11-11-2021,Toys,372.9,640.1,42.02,0,364.3,0,
12-11-2021,Toys,370.9,636.4,42.41,0,362.1,0,
13-11-2021,Toys,379.4,625.6,42.27,0,365.7,0,
14-11-2021,Toys,323.6,640.3,41.61,0,307.1,0,
15-11-2021,Toys,329.1,636.9,43.11,0,313.5,0,
16-11-2021,Toys,336.5,639.9,42.06,0,316.3,0,
17-11-2021,Toys,357.1,638.5,42.4,0,352.5,0,
18-11-2021,Toys,516.3,635.3,41.26,1,530.5,0,
19-11-2021,Toys,359.8,640.6,40.1,0,371.3,0,
20-11-2021,Toys,356.4,641.3,41.07,0,373.9,0,
21-11-2021,Toys,329.5,652.1,43.6,0,301,0,
22-11-2021,Toys,319.7,658.3,42.61,0,298,0,
23-11-2021,Toys,291,668.7,41.7,0,293.7,0,
24-11-2021,Toys,318.9,662.9,42.55,0,317.9,0,
25-11-2021,Toys,401,637.9,42.42,0,368.9,0,
26-11-2021,Toys,380.8,642.5,40.55,0,378.8,0,
27-11-2021,Toys,348.3,641.2,42.78,0,334.7,0,
28-11-2021,Toys,327.5,645.7,40.46,0,341.8,0,
29-11-2021,Toys,,637.1,41.54,0,354.1,0,
30-11-2021,Toys,282.2,656.2,41.24,0,257.1,0,
01-12-2021,Toys,337.4,636.3,42.23,0,308.2,0,
02-12-2021,Toys,350.8,632.9,42.24,0,337.6,0,
03-12-2021,Toys,382.3,614.1,39.54,0,344.6,0,
04-12-2021,Toys,354.5,617.7,43.1,0,324,0,
05-12-2021,Toys,356,613.6,42.12,0,370.2,0,
06-12-2021,Toys,316.5,620.2,42.87,0,322.5,0,
07-12-2021,Toys,299.5,640.9,42.09,0,299.8,0,
08-12-2021,Toys,1434.9,623.4,42.21,0,332.2,1,demand_spike
09-12-2021,Toys,452.6,615.6,40.86,1,424.3,0,
10-12-2021,Toys,378.9,615.3,41.41,0,382.2,0,
11-12-2021,Toys,325.6,629.1,41.88,0,323.1,0,
12-12-2021,Toys,316.5,633.5,42.65,0,325.1,0,
13-12-2021,Toys,816.1,652.8,41.69,0,247.1,1,demand_spike
14-12-2021,Toys,295.3,643.6,41.46,0,299.6,0,
15-12-2021,Toys,351.1,618,41.3,0,360.9,0,
16-12-2021,Toys,368.9,614.7,42.37,0,362.4,0,
17-12-2021,Toys,360.3,622.1,41.99,0,346.7,0,
18-12-2021,Toys,361.7,632.1,41.32,0,377,0,
19-12-2021,Toys,301.2,643.3,41.9,0,278.7,0,
20-12-2021,Toys,288.3,646.3,41.43,0,261.1,0,
21-12-2021,Toys,289.3,645.9,41.24,0,268.2,0,
22-12-2021,Toys,326.7,634.2,40.72,0,327.5,0,
23-12-2021,Toys,386.8,607.7,40.92,0,393.9,0,
24-12-2021,Toys,347.8,625,42.02,0,350.5,0,
25-12-2021,Toys,305.9,642.5,40.36,0,294.6,0,
26-12-2021,Toys,281.1,651.9,41.36,0,293.8,0,
27-12-2021,Toys,268.9,653.4,42.61,0,259.9,0,
28-12-2021,Toys,274.7,650.6,42.89,0,287.6,0,
29-12-2021,Toys,422.7,643.2,42.38,1,438.7,0,
30-12-2021,Toys,335.3,624,42.75,0,322.2,0,
31-12-2021,Toys,311.9,634.5,42.08,0,288.2,0,
01-01-2022,Toys,328.6,629.6,41.18,0,300.2,0,
02-01-2022,Toys,311.8,638.1,42.64,0,305.5,0,
03-01-2022,Toys,268.2,652.5,42.47,0,272.1,0,
04-01-2022,Toys,289.6,641,41.61,0,268.3,0,
05-01-2022,Toys,316.7,628.3,41.54,0,300.1,0,
06-01-2022,Toys,341.9,627.3,42.03,0,340.1,0,
07-01-2022,Toys,333.7,632.5,43.02,0,323.4,0,
08-01-2022,Toys,299.7,640.9,41.75,0,296.8,0,
09-01-2022,Toys,292.5,645.8,39.51,0,292.9,0,
10-01-2022,Toys,272,647.6,42.43,0,260.4,0,
11-01-2022,Toys,282.1,650,41.13,0,287.1,0,
12-01-2022,Toys,284.5,642.5,42.44,0,286,0,
13-01-2022,Toys,297.2,639.7,42.41,0,298.1,0,
14-01-2022,Toys,293.7,640,43.36,0,270.9,0,
15-01-2022,Toys,282.3,643.5,41.98,0,274.2,0,
16-01-2022,Toys,256.1,654.6,42.48,0,252.6,0,
17-01-2022,Toys,289,649.8,42.18,0,269.9,0,
18-01-2022,Toys,280.9,650.1,42.8,0,284.7,0,
19-01-2022,Toys,299.1,634.7,39.08,0,274.6,0,
20-01-2022,Toys,314.4,621.5,41.49,0,290,0,
21-01-2022,Toys,292.7,626.1,41.86,0,281.6,0,
22-01-2022,Toys,316.3,619.2,42.1,0,291.1,0,
23-01-2022,Toys,288.7,629.4,41.04,0,260.3,0,
24-01-2022,Toys,269.9,636,42.31,0,259.6,0,
25-01-2022,Toys,261.2,643,42.81,0,260.5,0,
26-01-2022,Toys,,645.1,41.48,0,277.2,0,
27-01-2022,Toys,327.3,632.7,41.25,0,297.1,0,
28-01-2022,Toys,447.8,639.5,42.4,1,418.6,0,
29-01-2022,Toys,326.3,631,42.2,0,319.3,0,
30-01-2022,Toys,310.6,636,42.26,0,314,0,
31-01-2022,Toys,286.9,644.1,40.84,0,292.4,0,
01-02-2022,Toys,274.8,648.5,44.37,0,268.7,0,
02-02-2022,Toys,434.7,639.1,39.99,1,433.4,0,
03-02-2022,Toys,319.1,632.3,42.79,0,330.5,0,
04-02-2022,Toys,334.5,628.1,41.46,0,304.3,0,
05-02-2022,Toys,332.4,630.4,44.61,0,304.1,0,
06-02-2022,Toys,292.3,640.4,42.43,0,283.1,0,
07-02-2022,Toys,238.4,656.6,42.96,0,236.3,0,
08-02-2022,Toys,257.1,661.9,42.48,0,231.6,0,
09-02-2022,Toys,,651.5,40.01,0,283.2,0,
10-02-2022,Toys,334.4,644.3,42.16,0,309.6,0,
11-02-2022,Toys,362.3,643.1,42.37,0,361.1,0,
12-02-2022,Toys,379.7,651.8,42.46,1,357,0,
13-02-2022,Toys,294.7,655.1,43.06,0,305.2,0,
14-02-2022,Toys,241.6,670.2,42.26,0,219.8,0,
15-02-2022,Toys,261.7,674.3,42.74,0,267.3,0,
16-02-2022,Toys,302.3,671.5,41.42,0,289.8,0,
17-02-2022,Toys,283.5,669.9,40.58,0,291.6,0,
18-02-2022,Toys,328.6,651.3,41.29,0,335.9,0,
19-02-2022,Toys,302.8,665.2,41.44,0,283.4,0,
20-02-2022,Toys,285.7,667.7,41.29,0,259.3,0,
21-02-2022,Toys,257.6,679.4,41.04,0,258.7,0,
22-02-2022,Toys,,670.2,41.26,0,264.8,0,
23-02-2022,Toys,316.3,655.3,41.69,0,328.8,0,
24-02-2022,Toys,333.5,656.7,41.21,0,303.5,0,
25-02-2022,Toys,338.9,651.4,44.22,0,321.5,0,
26-02-2022,Toys,321.4,656,40.89,0,289.9,0,
27-02-2022,Toys,287.1,660.6,42.43,0,272.1,0,
28-02-2022,Toys,265,661.7,41.61,0,260,0,
01-03-2022,Toys,294.3,653.3,42.52,0,293.7,0,
02-03-2022,Toys,286,651,41.86,0,288.6,0,
03-03-2022,Toys,332.5,644.6,42.78,0,340.8,0,
04-03-2022,Toys,338,646.3,41.73,0,309.8,0,
05-03-2022,Toys,297.1,662.6,42.14,0,301.4,0,
06-03-2022,Toys,274.8,667.8,40.21,0,258.8,0,
07-03-2022,Toys,284.9,663.5,40.91,0,262.3,0,
08-03-2022,Toys,285.9,665.4,40.76,0,268.7,0,
09-03-2022,Toys,311.3,644.2,43.34,0,320.2,0,
10-03-2022,Toys,324.3,638.1,42.85,0,322.4,0,
11-03-2022,Toys,360.4,618.1,42.23,0,356.6,0,
12-03-2022,Toys,329.5,628.5,42.94,0,325.5,0,
13-03-2022,Toys,318.5,626.1,41.21,0,306.2,0,
14-03-2022,Toys,276.3,638.1,43.32,0,266,0,
15-03-2022,Toys,304.1,625.3,42.15,0,280.5,0,
16-03-2022,Toys,304.6,632.3,41.86,0,289.4,0,
17-03-2022,Toys,327.4,636.8,42.92,0,319.8,0,
18-03-2022,Toys,318.4,644.1,42.87,0,315.5,0,
19-03-2022,Toys,332.5,644.7,40.87,0,302.8,0,
20-03-2022,Toys,283.4,659.2,42.79,0,269.2,0,
21-03-2022,Toys,275.8,658.4,41.92,0,262.2,0,
22-03-2022,Toys,269.5,650.6,42.3,0,263.4,0,
23-03-2022,Toys,283.3,647.4,41.72,0,285.2,0,
24-03-2022,Toys,337.5,629.6,41.14,0,335.9,0,
25-03-2022,Toys,527.1,632.1,40.93,1,519.5,0,
26-03-2022,Toys,1239.2,627.5,41.54,0,317.5,1,demand_spike
27-03-2022,Toys,306.2,629.1,42.43,0,314.1,0,
28-03-2022,Toys,310.5,622,42.28,0,316.1,0,
29-03-2022,Toys,332.1,351.4,42.24,0,308,0,
30-03-2022,Toys,341.9,355.2,42.73,0,341.4,0,
31-03-2022,Toys,346,350.1,42.02,0,53.5,1,supplier_delay
01-04-2022,Toys,363.5,345.3,43.66,0,350.9,0,
02-04-2022,Toys,360.1,340.9,42.38,0,374.1,0,
03-04-2022,Toys,305.4,621.3,41.23,0,275.9,0,
04-04-2022,Toys,315,618.8,40.94,0,307.9,0,
05-04-2022,Toys,504.7,614.2,42.34,1,473.6,0,
06-04-2022,Toys,331,610.9,41.88,0,310.9,0,
07-04-2022,Toys,360.9,603.2,41.09,0,372.3,0,
08-04-2022,Toys,394.4,596.4,41.93,0,373.4,0,
09-04-2022,Toys,334.5,617.8,41.6,0,302.2,0,
10-04-2022,Toys,317,629.2,41.69,0,311,0,
11-04-2022,Toys,316.9,627.5,43.21,0,331.4,0,
12-04-2022,Toys,298.9,629.9,42.67,0,272.5,0,
13-04-2022,Toys,336.1,623.5,42.95,0,317,0,
14-04-2022,Toys,339.9,619.6,43.51,0,329.9,0,
15-04-2022,Toys,335.1,620,42.17,0,343.3,0,
16-04-2022,Toys,357.4,610.5,42.28,0,336.1,0,
17-04-2022,Toys,307,634.1,42.34,0,292.1,0,
18-04-2022,Toys,299.9,639.2,43,0,287.2,0,
19-04-2022,Toys,339.8,621.5,42.95,0,325.2,0,
20-04-2022,Toys,348.7,618.9,41.57,0,324.3,0,
21-04-2022,Toys,368.6,614.9,41.1,0,382.4,0,
22-04-2022,Toys,369.6,609,41.16,0,376.6,0,
23-04-2022,Toys,388.1,605.2,42.11,0,406.1,0,
24-04-2022,Toys,376.7,607.9,41.03,0,360,0,
25-04-2022,Toys,334.7,614.4,42.37,0,303.5,0,
26-04-2022,Toys,286,622.3,40.28,0,262.4,0,
27-04-2022,Toys,353.9,608.7,43.64,0,337.5,0,
28-04-2022,Toys,1423.1,602.7,40.91,0,373.2,1,demand_spike
29-04-2022,Toys,377.1,602.6,41.52,0,394.9,0,
30-04-2022,Toys,378.9,605.3,41.58,0,387.8,0,
01-05-2022,Toys,349.2,611.2,43.3,0,326.7,0,
02-05-2022,Toys,309.8,625.5,42.06,0,309.5,0,
03-05-2022,Toys,494,621.6,41.17,1,488.8,0,
04-05-2022,Toys,383.2,609.6,42,0,392.2,0,
05-05-2022,Toys,414.3,601.2,42.1,0,404.5,0,
06-05-2022,Toys,592.5,598.6,42.39,1,561.5,0,
07-05-2022,Toys,356.7,623.4,41.14,0,322.1,0,
08-05-2022,Toys,350.5,628.9,42.81,0,357.2,0,
09-05-2022,Toys,330,631.9,42.17,0,323.2,0,
10-05-2022,Toys,360.7,621.8,43.3,0,353.5,0,
11-05-2022,Toys,367.8,626.1,41.92,0,383.8,0,
12-05-2022,Toys,379,630.3,42,0,368.7,0,
13-05-2022,Toys,428.5,614.5,41.93,0,405.9,0,
14-05-2022,Toys,468.3,631.7,43.12,1,445.4,0,
15-05-2022,Toys,383,632.4,42.64,0,345.4,0,
16-05-2022,Toys,341.3,639.4,41.45,0,313.4,0,
17-05-2022,Toys,372,632.8,44.32,0,337.2,0,
18-05-2022,Toys,376.5,620.6,41.52,0,352.6,0,
19-05-2022,Toys,595.4,621.8,41.62,1,541.7,0,
20-05-2022,Toys,432.1,611.1,42.88,0,410.3,0,
21-05-2022,Toys,386.2,609.8,41.93,0,354.9,0,
22-05-2022,Toys,376.8,607.7,41.16,0,391,0,
23-05-2022,Toys,338.7,610.4,43.1,0,352.5,0,
24-05-2022,Toys,344.1,603.6,43.75,0,340.8,0,
25-05-2022,Toys,417.5,582.3,41.2,0,426.2,0,
26-05-2022,Toys,550.7,591.1,43.09,1,551.5,0,
27-05-2022,Toys,419.7,592.9,41.65,0,428.8,0,
28-05-2022,Toys,400.2,596.9,40.31,0,398.6,0,
29-05-2022,Toys,370.7,609.3,42.61,0,357.6,0,
30-05-2022,Toys,379.9,609.7,40.49,0,391.7,0,
31-05-2022,Toys,401,610.6,41.45,0,387.2,0,
01-06-2022,Toys,414.1,610.8,41.83,0,397.3,0,
02-06-2022,Toys,434.1,604.8,42.04,0,431.3,0,
03-06-2022,Toys,425,600,42.98,0,442.3,0,
04-06-2022,Toys,427.1,606.2,41.55,0,412.7,0,
05-06-2022,Toys,426.1,605.8,43.24,0,420.3,0,
06-06-2022,Toys,374.1,617,41.99,0,364.3,0,
07-06-2022,Toys,391.5,601.8,41.15,0,405.8,0,
08-06-2022,Toys,432.1,583.9,42.56,0,432.7,0,
09-06-2022,Toys,465.6,575.9,43.58,0,448.3,0,
10-06-2022,Toys,441.3,581.2,41.68,0,437.3,0,
11-06-2022,Toys,657.6,586.8,41.19,1,607.3,0,
12-06-2022,Toys,396.9,607.6,41.58,0,377.5,0,
13-06-2022,Toys,392.5,598.2,40.6,0,396.6,0,
14-06-2022,Toys,1393.9,594.1,42.32,0,383.4,1,demand_spike
15-06-2022,Toys,437.1,580.5,40.76,0,414,0,
16-06-2022,Toys,469,578.3,42.6,0,447.6,0,
17-06-2022,Toys,426.3,586.9,41.84,0,435.5,0,
18-06-2022,Toys,430.9,586.7,42.65,0,422.7,0,
19-06-2022,Toys,399.8,590.5,41.84,0,374.2,0,
20-06-2022,Toys,389.3,593.3,42.47,0,367.7,0,
21-06-2022,Toys,397.2,591.6,41.23,0,385.4,0,
22-06-2022,Toys,409.8,586.2,42.3,0,415.7,0,
23-06-2022,Toys,452.7,581.5,41.51,0,475.1,0,
24-06-2022,Toys,434.5,592.9,42.58,0,403.1,0,
25-06-2022,Toys,455.1,585.1,41.94,0,461.2,0,
26-06-2022,Toys,421.4,594,42.99,0,418.3,0,
27-06-2022,Toys,383.8,609.2,41.85,0,376,0,
28-06-2022,Toys,389.4,607.8,41.43,0,406.9,0,
29-06-2022,Toys,445,591.2,42.18,0,422,0,
30-06-2022,Toys,442.8,588.4,44.04,0,410.2,0,
01-07-2022,Toys,487.7,577.9,42.97,0,503.1,0,
02-07-2022,Toys,,597.9,41.39,0,373.6,0,
03-07-2022,Toys,405,596.3,42.06,0,414.1,0,
04-07-2022,Toys,401.9,598.7,41.5,0,397.2,0,
05-07-2022,Toys,414.3,595.7,41.33,0,383,0,
06-07-2022,Toys,449.2,585.4,42.08,0,419.6,0,
07-07-2022,Toys,457.5,573.8,41.85,0,422.4,0,
08-07-2022,Toys,461.7,573.7,41.19,0,465.3,0,
09-07-2022,Toys,441.1,569.9,41.51,0,406.8,0,
10-07-2022,Toys,415.2,582.8,42.11,0,416.1,0,
11-07-2022,Toys,402,584,41.58,0,369.5,0,
12-07-2022,Toys,419,579.6,42.05,0,427.6,0,
13-07-2022,Toys,411.7,578.9,41.48,0,427.4,0,
14-07-2022,Toys,475.4,561.4,42.46,0,467.8,0,
15-07-2022,Toys,473.6,555.9,41.49,0,494.9,0,
16-07-2022,Toys,455.7,570.5,42.6,0,436.8,0,
17-07-2022,Toys,2235.2,567.8,41.82,1,582.4,1,demand_spike
18-07-2022,Toys,429.1,579.4,40.26,0,397.6,0,
19-07-2022,Toys,427.2,574.4,41.84,0,415.2,0,
20-07-2022,Toys,459.1,562.9,42.49,0,422.2,0,
21-07-2022,Toys,460,558.9,41.6,0,474.5,0,
22-07-2022,Toys,486.9,547.8,41.9,0,495.5,0,
23-07-2022,Toys,475.9,553.2,42.59,0,468.5,0,
24-07-2022,Toys,395.9,579.6,43.34,0,399.1,0,
25-07-2022,Toys,453.1,564.4,43.04,0,411.2,0,
26-07-2022,Toys,434.5,565.7,42.16,0,404.3,0,
27-07-2022,Toys,461.9,558.1,42.54,0,458.8,0,
28-07-2022,Toys,772.9,544.6,42.14,1,750.9,0,
29-07-2022,Toys,477.7,556.5,40.8,0,473.3,0,
30-07-2022,Toys,458,557.8,43.13,0,418.3,0,
31-07-2022,Toys,445.9,559,43.17,0,445,0,
01-08-2022,Toys,712.4,551.2,40.65,1,727,0,
02-08-2022,Toys,429.9,559,41.74,0,422.1,0,
03-08-2022,Toys,443.2,558.2,43.36,0,422.6,0,
04-08-2022,Toys,499.6,546.8,42.25,0,462.7,0,
05-08-2022,Toys,1371.4,558.3,41.22,0,419.8,1,demand_spike
06-08-2022,Toys,465.4,549.3,43.09,0,455.3,0,
07-08-2022,Toys,432,565.3,42.16,0,405.3,0,
08-08-2022,Toys,438.4,564.1,43.15,0,445.7,0,
09-08-2022,Toys,435.7,563.8,42.14,0,400.7,0,
10-08-2022,Toys,,559.6,40.25,0,427.1,0,
11-08-2022,Toys,489.2,542.1,43.58,0,476.7,0,
12-08-2022,Toys,469.7,547.2,41.13,0,432.5,0,
13-08-2022,Toys,467.6,551,41.7,0,490.7,0,
14-08-2022,Toys,436.6,560.3,43.07,0,446.8,0,
15-08-2022,Toys,442.5,554,43.98,0,423.9,0,
16-08-2022,Toys,426.2,556.2,42.01,0,427.4,0,
17-08-2022,Toys,403.5,557.5,42.37,0,406.5,0,
18-08-2022,Toys,459.5,540,41.07,0,458.4,0,
19-08-2022,Toys,485.1,412.5,41.83,0,468.1,0,
20-08-2022,Toys,457.3,428.3,42.99,0,472.3,0,
21-08-2022,Toys,464.3,427.9,42.32,0,86.3,1,supplier_delay
22-08-2022,Toys,411,433.8,43.52,0,403.3,0,
23-08-2022,Toys,443.7,429.8,40.89,0,399.5,0,
24-08-2022,Toys,469.7,561.9,40.85,0,438.5,0,
25-08-2022,Toys,481,572,41.49,0,469.6,0,
26-08-2022,Toys,490.3,407.2,41.53,0,507.4,0,
27-08-2022,Toys,581.9,411.1,42.87,1,578.5,0,
28-08-2022,Toys,447.6,411.3,41.72,0,75.3,1,supplier_delay
29-08-2022,Toys,419,420.4,41.07,0,380.1,0,
30-08-2022,Toys,436.4,416,42.4,0,431.8,0,
31-08-2022,Toys,449.5,576.6,41.42,0,428.2,0,
01-09-2022,Toys,471.5,567.5,41.14,0,462.3,0,
02-09-2022,Toys,470.2,578.9,42.96,0,477.3,0,
03-09-2022,Toys,462.2,579.2,43.15,0,471.7,0,
04-09-2022,Toys,466.7,581.4,42.89,0,480.5,0,
05-09-2022,Toys,421,597.4,41.36,0,419.1,0,
06-09-2022,Toys,446.3,578.7,41.57,0,462.3,0,
07-09-2022,Toys,648.8,585.3,42.52,1,651.2,0,
08-09-2022,Toys,478.1,570.9,42.69,0,486.5,0,
09-09-2022,Toys,483.8,564.7,41.87,0,485.2,0,
10-09-2022,Toys,463.4,568.3,43.08,0,477.7,0,
11-09-2022,Toys,428,575.3,40.34,0,399.5,0,
12-09-2022,Toys,451.5,567.1,41.58,0,457.8,0,
13-09-2022,Toys,594.8,565.1,43.93,1,545.8,0,
14-09-2022,Toys,449.5,570.6,42.05,0,410.7,0,
15-09-2022,Toys,696.6,567,41.66,1,678.3,0,
16-09-2022,Toys,485,559.8,42.46,0,458.4,0,
17-09-2022,Toys,441.3,568.8,41.26,0,434.4,0,
18-09-2022,Toys,420.7,572.1,40.1,0,421.4,0,
19-09-2022,Toys,386,578,44.59,0,360.5,0,
20-09-2022,Toys,419.3,562,41.34,0,421.4,0,
21-09-2022,Toys,464.9,553,42.25,0,487.8,0,
22-09-2022,Toys,,552.1,42.21,0,467.7,0,
23-09-2022,Toys,508.4,540,42.48,0,470.8,0,
24-09-2022,Toys,447.4,434.1,41.4,0,445.1,0,
25-09-2022,Toys,677.5,443.2,39.89,1,610.8,0,
26-09-2022,Toys,497.2,452.3,41.51,1,67.7,1,supplier_delay
27-09-2022,Toys,379.8,460.4,42.09,0,372.2,0,
28-09-2022,Toys,434.8,456.5,42.15,0,454.8,0,
29-09-2022,Toys,446.6,580.3,43.38,0,451.3,0,
30-09-2022,Toys,469.7,572.5,41.83,0,472.5,0,
01-10-2022,Toys,471.3,575.2,42.24,0,461.8,0,
02-10-2022,Toys,418,595.5,41.4,0,408.4,0,
03-10-2022,Toys,414.2,592.2,41.56,0,434.4,0,
04-10-2022,Toys,408.8,593.7,43.75,0,369.2,0,
05-10-2022,Toys,449.2,581.7,41.46,0,424.7,0,
06-10-2022,Toys,494.2,579.8,41.75,0,454.7,0,
07-10-2022,Toys,485.2,585.8,42.98,0,459.6,0,
08-10-2022,Toys,433,606.9,43.67,0,419.8,0,
09-10-2022,Toys,441.6,602.4,42.75,0,420,0,
10-10-2022,Toys,406.8,609,42.75,0,424.8,0,
11-10-2022,Toys,427.3,600.8,41.01,0,428.2,0,
12-10-2022,Toys,409.9,608.7,42.5,0,413.7,0,
13-10-2022,Toys,594.3,604.9,41.81,1,601,0,
14-10-2022,Toys,456.3,595.1,42.46,0,472.3,0,
15-10-2022,Toys,436,611.1,41.83,0,442.6,0,
16-10-2022,Toys,416.2,621.4,41.58,0,375.6,0,
17-10-2022,Toys,393,633.4,40.84,0,369.1,0,
18-10-2022,Toys,393.3,638,41.99,0,412.3,0,
19-10-2022,Toys,412.8,412.3,42.21,0,411.9,0,
20-10-2022,Toys,427.8,409,40.31,0,389.4,0,
21-10-2022,Toys,451.6,406.5,41.55,0,51.4,1,supplier_delay
22-10-2022,Toys,427.5,410.4,41.84,0,447.6,0,
23-10-2022,Toys,395,417.6,42.55,0,414.3,0,
24-10-2022,Toys,521.5,644.7,41.57,1,503.2,0,
25-10-2022,Toys,401.4,636.7,42.59,0,415,0,
26-10-2022,Toys,621,629,42.3,1,614.1,0,
27-10-2022,Toys,418.5,628.9,42.8,0,408.6,0,
28-10-2022,Toys,440.7,618.1,41.62,0,423.9,0,
29-10-2022,Toys,413.2,623,41.83,0,427.1,0,
30-10-2022,Toys,558.2,617.7,42.54,1,554.3,0,
31-10-2022,Toys,371.8,631,41.21,0,353.2,0,
01-11-2022,Toys,376.3,626.6,42.01,0,366.4,0,
02-11-2022,Toys,408,616.9,42.9,0,394.4,0,
03-11-2022,Toys,419.7,619.5,41.5,0,406.2,0,
04-11-2022,Toys,423,617.9,42.34,0,400.4,0,
05-11-2022,Toys,404.3,622.7,42.06,0,402.3,0,
06-11-2022,Toys,381.5,629.3,43.3,0,346.3,0,
07-11-2022,Toys,366.2,635.3,42.13,0,378.2,0,
08-11-2022,Toys,377.2,629.7,42.51,0,363,0,
09-11-2022,Toys,395.3,628.5,41.92,0,403.3,0,
10-11-2022,Toys,427.6,619.5,41.63,0,431.7,0,
11-11-2022,Toys,403.8,623.9,42.26,0,392,0,
12-11-2022,Toys,442.8,610.5,41.59,0,411.7,0,
13-11-2022,Toys,381.7,634.6,42.93,0,375.7,0,
14-11-2022,Toys,381.4,631.3,43.05,0,397.5,0,
15-11-2022,Toys,377.4,634.6,42.13,0,350.2,0,
16-11-2022,Toys,392.4,632.6,41.69,0,368.2,0,
17-11-2022,Toys,419.1,619.1,42.26,0,439.6,0,
18-11-2022,Toys,421.6,611.2,40.99,0,435.9,0,
19-11-2022,Toys,598.3,617.1,41.43,1,587.8,0,
20-11-2022,Toys,414.5,615.7,41.15,0,416.2,0,
21-11-2022,Toys,376.1,619.9,41.44,0,363.5,0,
22-11-2022,Toys,334.2,628.1,41.55,0,321,0,
23-11-2022,Toys,400.6,611.5,40.98,0,387.1,0,
24-11-2022,Toys,404.9,604.9,41.84,0,389.6,0,
25-11-2022,Toys,651.7,600.6,41.9,1,652.6,0,
26-11-2022,Toys,386.1,628.9,42.55,0,366.6,0,
27-11-2022,Toys,326,642.9,42.15,0,301.7,0,
28-11-2022,Toys,1478.5,645,43.25,0,345.5,1,demand_spike
29-11-2022,Toys,326.5,651.7,42.56,0,295.4,0,
30-11-2022,Toys,,636.7,44.03,1,440.1,0,
01-12-2022,Toys,386.5,637.7,41.1,0,363.1,0,
02-12-2022,Toys,407.2,633.6,42.9,0,378.1,0,
03-12-2022,Toys,388.6,645.1,40.75,0,371.9,0,
04-12-2022,Toys,537.7,662.5,42.96,1,493.4,0,
05-12-2022,Toys,351.7,667.3,42.39,0,336.8,0,
06-12-2022,Toys,379.9,661.6,41.87,0,347.7,0,
07-12-2022,Toys,,659.7,42.24,0,357.8,0,
08-12-2022,Toys,397.9,648.3,41.65,0,368.6,0,
09-12-2022,Toys,408.7,644.7,41.57,0,375.8,0,
10-12-2022,Toys,366.2,658.5,42.43,0,361.4,0,
11-12-2022,Toys,330,658.7,40.7,0,328,0,
12-12-2022,Toys,341.6,663,42.34,0,307.7,0,
13-12-2022,Toys,333,668.7,41.96,0,319.1,0,
14-12-2022,Toys,374.5,658.9,41.79,0,341.4,0,
15-12-2022,Toys,395,663,41.65,0,399.2,0,
16-12-2022,Toys,403.9,668.4,42.26,0,404.8,0,
17-12-2022,Toys,357.3,681.6,42.93,0,324.2,0,
18-12-2022,Toys,335.3,685.4,43.94,0,349.1,0,
19-12-2022,Toys,416.2,689.8,43.01,1,434.5,0,
20-12-2022,Toys,330.5,697.7,42.76,0,314,0,
21-12-2022,Toys,362.7,687.3,41.4,0,333.5,0,
22-12-2022,Toys,399.5,680.7,41.56,0,366.4,0,
23-12-2022,Toys,379.2,695.3,42.06,0,389.1,0,
24-12-2022,Toys,341.6,711.5,42.44,0,330.9,0,
25-12-2022,Toys,305.9,714.3,41.68,0,275.7,0,
26-12-2022,Toys,301,709.7,43.06,0,312.7,0,
27-12-2022,Toys,305.2,718.4,41.5,0,301.8,0,
28-12-2022,Toys,360.7,702.3,41.01,0,362,0,
29-12-2022,Toys,370,701.2,42.94,0,378.7,0,
30-12-2022,Toys,376.8,702,42.26,0,385.4,0,
31-12-2022,Toys,371.8,710.6,41.82,0,338.8,0,
01-01-2023,Toys,357.4,711,40.91,0,352.4,0,
02-01-2023,Toys,314.7,721.8,42.89,0,316.1,0,
03-01-2023,Toys,335.6,710.5,44.07,0,306.3,0,
04-01-2023,Toys,350.5,695.7,42.48,0,327.1,0,
