order_date,category,units_sold,inventory_on_hand,unit_price,_injected_anomaly
"Oct 15, 2024",TOYS,134,NULL,$26.09,
09-09-2023,electronics,160,452,$250.26,
09-May-25,TOYS,181,439,$25.56,
05/17/2024, Electronics ,312,751,254.84,
01-Apr-24, Toys ,190,525,$24.41,
18-Sep-23,Electroncs,159,357,"249,77",
10/23/2023,Groceries,429,713,"8,45",
02-02-2023,Groceries,637,1495,8.77,
2023.11.02,Electroncs,298,834,$242.61,
10/15/2024,FURNITURE ,97,192,$380.88,
2024.07.27,CLOTHING,272,731,$38.95,
04-11-2023,Toyz,235,380,25.65,
15-Sep-23,clothing,197,455,40.69,
01-Jul-24, groceries ,531,1333,8.43,
07-Jan-24,TOYS,146, ,23.86,
"Jun 18, 2025",CLOTHING,519,936,40.83,
31-01-2024, Clothing,424,,41.64,
"Oct 29, 2023",TOYS,109,203,24.72,
01-01-2025,FURNITURE ,148,424,380.3,
06-Feb-25,Groceries,665,1548,8.48,
"Apr 18, 2023",clothing,451,1302,41.05,
08/13/2024,CLOTHING,320,844,"39,86",
02-01-2023,Electroncs,219,549,255.04,
25-02-2023,GROCERIES ,589,1116,"8,89",
2024.11.24,furniture,122,305,382.56,
08-05-2024, Electronics ,424,1196,252.92,
01/20/2025, groceries ,597,1316,$8.70,
17-10-2024,GROCERIES ,418,647,8.71,
04-04-2024, Clothing,430,752,$39.88,
2025.04.30, groceries ,818,1760,8.77,
"Jun 30, 2025",groceries,536,1595,8.77,
07-02-2023,Grocery,498, ,8.32,
09/19/2023, Electronics ,210, ,"245,76",
2023.06.24,Furnitature,98,174,$398.37,
2023.04.27,Toyz,199,310, ,
14-Feb-23,Toyz,206,570,25.31,
"May 11, 2023", Clothing,-416,938,40.16,
"Apr 30, 2023", furniture,-110,215,407.11,
08/17/2024,Furnitature,80,160,"380,38",
15-05-2024, groceries ,716,2015,8.57,
2023.09.29,Furnitature,65,128,415.59,
"Oct 13, 2024",Groceries,318,492,8.89,
"Apr 07, 2023",CLOTHING,369,695,$39.19,
2024.10.12, Clothing,188,547,$39.99,
16-Dec-23, furniture,109,316,418.34,
23-Oct-23,electronics,192,328,249.05,
15-05-2025,furniture,170,326,$385.68,
17-Jun-25, groceries ,720,1758,8.8,
06/22/2024,Groceries,533,1095,8.46,
2023.12.16,groceries,639,null,8.54,
"Nov 30, 2024",Furnitature,120,344,$394.64,
06/13/2024,ELECTRONICS,334,771,"243,24",
"May 07, 2023", Clothing,370,?,"41,26",
05-04-2024,GROCERIES ,618,1601,$8.66,
"Oct 06, 2024", furniture,70,202,"393,23",
01-10-2024,Electroncs,-303,900,$241.03,
2024.10.29,Toys,150,265,25.24,
03/27/2025,Cloting,539,1533,$40.31,
2024.04.27,Grocery,633,1892,8.6,
03/22/2024,GROCERIES ,599,1149,$8.08,
09-11-2023,FURNITURE ,138,341,418.93,
05-04-2023,TOYS,216,349,25.7,
12-09-2023,electronics,223,584,$248.29,
22-May-25,Groceries,719,1960,8.39,
02/23/2023,FURNITURE ,125,374,"395,90",
"Nov 04, 2024", Electronics ,334,N/A,238.09,
06/30/2024,Electroncs,248,527,"237,88",
2024.08.21,TOYS,159,437,25.3,
11-08-2024,Toys,171,489,24.41,
27-Aug-24,Furniture,100,214,406.8,
03/25/2025,Furnitature,163,310,398.13,
2023.05.10,Toyz,244,603,24.7,
02-Feb-24,Cloting,340,968,$39.20,
10-11-2023,clothing,282,595,$41.48,
09-05-2023,FURNITURE ,92,269,380.06,
2023.04.27,groceries,653,1562,8.31,
2024.04.08,toys,213,593,25.84,
15-Jan-24, furniture,111,259,401.79,
28-Mar-23,Furnitature,157,261,381.94,
20-05-2025,CLOTHING,437, ,38.78,
29-04-2023, Toys ,177,268,26.15,
03-Feb-24,GROCERIES ,554,1133,$8.57,
01-09-2024,CLOTHING,363,598,39.96,
"Jun 01, 2025",furniture,126, ,400.65,
"Feb 07, 2025",Furniture,119,242,$400.82,
29-11-2024, groceries ,535,1235,$8.74,
02/18/2025,Toyz,248,429,24.07,
15-03-2025,Toys,186,490,24.13,
06/26/2023,Electronics,250,516,261.59,
08/19/2023,Grocery,390,616,"8,66",
05-06-2024,Toyz,186,480,$25.24,
2025.02.15, groceries ,634, ,$8.38,
"Aug 26, 2023",GROCERIES ,369,1098,$8.90,
02-May-24,electronics,391,800,$256.95,
"Nov 04, 2024",toys,204,551,$25.53,
2023.09.13, furniture,88,233,$400.53,
18-Oct-23, Toys ,128,265,$24.63,
10-Mar-24,Furnitature,119,269,388.48,
22-01-2024,GROCERIES ,590,1691,"8,55",
"Nov 14, 2023",electronics,361,872,246.02,
22-Aug-24, Toys ,134,343,$25.32,
31-08-2023,CLOTHING,291,685,$40.32,
17-02-2025,ELECTRONICS,347,762,256.01,
01-05-2023,TOYS,173,487,25,
16-Oct-23,Grocery,360,677,$8.26,
02/21/2025,FURNITURE ,149,322,$390.94,
01-May-25,Electronics,469,774,257.57,
2025.01.06,electronics,316,825,$239.62,
09/20/2023,Cloting,281,635,$41.89,
03/19/2025, Clothing,563,1271,39.58,
2024.08.31,clothing,240,703,40.81,
30-05-2025,TOYS,182,505,$25.10,
12/13/2023,CLOTHING,536,899,38.6,
"May 19, 2024",GROCERIES ,592,1286,8.46,
15-Sep-24,Cloting,221,352,40.3,
01-01-2025,Toys,229,541,24.63,
04-May-23,groceries,-707,1267,8.51,
07-May-24,electronics,403,1134,$237.72,
2023.03.21, Electronics ,334,957,$247.68,
11/18/2024, Clothing,369,1060,41.45,
"Mar 05, 2025",Toys,262,651,$24.23,
12-Mar-25, Electronics ,457,828,$240.24,
10-09-2024, Toys ,151,274,25.83,
02/14/2024,TOYS,235,457,25.09,
"May 30, 2025",Groceries,534,,8.4,
"Jan 09, 2023",Toyz,134,227,24.86,
01-05-2024,FURNITURE ,168,495,386.45,
21-Jul-24,Cloting,280,729,$39.76,
07-03-2023,toys,152,333,25.74,
2023.05.23, Electronics ,345,578,260.05,
03-May-24, Toys ,188,315,null,
05/22/2024,Furniture,147,246,417.13,
06-12-2024,Cloting,403,626,$38.64,
2023.07.19,clothing,361,1079,$41.44,
03-01-2023,Groceries,559,1040,8.55,
10/26/2024, Electronics ,195,496,242.13,
"Jun 28, 2023",CLOTHING,402,780,"38,84",
07/19/2024,Furnitature,85,210,404.61,
2024.10.05,CLOTHING,207,616,"39,76",
05/26/2023,Toys,139,316,?,
2024.06.13,Furnitature,135,254,$380.54,
2024.09.12,electronics,231,391,239.97,
2024.10.08, Electronics ,238,362,$254.30,
2024.06.14,Toys,143,420,26.03,
16-10-2023,CLOTHING,na,379,"40,84",
2024.04.16, Toys ,260,746,26.17,
"Aug 10, 2023", Electronics ,208,375,261.03,
2023.02.09,GROCERIES ,690,1430,8.8,
"Oct 24, 2024",Cloting,240,380,na,
2024.02.09,Grocery,569,1615,$8.59,
11-03-2023, groceries ,580,1274,8.17,
2025.01.05, Electronics ,313,521,245.62,
"Aug 25, 2023",GROCERIES ,353,753,8.57,
07-08-2024, groceries ,492,900,$8.43,
04/20/2023,toys,-198,342,26.19,
04-09-2023, furniture,119,NULL,408.56,
24-10-2023,Grocery,497,na,8.1,
12/14/2023,Clothing,388,667,$38.43,
"Dec 27, 2024",CLOTHING,397,817,41.39,
2024.01.21,CLOTHING,339,561,?,
2024.09.07,Grocery, ,993,8.74,
04-04-2024,TOYS,234,533,$24.43,
23-Jun-25,Groceries,525,811,"8,60",
"Jan 21, 2024", furniture,100,203,"402,50",
"Mar 18, 2024",FURNITURE ,129,282,389.52,
2023.10.09, Toys ,-105,215,25.06,
15-04-2024,Toyz,197,305,24.02,
01-Jul-23,GROCERIES ,455, ,$8.59,
19-Mar-25,FURNITURE ,171,496,$380.35,
2024.09.08,Clothing,225,597,39.25,
05/21/2023, Electronics ,253,416,"246,68",
02/21/2025,Toys,187,417,24.29,
2025.01.12,groceries,502,1458,8.28,
2025.06.20,CLOTHING,-354,970,39.49,
21-04-2024,Groceries,647,1171,8.14,
2023.09.04,Clothing,-227,441,"40,48",
20-Feb-25,Grocery,637,1803,8.49,
22-09-2024,Groceries,null,564,$8.63,
11-09-2024,Electronics,267,N/A,$259.43,
10/30/2024,groceries,470,953,$8.79,
22-03-2023,Electroncs,369,654,257.48,
"May 10, 2023",Clothing,524,899,39.59,
03-Jan-25,Electroncs,251,517,242.01,
01-09-2023,Furnitature, ,232,$382.78,
01/25/2024, furniture,137,na,$382.90,
05-Feb-23,Toyz,184,476,25.31,
08-May-25, groceries ,null,1575,8.51,
2024.01.28,Toyz,183,532,24.56,
25-Jul-23,Toys,156,428,25.11,
17-04-2024, furniture,175,301,396.57,
18-Sep-23,Groceries,377,861,$8.22,
"Jun 29, 2025",TOYS,157,299,24.76,
10-Mar-23,Grocery,616,?,8.8,
20-May-23,Electroncs,272,na,$240.54,
08-Jun-25,TOYS,189,,24.5,
"Jun 03, 2023",Electroncs,249,649,254.29,
"Aug 13, 2024", groceries ,2239,6356,8.37,spike
03-Dec-23,Cloting,350,736,$39.69,
2024.08.12,Toys,703,1550,25.79,spike
01-Sep-24, groceries ,379,914,8.32,
2024.05.10, groceries ,582,1009,8.8,
03/27/2023,CLOTHING,359,860,$41.77,
2024.08.20,furniture,111,257,384.85,
2025.05.26,electronics,365,1053,241.75,
"Nov 27, 2023",Toyz,182,461,24.86,
28-Sep-23,Electronics,189,529,241.22,
20-03-2023, Toys ,176,283,$25.41,
13-Dec-23,ELECTRONICS,386,825,243.55,
28-Oct-23,Electronics,167,374,$262.39,
2025.04.14, Electronics ,390,647,240.57,
30-Nov-24,Toys,208,376,25.13,
2023.01.24, Electronics ,303,496,$250.75,
"Mar 26, 2023",Electronics,293,593,$257.61,
10-02-2024,ELECTRONICS,262,446,258.92,
26-05-2025,Groceries,644,1226,8.53,
31-07-2024,CLOTHING,355,837,$39.09,
08-Jul-23,FURNITURE ,82,214,"408,90",
09-Dec-24,electronics,328,667,"250,54",
12/31/2023,furniture,122,204,411.02,
30-06-2023,toys,148,380,$24.32,
05/19/2025,Furniture,133,366,$404.55,
2024.02.21,Clothing,512,936,$39.05,
"Jun 27, 2024",FURNITURE ,110,248,"399,68",
"Sep 09, 2024",Grocery,419,1064,"8,65",
2023.08.16,Electroncs,231,667,"244,35",
05-04-2025,ELECTRONICS,335,911,"256,22",
29-01-2023,clothing,297,574,39.19,
"Nov 13, 2023",Electroncs,279,740,259.67,
"Dec 11, 2024",Electronics,441,na,242.87,
08-08-2023,Electroncs,247,539,$245.50,
02/21/2024,Electroncs,409,1223,$251.49,
"Jun 05, 2023",Cloting,333,572,39.87,
01-Mar-25,TOYS,178,NULL,24.11,
2023.04.23,FURNITURE ,118,218,406.32,
2024.03.26,Furniture,149,NULL,381.53,
11/15/2023,Electroncs,374,,239.52,
14-Dec-24, groceries ,646,1663,$8.64,
23-May-25,clothing,403,1122,$38.13,
17-10-2024,FURNITURE ,92,165,$388.47,
2023.08.22,toys,138,378,23.79,
06-Jan-23,Toys,-127,207,24.76,
"Apr 09, 2023", groceries ,766,1951,$8.08,
02-10-2023,groceries,380,796,$8.20,
18-Feb-24,Furnitature,122,184,410.78,
2024.10.12, Electronics ,191,464,null,
08-Jan-25, furniture,138,257,"395,57",
09-Nov-24, Toys ,177,402,25.96,
"Dec 14, 2023",electronics,380,844,$249.85,
"Jan 04, 2023", Clothing,388,659,41.73,
"May 28, 2023",TOYS,162,423,$23.71,
2024.06.29,CLOTHING,298,792,$40.39,
"Sep 01, 2023",FURNITURE ,73,164,"391,82",
08-Nov-24, Clothing,349,1022,$38.83,
"Apr 12, 2025",Toys,204,475,$24.28,
18-03-2024,Clothing,413,861,$38.74,
2023.05.16,Furniture,146,315,$391.71,
"Nov 11, 2024",FURNITURE ,130,315,399.13,
2025.01.29,toys,252,662,$24.46,
29-05-2023, Clothing,361,891,41.45,
09-11-2024,toys,143,420,$25.31,
07/28/2023,FURNITURE ,79,212,383.26,
11-06-2024, furniture,159,339,385.9,
05-04-2024,TOYS,174,356,$24.30,
"Oct 29, 2024",Furniture,90,160,$398.60,
2023.04.16,Furniture,114,264,$392.42,
22-Oct-24,Toyz,142,323,,
01-06-2025,GROCERIES ,625,1838,8.54,
09-Jul-23,Grocery,499,1456,8.07,
04-10-2023,Grocery,685,1598,8.3,
2023.12.27,Furniture,170,435,$396.81,
03/20/2025, furniture,159,434,407.32,
2024.05.29,toys,227,430,"25,08",
2023.03.02,Electroncs,302,517,261.2,
"Jun 06, 2024",furniture,125,232,380.18,
"May 25, 2025",FURNITURE ,131,241,416.93,
"Jul 25, 2023",Cloting,344,673,38.96,
10-11-2024,electronics,333,599,247.29,
31-10-2023, Clothing,283,625,"41,04",
29-Jul-23,Groceries,436,1224,$8.20,
15-08-2024,FURNITURE ,91,174,412.96,
2023.03.16,Cloting,426,1167,41.26,
01-04-2024, groceries ,697,1583,8.17,
"Dec 14, 2023",toys,232,409,24.02,
"Sep 22, 2023",GROCERIES ,315,866,$8.72,
"Jan 11, 2025",furniture,19,NULL,"409,95",drop
"Mar 05, 2024",Furnitature,147,298,408.12,
24-May-23,clothing,423,646,41.51,
2024.09.01,Furniture,66,157,$397.00,
"Mar 09, 2025", groceries ,660,1637,$8.60,
02-02-2024, Toys ,161,459,$23.84,
2025.05.24, groceries ,621,1498,"8,57",
2025.04.21,Toyz,209,418,$26.08,
12-06-2023,Toys,166,326,23.83,
15-09-2024, Toys ,104,270,24.85,
05-12-2024,Grocery,646,1658,8.22,
2023.11.09,Clothing,419,1104,39.3,
14-Sep-24,furniture,73,120,415.8,
"Nov 24, 2023",CLOTHING,336,648,40.07,
10-11-2024,FURNITURE ,107,281,$391.80,
27-Aug-23, Clothing,207,539,41.77,
12/23/2024,GROCERIES ,698,1347,8.31,
2025.01.19,GROCERIES ,600,na,8.49,
13-04-2025, Toys ,204,574,24.12,
2024.06.01, groceries ,46,108,8.87,drop
15-Apr-23,FURNITURE ,105,253,"410,50",
06/28/2024, furniture,104,268,402.98,
"Feb 09, 2023", Electronics ,302,819,$248.83,
05-11-2024,Electronics,307,721,$254.91,
20-Oct-24,Clothing,-224,367,$41.90,
03/19/2023,furniture,117,207,$406.29,
27-Nov-24, furniture,155,343,404.98,
"Jun 23, 2024",Grocery,539,922,$8.86,
2024.03.07,ELECTRONICS,,1161,247.96,
2024.08.23,Cloting,209,597,41.15,
22-Apr-24,Clothing,404,1197,40.76,
"Jul 19, 2024",Electronics,228,632,243.06,
2023.03.27,Toyz,190,399,$25.37,
"Jul 20, 2024",furniture,90,205,"384,07",
12-Feb-24,groceries,676,1094,$8.49,
03/21/2024,CLOTHING,439,737,38.22,
30-Dec-23,toys,197,514,$25.63,
2024.03.04, furniture,144,223,$386.24,
05-06-2024,Toyz,237,422,24.98,
21-11-2024,GROCERIES ,718,2112,8.5,
18-Aug-23, groceries ,-366,1092,8.68,
03-May-24, furniture,,?,$400.04,
21-Mar-23,toys,211,344,24.23,
"Nov 11, 2023",Furniture,105,190,394.63,
04-10-2023,Toyz,178,434,24.27,
10-02-2025,groceries,634,1452,$8.43,
09-01-2023, Clothing,188,499,"41,13",
16-Jun-24, Toys ,157,247,24.24,
05/20/2023,clothing,327,936,41.18,
10-06-2023, Toys ,95,265,25.13,
2025.02.24,Electroncs,380,586,$239.53,
01/25/2025, groceries ,497,890,"8,50",
25-11-2023,ELECTRONICS,265,448,$252.65,
2025.01.26,Groceries,589,1207,8.69,
"Aug 05, 2023",Groceries,401,819,8.36,
"Jan 12, 2025",Toyz,194,457,$26.12,
2025.06.23,Clothing,331,529,39.47,
03-08-2024,Electroncs,282,661,254.87,
2025.02.23,electronics,356,892,na,
20-05-2024,Cloting,397,,38.04,
19-12-2023,Electronics,,682,$238.61,
10-06-2023,CLOTHING,321,594,40.63,
2023.08.27,furniture,75,185,417.92,
2024.07.14,Cloting,307,845,38.12,
"Jan 25, 2024",toys,801,na,26.01,spike
"Mar 28, 2023",CLOTHING,476,1209,41.85,
2024.07.14,Electroncs,253,695,$261.29,
07/27/2023,clothing,312,713,40.04,
"Sep 07, 2023", Electronics ,196,583,258.89,
02/14/2025,GROCERIES ,620,1636,8.27,
13-02-2024,Toys,234,487,$24.06,
23-Nov-24,ELECTRONICS,284,481,239.38,
"Jan 20, 2025",furniture,126,198,406.19,
2023.12.05,toys,-249,681,24.36,
01-10-2023,furniture,66,157,383.85,
09-Jun-25,Electronics,322,861,245.39,
"Mar 31, 2024",Furnitature,-116,198,na,
2024.11.24,TOYS,185,312,25.55,
2023.12.11,Toys,222,492,$24.60,
29-08-2024,toys,134,368,23.9,
07-Sep-24,Toyz,116,329,$24.32,
12-01-2025,Furniture,126,376,410.07,
23-08-2023,electronics,234,654,257.58,
2025.04.07,Grocery,661,1684,$8.12,
2025.01.08, Electronics ,398,722,247.27,
2023.09.11, Electronics ,161,402,$258.41,
01/19/2025,electronics,?,811,255.31,
04/29/2025,Clothing,488,1185,$40.96,
25-02-2024,Toys,190,382,$24.12,
08-02-2023, Electronics ,258,607,250.46,
23-Jul-23,Grocery,404,962,8.87,
"Apr 12, 2024",Toys,183,462,24.63,
27-Sep-23,ELECTRONICS,218,541,$261.69,
2023.07.14,toys,,349,25.69,
11/13/2024,groceries,838,1988,$8.34,
17-03-2025, furniture,150,326,394.04,
07-04-2025,Furniture,151,277,"393,32",
2024.10.21,furniture,78,218,$400.43,
2024.01.25,Electroncs,305,778,240.29,
24-Jun-24,GROCERIES ,559, ,$8.60,
2023.04.21,Cloting,341,529,38.14,
2024.01.26,Toyz,169,310,$25.94,
20-Oct-24,TOYS,117,334,23.84,
13-01-2025,ELECTRONICS,335,575,242.52,
2025.05.04,groceries,642,1552,8.32,
2024.02.14,Grocery,848,1301,$8.64,
11/26/2024,GROCERIES ,704,1080,8.25,
2024.07.15,Electroncs,233,541,253.43,
10-10-2024,CLOTHING,263,,$40.42,
18-11-2023,CLOTHING,N/A,732,40.69,
"Feb 28, 2024",Toys,217,420,$25.84,
"Feb 04, 2025", Clothing,?,1015,38.06,
04-07-2024,Furniture,?,,394.54,
13-11-2024,ELECTRONICS,387,720,$242.96,
16-07-2024,electronics,273,418,NULL,
"Jan 04, 2025", Clothing,321,624,40.98,
2023.10.13,Electroncs,153,395,$260.80,
"Dec 19, 2024", Toys ,N/A,503,26.01,
11-Jun-23,FURNITURE ,96,209,406.99,
19-Jul-23,Groceries,614,1781,8.8,
01-02-2024,groceries,644,1531,8.58,
12-Sep-23,Furnitature,80,208,"412,94",
04-Mar-25,Electronics,449,898,258.69,
14-Oct-23,electronics,156,410,260.69,
09-06-2024,Groceries,536,950,"8,23",
11/19/2024,CLOTHING,437,781,38.93,
24-11-2023,Toyz,164,473,24.42,
05/14/2023,FURNITURE ,?,210,$406.46,
05/15/2023,FURNITURE ,96,250,$411.20,
"Apr 26, 2024",CLOTHING,352,680,40.18,
28-05-2025,Groceries,757,1973,8.3,
03/20/2024,GROCERIES ,772,2271,$8.12,
16-Apr-24,Grocery,724,2036,8.19,
06-10-2025, Electronics ,392,874,$243.63,
23-Feb-24,Toys,183,456,$24.39,
"May 07, 2024",toys,237,657,$24.51,
10/29/2024,electronics,223,543,262.21,
"Feb 15, 2025",TOYS,186,540,25.82,
16-05-2023,clothing,438,877,39.68,
08-Sep-23,GROCERIES ,343,781,8.12,
05/17/2025,Cloting,408,1122,41.3,
15-03-2025,electronics,321,524,$238.21,
09-Jul-23,furniture,81,223,$380.17,
2024.03.28,Furnitature,na,431,na,
2023.02.06,clothing,333,720,39.02,
08-Jan-23,FURNITURE ,91,151,396.39,
04-11-2025,Grocery,576,1723,8.1,
19-05-2025,Toys,na,470,26.09,
13-01-2023,Electroncs,204,521,$244.40,
"Dec 21, 2023",Grocery,697,1842,8.9,
"Jun 02, 2025",furniture,132,199,$398.84,
06/15/2023,CLOTHING,386,758,$40.88,
2023.01.09,groceries,534, ,8.82,
"Jun 05, 2025",furniture,167,500,403.24,
"Nov 25, 2024",TOYS,184,463,25.43,
2023.04.08,Cloting,326,768,38.19,
07-04-2024,Groceries,609,1003,"8,83",
09-04-2023,Electronics,174,383,253.74,
2024.02.08,CLOTHING,405,1087,39.97,
04/21/2024,electronics,319,709,$252.00,
14-05-2023, Toys ,167,475,25.38,
14-11-2024,furniture,148,,"386,51",
2023.08.28, furniture,79,126,408.92,
2024.08.07, Electronics ,274,736,$250.83,
09-11-2023,Groceries,691,1047,"8,22",
2024.03.26,Grocery,857,2379,$8.33,
"Oct 10, 2024",Furniture,94,172,411.53,
11/15/2024,groceries,577,922,$8.27,
"Feb 24, 2024", Toys ,181,337,$24.06,
07/22/2024, Electronics ,262,476,242.01,
2024.10.10,Electronics,201,364,257.2,
04/13/2023,Grocery,709,1650,8.1,
01-01-2025,Electroncs,330,707,$254.11,
07-Oct-23, Toys ,-97,212,24,
08-11-2024,toys,125,null,24.63,
18-Aug-24, furniture,86,177,$391.97,
12-05-2024,Furniture,119,282,407.31,
09/20/2024,toys,93,151,24.63,
"Aug 01, 2024",electronics,261,772,$248.73,
25-03-2024,TOYS,205,605,24.43,
12/31/2023,furniture,122,204,411.02,
23-03-2025,Groceries,658,1188,$8.29,
31-Jul-23,groceries,439,1279,$8.73,
30-09-2024,Electroncs,190,427,$240.05,
2024.06.14,Clothing,339,803,39.82,
2025.06.29, furniture,-104,265,393.96,
2024.06.08,Clothing,358,648,41.28,
11-04-2025,ELECTRONICS,334,691,$261.43,
18-Oct-24,GROCERIES ,362,955,$8.64,
"Apr 28, 2023", groceries ,583,1657,$8.68,
"Aug 17, 2023", Clothing,275,555,39.69,
08-06-2025,CLOTHING,346,,$38.40,
16-09-2024,CLOTHING,227,561,39.43,
08/22/2023,Grocery,496,846,"8,23",
"Dec 09, 2023",groceries,665,1530,8.52,
"Dec 16, 2024",clothing,468,1372, ,
23-Jan-24,Toyz,213,530,25.91,
"Jul 01, 2023",TOYS,134,379,25.6,
27-09-2024,Grocery,305,492,$8.07,
20-Jan-23,Toyz,136,314,24.67,
12-Jul-24,Groceries,446,810,8.5,
09/13/2023,toys,132,296,25.78,
2023.04.26,electronics,371,757,$239.61,
07-Mar-24,Cloting,440,1198,40.47,
05-Oct-24,electronics,155,301,$242.13,
"May 13, 2023",Cloting,342,552,41.28,
21-Jul-24,furniture,90,262,$407.55,
05/17/2024, Electronics ,312,751,254.84,
"Oct 12, 2023",CLOTHING,248,485,41.29,
17-Jan-25,Grocery,596,1278,8.28,
15-Aug-23,Furnitature,83,162,396.43,
2023.04.12,TOYS,253,398,$24.43,
2023.01.12,TOYS,-175,384,25.23,
2023.08.29,Cloting,254,623,39.89,
24-Jul-23,Furniture,87,195,$379.25,
2024.09.22,furniture,76,189,"408,43",
"Jan 10, 2023",toys,158,364,$25.54,
2025.06.20,CLOTHING,-354,970,39.49,
02-05-2024,Groceries,-749,2008,8.5,
2023.09.14,TOYS,134,313,$26.16,
17-Apr-25,clothing,481,na,41.73,
20-04-2023, furniture,120,241,382.61,
"Sep 20, 2024",Cloting,217,641,$39.70,
14-04-2025, Clothing,426,null,"38,57",
14-Aug-23,CLOTHING,249,460,"41,06",
06-Apr-25,Toys,?,466,24.05,
"Jan 24, 2023",Furniture,121,342,$385.26,
"Oct 18, 2024",Electroncs,170,381,$243.83,
01-04-2024,Furniture,113,264,391.84,
27-Aug-23,toys,112,325,26,
2024.01.14,ELECTRONICS,na,552,244.56,
23-Apr-23,Electronics,268,739,238.85,
"Jul 13, 2023",clothing,330,865,$38.74,
"Aug 30, 2024",Electronics,157,402,"247,02",
16-11-2023,Clothing,90,255,$38.65,drop
"Aug 09, 2024",furniture,75,219,$380.33,
24-07-2024, groceries ,619,1619,8.18,
"May 09, 2023",electronics,24,40,"252,53",drop
"Dec 12, 2024",Clothing,441,806,38.05,
23-11-2023,ELECTRONICS,317,873,$256.43,
"Jul 30, 2024",CLOTHING,-347,584,$41.04,
05-08-2023,electronics,198,522,253.72,
2023.02.15,Furniture,122,322,407.49,
28-Mar-25,Cloting,369,776,$38.22,
04-Jul-24, Clothing,-309,642,40.28,
"Sep 09, 2024",FURNITURE ,77,209,395.26,
"Jan 05, 2025", Toys ,162,449,25.93,
"Feb 14, 2023", Electronics ,339,822,NULL,
02-Apr-24, Toys ,254,461,$25.18,
14-Dec-23,FURNITURE ,140,397,416.2,
"Mar 11, 2025", Clothing,528,1132,39.59,
"Jan 13, 2025",Furniture,125,305,"383,18",
2024.04.09,Furnitature,166,414,399.91,
08-Jan-25,Clothing,481,846,40.65,
2024.05.12, Electronics ,330,956,247.14,
05-May-24,electronics,309,510,244.68,
2023.04.18, furniture,148,420,"404,17",
16-Jan-25,Electroncs,351,949,244.24,
22-03-2024,electronics,330,606,$246.60,
28-03-2023,GROCERIES ,868,1337,8.16,
09-02-2024,Electronics,240,488,$257.24,
04-03-2024,groceries,914,1884,8.46,
"Feb 23, 2025",GROCERIES ,589,?,"8,55",
2025.01.31,Groceries,552,1543,"8,79",
21-05-2024,Toys,243,545,na,
17-Mar-25,CLOTHING,438,1220,39.1,
11-04-2024,clothing,484,1174,"39,07",
22-02-2024, furniture,150,311,$417.61,
28-Nov-24,Clothing,452,699,$41.23,
"Jun 03, 2025", Toys ,234,599,$26.08,
"Jan 10, 2023",toys,158,364,$25.54,
23-Sep-23,Groceries,328,659,$8.21,
"Jul 29, 2023", Toys ,112,na,25.93,
2024.08.02,FURNITURE ,82,180,409.11,
05-Jul-24, Toys ,9,19,25.5,drop
"Dec 03, 2023", Electronics ,345,932,256.91,
22-06-2024,TOYS,172,308,$23.93,
2025.03.30, Electronics ,371,856,248.65,
"Jul 29, 2023", Electronics ,191,496,$260.26,
08-Oct-23, Clothing,216,570,$38.34,
"Jan 11, 2023",Electroncs,-296,NULL,"260,48",
07-Sep-23, furniture,72,122,$405.24,
2023.09.27,Furniture,98,268,382.24,
"Oct 11, 2024",Electronics,194,364,249,
"Jun 17, 2024", Electronics ,289,546,250.21,
"May 24, 2024",groceries,549,1507,"8,50",
12-Mar-25,Toys,258,509,,
2023.10.19,CLOTHING,279,441,$39.85,
25-Mar-23,Electronics,242,567,237.96,
2025.04.07,CLOTHING,470,933,39.2,
"Apr 29, 2025",Furnitature,160,416,402.63,
05-06-2023,GROCERIES ,571,1557,8.54,
2024.01.21,Electronics,275,779,259.96,
"Nov 26, 2023",furniture,120,284,401.67,
19-Nov-23, furniture,103,266,407.65,
02/21/2024,groceries,820,2312,8.84,
20-Feb-25, furniture,143,278,$396.77,
2024.09.13,groceries,334,619,8.64,
2025.01.29,Clothing,476,na,39.77,
"Oct 03, 2023",FURNITURE ,-77,184,387.38,
23-06-2024,electronics,na,705,"245,51",
2024.09.20, groceries ,340,802,8.25,
"Feb 12, 2024",Furnitature,125,201,403.84,
"Mar 01, 2024", Electronics ,N/A,729,253.48,
"Sep 22, 2023",furniture,61,121,394.97,
"Jun 07, 2024", furniture,120,284,414.74,
06/19/2025,Grocery,593,1259,"8,43",
"Sep 30, 2024",Cloting,239,557,$40.73,
17-11-2023,clothing,312,744,41.3,
01-07-2024,clothing,303,610,40.96,
16-08-2024,Clothing,236,658,39.26,
07-02-2025, groceries ,570,1146,8.83,
29-05-2023, groceries ,595,NULL,8.53,
"Apr 01, 2024",ELECTRONICS,336,691,$249.18,
01-12-2025,Electronics,317,503,241.51,
"Jul 22, 2023",TOYS,117,255,$25.54,
"Mar 24, 2024",Clothing,376,826,"39,59",
09-04-2023, groceries ,361,830,8.62,
22-04-2025,CLOTHING,623,964,39.23,
12/18/2023, groceries ,717,1773,8.57,
2024.03.23,CLOTHING,380,891,38.51,
"Feb 16, 2025",Electronics,348,902,249.35,
08/30/2023,Furnitature,78,NULL,383.82,
01/29/2023,groceries,575,876,$8.50,
10-05-2024,Furnitature,74,114,$380.89,
11/15/2024,toys,168,472,26.09,
07-05-2024,CLOTHING,282,691,41.89,
29-Sep-24,Groceries,381, ,$8.89,
07-Sep-23,toys,?,310,24.52,
12-Feb-25,Furnitature,170,488,402.33,
2023.12.31, Toys ,220,523,24.48,
28-Sep-24,Electroncs,187,320,256.55,
"Aug 15, 2024",ELECTRONICS,237,457,"252,05",
06/18/2025,groceries,736,1220,8.79,
01-Oct-23,Toys,104,200,25.17,
08/13/2024,toys,155,271,23.99,
2023.05.10,electronics,339,741,$255.89,
"Aug 30, 2024", furniture,62,143,391.43,
18-May-24,Electroncs,287,671,239.15,
"Nov 02, 2023",groceries,?,949,8.65,
"Dec 06, 2023", Clothing,520,1541,41.84,
16-Apr-23, Electronics ,287,789,242.34,
26-06-2024,Furniture,127,368,N/A,
2025.03.26,Cloting,-550,1395,39.29,
2024.12.05,CLOTHING,427,897,39.48,
23-Mar-23,FURNITURE ,137,302,409.98,
"Sep 05, 2023", Clothing,287,848,40.02,
03/14/2024,ELECTRONICS,391,997,238.52,
01-05-2023,electronics,273,415,239.82,
20-May-24,Groceries,632,1505,$8.14,
"Dec 18, 2023", Electronics ,317,658,253.04,
10-Jul-24,Electronics,340,739,"259,62",
"Mar 10, 2024",TOYS,177,280,25,
20-03-2025,clothing,518,868,$41.85,
04/15/2025,Electroncs,na,932,$244.67,
07-Apr-24, Toys ,170,504,25.46,
"Mar 26, 2025",Toys,272,422,25.54,
"Apr 12, 2024",CLOTHING,381,992,39.43,
2023.01.17,GROCERIES ,655,1744,8.1,
14-May-25,Cloting,524,1225,40.01,
01-Aug-24,Grocery,515,1541,$8.58,
03-04-2024,Toyz,280,780,$25.71,
"Mar 13, 2025",Toyz,232,400,25.48,
"Aug 08, 2023",FURNITURE ,98,224,"400,01",
02-Jul-24,electronics,276,684,255.2,
28-01-2024, Electronics ,259,495,248.37,
20-08-2023, Toys ,118,259,24.17,
2024.08.02,Electronics,200,,$250.41,
04/26/2024, groceries ,601,1412,8.57,
2023.08.04,Grocery,406,858,$8.62,
"Dec 26, 2023",Grocery,877,1381,"8,37",
06-02-2025,groceries,580,1284,8.51,
"Jun 27, 2025", furniture,104,266,394.63,
06-Dec-23,Grocery,806,2382,$8.85,
25-10-2023,clothing,278, ,40.6,
2023.01.22,TOYS,149,319,"25,92",
05/29/2023,electronics,289,796,258.33,
11/25/2024,Groceries,643,1065,8.47,
"Mar 11, 2025",Furniture,170,347,389.75,
"Jan 09, 2025",ELECTRONICS,342,682,244.59,
"Sep 12, 2024",Grocery,416,1216,$8.27,
17-Jun-23,clothing,292,476, ,
18-01-2025,groceries,526,1575,"8,60",
2023.05.28, Electronics ,263,499,249.96,
17-05-2025,Toyz,191,null,24.25,
2024.08.11,clothing,246,520,?,
05/28/2025,Electroncs,366,705,$247.54,
06-09-2025,clothing,318,824,41.36,
09/14/2023,Cloting,245,498,41.82,
"Aug 05, 2024", Toys ,137,334,$25.61,
"Jun 08, 2024",Toys,169,445,23.82,
13-May-25,Furnitature,163,403,403.2,
"Apr 08, 2023", furniture,94,282,$417.79,
03/15/2023,TOYS,228,368,$24.93,
08-04-2024,ELECTRONICS,210,345,255.02,
"Jun 20, 2024",furniture,131,242,408.18,
"Jul 10, 2023",Furnitature,93,211,$408.13,
22-Dec-24,Furnitature,142,239,418.82,
2023.04.26,Toyz,245,481,25.68,
"Jul 15, 2024",clothing,315,907,41.8,
05-08-2024,clothing,489,1459,38.01,
2023.05.06,Furniture,N/A,237,413.7,
15-05-2024,clothing,495,1114,40.95,
27-06-2024,Electroncs,304,643,null,
08/26/2024,Clothing,235,677,$40.72,
19-Apr-25,furniture,137,247,399.14,
"Mar 26, 2023",Cloting,374,620,39.69,
"May 13, 2024", Toys ,210,586,$26.15,
07/23/2023, furniture,80,136,398.91,
2023.09.28,CLOTHING,239,427,40.42,
04/28/2025,ELECTRONICS,389,1045,257.63,
17-07-2023,GROCERIES ,481,976,$8.83,
25-04-2023, Clothing,454,978,"41,37",
2024.05.30,clothing,416,908,38.12,
01-05-2025,clothing,329,551,41.62,
05-03-2024,electronics,350,941,$241.52,
12-10-2024, Electronics ,473,1200,260.96,
2025.04.10,Groceries,697,1587,"8,49",
14-Aug-24,toys,156,null,,
2024.02.03, Electronics ,279,745,241.07,
15-May-23,Groceries,NULL,1390,8.38,
"May 16, 2023",toys,244,396,24.1,
29-Feb-24,Toys,231,661,25.97,
2023.02.14,furniture,126,374,$379.73,
31-Mar-25,CLOTHING,439,1020,39.42,
09/26/2023,CLOTHING,271,693,39.97,
2023.11.15, Toys ,201,308,25.7,
05-05-2025, Electronics ,376,1100,$255.22,
06-10-2024,Groceries,586, ,$8.09,
"Aug 24, 2023", Clothing,273,510,$41.29,
07/17/2023,Furnitature,80,231,$389.03,
02-10-2023,ELECTRONICS,243,NULL,249.01,
18-02-2023,Electronics,258,702,252.34,
"Jun 26, 2025",Electronics,348,811,NULL,
12-11-2024,CLOTHING,485,1118,$39.75,
15-05-2023,Cloting,373,590,40.12,
26-Aug-23,Toyz,101,252,"25,42",
11/26/2023,Grocery,595,1409,"8,82",
09-11-2024,CLOTHING,290,775,41.37,
04-04-2023,ELECTRONICS,353,896,$254.70,
24-08-2023, Electronics ,217,384,246.41,
03-Jul-23,Electronics,270,662,261.79,
2023.11.12,Electronics,249,648,250.71,
25-03-2024, groceries ,676,1469,"8,41",
08-03-2024, furniture,-114,199,396.08,
01/22/2024,toys,174,358,$25.51,
"Feb 11, 2023", furniture,102,239,$417.66,
2023.07.07,groceries,487,1298,8.18,
28-Apr-24,Toys,187,439,25.69,
03-10-2023,Electroncs,239,528,$240.80,
"Nov 04, 2023",groceries,525,894,$8.51,
2023.06.29, groceries ,651,1643,8.17,
03-11-2023,Electroncs,262,468,255.65,
"Jan 17, 2024", furniture,119,256,$411.22,
2025.06.30,furniture,114,305,381.32,
2024.04.08, groceries ,669,1685,8.5,
2023.01.05,Toyz,154,369,"25,25",
"Oct 22, 2023",Furnitature,62,168,392.46,
2025.04.17, Toys ,251,682,25.12,
2024.05.11, furniture,120,290,$384.11,
2024.11.24,Cloting,371,946,39.96,
2023.02.12, Electronics ,266,521,246.48,
2024.03.13,Furnitature,141,271,$382.77,
"Feb 03, 2024",Cloting,329,,39.61,
04-01-2025,Grocery,738,1624,8.51,
2023.04.28,Clothing,353,706,null,
25-06-2025,ELECTRONICS,436,944,249.74,
06/28/2025,Toys,155,460,24.93,
"Sep 26, 2023",TOYS,110,329,24.11,
2023.03.19,Toys,199,347,25.06,
27-12-2023, Electronics ,415,685,N/A,
"Jun 02, 2024",Electronics,295,705,243.64,
"Apr 12, 2025", Electronics ,360,623,260.79,
"Mar 06, 2025",Grocery,720,1890,8.41,
06-Sep-23,ELECTRONICS,231,null,249.27,
03-11-2023,toys,175,402,"24,73",
"Jul 01, 2023", furniture,83,224,$408.69,
11-07-2023,Grocery,580,1207,8.46,
2023.02.11,groceries,583, ,"8,54",
06-03-2025,Furnitature,159,343,"395,24",
11-May-24,clothing,372,877,$41.52,
2024.12.12, furniture,153,240,404.08,
2025.03.16,Grocery,644,1859,"8,15",
2025.01.20,clothing,396,null,$39.15,
2025.02.14,FURNITURE ,119,308,402.56,
"Sep 10, 2023",CLOTHING,206,471,41.08,
05/22/2023, Toys ,161,358,24.06,
29-04-2024, Clothing,404,1210,$40.98,
13-Dec-24,Furniture,134,295,398.8,
19-01-2024,furniture,93,243,"391,63",
11/30/2023,groceries,666,1364,$8.33,
20-06-2025, groceries ,505,781,8.29,
13-05-2025,groceries,na,1877,$8.16,
05/18/2023,Grocery,677,1922,8.1,
03-07-2024,TOYS,199,?,23.99,
11/21/2023,Electroncs,353,737,259.15,
"Sep 17, 2023",Electronics,161,349,"253,04",
27-03-2025,Groceries,779,1982,$8.58,
25-Dec-24,Groceries,964,2681,8.12,
06-05-2024,Electroncs,337,na,$245.14,
05/25/2025,GROCERIES ,638,1380,$8.68,
"Feb 07, 2023",electronics,329,523,256.71,
18-07-2023,Electronics,257,528,$256.98,
2025.03.04, furniture,172,295,415.08,
31-May-23,Electroncs,332,599,261.69,
18-Aug-24,clothing,244,544,$40.15,
27-10-2023,Electronics,164,470,"257,60",
2024.06.18,ELECTRONICS,351,973,248.64,
09/27/2023,groceries,481,1074,$8.53,
12/19/2024,Clothing,539,928,$41.47,
30-08-2024,groceries,361,633,8.7,
23-Jun-25,FURNITURE ,118,210,409.74,
02-Apr-23,Electronics,290,648,256.38,
17-07-2024, Electronics ,295,620,$255.17,
08/26/2024,GROCERIES ,413,1115,8.59,
04/15/2024,Electroncs,331,788,"242,98",
05-10-2023,Furniture,148,328,406.15,
"Jul 09, 2023",Toys,?,384,24.53,
"Jun 20, 2025",Toyz,157,388,25.62,
2024.10.28,Furnitature,79,165,408.92,
07-02-2023,TOYS,150,438,$24.40,
2024.11.27,Cloting,501,1452,39.67,
02-11-2023,Furniture,112,291,387.77,
"Nov 08, 2023", furniture,159, ,413.49,
"Aug 15, 2024", Toys ,159,348,25.21,
2024.02.29,groceries,766,2132,"8,17",
04-06-2023, furniture,134,307,388.98,
10/24/2024, Toys ,134,318,25.16,
"Nov 07, 2024",furniture,139,278,393.08,
15-11-2023,GROCERIES ,722,1732,8.4,
2024.08.22,CLOTHING,265,399,$40.05,
2023.03.16, Electronics ,304,na,248.69,
"Dec 22, 2024",CLOTHING, ,1269,$38.51,
06/30/2023,clothing,283,na,39.09,
04-04-2024,FURNITURE ,142,242,388.63,
04-01-2025,TOYS,161,409,24.96,
03-07-2023,groceries,831,2475,$8.89,
02/27/2023,FURNITURE ,119,194,382.86,
19-Feb-24,toys,205,452,$25.67,
"Aug 15, 2024",groceries,456,854,8.56,
"Jan 15, 2025",Toyz,246, ,25.88,
07-Feb-23,groceries,699,N/A,8.75,
04/27/2025, Clothing,416,636,40.63,
"Jan 13, 2023",Cloting,267,538,41.98,
"Apr 10, 2025",CLOTHING,481,1000,41.5,
11/23/2023,clothing,422,974,"39,11",
"Oct 18, 2023",Cloting,305,671,40.58,
2023.11.24,Grocery,N/A,1468,$8.42,
22-Mar-23,groceries,888,2186,"8,30",
"Apr 25, 2024",Electroncs,398,1115,"243,55",
28-07-2023,Electronics,200,556,241.47,
27-06-2023,clothing,363,588,$40.91,
"May 06, 2025",Electroncs,432,952,$258.73,
2023.07.31,Electroncs,NULL,338,237.74,
2025.04.01,Furnitature,184,453,$410.09,
"Oct 26, 2024",CLOTHING,219,499,40.72,
2023.03.18, Toys ,160,398,N/A,
18-May-23,Toys,186,401,24.35,
22-07-2024,Grocery,491,1442,8.29,
11/29/2023,Electronics,348,905,240.38,
2023.04.07, Toys ,161,322,$25.90,
"Mar 22, 2023", Clothing,545, ,"40,33",
03/26/2025,Groceries,855,2053,$8.57,
20-06-2025, groceries ,505,781,8.29,
13-Oct-23,FURNITURE ,62,130,381.71,
04/18/2023,Electronics,318,na,248.58,
"Jul 27, 2023",TOYS,148,429,"25,64",
09-08-2024,toys,,274,25.85,
2024.12.18,FURNITURE ,186,489,382.21,
"Apr 02, 2023",GROCERIES ,644,,8.61,
10-06-2024,CLOTHING,359,1019,$39.30,
06/15/2025, furniture,131,245,$418.77,
27-Jul-24,TOYS,129,220,24.64,
"Oct 31, 2024",clothing,277,768,39.8,
12-Apr-24,Furniture,131,274,$399.57,
18-Apr-24,Toys,236,407,26.1,
2024.02.06,ELECTRONICS,370,867,259.41,
"Feb 24, 2024",Furnitature,na,213,381.63,
02-01-2025, Electronics ,285,496,"253,82",
18-Jan-23, Toys ,197,338,$24.85,
"Feb 28, 2025", Clothing,387,1047,$40.12,
29-04-2024,furniture,138,394,385.5,
2023.12.29,toys,205,424,24.34,
21-Nov-23,Grocery,-795,1319,8.67,
06-06-2023,TOYS,186,526,"24,55",
"Mar 03, 2025",GROCERIES ,688,1683,8.62,
16-07-2024,Cloting,334,832,,
06-Apr-23,TOYS,206,424,25.08,
03/20/2024, furniture,173,460,$415.80,
06-12-2024,Groceries,609,1135,8.08,
"Jun 28, 2024",GROCERIES ,487,1208,"8,74",
"Feb 21, 2024",Furniture,130,317,392.11,
2024.04.30, groceries ,760,1833,"8,89",
"Dec 16, 2024",Grocery,776,2091,8.62,
"Nov 21, 2023",Furnitature,146,367,392.13,
"May 25, 2023",FURNITURE ,126,244,$396.67,
09-09-2023,clothing,206,504,41.43,
"Apr 13, 2024",Toyz,181,432,$23.90,
12-08-2024,toys,-187,558,"24,38",
2023.06.08,FURNITURE ,118,260,403.83,
27-Oct-24,TOYS,110,247,"24,31",
28-Mar-23,electronics,338,802,$246.18,
2023.05.01,groceries,692,1955,8.14,
2024.04.13, groceries ,603,1405,$8.75,
2023.12.08,Groceries,616,1460,8.16,
29-06-2023,toys,159,269,na,
19-04-2025, Clothing,353,608,$38.75,
2023.12.09,Cloting,365,865,$38.96,
07-Jan-25,CLOTHING,416,1050,38.91,
2024.10.27,Groceries,370,985,8.11,
22-06-2025, groceries ,502,881,$8.67,
"Sep 16, 2024", Toys ,125,334,25.02,
2024.11.14,Cloting,-389,1166,38,
19-Oct-24, Clothing,224,520,$40.63,
01-Apr-23,FURNITURE ,120,NULL,$388.92,
2023.04.01,Electroncs,270,627,$238.15,
02/20/2025, Clothing,470,1316,40.76,
02-10-2023, Toys ,138,330,$25.54,
2024.10.06,Clothing,219,523,40.44,
08/16/2024, Toys ,101,263,$24.26,
11-Nov-24,groceries,626,,8.56,
11-02-2024,electronics,266,467,259.95,
03-Feb-24,Toys,164,319,25.88,
23-Nov-24, groceries ,597,1190,8.24,
"Sep 19, 2023",Furnitature,87,164,415.84,
03-04-2023,GROCERIES ,620,1337,"8,42",
"Apr 06, 2025",GROCERIES ,689,1204,8.39,
18-Jun-24,furniture,-138,323,390.28,
27-03-2024,Clothing,542,1093,40.17,
09/29/2024,Electroncs,199,497,253.62,
"Jan 24, 2025",Furniture,108,253,393.27,
"Mar 31, 2023",CLOTHING,347,696,$40.51,
22-Jan-24,Electronics,281,631,$252.47,
07/30/2023,Cloting,286,474,,
25-03-2025, groceries ,796,2276,8.7,
07-Oct-23,FURNITURE ,60,164,387.79,
12/18/2023,Toyz,193,433,$24.68,
25-12-2023, Clothing,467,1032,38.45,
05/22/2025,Electroncs,380,664,240.33,
05/22/2023,Furniture,105,294,386.52,
09-04-2024,Grocery,492,1434,8.65,
2023.12.16,clothing,355,578,$39.74,
16-07-2023,Electroncs,194,315,$241.08,
03/19/2023,ELECTRONICS,280,782,248.57,
10-07-2023,ELECTRONICS,886,2213,"241,61",spike
11-02-2024,Toyz,-207,579,24.28,
2023.12.01,Electroncs,-253,652,$239.62,
30-04-2023, Electronics ,284,637,$239.57,
"Sep 17, 2023",furniture,65,186,398.91,
02-Apr-23,Electronics,290,648,256.38,
11/21/2023,clothing,417,733,41.77,
"Feb 08, 2023",Cloting,451,1001,39.81,
2024.07.28,toys,150,248,$25.21,
2024.08.26, Toys ,133,316,$25.05,
"Nov 15, 2023",Furniture,157,387,"382,25",
"Dec 20, 2023", Electronics ,NULL,na,$245.73,spike
2023.01.20,Grocery,511,na,$8.60,
08-10-2023,Toyz,107,271,25.18,
03-03-2025, Electronics ,324,754,$246.61,
2023.08.21,ELECTRONICS,174,359,245.94,
09-06-2023,Furnitature,83,219,381.49,
11-May-25,Toys,200,307,25.64,
26-01-2025,Toys,181,511,24.43,
2024.02.25,Furniture,128,214,383.32,
18-04-2024, Clothing,435,831,39.91,
13-Aug-23, groceries ,389,744,$8.24,
08/30/2024,clothing,210,364,38.96,
14-Mar-24,toys,216,426,25.55,
2023.02.07, Toys ,182,479,$24.14,
2025.05.04,toys,200,585,24.54,
"Mar 09, 2024",CLOTHING,372,null,38.09,
15-06-2024,toys,156,423,24.01,
07-05-2025,Cloting,546,1540,41.31,
"Jun 28, 2025",Furniture,101,243,415.62,
26-05-2024, furniture,129,222,404.33,
"Mar 12, 2024",clothing,505,1110,$38.34,
"Nov 18, 2024", furniture,121,342,401.37,
02/18/2023,Grocery,555,904,8.77,
27-01-2025,Grocery,607,957,8.8,
2024.03.01,FURNITURE ,110,329,$409.84,
02-Dec-23,FURNITURE ,99,151,382.94,
10-11-2023,Groceries,525,1004,$8.35,
"May 09, 2023", furniture,140,283, ,
26-08-2023,Clothing,234,484,$41.78,
23-Sep-23, Electronics ,165,447,241.26,
08-Feb-23,ELECTRONICS,NULL,607,243.38,
2025.05.02,FURNITURE ,124,186,$414.97,
2024.06.27, groceries ,597,1116,8.24,
2025.01.15,Groceries,670,1083,8.46,
"Jun 14, 2025",furniture,?,285,408.02,
16-08-2023,furniture,93,168,$402.70,
02-09-2025,Electroncs,NULL,810,238.16,
22-01-2025,FURNITURE ,148,410,384.94,
"Oct 18, 2024",FURNITURE ,-73,138,395.46,
2024.08.19,Toys,125,278,24.1,
21-05-2024,Furnitature,148,348,397.88,
30-Nov-23, Electronics ,1639,4873,241.24,spike
04-05-2025, furniture,134,317,416.04,
18-Sep-23,CLOTHING,211,486,38.18,
03-05-2024,Clothing,?,969,"38,90",
"Aug 01, 2024", Toys ,130,206,"24,80",
03-11-2025,Toys,263,684,$23.99,
"Apr 06, 2025",CLOTHING,387,865,$39.02,
08-Mar-24,Clothing,354,1045,39.07,
"Jan 06, 2024",Furniture,24,46,"388,61",drop
23-04-2023,Clothing,369,727,40.11,
03/23/2025,Toyz,195,583,23.85,
22-Dec-23,GROCERIES ,NULL,NULL,8.19,
06-09-2023,toys,161,379,23.78,
06/24/2023,Groceries,522,1293,8.71,
06-05-2025, groceries ,658,1247,8.09,
"Mar 02, 2024",ELECTRONICS,292,830,242.14,
05-05-2023,GROCERIES ,630,1659,8.18,
03-Jul-24,ELECTRONICS,294,576,247.33,
25-02-2024,Electronics,321,768,$252.60,
09/22/2023, Toys ,101,180,$24.81,
04-09-2025,Cloting,569,1218,39.6,
"Nov 02, 2023",Toyz,NULL,505,23.95,
2023.03.30,Furnitature,126,330,393.62,
22-05-2023,groceries,642,1613,$8.75,
14-02-2024, Clothing,481,917,38.32,
28-10-2023,Furnitature,65,126,413.31,
10-Feb-25,electronics,320,821,257.14,
04/16/2023,Toys,171,335,$25.01,
23-12-2023,Grocery,2357,5175,$8.75,spike
"Mar 15, 2023", groceries ,827,2078,8.39,
18-Sep-24,Clothing,267,587,40.97,
"May 12, 2023",Furniture,112,230,411.35,
18-Apr-25,Electroncs,324,806,$260.02,
18-01-2023,CLOTHING,N/A,686,$40.52,
10-Apr-24,furniture,172,269,403.88,
04/19/2024,furniture,124,336,415.83,
12-09-2023,Grocery,427,1162,8.78,
28-Apr-25,toys,229,607,25.77,
08/30/2023,Cloting,278,635,"38,90",
27-Mar-24,Toys,250,644,24.5,
"Jun 14, 2024",GROCERIES ,471,743,$8.78,
"May 17, 2025",ELECTRONICS,298,882,$238.38,
2024.06.23,Furnitature,93,147,"418,94",
18-Jan-24,electronics,305,711,$260.03,
2023.04.01, groceries ,552,1448,8.81,
17-06-2023, Toys ,135,301,$24.96,
"Mar 07, 2025",clothing,357,823,41.46,
2023.04.14,Toys,160,311,24.62,
19-06-2024,Electronics,363,562,$254.58,
06/27/2023,GROCERIES ,164,414,8.86,drop
08-06-2023,Electroncs,208,338,248.02,
"Mar 09, 2023",Grocery,830,2441,8.47,
26-Sep-24,Furniture,87,155,$383.67,
"Nov 12, 2024", groceries ,754,1849,8.63,
11-09-2023, groceries ,397,659,8.78,
"Jun 07, 2025",Electroncs,NULL,584,250.57,
23-06-2023, Toys ,136,357,25.64,
2024.08.10, Toys ,121,187,25.21,
06-Apr-24,Electronics,NULL,852,257.27,
2024.09.19,Groceries,430,780,na,
07-07-2024, furniture,103,282,404.72,
13-04-2025, groceries ,649,1491,$8.42,
12/24/2024,Furniture,182,486,383.71,
09-Jun-25,GROCERIES ,568,932,"8,29",
07/21/2023,Cloting,276,572,$41.70,
16-01-2024, furniture,132,248,$383.18,
2025.03.08,TOYS,204,599,25.03,
14-Mar-24,clothing,462,1298,41.08,
04/22/2023, Clothing,,1016,39.1,
2025.02.17,Toys,206,366,$25.75,
13-07-2023,FURNITURE ,97,204,399.83,
"Apr 04, 2023",toys,216,603,24.1,
04-Jun-24,GROCERIES ,739,1446,$8.29,
2024.04.06,Toyz,187,475,25.13,
21-10-2023,TOYS,105,195,$25.26,
03-01-2023,Furnitature,106,239,386.18,
05-02-2025,Toys,205,444,24.82,
11/24/2023,electronics,273,769,239.31,
05-Jan-24,clothing,293,778,$41.60,
"Jun 24, 2023", Clothing,273,743,38.07,
11-04-2024,Cloting,388,598,"39,95",
"Feb 04, 2024",Clothing,392,885,$41.55,
2025.04.17, furniture,164,417,384.85,
17-12-2023,GROCERIES ,607,1658,NULL,
01-Aug-24,Grocery,515,1541,$8.58,
"Aug 28, 2023",Clothing,232,389,41.1,
2023.01.21,Furnitature,89,263,$393.36,
11-Jan-23,furniture,116,205,"389,43",
17-01-2025,Furnitature,99,190,null,
"Feb 02, 2025",CLOTHING,370,761,$40.24,
"Mar 02, 2025",CLOTHING,439,1253,$40.19,
2025.06.14,GROCERIES ,-540,1149,$8.63,
12-12-2023, Electronics ,389,1034,257.68,
2023.07.25, Electronics ,234,571,251.14,
"Oct 27, 2024",furniture,74,216,383.91,
2023.10.20, Electronics ,159,362,240.57,
11-10-2023, Electronics ,259,N/A,259.55,
2023.06.12,Groceries,596,1692,8.52,
2023.10.18,electronics,222,456,257.07,
2024.03.22,toys,189,487,$24.83,
"Mar 28, 2025", groceries ,566,1089,$8.71,
15-06-2023,furniture,114,195,387.2,
"Mar 19, 2023",Grocery,680,1328,8.74,
07-Jun-25,Furniture,127,190,407.76,
"Feb 17, 2023",electronics,233,467,257.88,
29-Mar-25,toys,201,364,$25.03,
03-Apr-23,FURNITURE ,123,218,$414.79,
2023.08.08, Clothing,276,779,40.91,
07/21/2023,furniture,74,172,393.19,
"Jun 02, 2024", groceries ,-551,1256,$8.54,
27-03-2023, furniture,-112,179,"387,90",
16-06-2025,Electroncs,302,642,240.87,
30-Mar-25,furniture,144,342,$403.05,
17-Dec-23,Cloting,378,809,41.95,
17-Jan-25, Electronics ,269,778,$257.96,
"Oct 21, 2023",Cloting,219,655,$38.20,
01-Aug-23, groceries ,601,1204,$8.77,
2024.12.18,Groceries,845,1819,8.16,
"Jun 27, 2025", Toys ,172,266,$24.50,
2024.01.31, furniture,160,425,386.69,
12-11-2023,FURNITURE ,124,228,392.08,
13-Aug-23,Electronics,171,381,241.41,
03/22/2024,CLOTHING,387,759,39.4,
03-Dec-23, furniture,118,254,,
26-Oct-23,furniture,90,137,384.23,
2024.07.11,Grocery,535,1140,8.77,
10/17/2023,Clothing,302,880,$41.57,
17-03-2025, Toys ,213,null,"25,79",
07-08-2024,Clothing,328,739,41.25,
2023.06.22,TOYS,168,351,"24,76",
12-08-2023, Electronics ,284,466,$258.55,
"Feb 05, 2023", Clothing,368,779,38.81,
2024.06.07,ELECTRONICS,283,827,253.79,
23-04-2025,TOYS,264,475,25.33,
02-Sep-23, groceries ,363,599,8.61,
2023.12.18, furniture,138,271,418.36,
"Jan 29, 2023",Toyz,156,358,24.6,
27-09-2024,Electroncs,172,467,"258,89",
"Aug 23, 2023",Grocery,505,762,8.87,
25-Jul-24,FURNITURE ,105,164,380.81,
2024.06.12,Electronics,382,864,258.11,
2023.03.01,electronics,348,772,239.68,
"Feb 24, 2023",CLOTHING,307,521,41.43,
2025.01.12,Clothing,339,,$40.42,
02/28/2023,Electronics,298,750,243.99,
06-02-2025,electronics,-387,1079,250.3,
"Aug 23, 2024",ELECTRONICS,-904,1426,$240.14,spike
"May 05, 2024", Clothing,392,638,"40,03",
18-Mar-23,Electronics,259,761,250.09,
2023.07.14,ELECTRONICS,192,530,254.7,
09-01-2025,CLOTHING,401,946,38.97,
2024.06.26,Clothing,433,N/A,40.65,
"Mar 18, 2023",groceries,614,1015,8.8,
2023.02.17,GROCERIES ,545,874,"8,79",
"May 23, 2023",TOYS,213,458,24.97,
2023.08.06,Furniture,74,158,$409.59,
"Apr 09, 2024", Toys ,249,398,$24.98,
02/17/2024,clothing,-421,859,$39.31,
"Feb 26, 2025",Toys,245,524,$26.03,
30-10-2023,TOYS,112,244,24.07,
23-03-2025,Clothing,410,634,$41.41,
"Oct 06, 2024",Toyz,123,240,24.44,
31-01-2024,groceries,730,1502,$8.65,
17-03-2023,Electroncs,269,540,256.42,
08-11-2023, Toys ,230,435,24.49,
04-03-2024,Cloting,538,1520,40.2,
08/17/2024,Groceries,345,760,$8.40,
"Aug 25, 2024",Electronics,191,NULL,$248.52,
01/13/2023,TOYS,140,231,$24.19,
04-09-2024, Toys ,136,305,$25.64,
2024.03.31,Grocery,652, ,8.61,
"Jun 16, 2024",Grocery,537,1416,8.61,
12-09-2024, Clothing,272,687,$41.62,
"May 05, 2023",CLOTHING,359,1071,38.25,
2023.01.04,toys,163,278,$24.16,
10/15/2024,GROCERIES ,464,868,8.79,
2023.05.19,Furniture,100,277,$405.28,
07-05-2024, furniture,-86,174,$383.30,
"Nov 14, 2023", Toys ,202,531,23.7,
"Apr 26, 2023",FURNITURE ,166,385,$391.33,
"Feb 12, 2024",ELECTRONICS,281,719,$249.86,
2023.07.12,Grocery,590,933,$8.83,
2024.04.24,Grocery,786,1434,$8.22,
2024.11.14,groceries,680,1641,8.74,
"Sep 28, 2024",Clothing,175,303,$39.79,
2023.05.17,Groceries,797,2296,$8.45,
"Jun 08, 2025",groceries,541,1310,8.83,
11/28/2023, Clothing, ,1271,38.64,
"Oct 05, 2024",GROCERIES ,347,688,8.66,
15-01-2024,Toyz,176,335,24.73,
"Jul 15, 2023",Groceries,448,1072,$8.09,
2024.09.21,furniture,69,173,380.52,
13-03-2023, furniture,120,NULL,400.39,
2023.11.16, groceries ,659,1651,"8,18",
2024.07.08,electronics,246,570,"256,88",
13-05-2024,FURNITURE ,-133,372,$390.67,
08-Feb-24, Toys ,200,428,$24.62,
04/22/2023,Grocery,659,1639,$8.38,
15-03-2024,ELECTRONICS,292,781,$249.41,
03-Mar-25,CLOTHING,481,1268,41.54,
2025.03.09,Clothing,392,692,41.17,
"Apr 21, 2023",TOYS,159,na,25.28,
20-Dec-24,Toys,189,468,na,
2024.12.22,Groceries,685,NULL,$8.83,
12-09-2024, groceries ,610,1591,8.27,
18-04-2025,Furnitature,147,341,$391.80,
"Nov 01, 2024", furniture,-111,178,"407,38",
"Feb 14, 2024",Electronics,378,848,$251.73,
2023.07.21, Toys ,109,307,$25.45,
2024.09.12,Furniture,84,166,406.15,
2023.01.10,Cloting,402,1028,38.25,
24-Dec-24,Electronics,474,871,243.36,
"Feb 01, 2023",groceries,696,1641,$8.46,
"Jun 17, 2025",Toyz,226,346,25.16,
2025.05.08,toys,237,701,$24.51,
"Nov 05, 2023",Groceries,525,1080,8.73,
25-02-2023,ELECTRONICS,276,,254.52,
07-Nov-24,TOYS,194, ,$25.31,
10-01-2025, furniture,89,136,408.45,
02/26/2024,furniture,128,282,412.36,
"Jun 19, 2024",Clothing,445,877,"38,31",
2023.04.15,CLOTHING,339,794,40.07,
05-03-2025,FURNITURE ,120,231,417.59,
02-03-2024,furniture,116,292,$384.79,
24-Feb-23,electronics,231,639,253.95,
"May 13, 2023",Furniture,110,322,$407.69,
"Jul 25, 2023",GROCERIES ,545,1147,$8.07,
08-08-2024,Furnitature,96,248,$387.68,
18-06-2023,Furniture,null,225,398.12,
04-Mar-24,electronics,331,null,243.31,
06-12-2023,ELECTRONICS,406,643,241.45,
2024.07.18,Toyz,162,325,24.46,
05-10-2025,Cloting,391,655,39.27,
2025.01.28, furniture,146,277,413.32,
01/15/2023,ELECTRONICS,232,593,248.84,
01-05-2025,FURNITURE ,115,214,416.33,
05-Jun-25,Electronics,384,691,$254.93,
2024.11.13,furniture,137,403,$384.82,
19-06-2023,CLOTHING,346,1001,$41.94,
2025.04.30, Electronics ,450,935,$242.92,
16-Oct-23,furniture,67,142,388.98,
2025.01.24,Groceries,574,1669,$8.50,
"Oct 12, 2024", furniture,71,142,$399.33,
13-04-2023,Electroncs,339,745,253.64,
05-Jun-25,Cloting,414,670,39.68,
2024.04.25,FURNITURE ,132,216,"406,52",
"Oct 25, 2024",Electroncs,,N/A,250.58,
2023.11.15,clothing,488,1370,"41,79",
28-12-2024,CLOTHING,399,724,39.76,
08-06-2024,toys,159,349,24.39,
05-08-2024, Toys ,259,,$24.63,
2024.05.28,toys,203,446,24.27,
25-01-2025,Electronics,312,909,$258.84,
"Jun 11, 2024",Furnitature,NULL,233,409.41,
04-03-2023,Cloting,363,942,39.33,
04-01-2024,Clothing,420,1249,40.35,
2025.03.13,FURNITURE ,147,300,NULL,
05-Apr-23,Electroncs,352,993,252.98,
23-Jan-25, groceries ,613,?,8.67,
30-Mar-23,electronics,355,992,242.17,
2024.06.05,Electronics,376,804,252.11,
10/22/2023,Clothing,-236,505,$41.58,
29-Oct-23,Furnitature,74,209,na,
25-01-2024,Grocery,670,1881,$8.07,
"Feb 03, 2024",Furnitature,108,213,405.99,
04/25/2025,Toys,173,391,25.93,
04-06-2024,Electronics,393,843,$242.09,
2024.11.21,Toys,204,564,24.1,
2025.06.07,GROCERIES ,448,1221,8.14,
2023.01.24,Clothing,375,987,38.45,
"Feb 04, 2024",Toys,171,315,25.73,
20-05-2025,groceries,750,2147,$8.24,
25-11-2023, Toys ,155,386,24.3,
2024.08.08,clothing,293,699,41.8,
2025.01.30, furniture,135,351,393.66,
2024.09.05,Toyz,143,391,24.11,
04/14/2024, groceries ,735,2071,8.53,
10/23/2024,TOYS,146,N/A,25.43,
2024.12.30,Toyz,225,656,24.41,
2023.10.08,Groceries,378,757,8.58,
06/18/2023,Toys,159,405,25.51,
2023.10.08,Electronics,166,407,"252,32",
04-07-2024,GROCERIES ,710,1082,8.66,
23-04-2025,Groceries,953,2234,8.82,
17-06-2025,Furniture,158,461,400.32,
"Jul 27, 2024",ELECTRONICS,187,401,$246.27,
12/25/2024,Furnitature,177,466,$404.65,
2024.06.11,Toys,196,501,25.94,
19-May-25,clothing,452,699,"38,90",
"Apr 15, 2025", furniture,183,N/A,395.57,
"Jun 10, 2024",Electronics,310,708,255.91,
"Dec 21, 2023", Clothing,481,1050,41.84,
12/18/2024, Clothing,542,1065,38.94,
01-10-2024,furniture,130,325,408.6,
2025.05.08,Electroncs,414,1008,$254.63,
2025.02.20,electronics,362,939,261.36,
03-12-2023,TOYS,169,404,24.55,
03/13/2023,TOYS,na,338,$25.01,
"Jun 06, 2025", Electronics ,309,852,$252.60,
2023.07.14,clothing,236,366,39.15,
03-07-2025, groceries ,532,856,8.37,
"Feb 02, 2023",Furnitature,123,356,$388.05,
04-02-2023, Toys ,164,486,$24.41,
20-Nov-24,toys,251,407,$24.75,
"Jun 21, 2025",toys,168,485,"24,39",
07/13/2024,Groceries,478,1115,8.42,
23-Nov-23,Grocery,617,1241,8.56,
2024.03.30,Toys,184,398,23.86,
03-Jan-25,Toys,139,306,24.92,
02-Feb-24,furniture,100,178,na,
01-03-2025, groceries ,1725,5094,,spike
04/24/2023,Toyz,188,407,24.93,
2023.02.03,electronics,237,413,$247.88,
02/25/2024,Cloting,409,null,39.54,
2024.12.16, Electronics ,333,819,$259.37,
03-07-2023,Furnitature,92,273,404.03,
2023.08.14, furniture,79,130,$385.80,
"Feb 16, 2024",toys,164,258,25.13,
06-04-2024,Furnitature,NULL,209,383.6,
09-04-2024,Clothing,562,1239,39.09,
09-05-2023, Electronics ,213,531,na,
01/28/2024, groceries ,601,1150,8.88,
2024.10.24,Groceries,467,737,"8,24",
27-Dec-23,Groceries,-909,2433,8.83,
27-06-2024,Toyz,211,447,$24.94,
18-11-2023, Electronics ,258,634,$247.56,
06/20/2024,Toys,189,NULL,25.86,
"May 15, 2023",ELECTRONICS,278,763,$261.23,
18-Jul-23,toys,161,481,25.98,
"Feb 20, 2023",electronics,271,562,242.13,
31-05-2024,Electroncs,47,74,$251.77,drop
"Feb 26, 2024",Grocery,654, ,8.08,
"Jul 18, 2024", Clothing,300,509,$40.40,
"May 25, 2025",Clothing,395,1073,$40.50,
25-06-2025,groceries,732,1456,$8.70,
06/25/2023,GROCERIES ,528,999,8.62,
"Aug 21, 2024",ELECTRONICS,266,503,248.53,
06-May-23,Toys,179,341,"25,44",
05-12-2025,TOYS,211,487,25.89,
06-07-2025,toys,185,391, ,
2023.07.29,FURNITURE ,79,221,411.03,
2025.04.26,Electronics,342,806,240.14,
09-02-2023, furniture,70,165,387.01,
11/26/2023,Electroncs,285,519,248.56,
01-11-2024,Electroncs,264,706,254.09,
03/14/2023,Toys,217,462,25.91,
"May 20, 2024",furniture,119,243,$410.19,
2025.02.02,Electroncs,331,555,246.94,
03/18/2024, groceries ,665,1938,$8.56,
20-12-2024,electronics,327,573,248.55,
28-01-2025,TOYS,226,348,25.02,
06-Sep-23,Groceries,490,?,"8,29",
"Sep 14, 2024",Groceries,374,931,$8.55,
10-09-2023,FURNITURE ,59,101,$412.46,
06-May-25,Toys,266,691,26.12,
2023.12.29,groceries,644,968,na,
24-02-2024,Groceries,573,1482,$8.28,
02-03-2025,Furniture,140,261,NULL,
23-Oct-24,Electroncs,263,746,252.49,
07-11-2023,ELECTRONICS,347,985,$260.37,
10-Jul-23, groceries ,548,835,8.72,
04-10-2024,Clothing,200,456,40,
2025.01.06,toys,169,359,"24,57",
2023.09.26,furniture,73,188,382.7,
05-May-24,FURNITURE ,138,227,405.22,
01-Sep-23,GROCERIES ,311,807,8.26,
"Jun 18, 2023",Cloting,342,919,39.49,
17-10-2023,Toyz,750, ,$24.98,spike
11/28/2024,Grocery,781,?,8.59,
"Apr 16, 2024",electronics,436,858,$262.04,
28-03-2025,toys,191,432,25.63,
2025.04.21,electronics,384,1034,$250.97,
25-Jan-23,Furniture,120,351,$397.41,
18-Mar-23,clothing,356,619,39.14,
03/24/2023,Toyz,-178,301,25.18,
2023.09.23,TOYS,103,218,25.1,
"Nov 16, 2023",ELECTRONICS,317,486,$260.90,
02-04-2024,furniture,112,182,410.47,
"Sep 03, 2023",GROCERIES ,366,1093,8.38,
"Nov 29, 2023",Groceries,782,1680,8.35,
19-01-2025, Toys ,188,551,24.6,
11-04-2023, groceries ,890,1587,8.18,
03-09-2023,Toyz,100,200,23.87,
09-Apr-25,Electroncs,473,778,$259.52,
2024.08.06,Clothing,333,910,38.48,
"Oct 27, 2024", Electronics ,201,305,251.38,
2023.11.17,groceries,499,1336,8.65,
07-07-2023, Toys ,121,,24,
02-01-2025,ELECTRONICS,314,644,256.12,
2023.07.12,TOYS,186,498,26.11,
02/22/2024,Cloting,465,1370,39.23,
2024.10.17,ELECTRONICS,237,667,$245.69,
03-02-2025,ELECTRONICS,338,899,259.27,
"May 17, 2024",Groceries,533,950,8.37,
07/16/2023,toys,145,334,$24.99,
2023.08.10,FURNITURE ,89,246,396.78,
"Mar 01, 2025",Groceries,663,1842,$8.62,
2024.02.12,clothing,396,943,40.93,
"Apr 18, 2024",Furniture,149,371,395.19,
"Mar 09, 2023",ELECTRONICS,322,679,249.6,
25-05-2023,clothing,372,803,39.65,
2024.04.06,Grocery,698,1811,8.31,
10-May-25,TOYS,208,428,23.73,
2023.07.15,Cloting,272,457,,
2023.01.18,Electronics,292,862,245.95,
"Jan 24, 2024", furniture,157,245,394.54,
"Aug 24, 2024",Groceries,391,633,$8.30,
"May 04, 2023",Toyz,206,369,24.5,
28-06-2023,Furnitature,115,257,$385.85,
09-May-24, Electronics ,356,587,241.15,
2023.01.30,TOYS,165,331,24.17,
26-04-2023,GROCERIES ,811,2111,NULL,
10-07-2024,Furnitature,128,215,414.01,
28-Mar-25,Electronics,312,865,256.89,
2024.01.03,Furniture,133,240,"383,78",
12/30/2023,ELECTRONICS,?,,$242.96,
2023.03.08,Electronics,359,873,$250.55,
10/23/2024,furniture,88,248,"396,46",
2024.02.08,Electronics,326,660,243.57,
08-Mar-23, furniture,152,356,383.08,
2023.10.22, Electronics ,162,332,"245,19",
16-Nov-24, groceries , ,1044,8.76,
30-05-2025,Cloting,345,733,41.43,
2023.04.24,Clothing,418,1063,39,
2024.10.04, furniture,69,119,$416.08,
08/23/2024,Toys,119,312,25.37,
22-06-2023, furniture,121,317,412.93,
01-10-2024,furniture,88,200,402.29,
19-11-2023,ELECTRONICS,281,429,241.45,
"May 17, 2023", furniture,142,217,379.97,
04/22/2024,toys,206,575,24.76,
05/31/2023, Clothing,451,1136,$41.99,
01-02-2025,furniture,112,280,386.42,
2024.08.18,Toyz,-119,325,24.06,
2024.03.22,Furniture,113,273,404.95,
28-05-2024,Electroncs,394,869,$250.60,
"Sep 24, 2024",Furniture,87,196,403.75,
11-Dec-23,Groceries,705,1403,8.57,
2025.01.26,Electroncs,332,564,260.44,
03-11-2023,Cloting,354,1008,40.61,
2025.03.03,Furniture,145,250,392.98,
"Oct 04, 2023", Clothing,272,476,39.96,
2024.11.25,Electronics,?,1032,$259.12,
2023.06.05,Toyz,152,335,25.43,
2023.06.06,furniture,,311,411.55,
18-Feb-25, Electronics ,-452,1023,$242.37,
04/19/2023,Toyz, ,544,23.93,
02/23/2023, Electronics ,292,478,N/A,
2025.02.05,FURNITURE ,168,481,414.17,
"Dec 22, 2023",Cloting,354,na,"38,52",
"Nov 16, 2024",clothing,331,605,38.34,
01-08-2024,Clothing,331,573,$41.09,
02-Aug-24, groceries ,-408,1120,8.91,
16-02-2025, Clothing,422,890,41.72,
"Sep 04, 2023",Furnitature,64,158,381.96,
20-03-2023,Electronics,280,620,251.52,
01-Oct-23,Clothing,-209,408,38.81,
15-02-2023, Clothing,475,986,"40,95",
2023.03.16,Toys,194,339,$24.05,
"Sep 09, 2023",GROCERIES ,354,744,N/A,
"Dec 26, 2023",Electronics,426,na,$241.27,
2024.01.14,FURNITURE ,103,239,409.47,
07/20/2023, Toys ,148,322,$25.25,
19-06-2025, Toys ,211,339,24.83,
12-Feb-23,groceries,621,1621,8.46,
21-04-2023, furniture,101,186,396,
02-12-2023,CLOTHING,367,676,40.27,
2025.03.05,Cloting,-577,1180,38.56,
07/26/2023,groceries,548,1178,8.61,
2025.02.15,clothing,379,850,40.66,
"Jan 09, 2023", Electronics ,241,522,254.38,
"Jan 11, 2023",Toys,196,519,$24.12,
10-02-2024,groceries,437,,8.31,
02/13/2024,Groceries,746,null,8.45,
"Aug 05, 2024", groceries ,423,636,8.64,
2023.11.07,toys,217,453,26.06,
2024.11.12, Toys ,225,666,$25.45,
05-12-2023,Cloting,333,527,38.97,
2023.01.23, groceries ,666,1762,NULL,
12-May-25,Grocery,645,1438,$8.71,
07-09-2023,Electronics,218,537,258.17,
"Jul 23, 2023", Electronics ,180,na,259.12,
11/13/2024, Toys ,NULL,451,24.18,
2024.12.29,ELECTRONICS,404,1155,247.31,
2023.07.16,clothing,284,606,$41.55,
11-Dec-24, furniture,161,268,418.41,
30-06-2024,groceries,484,1308,8.37,
"Jul 15, 2023", Electronics ,194,466,245.87,
13-09-2023,Grocery,478,927,8.55,
29-Apr-24, groceries ,646,1835,$8.86,
10-11-2023,ELECTRONICS,182,385,253.13,
04-03-2025, groceries ,793,1916,8.17,
"May 30, 2023",ELECTRONICS,329,710,$247.86,
2025.01.04,furniture,102,228,407.42,
26-Sep-23,Electronics,188,556,$253.26,
18-May-25, Electronics ,349,779,238.59,
2023.05.23,FURNITURE ,132,208,379.36,
"Apr 01, 2023",Cloting,329,920,$39.86,
20-02-2023, Clothing,-358,987,39.94,
04/30/2023,Groceries,716,1732,"8,55",
2024.03.09,Furnitature,119,255,416.99,
06-10-2024,ELECTRONICS,?,265,$258.52,
05-Apr-24,ELECTRONICS,321,875,$259.04,
"Nov 27, 2023",FURNITURE ,120,189,388.88,
"Oct 06, 2024",GROCERIES ,340,806,8.45,
23-06-2024, Toys ,152,?,"24,75",
19-Feb-24,electronics,317,482,246.57,
10-Feb-25,toys,208,482,$24.96,
02-11-2023,Toyz,189,568,"24,90",
2023.10.02,electronics,N/A,418,253.65,
10/17/2024,Cloting,-272,795,40.1,
"Aug 21, 2024",FURNITURE ,94,268,$399.56,
"Apr 13, 2023",furniture,125,272,$386.19,
22-05-2024,ELECTRONICS,349,873,$246.91,
2025.04.06,electronics,358,952,250.27,
2023.07.17,CLOTHING,273,706,$39.72,
26-Nov-24, furniture,173,499,391.27,
04-11-2024,Furniture,113,287,399.26,
2023.06.09, Clothing,-338,861,$38.83,
04-05-2023,Cloting,-400,625,40.7,
12-Aug-23,ELECTRONICS,183,489,239.01,
07-07-2023,Cloting,270,N/A,38,
"Jul 20, 2024",Groceries,454,1349,$8.28,
"Sep 04, 2024",ELECTRONICS,249,515,252.69,
05-02-2023,Electroncs,349,622,238.04,
08/31/2024, furniture,70,206,$379.34,
28-07-2024,furniture,86,177,394.68,
05-06-2023,Electronics,291,651,$254.69,
04-Apr-23,furniture,152,402,381.45,
2024.12.10,furniture,161,347,"396,76",
02-04-2024,Cloting,492,1008,39.45,
17-Nov-24,CLOTHING,70,205,39.11,drop
2023.07.28,Grocery,390,701,8.28,
2024.10.19,Electroncs,185,448,242.22,
15-Aug-23, Clothing,287,519,40.45,
20-Nov-23,Toyz,174,417,24.19,
10-01-2024, Clothing,285,480,$39.55,
15-12-2024, furniture,129,236,$416.13,
14-04-2024, Toys ,-193,511,25.74,
19-07-2024,Toys,134,218,$26.09,
25-Apr-24,groceries,725,1358,8.79,
18-Feb-23,Toys,165,421,$24.50,
07-05-2025,Furnitature,181,492,387.69,
05/31/2025,GROCERIES ,501,1061,8.53,
01/30/2024, groceries ,651,1628,8.52,
2024.09.06,CLOTHING,204,439,$38.69,
2023.05.12, groceries ,na,1110,8.46,
2024.09.23, Toys ,115,271,25.35,
01-05-2025,clothing,426,1005,41.09,
"Jul 02, 2023", furniture,88,230,$394.91,
15-Jun-23,GROCERIES ,630,1683,8.13,
"Dec 08, 2023",Furnitature,105,237,398.99,
04-Sep-24,Furniture,96,193,"401,79",
01-09-2024,toys,119,306,25.26,
07-08-2023, Toys ,131,238,25.25,
16-03-2025,furniture,137,395,389.49,
19-Nov-23, Toys ,180,278,25.24,
2023.04.27,ELECTRONICS,317,857,248.15,
06-09-2024,Electroncs,273,548,248.02,
02/29/2024,Electronics,364,720,$243.21,
"Sep 15, 2023",Groceries,384,758,"8,07",
19-Mar-24,groceries,762,1749,8.88,
"Feb 26, 2025",Grocery,814,1456,$8.10,
03-Dec-23,Toyz,-190,444,$25.45,
"Nov 10, 2023",Furnitature,96,269,$404.56,
31-Jan-25,Furniture,118,196,396.21,
"Jan 08, 2024",Furniture,,292,$409.50,
17-06-2024, groceries ,557,1206,8.33,
30-04-2024, Electronics ,439,724,255.04,
06/28/2024,Electronics,227,623,249.36,
2024.07.17,clothing,-380,816,$40.43,
2025.03.13,GROCERIES ,770,na,$8.38,
23-02-2025, Toys ,175,335,24.61,
11/14/2024,Electronics,359,1024,248.91,
28-Jan-23,Groceries,564,1560,$8.79,
"Jan 04, 2024",Clothing,381,1135,41.79,
25-09-2023,Toys,101,272,25.65,
16-Jul-23,furniture,,158,382.14,
"Oct 25, 2023",Electroncs,230,621,null,
04-10-2023,Grocery,471,1309,"8,59",
2025.03.15, groceries ,629,1680,$8.68,
"Nov 20, 2024",Electroncs,454,706,256.46,
16-01-2024,toys,197,362,23.84,
15-06-2024,Electronics,269,698,248.05,
21-10-2024, Clothing,229,545,41.46,
2023.05.27,toys,171,362,23.93,
30-Sep-24, groceries ,362,903,8.62,
02-01-2025,toys,178,312,24.12,
2023.10.04,TOYS,?,,24.18,
17-07-2023,ELECTRONICS,205,390,249.53,
13-06-2024,CLOTHING,386,657,"39,31",
2024.04.19, Electronics ,N/A,659,240.57,
05/16/2025,TOYS,190,558,23.72,
"Mar 29, 2023",Cloting,485,758,39.92,
"Jan 26, 2025",clothing,386,670,$41.31,
25-01-2024,Clothing,-392,994,38.66,
2025.06.03,Electronics,421,1123,256.15,
26-Jul-24, groceries ,379,932,8.36,
2023.04.30,Toyz,177,279,"24,66",
07-Jan-24,Groceries,528,946,$8.07,
08-12-2024, groceries ,649,1729,$8.75,
2025.05.10, groceries ,559,1457,"8,55",
04/25/2024,Toyz,224,442,24.28,
2024.01.03,TOYS,-201,359,24.26,
22-Dec-24,Electroncs,379,911,245.19,
05/26/2024,clothing,340,847,40.39,
02-02-2025,FURNITURE ,-120,254, ,
27-08-2024, Toys ,N/A,433,$25.73,
"Jun 20, 2025",ELECTRONICS,302,854,246.24,
"May 09, 2023",Clothing,474,1395,$38.68,
21-06-2023, groceries ,671,1950,,
"Sep 09, 2024",Clothing,241,423,39.86,
05-Jan-23,FURNITURE ,422,1218,410.38,spike
2025.02.15,Electronics,302,496,237.52,
03-04-2025, Electronics ,449,962,,
12/29/2024,Cloting,436,882,$41.13,
29-Apr-25,Electronics,?,?,260.47,
12-May-25,furniture,139,319,413.43,
"Apr 04, 2024",Groceries,751,1396,8.22,
"Feb 01, 2025",Toys,172,370,23.89,
25-03-2023, groceries ,615,1362,$8.59,
03-09-2024, Electronics ,320,863,252.14,
06/29/2024,TOYS,157,442,24.8,
"Apr 12, 2023",FURNITURE ,163,478,396.58,
"Dec 14, 2023",Groceries,711,1809,"8,68",
"Jul 13, 2023",TOYS,153,311,$25.06,
05-03-2025,GROCERIES ,879,2473,$8.85,
2023.07.30, furniture,80,124,418.19,
"Jun 07, 2023", Clothing,435,835,$38.50,
04-Oct-24,Toyz,108,302,24.74,
"May 25, 2024",Furniture,104,242,417.34,
06/27/2025,clothing,287,693,"38,20",
2023.05.21,Furniture,100,206,"386,49",
14-Feb-24,furniture,157,N/A,$409.36,
10-12-2023,Toyz,171,486,$26.03,
15-Oct-24,CLOTHING,281,544,39.57,
16-09-2023,furniture,69,148,$389.11,
03-05-2025,Toyz,189,389,,
04/22/2024,Furniture,141,289,$389.55,
05/16/2024,Groceries,759,1503,$8.49,
30-Oct-24,clothing,298,880,$38.61,
2024.02.07, Clothing,489,1144,39.69,
21-04-2025,groceries,712,2053,8.27,
03-Nov-24, Electronics ,-312,814,251.76,
24-Jun-25,Electroncs,372,857,$243.36,
01-Jan-24,GROCERIES ,567,901,8.14,
"Jul 25, 2024",clothing,-320,720,38.38,
2025.05.11,Grocery,627,1017,$8.41,
"Mar 23, 2024", groceries ,584,1179,$8.58,
"Jan 30, 2025", Electronics ,383,790,257.41,
12-Nov-23, Clothing,325,495,41.97,
2024.02.25, groceries ,,1263,"8,90",
"Sep 29, 2024",Toys,331,886,25.64,spike
08-03-2025,Clothing,368,576,$39.65,
06/29/2025,CLOTHING,1264,3134,$38.44,spike
15-May-25,electronics,376,?,$246.89,
03/31/2023,TOYS,181,504,24.01,
01-Jan-25,groceries,715,1612,8.59,
2024.09.23,Furnitature,78,140,382.91,
2024.01.28,Cloting,341,514,41.12,
09-06-2024,Furnitature,72,120,410.97,
11/22/2023, Toys ,231,377,25.64,
2024.10.08, groceries ,48,127,8.61,drop
22-Sep-24,electronics,202, ,$248.38,
08-05-2024,ELECTRONICS,234,,256.17,
"Oct 05, 2023", Toys ,122,183,25.32,
"Apr 10, 2023",Cloting,357,663,41.9,
"Jun 30, 2025",TOYS,173,295,24.97,
"Nov 06, 2023",Toyz,171,,$23.74,
07-03-2025, furniture,-115,227,"417,86",
"Dec 04, 2024", Electronics ,395,744,246.86,
"Oct 27, 2023",Clothing,216,524,39.92,
"Jul 16, 2024",toys,186,492,24.43,
02-05-2025,CLOTHING,500,1011,$40.08,
"Aug 19, 2024",Electronics,190,400,248.94,
09-Nov-23, Toys ,195,297,25.42,
2025.05.18, Toys ,na,534,"26,01",
07/26/2023,ELECTRONICS,263,778,240.9,
02-Dec-23, Toys ,166,,25.85,
07-Oct-23, Toys ,-97,212,24,
12-May-24,Clothing,360,767,39.52,
02-08-2023,toys,211,477,25.13,
04-Aug-24, furniture,86,134,379.28,
01/18/2024,groceries,613,1612,,
03/17/2025,GROCERIES ,699,1733,8.58,
"Dec 13, 2024",ELECTRONICS,362,955,247.82,
2023.05.31,TOYS,200,490,26.15,
29-11-2023,Toys,217,576,24.41,
09-Oct-23, Clothing,233,365,$38.72,
2024.04.22,Groceries,572,989,$8.41,
"Jan 15, 2025", Electronics ,392,,251.24,
04-03-2025,TOYS,263, ,24.91,
04/25/2025,Clothing,343,1000,41.73,
2025.05.20,TOYS,235,475,$26.01,
"Apr 23, 2025",CLOTHING,526,1213,"40,99",
01-04-2024,TOYS,189,363,"24,85",
09-Jul-23,Clothing,297,729,38.12,
05-Jun-24,CLOTHING,470,823,"38,55",
03/17/2024,Furniture,132,na,399.37,
"Aug 05, 2023",FURNITURE ,67,190,410.9,
"Jun 28, 2025",ELECTRONICS,253,667,262.01,
08/31/2023,FURNITURE ,77,152,$404.34,
03-04-2023,ELECTRONICS,309,925,249.08,
22-03-2023,TOYS,223,370,$25.31,
15-06-2025, Clothing,344,867,,
30-10-2023,clothing,240,427,$40.55,
11-07-2023,Electroncs,274,593,"260,59",
27-10-2023,TOYS,98,242,$24.74,
11/13/2024, Clothing,441,1314,40.36,
04/18/2025,clothing,394, ,41.5,
"Sep 21, 2024",Toyz,121,null,"24,74",
17-Apr-24,clothing,457,913,$39.46,
09/22/2023, Electronics ,140,236,253.15,
05-02-2023,groceries,802,2374,$8.78,
2024.06.01,toys,162,282,$23.98,
07/20/2024,Cloting,243,423,40.14,
12/31/2024,Toys,262,412,"24,31",
07/18/2024,Electroncs,241,655,$239.42,
27-Apr-25,Grocery,670,1726,8.19,
2023.05.28,Clothing,331,970,40.4,
31-Mar-23,GROCERIES ,631,1199,8.61,
2024.12.17,groceries,null,1461,$8.76,
12-11-2024,Toyz,236,457,24.23,
18-Jun-24,Groceries,758,1954,"8,55",
"Jun 01, 2025",electronics,344,831,261.6,
05-10-2023,CLOTHING,242,,39.5,
28-Oct-24, Electronics ,N/A,590,260.39,
11-Sep-23,Furnitature,67,165,$392.17,
10/16/2023,Electronics,172,373,242.63,
2025.05.22,Cloting,480,764,41.35,
05/29/2023,Toyz,169,259,25.67,
28-May-24,Cloting,447,909,"41,04",
"Feb 16, 2024",FURNITURE ,119,230,403.26,
02-09-2025,Toyz,208,331,,
12-08-2023,Furnitature,58,130,$387.79,
21-Feb-25,Cloting,425,828,$40.98,
07-02-2024,Grocery,675,1664,$8.46,
"Jun 22, 2025",CLOTHING,-304,697,40.91,
21-07-2023,groceries,420,661,8.28,
"Feb 12, 2024",Toys,-189,312,"25,03",
"Jan 20, 2024",Toys,149,251,"24,84",
20-Mar-24,Toys,266,733,$25.80,
18-Jun-24,CLOTHING,431,775,38.34,
"Jan 28, 2025",Grocery,670,1631,$8.79,
11-05-2023,Furniture,121,209,403.87,
11/13/2023,FURNITURE ,123,332,387.95,
24-Mar-24,Groceries,-554,1610,8.13,
"Jul 02, 2023",ELECTRONICS,249,562,$238.04,
10/26/2024,furniture,63,120,404.91,
2025.06.09,FURNITURE ,134,254,411.03,
"Jan 10, 2023",GROCERIES ,667,1697,8.79,
22-07-2023,furniture,75,na,391.62,
11-Jun-25,Cloting,459,868,NULL,
11-Apr-24,Toyz,215,414,24.79,
08-Apr-24,Furniture,123,246,$400.86,
04-03-2024,Cloting,538,1520,40.2,
"Jul 28, 2024",electronics,250,389,251.58,
11-Oct-23, Toys ,134,309,"24,52",
10-01-2024,CLOTHING,398,1190,38.83,
26-Apr-24,electronics,305,612,243.74,
03-06-2024,GROCERIES ,577,1342,8.23,
28-Jun-24,Toys,161,329,25.3,
02/22/2024,GROCERIES ,691,na,$8.71,
10/23/2024,GROCERIES ,482,835,8.72,
"May 23, 2024",groceries,null,1151,8.9,
29-Jan-25, furniture,161,424,NULL,
25-04-2025,Furniture,127,299,413.25,
"Feb 17, 2025",CLOTHING,422,1010,40.31,
05-12-2024,Grocery,646,1658,8.22,
2024.09.16,Groceries,353,,8.23,
"Feb 04, 2023", furniture,92,243,390.21,
29-May-24,Furniture,157,386,391.02,
02-09-2024, Clothing,318,641,38.99,
2024.01.26,clothing,337,967,$40.99,
25-May-24,Groceries,593,1656,8.8,
13-05-2025,Toyz,276,586,"24,14",
02-09-2024,FURNITURE ,-113,325,$397.86,
"Jan 27, 2023",toys,135,336,$25.89,
2023.03.31,Furniture,94,237,$398.50,
24-05-2025,FURNITURE ,125,252,407.25,
18-Feb-23,FURNITURE ,89,224,$394.99,
07-01-2023,Furnitature,94,273,$417.84,
01-07-2023,clothing,282,NULL,38.61,
16-02-2024,Clothing,329,NULL,$39.51,
03/21/2024,TOYS,42,114,26.02,drop
04-Aug-24,Clothing,249,643,39.54,
2024.05.20,TOYS,192,297,23.78,
22-01-2025,Grocery,703,1450,8.21,
12-02-2025,Electroncs,435,869,$253.25,
06/18/2025,Toys,233,693,26.09,
01-05-2024,clothing,550,1436,$41.56,
07-Apr-23,electronics,261,781,"245,04",
2024.11.15,clothing,306,767,"41,90",
13-Aug-24,ELECTRONICS,263,771,$245.70,
27-02-2023,Electronics,284,850,255.28,
06-11-2023, Clothing,320,699,41.63,
01-06-2024,GROCERIES ,496,null,8.55,
"Mar 02, 2025", groceries ,627,null,$8.11,
2023.06.04,GROCERIES ,568,900,8.11,
05-04-2023,Electronics,311,909,260.68,
28-Oct-24,CLOTHING,202,314,39.63,
"Dec 26, 2024",Toys,243,461,23.91,
04-Dec-24,Toyz,283,719,24.42,
2025.06.03, Clothing,478,870,"41,03",
11-Aug-23, furniture,69,178,380.6,
05/18/2024,Groceries,596,1737,8.43,
08-Apr-24,CLOTHING,413,975,39.47,
"May 23, 2023",CLOTHING,null,951,$40.35,
04/28/2025, Clothing,418,1026,"38,51",
2024.12.28,Toyz,191,438,"25,62",
"Jan 14, 2023",CLOTHING,310,504,38.98,
06-09-2024,Furnitature,123,225,404.27,
07/17/2024,groceries,586,1361,$8.68,
11-04-2023, Clothing,312,793,$41.59,
04/25/2025,Groceries,638,1789,"8,68",
"Oct 05, 2023", furniture,72,186,$397.21,
2024.06.02,Toys,168,331,24.7,
14-Feb-23,CLOTHING,431,819,$39.58,
"Nov 27, 2023",clothing,367,626,$41.79,
08/23/2024, furniture,77,134,$409.48,
"Apr 22, 2024",Electronics,344,948,247.65,
2024.10.07, Toys ,114,265,24.48,
07/15/2023,TOYS,120,214,25.33,
28-05-2024,GROCERIES ,736,1286,$8.76,
"Feb 01, 2023",ELECTRONICS,307,784,242.85,
21-Sep-23,Toys,119,356,$25.90,
"Mar 08, 2023", Clothing,472,829,39.6,
07-02-2024,Toys,205,484,25.67,
01-04-2025,CLOTHING,505,906,"39,43",
03/31/2024,Toys,177,528,$23.85,
01/24/2025, Electronics ,265,417,"260,30",
"Aug 19, 2023",ELECTRONICS,169,492,245.27,
11-Jan-25,CLOTHING,363,545,39.61,
01-Aug-24,Furniture,-103,184,"404,19",
02-02-2025, Toys ,194,362,"24,78",
06-Feb-24,Grocery,691,1813,8.51,
24-Jul-23,clothing,259,607,$41.80,
2024.02.02,Groceries,531,1222,$8.33,
06/30/2024,FURNITURE ,94,257,395.13,
"Jul 30, 2024",Furniture,121,332,"383,43",
28-Feb-23,TOYS,206,417,$25.97,
11-05-2023,Electronics,307, ,261.05,
29-Jan-25, furniture,161,424,NULL,
15-04-2025,TOYS,247,413,24.17,
11-12-2024,Groceries,-923,2384,$8.34,
2024.07.26,furniture,91,198,$404.28,
17-Sep-24, furniture,94,238,398.67,
05-10-2024,Toys,169,467,25.22,
"Nov 09, 2024",ELECTRONICS,-305,536,254.08,
2023.05.16,ELECTRONICS,375,780,260.23,
25-09-2023,Groceries,390,771,8.5,
04/15/2023,Electroncs,261,553,242.74,
2025.05.24,Toys,187,549,26.07,
2023.06.30,GROCERIES ,489,1452,8.25,
03-Apr-25, Clothing,513,1430,38.69,
03/13/2023,clothing,395,666,39,
06-06-2023,groceries,-750,NULL,8.54,
03-12-2023,Groceries,593,1306,$8.84,
2024.08.03,TOYS,123,337,$25.81,
02-06-2023,FURNITURE ,91,225,"382,14",
11-09-2023,TOYS,106,288,25.49,
10-Dec-24,clothing,506,1055,39.7,
"Aug 26, 2023",ELECTRONICS,168,273,256.19,
2023.02.07,FURNITURE ,132,234,415.74,
2025.03.06, Electronics ,435,945,260.39,
25-05-2023,Electroncs,299,723,$257.04,
"May 07, 2024",Clothing,495,994,39.82,
"Feb 04, 2023",CLOTHING,318,838,$38.79,
11-Jan-24,Cloting,370,594,$40.25,
2024.02.07,Groceries,800,1846,NULL,
"Nov 09, 2024",Furnitature,104,216,$415.48,
11/16/2023,furniture,112,222,407.58,
2023.08.06,Cloting,262,732,41.66,
09-03-2023,Clothing,220,529,41.72,
2024.04.19,TOYS,200,405,"24,85",
24-01-2024, groceries ,776,1417,8.62,
2024.10.12,groceries,318,900,"8,11",
05/26/2024,clothing,340,847,40.39,
2024.09.03, Toys ,-146,403,24.2,
2025.02.21,Groceries,583,1712,$8.68,
12/13/2024,GROCERIES ,639,1838,$8.26,
2025.06.01,CLOTHING,372,660,$41.32,
2025.02.14,electronics,1107,3220,250.36,spike
01/21/2023, groceries ,-497,1350,8.26,
21-02-2023, Electronics ,306,580,$259.04,
2023.05.01, Clothing,366,1003,41.59,
2024.11.21,Cloting,454,1042,41.96,
2023.03.20,Groceries,2439,6112,8.72,spike
28-07-2023,toys,?,184,$26.10,
10-Mar-24, groceries ,634,1482,$8.37,
21-12-2024,clothing,407,988,38.15,
"Aug 25, 2024",Electronics,191,NULL,$248.52,
2024.03.23,Electroncs,296,461,247.57,
06-Jul-24,TOYS,155,319,24.24,
2025.04.27, Toys ,194,546,23.84,
"Mar 02, 2024",Toyz,166,251,25.67,
02-03-2025,Furnitature,129,383,,
"Apr 28, 2024",Furniture,-121,223,392.16,
12-Aug-24,ELECTRONICS,207,449,245.09,
22-Jan-25,Clothing,449,na,39.38,
22-Aug-23,Cloting,301,726,41.06,
26-Aug-24,FURNITURE ,-77,200,$390.22,
29-Jan-23,electronics,246,406,$255.36,
28-01-2025, Electronics ,374,1095,251.89,
14-08-2023,Toys,126,null,$26.18,
11-Mar-23,Furniture,101,251,401.32,
03-11-2024,Electronics,316,850,$240.86,
08-11-2023,Grocery,736,1146,8.65,
01/23/2025, Toys ,211,433,"25,55",
"Jul 03, 2024",Cloting,387,813,$38.61,
"Nov 22, 2023",Grocery,802,2228,$8.10,
30-03-2025, Clothing,376,810,40.31,
"Jan 04, 2023", Electronics ,270,669,$248.44,
05-06-2025,GROCERIES ,796,2382,$8.79,
20-09-2023,furniture,94,168,"409,48",
"Feb 05, 2024", furniture,117,319,"384,50",
2025.05.13,Electronics,453,762,250.44,
02-Jun-25,TOYS,199,532,24.69,
02-Oct-23,Clothing,238,626,41.88,
2023.11.28, Toys ,187,335,23.71,
04-05-2025,Electronics,-376,716,$244.29,
03/23/2025,FURNITURE ,151,349,$382.87,
05-Jan-24,Electroncs,254,645,$239.43,
06/13/2025,Toyz,157,468,$24.27,
"Mar 15, 2024",Furnitature,123,225,399.21,
26-03-2023,toys,183,384,24.05,
08-Jun-24,Electroncs,281,597,247.95,
10-Apr-25, Electronics ,471,1130,242.25,
"Oct 03, 2023",Cloting,258,469,"40,13",
19-06-2025,FURNITURE ,140,273,414.15,
"Jun 19, 2024", Toys ,207,311,25.5,
22-Apr-23,ELECTRONICS,280,598,261.5,
2023.07.27,Furnitature,-103,209,$384.61,
11/17/2023, Electronics ,229,439,$262.36,
"Feb 16, 2024",Electroncs,249,415,$261.37,
04/19/2025, Electronics ,352,549,$249.98,
12-10-2023,Cloting,375,1000,$40.79,
"Nov 08, 2024",Furniture,105,258,$395.63,
14-03-2023,Clothing,427,914,38.45,
10-Aug-24,ELECTRONICS,N/A,313,253.11,
24-03-2025,groceries,649,1553,$8.48,
04/29/2023,Furnitature,109,302,$397.35,
"Feb 10, 2024",FURNITURE ,94,252,$416.02,
"Dec 30, 2024",CLOTHING,458,912,38.64,
2023.05.05,Electroncs,269,519,246.27,
02-10-2023,Grocery,590,1568,8.76,
"Jun 11, 2025",Furniture,NULL,279,405.89,
"Aug 04, 2023",Toyz,108,260,25.72,
16-04-2025,Grocery,891,2353,8.72,
2023.03.23,Grocery,832,2336,8.19,
"Jun 26, 2024",Electroncs,334,850,$260.27,
10-05-2023,Electronics,168,na,257.5,
30-Jan-25,clothing,423,1212,41.35,
04/16/2024,Furnitature,174,444,$409.08,
05-Dec-24,groceries,779,1752,"8,69",
21-03-2023,CLOTHING,410,885,$39.57,
"Apr 14, 2023", groceries ,622,1503,$8.65,
24-Jan-24,Toyz,43,68,24.11,drop
"Jul 18, 2023",furniture,107,251,$394.44,
03-09-2024,toys,184,279,23.94,
2023.06.15, Toys ,176,517,24.91,
25-Sep-23,FURNITURE ,68,150,394.55,
07-06-2023,electronics,379,814,$255.26,
24-May-23, Electronics ,336,713,261.02,
05/14/2025,furniture,185,406,NULL,
2023.12.21,Electroncs,375,630,$250.72,
21-Jan-25,Furnitature,161,NULL,"384,78",
2023.07.14,Furniture,89,145,379.71,
2023.06.28,toys,193,393,23.96,
09-Jul-24,Toyz,204,491,24.2,
10-Jan-23,furniture,110,211,"382,14",
06-01-2025, groceries ,553,?,"8,46",
2023.04.03,TOYS,-175,518,24.29,
2024.03.10,CLOTHING,2007,4465,$38.16,spike
03/17/2024,Toyz,188,515,"24,67",
2025.03.20,TOYS,233,502,24.3,
27-01-2023,Furnitature,92,192,402.79,
01-Feb-23, Clothing,446,1138,38.69,
"Mar 06, 2025",toys,216,461,$24.80,
2025.02.01,CLOTHING,371,997,40.68,
09/29/2023,TOYS,97,156,"24,67",
19-Feb-25, groceries ,838,2442,$8.70,
12-Dec-24,TOYS,225,493,23.77,
08-Jan-25,Grocery,620,1544,8.2,
2024.11.01,Toys,153,376,24.07,
11-Aug-23,CLOTHING,240,467,38.92,
05-02-2025,Electronics,394, ,256.94,
26-Jan-25,furniture,114,252,381.82,
11-02-2023, Clothing,378,1073,38.36,
06/26/2023,Electronics,250,516,261.59,
2025.03.07, Toys ,-194,459,23.91,
20-Aug-24,ELECTRONICS,248,439,"256,97",
01-05-2024,Electronics,426,736,$246.20,
16-07-2024,FURNITURE ,124,316,"409,06",
2024.08.23,Grocery,366,877,8.34,
04/18/2024, groceries ,736,1246,8.75,
08/14/2024, groceries ,553,1259,8.36,
06/25/2023, Clothing,284,554,41.32,
"Apr 03, 2025",Furniture,179,471,408.96,
"Feb 06, 2024", Clothing,420,677,38.54,
26-02-2023, Clothing,348,926,"39,23",
"Nov 20, 2023",Electroncs,286,594,241.24,
21-09-2024,electronics,166,269,"254,61",
"May 26, 2023", Clothing,309,622,41.3,
16-11-2023,toys,188,365,"24,36",
12/22/2024, Toys ,225,440,$24.96,
23-May-25,Electronics,296,447,250.51,
2023.01.16,Clothing,319,778,39.98,
"Oct 29, 2023",ELECTRONICS,180,523,259.25,
"Nov 17, 2023",furniture,105,230,$410.61,
16-Apr-23,Grocery,608,1267,$8.57,
20-04-2024,Electroncs,307,808,246.98,
"May 01, 2024", groceries ,862,2065,"8,59",
07-05-2025,electronics,440,1207,257.39,
10-08-2024,clothing, ,378,38.95,
2023.05.12,Electroncs,228,476,249.86,
01-01-2024, Clothing,321,482,$38.70,
03-06-2025,Clothing,456,882,40.42,
06-Feb-25,Furniture,152,359,"409,13",
06-Jan-25, furniture,111,,386.36,
14-Nov-24,Toyz,223,413,26.03,
03-07-2024, furniture,149,349,$412.66,
20-Aug-24,TOYS,150,323,25.44,
31-Jul-23,Furnitature,79,171,390.33,
2025.05.29,FURNITURE ,160,465,$382.58,
02-Jul-24, Toys ,186,415,"24,13",
10-Aug-24,furniture,75, ,400.51,
03-02-2023,GROCERIES ,764,1491,8.18,
2023.05.22, Clothing,1188,2088,"39,90",spike
15-06-2024,Cloting,330,632,41.03,
02/23/2023,toys,192,567,$24.49,
08-Aug-24,Groceries,479,1331,8.33,
08-07-2024,furniture,105,255,391.85,
"Aug 27, 2024",Cloting,259,448,39.11,
07-Jan-25,Electronics,325,639,239.11,
28-Dec-23,Furniture,147,na,402.59,
01-04-2025, groceries ,479,845,8.36,
01/26/2023,Groceries,656,1950,8.14,
2023.01.26,ELECTRONICS,315,544,239.2,
01/17/2025,TOYS,146,357,25.91,
"Nov 23, 2024", Clothing,309,609,41.05,
31-08-2023,electronics,211,601,250.55,
"Feb 28, 2024",Furnitature,159,386,383.77,
2025.03.04, Clothing,489,817, ,
29-11-2023,Furniture,154,257,409.83,
24-Oct-23,clothing,277,519,$38.36,
15-Sep-24,groceries,385,965,8.84,
"Dec 09, 2024",Cloting,372,593,NULL,
2024.02.19,groceries,-641,1239,"8,07",
20-Mar-25,groceries,703,1573,N/A,
2024.12.03,toys,265,597,25.46,
"Jun 21, 2024",TOYS,173,420,25.72,
02-11-2023,Clothing,338,554,40.89,
24-Mar-25, Electronics ,368,673,$239.24,
25-Apr-23,furniture,138,401,405.57,
02-02-2023, Electronics ,270,664,242.04,
2023.07.03,groceries,552,1097,8.24,
11-06-2024,Electroncs,344,681,247.32,
12/28/2023,Toyz,216,608,25.24,
2023.05.18,FURNITURE ,122,N/A,$387.52,
03-02-2023,Toyz,206,597,"25,67",
13-06-2023,groceries,681,1686,8.38,
22-May-24,TOYS,236,581,26.07,
10-07-2024,Groceries,347,750,8.31,
15-Apr-23,TOYS,NULL,28,"25,67",drop
02-10-2024,clothing,292,831,39.31,
07-02-2024,Cloting,393,766,38.44,
09/29/2023, groceries ,313,883,8.39,
"May 21, 2023",Clothing,388,869,40.51,
2024.11.11,CLOTHING,407,1098,"38,49",
"Sep 01, 2023", Toys ,105,na,$24.47,
10-Jun-25,Cloting,478,1044,$38.68,
10-Jun-24,Toys,157,388,25.54,
02-08-2023,Cloting,329,893,"40,42",
2025.05.06,Clothing,598,1744,$40.27,
"Jan 21, 2025",TOYS,208,510,24.81,
22-01-2025, Electronics ,404,796,239.31,
29-Jul-24,GROCERIES ,436,999,$8.32,
15-Apr-24, furniture,129,322,412.95,
21-01-2025,Electronics,373,1119,238.35,
01/31/2023,Clothing,398,,41.19,
2023.01.02,Toyz,146,253,"24,10",
06-Dec-24,Furniture,120,221,400.04,
2024.03.03,toys,155,261,$24.93,
"Jul 14, 2024", groceries ,477,891,$8.16,
11/26/2023, Clothing,335,796,$40.55,
11/28/2024,Furniture,null,309,"393,27",
03/27/2023, groceries ,730, ,$8.50,
"Dec 31, 2024",Groceries,811,1446,8.25,
"Feb 17, 2023", Toys ,174,379,25.19,
10-01-2023, groceries ,374,812,"8,39",
15-10-2024,ELECTRONICS,-211,622,259.38,
24-08-2023,furniture,88,164,382.4,
2024.10.18,TOYS,N/A,269,24.86,
26-Oct-23,Toys,121,203,$25.37,
19-Jan-23,Furniture,116,237,390.86,
01/16/2025, Toys ,203,,25.84,
2023.06.10,Groceries,556,927,8.52,
10/24/2024,Furnitature,88,259,405.53,
20-11-2024,Grocery,780,1600,8.48,
04-Aug-23,CLOTHING,237,null,39.29,
2024.01.28, furniture,109,187,"403,68",
2025.03.01,Electronics,328,805,$253.23,
05/31/2025,FURNITURE ,125,201,416.02,
2023.10.31,groceries,538,1584,$8.29,
2025.03.08,TOYS,204,599,25.03,
"Dec 18, 2023", Clothing,445,822,"41,23",
2023.11.11, groceries ,538,1199,$8.78,
29-Dec-24,Furniture,160,399,394.2,
11-05-2023,Groceries,716,1991,8.44,
2025.04.12,CLOTHING,422,973,$38.01,
06/25/2023,TOYS,146,358,24.37,
11-Feb-24, furniture,120,280,$396.73,
20-07-2024,toys,138,255,24.51,
07-02-2023, Clothing,298,569,38.73,
20-Jan-23,Clothing,300,568,39.51,
11-Oct-24, Toys ,103,285,$25.31,
30-Nov-24,GROCERIES ,621,974,8.88,
02-06-2023, Toys ,164,248,25.08,
19-06-2023,Grocery,560,1263,8.17,
23-02-2024,Cloting,342,652,38.83,
2023.10.05,groceries,379,1066,$8.67,
"Oct 07, 2023",Clothing,196,516,40.85,
03/20/2025,electronics,415,997,259.44,
01/27/2023,Groceries,541,968,8.91,
03-12-2025,Furnitature,180,437,387.03,
2023.05.02,FURNITURE ,137,348,$412.64,
29-05-2025,ELECTRONICS,384,1027,$240.07,
"May 24, 2024",Toyz,-186,534,$25.21,
08/13/2023, Toys ,-116,332,25.03,
"Feb 05, 2023", Electronics ,263,737,253.22,
20-11-2023, furniture,114,269,398.76,
2025.04.20, Electronics ,354,835,237.77,
2024.12.31,clothing,547,1253,39.98,
02/18/2025, furniture,180,406,382.39,
03-02-2023,furniture,135,203,$415.67,
2024.10.31,Toyz,134,296,$23.84,
05-11-2023,Electroncs,271,463,257.24,
2025.01.20,TOYS,197,540,24.41,
2024.01.14,toys,142,288,N/A,
11/22/2024,Electronics,318,942,243.62,
"Sep 07, 2024",furniture,70,128,391.86,
18-Sep-24,Furniture,95,285,$397.46,
04-03-2023,furniture,102,228,"392,26",
13-Jun-25, groceries ,562,1532,"8,82",
09-Apr-25,Furniture,184,516,416.93,
02-03-2024,furniture,116,292,$384.79,
09-Dec-24,Furnitature,124,230,404.71,
09-10-2024,Electroncs,248,699,251.55,
17-08-2024,electronics,190,414,$244.05,
06/24/2023,Toys,,231,24.22,
10-03-2023, Toys ,169,420,$25.40,
"Mar 26, 2023",GROCERIES ,651,1176,8.53,
2025.01.10, Electronics ,277,548,249.5,
"Apr 18, 2025",groceries, ,1753,8.65,
24-07-2024,TOYS,181,272,$24.79,
26-Jan-23,Toyz,171,330,24.72,
08/31/2023,Grocery,2403,5772,8.48,spike
2023.09.17, groceries ,333,679,8.84,
2024.04.06,furniture,110,249,396.13,
2024.08.08, Toys ,-152,243,25.39,
06/30/2025,clothing,364,1030,"38,53",
26-08-2024,Electroncs,202,584,$251.19,
08-05-2025,Furnitature,173,370,$415.84,
10-10-2023,groceries,462,863,8.47,
2023.08.26,Furniture,68,166,$401.59,
20-12-2023,FURNITURE ,157,336,$382.72,
2024.12.01,Electroncs,330,770,254.46,
27-Oct-24,TOYS,110,247,"24,31",
2025.01.02,Furniture,106,198,$396.29,
22-06-2024, Electronics ,260,532,250.46,
01/15/2023,Furniture,101,251,415.3,
21-Sep-23, Clothing,252,733,40.57,
2025.02.28,FURNITURE ,765,2016,$405.75,spike
06-Jan-24,toys,149,335,$25.03,
"Oct 22, 2023",Groceries,354,null,8.37,
"Jun 02, 2023",Grocery,480,1230,$8.23,
07-08-2023, Clothing,271,766,"38,12",
"Nov 03, 2023",Toyz,153,268,25.48,
24-Jan-23,groceries,745,1787,8.07,
2025.05.23, Toys ,204,394,23.96,
2025.02.12, groceries ,858,1936,$8.41,
04-05-2025,GROCERIES ,596,1551,$8.07,
21-Oct-24,Grocery,408,934,$8.68,
07-05-2025,Grocery,841,N/A,"8,44",
01/28/2023,Furnitature,89,239,415.12,
22-Dec-23,Electronics,327,900,251.28,
2024.12.03,ELECTRONICS,434,1186,$261.88,
02-07-2025,ELECTRONICS,311,880,238.39,
17-04-2023,FURNITURE ,124,370,387.24,
05-Feb-25, Toys ,243,671,"25,56",
2024.11.22,Cloting,-351,608,41.54,
14-02-2025, Clothing,369,1105,38.45,
16-Jun-23,FURNITURE ,89,135,399.03,
11-08-2023,ELECTRONICS,332,834,245.99,
14-Sep-23,Furnitature,77,221,$394.50,
2023.06.29,Furniture,97,170,393.16,
10-Apr-25,FURNITURE ,167,475,394.05,
09-Apr-25,Toyz,278,713,25.13,
"Jan 15, 2023", groceries ,585,900,8.26,
26-05-2024,GROCERIES ,561,1164,$8.82,
"Jul 04, 2023",Clothing,357,580,$38.56,
30-Nov-24,Toys,208,376,25.13,
12-03-2023,furniture,107,186,410.38,
04-01-2023,TOYS,-169,331,24.73,
01-12-2023,Electronics,275,566,261.03,
03/26/2024,TOYS,256,543,24.02,
28-12-2023,clothing,N/A,896,39.21,
"Mar 05, 2023",Electronics,275,567,255.79,
22-Apr-25, Electronics ,490,1448,$258.51,
21-Jan-23,clothing,296,708,38.08,
"Jun 04, 2024",Cloting,448,792,$39.83,
"Jun 24, 2023",electronics,-225,502,254.21,
09/16/2023,Toyz,106,194,$24.56,
"Nov 11, 2023",Toys,169,264,24.31,
15-Jan-23,toys,122,269,25.33,
01/19/2025,Clothing,307,873,$41.54,
08-09-2024,Grocery,365,766,$8.46,
04/15/2024,Groceries,676,1763,"8,72",
26-Nov-24,clothing,447,744,$40.83,
03-09-2025,toys,226,398,25.19,
08-Sep-23,TOYS,105,243,24.44,
"Nov 20, 2023",groceries,578,1451,"8,21",
20-07-2023,clothing,315,932,"38,23",
11/20/2024,Furniture,?,360,$414.03,
08-02-2023, groceries ,711,1331,8.71,
20-11-2023,Cloting,346,546,"39,07",
09-08-2024,FURNITURE ,78,141,394.79,
02/17/2025, groceries ,690,1833,"8,47",
12-Mar-23,electronics,274,486,$239.51,
01-09-2025,Furniture,124,230,$399.11,
2024.12.16, furniture,147,239,380.97,
2023.08.17,Toys,13,null,25.3,drop
10/22/2023, Toys ,103,154,26,
03-12-2025,groceries,804,1269,$8.53,
04-02-2023,furniture,115,324,396.49,
29-05-2024, Electronics ,396,737,260.62,
2024.06.17,Furniture,134,245,396.6,
16-06-2023,Clothing,298,889,38.28,
07-09-2024,CLOTHING,225,356,39.19,
03-Mar-24,Furnitature,126,356,?,
2025.01.02,clothing,369,722,40.02,
2023.01.01,Groceries,545,1255,8.89,
25-12-2023,Electroncs,328,836,"262,19",
"Jul 24, 2023",toys,131,283,$25.89,
17-06-2025,Electronics,344,553,$240.55,
24-08-2023,Grocery,412,NULL,8.39,
04-11-2023,ELECTRONICS,324,750,257.49,
06/21/2023, furniture,135,364,392.33,
26-12-2024,CLOTHING,472,1125,38.45,
01/14/2023,Toyz,131,327,$24.09,
30-07-2024,electronics,298,690,$247.31,
2023.12.28,Electronics,385,741,261.39,
"Aug 21, 2023",FURNITURE ,77,166,$389.80,
10-07-2023,Groceries,-326,592,$8.61,
06-01-2023,Electronics,204,503,248.92,
01-11-2025, groceries ,456,NULL,"8,76",
17-Aug-24,Clothing,233,363,38.44,
01-Feb-23,Furnitature,145,374,418.84,
"Apr 27, 2025",furniture,140,244,$410.55,
2024.07.24,Furniture,125,371,403.65,
06/25/2025,clothing,475,1251,$40.37,
05-05-2024, Toys ,198,565,$24.81,
2023.02.20,Toyz,179,472,25.6,
18-05-2024, Toys ,186,412,$25.91,
2023.03.09, Clothing,408,1043,39.09,
01-Jan-24,Toyz, ,235,$26.13,
29-Feb-24,CLOTHING,426,847,41.27,
02-10-2025,Clothing,419,908,39.35,
27-Oct-23,FURNITURE ,68,178,393.07,
11-11-2023, Electronics ,246,624,$240.40,
03-Jan-23,ELECTRONICS,50,127,250.91,drop
"May 31, 2025",TOYS,179,477,"25,96",
03-Mar-25,toys,217,628,23.79,
2023.02.03,clothing,349,1019,41.45,
09-06-2024,Toyz,111,309,25.1,
13-03-2024,Toyz,266,587,$25.84,
11-11-2024,TOYS,191,378,24.05,
20-Mar-24,Electroncs,417,na,254.43,
2024.08.06,electronics,281,708,261.09,
09/18/2024,GROCERIES ,523,834,8.74,
27-04-2023,Furniture,116,181,385.97,
03/22/2023,furniture,152,339,392.25,
04-11-2023,Furnitature,138,344,401.59,
24-04-2023,Electronics,296,765,$243.79,
2024.07.16,Grocery,604,1274,8.64,
2025.04.16,furniture,NULL,395,$410.33,
22-03-2025,clothing,423,828,40.33,
07/21/2024, groceries ,451,689,8.34,
06-03-2024,Clothing,369,609,39.23,
14-04-2024,clothing,397,?,40.36,
2024.02.22,toys,220,458,$24.58,
05-01-2024,Toyz,139,287,25.04,
02-11-2023,Electroncs,229,484,244.99,
23-May-24,CLOTHING,402,1072,41.57,
01-Jul-23,ELECTRONICS,null,378,$261.20,
2023.08.15, Electronics ,221,653,238.47,
21-03-2025, Toys ,195,?,"23,83",
"May 28, 2025",clothing,497, ,NULL,
12-05-2024,TOYS,183, ,24.03,
2023.03.18,Furniture,109,311,$400.35,
"Mar 07, 2023", Clothing,484,1346,38.13,
09-Feb-25,GROCERIES ,620,1325,8.61,
19-Jun-24,GROCERIES ,660,1413,8.33,
2025.01.07, groceries ,682,1576,8.65,
06-Jan-25, furniture,111,,386.36,
05-05-2025,FURNITURE ,151,240,"383,50",
2023.01.19,toys,167,273,24.44,
09-11-2024,groceries,-591,1116,$8.71,
2025.05.14,GROCERIES ,873,2344,8.67,
2023.04.28,FURNITURE ,116,294,417.7,
05-05-2024,GROCERIES ,650,1919,8.64,
"Jan 21, 2024", furniture,100,203,"402,50",
12/20/2023, Toys ,244,574,25.25,
2024.09.13,clothing,173,500,41.45,
14-Jun-23,TOYS,186,285,25.82,
"Jun 08, 2024", furniture,105,241,$406.57,
"Jan 25, 2023",Toyz,204,543,24.94,
06/25/2024,Electronics,310,628, ,
20-Nov-24,CLOTHING,471,722,$41.01,
2023.09.22,Cloting,186,380,$39.84,
24-09-2023,clothing,215,541,"41,66",
15-09-2023,ELECTRONICS,149,349,251.46,
28-10-2023,toys,105,187,"24,23",
20-Jul-23,GROCERIES ,549,1246,8.33,
2025.03.19,Toyz,285,742,$25.34,
10-Mar-24, Electronics ,332,793,$253.43,
2024.12.15,Electroncs,313,792,"238,09",
16-06-2025, Toys ,189,418,23.8,
06/14/2024,Electronics,-246,415,251.23,
2024.03.19,Electroncs,410,804,$244.05,
04-05-2025,CLOTHING,405,658,38.23,
05-12-2023,CLOTHING,488,890,$39.14,
14-Jun-23, Electronics ,326,800,$259.59,
27-12-2024,Grocery,615,1073,8.86,
13-11-2023,TOYS,192,476,25.1,
03/21/2025,CLOTHING,402,738,39.17,
15-Aug-24,CLOTHING,318,641,40.61,
28-12-2024,Furnitature,145,326,402.71,
17-09-2024,GROCERIES ,401,961,$8.20,
25-02-2023,toys,151,,$25.13,
2023.02.03,GROCERIES ,533,927,8.91,
06-08-2023,Toyz,194,346,$25.21,
2023.06.16,Grocery,489,1265,8.5,
"Apr 29, 2025",Groceries,823,1422,$8.89,
"Jun 29, 2024",Groceries,520,1526,?,
05/30/2024, Toys ,-208,445,$25.91,
"Apr 07, 2024",Clothing,396,687,40.18,
12/13/2024,toys,202,346,$23.72,
08/16/2024,groceries,381,858,8.31,
2024.05.19,clothing,343,614,40.69,
19-Feb-24,FURNITURE ,124, ,$414.58,
23-03-2023,Electroncs,309,N/A,250.17,
13-08-2024,Furniture,119,258,402.97,
05/29/2024,clothing,468,1340,40.38,
11-02-2024,electronics,272,750,$258.01,
"Jan 21, 2024",toys,162,423,$23.71,
29-Jun-25, Electronics ,284,548,$242.75,
09-08-2023,FURNITURE ,63,185,395.24,
2025.04.22,groceries,767,1667,8.41,
03-11-2023,Electroncs,262,468,255.65,
"May 19, 2024",Furniture,-118, ,386.97,
12-Dec-23,CLOTHING,481,1140,38.71,
2023.09.14, groceries ,439,1174,8.5,
17-10-2023, furniture,81,151,382.73,
01-Apr-25,Toys,262,765,24.77,
03/27/2023, Electronics ,308,785,$255.16,
01/28/2023, Electronics ,251,393,246.6,
2023.03.17, Clothing,347,901,"38,50",
2023.05.29,FURNITURE ,111,299,"405,56",
2023.07.27,Electronics,227,437,$240.49,
"Jul 28, 2023",Clothing,241,388,"41,04",
2025.05.03,Clothing,363,770,$39.32,
"Feb 26, 2025",clothing,522,1387,$38.44,
01-07-2023,Grocery,457,na,8.63,
04-Oct-23, Electronics ,214,606,257.94,
26-Oct-23,groceries,419,1227,8.12,
2023.05.18,electronics,300, ,243.38,
2023.09.11, Clothing,215,536,38.41,
"Dec 09, 2023",Toys,162,425,24.81,
"Oct 20, 2024",groceries,339,1015,$8.79,
16-06-2023,toys,137,374,25.28,
"Apr 25, 2024",Clothing,466,809,41.14,
2023.07.27,Groceries,490,1294,8.32,
25-Sep-23,Electroncs,-173,null,na,
11-05-2024,toys,201,427,25.16,
09-Aug-24,Grocery, ,null,$8.43,
24-03-2023,GROCERIES ,599,1106,8.75,
2023.06.28,Groceries,641,1407,NULL,
2025.04.12,Groceries,658,1605,8.85,
"Jun 06, 2024", Electronics ,350,729,246.92,
01-03-2024,Electroncs,268,781,$238.22,
01-10-2024,TOYS,139,351,23.81,
"May 26, 2024", Toys ,190,489,24.05,
2024.01.09, Electronics ,na,590,"240,72",
05-Dec-24,Furnitature,149,245,406.41,
2025.06.07, Clothing,318,946,39.56,
"Jun 01, 2025",Toys,184,439,23.71,
2024.10.19, furniture,66,171,382.35,
2024.01.18,FURNITURE ,123,202,$405.49,
"Sep 03, 2024",Furnitature,83,?,$404.43,
10-12-2023,toys,127,328,24.43,
2024.05.06,Cloting,389,829,38.95,
06-Apr-23,Grocery,761,2172,8.53,
"Apr 28, 2024", Clothing,420,883,40.86,
02/25/2023,Furniture,na,229,$381.25,
17-Nov-24,GROCERIES ,-622,1745,$8.75,
08-Jun-23,ELECTRONICS,280,579,$241.42,
25-03-2024, furniture,141,301,403.33,
"Sep 26, 2023", groceries ,1450,2605,8.19,spike
2023.10.24,Furnitature,86,146,392.09,
24-02-2023,GROCERIES ,36,68,8.1,drop
05-Apr-25,CLOTHING,442,1251,40.11,
05-Feb-25, groceries ,null,2258,$8.56,
09-03-2023,furniture,69,198,$396.84,
2023.04.19,FURNITURE ,135,251,$385.39,
20-08-2023,groceries,384,981,"8,60",
02-04-2025,Grocery,747,1256,$8.08,
27-Jun-25,GROCERIES ,485,1376,8.62,
23-Jul-23,TOYS,132,310,$25.68,
"Jan 15, 2024",groceries,514,1487,8.57,
"Jul 01, 2024",ELECTRONICS,288,512,null,
25-Nov-24,CLOTHING,-425,1157,38.56,
08-Sep-23,Cloting,208,417,41.56,
"Nov 23, 2024",Furnitature,118,310,"411,62",
22-01-2023,Furniture,107,266,391.09,
16-Feb-23,Electronics,322,558,247.23,
11-Mar-25, Electronics ,463,1163,"251,26",
"May 09, 2023",toys,218,429,"24,86",
2024.12.14,Furniture,122,193,$403.74,
01/13/2025,Cloting,342,809,38.24,
27-May-23, furniture,93,229,384.03,
06-01-2025,Clothing,348,828,$40.86,
10-04-2024, groceries ,820,1245,8.72,
"Apr 11, 2025",Toys,202,305,$26.14,
2023.10.13, Clothing,187,295,39.7,
04/29/2023,Clothing,367,870,40.2,
"Feb 02, 2024",Electroncs,269,451,260.24,
04-11-2023,furniture,95,174,"408,31",
2024.05.10,CLOTHING,358,774,$39.54,
26-Mar-24, Electronics ,418,748,$254.00,
"Jun 26, 2025",Toyz,208,618,$23.87,
20-03-2023,FURNITURE ,null,317,391.86,
2025.01.25,furniture,119,348,394.86,
21-Jul-24,ELECTRONICS,218,459,259.11,
28-Mar-23,toys,224,509,"23,73",
"Jan 27, 2024",CLOTHING,351,791,38.43,
05-Aug-24,Cloting,287,683,38.76,
2024.01.14,Clothing, ,563,"41,55",
12/31/2023,Electronics,1495,3268,246.33,spike
"Apr 24, 2024",Furnitature,170,283,387.34,
09/22/2024,clothing,223,601,$38.81,
2024.03.03,Groceries,588,1037,$8.61,
08-11-2023,Electronics,166,,244.56,
2023.04.17,Electroncs,309,535,"245,99",
2024.06.25,Cloting,380,774,39.19,
05-09-2024,Clothing,404,1199,38.54,
05-02-2024,Clothing,402,958,40.33,
"Sep 24, 2023",GROCERIES ,356,961,"8,08",
11-Sep-24,furniture,93,177,417.81,
"Apr 27, 2023",CLOTHING,405, ,$38.52,
11-Mar-24,CLOTHING,434,1143,40.12,
2023.03.07, furniture,149,412,411.7,
2023.05.27,Electroncs,257,705,$245.09,
12-02-2023,Electronics,269,700,$247.80,
2025.05.16,GROCERIES ,NULL,1573,8.1,
2024.07.01, Toys ,170,,24.38,
2024.05.16,Toyz,207,na,$25.80,
30-Mar-24, furniture,122,245,$390.05,
17-Apr-24, Toys ,236,635,$25.81,
"Dec 06, 2023", furniture,149,375,409.01,
"Jun 16, 2024",Furniture,109,204,$408.92,
07-07-2024, Electronics ,259,741,$246.06,
14-Jun-24, furniture,120,219,390.01,
2023.04.12, Clothing,494,1351,40.87,
06/28/2025, Clothing,321,943,39.88,
01-Jan-24,Furnitature,100,177,399.36,
23-Jun-24,Cloting,361,775,"40,99",
10-04-2023,ELECTRONICS,295,875,250.2,
2024.05.09, furniture,143,?,379.15,
03-05-2023,Groceries,-651,1624,$8.58,
20-Dec-24,GROCERIES ,571,1055,8.49,
2025.06.01,CLOTHING,372,660,$41.32,
09-08-2023,electronics,160,275,$238.34,
2023.02.22,groceries,194,337,8.45,drop
2023.06.17, groceries ,548,823,$8.12,
2024.03.04,Groceries,678,1099,8.85,
"Mar 02, 2025",Toyz,198,415,24.72,
"Jul 20, 2023",electronics,248,539,240.55,
2023.03.15,FURNITURE ,161,357,$398.53,
06-Jul-24,GROCERIES ,480,1328,8.75,
"Jun 21, 2025", Electronics ,305,682,$245.91,
30-06-2023, furniture,87,187,$397.96,
02/28/2024,CLOTHING, ,1007,39.18,
01-Mar-25, furniture,113,176,412.14,
14-05-2023,clothing,352,759,$40.58,
"Apr 06, 2025",CLOTHING,387,865,$39.02,
"Apr 14, 2023", Clothing,322,554,38.12,
2023.12.16,ELECTRONICS,290,567,246.68,
"Oct 20, 2023", groceries ,,986,8.19,
14-Mar-23,groceries,767,2160,8.14,
04-10-2024,Toyz,263,726,N/A,
2025.05.25,Toys,197,318,24.56,
2023.06.14,Cloting,424,687,"38,54",
01/27/2024,GROCERIES ,507,1319,8.08,
"Apr 21, 2024",Cloting,361,821,$38.20,
01/18/2024,toys,190,399,$26.18,
"Oct 28, 2023",Cloting,229,N/A,"41,91",
05/29/2025,Toyz,239,599,"24,81",
2023.03.29,Toys,241, ,25.64,
06-02-2024,FURNITURE ,130,311,386.2,
12-Jan-24,groceries,531,1547,$8.65,
20-09-2023,GROCERIES ,441,967,8.83,
"Apr 14, 2025",GROCERIES ,594,1237,8.29,
26-Feb-24,clothing,380,639,38.78,
12/25/2024,Toys,290,819,24.15,
18-02-2025,CLOTHING,469,951,39.64,
30-07-2024, groceries ,514,1209,8.7,
09/19/2024,clothing,246,643,38.04,
2025.06.10,toys,233,413,25.27,
19-May-25,electronics,384,943,250.37,
"Feb 08, 2023",Furnitature,141,311,385.42,
29-04-2024,ELECTRONICS,342,793,?,
"Jun 21, 2024",Grocery,487,1185,8.51,
04-01-2024,FURNITURE ,148,382,396.22,
05-12-2025, Clothing,371,640,41.12,
"May 03, 2025",GROCERIES ,507,784,8.23,
01/18/2025, Electronics ,284,651,261.31,
01-07-2023,Electroncs,-200,302,"239,37",
09-04-2024,GROCERIES ,753,1459,$8.11,
12-08-2023, groceries ,342,906,8.53,
2025.02.11,CLOTHING,452,893,$39.62,
2023.02.20, groceries ,709,1550,8.7,
"Aug 29, 2023",Grocery,513,945,$8.79,
04-11-2025,FURNITURE ,140,416,389.45,
09-Jun-25,Toys,,431,$25.78,
09/23/2023,clothing,186,540,$39.42,
09/29/2023, Clothing,194,474,41.87,
2024.04.20,toys,195,360,$23.70,
06/20/2024,Clothing,403,981,"39,68",
31-03-2025,ELECTRONICS,394,?,$237.95,
05/21/2024,Clothing,438,843,$41.32,
29-Dec-24,Toyz,219,480,24.26,
"Sep 21, 2024", Clothing,212,null,38.98,
2023.07.12,electronics,null,648,"251,12",
04-02-2025,furniture,156,414,413.54,
2023.08.22, furniture,90,240,$414.88,
04-Sep-24, Clothing,289,708,39.76,
"Mar 25, 2024",electronics,387,753,$237.77,
30-Oct-23, furniture,71,200,407.26,
2023.02.22,Cloting,446,1035,38.51,
01/23/2024,Furniture,146,355,NULL,
05-05-2025,CLOTHING,387,915,39.07,
2023.05.05,FURNITURE ,99,267,417.77,
06-Jun-25,Grocery,462,978,8.12,
2024.04.13,Cloting,399,1085,41.04,
19-03-2024, Toys ,259,446,NULL,
2023.07.24,GROCERIES ,463,942,8.75,
2025.02.24,clothing,371,734,40.33,
22-Feb-23, Electronics ,?,763,"244,45",
24-Feb-25,Toyz,223,457,$25.55,
20-May-23,groceries,556, ,8.14,
27-11-2024,Toys,265,724,$24.56,
25-Nov-23,CLOTHING,361,637,$38.71,
"Feb 24, 2025", groceries ,672,1565,8.63,
"Nov 09, 2024",Clothing,373,1001,41.69,
"Oct 14, 2023",TOYS,106,256,24.65,
2023.01.10, Electronics ,266,617,$259.92,
12-06-2024, Toys ,224,547,$24.07,
"Jun 21, 2023",CLOTHING,460,954,$40.56,
03/13/2024,Electronics,400,1096,?,
"Jun 26, 2024",Grocery,710,1339,8.91,
2023.12.06,Toyz,246,641,null,
2024.03.04, Clothing,-438,982, ,
12-Aug-23,TOYS,106,?,null,
2024.12.02,Electroncs,353,798,248.67,
10-11-2023,Groceries,420,683,"8,82",
01/28/2023, Clothing,305,649,$38.64,
28-01-2025, Clothing,490,1086,38.63,
"Aug 14, 2023",GROCERIES ,385,581,"8,65",
"May 17, 2024",Toyz,185,344,$24.32,
02-10-2023,Furniture,100,284,$379.67,
11/22/2023, Toys ,231,377,25.64,
"Jan 13, 2025",TOYS,179,313,25.52,
02-07-2025,CLOTHING,312,779,$40.38,
26-02-2025,furniture,172,399,401.11,
10/13/2024, Toys ,113,N/A,"25,22",
29-Aug-24,Grocery,446,934,8.13,
03-Nov-23,FURNITURE ,107,NULL,386.94,
06/21/2024,ELECTRONICS,240,643,249.51,
11-05-2023,Toys,156,302,$24.43,
2024.01.21,Grocery,556,954,$8.38,
28-10-2024,TOYS,115,271,25.02,
30-Jul-23,Electronics,211,361,$251.17,
24-Nov-24,electronics,?,878,$261.21,
18-Mar-24,toys,222,519,$24.75,
01/16/2025,Grocery,599,1103,"8,37",
"Sep 18, 2023",Toys,96,174,"24,22",
"May 13, 2025", Clothing,553,947,"39,51",
"Jan 12, 2023",Furniture,101,273,410.82,
11-Aug-23,GROCERIES ,390,1148,"8,83",
2023.10.20,Furnitature,58,174,385.17,
04-Aug-23, furniture,65,163,413.26,
01/21/2025,clothing,455,1315,N/A,
"May 01, 2025",Toyz,233,535,24.47,
02-06-2023,Clothing,322,854,N/A,
11/28/2023,FURNITURE ,117,179,418.07,
11-06-2023,Cloting,385,N/A,38.93,
"Jul 06, 2024",Furniture,90,237,$394.62,
18-11-2023,Furnitature,115,311,"413,37",
18-06-2025,Electroncs,-363,716,"242,92",
05-10-2024,Electronics,301,855,$247.94,
2024.11.05,Grocery,680,1101,8.24,
2024.07.14, Toys ,149,225,null,
"Dec 30, 2024",ELECTRONICS,355,NULL,257.93,
"Nov 01, 2023", groceries ,770,1881,$8.63,
26-Dec-23,CLOTHING,438,?,41.18,
2025.01.30, furniture,135,351,393.66,
"Apr 06, 2024",Cloting,384,718,39.61,
04/18/2023,groceries,831,2203,8.46,
01-06-2023,Furnitature,77,224,414.2,
23-Aug-23,FURNITURE ,106,222,409.83,
"Dec 06, 2024",ELECTRONICS,341,597,248.27,
14-06-2023,furniture,-130,294,407.16,
2024.12.06,TOYS,183,420,24.56,
2024.08.07, Clothing,332,876,$38.98,
31-Aug-23, Toys ,121,null,25.1,
20-Dec-24,Clothing,394,607,39.28,
10-Feb-24,toys,-189,523,24.01,
2023.09.12,TOYS,145,416,23.93,
01-Sep-24,ELECTRONICS,195,515,261.76,
04/23/2023,TOYS,170,,24.54,
01-01-2023,Electroncs, ,416,243.07,
18-Sep-24,ELECTRONICS,215,562,NULL,
"Oct 09, 2023", Electronics ,157,null,252.13,
"Nov 23, 2023",FURNITURE ,130,368,416.36,
2024.02.18,Electroncs,299,757,242.53,
02/17/2024,Furniture,99,170,$413.19,
13-02-2024,electronics,60,130,$253.81,drop
"Aug 15, 2024",groceries,456,854,8.56,
2024.10.27, Clothing,223,629,$38.54,
01-08-2023,Furniture,95,196,412.05,
27-Mar-24,Furnitature,?,386,392.9,
11-12-2024,electronics,357,919,237.8,
17-04-2023,Clothing,370,1040,39.32,
02-01-2024,Cloting,396,829,38,
06-04-2024, Toys ,224,488,24.95,
10-10-2023,furniture, ,152,$389.54,
06/22/2023,GROCERIES ,593,1090,$8.69,
2024.03.19, Clothing,517,1533,N/A,
31-10-2024,Electronics,-206,354,255.59,
05/28/2025,FURNITURE ,173,503,$400.80,
06/29/2025,Grocery,542,1207,8.1,
25-05-2024,Toys,159,252,$25.33,
11-05-2025,FURNITURE ,131,366,$408.94,
"Sep 15, 2024",Electroncs,207,607,254.37,
11-May-24,TOYS,155,420,$24.92,
2023.09.20,electronics,198,580,251.36,
08/31/2024,Electronics,178,530,255.55,
23-Jun-25,Toyz,162,253,$24.74,
15-Mar-23, Clothing,511,1209,40.25,
2025.03.14,Toys,207,513,$25.06,
"Sep 26, 2024",Clothing,234,544,39.63,
10-Mar-23, Clothing,362,821,40.64,
2023.01.25,Electroncs,326,527,245.32,
"Nov 03, 2024",Toys,167, ,$24.40,
13-Aug-23,Furniture,68,169,NULL,
26-02-2023, Toys ,166,467,26.08,
2023.11.26,TOYS,177,500,$24.25,
02/20/2023,furniture,109,223,379.43,
06/23/2023,furniture,84,162,$384.83,
13-Feb-24,furniture,N/A,372,381.85,
04-Mar-24, Toys ,193,532,24.16,
11-06-2023,FURNITURE ,107,169,"405,47",
"Jan 22, 2024",Furnitature,100,226,392.99,
05/18/2023,Grocery,677,1922,8.1,
2024.04.03,Electroncs,394,780,260.96,
17-01-2024,clothing,413,864,38.88,
11-01-2023,Toyz,215,,$24.88,
05-May-25,GROCERIES ,684,1132,8.55,
2024.12.10,Toyz,253,596,24.79,
2023.09.16, Electronics ,172,362,255.01,
2023.12.25, furniture,138,373,$399.87,
26-07-2023, furniture,92,147,$385.16,
16-08-2023, groceries ,578,1547,$8.91,
27-03-2025,Electronics,NULL,793,$243.92,
"Jul 25, 2024",GROCERIES ,506,1156,8.41,
08/25/2023,Clothing,201,493,$38.38,
2024.07.08,furniture,111,236,417.29,
"Feb 23, 2023",GROCERIES ,672,1763,$8.85,
23-06-2025,Electroncs,312,593,243.89,
10-Jan-24,GROCERIES ,703,1737,8.52,
2023.09.27, Toys ,132,366, ,
17-Jun-24,CLOTHING,357,774,39.11,
07-May-23,groceries,579,1471,8.65,
07-11-2023, Clothing,-356,865,40.57,
02-06-2025,clothing,454,1278,$38.75,
21-03-2023,Furnitature,138,363,$402.42,
11-01-2023,Toyz,215,,$24.88,
2025.06.04,Furniture,160,302,383.25,
2023.08.30,Electronics,210,467,$249.59,
06/20/2024,groceries,574,1277,8.45,
05-Aug-23,clothing,214,426,41.19,
04-Jun-23,ELECTRONICS,226,485,238.09,
08/20/2023,CLOTHING,259,401,38.45,
02/26/2023, groceries ,na,null,$8.89,
28-11-2023,Groceries,789,2298,8.7,
09-07-2024,Electronics,200,391,$246.50,
06/28/2023,Electroncs,289,697,$252.67,
2024.01.24,Cloting,413,1101,"41,83",
04-Dec-24, groceries ,835,2276,$8.20,
08-Jul-23,electronics,212,595,$238.25,
"Jul 17, 2024",Furnitature,126,N/A,$382.06,
02/19/2023,TOYS,154,444,"25,17",
2023.11.24,Furniture,96,175,391.98,
"Jun 30, 2024",toys,154,382,25.34,
10-05-2024,Furnitature,74,114,$380.89,
"May 23, 2025",FURNITURE ,10,29,413.72,drop
02-08-2024,CLOTHING,230,412,$38.80,
"Feb 04, 2025",Electroncs,392,916,244.3,
"Dec 16, 2024",Toyz,210,410,23.82,
12/14/2024,Cloting,388,942,38.79,
28-Feb-25,Grocery,605,N/A,8.48,
13-10-2023,Grocery,322,964,8.1,
11-10-2024,FURNITURE ,72,206,387.99,
"Jan 19, 2024",Groceries,513,997,8.12,
2024.01.20,furniture,103,253,388.12,
03-01-2024,CLOTHING,386,1105,"39,83",
21-03-2025,groceries,583,1714,$8.73,
"Jan 17, 2024", Electronics ,325,680,246.4,
16-02-2023, Clothing,381,579,39.65,
15-07-2024,Grocery,464,837,8.74,
2023.02.19, groceries ,642,1265,"8,40",
"Mar 22, 2025",Furnitature,128,300,410.39,
31-05-2024,Furnitature,107,173,408.76,
2024.12.19,GROCERIES ,728,2080,$8.25,
07-Feb-23,Cloting,425,1021,41.7,
04/22/2023, Toys ,143,421,25.19,
"Oct 30, 2024",FURNITURE ,104,178,395.07,
10-07-2023,electronics,223,384,249.07,
09/21/2023,GROCERIES ,387,951,"8,47",
29-Dec-24,Groceries,728,1927,8.87,
"Feb 18, 2025",Grocery,744,1528,8.82,
2025.03.06, furniture,155,381,390.74,
"Apr 09, 2025",Groceries,915,N/A,$8.14,
02-May-25,electronics,327,662,253.4,
21-06-2025,CLOTHING,345,1020,41.6,
2025.01.27,Furnitature,122,240,411.88,
09/18/2023,Furniture,69,110,412.22,
"Apr 02, 2023",Cloting,331,753,41.19,
03-Dec-24,groceries,803,1999,8.91,
2024.04.30,TOYS,228,673,$23.80,
08-04-2024,Toyz,135,275,$23.71,
"Jun 25, 2025",Toys,216,504,$26.11,
2023.06.27,Toyz,17,47,$23.72,drop
03/17/2024,ELECTRONICS,,750,238,
2025.06.16,CLOTHING,364,708,N/A,
23-Aug-23,Toys,151,254,24.92,
2023.10.25,FURNITURE ,95,255,397.98,
04-01-2025, Electronics ,476,1421,$258.53,
2024.10.30,ELECTRONICS,248,696,$253.18,
27-Aug-24,GROCERIES ,460,1325,8.12,
05-07-2023,electronics,286,823,241.57,
2024.04.03,FURNITURE ,170,389,402.02,
01/20/2025,Electroncs,318,651,250.6,
02-06-2023,toys,158,405,25.21,
28-02-2023,groceries,795,1339,8.87,
01-Oct-23, Electronics ,155,362,257.08,
27-Aug-23,Electronics,183,529,"241,93",
"Jul 23, 2023",CLOTHING,226,554,41.85,
13-Jul-23,Electronics,225,533,241.11,
05-07-2024, Electronics ,244,583,238.63,
03/23/2024,furniture,120,283,398.39,
"Feb 22, 2025",Furniture,140,257,$408.20,
"Nov 04, 2023",electronics,265,793,250.81,
03-07-2023,Electronics,339,934,"251,60",
01/19/2023,Groceries,620,1633,8.72,
"Jan 01, 2024",electronics,253,726,249.46,
2024.10.18,TOYS,N/A,269,24.86,
05-03-2024,clothing,502,1324,$38.71,
08-12-2024, furniture,89,179,413.78,
2025.04.07,Electronics,350,656,$254.70,
"Oct 19, 2024",Toyz,96,null,25.95,
19-Jun-24,FURNITURE ,132,359,402.39,
2023.03.30,clothing,457,1236,40.21,
"Jan 11, 2025",Electroncs,255,443,256.45,
13-06-2025,Electroncs,251,719,256.34,
14-Jan-23, groceries ,516,1440,8.91,
02/18/2024,GROCERIES ,641,1380,$8.82,
2023.01.19,ELECTRONICS,271,547,"252,18",
2023.06.21,TOYS,187,334,24.67,
"Jul 26, 2024", Toys ,129,378,$24.65,
2023.10.23,FURNITURE ,74,205,405.58,
02-Dec-24, Toys ,214, ,$23.70,
17-Nov-24,toys,187,551,24.84,
27-04-2024, furniture,125,340,"417,31",
2023.06.06,electronics,298,839,260.25,
12-07-2023,Cloting,367,629,39.09,
30-11-2024,Electroncs,316,null,261.23,
05/15/2025,Clothing,461,841, ,
2024.06.08,Groceries,492,1331,$8.65,
"Apr 26, 2023",CLOTHING,509,926,40.61,
"Feb 05, 2023",GROCERIES ,574,1142,$8.63,
"Nov 01, 2024", groceries ,545,1390,$8.11,
06-Apr-24,Electronics,NULL,852,257.27,
10-06-2024, furniture,114,194,390.12,
2025.01.21,Groceries,716,1159,na,
10-08-2023,toys,129,316,"26,07",
2025.02.03,Grocery,619,1801,8.75,
"Aug 20, 2024", Clothing,334,991,$38.66,
2023.01.19,Cloting,350,551,$40.42,
06-06-2024,Grocery,687,1090,8.35,
"Nov 29, 2023",CLOTHING,528,1145,$40.88,
18-11-2023,Toyz,153,335,25.18,
"Aug 05, 2023",toys,119,326,24.02,
11-Feb-25,Toyz,244,485,25.5,
02-Apr-24,GROCERIES ,885,1890,8.75,
06/14/2023,Grocery,?,1417,8.81,
2023.12.09,ELECTRONICS,275,676,"259,61",
"Apr 21, 2024", Toys ,180,401,25.07,
05/13/2024,clothing,413,1142,41.76,
2023.07.18,CLOTHING,314,506,"41,56",
2023.01.15,Cloting,308,na,39.21,
16-Oct-23,Toys,119,331,$26.15,
2025.01.27, Electronics ,-311,na,254.29,
"Sep 10, 2023",furniture,64,182,$383.98,
"Dec 15, 2024",toys,229,647,$26.00,
01/24/2025, Clothing,319,675,38.97,
06/27/2024,clothing,363,?,$40.64,
04-Feb-23,Electronics,224,580,256.59,
30-06-2025,Electroncs,275,572,261.31,
"Aug 02, 2023",Furnitature,102,194,"418,90",
10-10-2023,electronics,192,425,$250.17,
2024.04.28,ELECTRONICS,286,703,NULL,
02-Nov-24,Toys,171,440,24.35,
16-05-2024,Furnitature,130,337,$402.08,
2023.04.21,Electroncs,264,450,257.64,
04/24/2024,clothing,552,1619,38.46,
05-Nov-23,Furniture,NULL,227,$406.24,
22-Apr-25,toys,270,455,25.96,
12-Nov-23, groceries ,502,1224,8.75,
"May 14, 2025",Electroncs,447,,237.53,
17-10-2024,toys,136,390,$25.05,
"Apr 14, 2025",toys,219,,$23.94,
08-Aug-24, Electronics ,242,399,241.29,
11-Mar-24,Furnitature,128,370,413.45,
2025.01.31,Electronics,272,610,246.29,
"Jun 22, 2024",Furniture,92, ,400.3,
10/15/2024,FURNITURE ,97,192,$380.88,
16-Nov-24,Toyz,154,236,25.46,
02-01-2024, Toys ,198,538,26.14,
"Dec 05, 2023", Electronics ,368,997,"244,93",
17-01-2025, Clothing,334,753,38.83,
17-Mar-23,Grocery,614,1150,$8.40,
2023.02.06,Furnitature,102,236,414.79,
17-Dec-23,toys,206,591,$25.51,
2024.10.28,Grocery,383,N/A,$8.50,
2024.03.30,clothing,384,809,na,
2025.03.19,groceries,923,1864,8.29,
31-12-2024, furniture,180,473,$379.92,
03-01-2024, Toys ,185,513,25.46,
29-11-2024,furniture,122,310,$401.80,
2024.09.20,Furnitature,-74,161,$405.73,
16-05-2023,groceries,709,1546,8.09,
16-Jan-25, Clothing,440,702,41.68,
28-Sep-23,Toyz,119,292,$24.55,
09-03-2023,furniture,135,374,414.14,
22-07-2024,CLOTHING,270,737,"39,30",
12-09-2023,Furniture,106,201,$399.47,
2023.09.10,TOYS,114,199,$25.47,
"Jun 23, 2023",Electronics,202,421,240.76,
"May 22, 2025",Toyz,235,686,"24,32",
2025.03.24,FURNITURE ,153,331,379.69,
2024.04.11,ELECTRONICS,N/A,846,256.74,
26-02-2024,electronics,343,NULL,252.46,
"Jul 09, 2024", Electronics ,314,941,$255.12,
21-May-23,TOYS,179,393,$25.50,
30-05-2024,FURNITURE ,127,301,391.98,
09-02-2023,toys,105,280,24.73,
"May 15, 2023", Toys ,185,495,24.3,
11-01-2023, groceries ,709,2072,$8.23,
2023.01.14,Electronics,232,392,259.2,
11-May-24,TOYS,155,420,$24.92,
03-Jun-23,furniture,99,280,$408.13,
"Sep 16, 2024",Electronics,186,488,$255.67,
2024.07.18,GROCERIES ,540,1190,8.45,
06-Jul-23,Cloting,356,891,$39.20,
03-11-2024,Groceries,-549,1286,8.5,
2025.02.17,furniture,134,351,"413,91",
07-04-2023,Electronics,310,785,242.19,
22-Oct-24,Electronics,234,450,$255.98,
31-Mar-25,furniture,129,364,391.85,
19-09-2023,groceries,453,832,8.61,
2025.03.09,electronics,344,600,$244.76,
08-02-2024,furniture,128,216,390.36,
07-10-2023,clothing,300,772,40.72,
19-Oct-23, Electronics ,200,526,$253.72,
27-01-2025,Cloting,430,775,40.74,
"Oct 09, 2023", groceries ,-339,580,8.69,
20-Mar-24,Clothing,NULL,1164,$38.61,
21-02-2023,Grocery,816,2143,$8.41,
2024.06.21,Furnitature,92,265,$413.54,
"Jan 03, 2025",Furnitature,111,324,"391,03",
12-Jul-24,ELECTRONICS,216,436,$237.98,
28-03-2025,Furniture,134,334,414.09,
19-11-2023,Cloting,354,824,38.25,
"Jun 11, 2025",ELECTRONICS,426,693,256.46,
15-Jan-24,clothing,354,670,$41.59,
"Feb 02, 2025", groceries ,620,1471,$8.79,
"Aug 01, 2024",Clothing,309,899,40.8,
2023.07.11,toys,170,488,$26.00,
"Jul 11, 2023",Furnitature,113,244,399.5,
08-06-2023,toys,116,250,25.59,
03-08-2025, groceries ,575,1660,$8.08,
"Sep 17, 2023",toys,98,225,$24.69,
"Mar 17, 2025",Electroncs,368,930,$261.15,
10-Feb-25,furniture,141,411,384.22,
2025.02.20,Toys,248,466,24.03,
01/15/2024, Electronics ,248,431,247.83,
"Apr 27, 2024",TOYS,-188,545,"25,85",
"May 22, 2025",furniture,152,402,417.34,
"Apr 14, 2024",FURNITURE ,125,227,389.57,
09-05-2025,Clothing,357,576,40.28,
2023.05.30,furniture,117,312,385.2,
"Feb 04, 2023",TOYS,152,345,$24.92,
"Apr 07, 2024",ELECTRONICS,320,686,$252.22,
22-02-2023,TOYS,229,375,24.6,
09-Jun-24,toys,165,426,?,
2023.06.11, Toys ,160,NULL,$25.65,
29-10-2023,Cloting,223,606,39.61,
07-01-2025,Toys,203,585,26.12,
03-May-25,Electroncs,355,834,253.98,
"Oct 24, 2024",ELECTRONICS,224,601,"246,32",
19-Apr-25,Groceries,701,null,8.65,
13-Jun-23,Furnitature,130,277,$383.35,
04-07-2023,Toys,185,429, ,
15-05-2024,Toyz,248,426,"25,25",
06-11-2024,TOYS,237,654,24.63,
01-08-2023,Toyz,166,481,25.58,
10-12-2023,Furnitature,129,286,$395.31,
2024.03.15,Cloting,397,982,41.41,
"Apr 14, 2024",ELECTRONICS,328,736,238.94,
2023.11.23,TOYS,,?,23.91,
"Sep 28, 2023",Grocery,414,1214,8.66,
"Apr 20, 2025",Toyz,217,622,26.16,
2024.04.05,clothing,367,921,38.73,
"Dec 05, 2024", Toys ,215,415,25.26,
11-Jun-25, groceries ,753,1252,,
30-04-2023,Clothing,383,788,39.85,
05/23/2024, Electronics ,319,501,$244.05,
2023.10.11, furniture,83,216,$393.96,
11-01-2023,FURNITURE ,141,332,$415.93,
20-Dec-23, groceries ,862,1348,8.59,
16-09-2023, groceries ,349,526,8.39,
2024.07.15,Furniture,94,175,$382.05,
23-Nov-24, groceries ,597,1190,8.24,
24-Jun-25,Cloting,404,901,40.79,
01/16/2023, Toys ,134,391,$25.32,
10-Nov-24, Clothing,347,691,$40.94,
2023.05.24,Grocery,799,1470,8.54,
31-Jan-23,toys,198,406,$24.49,
02-11-2024,FURNITURE ,null,231,394.24,
2023.08.20,electronics,189,293,$258.36,
08-Dec-24,clothing,346,872,$41.98,
2023.01.16, furniture,98,195,$417.76,
05-05-2025,toys,230,490,23.88,
01-06-2024,clothing,294,729,40.32,
10-07-2024,Clothing,236,370,$41.67,
01/17/2024,Groceries,704,1486,$8.86,
18-08-2024,ELECTRONICS,224,415,$255.24,
"Feb 06, 2024",Toys,222,507,24.68,
"May 24, 2023",FURNITURE ,149,252,387.01,
2024.08.17,TOYS,-116,300,25.66,
16-Apr-23,Clothing,na,937,$41.19,
04/29/2023,groceries,546,831,8.43,
2024.07.12, Toys ,144,290,24.74,
08-Jan-24,groceries,535,1380,$8.89,
05-03-2023,Furniture,120,289,396.37,
11-Sep-24, groceries ,427,,8.33,
31-Jan-25,clothing,306,738,38.08,
16-04-2025,clothing,620,1714,$41.58,
05-Nov-24,CLOTHING,502,984,40.14,
08-Jun-25,furniture,116,259,$380.26,
"May 27, 2024",FURNITURE ,127,239,"407,79",
"Jul 10, 2023",TOYS,140,273,$23.87,
2025.05.06,furniture,180,470,$400.51,
26-Oct-24,GROCERIES ,340,849,$8.33,
03-06-2024, Toys ,190,447,25.37,
2024.12.30, furniture,147,258,385.35,
05/17/2025,furniture,121,315,$392.53,
11/29/2024,Electronics,281,685,239.63,
"Dec 05, 2023", groceries ,738,1922,8.89,
08-Mar-24,Clothing,354,1045,39.07,
2023.01.16, Electronics ,251,416,241.51,
02-05-2024, Toys ,249,742,$25.71,
26-May-25,FURNITURE ,150,289,417.52,
2023.12.08,Clothing,335,700,41.76,
10-Dec-23,Electroncs,298,786,$255.61,
"Apr 07, 2023",furniture,111,253,401.82,
30-10-2023, groceries ,-417,708,$8.25,
2024.04.09,ELECTRONICS,367,771,"237,68",
27-03-2024,Electroncs,432,1043,257.15,
2024.08.30,toys,91,255,24.9,
02/28/2024,Grocery,810,2002,8.72,
2023.10.25,Groceries,451,980,8.4,
2024.02.05, Electronics ,313,703,255.87,
05/16/2024,Cloting,397,1127,39.35,
21-Jan-23,electronics,203,596,238.31,
06/16/2024,CLOTHING,290,771,"41,39",
2024.08.14,Clothing,308,882,39.3,
2024.06.02,FURNITURE ,-117,239,401.59,
"Jan 08, 2023",TOYS,141,370,24.14,
2025.06.03,Electronics,421,1123,256.15,
"Mar 24, 2023",FURNITURE ,96,198,415.25,
10-08-2023,GROCERIES ,479,1213,8.82,
07-Nov-24,electronics,350,632,"260,36",
05-10-2023,GROCERIES ,868,2401,$8.41,
11-03-2024,Toyz,204,360,23.73,
"Jan 05, 2023",Clothing,343,626,$38.22,
01-05-2023,Furniture,115,259,395.92,
02-09-2025,Furnitature,123,268,410.05,
08-01-2023, Electronics ,250,682,241.04,
11/19/2024,Groceries,789,1681,8.45,
04-08-2023, groceries ,664,1483,8.62,
"Jan 02, 2023",GROCERIES ,511,1338,8.43,
2025.06.24,groceries,665,1651,8.31,
"Apr 13, 2024",Electronics,284,559,253.06,
2025.05.23,groceries,544,976,8.89,
2023.06.26,Toyz,146,350,$25.82,
"Dec 08, 2024",ELECTRONICS,332,766,240.93,
"Feb 11, 2025", groceries ,805,1290,$8.91,
16-May-25,Clothing,359,994,41.32,
17-Dec-24,clothing,-521,1083,38.37,
01-03-2025,CLOTHING,391,1099,40.27,
02/17/2023, Clothing,-330,594,41.98,
"May 25, 2023",TOYS,189,537,26.08,
27-12-2024,furniture,123,362,"404,54",
25-03-2024,Cloting,na,1146,$40.17,
01-Jan-23,Toys,132,208,24.27,
03-05-2024,GROCERIES ,827,1939,8.43,
25-Apr-23,toys,215,593,$25.60,
06-03-2024,FURNITURE ,114,323,$412.17,
22-Jun-23,CLOTHING,348,850,38.85,
09-02-2023,electronics,185,na,$237.98,
09-Oct-24, groceries ,473,1101,$8.60,
2025.05.24,Electronics,316,482,$237.81,
"Jun 19, 2025",Clothing,-412,893,40.8,
08-11-2023, Toys ,105,175,N/A,
"Feb 15, 2025",Furniture,143,417,$418.60,
19-05-2025, groceries ,588,1508,8.7,
"Jan 07, 2025",furniture,142,372,"391,36",
25-06-2025,ELECTRONICS,436,944,249.74,
06/23/2023,GROCERIES ,465,1150,$8.57,
10-Nov-23,Toys,151,438,"23,81",
02-11-2024,GROCERIES ,600,N/A,$8.22,
"Dec 05, 2023", Electronics ,368,997,"244,93",
"Nov 04, 2023",Toyz,145,334,$23.91,
01/16/2024,Electroncs,319,540,255.56,
2025.04.21,Furnitature,152,389,408.88,
26-04-2024,Toys,169,310,26.06,
09-07-2023,clothing,242,550,41.21,
"Mar 05, 2024",electronics,412,767,$251.37,
2025.03.06, Electronics ,435,945,260.39,
01-07-2023, Clothing,258,630,40.4,
08-12-2024,Furniture,132,318,418.42,
05/30/2025, Electronics ,305,529,261.49,
"Apr 21, 2025",Clothing,477,1173,$40.11,
06-Jun-25,clothing,373,1001,39.03,
27-11-2024,ELECTRONICS,-426,690,$240.56,
29-04-2024, Toys ,219,485,26.16,
30-07-2023, Toys ,134,343,25.07,
04-12-2024,Electronics,311,786,255.53,
10-Sep-24, groceries ,483,1013,8.17,
05/31/2025,CLOTHING,354,896,40.55,
2023.10.03,Toys,125,226,23.98,
06/21/2024,Cloting,302,516,40.05,
"May 31, 2023",Furnitature,136,204,$397.59,
"Apr 22, 2023",Furniture,101,na,$402.12,
2024.07.28,Grocery,477,1028,8.55,
"Nov 28, 2024",Toys,222,,26.19,
"Oct 31, 2023",Furnitature,97,266,$408.91,
19-Feb-25,Electroncs,451,930,"259,83",
12-Oct-23, furniture,80,152,"389,87",
23-Dec-24,Electroncs,385,949,242.05,
"Sep 29, 2024",Clothing,216,504,40.74,
2023.06.19,electronics,-228,567,249.37,
08-Jul-24,Groceries,NULL,937,$8.43,
05/28/2023,groceries,597,1167,8.48,
2024.03.03,clothing,420,793,41.37,
06-10-2023,Furniture, ,162,405.98,
12-Oct-24,TOYS,105,251,25.72,
"Feb 03, 2023", furniture,99,208,$409.40,
03/27/2025,Furnitature,168,368,400.13,
2024.08.20,Groceries,555,na,8.3,
20-Jan-23,ELECTRONICS,199,570,261.09,
14-Nov-23,FURNITURE ,139,324,401.91,
28-Feb-25, Electronics ,312,933,246.24,
"Jan 12, 2024", Clothing,287,443,41.83,
01-09-2024,Groceries,690,1736,8.6,
25-05-2025,ELECTRONICS,329,652,$257.63,
2023.04.11,CLOTHING,442,682,39.26,
"Oct 13, 2024",Cloting,241,506,$41.50,
"Feb 22, 2025",Electroncs,345,993,239.53,
05-03-2024,groceries,611,1631,8.44,
"Aug 28, 2023",GROCERIES ,396,618,$8.40,
16-Jan-24,clothing,452,883,41.4,
"Jan 22, 2024",Cloting,343,841,$38.83,
21-Mar-23,Groceries,782,null,8.32,
23-04-2023,Grocery,652,1305,"8,29",
22-Jul-23,Electronics,195,479,255.14,
2023.01.12, groceries ,624,1440,8.48,
20-Oct-24,Electronics,178,494,$247.48,
15-Aug-23,Toys,148,377,25.04,
2024.03.28,Cloting,508,1225,39.34,
31-Oct-24,Grocery,436,1110,8.26,
21-12-2023, furniture,141,331,$414.83,
06/29/2023,clothing,379,992,41.59,
"Apr 10, 2024",clothing,-522,820,40.44,
"Dec 07, 2024", Clothing,385,956,38.8,
01-05-2023,electronics,273,415,239.82,
10-02-2024,Toys,142,337,$25.99,
26-06-2025,clothing,-398,989,$40.50,
03/13/2024,CLOTHING,510,1466,38.78,
06/29/2024,furniture,99,235,$405.07,
02-04-2025,TOYS,227,645,24.55,
20-May-24,electronics,299,568,237.93,
03/20/2023,Cloting,397,862,38.17,
2023.12.08,TOYS,166,386,24.26,
14-Jan-24, groceries ,491,764,$8.69,
"Apr 06, 2025",Furnitature,154,348,$405.62,
06-12-2024, groceries ,756,1843,8.53,
"May 22, 2024",Groceries,753,1395,8.54,
"Oct 11, 2024", groceries ,340,696,$8.74,
2024.07.03,Groceries,605,1623,8.61,
01-06-2024,clothing,312,897,38.33,
2023.06.03,Clothing,337,952,"38,00",
"Aug 25, 2024",Groceries,399,988,$8.65,
"Jan 11, 2023",Clothing,379,1043,"39,87",
11/14/2023, Clothing,422,1159,"41,52",
2023.02.09,clothing,402,1167,38.12,
2023.12.01, Clothing,372,1066,39.61,
24-Feb-23,Toys,159,366,25.24,
26-Dec-23,Furnitature,158,290,407.69,
06/30/2023,Electroncs,207,547,$243.68,
"Jun 17, 2025",Cloting,427,1075,"40,95",
17-Apr-23,Toyz,34,77,$24.22,drop
26-02-2023,furniture,111,186,405.92,
"Sep 04, 2023",Toyz,102,201,$23.95,
"Oct 09, 2024",Clothing,291,782,39,
13-05-2024,ELECTRONICS,344,801,258.92,
05/23/2024,furniture,131,296,411.4,
29-05-2025,clothing,446,1177,"39,81",
2023.09.24, furniture,75,133,"414,72",
07-02-2025,toys,204,450,25.1,
06-Jan-24,Electroncs,225,472,"241,06",
"Nov 13, 2023",groceries,558,1669,8.26,
28-10-2023,toys,105,187,"24,23",
12/23/2024, Clothing,455,704,41.25,
07-Dec-24, Electronics ,307,741,260.9,
21-Oct-24,TOYS,132,361,NULL,
27-May-24, groceries ,634,1780,$8.50,
09-05-2024,Furniture,85,207,389.51,
08/19/2024, groceries ,405,1117,8.69,
"Feb 09, 2023",Furniture,114,310,"408,81",
"Nov 05, 2023",Clothing,341,554,$38.65,
19-12-2024,electronics,392,754,?,
22-Jun-24,clothing,299,564,39.53,
31-May-25,Electroncs,313,530,$251.20,
06/21/2025,Groceries,505,798,8.77,
03-02-2025,clothing,403,902,40.74,
28-03-2025,toys,191,432,25.63,
04/20/2024,FURNITURE ,115,233,"409,29",
14-02-2023,Groceries,731,2185,"8,62",
2024.06.11,CLOTHING,416,629,40.39,
"Aug 09, 2024",ELECTRONICS,208,344,$241.50,
02-09-2023,toys,174,520,24.68,
2023.10.19,furniture,75,165,$414.26,
24-01-2025, Toys ,166,291,$23.85,
"Jul 14, 2024",FURNITURE ,89,150,$392.66,
2023.01.22,Groceries,560,1088,$8.49,
"Jul 11, 2024",Toys,159,239,25.06,
2024.04.02,Electronics,391,617,254.98,
08-Nov-24,Electroncs,?,507,242.31,
10/31/2023, Electronics ,223,na,$246.32,
2025.05.01,Furniture,148,342,"408,62",
17-11-2024, Electronics ,320,819,238.08,
"Jan 08, 2023",ELECTRONICS,203,427,$262.02,
03-Jan-24,Grocery,593,943,8.56,
19-Nov-24,TOYS,241,428,"25,42",
"Mar 25, 2025",Toys,265,784,24.5,
2023.12.13,Furnitature,159,NULL,"381,21",
08/29/2024,Furnitature,84,188,400.47,
05-Nov-24,Electroncs,362,769,$249.31,
30-11-2023,clothing,404,907,$38.06,
29-11-2024, Toys ,175,512,26.03,
"Oct 24, 2023",TOYS,135,244,24.07,
"Dec 17, 2024", furniture,177,474,$404.25,
05/31/2024, Toys ,149,236,$24.62,
"May 21, 2024",groceries,796,1700,8.19,
07-Jul-23,electronics,213,452,257.33,
06/26/2023,furniture,100,285,$410.10,
2023.07.15,furniture,76,180,"384,19",
25-Dec-23,toys,192,340,24.87,
04-04-2024,electronics,353,905,254.95,
2024.11.01,clothing,300,775,$38.89,
17-01-2023, Toys , ,392,25.18,
2023.12.20, Clothing,517,950,"39,12",
2024.10.18,Cloting,233,,$41.20,
04-07-2023,FURNITURE ,?,306,$379.52,
"Mar 18, 2023",groceries,614,1015,8.8,
30-11-2023,Furniture,144,371,$412.55,
2024.02.17,Electronics,308,586,$248.42,
08-03-2024,Electroncs,228,459,260.99,
19-Jul-24,Grocery,448,1138,8.18,
2024.07.22,furniture,102,239,$393.98,
06-03-2023, Toys ,160,452,25.72,
05-08-2024,Furniture,151,246,$397.56,
16-11-2024,furniture,118,201,"411,81",
23-01-2023,Electronics,219,555,$249.35,
24-Jun-24,Toyz,176,518,25.35,
2023.07.24,ELECTRONICS,221,517,$241.56,
"Aug 04, 2024", groceries ,394,823,8.41,
02-Jan-23,Furniture,100,252,$387.81,
08/21/2023,toys,128,232,23.93,
2024.04.26,FURNITURE ,115,231,382.31,
11-12-2024,Furniture,142,230,"388,73",
04-06-2025,ELECTRONICS,431,1136,250.43,
02/22/2025,TOYS,185,489,$24.54,
11-02-2024,Groceries,562,1354,$8.53,
"Dec 30, 2023", groceries ,631,1263,8.81,
2025.01.29,electronics,411,788,?,
26-Dec-23,TOYS,237,566,25.05,
05-02-2024,Clothing,441,1095,"39,09",
"Aug 11, 2024", groceries ,385,930,8.75,
2023.02.18, Clothing,339,621,$39.49,
12-10-2023,Grocery,643,1270,8.09,
2024.07.10,Toys,197,333,25.97,
"Nov 22, 2023",clothing,391,714,38.68,
04/29/2023,ELECTRONICS,230,478,$240.90,
08-09-2024,Clothing,-221,650,41.34,
2023.04.09,TOYS,190,472,23.72,
"Sep 24, 2024",Toyz,143,323,"23,86",
2025.04.11, Clothing,406,808,38.49,
27-May-24,ELECTRONICS,316,893,254.75,
09-05-2023,groceries,796,1898,8.44,
2024.01.19,clothing,338,803,$41.07,
12-03-2023,Cloting,,655,39.48,
10-01-2025, groceries ,550,1205,8.42,
2025.04.23, Electronics ,412,904,$240.87,
12-04-2024,Furniture,155,272,399.24,
2025.04.16,furniture,NULL,395,$410.33,
09-06-2024,electronics,172,293,260.26,
13-03-2023, groceries ,649,1563,$8.18,
21-11-2024,Electronics,359, ,249.24,
15-04-2025,Cloting,541,1011,39.48,
31-Jul-23,Toys,130,333,$25.25,
03-08-2024,Furnitature,89,255,414.02,
03-06-2023,groceries,595,1335,8.5,
02-May-24,Furniture,137,362,393.48,
26-Apr-25,Toyz,205,434,$24.09,
02-06-2023,electronics,242,363,249.4,
16-May-24,Electroncs,334,647,240.23,
01/26/2024,FURNITURE ,107,288,417.34,
01-11-2023,electronics,301,633,$239.06,
24-03-2023, Clothing,380,650,$38.65,
2024.10.22, furniture,91,182,"396,75",
10-04-2024, Electronics ,180,401,243.05,
2025.03.12,Cloting,549,1389,"38,82",
2023.07.07,Furniture,82,188,411.82,
22-Aug-24,electronics,217,617,"259,49",
10-09-2024,clothing,-269,442,$38.91,
11/26/2024, Electronics ,374,883,241.37,
2025.06.20, furniture,105,207,396.78,
07-01-2024, Clothing,326,725,$39.47,
"Apr 13, 2025", Clothing,-388,810,$40.93,
04-12-2024,clothing,504,951,40.28,
01/16/2025,Furnitature,19,44,383.47,drop
12-03-2024, furniture,157,290,"382,04",
2025.04.28, furniture,123,188,402.85,
02-Aug-23,TOYS,147,234,$24.15,
2023.04.21,Cloting,341,529,38.14,
17-04-2025,ELECTRONICS,407,777,261.92,
03/19/2024,Furnitature,163,N/A,382.53,
"Jan 03, 2023",Cloting,370,1066,$41.66,
03-03-2024,ELECTRONICS,313,671,243.92,
2023.01.10,Cloting,402,1028,38.25,
25-Jun-25,FURNITURE ,null, ,?,
2024.03.15, Toys ,176,null,$23.85,
01/30/2024, Toys ,203,606,24.29,
28-03-2024,Toyz,208,551,24.78,
25-11-2023,Grocery,536,929,$8.55,
"Jul 27, 2024",furniture,-87,213,$396.56,
2023.07.19,Furniture,111,216,418.31,
03/24/2024,FURNITURE ,-126,334,$382.43,
18-Jun-24, Toys ,191,363,"24,31",
03-07-2024,groceries,746,1395,$8.21,
12/25/2024, Clothing,558,1207,38.81,
"Mar 02, 2024",GROCERIES ,628,1190,$8.85,
01-02-2024,electronics,310,920,$244.42,
27-Sep-24,Toys,100,276,25.97,
01/16/2023,groceries,566,1675,$8.58,
26-Mar-25,Furnitature,176,342,386.45,
2023.08.22, Electronics ,219,557,260.31,
05-06-2023,Clothing,320,903,38.53,
"Feb 08, 2024",Groceries,688,1284,8.37,
20-Dec-24,Furniture,136,246,$413.25,
2024.12.05, Electronics ,401,761,$255.84,
09/21/2024,Groceries,316,881,8.39,
07-07-2024,Groceries,531,1055,$8.89,
06-May-24,furniture,137,336,406.56,
2023.05.26,Electronics,237,498,$256.80,
"Oct 25, 2024",CLOTHING,203,NULL,38.86,
28-02-2023,Clothing,470,888,41.24,
2025.04.25,ELECTRONICS,?,489,258.04,
31-01-2023, groceries ,727,1486,8.87,
03/13/2023,Electronics,276,507,$262.11,
22-02-2023, furniture,152,372,406.87,
15-Dec-24, Clothing,406,1053,40.11,
03/25/2025,CLOTHING,547,1363,na,
"Jan 11, 2024",Furniture,119,187,391.75,
2023.12.02,CLOTHING,365,593,$40.02,
"May 31, 2024", groceries ,530,1452,"8,52",
2024.06.25,Furniture,131,384,$394.99,
2024.01.08,electronics,243,388,$242.15,
05-09-2024,clothing,248,NULL,$38.96,
10-06-2025,furniture,150,306,396.19,
"Jul 26, 2023", Toys ,152,294,$25.37,
18-02-2024,Clothing,-386,1159,39.54,
"May 28, 2023", furniture,105,233,$397.31,
"Jul 11, 2024",ELECTRONICS,314,569,248.7,
"Aug 13, 2023",CLOTHING,254,612,38.6,
01-02-2024,Furniture,129,214,393.93,
"Dec 13, 2023", Toys ,257,755,$25.03,
24-Jun-25,Toyz,224,,26.05,
2023.02.06,ELECTRONICS,273,698,254.75,
10-10-2023,Toyz,123,343,23.88,
18-04-2025,Toys,192,332,$23.74,
03-08-2025,electronics,334,571,260.31,
06/13/2023,Electronics,327,975,245.92,
2024.07.03,Toyz,191,493,24.34,
2025.01.01,CLOTHING,368,684,"39,65",
11-01-2023,clothing,438,1030,"38,00",
11/22/2024,groceries,558,914,8.62,
05-07-2023,Toys,-198,440,24.78,
23-06-2024,electronics,na,705,"245,51",
10-08-2023,Cloting,288,466,"41,16",
28-May-24,Furnitature,157,367,405.26,
05-09-2024, groceries ,417,1110,$8.26,
10/14/2023,groceries,305,731,$8.39,
07-03-2023,Toys,234,559,"24,50",
24-Sep-24,CLOTHING,271,647,40.68,
09/19/2023,CLOTHING,233,?,$39.10,
"Jan 20, 2024",Cloting,337,665,38.15,
2024.03.27,Groceries,N/A, ,8.63,
2024.03.23, Toys ,194,353,25.58,
07-06-2023, furniture,136,292,404.43,
09-07-2024, groceries ,618,1458,8.85,
"Nov 16, 2024",electronics,305,832,253.84,
08/27/2024,Electroncs,236,356,N/A,
2024.07.26,electronics,201,305,261.22,
25-04-2023,Electronics,342,na,243.97,
05/25/2024, Electronics ,306,745,249.5,
15-Nov-24,Furniture,132,na,395.55,
2023.04.04,groceries,835,1953,8.53,
"Sep 03, 2024",CLOTHING,319,492,38.46,
24-Jan-24,Electroncs,341,811,"250,76",
06/24/2024,Cloting,338,991,null,
12-Sep-24,Toyz,18,48,26.02,drop
05/20/2023,Toys,145,279,25.58,
07-04-2023, groceries ,585,1666,$8.66,
03/13/2024,Grocery,917,1420,$8.79,
08-12-2024,CLOTHING,235,465,40.73,
"Jun 13, 2024", groceries ,617,1714,8.6,
2024.05.31,CLOTHING,351,592,40.7,
01-12-2024,GROCERIES ,624,1198,"8,25",
22-Jan-23,Electroncs,241,631,249.4,
01-08-2025,Toys,225,551,23.82,
30-Oct-24,TOYS,143, ,24.83,
05-Mar-25,Furnitature,169,389,$416.51,
31-08-2024,Groceries,348,758,$8.61,
"Oct 31, 2024",Furniture,88,206,380.71,
25-03-2023,Clothing,358,660,39.53,
2024.05.27,toys,173,300,"24,74",
19-12-2024, furniture,156,400,386.15,
2024.11.07,Groceries,709,1495,8.39,
22-Jul-23,groceries,409,1116,$8.55,
18-05-2025, Clothing,na,746,$38.38,
15-Jun-24, furniture,107,272,417.74,
19-Jul-24,CLOTHING,260,394,38.25,
"Sep 27, 2024",clothing,191,452,40.68,
21-Mar-25,Furnitature,142,213,409.62,
14-May-25,toys,259,655,$24.96,
08-03-2024,Grocery,399,1056,8.66,
26-03-2023,Furniture,NULL,248,$389.34,
04-Jan-25,Electronics,259,NULL,241.07,
12/16/2023,Toys,184,442,24.67,
20-07-2023,Furnitature,104,197,390.87,
02-Dec-24,groceries,604,1223,null,
2024.12.28,ELECTRONICS,389,998,252.48,
02-12-2025,clothing,-502,,40.5,
2024.12.21,electronics,324,?,$252.36,
19-04-2023,ELECTRONICS,328,554,$240.06,
05/29/2024,Grocery,816,2333,$8.16,
05-08-2024,Furniture,85,252,379.33,
04-Jan-24,electronics,310,875,240.43,
06-12-2024,clothing,437,1268,$39.68,
2024.04.09,ELECTRONICS,367,771,"237,68",
"Mar 27, 2025",Toys, ,664,"24,63",
15-Nov-24,Electronics,286,N/A,252.06,
"Mar 06, 2025",toys,216,461,$24.80,
10-01-2024,Toyz,219,610,$26.07,
"Mar 24, 2024",Toyz,193,426,"23,79",
"Apr 20, 2024",Cloting,-346,632,$41.42,
17-01-2023,Furnitature,120,322,389.71,
16-04-2025,TOYS,269,438,$23.76,
"May 30, 2023",Toys,204,578,24.37,
08-Oct-24,CLOTHING,278,485,$40.21,
17-Sep-24,Cloting,270,730,40.68,
12-03-2024,clothing,533,880,$39.10,
10-02-2023, Toys ,106,247,$23.83,
2023.09.19,TOYS,136,344,$26.02,
13-07-2024,toys,132,334,na,
"Apr 18, 2024",Electronics,391,872,256.01,
"Jan 27, 2023",electronics,204,566,261.6,
2024.09.26,ELECTRONICS,198,360,247.55,
2023.10.03,Groceries,424,760,8.83,
02-May-23,TOYS,232,543,23.79,
2024.01.12,furniture,94,164,398.62,
01-06-2023,Grocery,461,799,8.3,
04/20/2025,Grocery,662,1033,$8.12,
21-12-2024,furniture, ,223,$393.45,
03-04-2025,TOYS,255,594,"26,18",
08-03-2024, Toys ,170,350,24.1,
06/19/2023,toys,166,369,25.05,
03-05-2024,Toyz,254,626,24.59,
01/30/2023,Clothing,319,496,"38,80",
25-Aug-24, Clothing,222,606,38.3,
2023.04.13,Cloting,433,1125,38.36,
"Apr 30, 2025",TOYS,272,647,25.38,
25-Oct-23,Toyz,129,289,26.08,
29-09-2023,Electronics,146,301,261.75,
2023.06.09,Electroncs,223,528,253.87,
03-08-2024,Groceries,607,1707,$8.58,
2024.08.24,Cloting,1026,2069,$41.06,spike
06-08-2023,Groceries,413,829,8.58,
"Jun 30, 2024",clothing,309,754,38.24,
"Jan 09, 2023",clothing,312,681,"41,53",
06-Oct-23, groceries ,358,902,8.82,
12/29/2023,clothing,398,672,$41.55,
"Jul 13, 2024", Electronics ,-217,494,260.78,
31-Mar-23,Electroncs,245,495,247.78,
01-12-2023,Toys,162,439,$24.85,
01/30/2023,FURNITURE ,97,196,392.56,
05-Apr-23,groceries,815,2081,$8.28,
18-05-2025, groceries ,612,1773,8.07,
13-Jun-23,Toys,173,497,25.12,
17-Jun-24,Toyz,182,408,$25.63,
31-Mar-25,Groceries,703,1341,8.22,
11-10-2024,Clothing,216,336,40.69,
2025.05.02,Cloting,379,663,41.47,
08-08-2023,Grocery,559,1247,$8.26,
2023.03.23, Toys ,NULL,502,25.68,
10-Feb-24,Groceries,609,1161,$8.34,
09/17/2024,toys,142,254,24.54,
05/28/2023,groceries,597,1167,8.48,
"Jan 08, 2024",Toyz,155,375,$25.93,
05-Sep-24,electronics,232,518,$255.25,
01/23/2025,CLOTHING,466,1081,$38.47,
"Apr 10, 2023",Furnitature,114,292,"380,64",
14-04-2023,Electroncs,279,776,$251.08,
10/14/2023,Furniture,70,126,403.64,
"Mar 30, 2023", groceries ,799,2393,8.79,
"Apr 08, 2023",Electronics,265,648,238.84,
"Nov 28, 2023", Electronics ,332,676,243.41,
06/28/2025,GROCERIES ,467,1291,8.55,
"May 09, 2025",Electroncs,343,728,$248.67,
04-11-2024,groceries,620,1086,$8.10,
10/21/2023,Groceries,357,1047,8.46,
03-Feb-25,Electronics,342,900,$254.86,
04/16/2025,Electroncs,488,1092, ,
"Aug 14, 2024", furniture,106,276,408.88,
02-12-2023,furniture,-112,237,401.49,
"Jun 11, 2025",TOYS,215,N/A,24.47,
2024.01.30,Electronics,1830,4564,$250.36,spike
15-May-25, groceries ,736,2062,$8.48,
13-Sep-24,furniture,69,192,384.25,
08/17/2023,Groceries,449,806,"8,37",
12-04-2023,groceries,797,1327,"8,45",
"Oct 28, 2023", groceries ,359,1008,"8,86",
05-07-2024,Furnitature,163,311,"397,18",
18-01-2023, furniture,130,342,413.86,
2023.12.12,Furniture,153,316,381.28,
2023.10.12,ELECTRONICS,192,478,251.84,
03-01-2023,Toyz,227,679,24.14,
15-03-2025, Clothing,376,803,38.04,
2023.07.14,GROCERIES ,-379,1120,"8,84",
22-Mar-25,Electronics,331,758,$256.89,
2025.05.12,electronics,368,853,$254.90,
"Apr 09, 2023",electronics,279,763,257.56,
05/20/2025,Furnitature,164,252,399.83,
2023.04.08, Toys ,186,537,$23.93,
2024.07.13,Clothing,287,751,$41.02,
"Nov 03, 2023",Electronics,251,386,$239.93,
11/30/2024,Clothing,343,579,41.06,
18-Jan-24,Clothing,381,605,38.9,
"Jan 05, 2024",GROCERIES ,436,1263,$8.57,
29-10-2024,CLOTHING,296,774,"40,01",
01/13/2023,groceries,459,1200,8.87,
06/22/2025,TOYS,186,342,$25.85,
2023.11.27,Electroncs,308,793,240.4,
01-02-2023,toys,211,561,25.76,
28-Sep-23,Furnitature,80,123,397.89,
04/21/2024,Furniture,139,380,387.57,
27-Jan-24,furniture,633,1460,383.06,spike
21-Mar-24,Grocery,811,1982,8.22,
"Apr 13, 2025",electronics,373,976,253.04,
2024.09.20,Furnitature,-74,161,$405.73,
11-08-2023,Cloting,422,985,39.99,
"Mar 17, 2023",FURNITURE ,116,174,408.42,
"Jul 04, 2023",GROCERIES ,640,1041,"8,18",
08-Jan-23,GROCERIES ,476,1227,8.32,
"Nov 10, 2024",Grocery,546,951,$8.56,
13-11-2023,CLOTHING,na,818,39.58,
26-Oct-23,electronics,176,507,$247.22,
22-11-2024, Toys ,-180,514,$25.30,
01/24/2023,Toyz,197,334,25.03,
05-03-2023,Clothing,354,,39.18,
26-Jun-23, Clothing,364,614,40.1,
"Aug 14, 2024",Electroncs,240,na,239.25,
2023.08.24,Toys,138,391,25.79,
2024.12.31, Electronics ,460,1157,"252,70",
2024.08.02,TOYS,121,242,$25.18,
"Feb 02, 2023",TOYS,192,473,"24,95",
2025.05.01,Grocery,786,2063,$8.80,
"Feb 19, 2023",furniture, ,229,380.21,
"Mar 04, 2023",Electronics,246,682,"256,76",
20-Apr-23,Clothing,433,684,40.8,
"Mar 15, 2023", Electronics ,369,869,248.44,
17-08-2023,Electroncs,215,592,245.41,
2023.02.17, furniture,101,199,"408,37",
05-Sep-23,TOYS,123,362,23.95,
"Dec 22, 2023",Furniture,110,320,392.39,
08-Sep-24,electronics,181,497,249.89,
14-01-2023,FURNITURE ,87,254,398.11,
"Jun 27, 2023",furniture,113,218,417.06,
06-05-2024,FURNITURE ,155,238,393.55,
2025.02.16,Furniture,138,303,"394,45",
"Jun 15, 2025",Electronics,282,na,257.32,
26-01-2023, furniture,107,219,"390,50",
27-05-2023,Grocery,486,1005,$8.69,
09-05-2024, Toys ,231,558,25.98,
"Sep 09, 2023",Furnitature,62,142,380.93,
26-Nov-24,Toys,254,651,25.61,
12/25/2024,Electroncs,474,1155,"245,00",
"Jun 06, 2025",Toys,na,247,"25,23",
"Jun 08, 2025",Electroncs,325,551,$254.61,
2024.08.16,Furniture,78,197,381.32,
06/13/2023,Clothing,414,754,"39,42",
25-Aug-24,FURNITURE ,80,224,417.44,
"May 24, 2023",Toys,222,618,25.88,
12-Jan-24,toys,147,368,$25.66,
01/27/2025,Toys,202,573,23.78,
16-09-2024,furniture,74,157,"395,24",
04-06-2025, Clothing,462,1207,$40.42,
"Jul 21, 2024",Toys,142,284,$24.20,
15-Feb-23,Groceries,710,1719,8.57,
12/14/2024,electronics,316,871,242.44,
04-05-2024, furniture,?,303,$403.88,
05/22/2024,Clothing,438,1254,$39.52,
"Aug 08, 2023",toys,-158,259,25.08,
2025.04.15,Groceries,815,2226,8.11,
21-01-2023,TOYS,140,348,$23.77,
"Jan 17, 2023",Electroncs,284,487,$242.26,
"Jul 17, 2024",TOYS,174,483,25.58,
"May 24, 2024", furniture,112,314,$384.05,
10-Sep-24,toys,149,321,25.06,
2024.02.17,Electronics,308,586,$248.42,
03/16/2025,Electronics,321,844,241.14,
18-Mar-24,ELECTRONICS,311,691,247.49,
"Feb 16, 2025",Grocery,662,1568,8.71,
06-Apr-23,Electronics,368,574,239.25,
30-Mar-23, Toys ,185,469,$23.85,
26-04-2025,Grocery,681,1709,$8.84,
16-05-2025,Furniture,,226,400.72,
07-07-2024,Cloting,,865,$41.44,
09-06-2024,Cloting,386,1009,39.28,
30-11-2023,TOYS,198,439,23.84,
"Nov 14, 2023",Grocery,672,1409,$8.19,
"Jan 08, 2023",clothing,263,396,$41.69,
2025.01.29,groceries,779,1689,8.91,
2024.03.31,electronics,353,1057,240.8,
09-06-2023,Cloting,279,728,$41.23,
"Dec 24, 2024", Clothing,489,1039,39.59,
09-10-2023, Electronics ,167,489,$243.55,
24-04-2023,Grocery,677,1344,"8,20",
2023.04.03,Clothing,374,974,38.12,
31-01-2023,ELECTRONICS,311,722,"245,52",
03/29/2023,electronics,414,756,$251.83,
"Apr 30, 2025", Clothing,561,1555,38.96,
2025.06.16,GROCERIES ,631,1758,$8.27,
28-Apr-25, groceries ,661,1904,$8.72,
26-Sep-24,groceries,441,1059,8.25,
03-09-2023,toys,190,299,?,
31-03-2024,CLOTHING,381,599,"41,70",
31-Jan-24, Toys ,223,466,24.39,
01/25/2023,Clothing,457,1197,$38.88,
28-09-2024,groceries,329,883,8.69,
07/22/2024,TOYS,157,252,25.18,
"Feb 07, 2024", furniture,170,482,$379.95,
31-Jan-23, furniture,128,200,$413.76,
07/18/2023, groceries ,623,1329,"8,17",
18-01-2025,Toyz,155,394,$24.73,
"Jun 26, 2024",Toys,203,534,$24.35,
21-Dec-23,Toys,224,375,$24.92,
14-Mar-24,Groceries,N/A,1371,8.43,
05/19/2023,Grocery,472,813,$8.36,
2023.08.30,toys,152,424,24.27,
"Sep 06, 2023",toys,128,295,$25.60,
22-Nov-23,furniture,138,371,$382.48,
24-02-2025,Furnitature,134,271,394.44,
2024.06.25,toys,188,375,25.8,
01-02-2025,GROCERIES ,509,900,$8.20,
2024.01.12, Electronics ,229,492,261.16,
"Jan 09, 2024",FURNITURE ,126,198,$386.53,
21-Feb-23,Cloting,503,1205,38.66,
04-Feb-24,groceries,610,1082,8.65,
20-Apr-24,Grocery,609,1672,$8.73,
"Jan 11, 2024", Toys ,184,319,23.74,
30-08-2023,Groceries,447,1029,8.69,
2024.01.17,Toyz,197,302,24.28,
2024.05.24,clothing,331,675,38.34,
"Aug 25, 2023",toys,?,286,$24.95,
2023.12.11,Electroncs,321,834,$259.15,
07-04-2025, Toys ,205,613,$23.72,
10-Jan-25, Clothing,,510,"38,82",
09/29/2024,Furniture,71,160,$398.81,
30-01-2025, groceries ,NULL,1854,8.49,
"May 11, 2023", Clothing,-416,938,40.16,
"Apr 10, 2025", Toys ,245,572,26.07,
"Jun 08, 2023",groceries,645,1082,8.37,
"Oct 08, 2024",furniture,90,160,406.48,
08-Mar-23, Toys ,224,664,"24,27",
19-09-2024,Furniture,91,242,406.94,
2023.07.25,FURNITURE ,-111,224,397.67,
"Mar 21, 2025",electronics,330,920,245.72,
28-09-2024,Toys,108,242,$23.94,
"Jun 20, 2024",Electroncs,38,65,247.59,drop
01/25/2023,Groceries,667,1820,$8.76,
2024.07.15,TOYS,155,342,25.37,
"Jul 30, 2023",GROCERIES ,412,?,8.23,
"Apr 08, 2024",Electroncs,371,829,258.67,
19-Dec-23,Toys,-221,?,$26.15,
"Dec 27, 2024", Toys ,166,370,24.32,
2024.08.06, groceries ,507,1343,8.65,
"Oct 14, 2023",clothing,185,NULL,38.96,
24-02-2023,furniture,112,327,398.8,
11-Jun-24,Groceries,757,2249,8.42,
"Feb 05, 2023",FURNITURE ,NULL,227,N/A,
12-04-2023,ELECTRONICS,369,678,$247.70,
2024.11.18,electronics,327,667,256.37,
11-06-2023,groceries,549,1266,8.63,
08/18/2023,furniture,67,191,385.16,
"Sep 06, 2024",Groceries,360,621,8.72,
26-12-2024, groceries ,769,N/A,,
02-04-2025,Grocery,747,1256,$8.08,
07-05-2023,FURNITURE ,111,308,$407.48,
2025.03.14,CLOTHING,344,1028,41.54,
13-06-2025,Cloting,336,584,39.54,
17-02-2024,Toys,175,329,24.72,
27-Jun-23,electronics,278,439,255.63,
18-12-2024,Toys,304,868,25.81,
2025.06.29, furniture,-104,265,393.96,
26-Dec-24, Electronics ,392,1013,239.79,
"Jul 29, 2024",Furniture,98,158,$393.77,
22-08-2024,Grocery,434,687,8.77,
02/19/2023,ELECTRONICS,250,467,241.85,
2025.01.18, Clothing,336,851,41.63,
"Sep 13, 2023",Cloting,288,546,40.85,
2025.03.29,GROCERIES ,574,1684,8.7,
10-Sep-23,Grocery,330,931,$8.71,
"Feb 26, 2023", Electronics ,276,799,$258.93,
02-07-2024, furniture,122,285,416.98,
19-Feb-25,Furnitature,-168,377,395.5,
04/28/2023, Toys ,172,na,$25.54,
2025.03.13,CLOTHING,449,1298,N/A,
"Sep 24, 2024",Electroncs,206,336,250.71,
2024.09.19,electronics,217,?,257.83,
2025.01.02, groceries ,596,null,$8.63,
08/21/2023,GROCERIES ,-389,1052,$8.45,
10-02-2023,FURNITURE ,72,164,$407.89,
05-Jan-24,FURNITURE ,97,201,406.57,
"Jan 20, 2023",Furnitature,91,227,"394,91",
13-05-2023, groceries ,536,1417,8.22,
09-09-2024,toys,125,296,24.75,
"Mar 29, 2023",Cloting,485,758,39.92,
10/20/2024,FURNITURE ,74,199,$381.45,
"Oct 06, 2023",electronics,167,343,258.01,
25-Oct-24,furniture,75,NULL,$382.75,
12/27/2024, Electronics ,330,945,256.53,
05/20/2025, Electronics ,419,894,260.42,
12/26/2024,Furniture,164,340,na,
05/25/2023,groceries,722,1533,8.6,
08/18/2023, Clothing,226,631,"39,10",
12-09-2024,Toys,-200,380,23.71,
12/31/2023,Clothing,384,1033,40.89,
21-Jun-23, Electronics ,299,620,244.5,
"Jul 31, 2023",clothing,258,640,38.3,
30-01-2023,ELECTRONICS,268,503,237.9,
23-02-2024, furniture,104,158,395.52,
"Sep 16, 2023",Clothing,195,319,$39.02,
27-Jun-25,electronics,284,779,254.85,
08-May-24,Groceries,850,1333,$8.52,
"Sep 25, 2023",clothing,229,668,$40.87,
2025.02.21, Electronics ,-316,706,243.4,
02-10-2023,Clothing,343,720,38.93,
17-Aug-23,Furniture,89,N/A,398.6,
"Dec 14, 2024",Toys,195,466,24.52,
09-May-24,groceries,710,1419,8.31,
07/13/2024, furniture,99,218,409.25,
"Nov 10, 2024",Toyz,187,382,$25.46,
26-Apr-25,Furniture,117,191,"405,74",
15-03-2024,Grocery,602,1739,8.83,
11-Jul-24,furniture,110,308,379.42,
02-11-2025, furniture,171,435,"407,87",
28-Dec-23,Groceries,809,1268,$8.58,
2024.01.19,ELECTRONICS,255,640,$248.18,
17-12-2023, furniture,120,306,404.36,
18-May-25,Furnitature,131,242,389.25,
12/30/2023,Furniture,120,332,380.9,
2023.05.01,Electroncs,295,592,250.98,
"Mar 01, 2023",Groceries,857,1604,8.27,
"Sep 17, 2023",Clothing,204,444,"38,46",
18-07-2024,Furnitature,110,303,$397.38,
"May 31, 2023",Grocery,727,1852,$8.77,
"Dec 19, 2023", furniture,155,259,415.36,
30-Sep-24, furniture,-77,211,379.51,
10/31/2023,Toys,139,324,"25,30",
11-11-2023,Cloting,340,618,"41,80",
"Jan 23, 2025",electronics,401,?,257.48,
10-10-2024,Grocery,457,915,8.51,
"Feb 23, 2025",GROCERIES ,589,?,"8,55",
2023.02.21,toys,190,503,$25.39,
31-07-2024,Electronics,278,500,N/A,
"Apr 22, 2025",furniture,NULL,534,398.87,
2023.04.04,clothing,-445,1173,"41,21",
19-11-2024,electronics,384,954,256.96,
03/29/2023, groceries ,892,2565,8.3,
"Jun 25, 2024", groceries ,663,1017,8.8,
06-Feb-25,TOYS,225,652,$24.61,
"Aug 16, 2023", Clothing,299,597,41.08,
03-Sep-24,ELECTRONICS,297,518,254.42,
31-Jul-24,Furniture,N/A,283,388.29,
"Jul 03, 2024",Furnitature,136,279,401.1,
23-Nov-24,Toys,161,307,$25.23,
24-11-2024,GROCERIES ,-577,1234,8.75,
12-11-2023, furniture,106,268,379.77,
08-12-2024,Groceries,416,796,8.56,
07-08-2024, Toys ,162,327,$25.39,
"Apr 20, 2023",groceries,689,1430,8.39,
2024.12.07,Groceries,600,1732,8.34,
11-May-25,Cloting,366,759,40.08,
"May 27, 2023", Clothing,361,1025,$40.50,
07-Oct-24,furniture,74,177,398.97,
01-Jan-23,Clothing,299,573,$38.85,
25-07-2024,ELECTRONICS,280,null,$248.62,
01/15/2025, furniture,164,285,409.22,
28-Dec-24,groceries,650,1496,8.33,
30-Jan-24, furniture,135,295,$394.88,
"Apr 28, 2023",Electroncs,261,774,252.96,
"Dec 23, 2024",Toyz,252,647,25.21,
28-Jul-24,clothing,254,NULL,39.15,
25-Apr-23,GROCERIES ,815,2435,8.35,
05-11-2024,Electronics,307,721,$254.91,
22-11-2023, Electronics ,360,852,$260.65,
29-Oct-24, groceries ,508,?,8.73,
05-07-2024,Grocery,462,1000,$8.76,
"Apr 27, 2024",Cloting,347,669,41.12,
03-Feb-23, Toys ,140,333,,
11-07-2023, Clothing,374,909,39.17,
19-01-2025, furniture,112,284,"389,05",
05-07-2025,Toyz,253,505,$25.21,
29-05-2025,Grocery,662,1243,$8.50,
11-10-2023,clothing,299,512,$41.98,
2024.10.01,electronics,198,574,261.67,
2023.08.01, Clothing,315,570,null,
19-Apr-24,Grocery,549,1330,$8.34,
"Aug 20, 2023", furniture,59,107,406.97,
03/25/2023, furniture,105,180,$402.30,
06/20/2024,groceries,574,1277,8.45,
2024.10.04,groceries,337,740,"8,72",
2023.05.23, groceries ,775,N/A,"8,47",
27-Oct-23,groceries,330,722,NULL,
10/13/2024,ELECTRONICS,192,502,246.21,
"Jun 29, 2024",electronics,251,737,$246.26,
05-Apr-25,TOYS,223,470,24.6,
02-07-2024,Electroncs,416,695,239.54,
02-09-2023,CLOTHING,215,556,39.87,
01/27/2024,TOYS,156,317,"25,77",
11-08-2024,ELECTRONICS,217,,243.71,
02-Dec-23,GROCERIES ,573,1107,null,
09/13/2023,electronics,200,432,$246.53,
"Dec 13, 2024",Cloting,383,?,39.43,
12-03-2024,Electroncs,2407,6830,$258.19,spike
2023.09.17, groceries ,333,679,8.84,
2024.12.03,FURNITURE ,146,,N/A,
06-06-2024,Toyz,198,null,24.83,
2024.01.09, Toys ,195,448,24.35,
2024.04.28,GROCERIES ,603,1150,$8.47,
28-02-2023,furniture,136,367,383.9,
"Feb 03, 2025",Toys,204,444,$25.55,
01/22/2025,Toys,220,407,$24.26,
2023.12.29,Electroncs,null,516,$238.97,
30-Apr-24,FURNITURE ,167,455,$418.80,
04-01-2023,Groceries,624,1333,8.46,
21-Feb-24,Toys,240,686,26.06,
"Jun 24, 2025", furniture,140,271,417.09,
12-Jan-23,CLOTHING,347,949,38.41,
06-12-2023,Clothing,346,584,$40.96,
2024.08.10,Grocery,378,931,8.23,
24-Aug-24,TOYS,114,179,24.59,
28-02-2023,groceries,795,1339,8.87,
06-05-2023,Electroncs,253,606,239.18,
07-12-2023,Furniture,106,284,$418.09,
19-Apr-23,GROCERIES ,848,1397,$8.44,
"Feb 16, 2024",Groceries,551,1287,8.14,
2025.02.22,Groceries,536,953,$8.41,
29-11-2024,CLOTHING, ,1039,41.77,
"Oct 23, 2023",Toyz,105,305,25.37,
"Jun 07, 2023",Grocery,693,1568,8.7,
08/25/2024,Toys,121,294,"26,07",
"Mar 17, 2024",GROCERIES ,562,911,8.08,
"Feb 19, 2023",clothing,365,582,$38.40,
24-Oct-23, Electronics ,225,354,258.52,
"May 10, 2024",Furniture,119,250,$382.01,
06-Nov-23,Electroncs,286,na,$258.10,
22-02-2024,ELECTRONICS,345,908,245.29,
01-May-24,Toys,227,416,23.85,
19-Oct-23,groceries,,1164,8.12,
08/19/2023,Cloting,193,313,40.89,
2024.10.05,Toyz,113,308,$25.49,
13-06-2025,Furniture,120,241,$386.59,
18-May-24,Clothing,358,973,38.88,
27-01-2023,CLOTHING,285,855,$41.64,
22-10-2024,Clothing,296,826,40.02,
07/26/2023,clothing,334,561,39.61,
"Oct 19, 2023",TOYS,-117,181,24.25,
"Jan 18, 2023",groceries,684,1175,$8.52,
"Jun 12, 2024",furniture,-142,269,408.95,
2025.03.11,Grocery,-175,351,8.27,drop
11/27/2024,groceries,741,1821,8.81,
2025.02.19,Toyz,262,743,25.76,
23-Sep-24,ELECTRONICS,195,430,246.43,
10-Mar-23,FURNITURE ,112,215,414.78,
2024.06.24,Furnitature,92,234,404.3,
11-12-2024,Furniture,142,230,"388,73",
09-11-2023,Electroncs,344,969,$240.58,
21-May-24,ELECTRONICS,361,1040,242.57,
"Jul 10, 2024",CLOTHING,410,818,$40.04,
03/17/2024,clothing,362,1036,40.18,
2024.01.20,Electronics,265,594,258.11,
03/30/2025, groceries ,630,N/A,8.44,
"Sep 10, 2024",Furnitature,91,192,396.57,
06/26/2023,Grocery,518,1248,"8,83",
07/19/2023,Toyz,172,328,$24.13,
"Jan 13, 2025",GROCERIES ,569,1512,8.28,
"Mar 14, 2025",Electroncs,345,758,260.31,
31-Jan-25, Toys ,195,N/A,24.5,
2025.06.15, Toys ,165,NULL,$24.78,
02-12-2024,clothing,391,871,$38.73,
2024.12.07,Toyz,181,390,24.36,
04/24/2024,Toys,263,564,24.18,
"Oct 21, 2023",ELECTRONICS,150,441,"251,92",
2025.01.09,Groceries,668,1136,8.87,
26-Mar-25, Electronics ,461,873,245.54,
"Mar 08, 2025",furniture,129,259,404.52,
29-10-2023,Groceries,340,979,8.66,
04-06-2023,clothing,420,1050,41.52,
"Aug 28, 2023",Electronics,178,479,261.81,
"Jan 31, 2024",ELECTRONICS,388,816,$252.29,
2024.07.09,clothing,379,909,"40,54",
2023.06.17, Electronics ,225,341,256.76,
"Jun 10, 2023",TOYS,153,381, ,
19-08-2024, Clothing,279,801,39.52,
15-Jun-24,groceries,511,801,8.77,
2024.08.21,Groceries,472,761,8.5,
2023.05.14,ELECTRONICS,265,702,258.59,
22-Feb-25, Clothing,343,573,$38.91,
22-12-2023, Toys ,181,516,24.73,
29-Aug-23,ELECTRONICS,216,553,256.3,
29-01-2023,Furniture,107,232,379.26,
26-Oct-23, Clothing,237,391,41.72,
2024.07.10,Groceries,589,1320,"8,48",
"Aug 24, 2024", furniture,71,191,394.83,
01/23/2025,Furniture,150,429,381.93,
2025.04.30, furniture,176,353,$385.15,
13-Jul-23,Grocery,598,1229,8.37,
01-Sep-24,CLOTHING,243,652,39.68,
2024.05.15, furniture,155,464,387.53,
08-Jul-23,groceries,494,932,$8.55,
10-May-25,furniture,131,?,414.68,
07-11-2024,Clothing,326,821,40.66,
12-12-2024,electronics,372,910,249.07,
29-Jul-24,Electronics,233,395,259.91,
28-03-2024,Toyz,208,551,24.78,
01/22/2023,Clothing,323,919,39.28,
06-08-2024, furniture, ,254,384.1,
16-01-2024,Groceries,719,1917,8.1,
27-11-2023, groceries ,593,1537,$8.68,
11-12-2023,Toyz,163,267,25.01,
01-12-2024,Furniture,121,262,403.81,
02-Jun-25,clothing,383,845,$39.46,
2023.05.12,Toys,149,312,$25.13,
2024.05.27, Clothing,388,620,39.51,
2023.06.07,Toyz,213,477,$24.37,
04/14/2025,FURNITURE ,160,323,$413.35,
"Mar 09, 2025",Furniture,,254,379.76,
"May 26, 2025",Toys,187,534,23.73,
2023.09.24, Electronics ,165,281,$247.01,
2023.05.26,groceries,502,1244,$8.66,
24-May-25,clothing,393,866,40.2,
"Sep 14, 2023",Electroncs,190,424,$248.46,
"Aug 27, 2023", groceries ,390,1103,8.62,
2025.05.10, Electronics ,320,631,258.93,
2024.08.16, Electronics ,201,598,251.29,
06-03-2025,GROCERIES ,-813,1689,$8.23,
"Jun 04, 2025", Toys ,241,501,$25.83,
04-Feb-23, groceries ,563,1357,"8,50",
2025.01.03,Cloting,317,753,39.24,
07-12-2024,furniture,122,219,399.07,
05-Mar-25, Electronics ,460,885,$245.63,
04/20/2025,Cloting,428,1077,40.38,
08/31/2024,toys,113,190,NULL,
"Jan 11, 2025", Toys ,152,325,$25.07,
2024.05.19, Toys ,186,401,$25.63,
2024.10.29,Toys,150,265,25.24,
"Jan 23, 2023", Clothing,337,809,39.4,
"Aug 11, 2024",Furnitature,80,175,380.27,
26-Apr-25,clothing,387,1159,41.62,
02-05-2023,clothing,474,1401,41.07,
"Nov 25, 2023",FURNITURE ,96,215,387.19,
23-Jan-23,TOYS,155,295,$24.15,
05-06-2024,Groceries,689,1784,8.07,
2023.10.17, groceries ,431,762,8.17,
2023.07.06,Electronics,269,668,243.14,
"May 19, 2023",Toyz,166,395,26.13,
2024.09.15,Furnitature,78,165,382.09,
30-05-2023,Grocery,757,1713,8.49,
06-10-2023, Clothing,194,409,$41.84,
13-Mar-25, Electronics ,381,575,258.24,
03/23/2025,Electroncs,-381,882,257.16,
03-09-2024,Grocery,600,1381,$8.29,
"Jun 28, 2025",Furniture,101,243,415.62,
2023.03.12, groceries ,654,1318,$8.17,
2024.11.11,ELECTRONICS,297,810,$238.25,
"Sep 14, 2024",clothing,219,378,41.98,
03/28/2024, groceries ,705,1198,$8.11,
"Jun 17, 2023", furniture,94,201,"406,65",
10-Jul-23, groceries ,548,835,8.72,
"Jan 05, 2025",GROCERIES ,518,1173,$8.38,
04-05-2024, furniture,?,303,$403.88,
"Mar 29, 2025", Electronics ,371,887,"255,25",
17-May-23,clothing,462,970,"39,71",
08-Jun-23,Clothing,440,815,40.57,
"May 21, 2023",GROCERIES ,631,,$8.78,
17-May-23,electronics,351,889,"258,16",
04-Jun-25,Grocery,734,1317,8.91,
22-May-23,ELECTRONICS,290,605,239.57,
07-Jan-24,electronics,251,436,246.56,
2023.08.28,TOYS,111,185,$24.12,
02/23/2023,clothing,335,572,41.08,
"May 13, 2023", Toys ,149,433,25.03,
11-03-2024,Groceries,688,1293,$8.22,
"Mar 29, 2025",Furnitature,-143,422,$415.34,
15-Jun-23,electronics,300,724,$247.03,
15-09-2023, furniture,57,107,414.82,
15-05-2025, Toys ,253,463,25.84,
06-05-2023,Furnitature,108,185,380.81,
2025.06.05, Toys ,219,374,25.8,
09/18/2024,Toyz,153,279,24.35,
"Apr 16, 2024",Clothing,481,1311,41.1,
2023.06.16,Electroncs,239,524,$248.83,
01/26/2024,groceries,1534,2657,8.49,spike
15-01-2025,Cloting,475,832,38.01,
"Jan 23, 2024", Electronics ,319,761,$245.39,
"Sep 03, 2024",Groceries,-457,722,8.82,
10-02-2024, Clothing,341,951,40.5,
2024.05.11,GROCERIES ,572,1190,8.37,
17-Apr-24, groceries ,893,1432,8.36,
31-Jul-24,GROCERIES ,614,1017,8.75,
21-07-2023,groceries,420,661,8.28,
2024.12.01,Toyz,-206,613,26.16,
03-10-2023,Electroncs,189,497,254.25,
05/17/2025, groceries ,621,1323,8.35,
"May 04, 2023",furniture,128,378,409.14,
2024.05.25,Cloting,364,606,41.78,
"Jun 09, 2023",FURNITURE ,94,174,402.47,
2024.01.04,Grocery,654,1065,8.58,
"Jun 18, 2023",Electronics,237,666,$248.51,
"Nov 06, 2024",clothing,409,955,"39,60",
28-Feb-25,Toyz,NULL,40,25.67,drop
2025.03.16,Toys,197,323,25.9,
2024.10.07,Electroncs,185,425,250.15,
02/29/2024,furniture,143,298,390.65,
27-Feb-23,Cloting,415,819,$41.19,
2023.12.29,FURNITURE ,117,185,400.86,
"May 20, 2023",Furniture,90,196,$417.16,
17-09-2024,Electroncs,230,635,256.3,
24-Dec-24,groceries,778,1590,$8.67,
09-02-2024,Toys,na,354, ,
2023.12.30,clothing,NULL,147,39.53,drop
13-10-2023,Toys,90,141,25.35,
04/20/2025,Furnitature,132,207,null,
14-09-2024,TOYS,100,293,$24.88,
2023.04.13,TOYS,189,404,$24.47,
2025.02.23, furniture,138,366,392.03,
06-09-2023,GROCERIES ,500,1244,8.37,
30-03-2025,TOYS,-214,473,24.9,
24-02-2024,clothing,373,1033,41.26,
04/19/2023,Clothing,490,986,40.77,
2023.02.15,Toys,208,370,$25.16,
18-11-2023, groceries ,533,1010,8.55,
07/22/2023,Clothing,265,784,41.51,
14-03-2025, groceries ,638,1764,$8.67,
02-11-2025,ELECTRONICS,440,1245,256.79,
"Jul 29, 2023",Cloting,-252,567,38.2,
12-01-2023,Furniture,108,217,389.47,
15-02-2023,ELECTRONICS,?,905,244.27,
02-Jun-24,Cloting,350,?,$38.78,
"Jul 21, 2024",Toys,142,284,$24.20,
"Feb 05, 2024",Toyz,182,451,24.68,
23-Aug-23,FURNITURE ,106,222,409.83,
2023.01.01,furniture,86,220,$407.03,
"Jun 19, 2025",Electroncs,378,928,253.43,
04/24/2024,Electronics,NULL,1020,$242.10,
"Jan 03, 2023",Toyz,152,445,$24.11,
25-08-2023,FURNITURE ,67,118,390.42,
19-Feb-25,Clothing,560,942,$40.19,
27-Feb-23,GROCERIES ,604,1002,"8,45",
2025.05.04,Furnitature,143,293,412.73,
03-07-2023,CLOTHING,298,794,$41.11,
06/22/2025,ELECTRONICS,311,894,$261.64,
"Mar 19, 2025", Electronics ,504,1003,NULL,
19-05-2024,Electronics,330,952,261.24,
30-01-2024, Clothing,433,988,41.07,
2024.08.10, Toys ,121,187,25.21,
01/18/2025,FURNITURE ,115,291,$413.92,
06-01-2024,Furniture,119,311,404.14,
01-10-2025,Toys,153,446,24.04,
12-02-2025,Toyz,254,712,25.62,
17-04-2025,groceries,818,1766,8.19,
2024.10.13,FURNITURE ,74,113,393.6,
11-Apr-24, furniture,148,277,379.8,
2024.10.26,TOYS,113,225,$25.72,
14-Feb-25,Toyz,191,512,"24,03",
02/16/2023, Toys ,199,485,"25,18",
03-09-2023,electronics,177,414,$257.92,
17-Nov-23, Toys ,-129,293,?,
22-11-2024,FURNITURE ,123,216,$393.70,
02/26/2024,toys,187,363,25.69,
"Sep 27, 2024",Furniture,74,143,401.72,
17-Dec-23,Electroncs,303,701,"258,23",
08/25/2023, Electronics ,152,239,251.82,
26-03-2024, Clothing,534,N/A,40.38,
2024.08.23,Cloting,209,597,41.15,
09/28/2024,FURNITURE ,63,98,$381.13,
06/30/2023,clothing,283,na,39.09,
29-Aug-23,toys,127,281,25.95,
2024.05.26,Electronics,312,885,,
"Jun 06, 2023",Cloting,391,756,$38.77,
19-12-2023,Cloting,31,60,39.48,drop
2024.02.24,electronics,299,657,"237,55",
03/24/2025,Toys,1279,2850,25.28,spike
06/28/2023,Electroncs,289,697,$252.67,
"Apr 09, 2023",clothing,385,849,39.32,
2023.11.21,TOYS,209,318,$24.50,
04/23/2025, furniture,190,349,385.58,
10-04-2023,Furnitature,88,174,387.69,
06-07-2024,Toys,163,305,26.18,
"May 18, 2023",Clothing,-410,833,40.42,
19-Oct-24,groceries,355,766,8.78,
2023.07.16, groceries ,460,1364,$8.91,
"Oct 14, 2023",TOYS,106,256,24.65,
19-Jul-23,ELECTRONICS,288,472,"257,55",
2025.03.16,CLOTHING,415,716,$39.11,
09-09-2024,ELECTRONICS,201,477,259.16,
03/23/2023, Clothing,402,843,40,
05-07-2024,groceries,866,1886,8.27,
2024.02.28,ELECTRONICS,386,1022,251.28,
2024.12.21,toys,178,384,$24.98,
24-05-2024,Electronics,268,696,246.39,
07-Jul-24, Toys ,153,432,$24.69,
2023.02.21,furniture,142,398,403.4,
10-12-2023,Grocery,387,1047,8.65,
07/21/2023,Electronics,NULL,585,$256.12,
2024.07.26, Clothing,263,774,38.88,
2023.08.16,TOYS,150,339,24.8,
05/17/2023,Toyz,217,450,24.78,
15-05-2024,clothing,495,1114,40.95,
24-Jul-24,Electronics,304,725,258.6,
17-04-2024,ELECTRONICS,403,906,254.04,
"May 26, 2023",Furnitature,105,312,410.93,
2024.06.07,Cloting,310,516,"40,18",
03/22/2025,Groceries,578,1282,8.21,
"Jun 16, 2025",furniture,137,221,"394,46",
01/20/2024,GROCERIES ,536,1565,8.48,
30-11-2023,TOYS,198,439,23.84,
06-12-2023,FURNITURE ,96,154,,
"Mar 24, 2023",Electroncs,256,703,244.07,
23-01-2023,FURNITURE ,101,237,392.2,
13-01-2023,Furniture,85,210,398.63,
16-02-2023,groceries,673,1313,8.48,
"Aug 29, 2024",Clothing,261,443,38.3,
01-Nov-24,ELECTRONICS,258,,256.24,
2023.04.21, groceries ,633,1884,8.73,
08/19/2024, furniture,79,131,$380.59,
"Feb 04, 2024",electronics,-279, ,$258.67,
12-Sep-23,clothing,272,595,41.95,
"Feb 06, 2023",groceries,631,1503,$8.27,
"Jun 06, 2025",furniture,119,355,$390.90,
"Jun 14, 2025",Cloting,349,na,40.56,
10/20/2023, Toys ,93,249,24.25,
09/24/2023,Toys,99,152,24.5,
30-Mar-24,electronics,310,791,$239.81,
07-Sep-23,Grocery,430,806,8.69,
"Aug 23, 2023",Cloting,295,653,$39.33,
01-Jun-24, Electronics ,306,520,$246.54,
07/24/2024, Clothing,404,843,$41.18,
15-May-24,Electroncs,407,1152,$254.39,
2023.08.15,Groceries,541,1565,NULL,
22-Jun-25,furniture,-119,196,400.47,
2024.04.12,groceries,599,1087,"8,79",
"Jul 25, 2023",GROCERIES ,545,1147,$8.07,
10-12-2024,Grocery,817,2092,8.77,
"Sep 27, 2023",Cloting,273,658,"41,83",
2024.01.07,furniture,110,277,null,
05-09-2023, groceries ,414,819,?,
18-Aug-23,Toys,108,286,$24.07,
06-07-2023,Furniture,107,213,$393.43,
18-11-2024, Toys ,209,472,$26.02,
"Sep 21, 2023",Furniture,null,367,394.51,spike
2023.03.25,Toyz,164,467,25.64,
"Sep 09, 2023",Toyz,98,246,$24.22,
06-06-2024,clothing,407,1077,40.3,
"Jun 04, 2023",Toys,21,56,25.9,drop
2023.05.14,Groceries,555,1542,8.88,
09-Aug-24,Toys,115,223,25.06,
23-Feb-24, groceries ,615,1232,"8,61",
23-10-2024,clothing,323,770,N/A,
"Mar 02, 2024",CLOTHING,323,659,38.49,
22-Jun-23,electronics,298,451,$258.80,
03/22/2025, Toys ,222,538,$25.72,
"Jan 09, 2025",TOYS,170,483,$26.09,
03-04-2023, Toys ,163,404,25.42,
29-Jun-23,ELECTRONICS,268,493,$247.37,
2023.04.18, Toys ,-212,569,25.9,
"Feb 17, 2024",Groceries,621,1859,$8.45,
21-Nov-24,furniture,135,212,$390.43,
"Apr 14, 2023",Furnitature,120, ,388.81,
30-01-2023,Grocery,616,1523,8.31,
"Feb 19, 2024",Clothing,390,595,$38.55,
03-12-2024,Toyz,N/A,689,"24,68",
14-03-2023,Electroncs,353,536,$239.72,
07-Nov-23, groceries ,634,1350,$8.67,
"May 18, 2024",Furnitature,624,1125,385.1,spike
18-Oct-23,FURNITURE ,94,281,384.47,
12-12-2023,Toyz,235,620,24.55,
"Oct 08, 2023", furniture,66,175,395.92,
2023.08.18,electronics,167,500,253.3,
"May 11, 2025",electronics,362,566,$258.94,
11/17/2024,furniture,123,267,$410.67,
2024.07.12,FURNITURE ,88,207,$414.55,
11/18/2024,Groceries,N/A,1554,8.59,
08-Mar-23,Groceries,842,1864,8.29,
12-Jul-24,CLOTHING,252,711,$39.44,
2024.08.21,Clothing,343,778, ,
08-11-2024,GROCERIES ,559,1224,8.4,
2024.12.12,Grocery,768,1640,"8,88",
"Jul 29, 2024",TOYS,136,300,$25.23,
01/26/2023,Cloting,364,1044,40.28,
"Jun 28, 2024",CLOTHING,313,500,40.53,
"Feb 23, 2025",CLOTHING,427,1243,38.98,
25-Jun-23,Electronics,232,677,237.49,
12-02-2023,Toys,160,365,25.8,
2024.10.01,GROCERIES ,420,881,$8.53,
02/26/2025,Electronics,449,689,239.54,
2024.03.12,Grocery,806,1797,8.1,
2024.06.11,ELECTRONICS,351,656,$255.83,
"Jan 17, 2023",CLOTHING,425,947,"39,32",
17-05-2024, furniture,110,249,395.9,
2023.01.02,CLOTHING,317,893,39.25,
2024.11.03, furniture,119,249,"413,74",
12-02-2024,furniture,134,358,$416.57,
"Aug 04, 2023",ELECTRONICS,176,444,259,
07-Mar-25,electronics,340,757,252.41,
"Jan 06, 2023",Cloting,282,647,$40.66,
13-12-2023,Groceries,775,1875,8.4,
25-12-2023,Groceries,690,1120,$8.83,
2025.04.27,ELECTRONICS,341,818,260,
13-Sep-24,electronics,163,339,251.89,
18-08-2024,Groceries,417,791,8.76,
16-Mar-23,Grocery,759,2003,8.25,
14-Mar-23,Furnitature,129,N/A,$388.27,
"Nov 05, 2024",furniture,152,452,398.97,
30-05-2024,Grocery,672,1104,"8,78",
"Jan 25, 2025",toys,na,359,$24.47,
12/27/2023,TOYS,249,499,25.86,
03/28/2024,Electroncs,363,588,250.98,
2025.06.26, furniture,130,195,416.07,
17-Apr-23, groceries ,677,1341,8.23,
10-02-2024,Furniture,93,194,381.54,
02-Jun-25,Electronics,-311,706,246.87,
"Feb 18, 2024",toys,189,388,24.35,
11/25/2024, furniture,111,209,$418.06,
2024.09.10,Electroncs,249,577,$249.72,
2024.09.23, groceries ,381,1122,8.26,
2024.07.31,TOYS,-181,435,$25.67,
"Jan 11, 2024",GROCERIES ,643, , ,
23-01-2024,clothing,404,665,38.81,
12/23/2024,furniture,159,466,NULL,
10-08-2024,Toys,127,242,$24.58,
01-Mar-23,Clothing,457,904,38.87,
02-05-2025,Grocery,661,1462,$8.23,
28-05-2025,toys,258,764,25.09,
03/29/2023,Furniture,165,310,?,
04-10-2024,ELECTRONICS,405,867,250.3,
01-Dec-23,Grocery,575,1245,8.64,
10-10-2023,Clothing,273,414,$38.23,
20-Sep-24,ELECTRONICS,176,362,255.14,
"Mar 29, 2025",clothing,407,767,$39.61,
"Aug 21, 2023",clothing,225,514,"41,80",
09/22/2024, Toys ,104,160,24.81,
07-Apr-24,furniture,126,268,413.86,
01-07-2023,toys,-138,303,$24.46,
28-Jan-23,Toys,135,247,"24,83",
23-01-2024,groceries,745,1904,$8.20,
17-Jul-23, Toys ,-138,341,$26.11,
11-05-2023,Toyz,211,416,24.67,
12-01-2024, Clothing,350,573,39.78,
2023.03.19,clothing,-407,1128,38.01,
13-Feb-24, Clothing,469,772,$38.96,
14-09-2024,electronics,191,474,$248.70,
07-06-2024,CLOTHING,290,707,$38.66,
01-Mar-23,FURNITURE ,139,213,394.31,
03/21/2024,FURNITURE ,140,399,$413.31,
17-Oct-23,electronics,218,631,$248.82,
2023.09.20,Toys,132,340,23.77,
03/25/2025,Electronics,451,1026,238.62,
2024.05.13,GROCERIES , ,1133,8.12,
2024.07.30, Toys ,186,447,25.92,
01-Mar-24,groceries,560,1022,8.48,
2023.09.01,ELECTRONICS,135,291,245.11,
03/29/2023,electronics,414,756,$251.83,
03-11-2024,clothing,327,816,38.63,
10/18/2023,Groceries,467,818,8.79,
19-Sep-24,Toys,131,216,25.01,
24-Jun-24,electronics,287,703,$241.49,
2024.04.02,furniture,158,243,379.47,
"Mar 16, 2023", furniture,132,197,382.68,
09/23/2024,Cloting,215,415,40.99,
"May 30, 2025",furniture,124,340,395.88,
2024.10.22,GROCERIES ,450,1194,8.45,
05-12-2023,FURNITURE ,133,240,402.6,
08/14/2023, Electronics ,191,565,247.42,
"Mar 31, 2025",toys,236,683,24.88,
2023.06.12,Electronics,-261,682,$258.88,
29-08-2024,electronics,214,617,243.52,
2024.01.27,Electronics,236,692,249.55,
2024.04.11,groceries,701,1693,$8.80,
30-May-23,CLOTHING,392,671,41.56,
13-09-2024,Toys,94,155,$26.09,
11-Jun-23,Electroncs,224,539,243.66,
09/15/2023,Toyz,91,na,25.53,
25-07-2024,Toyz,173,415,26.18,
"Jun 03, 2025", Toys ,234,599,$26.08,
05-Mar-23,Toys,170,357,"24,92",
05-08-2025, Clothing,485,1074,39.86,
2023.11.03,Groceries,478,843,$8.78,
2024.11.28,Electroncs,398,1165,"254,91",
05-05-2023,toys,166,432,24.26,
27-04-2024, Electronics ,283,513,240.76,
"Nov 19, 2024",Furnitature,153,274,"401,74",
"Sep 24, 2024",Grocery,497,1013,$8.51,
2024.03.01,Cloting,344,775,38.48,
"Dec 23, 2023",toys,187,504,$23.84,
10-10-2024,Toys,-124,234,25.16,
2023.11.07,furniture,121,349,$399.62,
01-04-2023,Furniture,107,173,404.23,
"Dec 17, 2024",Electronics,449,802,249.21,
"Apr 30, 2024",CLOTHING,491,805,$38.52,
23-Dec-23,Electronics,305,738,259.68,
23-Dec-23, Clothing,391,591,38.25,
2024.04.19, Clothing,415,1237,40.89,
30-May-24,Electronics,353,887,246.2,
05-Feb-24,groceries,634,1173,$8.86,
02-11-2024,Clothing,322,816,40.24,
04/19/2025, Toys ,218,541,25.95,
01-05-2023,Groceries,541,1591,8.13,
"Oct 21, 2024",electronics,204,577,252.16,
"Mar 17, 2023",toys,171,437,25.85,
05-06-2023,Groceries,528,1533,$8.50,
08-12-2023, Clothing,na,715,40.43,
02/25/2023,Cloting,366,944,$38.66,
21-Mar-24,Electronics,382,940,249.16,
14-03-2025,Furniture,131,387,$391.71,
2023.06.19,furniture,103,304,408.41,
07-03-2023,toys,152,333,25.74,
21-09-2023,Electroncs,197,,250.44,
"Apr 03, 2023", groceries ,657,1607,8.1,
09-05-2025, furniture,130,277,404.8,
19-08-2023,furniture, ,197,386.33,
2023.12.11, Clothing,420,786,"41,89",
11-12-2024,CLOTHING,569,1537,$38.33,
10-06-2025,Grocery,633,1886,8.83,
2023.08.02, groceries ,571,1257,$8.89,
06-05-2024,Grocery,638,1169,N/A,
25-Jun-23, furniture,98,249,$399.90,
2024.07.29,CLOTHING,305,873,39.34,
23-12-2023,furniture,123,233,$397.11,
"Apr 13, 2024",Furniture,126,212,403.97,
15-03-2025,FURNITURE ,136,223,417.05,
03-Nov-23,CLOTHING,316,771,N/A,
2024.10.25, Toys ,106,280,25.63,
2023.06.23,clothing,270,465,$41.79,
13-05-2023,Electroncs,232,685,$242.53,
16-05-2025, Electronics ,1221,2009,238.55,spike
07-06-2024, Electronics ,247,722,254.22,
"Aug 22, 2024",Furniture,88,na,NULL,
17-05-2024,CLOTHING,314,784,38.63,
06-11-2023,GROCERIES ,568,1172,$8.10,
04-05-2023,Clothing,462,783,$41.48,
14-Jun-25,Toys, ,N/A,25,
"Sep 30, 2024",TOYS,116,207,25.6,
30-Oct-23,ELECTRONICS,175,365,258.12,
12-Dec-23,GROCERIES ,773,1659,$8.41,
23-Oct-23,Cloting,233,,41.93,
20-Jul-24, Electronics ,225,472,"260,28",
2024.03.30,Groceries,632,1293,8.3,
"Feb 11, 2024",Clothing,356,585,$40.86,
10/21/2023,furniture,66,127,402.74,
07-06-2023,groceries,607,1637,"8,74",
29-Apr-24, groceries ,646,1835,$8.86,
24-08-2024,electronics,183,489,258.76,
08/31/2024, furniture,70,206,$379.34,
06/21/2025, furniture,110,278,$413.30,
06-Jul-23,toys,173,409,26.1,
27-Dec-23,Clothing,532,1049,41.67,
2025.02.16,toys,209,333,$24.69,
23-Feb-24,Electroncs,268,622,250.26,
2025.06.18,Furniture,-157,428,$386.00,
2025.05.09,GROCERIES ,605,1799,"8,44",
27-Feb-23,Toyz,201,329,25.72,
01/26/2024,electronics,255,671,260.83,
"Jun 04, 2023", furniture,95,176,$381.96,
2025.06.14,Electroncs,306,621,248.61,
18-Dec-24, Electronics ,NULL,,249.64,
2023.10.20,clothing,189,310,"39,53",
10-06-2023,Electroncs,245,509,261.21,
10-09-2024,FURNITURE ,106,null,$413.88,
08-Jul-24,Toyz,-151,232,N/A,
30-Dec-24,Grocery,-702,1916,$8.63,
01/30/2025,TOYS,229,350,23.86,
26-09-2024,toys,125,246,,
"Aug 03, 2024",CLOTHING,242,625,40.86,
2024.06.07,Groceries,485,1412,8.89,
29-Aug-23,Furniture,81,214,"384,96",
04/15/2023, groceries ,613,1347,8.74,
03-Jun-24,Electronics,287,726,254.48,
2025.04.29,Toys,N/A,643,$24.84,
07-04-2024,TOYS,190,451,24.81,
02-Oct-24, Electronics ,248,730,$246.00,
02-02-2023, Clothing,415,955,$40.00,
"Dec 24, 2024",TOYS,271,641,$24.43,
19-Aug-23,Toys,107,208,25.44,
20-Apr-23,ELECTRONICS,340,738,242.63,
"Nov 27, 2023",FURNITURE ,120,189,388.88,
"Jul 09, 2024",FURNITURE ,125,263,$400.79,
"Feb 16, 2023",FURNITURE ,124,266,$401.27,
02-03-2023, Clothing,431,1102,38.56,
09-02-2025, Clothing,393,718,41.79,
24-04-2023, furniture,118,199,417.27,
06-Oct-23,FURNITURE ,66,139,402.2,
"Jul 04, 2024",electronics,290,684,$262.36,
12/15/2024,groceries,646,1518,8.79,
19-May-23,Electroncs,251,476,258.23,
11/19/2023,groceries,605,1502,8.14,
05/23/2024,Toys,211,513,24.43,
"Apr 05, 2023",Furnitature,149,335,401.05,
06/26/2025, groceries ,669,1744,8.86,
01-Jul-24,Furniture,103,284,412.21,
16-Jun-24,Electroncs,280,733,$256.38,
25-10-2024, groceries ,356,873,$8.51,
"Mar 04, 2025",GROCERIES ,851,2307,8.44,
04/13/2025,Furniture,153,349,402.04,
05/17/2025, groceries ,621,1323,8.35,
04-06-2023,clothing,321,664,41.55,
07-Nov-24,CLOTHING,417,864,40.8,
2023.05.19,Clothing,359,601,41.57,
21-12-2024,Groceries,647,1802,8.47,
05/26/2025,CLOTHING,414,?,39.3,
2023.12.31,Groceries,718,1817,8.55,
2024.07.16,Grocery,604,1274,8.64,
2025.06.15,groceries,573,1512,8.71,
2024.11.06, groceries , ,1705,8.14,
2025.04.12,FURNITURE ,-147,239,380.56,
"Jun 13, 2024", Toys ,182,341,$24.77,
19-12-2023,GROCERIES ,828,2413,8.57,
14-Mar-24,furniture,158,301,"396,14",
24-03-2025,CLOTHING,476,881,38.39,
"Apr 15, 2024",clothing,436,988,$39.65,
2024.12.17, Toys ,266,496,?,
2024.01.19,TOYS,152,313,24.8,
"Mar 24, 2024",ELECTRONICS,23,44,241.81,drop
18-Jun-23,GROCERIES ,540,1621,$8.76,
25-01-2025,Cloting,392,717,39.5,
23-09-2023,Furniture,?,148,$404.11,
2024.07.27,Groceries,403,,8.73,
